-999991
-999979
-999969
-999949
-999945
-999882
-999858
-999841
-999836
-999778
-999771
-999758
-999680
-999651
-999628
-999626
-999611
-999595
-999568
-999568
-999566
-999552
-999522
-999485
-999477
-999447
-999441
-999429
-999413
-999378
-999365
-999342
-999293
-999281
-999275
-999245
-999240
-999233
-999233
-999222
-999214
-999213
-999167
-999122
-999046
-999040
-999034
-999032
-999031
-999020
-999019
-999010
-999002
-998996
-998993
-998977
-998958
-998919
-998911
-998905
-998896
-998880
-998817
-998801
-998800
-998792
-998790
-998787
-998787
-998711
-998698
-998667
-998651
-998634
-998632
-998613
-998564
-998491
-998475
-998432
-998396
-998371
-998358
-998356
-998348
-998338
-998316
-998270
-998255
-998255
-998248
-998224
-998196
-998194
-998140
-998123
-998109
-998102
-998063
-998025
-997999
-997981
-997964
-997916
-997913
-997872
-997860
-997829
-997823
-997822
-997818
-997776
-997765
-997764
-997751
-997748
-997733
-997715
-997638
-997636
-997627
-997625
-997593
-997569
-997561
-997532
-997523
-997517
-997516
-997492
-997492
-997479
-997462
-997424
-997384
-997370
-997348
-997291
-997277
-997238
-997238
-997205
-997200
-997181
-997172
-997171
-997146
-997143
-997078
-997075
-997069
-997054
-997024
-997013
-997013
-997006
-997006
-997001
-996974
-996972
-996967
-996962
-996956
-996917
-996879
-996876
-996869
-996856
-996828
-996824
-996824
-996819
-996808
-996776
-996775
-996771
-996755
-996746
-996744
-996741
-996699
-996693
-996687
-996655
-996639
-996628
-996563
-996525
-996477
-996459
-996441
-996430
-996417
-996376
-996347
-996330
-996321
-996315
-996301
-996276
-996274
-996263
-996248
-996224
-996223
-996186
-996175
-996152
-996148
-996140
-996084
-996074
-996071
-996023
-996002
-995998
-995996
-995969
-995937
-995902
-995898
-995876
-995876
-995868
-995838
-995833
-995803
-995784
-995768
-995767
-995750
-995747
-995721
-995709
-995662
-995592
-995592
-995581
-995432
-995418
-995398
-995369
-995363
-995362
-995323
-995310
-995306
-995246
-995229
-995213
-995212
-995193
-995192
-995189
-995134
-995132
-995113
-995106
-995056
-995054
-995051
-995042
-995033
-995017
-994997
-994991
-994983
-994942
-994924
-994918
-994914
-994901
-994869
-994860
-994854
-994796
-994787
-994780
-994755
-994723
-994717
-994693
-994683
-994681
-994664
-994661
-994651
-994637
-994624
-994612
-994590
-994553
-994550
-994483
-994450
-994431
-994423
-994417
-994397
-994307
-994294
-994278
-994266
-994252
-994248
-994163
-994159
-994134
-994097
-994087
-994083
-994056
-994052
-994046
-994009
-993949
-993947
-993939
-993883
-993881
-993821
-993796
-993782
-993748
-993732
-993709
-993688
-993679
-993656
-993618
-993606
-993587
-993572
-993562
-993547
-993546
-993513
-993501
-993499
-993478
-993436
-993426
-993384
-993375
-993365
-993344
-993329
-993306
-993302
-993263
-993244
-993205
-993201
-993175
-993140
-993140
-993110
-993108
-993096
-993082
-993053
-993002
-992983
-992974
-992972
-992970
-992954
-992953
-992948
-992942
-992887
-992790
-992768
-992729
-992728
-992713
-992673
-992628
-992617
-992596
-992579
-992551
-992525
-992525
-992478
-992468
-992457
-992417
-992406
-992388
-992362
-992359
-992356
-992353
-992334
-992329
-992326
-992316
-992289
-992282
-992256
-992251
-992236
-992234
-992218
-992208
-992205
-992204
-992154
-992152
-992129
-992121
-992093
-992082
-992073
-992060
-992010
-992006
-991979
-991967
-991950
-991943
-991918
-991897
-991885
-991880
-991845
-991843
-991838
-991830
-991830
-991809
-991801
-991767
-991752
-991731
-991707
-991704
-991611
-991474
-991458
-991433
-991431
-991414
-991398
-991377
-991372
-991332
-991302
-991299
-991277
-991255
-991254
-991232
-991227
-991201
-991198
-991174
-991169
-991165
-991137
-991125
-991104
-991073
-991047
-991043
-991030
-991028
-991022
-991021
-991006
-990975
-990964
-990963
-990960
-990950
-990929
-990917
-990902
-990898
-990886
-990879
-990861
-990790
-990770
-990758
-990738
-990722
-990702
-990697
-990676
-990674
-990650
-990644
-990635
-990624
-990613
-990590
-990588
-990581
-990569
-990561
-990538
-990522
-990475
-990446
-990412
-990391
-990361
-990345
-990276
-990220
-990178
-990143
-990121
-990119
-990105
-990079
-990059
-990016
-990007
-989995
-989991
-989989
-989956
-989933
-989933
-989910
-989888
-989856
-989852
-989852
-989844
-989839
-989839
-989741
-989733
-989727
-989705
-989703
-989696
-989650
-989616
-989499
-989465
-989428
-989410
-989404
-989374
-989343
-989336
-989256
-989247
-989240
-989229
-989228
-989213
-989188
-989167
-989157
-989143
-989138
-989127
-989081
-989067
-989055
-989036
-989031
-989012
-988978
-988947
-988941
-988924
-988887
-988883
-988827
-988807
-988802
-988796
-988747
-988701
-988677
-988669
-988666
-988640
-988632
-988553
-988518
-988502
-988487
-988446
-988417
-988402
-988391
-988376
-988365
-988347
-988338
-988337
-988324
-988298
-988247
-988247
-988238
-988198
-988170
-988162
-988092
-988074
-988072
-988062
-988052
-988041
-988038
-988024
-987983
-987979
-987956
-987935
-987920
-987896
-987889
-987833
-987808
-987787
-987724
-987717
-987715
-987711
-987674
-987667
-987660
-987629
-987607
-987595
-987593
-987583
-987548
-987533
-987531
-987515
-987513
-987482
-987456
-987455
-987433
-987392
-987366
-987365
-987360
-987352
-987330
-987328
-987321
-987309
-987289
-987284
-987271
-987239
-987235
-987224
-987191
-987186
-987137
-987109
-987109
-987084
-987079
-987038
-987003
-986969
-986960
-986951
-986922
-986922
-986895
-986887
-986875
-986829
-986817
-986815
-986714
-986678
-986647
-986587
-986583
-986568
-986562
-986548
-986547
-986495
-986482
-986478
-986443
-986440
-986416
-986392
-986371
-986366
-986365
-986354
-986326
-986307
-986297
-986284
-986259
-986237
-986234
-986210
-986189
-986150
-986095
-986066
-986050
-985961
-985911
-985909
-985908
-985903
-985887
-985883
-985870
-985859
-985820
-985815
-985799
-985775
-985742
-985718
-985679
-985671
-985645
-985645
-985639
-985612
-985573
-985565
-985551
-985545
-985515
-985512
-985500
-985493
-985492
-985485
-985448
-985430
-985371
-985351
-985315
-985311
-985309
-985283
-985277
-985271
-985242
-985241
-985190
-985173
-985161
-985154
-985150
-985089
-985078
-985070
-985046
-985037
-985032
-985027
-984995
-984971
-984917
-984870
-984806
-984806
-984771
-984749
-984722
-984658
-984637
-984630
-984603
-984574
-984547
-984544
-984535
-984530
-984526
-984497
-984463
-984439
-984421
-984411
-984403
-984360
-984357
-984324
-984311
-984301
-984227
-984223
-984189
-984185
-984140
-984140
-984125
-984123
-984120
-984117
-984108
-984059
-984051
-984043
-984037
-984026
-984003
-983991
-983989
-983970
-983968
-983967
-983943
-983900
-983852
-983800
-983790
-983772
-983752
-983717
-983677
-983674
-983644
-983643
-983641
-983636
-983625
-983618
-983615
-983615
-983613
-983607
-983582
-983533
-983507
-983471
-983447
-983443
-983435
-983435
-983391
-983389
-983370
-983347
-983321
-983314
-983313
-983307
-983261
-983236
-983215
-983208
-983181
-983170
-983166
-983163
-983155
-983151
-983147
-983133
-983121
-983116
-983089
-983060
-983055
-983017
-983003
-982971
-982960
-982953
-982943
-982938
-982936
-982935
-982934
-982932
-982889
-982887
-982868
-982852
-982848
-982836
-982832
-982827
-982816
-982774
-982760
-982733
-982692
-982674
-982563
-982557
-982556
-982520
-982516
-982502
-982495
-982482
-982464
-982461
-982439
-982429
-982429
-982359
-982341
-982320
-982276
-982256
-982210
-982208
-982184
-982176
-982152
-982144
-982143
-982125
-982083
-982072
-982000
-981990
-981983
-981982
-981928
-981886
-981875
-981865
-981826
-981820
-981812
-981756
-981754
-981723
-981722
-981697
-981689
-981684
-981671
-981629
-981617
-981616
-981582
-981557
-981515
-981511
-981492
-981476
-981437
-981433
-981419
-981399
-981390
-981331
-981327
-981305
-981298
-981288
-981282
-981243
-981228
-981221
-981169
-981150
-981137
-981134
-981132
-981095
-981073
-981069
-981068
-981063
-981034
-981029
-981014
-980960
-980947
-980938
-980936
-980926
-980916
-980916
-980903
-980890
-980853
-980843
-980798
-980781
-980752
-980747
-980633
-980628
-980609
-980608
-980599
-980594
-980571
-980550
-980536
-980534
-980425
-980410
-980394
-980368
-980345
-980329
-980309
-980308
-980248
-980242
-980241
-980229
-980202
-980184
-980169
-980115
-980114
-980098
-980077
-980063
-980049
-980022
-980004
-979984
-979977
-979968
-979935
-979883
-979869
-979856
-979825
-979818
-979795
-979788
-979773
-979741
-979691
-979689
-979688
-979687
-979687
-979678
-979666
-979645
-979612
-979566
-979547
-979526
-979521
-979519
-979440
-979438
-979396
-979392
-979351
-979342
-979339
-979331
-979316
-979308
-979299
-979296
-979232
-979208
-979201
-979186
-979181
-979181
-979172
-979125
-979114
-979104
-979092
-979082
-979079
-979076
-979074
-979073
-979061
-979061
-979058
-979058
-979013
-979000
-978998
-978905
-978902
-978881
-978871
-978846
-978842
-978828
-978812
-978763
-978733
-978707
-978686
-978674
-978636
-978622
-978615
-978614
-978595
-978588
-978586
-978508
-978462
-978430
-978424
-978408
-978399
-978384
-978380
-978365
-978362
-978349
-978342
-978321
-978310
-978266
-978207
-978204
-978201
-978188
-978183
-978175
-978157
-978155
-978152
-978110
-978090
-978083
-978069
-978067
-978067
-978058
-978056
-978034
-978006
-977955
-977948
-977945
-977911
-977904
-977895
-977875
-977872
-977858
-977854
-977808
-977808
-977768
-977768
-977713
-977701
-977692
-977684
-977633
-977613
-977609
-977583
-977579
-977522
-977504
-977475
-977425
-977425
-977375
-977375
-977362
-977348
-977319
-977285
-977285
-977236
-977234
-977147
-977084
-977055
-977052
-977033
-976990
-976960
-976959
-976956
-976947
-976918
-976883
-976869
-976863
-976823
-976819
-976807
-976758
-976722
-976651
-976645
-976623
-976613
-976511
-976501
-976495
-976494
-976474
-976451
-976434
-976410
-976399
-976394
-976371
-976363
-976344
-976307
-976294
-976277
-976276
-976265
-976237
-976228
-976198
-976150
-976136
-976124
-976056
-975977
-975953
-975934
-975918
-975916
-975887
-975881
-975835
-975814
-975811
-975791
-975762
-975732
-975697
-975658
-975644
-975635
-975618
-975615
-975604
-975581
-975558
-975558
-975532
-975526
-975519
-975511
-975505
-975502
-975460
-975441
-975441
-975409
-975405
-975394
-975384
-975383
-975374
-975330
-975325
-975321
-975314
-975308
-975272
-975271
-975259
-975259
-975255
-975230
-975220
-975190
-975172
-975121
-975118
-975092
-975071
-975052
-975044
-974985
-974963
-974942
-974934
-974921
-974896
-974818
-974809
-974777
-974760
-974732
-974725
-974676
-974671
-974639
-974639
-974618
-974614
-974588
-974586
-974568
-974540
-974532
-974509
-974501
-974489
-974458
-974456
-974452
-974447
-974442
-974417
-974354
-974320
-974303
-974259
-974234
-974211
-974211
-974154
-974131
-974123
-974087
-974017
-973980
-973963
-973938
-973924
-973919
-973918
-973872
-973819
-973811
-973803
-973781
-973772
-973771
-973770
-973768
-973752
-973744
-973732
-973700
-973669
-973666
-973662
-973646
-973594
-973593
-973577
-973561
-973551
-973540
-973510
-973446
-973408
-973405
-973404
-973396
-973395
-973380
-973322
-973288
-973285
-973269
-973266
-973260
-973231
-973194
-973177
-973170
-973166
-973158
-973143
-973133
-973129
-973123
-973091
-973067
-973061
-973038
-973029
-973029
-973018
-973016
-973009
-973008
-973008
-972984
-972964
-972943
-972939
-972938
-972919
-972911
-972903
-972865
-972865
-972845
-972836
-972829
-972799
-972771
-972750
-972747
-972740
-972677
-972673
-972667
-972650
-972619
-972589
-972563
-972558
-972550
-972549
-972536
-972530
-972530
-972519
-972517
-972517
-972483
-972478
-972476
-972426
-972424
-972404
-972395
-972360
-972357
-972350
-972333
-972327
-972314
-972298
-972282
-972280
-972251
-972247
-972237
-972234
-972233
-972213
-972180
-972152
-972093
-972091
-972060
-972040
-972040
-972037
-972012
-971955
-971953
-971929
-971880
-971833
-971823
-971786
-971747
-971716
-971714
-971682
-971674
-971605
-971598
-971584
-971576
-971552
-971541
-971529
-971524
-971477
-971464
-971444
-971429
-971392
-971388
-971382
-971341
-971333
-971325
-971303
-971269
-971234
-971221
-971219
-971213
-971209
-971208
-971162
-971094
-971085
-971076
-971075
-971066
-971055
-971040
-970999
-970999
-970998
-970998
-970973
-970953
-970950
-970882
-970867
-970866
-970815
-970781
-970780
-970725
-970717
-970712
-970708
-970697
-970697
-970686
-970682
-970621
-970620
-970546
-970546
-970540
-970496
-970484
-970480
-970475
-970467
-970423
-970312
-970311
-970287
-970259
-970248
-970247
-970246
-970230
-970229
-970214
-970150
-970137
-970099
-970094
-970054
-970034
-970014
-970011
-969979
-969974
-969948
-969926
-969883
-969868
-969855
-969828
-969790
-969710
-969702
-969667
-969655
-969608
-969599
-969515
-969498
-969460
-969460
-969456
-969446
-969445
-969444
-969419
-969373
-969365
-969361
-969356
-969321
-969312
-969307
-969296
-969267
-969263
-969252
-969243
-969239
-969232
-969204
-969182
-969169
-969160
-969125
-969116
-969112
-969100
-969100
-969058
-969028
-968970
-968916
-968905
-968815
-968798
-968784
-968784
-968761
-968755
-968719
-968709
-968656
-968653
-968627
-968627
-968603
-968515
-968434
-968362
-968359
-968353
-968345
-968328
-968327
-968314
-968307
-968304
-968298
-968205
-968182
-968166
-968136
-968105
-968104
-968099
-968049
-968004
-968003
-967997
-967987
-967980
-967978
-967970
-967956
-967953
-967947
-967921
-967921
-967921
-967900
-967883
-967869
-967822
-967820
-967795
-967789
-967787
-967763
-967725
-967713
-967687
-967677
-967628
-967620
-967591
-967570
-967533
-967533
-967528
-967472
-967455
-967443
-967438
-967435
-967423
-967310
-967288
-967271
-967268
-967198
-967193
-967182
-967178
-967149
-967132
-967070
-967058
-967057
-967049
-967041
-967024
-966977
-966926
-966925
-966917
-966901
-966898
-966894
-966891
-966874
-966871
-966864
-966835
-966831
-966811
-966801
-966793
-966775
-966769
-966764
-966743
-966741
-966726
-966726
-966703
-966687
-966616
-966602
-966602
-966592
-966586
-966584
-966580
-966579
-966565
-966559
-966553
-966542
-966530
-966520
-966489
-966485
-966479
-966474
-966463
-966423
-966412
-966408
-966395
-966362
-966343
-966339
-966330
-966310
-966268
-966266
-966230
-966228
-966198
-966198
-966188
-966163
-966152
-966146
-966105
-966056
-966047
-966047
-966034
-966027
-965995
-965990
-965931
-965925
-965922
-965883
-965881
-965851
-965837
-965816
-965815
-965774
-965731
-965717
-965700
-965691
-965680
-965643
-965642
-965629
-965590
-965571
-965566
-965555
-965553
-965546
-965465
-965458
-965428
-965410
-965405
-965405
-965386
-965356
-965352
-965343
-965334
-965324
-965261
-965255
-965237
-965235
-965195
-965095
-965084
-965079
-965068
-965043
-965015
-964958
-964954
-964900
-964873
-964869
-964864
-964861
-964840
-964839
-964783
-964748
-964747
-964735
-964726
-964724
-964711
-964710
-964700
-964684
-964668
-964635
-964557
-964523
-964491
-964473
-964463
-964462
-964454
-964419
-964407
-964342
-964339
-964290
-964260
-964235
-964187
-964157
-964146
-964129
-964103
-964092
-964065
-964060
-964047
-964034
-964026
-964014
-964000
-963998
-963967
-963958
-963953
-963890
-963869
-963830
-963765
-963619
-963615
-963615
-963613
-963607
-963588
-963575
-963548
-963529
-963528
-963514
-963491
-963486
-963471
-963387
-963385
-963325
-963315
-963306
-963298
-963269
-963256
-963248
-963247
-963197
-963195
-963178
-963173
-963171
-963160
-963119
-963096
-963030
-963012
-962987
-962980
-962966
-962944
-962898
-962893
-962870
-962835
-962807
-962787
-962771
-962751
-962715
-962711
-962703
-962690
-962684
-962665
-962611
-962604
-962604
-962603
-962590
-962589
-962587
-962571
-962553
-962543
-962536
-962535
-962516
-962504
-962473
-962418
-962416
-962398
-962391
-962368
-962353
-962319
-962287
-962241
-962236
-962217
-962190
-962124
-962106
-962100
-962065
-962057
-962027
-961999
-961994
-961984
-961958
-961936
-961921
-961920
-961914
-961897
-961890
-961862
-961791
-961786
-961763
-961757
-961708
-961707
-961699
-961681
-961680
-961665
-961641
-961634
-961602
-961556
-961489
-961483
-961478
-961431
-961423
-961412
-961403
-961396
-961370
-961349
-961332
-961301
-961295
-961277
-961263
-961227
-961213
-961212
-961210
-961205
-961185
-961160
-961121
-961072
-961067
-961060
-960988
-960933
-960919
-960911
-960903
-960849
-960843
-960823
-960791
-960776
-960761
-960741
-960740
-960739
-960726
-960712
-960700
-960687
-960685
-960676
-960667
-960611
-960593
-960588
-960577
-960577
-960576
-960553
-960549
-960533
-960519
-960518
-960510
-960499
-960372
-960363
-960356
-960345
-960339
-960330
-960305
-960279
-960245
-960236
-960235
-960218
-960209
-960197
-960197
-960194
-960167
-960116
-960115
-960099
-960066
-960056
-960021
-959980
-959973
-959945
-959918
-959905
-959854
-959849
-959842
-959842
-959842
-959809
-959790
-959788
-959775
-959752
-959708
-959707
-959679
-959672
-959650
-959591
-959574
-959540
-959485
-959470
-959467
-959424
-959379
-959363
-959341
-959326
-959311
-959257
-959243
-959218
-959195
-959179
-959136
-959135
-959118
-959065
-959037
-959027
-959026
-959012
-958981
-958937
-958928
-958919
-958911
-958900
-958873
-958847
-958805
-958748
-958725
-958711
-958688
-958684
-958593
-958575
-958559
-958542
-958534
-958500
-958476
-958468
-958436
-958395
-958363
-958335
-958331
-958318
-958299
-958261
-958253
-958202
-958131
-958113
-958098
-958075
-958065
-958051
-958034
-958000
-957962
-957943
-957931
-957921
-957898
-957884
-957804
-957744
-957743
-957727
-957721
-957697
-957666
-957665
-957660
-957654
-957629
-957614
-957589
-957510
-957509
-957488
-957477
-957464
-957446
-957431
-957385
-957373
-957338
-957334
-957331
-957317
-957315
-957311
-957272
-957272
-957272
-957256
-957255
-957246
-957207
-957177
-957176
-957156
-957151
-957130
-957123
-957074
-957050
-957006
-956994
-956940
-956936
-956900
-956893
-956864
-956832
-956824
-956809
-956794
-956770
-956753
-956721
-956720
-956697
-956687
-956670
-956639
-956598
-956525
-956512
-956476
-956444
-956435
-956332
-956237
-956213
-956207
-956194
-956189
-956185
-956175
-956165
-956140
-956124
-956123
-956115
-956109
-956087
-956085
-956063
-956040
-956026
-955988
-955979
-955950
-955937
-955929
-955925
-955901
-955865
-955840
-955807
-955802
-955779
-955777
-955731
-955699
-955673
-955670
-955647
-955617
-955594
-955579
-955558
-955546
-955519
-955468
-955407
-955392
-955364
-955352
-955342
-955315
-955299
-955296
-955260
-955251
-955242
-955206
-955140
-955117
-955106
-955090
-955081
-955072
-954946
-954935
-954927
-954922
-954912
-954834
-954833
-954806
-954759
-954748
-954745
-954731
-954722
-954704
-954694
-954672
-954658
-954640
-954632
-954613
-954596
-954583
-954563
-954552
-954549
-954533
-954522
-954514
-954506
-954505
-954469
-954465
-954409
-954405
-954404
-954347
-954327
-954327
-954323
-954297
-954295
-954251
-954235
-954215
-954170
-954160
-954156
-954124
-954098
-954097
-954087
-954076
-954067
-954009
-953984
-953979
-953968
-953956
-953949
-953948
-953925
-953903
-953881
-953881
-953832
-953825
-953810
-953808
-953770
-953764
-953762
-953742
-953729
-953717
-953683
-953679
-953649
-953604
-953553
-953540
-953512
-953479
-953473
-953469
-953411
-953410
-953323
-953318
-953308
-953306
-953306
-953301
-953282
-953226
-953137
-953124
-953120
-953116
-953099
-953086
-953086
-953061
-953052
-953040
-953039
-953029
-953019
-952996
-952966
-952965
-952961
-952961
-952936
-952922
-952917
-952916
-952902
-952891
-952874
-952779
-952758
-952734
-952713
-952696
-952654
-952652
-952609
-952606
-952553
-952520
-952494
-952480
-952353
-952341
-952296
-952285
-952272
-952181
-952181
-952167
-952106
-952086
-952077
-952075
-952062
-952033
-951973
-951933
-951866
-951803
-951790
-951783
-951779
-951773
-951751
-951731
-951711
-951671
-951660
-951625
-951620
-951604
-951589
-951537
-951531
-951500
-951456
-951447
-951428
-951427
-951422
-951350
-951349
-951348
-951336
-951336
-951307
-951307
-951288
-951284
-951282
-951280
-951237
-951178
-951175
-951152
-951141
-951087
-951047
-951034
-951033
-951017
-951013
-951007
-950996
-950981
-950935
-950931
-950931
-950915
-950901
-950897
-950882
-950880
-950879
-950867
-950865
-950820
-950815
-950810
-950778
-950766
-950719
-950715
-950698
-950690
-950671
-950660
-950659
-950657
-950645
-950599
-950592
-950590
-950532
-950523
-950494
-950447
-950436
-950417
-950413
-950383
-950349
-950310
-950289
-950283
-950278
-950268
-950239
-950238
-950205
-950142
-950138
-950118
-950111
-950093
-950078
-949965
-949957
-949951
-949927
-949921
-949901
-949856
-949845
-949797
-949788
-949787
-949762
-949724
-949706
-949662
-949660
-949660
-949578
-949574
-949565
-949551
-949544
-949510
-949474
-949436
-949412
-949399
-949368
-949356
-949333
-949311
-949275
-949213
-949199
-949191
-949186
-949166
-949144
-949134
-949130
-949114
-949104
-949091
-949079
-949077
-949064
-949013
-948988
-948979
-948975
-948973
-948972
-948962
-948957
-948946
-948924
-948898
-948887
-948858
-948855
-948855
-948835
-948790
-948775
-948764
-948748
-948745
-948742
-948737
-948725
-948713
-948671
-948575
-948559
-948544
-948519
-948501
-948477
-948401
-948366
-948341
-948330
-948303
-948269
-948234
-948228
-948223
-948197
-948166
-948161
-948068
-948068
-948058
-948050
-948049
-948037
-948010
-948003
-947987
-947985
-947978
-947958
-947925
-947896
-947873
-947832
-947814
-947777
-947759
-947739
-947699
-947698
-947698
-947697
-947663
-947641
-947637
-947626
-947573
-947565
-947558
-947532
-947494
-947465
-947436
-947424
-947421
-947410
-947381
-947358
-947342
-947309
-947293
-947282
-947279
-947277
-947271
-947270
-947254
-947252
-947251
-947241
-947190
-947165
-947134
-947057
-947052
-947043
-947043
-947036
-947029
-946996
-946994
-946990
-946984
-946978
-946963
-946900
-946884
-946864
-946842
-946831
-946831
-946793
-946778
-946711
-946710
-946692
-946689
-946653
-946639
-946632
-946617
-946605
-946601
-946599
-946564
-946560
-946521
-946515
-946503
-946483
-946478
-946474
-946456
-946455
-946452
-946431
-946425
-946397
-946375
-946357
-946351
-946348
-946320
-946303
-946231
-946229
-946218
-946209
-946113
-946102
-946082
-946065
-946027
-946015
-945957
-945946
-945943
-945942
-945935
-945922
-945903
-945893
-945884
-945869
-945856
-945844
-945838
-945836
-945825
-945824
-945823
-945787
-945766
-945751
-945729
-945726
-945713
-945691
-945685
-945679
-945669
-945664
-945663
-945650
-945647
-945640
-945640
-945586
-945575
-945548
-945534
-945498
-945495
-945481
-945474
-945468
-945463
-945425
-945407
-945406
-945400
-945399
-945387
-945376
-945361
-945350
-945331
-945304
-945237
-945237
-945222
-945209
-945193
-945186
-945185
-945174
-945162
-945148
-945123
-945073
-945071
-945006
-944987
-944929
-944909
-944877
-944855
-944817
-944788
-944751
-944729
-944646
-944645
-944636
-944636
-944628
-944618
-944610
-944609
-944603
-944590
-944584
-944582
-944576
-944570
-944528
-944523
-944519
-944515
-944489
-944464
-944437
-944428
-944420
-944341
-944340
-944318
-944267
-944254
-944252
-944250
-944178
-944162
-944152
-944132
-944109
-944095
-944052
-944040
-944015
-944010
-943981
-943970
-943939
-943928
-943910
-943905
-943889
-943887
-943885
-943873
-943847
-943833
-943827
-943824
-943815
-943806
-943791
-943781
-943773
-943764
-943731
-943730
-943709
-943707
-943707
-943628
-943609
-943607
-943600
-943600
-943595
-943572
-943571
-943563
-943498
-943461
-943429
-943413
-943409
-943369
-943353
-943344
-943333
-943326
-943299
-943263
-943248
-943240
-943237
-943197
-943194
-943182
-943180
-943166
-943165
-943157
-943127
-943116
-943103
-943087
-943027
-943025
-943018
-943017
-943003
-942962
-942929
-942918
-942909
-942908
-942890
-942855
-942842
-942820
-942794
-942794
-942740
-942707
-942695
-942684
-942672
-942670
-942662
-942637
-942631
-942627
-942607
-942593
-942587
-942583
-942565
-942560
-942543
-942540
-942528
-942524
-942501
-942501
-942453
-942452
-942431
-942430
-942414
-942413
-942367
-942328
-942323
-942322
-942308
-942308
-942291
-942273
-942271
-942264
-942262
-942251
-942187
-942180
-942162
-942132
-942126
-942088
-942070
-942035
-942008
-941985
-941976
-941906
-941897
-941866
-941842
-941825
-941817
-941812
-941791
-941757
-941757
-941708
-941696
-941638
-941573
-941564
-941523
-941518
-941515
-941509
-941476
-941443
-941440
-941392
-941377
-941373
-941356
-941340
-941330
-941306
-941299
-941282
-941257
-941244
-941226
-941218
-941213
-941210
-941175
-941148
-941142
-941130
-941125
-941105
-941093
-941041
-940983
-940975
-940975
-940936
-940896
-940884
-940849
-940823
-940773
-940712
-940704
-940695
-940669
-940614
-940584
-940546
-940533
-940527
-940494
-940480
-940473
-940433
-940391
-940371
-940315
-940308
-940302
-940193
-940155
-940149
-940124
-940085
-940068
-940035
-940026
-940010
-939980
-939975
-939952
-939952
-939944
-939917
-939915
-939911
-939894
-939880
-939875
-939874
-939869
-939865
-939839
-939732
-939705
-939673
-939666
-939654
-939620
-939594
-939591
-939562
-939545
-939540
-939534
-939529
-939494
-939488
-939464
-939464
-939446
-939438
-939438
-939423
-939380
-939373
-939286
-939220
-939200
-939195
-939180
-939178
-939169
-939091
-939085
-939040
-939037
-938964
-938953
-938932
-938916
-938893
-938866
-938847
-938823
-938815
-938696
-938669
-938661
-938629
-938610
-938584
-938578
-938544
-938538
-938533
-938521
-938507
-938483
-938468
-938438
-938427
-938425
-938413
-938359
-938339
-938329
-938320
-938278
-938256
-938253
-938209
-938177
-938145
-938085
-938056
-938050
-938047
-938045
-938044
-938015
-937953
-937952
-937938
-937872
-937844
-937832
-937788
-937775
-937756
-937753
-937743
-937739
-937705
-937691
-937658
-937636
-937582
-937556
-937514
-937469
-937460
-937427
-937415
-937404
-937388
-937380
-937331
-937311
-937262
-937258
-937196
-937196
-937190
-937183
-937166
-937163
-937152
-937129
-937127
-937123
-937100
-937094
-937092
-937069
-937050
-937048
-937003
-937003
-936981
-936980
-936976
-936921
-936920
-936913
-936911
-936897
-936887
-936864
-936862
-936830
-936797
-936777
-936747
-936730
-936725
-936703
-936688
-936664
-936664
-936663
-936608
-936527
-936502
-936493
-936473
-936472
-936405
-936403
-936396
-936285
-936282
-936281
-936265
-936256
-936216
-936213
-936197
-936190
-936144
-936140
-936130
-936057
-936028
-936024
-936009
-935990
-935987
-935970
-935939
-935919
-935909
-935900
-935893
-935862
-935818
-935818
-935809
-935804
-935798
-935789
-935737
-935730
-935729
-935723
-935720
-935720
-935704
-935684
-935673
-935657
-935562
-935557
-935551
-935517
-935500
-935463
-935434
-935408
-935390
-935380
-935368
-935340
-935336
-935307
-935304
-935282
-935268
-935264
-935253
-935218
-935212
-935195
-935192
-935177
-935166
-935151
-935145
-935129
-935113
-935097
-935084
-935044
-934978
-934973
-934968
-934822
-934807
-934763
-934669
-934655
-934624
-934601
-934583
-934547
-934547
-934524
-934496
-934486
-934455
-934429
-934428
-934403
-934383
-934350
-934289
-934260
-934253
-934232
-934214
-934210
-934191
-934186
-934183
-934177
-934159
-934137
-934127
-934119
-934116
-934099
-934062
-934054
-934043
-934024
-934005
-933984
-933970
-933954
-933952
-933942
-933942
-933936
-933931
-933930
-933920
-933863
-933857
-933802
-933798
-933794
-933785
-933785
-933740
-933739
-933720
-933640
-933636
-933636
-933600
-933598
-933593
-933574
-933568
-933551
-933545
-933542
-933536
-933487
-933484
-933471
-933449
-933433
-933428
-933361
-933356
-933354
-933336
-933259
-933254
-933248
-933192
-933171
-933161
-933158
-933140
-933130
-933130
-933110
-933087
-933076
-933065
-933040
-933025
-933009
-932991
-932989
-932963
-932962
-932940
-932906
-932906
-932897
-932864
-932805
-932767
-932745
-932727
-932651
-932646
-932513
-932467
-932443
-932443
-932434
-932409
-932399
-932378
-932347
-932293
-932233
-932232
-932165
-932163
-932144
-932132
-932119
-932101
-932100
-932075
-932054
-932027
-932000
-931999
-931971
-931971
-931950
-931944
-931911
-931864
-931850
-931834
-931803
-931793
-931743
-931743
-931736
-931686
-931683
-931680
-931677
-931675
-931658
-931516
-931478
-931464
-931445
-931416
-931399
-931386
-931374
-931318
-931308
-931295
-931294
-931288
-931279
-931253
-931222
-931219
-931215
-931212
-931205
-931171
-931162
-931160
-931096
-931074
-931064
-931058
-931051
-930959
-930955
-930951
-930932
-930925
-930907
-930889
-930842
-930827
-930812
-930792
-930783
-930727
-930725
-930666
-930658
-930645
-930639
-930629
-930620
-930613
-930612
-930553
-930482
-930476
-930464
-930458
-930457
-930450
-930444
-930353
-930325
-930316
-930269
-930256
-930246
-930244
-930209
-930201
-930199
-930186
-930170
-930084
-930034
-929994
-929984
-929941
-929938
-929927
-929897
-929868
-929856
-929855
-929829
-929804
-929714
-929699
-929667
-929664
-929656
-929646
-929631
-929571
-929569
-929566
-929558
-929546
-929545
-929512
-929505
-929474
-929444
-929440
-929426
-929413
-929403
-929378
-929373
-929352
-929340
-929340
-929311
-929291
-929248
-929242
-929217
-929204
-929190
-929183
-929170
-929121
-929110
-929101
-929099
-929080
-929036
-929035
-929013
-929004
-928978
-928955
-928948
-928941
-928927
-928898
-928876
-928840
-928780
-928763
-928732
-928679
-928676
-928673
-928633
-928620
-928579
-928569
-928431
-928398
-928364
-928361
-928345
-928341
-928262
-928203
-928163
-928154
-928098
-928089
-928069
-928052
-928048
-928026
-928016
-928003
-928000
-927993
-927992
-927968
-927956
-927941
-927940
-927936
-927932
-927883
-927868
-927866
-927837
-927827
-927820
-927751
-927719
-927697
-927690
-927683
-927678
-927668
-927663
-927658
-927595
-927582
-927559
-927493
-927490
-927462
-927460
-927456
-927398
-927387
-927385
-927341
-927309
-927296
-927216
-927205
-927152
-927130
-927118
-927099
-927087
-926967
-926960
-926941
-926940
-926932
-926906
-926901
-926880
-926749
-926715
-926677
-926649
-926588
-926559
-926550
-926537
-926518
-926514
-926503
-926499
-926499
-926477
-926424
-926423
-926412
-926403
-926369
-926284
-926281
-926278
-926238
-926136
-926093
-926083
-926069
-926060
-926057
-926053
-926053
-926051
-926039
-926022
-926006
-925986
-925965
-925947
-925941
-925894
-925888
-925877
-925863
-925811
-925791
-925786
-925774
-925746
-925742
-925720
-925697
-925689
-925594
-925593
-925527
-925520
-925494
-925490
-925469
-925447
-925413
-925412
-925379
-925352
-925317
-925306
-925295
-925261
-925247
-925239
-925226
-925214
-925127
-925126
-925099
-925076
-925007
-925001
-924996
-924991
-924968
-924956
-924955
-924913
-924885
-924885
-924874
-924853
-924848
-924825
-924818
-924817
-924814
-924805
-924789
-924784
-924779
-924762
-924713
-924707
-924691
-924640
-924630
-924623
-924610
-924563
-924560
-924475
-924424
-924418
-924403
-924398
-924387
-924354
-924340
-924299
-924266
-924253
-924222
-924189
-924154
-924107
-924084
-924080
-924040
-924012
-923949
-923924
-923922
-923913
-923897
-923865
-923820
-923788
-923770
-923742
-923714
-923695
-923668
-923646
-923623
-923540
-923532
-923528
-923483
-923472
-923462
-923458
-923452
-923401
-923362
-923351
-923350
-923347
-923339
-923281
-923249
-923233
-923228
-923203
-923202
-923176
-923169
-923147
-923119
-923077
-923075
-923074
-923074
-923066
-923052
-923028
-923027
-923023
-923002
-922985
-922955
-922903
-922894
-922873
-922848
-922835
-922796
-922767
-922747
-922720
-922696
-922621
-922601
-922585
-922576
-922534
-922514
-922512
-922510
-922407
-922407
-922393
-922391
-922379
-922374
-922352
-922340
-922331
-922328
-922295
-922282
-922276
-922265
-922257
-922207
-922156
-922113
-922083
-922066
-922018
-921999
-921993
-921953
-921920
-921913
-921901
-921876
-921859
-921855
-921835
-921832
-921801
-921769
-921751
-921706
-921673
-921650
-921635
-921630
-921610
-921577
-921549
-921548
-921502
-921498
-921493
-921489
-921465
-921454
-921425
-921419
-921355
-921351
-921302
-921301
-921286
-921276
-921249
-921239
-921228
-921210
-921199
-921127
-920997
-920984
-920945
-920911
-920883
-920883
-920838
-920826
-920791
-920755
-920739
-920738
-920735
-920723
-920722
-920716
-920710
-920695
-920691
-920690
-920675
-920658
-920635
-920630
-920601
-920592
-920514
-920488
-920486
-920485
-920339
-920319
-920319
-920282
-920274
-920253
-920213
-920211
-920207
-920175
-920171
-920150
-920147
-920113
-920090
-920057
-920013
-919993
-919988
-919988
-919977
-919969
-919944
-919921
-919915
-919886
-919851
-919844
-919831
-919831
-919815
-919798
-919791
-919786
-919763
-919746
-919738
-919712
-919711
-919703
-919686
-919647
-919637
-919629
-919624
-919619
-919592
-919589
-919570
-919489
-919477
-919450
-919420
-919362
-919346
-919343
-919323
-919287
-919283
-919283
-919270
-919177
-919176
-919148
-919125
-919120
-919118
-919077
-919009
-918990
-918945
-918943
-918940
-918940
-918912
-918899
-918878
-918826
-918796
-918776
-918769
-918751
-918643
-918538
-918518
-918514
-918506
-918502
-918475
-918417
-918397
-918396
-918375
-918372
-918365
-918362
-918347
-918312
-918282
-918267
-918239
-918235
-918229
-918221
-918178
-918113
-918094
-918075
-918054
-918050
-918032
-918014
-918004
-917979
-917977
-917950
-917934
-917929
-917928
-917925
-917908
-917894
-917847
-917825
-917821
-917798
-917793
-917777
-917762
-917740
-917714
-917713
-917679
-917666
-917663
-917653
-917637
-917581
-917570
-917541
-917534
-917503
-917502
-917487
-917484
-917447
-917430
-917399
-917393
-917323
-917285
-917276
-917268
-917249
-917236
-917228
-917222
-917212
-917209
-917204
-917202
-917159
-917124
-917124
-917100
-917092
-917083
-917081
-917068
-917055
-917025
-917020
-917015
-916960
-916954
-916944
-916921
-916911
-916905
-916882
-916816
-916807
-916789
-916782
-916751
-916711
-916698
-916667
-916655
-916637
-916631
-916587
-916583
-916583
-916562
-916557
-916529
-916523
-916509
-916487
-916478
-916448
-916433
-916402
-916379
-916369
-916364
-916348
-916334
-916322
-916314
-916309
-916298
-916297
-916296
-916286
-916224
-916211
-916208
-916198
-916113
-916105
-916088
-916055
-916033
-916020
-915992
-915983
-915913
-915909
-915907
-915880
-915876
-915873
-915825
-915798
-915754
-915730
-915663
-915624
-915619
-915599
-915561
-915545
-915538
-915518
-915511
-915479
-915465
-915457
-915451
-915432
-915405
-915370
-915316
-915309
-915308
-915292
-915289
-915272
-915267
-915240
-915220
-915218
-915201
-915164
-915144
-915126
-915106
-915096
-915096
-915088
-915083
-915071
-915066
-915062
-915051
-915024
-915014
-914984
-914941
-914940
-914928
-914928
-914893
-914859
-914858
-914817
-914797
-914784
-914761
-914750
-914746
-914728
-914698
-914686
-914679
-914676
-914672
-914640
-914604
-914592
-914577
-914554
-914539
-914531
-914528
-914524
-914514
-914464
-914434
-914414
-914375
-914366
-914359
-914339
-914328
-914328
-914292
-914285
-914264
-914264
-914264
-914248
-914241
-914231
-914224
-914170
-914169
-914146
-914133
-914046
-914005
-913935
-913922
-913917
-913896
-913891
-913882
-913868
-913836
-913820
-913815
-913801
-913785
-913761
-913735
-913734
-913699
-913691
-913679
-913670
-913627
-913626
-913624
-913618
-913612
-913599
-913585
-913584
-913582
-913572
-913565
-913564
-913533
-913528
-913486
-913485
-913475
-913456
-913438
-913426
-913394
-913392
-913370
-913355
-913352
-913335
-913331
-913318
-913303
-913295
-913287
-913285
-913256
-913241
-913227
-913227
-913224
-913199
-913198
-913189
-913160
-913118
-913115
-913112
-913081
-913045
-913010
-913007
-913000
-912976
-912972
-912965
-912958
-912947
-912940
-912884
-912867
-912864
-912857
-912848
-912833
-912811
-912802
-912794
-912771
-912740
-912725
-912679
-912574
-912539
-912519
-912517
-912482
-912420
-912409
-912402
-912396
-912390
-912367
-912358
-912352
-912311
-912257
-912237
-912216
-912180
-912152
-912120
-912120
-912110
-912099
-912098
-912067
-912065
-912064
-912059
-912022
-911980
-911914
-911899
-911860
-911826
-911822
-911819
-911814
-911758
-911687
-911638
-911638
-911627
-911624
-911552
-911515
-911503
-911483
-911469
-911460
-911417
-911407
-911406
-911395
-911372
-911344
-911308
-911294
-911233
-911226
-911214
-911194
-911174
-911171
-911153
-911142
-911119
-911088
-911029
-910999
-910979
-910971
-910964
-910961
-910934
-910921
-910882
-910873
-910865
-910852
-910817
-910771
-910749
-910733
-910665
-910652
-910645
-910630
-910626
-910609
-910599
-910533
-910492
-910480
-910428
-910416
-910397
-910395
-910378
-910362
-910333
-910317
-910286
-910187
-910184
-910157
-910151
-910123
-910100
-910095
-910087
-910068
-910027
-910012
-909939
-909930
-909930
-909896
-909841
-909805
-909754
-909730
-909714
-909652
-909646
-909628
-909613
-909610
-909597
-909525
-909513
-909500
-909469
-909468
-909446
-909444
-909437
-909395
-909379
-909355
-909327
-909321
-909321
-909307
-909303
-909246
-909210
-909186
-909185
-909180
-909175
-909163
-909161
-909146
-909139
-909093
-909062
-909058
-909023
-909020
-909019
-908983
-908980
-908970
-908944
-908943
-908910
-908875
-908848
-908840
-908814
-908811
-908809
-908768
-908740
-908738
-908737
-908712
-908699
-908679
-908673
-908670
-908635
-908627
-908626
-908605
-908586
-908584
-908575
-908563
-908563
-908546
-908532
-908520
-908500
-908493
-908480
-908444
-908432
-908411
-908355
-908324
-908309
-908289
-908278
-908228
-908224
-908205
-908204
-908176
-908170
-908168
-908164
-908143
-908095
-908088
-908063
-908057
-908016
-907995
-907949
-907923
-907857
-907845
-907812
-907775
-907744
-907690
-907666
-907644
-907631
-907600
-907598
-907593
-907553
-907544
-907519
-907516
-907481
-907481
-907480
-907466
-907438
-907437
-907334
-907300
-907282
-907246
-907215
-907212
-907107
-907101
-907037
-907032
-907026
-907015
-907009
-907001
-906997
-906994
-906984
-906961
-906925
-906885
-906869
-906848
-906847
-906831
-906830
-906816
-906808
-906805
-906778
-906755
-906755
-906749
-906734
-906730
-906693
-906630
-906599
-906585
-906548
-906536
-906513
-906508
-906506
-906493
-906473
-906449
-906438
-906412
-906409
-906408
-906403
-906399
-906386
-906369
-906297
-906283
-906279
-906256
-906214
-906128
-906098
-906084
-906070
-906058
-906050
-906040
-906040
-905998
-905956
-905955
-905948
-905938
-905924
-905917
-905915
-905870
-905835
-905819
-905773
-905734
-905733
-905726
-905719
-905684
-905641
-905636
-905579
-905570
-905563
-905562
-905556
-905548
-905541
-905539
-905518
-905494
-905484
-905479
-905449
-905383
-905369
-905364
-905352
-905345
-905343
-905328
-905304
-905284
-905234
-905226
-905204
-905197
-905196
-905164
-905161
-905151
-905112
-905084
-905081
-905065
-905058
-905042
-905037
-905026
-905024
-904956
-904941
-904892
-904864
-904752
-904739
-904734
-904714
-904703
-904647
-904629
-904612
-904576
-904561
-904559
-904546
-904522
-904480
-904452
-904447
-904431
-904410
-904407
-904403
-904402
-904369
-904340
-904329
-904311
-904287
-904274
-904259
-904186
-904184
-904184
-904180
-904159
-904154
-904154
-904139
-904128
-904120
-904101
-904074
-904062
-904054
-904052
-904031
-904012
-903993
-903989
-903984
-903963
-903944
-903930
-903913
-903910
-903885
-903878
-903842
-903819
-903787
-903776
-903773
-903750
-903740
-903738
-903723
-903706
-903689
-903598
-903563
-903545
-903533
-903504
-903475
-903460
-903417
-903292
-903271
-903252
-903210
-903189
-903186
-903180
-903180
-903180
-903172
-903140
-903118
-903111
-903105
-903083
-903075
-903071
-903040
-903003
-903002
-903001
-902996
-902968
-902911
-902905
-902888
-902877
-902865
-902842
-902836
-902816
-902811
-902789
-902785
-902742
-902738
-902735
-902731
-902728
-902697
-902695
-902686
-902550
-902479
-902471
-902460
-902454
-902403
-902398
-902396
-902380
-902374
-902366
-902359
-902322
-902312
-902310
-902306
-902299
-902264
-902257
-902229
-902184
-902168
-902161
-902152
-902151
-902137
-902088
-902049
-902024
-901984
-901964
-901935
-901934
-901880
-901826
-901823
-901822
-901819
-901810
-901687
-901657
-901656
-901625
-901622
-901598
-901595
-901572
-901561
-901550
-901534
-901484
-901480
-901465
-901454
-901438
-901414
-901396
-901392
-901383
-901370
-901365
-901347
-901288
-901276
-901259
-901249
-901246
-901232
-901199
-901198
-901146
-901140
-901057
-901040
-901030
-901027
-901017
-901014
-900994
-900980
-900974
-900923
-900876
-900873
-900818
-900816
-900805
-900792
-900792
-900783
-900767
-900761
-900754
-900753
-900740
-900713
-900704
-900683
-900668
-900593
-900520
-900510
-900504
-900503
-900497
-900466
-900465
-900455
-900446
-900443
-900420
-900420
-900407
-900399
-900397
-900344
-900334
-900330
-900329
-900325
-900320
-900317
-900317
-900289
-900285
-900275
-900263
-900229
-900206
-900182
-900057
-900052
-900000
-899973
-899961
-899904
-899884
-899878
-899876
-899831
-899822
-899814
-899790
-899752
-899749
-899740
-899737
-899699
-899691
-899684
-899675
-899673
-899666
-899657
-899626
-899597
-899582
-899552
-899545
-899506
-899506
-899505
-899488
-899468
-899466
-899452
-899407
-899399
-899376
-899359
-899349
-899343
-899313
-899310
-899284
-899276
-899266
-899255
-899242
-899226
-899224
-899150
-899140
-899134
-899118
-899089
-899049
-899042
-898991
-898979
-898964
-898961
-898921
-898894
-898885
-898798
-898789
-898742
-898718
-898710
-898709
-898696
-898684
-898683
-898681
-898680
-898673
-898623
-898623
-898615
-898557
-898536
-898513
-898450
-898449
-898419
-898414
-898375
-898342
-898337
-898335
-898328
-898298
-898251
-898218
-898202
-898142
-898124
-898119
-898095
-898078
-898063
-898058
-898045
-898043
-897997
-897963
-897957
-897932
-897927
-897924
-897875
-897869
-897856
-897852
-897825
-897822
-897817
-897761
-897735
-897725
-897720
-897717
-897717
-897687
-897675
-897649
-897635
-897632
-897625
-897598
-897585
-897578
-897531
-897499
-897494
-897467
-897463
-897448
-897413
-897387
-897317
-897315
-897285
-897285
-897264
-897236
-897217
-897185
-897182
-897154
-897149
-897066
-897059
-897033
-897004
-896969
-896922
-896884
-896872
-896833
-896810
-896799
-896762
-896728
-896700
-896674
-896653
-896635
-896605
-896584
-896559
-896558
-896545
-896531
-896515
-896450
-896438
-896435
-896410
-896408
-896373
-896363
-896352
-896338
-896318
-896315
-896303
-896293
-896284
-896281
-896277
-896204
-896199
-896196
-896182
-896168
-896167
-896157
-896156
-896103
-896079
-896064
-896033
-896020
-895991
-895968
-895962
-895954
-895939
-895912
-895864
-895850
-895830
-895829
-895811
-895781
-895763
-895747
-895716
-895683
-895642
-895627
-895607
-895599
-895578
-895538
-895517
-895511
-895416
-895366
-895350
-895322
-895286
-895260
-895247
-895200
-895157
-895155
-895149
-895141
-895130
-895123
-895117
-895111
-895109
-895104
-895068
-895058
-895034
-895008
-894982
-894979
-894960
-894915
-894911
-894910
-894903
-894891
-894883
-894851
-894814
-894804
-894797
-894792
-894791
-894783
-894771
-894744
-894724
-894699
-894690
-894657
-894623
-894602
-894558
-894556
-894537
-894517
-894515
-894490
-894462
-894449
-894446
-894420
-894385
-894348
-894336
-894336
-894324
-894316
-894307
-894306
-894272
-894264
-894262
-894258
-894252
-894249
-894216
-894201
-894166
-894160
-894157
-894135
-894116
-894102
-894079
-894034
-894001
-893995
-893990
-893984
-893980
-893970
-893946
-893942
-893921
-893916
-893911
-893876
-893836
-893829
-893822
-893787
-893784
-893780
-893745
-893730
-893715
-893689
-893684
-893638
-893621
-893607
-893595
-893582
-893552
-893504
-893487
-893468
-893462
-893449
-893430
-893407
-893372
-893366
-893309
-893241
-893240
-893207
-893192
-893191
-893168
-893163
-893137
-893131
-893114
-893020
-893008
-892996
-892990
-892952
-892922
-892917
-892911
-892838
-892799
-892779
-892759
-892735
-892720
-892705
-892694
-892678
-892624
-892620
-892614
-892513
-892488
-892484
-892448
-892409
-892409
-892388
-892385
-892382
-892355
-892318
-892301
-892279
-892275
-892231
-892221
-892219
-892197
-892186
-892184
-892168
-892144
-892138
-892137
-892096
-892078
-892074
-892068
-892064
-892045
-892033
-892009
-892007
-892001
-891988
-891972
-891954
-891934
-891918
-891897
-891888
-891870
-891839
-891823
-891779
-891738
-891726
-891725
-891608
-891591
-891578
-891558
-891548
-891535
-891532
-891523
-891504
-891495
-891492
-891488
-891486
-891485
-891477
-891457
-891432
-891426
-891418
-891384
-891364
-891348
-891343
-891310
-891309
-891291
-891260
-891225
-891147
-891132
-891107
-891090
-891078
-891058
-890953
-890921
-890874
-890852
-890828
-890821
-890817
-890786
-890738
-890657
-890649
-890591
-890549
-890463
-890423
-890423
-890417
-890416
-890412
-890389
-890388
-890366
-890366
-890365
-890314
-890297
-890279
-890227
-890205
-890202
-890202
-890182
-890167
-890145
-890132
-890129
-890104
-890096
-890087
-890079
-889988
-889947
-889939
-889908
-889880
-889813
-889793
-889779
-889766
-889761
-889731
-889731
-889708
-889684
-889683
-889670
-889665
-889637
-889623
-889551
-889532
-889524
-889521
-889499
-889492
-889489
-889484
-889451
-889443
-889401
-889352
-889318
-889285
-889249
-889239
-889222
-889216
-889210
-889205
-889183
-889177
-889173
-889159
-889150
-889141
-889108
-889105
-889083
-889077
-889065
-889041
-889028
-888991
-888972
-888944
-888941
-888902
-888880
-888841
-888823
-888799
-888798
-888756
-888747
-888712
-888685
-888675
-888666
-888656
-888656
-888640
-888639
-888628
-888600
-888597
-888579
-888573
-888538
-888513
-888497
-888476
-888460
-888452
-888447
-888425
-888424
-888421
-888421
-888359
-888333
-888316
-888307
-888211
-888202
-888188
-888143
-888132
-888123
-888116
-888089
-888089
-888079
-888019
-888000
-887988
-887961
-887958
-887936
-887907
-887894
-887889
-887836
-887829
-887820
-887793
-887783
-887767
-887739
-887713
-887681
-887673
-887658
-887618
-887611
-887599
-887584
-887574
-887554
-887542
-887538
-887490
-887485
-887484
-887478
-887472
-887457
-887448
-887384
-887330
-887324
-887315
-887299
-887232
-887215
-887203
-887186
-887178
-887149
-887119
-887102
-887087
-887086
-887085
-887039
-887027
-887023
-886968
-886960
-886955
-886955
-886936
-886927
-886909
-886893
-886890
-886888
-886877
-886870
-886845
-886834
-886829
-886820
-886797
-886778
-886766
-886763
-886740
-886732
-886702
-886697
-886691
-886682
-886642
-886639
-886639
-886635
-886618
-886603
-886584
-886543
-886505
-886471
-886459
-886416
-886400
-886275
-886265
-886260
-886201
-886198
-886181
-886145
-886128
-886108
-886088
-886081
-886079
-886050
-886024
-886023
-886014
-885962
-885898
-885881
-885858
-885857
-885843
-885809
-885806
-885798
-885777
-885741
-885725
-885724
-885688
-885642
-885636
-885612
-885612
-885574
-885574
-885527
-885486
-885466
-885460
-885434
-885410
-885370
-885358
-885327
-885324
-885248
-885248
-885222
-885209
-885202
-885199
-885196
-885190
-885174
-885158
-885147
-885112
-885091
-885083
-885025
-885018
-885009
-884998
-884993
-884975
-884972
-884967
-884906
-884887
-884878
-884875
-884799
-884790
-884741
-884733
-884723
-884713
-884667
-884609
-884601
-884574
-884572
-884504
-884494
-884482
-884454
-884362
-884360
-884350
-884339
-884328
-884299
-884295
-884286
-884269
-884254
-884230
-884198
-884176
-884174
-884164
-884143
-884117
-884114
-884113
-884109
-884103
-884088
-884035
-884018
-883936
-883889
-883881
-883846
-883833
-883824
-883821
-883767
-883765
-883761
-883716
-883711
-883709
-883693
-883676
-883674
-883669
-883654
-883647
-883639
-883620
-883587
-883579
-883574
-883570
-883554
-883537
-883491
-883463
-883463
-883459
-883432
-883429
-883394
-883390
-883380
-883377
-883367
-883364
-883352
-883349
-883346
-883277
-883245
-883234
-883214
-883029
-882981
-882958
-882957
-882938
-882932
-882904
-882900
-882890
-882876
-882745
-882718
-882682
-882652
-882652
-882637
-882634
-882608
-882590
-882582
-882558
-882546
-882496
-882492
-882472
-882450
-882423
-882385
-882376
-882348
-882313
-882310
-882286
-882281
-882278
-882270
-882247
-882237
-882216
-882198
-882178
-882173
-882172
-882170
-882157
-882114
-882100
-882080
-882077
-882026
-882012
-882011
-882000
-881992
-881991
-881946
-881946
-881927
-881905
-881904
-881866
-881844
-881844
-881805
-881798
-881784
-881780
-881747
-881744
-881742
-881724
-881680
-881662
-881633
-881611
-881572
-881567
-881560
-881545
-881504
-881492
-881457
-881450
-881422
-881398
-881397
-881362
-881361
-881354
-881338
-881302
-881296
-881281
-881235
-881210
-881192
-881182
-881155
-881110
-881109
-881056
-881009
-880990
-880969
-880961
-880946
-880926
-880920
-880920
-880912
-880910
-880869
-880862
-880835
-880803
-880790
-880782
-880772
-880749
-880703
-880672
-880650
-880650
-880649
-880627
-880573
-880542
-880525
-880480
-880475
-880446
-880414
-880405
-880371
-880289
-880286
-880266
-880255
-880255
-880233
-880219
-880197
-880192
-880173
-880155
-880126
-880105
-880094
-880076
-880073
-880011
-879986
-879960
-879921
-879915
-879909
-879890
-879802
-879775
-879761
-879756
-879748
-879712
-879669
-879631
-879589
-879548
-879525
-879514
-879490
-879487
-879479
-879416
-879411
-879410
-879383
-879348
-879338
-879334
-879322
-879284
-879269
-879256
-879242
-879227
-879226
-879198
-879140
-879134
-879126
-879107
-879074
-879073
-879052
-879050
-879017
-878984
-878968
-878956
-878954
-878942
-878918
-878918
-878892
-878883
-878877
-878874
-878868
-878849
-878844
-878838
-878821
-878790
-878762
-878725
-878707
-878697
-878644
-878622
-878603
-878600
-878589
-878565
-878534
-878524
-878492
-878460
-878453
-878445
-878438
-878437
-878415
-878412
-878338
-878320
-878295
-878269
-878258
-878225
-878210
-878176
-878127
-878076
-878053
-878013
-878000
-877988
-877974
-877973
-877899
-877861
-877861
-877860
-877859
-877771
-877765
-877764
-877690
-877678
-877658
-877648
-877627
-877607
-877582
-877581
-877564
-877564
-877550
-877545
-877542
-877532
-877512
-877481
-877421
-877368
-877364
-877360
-877359
-877353
-877349
-877341
-877337
-877336
-877313
-877303
-877248
-877212
-877163
-877147
-877145
-877130
-877083
-877050
-877032
-876997
-876984
-876979
-876939
-876905
-876795
-876762
-876754
-876635
-876563
-876546
-876527
-876496
-876481
-876444
-876439
-876433
-876411
-876409
-876403
-876400
-876396
-876380
-876378
-876361
-876339
-876336
-876271
-876237
-876227
-876204
-876200
-876198
-876183
-876163
-876163
-876122
-876121
-876107
-876087
-876013
-875986
-875977
-875954
-875949
-875934
-875898
-875883
-875878
-875874
-875861
-875854
-875832
-875826
-875805
-875797
-875778
-875755
-875730
-875711
-875698
-875693
-875681
-875679
-875670
-875608
-875546
-875541
-875528
-875514
-875473
-875464
-875344
-875338
-875331
-875304
-875292
-875276
-875259
-875242
-875232
-875227
-875201
-875199
-875182
-875133
-875042
-875008
-874942
-874912
-874912
-874895
-874862
-874833
-874787
-874784
-874781
-874765
-874764
-874725
-874685
-874676
-874671
-874642
-874593
-874563
-874538
-874519
-874488
-874487
-874471
-874467
-874459
-874446
-874444
-874408
-874357
-874347
-874346
-874306
-874287
-874195
-874188
-874179
-874176
-874176
-874164
-874128
-874046
-874041
-874011
-873981
-873955
-873952
-873823
-873817
-873798
-873778
-873736
-873711
-873703
-873701
-873690
-873658
-873642
-873634
-873624
-873597
-873577
-873568
-873535
-873522
-873491
-873476
-873411
-873400
-873383
-873278
-873275
-873226
-873220
-873215
-873168
-873142
-873125
-873108
-873097
-873064
-873061
-873000
-872988
-872975
-872960
-872954
-872897
-872888
-872845
-872843
-872839
-872801
-872774
-872747
-872658
-872639
-872626
-872594
-872576
-872569
-872555
-872545
-872541
-872513
-872504
-872477
-872467
-872461
-872451
-872437
-872418
-872412
-872412
-872355
-872348
-872276
-872271
-872210
-872209
-872178
-872128
-872101
-872092
-872056
-872014
-872013
-872009
-871984
-871964
-871917
-871917
-871908
-871907
-871891
-871850
-871831
-871825
-871823
-871822
-871805
-871803
-871787
-871783
-871766
-871753
-871751
-871749
-871739
-871738
-871735
-871726
-871725
-871719
-871686
-871635
-871625
-871568
-871516
-871509
-871493
-871480
-871460
-871453
-871425
-871385
-871384
-871366
-871342
-871311
-871305
-871302
-871285
-871278
-871243
-871212
-871200
-871174
-871171
-871153
-871147
-871137
-871135
-871115
-871104
-871103
-871077
-871041
-870984
-870978
-870975
-870925
-870911
-870880
-870874
-870842
-870794
-870765
-870702
-870681
-870642
-870632
-870595
-870589
-870587
-870585
-870584
-870534
-870502
-870500
-870499
-870494
-870450
-870441
-870420
-870396
-870382
-870333
-870326
-870292
-870261
-870255
-870248
-870242
-870236
-870232
-870226
-870207
-870190
-870182
-870147
-870119
-870113
-870099
-870090
-870084
-870069
-870019
-870015
-870000
-869977
-869964
-869944
-869927
-869905
-869877
-869872
-869815
-869812
-869746
-869736
-869731
-869707
-869630
-869567
-869564
-869563
-869507
-869477
-869474
-869467
-869433
-869390
-869371
-869340
-869335
-869313
-869246
-869234
-869225
-869219
-869212
-869201
-869172
-869163
-869162
-869160
-869129
-869106
-869102
-869077
-869050
-869042
-869037
-868991
-868942
-868911
-868887
-868881
-868839
-868829
-868819
-868808
-868800
-868792
-868788
-868778
-868678
-868675
-868670
-868659
-868655
-868649
-868634
-868604
-868599
-868573
-868538
-868486
-868477
-868457
-868456
-868443
-868437
-868432
-868381
-868369
-868366
-868358
-868330
-868312
-868284
-868267
-868222
-868197
-868188
-868167
-868155
-868143
-868127
-868052
-868041
-868009
-868003
-867970
-867945
-867938
-867900
-867885
-867844
-867815
-867804
-867743
-867719
-867717
-867677
-867617
-867606
-867602
-867583
-867575
-867530
-867519
-867505
-867501
-867477
-867459
-867425
-867424
-867392
-867372
-867362
-867283
-867268
-867199
-867178
-867158
-867156
-867129
-867064
-867050
-867050
-867016
-866990
-866982
-866980
-866962
-866862
-866840
-866824
-866807
-866791
-866784
-866727
-866717
-866689
-866663
-866656
-866645
-866627
-866603
-866598
-866587
-866516
-866489
-866462
-866459
-866454
-866430
-866417
-866412
-866410
-866408
-866382
-866378
-866374
-866332
-866299
-866277
-866268
-866264
-866259
-866238
-866220
-866213
-866193
-866186
-866184
-866177
-866175
-866174
-866139
-866136
-866108
-866056
-865997
-865949
-865934
-865916
-865899
-865894
-865852
-865845
-865824
-865727
-865673
-865641
-865622
-865614
-865610
-865600
-865594
-865593
-865592
-865587
-865569
-865555
-865503
-865501
-865491
-865483
-865424
-865422
-865413
-865408
-865401
-865344
-865331
-865295
-865290
-865283
-865279
-865279
-865278
-865262
-865251
-865197
-865188
-865163
-865150
-865144
-865143
-865118
-865098
-865091
-865071
-865069
-865059
-865004
-864972
-864917
-864870
-864856
-864831
-864831
-864808
-864795
-864783
-864758
-864736
-864727
-864725
-864717
-864691
-864665
-864664
-864663
-864630
-864546
-864526
-864505
-864503
-864493
-864441
-864438
-864421
-864419
-864409
-864398
-864395
-864384
-864381
-864335
-864304
-864287
-864285
-864265
-864244
-864220
-864211
-864204
-864202
-864196
-864187
-864187
-864183
-864182
-864168
-864107
-864102
-864098
-864093
-864089
-864086
-864081
-864074
-864035
-864022
-863994
-863966
-863963
-863957
-863944
-863921
-863903
-863891
-863878
-863872
-863830
-863818
-863783
-863760
-863695
-863691
-863688
-863647
-863617
-863569
-863564
-863542
-863533
-863523
-863515
-863484
-863450
-863427
-863377
-863368
-863366
-863357
-863338
-863308
-863305
-863302
-863263
-863217
-863180
-863175
-863161
-863160
-863146
-863134
-863128
-863105
-863103
-863082
-863071
-863064
-863062
-862980
-862913
-862898
-862891
-862886
-862874
-862861
-862822
-862813
-862792
-862784
-862784
-862773
-862758
-862677
-862658
-862655
-862644
-862627
-862625
-862607
-862554
-862508
-862478
-862446
-862386
-862382
-862358
-862344
-862342
-862305
-862300
-862294
-862290
-862286
-862285
-862264
-862214
-862166
-862154
-862143
-862129
-862122
-862115
-862113
-862113
-862066
-862055
-862053
-862028
-862025
-862024
-862011
-861986
-861985
-861965
-861965
-861963
-861948
-861920
-861891
-861888
-861887
-861879
-861869
-861869
-861837
-861814
-861811
-861800
-861647
-861647
-861644
-861631
-861625
-861612
-861581
-861574
-861574
-861571
-861534
-861525
-861512
-861486
-861462
-861461
-861452
-861438
-861434
-861412
-861387
-861358
-861356
-861339
-861320
-861317
-861295
-861283
-861265
-861200
-861178
-861133
-861131
-861090
-861077
-861049
-861041
-861034
-861030
-861028
-861019
-861013
-860988
-860984
-860973
-860970
-860954
-860947
-860887
-860881
-860872
-860871
-860870
-860845
-860840
-860838
-860833
-860805
-860793
-860778
-860777
-860765
-860754
-860731
-860721
-860690
-860680
-860635
-860611
-860607
-860595
-860560
-860560
-860559
-860532
-860530
-860474
-860430
-860427
-860399
-860394
-860382
-860356
-860343
-860317
-860290
-860268
-860239
-860238
-860230
-860228
-860192
-860129
-860123
-860114
-860053
-860039
-860035
-860033
-860019
-860001
-859981
-859928
-859916
-859909
-859905
-859903
-859890
-859854
-859840
-859839
-859817
-859814
-859798
-859784
-859781
-859779
-859778
-859773
-859724
-859685
-859680
-859676
-859648
-859641
-859637
-859595
-859594
-859568
-859559
-859540
-859534
-859532
-859501
-859495
-859454
-859433
-859422
-859347
-859331
-859329
-859322
-859315
-859267
-859241
-859240
-859208
-859189
-859171
-859140
-859057
-859048
-859043
-859031
-859029
-859020
-859006
-858966
-858943
-858938
-858902
-858844
-858816
-858811
-858790
-858784
-858769
-858767
-858753
-858720
-858697
-858696
-858692
-858673
-858659
-858639
-858624
-858622
-858619
-858565
-858477
-858463
-858460
-858444
-858376
-858367
-858356
-858330
-858328
-858318
-858291
-858244
-858240
-858231
-858228
-858216
-858210
-858210
-858146
-858131
-858049
-858044
-858011
-857994
-857980
-857977
-857976
-857950
-857806
-857799
-857780
-857772
-857760
-857757
-857742
-857726
-857709
-857659
-857648
-857643
-857607
-857587
-857584
-857545
-857515
-857508
-857472
-857457
-857376
-857356
-857353
-857349
-857324
-857294
-857273
-857234
-857217
-857207
-857198
-857166
-857164
-857140
-857135
-857121
-857116
-857106
-857082
-857072
-857054
-857033
-857032
-857005
-857004
-856996
-856993
-856981
-856968
-856968
-856932
-856923
-856916
-856905
-856892
-856874
-856873
-856773
-856768
-856736
-856729
-856688
-856684
-856682
-856609
-856576
-856510
-856502
-856498
-856489
-856489
-856479
-856477
-856471
-856464
-856432
-856425
-856416
-856389
-856378
-856345
-856345
-856315
-856311
-856306
-856303
-856289
-856258
-856248
-856211
-856204
-856197
-856196
-856193
-856143
-856115
-856105
-856091
-856085
-856063
-856040
-856028
-856026
-856022
-856005
-855973
-855954
-855925
-855863
-855853
-855831
-855795
-855792
-855787
-855780
-855729
-855689
-855687
-855673
-855667
-855632
-855610
-855530
-855506
-855494
-855467
-855461
-855449
-855439
-855408
-855370
-855352
-855345
-855295
-855280
-855255
-855241
-855238
-855186
-855146
-855138
-855117
-855082
-855077
-855071
-855025
-854981
-854889
-854884
-854824
-854819
-854810
-854798
-854773
-854764
-854749
-854728
-854710
-854703
-854693
-854670
-854669
-854661
-854640
-854606
-854603
-854591
-854589
-854568
-854561
-854546
-854538
-854511
-854489
-854466
-854419
-854414
-854392
-854381
-854368
-854342
-854329
-854328
-854293
-854291
-854251
-854238
-854237
-854137
-854078
-854070
-854041
-854027
-854011
-854002
-853985
-853964
-853924
-853915
-853912
-853891
-853887
-853879
-853795
-853784
-853772
-853762
-853758
-853742
-853735
-853709
-853662
-853655
-853646
-853629
-853580
-853577
-853514
-853454
-853363
-853311
-853254
-853238
-853217
-853179
-853132
-853111
-853043
-853017
-852967
-852960
-852940
-852928
-852917
-852875
-852792
-852785
-852782
-852757
-852753
-852750
-852750
-852684
-852656
-852627
-852620
-852611
-852596
-852547
-852534
-852533
-852459
-852448
-852416
-852372
-852329
-852327
-852277
-852275
-852271
-852256
-852191
-852188
-852169
-852146
-852133
-852112
-852040
-852023
-852020
-852005
-852001
-851975
-851963
-851958
-851937
-851936
-851920
-851920
-851871
-851837
-851831
-851812
-851776
-851774
-851765
-851752
-851739
-851713
-851698
-851690
-851674
-851651
-851647
-851628
-851590
-851582
-851573
-851562
-851549
-851464
-851426
-851391
-851379
-851361
-851338
-851328
-851319
-851262
-851244
-851242
-851214
-851188
-851188
-851178
-851177
-851173
-851164
-851164
-851137
-851136
-851071
-851052
-851051
-851027
-851005
-851000
-850980
-850979
-850964
-850899
-850862
-850855
-850844
-850826
-850787
-850785
-850760
-850733
-850713
-850708
-850692
-850684
-850644
-850643
-850614
-850610
-850597
-850579
-850559
-850557
-850545
-850542
-850530
-850521
-850487
-850469
-850462
-850436
-850424
-850395
-850366
-850352
-850337
-850332
-850309
-850297
-850285
-850272
-850261
-850254
-850251
-850191
-850179
-850177
-850160
-850158
-850143
-850095
-850094
-850032
-850028
-850021
-849975
-849962
-849955
-849941
-849906
-849889
-849883
-849879
-849866
-849845
-849839
-849790
-849760
-849737
-849732
-849678
-849659
-849640
-849638
-849637
-849631
-849526
-849480
-849428
-849384
-849382
-849340
-849293
-849248
-849223
-849126
-849078
-849040
-849038
-849031
-848979
-848975
-848974
-848963
-848954
-848897
-848888
-848879
-848854
-848850
-848840
-848810
-848808
-848804
-848794
-848778
-848740
-848721
-848713
-848693
-848687
-848624
-848619
-848581
-848570
-848549
-848540
-848528
-848487
-848458
-848428
-848400
-848387
-848360
-848336
-848327
-848326
-848325
-848292
-848236
-848203
-848173
-848118
-848065
-848046
-848036
-847987
-847943
-847891
-847879
-847873
-847828
-847816
-847811
-847810
-847780
-847765
-847762
-847735
-847731
-847714
-847692
-847649
-847648
-847631
-847629
-847625
-847615
-847608
-847507
-847506
-847503
-847501
-847465
-847462
-847449
-847437
-847425
-847413
-847295
-847283
-847268
-847267
-847266
-847261
-847254
-847207
-847187
-847158
-847128
-847104
-847093
-847081
-846995
-846981
-846949
-846948
-846913
-846876
-846855
-846849
-846844
-846838
-846816
-846811
-846804
-846792
-846786
-846770
-846738
-846727
-846689
-846672
-846658
-846655
-846629
-846617
-846579
-846560
-846536
-846504
-846503
-846498
-846469
-846458
-846457
-846441
-846424
-846393
-846338
-846327
-846254
-846235
-846218
-846144
-846143
-846139
-846136
-846123
-846110
-846083
-846079
-846075
-845992
-845970
-845966
-845931
-845912
-845907
-845905
-845882
-845866
-845847
-845847
-845840
-845834
-845769
-845762
-845683
-845675
-845669
-845658
-845657
-845633
-845630
-845597
-845528
-845522
-845494
-845463
-845432
-845402
-845389
-845380
-845363
-845343
-845295
-845279
-845263
-845261
-845250
-845192
-845154
-845132
-845081
-845076
-845047
-845041
-845023
-844986
-844963
-844939
-844902
-844857
-844787
-844755
-844736
-844734
-844710
-844695
-844689
-844679
-844670
-844649
-844632
-844620
-844601
-844534
-844532
-844530
-844513
-844463
-844408
-844404
-844400
-844353
-844325
-844319
-844317
-844305
-844302
-844302
-844300
-844268
-844260
-844237
-844233
-844231
-844226
-844225
-844217
-844198
-844190
-844173
-844152
-844151
-844134
-844120
-844110
-844097
-844076
-844055
-844001
-843969
-843942
-843923
-843889
-843872
-843865
-843847
-843847
-843826
-843809
-843798
-843798
-843768
-843743
-843735
-843556
-843492
-843475
-843451
-843450
-843409
-843397
-843333
-843331
-843316
-843312
-843297
-843289
-843282
-843272
-843234
-843215
-843191
-843186
-843179
-843128
-843123
-843115
-843053
-843044
-843025
-843005
-842978
-842965
-842963
-842934
-842910
-842901
-842890
-842884
-842865
-842853
-842851
-842808
-842791
-842779
-842748
-842682
-842669
-842669
-842662
-842653
-842652
-842636
-842631
-842629
-842557
-842484
-842459
-842451
-842437
-842435
-842435
-842434
-842400
-842399
-842390
-842381
-842373
-842368
-842313
-842310
-842300
-842294
-842281
-842251
-842177
-842145
-842142
-842130
-842085
-842079
-842046
-842044
-842012
-841983
-841972
-841971
-841965
-841915
-841906
-841904
-841880
-841860
-841843
-841826
-841821
-841819
-841812
-841768
-841751
-841738
-841732
-841729
-841720
-841703
-841692
-841682
-841667
-841663
-841634
-841611
-841602
-841563
-841547
-841472
-841455
-841446
-841436
-841411
-841399
-841382
-841309
-841286
-841259
-841241
-841203
-841196
-841187
-841185
-841164
-841149
-841136
-841128
-841122
-841112
-841084
-841076
-841012
-841004
-840969
-840956
-840938
-840926
-840917
-840877
-840852
-840808
-840768
-840748
-840664
-840662
-840661
-840634
-840584
-840566
-840524
-840507
-840461
-840447
-840446
-840436
-840429
-840406
-840380
-840371
-840357
-840350
-840322
-840311
-840286
-840280
-840272
-840257
-840257
-840238
-840234
-840227
-840200
-840196
-840148
-840124
-840100
-840092
-840089
-840084
-840073
-840070
-840026
-839992
-839986
-839941
-839922
-839827
-839821
-839821
-839818
-839796
-839768
-839752
-839687
-839681
-839634
-839626
-839622
-839620
-839607
-839599
-839571
-839565
-839556
-839530
-839524
-839509
-839495
-839493
-839449
-839439
-839408
-839407
-839396
-839384
-839354
-839340
-839333
-839330
-839286
-839279
-839257
-839257
-839237
-839198
-839171
-839168
-839166
-839143
-839105
-839098
-839074
-839062
-839060
-839058
-838999
-838975
-838974
-838939
-838890
-838859
-838837
-838813
-838798
-838787
-838782
-838780
-838773
-838760
-838755
-838753
-838746
-838699
-838689
-838685
-838667
-838643
-838597
-838594
-838586
-838586
-838560
-838543
-838527
-838497
-838496
-838460
-838397
-838377
-838369
-838364
-838331
-838327
-838318
-838313
-838291
-838287
-838283
-838269
-838260
-838249
-838245
-838244
-838239
-838227
-838218
-838199
-838194
-838189
-838091
-838056
-838051
-838043
-838003
-837997
-837970
-837969
-837901
-837895
-837878
-837834
-837794
-837791
-837784
-837744
-837734
-837716
-837709
-837691
-837660
-837655
-837638
-837632
-837627
-837626
-837614
-837612
-837601
-837557
-837502
-837476
-837436
-837409
-837387
-837359
-837350
-837311
-837309
-837304
-837300
-837241
-837225
-837205
-837188
-837176
-837176
-837160
-837108
-837089
-837053
-837047
-837025
-837021
-837007
-836986
-836950
-836899
-836898
-836886
-836879
-836868
-836838
-836797
-836780
-836773
-836765
-836739
-836727
-836716
-836676
-836670
-836652
-836643
-836613
-836598
-836594
-836542
-836541
-836538
-836491
-836448
-836446
-836445
-836434
-836431
-836423
-836379
-836377
-836345
-836343
-836275
-836252
-836240
-836234
-836210
-836198
-836178
-836156
-836107
-836090
-836021
-836007
-835992
-835990
-835978
-835967
-835965
-835935
-835924
-835900
-835895
-835861
-835854
-835854
-835852
-835843
-835827
-835823
-835800
-835772
-835749
-835707
-835691
-835669
-835647
-835615
-835601
-835601
-835595
-835594
-835565
-835553
-835524
-835470
-835465
-835456
-835448
-835409
-835401
-835350
-835348
-835344
-835332
-835260
-835247
-835198
-835173
-835170
-835166
-835131
-835129
-835084
-835080
-835067
-835028
-835020
-835006
-834997
-834991
-834987
-834985
-834966
-834963
-834954
-834887
-834852
-834840
-834825
-834820
-834817
-834780
-834778
-834758
-834753
-834715
-834711
-834701
-834699
-834690
-834684
-834669
-834641
-834635
-834612
-834600
-834594
-834544
-834495
-834483
-834478
-834473
-834439
-834431
-834405
-834404
-834403
-834402
-834381
-834323
-834304
-834300
-834258
-834243
-834178
-834116
-834100
-834087
-834086
-834083
-834082
-834068
-833985
-833975
-833961
-833922
-833860
-833857
-833851
-833833
-833825
-833782
-833766
-833739
-833724
-833684
-833684
-833680
-833669
-833662
-833662
-833616
-833608
-833606
-833595
-833580
-833562
-833543
-833517
-833509
-833496
-833487
-833435
-833414
-833398
-833390
-833385
-833364
-833354
-833350
-833341
-833263
-833259
-833252
-833251
-833251
-833210
-833165
-833138
-833132
-833106
-833080
-833069
-833063
-833037
-833025
-833005
-832993
-832984
-832979
-832945
-832944
-832922
-832892
-832830
-832826
-832822
-832801
-832800
-832768
-832746
-832725
-832722
-832702
-832699
-832653
-832563
-832532
-832511
-832507
-832478
-832440
-832433
-832427
-832408
-832389
-832373
-832365
-832289
-832279
-832276
-832270
-832255
-832217
-832212
-832200
-832200
-832171
-832122
-832119
-832116
-832095
-832075
-832073
-832070
-832049
-832025
-832022
-831985
-831970
-831962
-831926
-831923
-831912
-831891
-831870
-831858
-831844
-831830
-831763
-831729
-831727
-831716
-831674
-831665
-831657
-831644
-831643
-831605
-831605
-831601
-831595
-831593
-831574
-831558
-831541
-831497
-831477
-831472
-831459
-831429
-831399
-831383
-831344
-831322
-831309
-831292
-831213
-831210
-831190
-831183
-831177
-831176
-831176
-831174
-831168
-831130
-831124
-831096
-831076
-831062
-831060
-831059
-831044
-830992
-830971
-830969
-830967
-830954
-830952
-830927
-830915
-830881
-830875
-830869
-830846
-830844
-830811
-830792
-830768
-830761
-830751
-830735
-830720
-830709
-830705
-830700
-830660
-830650
-830642
-830617
-830610
-830595
-830556
-830539
-830531
-830446
-830421
-830399
-830395
-830381
-830366
-830363
-830330
-830323
-830287
-830270
-830266
-830258
-830239
-830205
-830198
-830179
-830163
-830129
-830127
-830120
-830093
-830059
-830043
-830007
-829932
-829903
-829878
-829873
-829862
-829846
-829843
-829835
-829759
-829714
-829683
-829679
-829670
-829657
-829653
-829640
-829603
-829571
-829537
-829534
-829528
-829505
-829475
-829456
-829454
-829450
-829443
-829439
-829432
-829420
-829371
-829359
-829335
-829334
-829323
-829300
-829293
-829286
-829213
-829210
-829189
-829177
-829139
-829101
-829099
-829072
-829062
-829054
-829016
-829006
-829001
-828994
-828993
-828981
-828933
-828920
-828895
-828886
-828882
-828845
-828801
-828800
-828790
-828738
-828720
-828704
-828672
-828665
-828645
-828645
-828618
-828576
-828565
-828532
-828528
-828513
-828471
-828466
-828461
-828459
-828361
-828350
-828256
-828249
-828223
-828215
-828168
-828165
-828144
-828126
-828123
-828113
-828110
-828097
-828090
-828065
-828062
-828030
-827987
-827977
-827947
-827939
-827917
-827913
-827904
-827881
-827870
-827827
-827822
-827809
-827769
-827762
-827744
-827731
-827706
-827697
-827695
-827675
-827668
-827666
-827607
-827585
-827572
-827560
-827558
-827518
-827518
-827476
-827468
-827449
-827442
-827408
-827386
-827379
-827357
-827356
-827322
-827299
-827270
-827261
-827254
-827215
-827201
-827165
-827162
-827137
-827131
-827119
-827076
-827076
-827075
-827049
-827017
-827015
-826969
-826930
-826921
-826903
-826886
-826841
-826813
-826792
-826784
-826767
-826764
-826752
-826722
-826651
-826641
-826628
-826611
-826595
-826561
-826523
-826484
-826466
-826452
-826427
-826393
-826339
-826298
-826297
-826284
-826230
-826210
-826204
-826203
-826190
-826164
-826156
-826117
-826109
-826094
-826094
-826083
-826064
-826036
-826007
-826002
-825949
-825933
-825802
-825788
-825757
-825756
-825738
-825736
-825717
-825709
-825689
-825631
-825616
-825612
-825610
-825591
-825591
-825587
-825565
-825559
-825554
-825548
-825537
-825521
-825517
-825472
-825462
-825459
-825433
-825419
-825391
-825391
-825379
-825369
-825358
-825358
-825332
-825324
-825309
-825301
-825285
-825284
-825258
-825242
-825227
-825207
-825198
-825189
-825165
-825163
-825137
-825111
-825102
-825079
-825063
-825062
-824982
-824967
-824954
-824929
-824913
-824893
-824869
-824864
-824863
-824747
-824738
-824734
-824703
-824701
-824672
-824621
-824621
-824605
-824589
-824581
-824572
-824553
-824546
-824533
-824523
-824506
-824482
-824480
-824469
-824468
-824445
-824404
-824404
-824401
-824323
-824254
-824213
-824178
-824171
-824158
-824139
-824132
-824131
-824130
-824114
-824113
-824103
-824092
-824077
-824067
-824011
-823975
-823940
-823927
-823899
-823895
-823889
-823880
-823849
-823840
-823794
-823774
-823740
-823731
-823707
-823690
-823660
-823640
-823626
-823616
-823591
-823537
-823510
-823477
-823472
-823455
-823407
-823385
-823365
-823359
-823356
-823341
-823336
-823336
-823261
-823251
-823236
-823218
-823206
-823167
-823163
-823151
-823151
-823149
-823133
-823082
-823071
-823068
-823057
-823019
-822975
-822972
-822972
-822963
-822954
-822926
-822900
-822868
-822856
-822830
-822796
-822769
-822769
-822751
-822750
-822748
-822697
-822692
-822686
-822685
-822685
-822676
-822669
-822586
-822576
-822536
-822519
-822510
-822497
-822484
-822471
-822438
-822330
-822294
-822273
-822271
-822259
-822257
-822222
-822192
-822191
-822130
-822113
-822056
-822052
-822037
-821970
-821943
-821911
-821903
-821869
-821847
-821847
-821846
-821814
-821798
-821774
-821774
-821769
-821739
-821737
-821730
-821724
-821665
-821658
-821647
-821621
-821617
-821612
-821611
-821607
-821599
-821578
-821537
-821523
-821437
-821408
-821368
-821357
-821319
-821262
-821252
-821250
-821192
-821182
-821170
-821140
-821032
-821021
-820994
-820975
-820944
-820941
-820939
-820901
-820896
-820891
-820887
-820865
-820863
-820858
-820836
-820825
-820817
-820792
-820721
-820713
-820707
-820702
-820694
-820682
-820669
-820601
-820561
-820485
-820477
-820465
-820450
-820436
-820383
-820351
-820343
-820319
-820317
-820237
-820219
-820155
-820136
-820082
-820038
-820022
-820019
-819999
-819999
-819988
-819969
-819931
-819926
-819874
-819869
-819862
-819830
-819770
-819763
-819758
-819744
-819731
-819725
-819712
-819709
-819673
-819672
-819670
-819655
-819620
-819537
-819510
-819498
-819495
-819477
-819455
-819451
-819441
-819431
-819414
-819359
-819352
-819340
-819334
-819325
-819289
-819288
-819287
-819270
-819265
-819261
-819259
-819252
-819241
-819229
-819206
-819192
-819184
-819166
-819152
-819134
-819127
-819122
-819120
-819112
-819073
-819065
-819045
-819042
-819011
-818993
-818957
-818956
-818933
-818925
-818919
-818916
-818878
-818838
-818827
-818814
-818768
-818755
-818748
-818747
-818728
-818725
-818711
-818707
-818658
-818573
-818566
-818527
-818427
-818389
-818387
-818379
-818343
-818292
-818243
-818233
-818226
-818220
-818211
-818167
-818160
-818145
-818128
-818124
-818092
-818042
-817998
-817903
-817895
-817889
-817888
-817885
-817884
-817879
-817870
-817866
-817857
-817845
-817842
-817833
-817784
-817766
-817753
-817737
-817695
-817678
-817660
-817620
-817600
-817576
-817542
-817491
-817485
-817475
-817469
-817468
-817465
-817463
-817461
-817451
-817431
-817430
-817421
-817398
-817378
-817370
-817340
-817334
-817327
-817310
-817260
-817259
-817183
-817162
-817152
-817142
-817127
-817118
-817116
-817079
-817062
-817010
-817001
-816988
-816983
-816950
-816931
-816917
-816893
-816864
-816850
-816836
-816832
-816805
-816800
-816760
-816755
-816728
-816727
-816726
-816721
-816665
-816628
-816524
-816507
-816496
-816496
-816471
-816450
-816433
-816399
-816394
-816391
-816344
-816331
-816263
-816263
-816252
-816248
-816218
-816196
-816181
-816147
-816118
-816116
-816107
-816098
-816078
-816028
-815990
-815987
-815973
-815957
-815899
-815873
-815867
-815844
-815842
-815828
-815792
-815775
-815741
-815737
-815717
-815708
-815687
-815681
-815668
-815645
-815637
-815631
-815610
-815572
-815571
-815541
-815532
-815504
-815471
-815414
-815391
-815368
-815321
-815313
-815289
-815281
-815281
-815260
-815196
-815191
-815182
-815172
-815167
-815138
-815124
-815111
-815091
-815070
-814935
-814916
-814910
-814891
-814880
-814858
-814854
-814831
-814820
-814806
-814784
-814761
-814751
-814748
-814747
-814743
-814688
-814688
-814644
-814612
-814587
-814573
-814554
-814526
-814521
-814501
-814474
-814432
-814415
-814413
-814369
-814366
-814364
-814330
-814322
-814262
-814203
-814174
-814162
-814145
-814126
-814068
-814066
-814025
-814015
-814000
-813999
-813976
-813967
-813951
-813938
-813902
-813803
-813802
-813789
-813778
-813775
-813769
-813750
-813729
-813723
-813711
-813705
-813705
-813693
-813677
-813571
-813553
-813522
-813510
-813510
-813505
-813500
-813491
-813466
-813460
-813454
-813431
-813363
-813352
-813342
-813302
-813291
-813277
-813273
-813268
-813260
-813188
-813151
-813130
-813103
-813087
-812954
-812920
-812904
-812833
-812789
-812782
-812765
-812745
-812741
-812736
-812717
-812713
-812648
-812647
-812647
-812584
-812584
-812565
-812515
-812477
-812398
-812368
-812346
-812341
-812334
-812315
-812311
-812296
-812295
-812286
-812281
-812261
-812259
-812246
-812232
-812205
-812168
-812142
-812140
-812064
-812028
-812022
-812006
-812004
-811983
-811956
-811896
-811880
-811879
-811846
-811831
-811823
-811797
-811777
-811768
-811743
-811734
-811733
-811718
-811718
-811649
-811625
-811613
-811611
-811608
-811572
-811546
-811540
-811530
-811476
-811472
-811444
-811431
-811429
-811415
-811404
-811396
-811323
-811297
-811272
-811229
-811218
-811215
-811206
-811178
-811101
-811087
-811081
-811065
-811047
-811045
-810989
-810980
-810980
-810936
-810934
-810915
-810896
-810877
-810871
-810851
-810837
-810782
-810779
-810766
-810694
-810687
-810665
-810640
-810622
-810618
-810574
-810567
-810566
-810555
-810517
-810512
-810506
-810493
-810478
-810475
-810462
-810437
-810401
-810399
-810364
-810350
-810347
-810304
-810248
-810240
-810221
-810203
-810176
-810132
-810131
-810127
-810122
-810094
-810092
-810078
-810060
-810054
-810031
-810022
-810015
-809973
-809969
-809949
-809943
-809912
-809906
-809892
-809871
-809862
-809859
-809851
-809839
-809829
-809808
-809791
-809790
-809784
-809759
-809727
-809710
-809681
-809658
-809613
-809607
-809590
-809585
-809575
-809499
-809468
-809464
-809455
-809441
-809440
-809403
-809399
-809399
-809329
-809317
-809299
-809291
-809244
-809226
-809221
-809217
-809205
-809189
-809187
-809184
-809174
-809168
-809159
-809159
-809099
-809089
-809024
-808956
-808929
-808919
-808918
-808886
-808876
-808828
-808816
-808802
-808786
-808723
-808699
-808669
-808667
-808660
-808657
-808656
-808631
-808600
-808550
-808546
-808531
-808505
-808500
-808494
-808464
-808461
-808450
-808423
-808409
-808408
-808350
-808323
-808300
-808296
-808287
-808281
-808252
-808239
-808238
-808231
-808225
-808162
-808161
-808135
-808117
-808099
-808075
-808045
-808039
-808039
-808033
-807988
-807971
-807969
-807955
-807950
-807949
-807948
-807948
-807941
-807939
-807926
-807915
-807903
-807903
-807868
-807827
-807776
-807767
-807740
-807676
-807662
-807659
-807597
-807597
-807582
-807557
-807556
-807549
-807539
-807530
-807493
-807450
-807413
-807402
-807339
-807283
-807254
-807254
-807208
-807148
-807102
-807102
-807068
-807051
-807046
-807016
-807016
-806942
-806919
-806916
-806913
-806904
-806875
-806872
-806834
-806825
-806816
-806810
-806807
-806791
-806768
-806746
-806704
-806699
-806697
-806662
-806661
-806656
-806648
-806647
-806646
-806641
-806634
-806627
-806622
-806595
-806590
-806583
-806428
-806419
-806404
-806386
-806385
-806381
-806369
-806369
-806349
-806320
-806314
-806291
-806287
-806281
-806273
-806244
-806229
-806219
-806192
-806185
-806132
-806091
-806037
-806001
-805995
-805976
-805959
-805924
-805898
-805869
-805853
-805829
-805823
-805821
-805762
-805761
-805732
-805717
-805675
-805673
-805658
-805635
-805574
-805574
-805525
-805504
-805479
-805461
-805457
-805425
-805417
-805405
-805392
-805365
-805321
-805268
-805263
-805244
-805232
-805230
-805227
-805189
-805188
-805185
-805157
-805023
-805020
-805001
-804986
-804967
-804965
-804937
-804934
-804928
-804900
-804875
-804863
-804850
-804830
-804822
-804814
-804811
-804763
-804750
-804743
-804702
-804685
-804625
-804613
-804606
-804604
-804591
-804573
-804547
-804546
-804538
-804513
-804503
-804469
-804457
-804420
-804409
-804399
-804374
-804358
-804353
-804346
-804339
-804300
-804292
-804258
-804254
-804210
-804185
-804166
-804160
-804155
-804124
-804101
-804091
-804034
-804027
-804004
-803989
-803985
-803975
-803968
-803966
-803922
-803854
-803846
-803835
-803829
-803776
-803762
-803756
-803750
-803748
-803734
-803723
-803704
-803703
-803695
-803687
-803654
-803652
-803649
-803640
-803574
-803568
-803563
-803531
-803531
-803519
-803490
-803465
-803454
-803431
-803396
-803377
-803361
-803326
-803322
-803315
-803306
-803294
-803273
-803269
-803256
-803246
-803227
-803224
-803218
-803218
-803204
-803204
-803168
-803114
-803084
-803066
-803032
-802978
-802944
-802938
-802903
-802884
-802854
-802846
-802788
-802737
-802736
-802722
-802720
-802689
-802682
-802672
-802662
-802659
-802654
-802623
-802621
-802602
-802582
-802554
-802547
-802503
-802456
-802418
-802402
-802362
-802334
-802279
-802278
-802227
-802226
-802183
-802149
-802092
-802067
-802037
-802016
-802010
-801991
-801978
-801959
-801914
-801903
-801894
-801893
-801892
-801866
-801845
-801836
-801794
-801789
-801767
-801759
-801755
-801734
-801697
-801659
-801657
-801651
-801638
-801590
-801566
-801539
-801528
-801526
-801515
-801495
-801419
-801352
-801343
-801322
-801320
-801299
-801263
-801230
-801201
-801188
-801176
-801153
-801150
-801135
-801123
-801105
-801103
-801086
-801048
-801041
-801017
-801006
-800977
-800919
-800810
-800804
-800787
-800787
-800778
-800733
-800721
-800718
-800704
-800704
-800698
-800698
-800696
-800695
-800659
-800617
-800573
-800560
-800553
-800550
-800529
-800527
-800520
-800494
-800494
-800464
-800442
-800394
-800387
-800384
-800375
-800344
-800312
-800304
-800290
-800278
-800235
-800205
-800197
-800188
-800187
-800133
-800112
-800079
-800067
-800036
-800030
-800028
-800010
-799995
-799941
-799890
-799883
-799823
-799756
-799731
-799690
-799603
-799603
-799602
-799599
-799584
-799572
-799549
-799547
-799542
-799521
-799455
-799447
-799396
-799379
-799355
-799353
-799319
-799301
-799268
-799248
-799246
-799243
-799222
-799199
-799195
-799183
-799176
-799146
-799126
-799116
-799060
-799033
-799006
-798981
-798962
-798939
-798917
-798873
-798870
-798845
-798838
-798773
-798762
-798749
-798738
-798704
-798702
-798663
-798660
-798623
-798601
-798568
-798559
-798559
-798513
-798473
-798470
-798444
-798435
-798416
-798411
-798401
-798389
-798381
-798362
-798303
-798275
-798201
-798171
-798170
-798167
-798155
-798152
-798117
-798113
-798098
-798097
-798082
-798078
-798075
-798067
-798061
-798039
-798028
-798017
-798010
-797992
-797974
-797970
-797956
-797933
-797898
-797833
-797830
-797804
-797802
-797788
-797712
-797671
-797640
-797608
-797600
-797598
-797590
-797565
-797562
-797548
-797532
-797472
-797433
-797428
-797412
-797408
-797363
-797332
-797298
-797270
-797246
-797241
-797233
-797230
-797193
-797161
-797151
-797126
-797124
-797124
-797119
-797116
-797109
-797105
-797085
-797078
-797048
-797033
-797002
-796975
-796964
-796959
-796946
-796941
-796901
-796900
-796900
-796886
-796750
-796747
-796718
-796708
-796641
-796611
-796579
-796577
-796576
-796547
-796515
-796509
-796498
-796497
-796470
-796396
-796384
-796347
-796321
-796301
-796254
-796232
-796230
-796210
-796197
-796196
-796176
-796162
-796156
-796148
-796107
-796095
-796093
-796090
-796032
-796008
-795995
-795969
-795932
-795921
-795903
-795862
-795848
-795839
-795837
-795824
-795812
-795804
-795760
-795754
-795750
-795744
-795734
-795722
-795705
-795701
-795690
-795678
-795640
-795614
-795603
-795561
-795554
-795548
-795517
-795505
-795449
-795447
-795436
-795388
-795375
-795328
-795310
-795305
-795286
-795270
-795265
-795260
-795258
-795240
-795204
-795169
-795169
-795163
-795158
-795152
-795146
-795145
-795135
-795115
-795089
-795074
-795052
-795049
-795047
-795045
-795045
-795013
-794952
-794919
-794918
-794915
-794909
-794870
-794866
-794819
-794816
-794810
-794785
-794782
-794758
-794739
-794732
-794715
-794708
-794692
-794692
-794688
-794667
-794645
-794643
-794550
-794514
-794450
-794448
-794365
-794362
-794347
-794299
-794285
-794262
-794255
-794250
-794240
-794178
-794171
-794154
-794117
-794116
-794111
-794084
-794053
-794034
-794005
-793991
-793944
-793938
-793921
-793916
-793900
-793867
-793866
-793862
-793787
-793781
-793727
-793673
-793653
-793644
-793630
-793617
-793591
-793581
-793520
-793492
-793468
-793430
-793383
-793347
-793291
-793258
-793253
-793243
-793242
-793230
-793190
-793186
-793174
-793155
-793130
-793115
-793101
-793092
-793091
-793035
-793013
-792984
-792974
-792951
-792884
-792881
-792860
-792848
-792848
-792804
-792797
-792784
-792748
-792681
-792650
-792624
-792622
-792608
-792599
-792585
-792527
-792518
-792515
-792511
-792509
-792502
-792480
-792457
-792425
-792418
-792413
-792397
-792397
-792371
-792369
-792359
-792359
-792359
-792358
-792330
-792308
-792303
-792300
-792278
-792262
-792260
-792237
-792232
-792218
-792183
-792177
-792123
-792117
-791997
-791996
-791973
-791963
-791917
-791908
-791906
-791897
-791849
-791816
-791811
-791810
-791771
-791770
-791722
-791683
-791676
-791652
-791651
-791648
-791643
-791641
-791614
-791597
-791540
-791472
-791468
-791445
-791441
-791437
-791411
-791403
-791390
-791377
-791373
-791362
-791362
-791358
-791351
-791351
-791309
-791258
-791257
-791239
-791228
-791197
-791187
-791183
-791123
-791108
-791094
-791036
-791003
-790944
-790937
-790937
-790919
-790901
-790892
-790860
-790848
-790844
-790832
-790831
-790788
-790731
-790726
-790709
-790692
-790660
-790640
-790639
-790632
-790599
-790599
-790557
-790545
-790529
-790502
-790500
-790462
-790443
-790440
-790439
-790434
-790386
-790355
-790325
-790313
-790312
-790301
-790300
-790244
-790243
-790194
-790147
-790114
-790069
-790035
-790015
-790003
-789952
-789950
-789942
-789924
-789915
-789903
-789853
-789852
-789846
-789824
-789811
-789778
-789776
-789754
-789753
-789751
-789739
-789713
-789704
-789702
-789689
-789677
-789663
-789662
-789651
-789644
-789578
-789546
-789534
-789509
-789465
-789459
-789454
-789448
-789444
-789432
-789410
-789352
-789331
-789289
-789279
-789272
-789271
-789213
-789145
-789108
-789063
-789043
-789007
-788959
-788952
-788929
-788914
-788891
-788877
-788874
-788792
-788785
-788765
-788736
-788720
-788698
-788685
-788642
-788642
-788624
-788621
-788616
-788614
-788597
-788581
-788577
-788548
-788516
-788510
-788506
-788485
-788422
-788413
-788407
-788397
-788390
-788374
-788330
-788301
-788298
-788249
-788231
-788183
-788157
-788141
-788120
-788098
-788064
-788030
-788017
-787974
-787913
-787883
-787864
-787862
-787850
-787840
-787836
-787831
-787816
-787814
-787803
-787792
-787752
-787745
-787742
-787729
-787681
-787678
-787618
-787601
-787595
-787574
-787526
-787521
-787515
-787507
-787461
-787403
-787400
-787398
-787391
-787348
-787338
-787323
-787313
-787308
-787307
-787305
-787280
-787279
-787264
-787258
-787258
-787257
-787242
-787234
-787193
-787193
-787145
-787125
-787119
-787117
-787117
-787046
-787043
-787038
-787020
-787006
-786989
-786955
-786946
-786916
-786909
-786872
-786871
-786853
-786822
-786804
-786800
-786784
-786782
-786764
-786735
-786688
-786680
-786611
-786578
-786571
-786555
-786536
-786494
-786477
-786423
-786413
-786396
-786394
-786388
-786346
-786326
-786291
-786259
-786256
-786232
-786222
-786219
-786211
-786200
-786194
-786106
-786080
-786078
-786041
-786018
-786009
-785989
-785944
-785929
-785905
-785902
-785893
-785838
-785805
-785770
-785757
-785729
-785693
-785672
-785608
-785601
-785592
-785493
-785427
-785382
-785352
-785307
-785303
-785288
-785277
-785225
-785169
-785152
-785141
-785139
-785072
-784977
-784965
-784964
-784957
-784938
-784937
-784936
-784847
-784829
-784812
-784806
-784803
-784789
-784749
-784749
-784745
-784739
-784738
-784737
-784732
-784700
-784700
-784689
-784680
-784675
-784674
-784622
-784607
-784604
-784533
-784507
-784480
-784479
-784455
-784414
-784385
-784381
-784380
-784371
-784319
-784307
-784304
-784302
-784281
-784276
-784271
-784269
-784266
-784252
-784249
-784236
-784227
-784209
-784209
-784206
-784185
-784179
-784161
-784160
-784140
-784131
-784120
-784103
-784093
-784069
-784061
-784031
-783981
-783889
-783855
-783792
-783784
-783780
-783765
-783764
-783732
-783715
-783710
-783708
-783698
-783697
-783691
-783685
-783680
-783676
-783631
-783601
-783577
-783560
-783523
-783497
-783493
-783477
-783467
-783446
-783424
-783400
-783373
-783364
-783360
-783359
-783354
-783345
-783345
-783308
-783301
-783245
-783219
-783216
-783182
-783170
-783170
-783158
-783142
-783131
-783127
-783093
-783066
-783037
-783031
-783023
-783016
-783001
-783000
-782982
-782980
-782947
-782921
-782903
-782887
-782868
-782851
-782850
-782839
-782836
-782834
-782834
-782793
-782791
-782788
-782769
-782745
-782677
-782632
-782621
-782613
-782603
-782575
-782565
-782534
-782517
-782504
-782499
-782476
-782457
-782456
-782433
-782412
-782376
-782374
-782365
-782354
-782340
-782313
-782301
-782297
-782283
-782267
-782264
-782258
-782246
-782240
-782237
-782211
-782211
-782173
-782145
-782125
-782106
-782103
-782065
-782045
-782026
-782024
-782008
-781996
-781985
-781918
-781903
-781888
-781861
-781826
-781786
-781732
-781713
-781702
-781692
-781680
-781677
-781670
-781639
-781598
-781584
-781580
-781579
-781575
-781571
-781561
-781550
-781533
-781529
-781518
-781507
-781507
-781506
-781484
-781473
-781470
-781467
-781409
-781372
-781359
-781337
-781335
-781330
-781285
-781277
-781254
-781205
-781187
-781142
-781093
-781090
-781083
-781068
-781004
-780994
-780947
-780905
-780862
-780848
-780833
-780829
-780806
-780782
-780776
-780712
-780657
-780656
-780652
-780634
-780618
-780575
-780566
-780551
-780494
-780382
-780347
-780347
-780321
-780312
-780312
-780278
-780262
-780238
-780234
-780224
-780211
-780205
-780180
-780150
-780146
-780123
-780110
-780108
-780101
-780085
-780004
-780003
-779995
-779981
-779973
-779955
-779955
-779953
-779946
-779946
-779932
-779912
-779871
-779858
-779849
-779791
-779763
-779753
-779744
-779718
-779717
-779694
-779666
-779632
-779594
-779591
-779563
-779552
-779481
-779470
-779452
-779447
-779442
-779434
-779407
-779395
-779390
-779388
-779365
-779362
-779354
-779316
-779291
-779284
-779282
-779234
-779212
-779208
-779191
-779126
-779120
-779061
-779048
-779046
-779012
-778997
-778994
-778991
-778987
-778974
-778932
-778921
-778918
-778892
-778878
-778870
-778869
-778855
-778851
-778840
-778835
-778772
-778770
-778741
-778733
-778732
-778731
-778714
-778700
-778665
-778652
-778630
-778603
-778528
-778518
-778504
-778477
-778424
-778394
-778392
-778295
-778268
-778259
-778187
-778136
-778119
-778058
-778031
-778029
-778019
-778017
-778008
-778000
-777981
-777978
-777970
-777969
-777905
-777867
-777781
-777774
-777754
-777748
-777676
-777580
-777580
-777531
-777463
-777442
-777386
-777359
-777342
-777327
-777308
-777297
-777256
-777249
-777248
-777163
-777142
-777122
-777111
-777061
-777029
-777000
-776996
-776975
-776963
-776955
-776946
-776936
-776902
-776886
-776839
-776831
-776808
-776804
-776802
-776799
-776796
-776768
-776744
-776738
-776735
-776723
-776700
-776691
-776614
-776597
-776575
-776470
-776397
-776397
-776395
-776342
-776337
-776335
-776330
-776237
-776236
-776225
-776193
-776187
-776173
-776146
-776100
-776071
-776057
-776057
-776051
-776037
-776011
-775992
-775990
-775980
-775959
-775921
-775913
-775896
-775873
-775863
-775862
-775838
-775833
-775814
-775812
-775802
-775779
-775771
-775738
-775710
-775708
-775687
-775672
-775607
-775588
-775569
-775558
-775534
-775521
-775493
-775488
-775467
-775388
-775382
-775377
-775354
-775353
-775349
-775341
-775338
-775250
-775236
-775228
-775216
-775193
-775188
-775138
-775099
-775090
-775084
-775063
-775029
-775018
-775016
-774955
-774948
-774940
-774928
-774908
-774896
-774879
-774872
-774819
-774808
-774790
-774781
-774735
-774690
-774687
-774677
-774676
-774671
-774625
-774615
-774588
-774566
-774562
-774541
-774509
-774500
-774478
-774452
-774433
-774433
-774429
-774421
-774408
-774401
-774378
-774372
-774370
-774260
-774258
-774252
-774241
-774221
-774140
-774139
-774129
-774107
-774100
-774095
-774058
-774058
-774027
-774018
-773997
-773995
-773980
-773972
-773957
-773929
-773926
-773916
-773913
-773849
-773847
-773839
-773772
-773719
-773700
-773685
-773673
-773673
-773667
-773658
-773627
-773610
-773597
-773579
-773577
-773573
-773571
-773531
-773529
-773499
-773496
-773489
-773462
-773454
-773446
-773401
-773398
-773351
-773322
-773314
-773308
-773270
-773249
-773247
-773227
-773203
-773196
-773180
-773122
-773098
-773092
-773064
-773036
-773035
-773021
-773009
-772915
-772897
-772841
-772813
-772795
-772783
-772762
-772743
-772735
-772723
-772693
-772688
-772677
-772672
-772638
-772612
-772610
-772527
-772510
-772465
-772462
-772454
-772448
-772447
-772445
-772427
-772400
-772371
-772339
-772270
-772261
-772252
-772214
-772205
-772169
-772160
-772140
-772119
-772115
-772100
-772080
-772048
-772044
-772024
-771997
-771992
-771978
-771962
-771951
-771947
-771907
-771895
-771867
-771850
-771848
-771824
-771789
-771782
-771781
-771759
-771757
-771708
-771684
-771665
-771568
-771554
-771530
-771497
-771470
-771445
-771398
-771334
-771328
-771319
-771302
-771294
-771281
-771261
-771233
-771217
-771170
-771161
-771130
-771096
-771084
-771074
-771073
-771058
-771053
-771032
-770976
-770878
-770848
-770845
-770835
-770786
-770779
-770738
-770665
-770657
-770656
-770647
-770624
-770620
-770599
-770577
-770552
-770549
-770546
-770541
-770537
-770537
-770524
-770505
-770428
-770418
-770394
-770370
-770344
-770332
-770331
-770322
-770301
-770277
-770277
-770238
-770210
-770178
-770172
-770068
-770068
-770040
-769994
-769987
-769982
-769974
-769949
-769938
-769936
-769927
-769908
-769893
-769888
-769884
-769883
-769863
-769835
-769790
-769768
-769764
-769745
-769733
-769725
-769724
-769698
-769662
-769657
-769644
-769639
-769615
-769611
-769609
-769602
-769594
-769558
-769476
-769435
-769415
-769402
-769397
-769388
-769371
-769351
-769326
-769320
-769320
-769317
-769312
-769310
-769254
-769197
-769195
-769139
-769107
-769079
-769078
-769072
-769066
-769064
-769028
-768997
-768984
-768964
-768959
-768943
-768894
-768865
-768861
-768812
-768796
-768785
-768685
-768682
-768659
-768652
-768590
-768577
-768576
-768532
-768531
-768525
-768497
-768482
-768439
-768413
-768368
-768362
-768360
-768333
-768315
-768297
-768285
-768283
-768281
-768226
-768213
-768190
-768188
-768173
-768167
-768137
-768102
-768095
-768087
-768071
-768071
-768034
-767989
-767984
-767943
-767934
-767917
-767894
-767884
-767866
-767843
-767824
-767807
-767803
-767803
-767799
-767787
-767778
-767774
-767757
-767731
-767708
-767689
-767672
-767665
-767633
-767631
-767598
-767591
-767566
-767562
-767543
-767497
-767469
-767431
-767425
-767414
-767411
-767380
-767337
-767333
-767332
-767329
-767323
-767310
-767294
-767270
-767268
-767247
-767138
-767128
-767088
-767066
-767025
-767013
-767012
-766971
-766928
-766925
-766912
-766859
-766839
-766825
-766798
-766792
-766769
-766752
-766746
-766723
-766704
-766681
-766659
-766656
-766643
-766630
-766596
-766596
-766573
-766570
-766536
-766517
-766509
-766494
-766492
-766487
-766452
-766434
-766434
-766421
-766394
-766382
-766327
-766303
-766296
-766268
-766267
-766241
-766213
-766208
-766178
-766157
-766151
-766150
-766129
-766120
-766120
-766102
-766098
-766071
-766047
-765987
-765962
-765943
-765928
-765926
-765911
-765903
-765875
-765864
-765822
-765818
-765801
-765790
-765769
-765707
-765695
-765654
-765643
-765576
-765555
-765552
-765550
-765544
-765542
-765523
-765506
-765424
-765411
-765362
-765337
-765330
-765295
-765234
-765182
-765176
-765174
-765165
-765152
-765100
-765093
-765089
-765047
-765030
-764991
-764963
-764923
-764900
-764889
-764879
-764866
-764861
-764847
-764839
-764832
-764775
-764769
-764766
-764708
-764686
-764656
-764642
-764604
-764585
-764553
-764521
-764496
-764471
-764451
-764449
-764447
-764438
-764412
-764407
-764406
-764369
-764352
-764312
-764220
-764218
-764217
-764190
-764182
-764124
-764122
-764054
-764050
-764031
-764019
-763965
-763952
-763937
-763902
-763900
-763860
-763854
-763841
-763808
-763792
-763775
-763731
-763719
-763694
-763688
-763674
-763638
-763637
-763634
-763628
-763627
-763616
-763601
-763539
-763526
-763524
-763517
-763488
-763478
-763477
-763469
-763443
-763440
-763435
-763432
-763409
-763378
-763375
-763342
-763338
-763328
-763299
-763255
-763251
-763248
-763225
-763150
-763147
-763132
-763118
-763102
-763085
-763077
-763070
-763032
-763032
-763032
-763022
-762993
-762978
-762973
-762962
-762953
-762948
-762892
-762865
-762842
-762813
-762787
-762714
-762702
-762689
-762668
-762663
-762656
-762624
-762618
-762604
-762602
-762577
-762574
-762547
-762545
-762543
-762482
-762481
-762474
-762458
-762451
-762382
-762347
-762325
-762317
-762277
-762264
-762220
-762192
-762169
-762151
-762149
-762131
-762089
-762070
-762068
-762047
-761983
-761975
-761969
-761954
-761954
-761911
-761879
-761867
-761853
-761849
-761822
-761821
-761811
-761793
-761769
-761720
-761694
-761654
-761639
-761625
-761573
-761538
-761537
-761519
-761513
-761508
-761502
-761467
-761449
-761440
-761417
-761414
-761376
-761319
-761293
-761281
-761275
-761270
-761267
-761263
-761260
-761253
-761225
-761209
-761183
-761164
-761151
-761122
-761092
-761083
-761070
-761068
-761043
-761042
-760991
-760951
-760948
-760942
-760920
-760890
-760877
-760765
-760760
-760749
-760747
-760738
-760702
-760658
-760625
-760567
-760541
-760533
-760517
-760493
-760470
-760450
-760448
-760424
-760414
-760389
-760388
-760358
-760350
-760338
-760322
-760304
-760297
-760296
-760260
-760255
-760228
-760208
-760188
-760177
-760141
-760123
-760119
-760097
-760093
-760092
-760086
-760081
-760066
-760061
-760059
-760056
-760040
-760034
-760000
-759995
-759988
-759967
-759955
-759946
-759944
-759912
-759861
-759851
-759820
-759820
-759818
-759812
-759784
-759770
-759767
-759765
-759745
-759730
-759716
-759699
-759632
-759576
-759541
-759528
-759497
-759492
-759485
-759479
-759455
-759450
-759431
-759409
-759353
-759349
-759347
-759313
-759294
-759275
-759209
-759195
-759195
-759188
-759177
-759153
-759143
-759142
-759110
-759086
-759084
-759036
-759015
-759000
-758991
-758979
-758965
-758963
-758958
-758897
-758886
-758885
-758852
-758825
-758804
-758785
-758780
-758736
-758731
-758677
-758658
-758657
-758645
-758571
-758556
-758547
-758545
-758471
-758451
-758428
-758400
-758390
-758374
-758354
-758349
-758342
-758322
-758315
-758295
-758278
-758268
-758218
-758217
-758210
-758183
-758179
-758166
-758163
-758131
-758116
-758113
-758108
-758102
-758081
-758077
-758073
-758040
-758028
-757999
-757987
-757946
-757925
-757868
-757860
-757831
-757827
-757819
-757787
-757783
-757783
-757752
-757716
-757709
-757708
-757687
-757686
-757679
-757647
-757593
-757543
-757510
-757501
-757469
-757424
-757415
-757414
-757395
-757394
-757378
-757375
-757356
-757333
-757326
-757313
-757303
-757300
-757293
-757290
-757276
-757270
-757260
-757256
-757192
-757181
-757180
-757161
-757159
-757159
-757142
-757114
-757111
-757111
-757100
-757069
-757054
-756981
-756971
-756969
-756962
-756953
-756951
-756931
-756913
-756896
-756894
-756864
-756864
-756842
-756799
-756792
-756792
-756791
-756770
-756764
-756729
-756728
-756697
-756669
-756666
-756639
-756624
-756618
-756592
-756576
-756562
-756543
-756539
-756531
-756525
-756450
-756419
-756404
-756366
-756350
-756349
-756345
-756344
-756344
-756342
-756338
-756338
-756332
-756325
-756319
-756263
-756256
-756252
-756235
-756220
-756178
-756138
-756130
-756108
-756075
-756075
-756071
-756059
-756021
-756010
-755997
-755968
-755962
-755954
-755908
-755888
-755855
-755846
-755832
-755819
-755816
-755808
-755759
-755742
-755723
-755721
-755700
-755692
-755627
-755612
-755598
-755538
-755534
-755524
-755520
-755511
-755507
-755452
-755439
-755422
-755393
-755380
-755371
-755364
-755349
-755310
-755260
-755236
-755230
-755222
-755214
-755210
-755208
-755154
-755124
-755118
-755079
-755072
-755071
-755051
-755032
-754999
-754994
-754942
-754929
-754919
-754902
-754889
-754887
-754874
-754850
-754839
-754796
-754732
-754725
-754722
-754717
-754709
-754678
-754618
-754608
-754595
-754591
-754523
-754484
-754482
-754456
-754451
-754446
-754429
-754422
-754413
-754376
-754356
-754346
-754341
-754326
-754278
-754261
-754255
-754249
-754204
-754192
-754152
-754146
-754128
-754056
-754022
-754021
-754018
-753993
-753990
-753961
-753957
-753929
-753925
-753925
-753921
-753913
-753867
-753866
-753855
-753830
-753771
-753731
-753726
-753709
-753701
-753698
-753697
-753683
-753649
-753611
-753603
-753603
-753596
-753590
-753567
-753565
-753564
-753558
-753545
-753534
-753524
-753511
-753495
-753488
-753473
-753471
-753441
-753431
-753421
-753397
-753383
-753316
-753308
-753308
-753290
-753288
-753268
-753260
-753247
-753247
-753234
-753193
-753188
-753167
-753145
-753142
-753093
-753060
-753036
-753030
-752991
-752986
-752962
-752937
-752937
-752897
-752886
-752870
-752863
-752862
-752859
-752845
-752833
-752828
-752792
-752790
-752787
-752777
-752764
-752758
-752714
-752663
-752632
-752618
-752593
-752569
-752556
-752553
-752533
-752501
-752477
-752476
-752471
-752462
-752458
-752455
-752426
-752425
-752390
-752381
-752339
-752322
-752283
-752282
-752277
-752267
-752266
-752266
-752230
-752230
-752228
-752195
-752181
-752149
-752141
-752117
-752110
-752084
-752072
-752058
-752057
-752053
-752047
-752042
-752029
-752025
-752018
-751995
-751992
-751969
-751968
-751959
-751923
-751890
-751864
-751800
-751790
-751789
-751787
-751771
-751714
-751683
-751671
-751654
-751625
-751608
-751588
-751568
-751554
-751521
-751470
-751415
-751356
-751319
-751301
-751275
-751269
-751248
-751246
-751231
-751160
-751158
-751124
-751119
-751088
-751082
-751067
-751049
-751037
-750961
-750912
-750889
-750875
-750840
-750811
-750807
-750802
-750740
-750707
-750683
-750671
-750659
-750657
-750646
-750435
-750416
-750403
-750375
-750367
-750340
-750325
-750313
-750298
-750297
-750295
-750290
-750232
-750231
-750190
-750183
-750175
-750173
-750155
-750154
-750144
-750088
-750070
-750019
-749949
-749948
-749909
-749908
-749906
-749902
-749901
-749880
-749878
-749872
-749850
-749849
-749847
-749841
-749839
-749801
-749750
-749717
-749716
-749636
-749609
-749600
-749531
-749501
-749478
-749420
-749410
-749355
-749324
-749280
-749265
-749261
-749245
-749207
-749206
-749204
-749194
-749190
-749183
-749178
-749136
-749123
-749111
-749099
-749095
-749061
-749051
-749024
-748986
-748970
-748959
-748924
-748908
-748882
-748881
-748871
-748855
-748844
-748804
-748785
-748740
-748723
-748687
-748687
-748678
-748671
-748664
-748621
-748605
-748572
-748565
-748559
-748555
-748543
-748516
-748511
-748453
-748414
-748405
-748385
-748345
-748342
-748330
-748322
-748322
-748310
-748265
-748256
-748256
-748230
-748227
-748210
-748199
-748198
-748136
-748131
-748103
-748074
-748045
-748024
-748004
-748000
-747960
-747958
-747947
-747863
-747863
-747856
-747848
-747773
-747736
-747732
-747717
-747704
-747628
-747621
-747562
-747556
-747552
-747520
-747474
-747465
-747411
-747364
-747343
-747338
-747321
-747288
-747285
-747251
-747250
-747227
-747211
-747199
-747180
-747156
-747149
-747104
-747077
-747069
-747062
-747052
-746985
-746969
-746962
-746931
-746914
-746905
-746885
-746877
-746863
-746833
-746817
-746789
-746780
-746756
-746751
-746732
-746694
-746676
-746672
-746621
-746620
-746616
-746591
-746539
-746521
-746515
-746501
-746488
-746478
-746464
-746452
-746425
-746419
-746413
-746389
-746387
-746347
-746333
-746309
-746296
-746264
-746261
-746246
-746234
-746164
-746156
-746141
-746102
-746100
-746057
-746056
-746041
-746036
-746000
-745993
-745970
-745963
-745946
-745914
-745889
-745868
-745839
-745815
-745796
-745793
-745787
-745783
-745776
-745760
-745747
-745732
-745695
-745649
-745649
-745634
-745634
-745632
-745620
-745601
-745576
-745488
-745450
-745398
-745376
-745365
-745357
-745338
-745314
-745313
-745292
-745282
-745274
-745264
-745259
-745247
-745204
-745200
-745184
-745180
-745092
-745084
-745083
-745066
-745052
-745013
-744999
-744982
-744978
-744968
-744949
-744914
-744883
-744858
-744830
-744827
-744819
-744764
-744756
-744753
-744673
-744672
-744618
-744565
-744549
-744542
-744525
-744511
-744497
-744477
-744421
-744418
-744383
-744367
-744332
-744332
-744330
-744313
-744300
-744275
-744251
-744248
-744244
-744225
-744221
-744170
-744158
-744145
-744122
-744096
-744095
-744069
-744024
-744014
-743981
-743978
-743966
-743938
-743926
-743926
-743900
-743872
-743855
-743850
-743847
-743843
-743833
-743783
-743771
-743761
-743760
-743754
-743696
-743679
-743651
-743588
-743586
-743575
-743568
-743558
-743556
-743513
-743491
-743486
-743480
-743465
-743449
-743428
-743394
-743391
-743358
-743305
-743295
-743295
-743271
-743264
-743245
-743220
-743169
-743148
-743117
-743086
-743084
-743077
-743057
-743018
-743013
-743010
-743001
-742968
-742941
-742935
-742934
-742854
-742843
-742838
-742813
-742800
-742799
-742798
-742763
-742752
-742689
-742687
-742655
-742617
-742614
-742598
-742594
-742587
-742522
-742504
-742496
-742484
-742456
-742447
-742416
-742409
-742399
-742387
-742352
-742326
-742304
-742246
-742186
-742151
-742134
-742097
-742066
-742063
-742062
-742058
-742058
-742039
-742000
-741968
-741910
-741909
-741843
-741838
-741824
-741801
-741785
-741737
-741703
-741696
-741668
-741649
-741647
-741624
-741616
-741615
-741609
-741608
-741592
-741555
-741555
-741553
-741532
-741517
-741504
-741495
-741487
-741475
-741474
-741459
-741455
-741439
-741435
-741433
-741411
-741385
-741327
-741324
-741310
-741274
-741273
-741268
-741253
-741252
-741246
-741226
-741204
-741192
-741175
-741155
-741129
-741107
-741098
-741089
-741085
-741080
-741077
-741064
-740990
-740987
-740947
-740944
-740939
-740934
-740920
-740907
-740863
-740844
-740726
-740704
-740679
-740668
-740652
-740648
-740625
-740625
-740587
-740558
-740516
-740511
-740503
-740488
-740478
-740475
-740474
-740409
-740396
-740377
-740370
-740348
-740328
-740315
-740287
-740278
-740275
-740255
-740236
-740232
-740217
-740202
-740168
-740161
-740154
-740146
-740135
-740130
-740128
-740126
-740100
-740048
-740042
-739988
-739963
-739944
-739923
-739915
-739911
-739904
-739824
-739820
-739817
-739808
-739800
-739775
-739763
-739744
-739734
-739732
-739716
-739656
-739653
-739634
-739613
-739587
-739567
-739565
-739553
-739547
-739539
-739538
-739532
-739471
-739430
-739382
-739362
-739352
-739350
-739347
-739325
-739298
-739291
-739280
-739265
-739252
-739223
-739213
-739167
-739086
-739005
-739001
-738993
-738961
-738935
-738901
-738896
-738889
-738879
-738854
-738831
-738796
-738795
-738766
-738724
-738698
-738654
-738628
-738584
-738580
-738578
-738551
-738519
-738518
-738514
-738495
-738482
-738479
-738468
-738463
-738451
-738416
-738409
-738408
-738408
-738393
-738383
-738378
-738339
-738321
-738301
-738297
-738292
-738276
-738270
-738249
-738184
-738159
-738156
-738154
-738144
-738075
-738074
-738051
-738051
-738025
-738018
-737972
-737902
-737896
-737775
-737732
-737644
-737638
-737637
-737593
-737549
-737518
-737508
-737488
-737444
-737438
-737429
-737420
-737399
-737396
-737393
-737390
-737382
-737345
-737343
-737342
-737309
-737270
-737240
-737212
-737212
-737198
-737186
-737181
-737165
-737139
-737099
-737094
-737079
-737071
-737068
-737048
-737039
-737006
-736997
-736985
-736971
-736958
-736913
-736882
-736859
-736841
-736796
-736795
-736774
-736769
-736757
-736738
-736731
-736694
-736694
-736637
-736617
-736617
-736614
-736609
-736604
-736599
-736595
-736556
-736553
-736537
-736526
-736525
-736521
-736475
-736474
-736459
-736456
-736450
-736407
-736370
-736359
-736343
-736342
-736262
-736254
-736248
-736240
-736211
-736188
-736179
-736163
-736145
-736074
-736070
-736034
-736028
-736002
-735995
-735979
-735957
-735942
-735910
-735876
-735874
-735863
-735834
-735786
-735781
-735779
-735762
-735741
-735719
-735649
-735637
-735604
-735569
-735515
-735508
-735507
-735504
-735460
-735400
-735398
-735378
-735363
-735354
-735333
-735322
-735316
-735302
-735277
-735261
-735258
-735249
-735246
-735245
-735236
-735215
-735182
-735179
-735163
-735121
-735105
-735102
-735100
-735059
-735057
-735014
-735006
-735002
-734955
-734932
-734928
-734927
-734923
-734898
-734871
-734854
-734852
-734837
-734827
-734817
-734796
-734777
-734762
-734743
-734718
-734697
-734687
-734649
-734605
-734601
-734595
-734531
-734512
-734450
-734448
-734414
-734395
-734342
-734340
-734282
-734269
-734225
-734174
-734173
-734131
-734124
-734115
-734106
-734056
-734024
-734010
-733987
-733980
-733948
-733946
-733946
-733940
-733905
-733871
-733861
-733856
-733851
-733814
-733792
-733786
-733785
-733770
-733700
-733641
-733593
-733589
-733584
-733564
-733559
-733530
-733506
-733502
-733488
-733477
-733456
-733448
-733440
-733417
-733411
-733390
-733350
-733323
-733284
-733272
-733266
-733215
-733205
-733198
-733186
-733181
-733178
-733143
-733142
-733135
-733128
-733124
-733116
-733086
-733083
-733077
-733066
-733064
-733042
-732982
-732939
-732926
-732897
-732867
-732839
-732821
-732800
-732782
-732758
-732729
-732691
-732666
-732638
-732638
-732585
-732582
-732514
-732508
-732499
-732497
-732487
-732480
-732472
-732451
-732432
-732409
-732406
-732393
-732381
-732375
-732375
-732367
-732347
-732296
-732283
-732271
-732257
-732255
-732249
-732247
-732241
-732231
-732228
-732228
-732213
-732178
-732173
-732156
-732136
-732134
-732106
-732096
-732059
-732057
-732055
-732053
-732026
-732019
-731991
-731955
-731953
-731953
-731953
-731953
-731947
-731927
-731913
-731906
-731900
-731899
-731814
-731796
-731794
-731793
-731773
-731720
-731707
-731690
-731676
-731592
-731586
-731581
-731562
-731550
-731544
-731538
-731509
-731499
-731485
-731482
-731460
-731450
-731439
-731418
-731378
-731336
-731330
-731326
-731322
-731317
-731268
-731244
-731217
-731150
-731132
-731129
-731063
-731039
-730981
-730979
-730953
-730938
-730933
-730919
-730888
-730814
-730796
-730732
-730723
-730716
-730709
-730701
-730649
-730647
-730640
-730639
-730590
-730580
-730559
-730491
-730456
-730360
-730349
-730305
-730299
-730286
-730228
-730220
-730177
-730172
-730164
-730152
-730151
-730151
-730150
-730148
-730135
-730106
-730088
-730088
-730085
-730078
-730042
-730037
-730017
-729994
-729977
-729966
-729956
-729950
-729949
-729912
-729907
-729892
-729891
-729867
-729836
-729823
-729821
-729796
-729776
-729771
-729749
-729742
-729736
-729700
-729697
-729644
-729644
-729641
-729641
-729631
-729618
-729610
-729560
-729539
-729530
-729526
-729508
-729499
-729475
-729472
-729446
-729423
-729422
-729407
-729405
-729393
-729348
-729304
-729289
-729277
-729269
-729179
-729094
-729083
-729079
-729054
-729051
-729046
-729023
-729019
-729002
-728984
-728974
-728935
-728925
-728910
-728907
-728901
-728792
-728665
-728663
-728652
-728626
-728622
-728613
-728610
-728573
-728549
-728546
-728545
-728537
-728466
-728457
-728428
-728404
-728398
-728394
-728393
-728362
-728272
-728248
-728246
-728241
-728161
-728151
-728148
-728146
-728118
-728059
-728015
-727989
-727987
-727970
-727936
-727913
-727896
-727874
-727848
-727847
-727845
-727826
-727824
-727739
-727738
-727710
-727692
-727665
-727637
-727588
-727576
-727571
-727545
-727536
-727476
-727475
-727362
-727326
-727306
-727293
-727252
-727241
-727233
-727223
-727215
-727155
-727146
-727128
-727118
-727102
-727098
-727091
-727073
-727063
-727041
-727030
-727018
-727014
-727003
-726963
-726939
-726870
-726783
-726731
-726728
-726710
-726699
-726697
-726697
-726673
-726655
-726630
-726622
-726613
-726549
-726535
-726531
-726487
-726446
-726436
-726429
-726400
-726377
-726359
-726344
-726332
-726311
-726309
-726305
-726296
-726287
-726275
-726266
-726262
-726219
-726194
-726194
-726141
-726131
-726100
-726085
-726067
-726046
-726043
-726036
-726034
-726023
-725998
-725996
-725989
-725982
-725959
-725957
-725934
-725931
-725927
-725876
-725828
-725782
-725773
-725764
-725670
-725661
-725579
-725571
-725545
-725541
-725534
-725532
-725497
-725489
-725479
-725474
-725454
-725419
-725416
-725373
-725354
-725353
-725349
-725272
-725224
-725203
-725184
-725180
-725171
-725130
-725122
-725110
-725056
-725053
-724954
-724947
-724944
-724930
-724908
-724898
-724896
-724891
-724887
-724884
-724873
-724859
-724857
-724766
-724742
-724736
-724730
-724722
-724712
-724708
-724673
-724660
-724659
-724627
-724603
-724586
-724567
-724522
-724496
-724486
-724482
-724479
-724459
-724410
-724387
-724365
-724328
-724315
-724283
-724249
-724199
-724177
-724151
-724145
-724129
-724120
-724112
-724090
-724082
-724079
-724079
-724069
-724051
-724041
-724029
-723984
-723981
-723963
-723946
-723945
-723930
-723928
-723899
-723883
-723881
-723871
-723845
-723727
-723721
-723720
-723712
-723661
-723640
-723638
-723626
-723625
-723625
-723600
-723587
-723578
-723550
-723538
-723515
-723472
-723463
-723439
-723408
-723372
-723345
-723293
-723274
-723264
-723250
-723207
-723202
-723189
-723180
-723168
-723138
-723130
-723109
-723080
-723070
-723024
-723010
-722993
-722991
-722944
-722935
-722903
-722849
-722841
-722828
-722791
-722642
-722641
-722634
-722553
-722502
-722493
-722491
-722488
-722448
-722447
-722447
-722445
-722439
-722429
-722425
-722408
-722406
-722393
-722346
-722330
-722281
-722266
-722220
-722219
-722205
-722193
-722157
-722142
-722133
-722069
-722049
-722045
-722019
-721999
-721988
-721987
-721982
-721935
-721932
-721921
-721911
-721906
-721896
-721895
-721894
-721864
-721840
-721828
-721816
-721807
-721804
-721799
-721797
-721753
-721663
-721663
-721627
-721591
-721588
-721584
-721534
-721507
-721486
-721478
-721476
-721466
-721446
-721414
-721388
-721375
-721371
-721367
-721347
-721343
-721335
-721312
-721307
-721279
-721266
-721241
-721237
-721219
-721218
-721216
-721216
-721198
-721176
-721135
-721100
-721099
-721064
-721058
-721042
-721039
-721003
-720998
-720996
-720973
-720949
-720948
-720947
-720938
-720926
-720918
-720895
-720861
-720808
-720807
-720781
-720728
-720716
-720693
-720688
-720619
-720609
-720579
-720577
-720560
-720553
-720538
-720531
-720491
-720478
-720435
-720431
-720415
-720286
-720273
-720268
-720240
-720236
-720220
-720214
-720209
-720197
-720169
-720157
-720152
-720119
-720100
-720072
-719998
-719940
-719935
-719919
-719905
-719901
-719898
-719894
-719875
-719860
-719846
-719826
-719783
-719755
-719743
-719735
-719727
-719723
-719697
-719653
-719617
-719610
-719599
-719591
-719582
-719581
-719570
-719565
-719528
-719508
-719479
-719470
-719452
-719445
-719433
-719430
-719423
-719407
-719383
-719335
-719326
-719312
-719303
-719290
-719279
-719253
-719246
-719214
-719173
-719146
-719120
-719080
-719060
-719000
-718956
-718913
-718856
-718853
-718848
-718829
-718828
-718813
-718786
-718772
-718738
-718681
-718676
-718669
-718662
-718558
-718551
-718545
-718543
-718496
-718472
-718427
-718426
-718398
-718397
-718356
-718348
-718346
-718341
-718338
-718336
-718273
-718236
-718197
-718189
-718179
-718175
-718121
-718082
-718059
-718057
-718049
-718026
-718026
-717996
-717959
-717922
-717877
-717836
-717829
-717822
-717803
-717796
-717795
-717756
-717756
-717725
-717706
-717700
-717685
-717681
-717674
-717635
-717578
-717561
-717515
-717513
-717495
-717465
-717454
-717378
-717371
-717360
-717352
-717336
-717325
-717294
-717280
-717249
-717209
-717181
-717156
-717147
-717136
-717124
-717107
-717068
-717064
-717027
-716999
-716969
-716938
-716893
-716879
-716840
-716832
-716744
-716729
-716650
-716628
-716618
-716574
-716570
-716570
-716570
-716563
-716558
-716542
-716535
-716529
-716494
-716478
-716474
-716468
-716463
-716450
-716443
-716429
-716426
-716416
-716412
-716361
-716357
-716334
-716304
-716252
-716220
-716205
-716196
-716173
-716163
-716118
-716086
-716049
-716045
-715999
-715999
-715997
-715996
-715986
-715958
-715875
-715839
-715835
-715805
-715796
-715785
-715776
-715758
-715723
-715715
-715713
-715705
-715691
-715657
-715653
-715641
-715636
-715601
-715563
-715550
-715505
-715475
-715462
-715460
-715447
-715441
-715425
-715407
-715375
-715363
-715321
-715317
-715309
-715308
-715270
-715256
-715246
-715224
-715148
-715145
-715143
-715134
-715133
-715124
-715107
-715069
-715060
-715036
-715025
-715025
-714994
-714989
-714951
-714944
-714942
-714937
-714931
-714919
-714910
-714894
-714882
-714851
-714829
-714819
-714797
-714797
-714791
-714786
-714777
-714774
-714751
-714741
-714670
-714667
-714590
-714578
-714571
-714561
-714552
-714523
-714512
-714461
-714460
-714458
-714442
-714430
-714339
-714334
-714270
-714260
-714208
-714185
-714179
-714165
-714129
-714109
-714107
-714105
-714089
-714064
-714048
-714031
-714028
-714018
-714014
-713993
-713988
-713953
-713950
-713938
-713901
-713900
-713899
-713896
-713889
-713884
-713882
-713851
-713841
-713837
-713814
-713770
-713708
-713669
-713664
-713644
-713622
-713584
-713559
-713531
-713525
-713508
-713492
-713488
-713437
-713389
-713359
-713346
-713344
-713342
-713316
-713288
-713265
-713220
-713193
-713178
-713172
-713160
-713139
-713100
-713094
-713088
-713062
-713032
-713026
-712956
-712928
-712910
-712892
-712882
-712877
-712843
-712842
-712824
-712775
-712771
-712762
-712753
-712751
-712730
-712725
-712694
-712681
-712620
-712609
-712597
-712595
-712535
-712535
-712529
-712514
-712512
-712503
-712494
-712478
-712437
-712430
-712424
-712410
-712399
-712398
-712340
-712328
-712324
-712296
-712296
-712269
-712268
-712251
-712206
-712200
-712197
-712181
-712170
-712170
-712150
-712131
-712131
-712117
-712116
-712090
-712078
-712077
-712065
-712039
-711994
-711989
-711947
-711918
-711914
-711863
-711845
-711830
-711807
-711806
-711771
-711765
-711747
-711728
-711728
-711716
-711708
-711706
-711654
-711649
-711627
-711621
-711600
-711597
-711594
-711549
-711548
-711531
-711526
-711488
-711476
-711447
-711447
-711441
-711427
-711413
-711405
-711393
-711385
-711374
-711371
-711315
-711306
-711281
-711169
-711157
-711119
-711081
-711063
-711051
-711016
-711004
-710990
-710961
-710905
-710902
-710900
-710886
-710871
-710864
-710863
-710825
-710803
-710799
-710797
-710792
-710787
-710775
-710772
-710765
-710734
-710703
-710667
-710659
-710648
-710608
-710599
-710587
-710543
-710532
-710527
-710525
-710499
-710483
-710466
-710428
-710420
-710406
-710404
-710399
-710399
-710397
-710373
-710363
-710323
-710317
-710309
-710290
-710285
-710242
-710239
-710229
-710208
-710198
-710183
-710177
-710131
-710116
-710070
-710049
-710040
-710037
-710027
-709995
-709982
-709950
-709940
-709900
-709880
-709876
-709850
-709833
-709815
-709811
-709798
-709787
-709786
-709781
-709756
-709728
-709688
-709668
-709663
-709645
-709629
-709620
-709596
-709595
-709589
-709557
-709536
-709496
-709495
-709479
-709464
-709442
-709427
-709400
-709347
-709341
-709340
-709328
-709278
-709274
-709253
-709179
-709177
-709158
-709148
-709144
-709120
-709101
-709087
-709080
-709062
-709033
-709026
-709013
-708991
-708977
-708957
-708915
-708899
-708898
-708878
-708875
-708873
-708870
-708856
-708843
-708841
-708807
-708802
-708787
-708787
-708769
-708748
-708742
-708696
-708667
-708648
-708582
-708574
-708560
-708552
-708542
-708481
-708470
-708456
-708452
-708441
-708435
-708422
-708413
-708413
-708397
-708390
-708288
-708274
-708271
-708267
-708231
-708210
-708203
-708121
-708119
-708112
-708098
-708061
-708049
-708031
-708017
-707992
-707978
-707950
-707902
-707876
-707869
-707854
-707815
-707789
-707770
-707759
-707748
-707723
-707722
-707720
-707707
-707685
-707679
-707670
-707650
-707641
-707640
-707639
-707636
-707592
-707583
-707548
-707540
-707532
-707528
-707482
-707468
-707415
-707410
-707358
-707310
-707290
-707257
-707254
-707252
-707233
-707199
-707190
-707187
-707144
-707123
-707110
-707107
-707103
-707050
-707018
-706954
-706900
-706890
-706889
-706867
-706867
-706857
-706810
-706806
-706804
-706779
-706766
-706748
-706740
-706721
-706712
-706710
-706684
-706674
-706623
-706606
-706550
-706549
-706539
-706520
-706519
-706466
-706413
-706349
-706331
-706324
-706324
-706320
-706300
-706297
-706294
-706277
-706273
-706257
-706201
-706198
-706161
-706128
-706117
-706076
-706067
-706065
-706028
-706027
-706005
-705959
-705944
-705924
-705886
-705884
-705871
-705847
-705841
-705830
-705809
-705786
-705768
-705717
-705711
-705698
-705698
-705691
-705625
-705607
-705595
-705589
-705550
-705546
-705540
-705537
-705528
-705511
-705497
-705492
-705489
-705482
-705477
-705463
-705425
-705418
-705407
-705372
-705367
-705360
-705354
-705351
-705344
-705306
-705288
-705274
-705244
-705211
-705202
-705189
-705181
-705176
-705174
-705158
-705133
-705097
-705087
-705082
-705075
-704986
-704962
-704948
-704911
-704896
-704833
-704776
-704773
-704768
-704758
-704723
-704710
-704710
-704699
-704694
-704693
-704659
-704613
-704604
-704488
-704486
-704481
-704443
-704424
-704419
-704411
-704394
-704380
-704376
-704371
-704367
-704362
-704353
-704324
-704302
-704283
-704283
-704247
-704216
-704151
-704135
-704130
-704117
-704073
-704060
-704028
-704009
-703955
-703955
-703937
-703933
-703927
-703918
-703911
-703910
-703906
-703899
-703886
-703874
-703868
-703781
-703748
-703725
-703712
-703711
-703707
-703691
-703681
-703672
-703643
-703641
-703638
-703602
-703529
-703511
-703501
-703477
-703454
-703400
-703386
-703384
-703338
-703247
-703244
-703171
-703146
-703141
-703127
-703098
-703072
-703034
-703034
-703009
-703004
-703001
-702997
-702951
-702947
-702911
-702884
-702869
-702863
-702834
-702807
-702801
-702761
-702757
-702720
-702719
-702718
-702688
-702643
-702639
-702597
-702532
-702528
-702515
-702513
-702506
-702498
-702496
-702495
-702466
-702464
-702461
-702445
-702435
-702403
-702394
-702387
-702359
-702326
-702324
-702239
-702233
-702219
-702174
-702154
-702142
-702140
-702139
-702137
-702124
-702114
-702108
-702090
-702088
-702070
-702065
-702054
-702040
-701942
-701918
-701909
-701906
-701861
-701859
-701841
-701829
-701816
-701812
-701811
-701737
-701726
-701715
-701705
-701702
-701677
-701665
-701654
-701653
-701636
-701613
-701601
-701587
-701584
-701538
-701473
-701471
-701454
-701290
-701276
-701235
-701156
-701153
-701148
-701132
-701117
-701111
-701104
-701097
-701050
-700981
-700978
-700966
-700937
-700898
-700882
-700840
-700821
-700807
-700804
-700791
-700785
-700780
-700740
-700729
-700715
-700701
-700701
-700698
-700641
-700627
-700598
-700594
-700572
-700532
-700531
-700528
-700528
-700502
-700499
-700467
-700442
-700436
-700423
-700395
-700362
-700351
-700346
-700309
-700308
-700304
-700259
-700239
-700151
-700142
-700129
-700116
-700085
-700082
-700080
-700070
-700067
-700019
-699974
-699959
-699956
-699956
-699948
-699916
-699904
-699840
-699836
-699807
-699798
-699796
-699761
-699753
-699735
-699720
-699685
-699677
-699675
-699610
-699598
-699592
-699583
-699571
-699561
-699552
-699514
-699512
-699483
-699471
-699449
-699449
-699440
-699423
-699411
-699388
-699330
-699306
-699305
-699301
-699296
-699280
-699271
-699243
-699242
-699203
-699191
-699171
-699154
-699138
-699124
-699118
-699050
-699014
-699010
-698990
-698973
-698953
-698939
-698923
-698919
-698910
-698897
-698860
-698775
-698770
-698747
-698719
-698718
-698706
-698689
-698621
-698608
-698596
-698570
-698541
-698536
-698506
-698432
-698431
-698408
-698355
-698340
-698316
-698306
-698300
-698231
-698215
-698206
-698200
-698192
-698184
-698173
-698166
-698127
-698096
-698086
-698085
-698079
-698044
-698031
-698029
-697932
-697927
-697919
-697913
-697900
-697856
-697852
-697816
-697808
-697808
-697802
-697800
-697770
-697736
-697699
-697652
-697648
-697592
-697585
-697556
-697551
-697550
-697471
-697445
-697444
-697423
-697409
-697397
-697379
-697366
-697331
-697322
-697288
-697280
-697248
-697235
-697196
-697195
-697188
-697188
-697177
-697166
-697164
-697147
-697134
-697121
-697114
-697101
-697079
-697050
-697037
-697009
-696970
-696957
-696948
-696945
-696936
-696882
-696820
-696818
-696808
-696795
-696791
-696779
-696746
-696720
-696691
-696648
-696630
-696626
-696616
-696602
-696591
-696548
-696537
-696506
-696498
-696491
-696475
-696466
-696456
-696452
-696437
-696412
-696405
-696384
-696375
-696354
-696348
-696343
-696329
-696308
-696299
-696299
-696296
-696296
-696211
-696201
-696195
-696193
-696178
-696147
-696131
-696111
-696099
-696056
-696051
-695994
-695974
-695945
-695941
-695934
-695855
-695853
-695850
-695799
-695762
-695739
-695728
-695701
-695690
-695682
-695605
-695591
-695545
-695525
-695504
-695502
-695482
-695481
-695467
-695445
-695415
-695385
-695375
-695375
-695345
-695344
-695328
-695297
-695282
-695280
-695253
-695180
-695166
-695141
-695140
-695105
-695053
-695051
-695035
-695031
-695011
-694981
-694977
-694943
-694923
-694875
-694853
-694842
-694833
-694785
-694784
-694767
-694758
-694738
-694704
-694698
-694686
-694652
-694650
-694607
-694601
-694582
-694518
-694516
-694490
-694489
-694431
-694399
-694394
-694391
-694375
-694321
-694311
-694251
-694240
-694227
-694217
-694169
-694166
-694129
-694111
-694109
-694106
-694081
-694056
-693965
-693921
-693918
-693879
-693857
-693857
-693847
-693788
-693783
-693762
-693759
-693736
-693722
-693691
-693685
-693668
-693593
-693580
-693580
-693550
-693533
-693514
-693444
-693428
-693377
-693373
-693371
-693341
-693323
-693312
-693306
-693306
-693284
-693284
-693186
-693170
-693162
-693127
-693123
-693072
-693071
-693063
-693041
-693035
-693035
-692994
-692989
-692973
-692928
-692890
-692855
-692838
-692794
-692790
-692789
-692754
-692712
-692700
-692616
-692570
-692559
-692540
-692518
-692470
-692453
-692432
-692404
-692401
-692381
-692343
-692323
-692227
-692225
-692193
-692176
-692134
-692102
-692100
-692091
-692090
-692067
-692046
-692045
-692041
-691962
-691947
-691906
-691887
-691856
-691841
-691831
-691826
-691809
-691805
-691803
-691690
-691648
-691644
-691525
-691499
-691482
-691466
-691464
-691460
-691437
-691436
-691434
-691433
-691413
-691379
-691357
-691354
-691315
-691266
-691259
-691254
-691224
-691223
-691214
-691147
-691146
-691128
-691080
-691074
-691071
-691043
-691030
-691014
-691004
-690982
-690961
-690929
-690910
-690857
-690714
-690664
-690647
-690638
-690608
-690565
-690538
-690531
-690530
-690529
-690500
-690493
-690491
-690482
-690461
-690437
-690430
-690363
-690326
-690324
-690298
-690258
-690251
-690233
-690233
-690224
-690199
-690186
-690182
-690170
-690165
-690163
-690155
-690151
-690146
-690143
-690098
-690079
-690070
-690056
-690027
-690022
-689954
-689919
-689914
-689899
-689833
-689827
-689783
-689751
-689718
-689704
-689697
-689692
-689680
-689673
-689661
-689660
-689640
-689584
-689564
-689562
-689469
-689422
-689416
-689393
-689385
-689373
-689368
-689361
-689359
-689306
-689295
-689294
-689270
-689259
-689259
-689253
-689245
-689243
-689183
-689161
-689128
-689078
-689044
-689038
-688982
-688966
-688957
-688939
-688926
-688915
-688877
-688857
-688849
-688839
-688835
-688820
-688813
-688806
-688789
-688782
-688778
-688700
-688681
-688675
-688645
-688630
-688624
-688623
-688620
-688605
-688602
-688573
-688551
-688536
-688513
-688510
-688498
-688479
-688476
-688465
-688457
-688445
-688391
-688323
-688282
-688260
-688255
-688213
-688206
-688200
-688173
-688161
-688148
-688113
-688102
-688072
-688049
-688041
-688024
-688008
-687938
-687929
-687914
-687913
-687881
-687879
-687874
-687868
-687838
-687747
-687747
-687739
-687729
-687719
-687695
-687661
-687647
-687643
-687605
-687585
-687580
-687568
-687560
-687557
-687553
-687547
-687540
-687429
-687413
-687389
-687386
-687365
-687364
-687359
-687357
-687299
-687276
-687259
-687253
-687246
-687211
-687176
-687132
-687128
-687119
-687101
-687080
-687072
-687068
-687064
-687057
-687056
-687050
-686992
-686987
-686987
-686984
-686982
-686969
-686916
-686882
-686874
-686863
-686855
-686850
-686819
-686816
-686732
-686729
-686727
-686713
-686678
-686666
-686649
-686587
-686544
-686540
-686534
-686526
-686508
-686476
-686473
-686427
-686408
-686406
-686383
-686369
-686357
-686349
-686302
-686244
-686228
-686188
-686176
-686167
-686163
-686150
-686129
-686120
-686115
-686089
-685944
-685882
-685869
-685819
-685798
-685777
-685777
-685762
-685759
-685748
-685690
-685612
-685591
-685564
-685563
-685556
-685542
-685495
-685492
-685482
-685478
-685468
-685465
-685385
-685377
-685371
-685364
-685322
-685322
-685311
-685310
-685310
-685292
-685275
-685239
-685215
-685188
-685186
-685171
-685154
-685119
-685118
-685071
-685039
-685031
-685010
-685007
-685005
-684997
-684987
-684979
-684976
-684975
-684965
-684949
-684923
-684922
-684908
-684886
-684836
-684807
-684776
-684761
-684731
-684716
-684703
-684700
-684604
-684595
-684543
-684537
-684529
-684442
-684435
-684434
-684394
-684389
-684337
-684303
-684296
-684271
-684265
-684239
-684237
-684220
-684168
-684167
-684155
-684126
-684117
-684094
-684085
-684008
-683980
-683968
-683944
-683932
-683922
-683851
-683817
-683808
-683808
-683801
-683792
-683779
-683745
-683658
-683618
-683616
-683614
-683609
-683609
-683595
-683573
-683555
-683548
-683544
-683529
-683516
-683472
-683358
-683339
-683312
-683309
-683289
-683282
-683252
-683226
-683191
-683132
-683125
-683103
-683101
-683081
-683076
-683048
-683046
-683017
-683001
-682986
-682968
-682966
-682917
-682916
-682813
-682813
-682807
-682717
-682695
-682667
-682649
-682645
-682636
-682602
-682587
-682587
-682585
-682578
-682544
-682538
-682524
-682512
-682486
-682462
-682450
-682430
-682404
-682400
-682396
-682367
-682356
-682349
-682340
-682320
-682316
-682289
-682281
-682275
-682253
-682248
-682178
-682111
-682098
-682096
-682092
-682086
-682080
-682076
-682067
-682058
-682023
-682010
-682002
-681999
-681973
-681970
-681948
-681935
-681911
-681891
-681868
-681852
-681850
-681817
-681814
-681809
-681791
-681727
-681688
-681673
-681670
-681653
-681615
-681595
-681552
-681534
-681517
-681509
-681508
-681476
-681469
-681355
-681329
-681321
-681288
-681278
-681246
-681243
-681238
-681201
-681165
-681049
-681033
-681014
-681001
-681000
-680991
-680979
-680941
-680912
-680897
-680869
-680868
-680859
-680755
-680731
-680699
-680676
-680675
-680674
-680662
-680661
-680653
-680631
-680613
-680597
-680593
-680591
-680564
-680520
-680483
-680461
-680431
-680421
-680369
-680306
-680301
-680297
-680261
-680260
-680239
-680216
-680203
-680198
-680195
-680167
-680154
-680143
-680082
-680050
-679968
-679941
-679929
-679909
-679890
-679885
-679837
-679833
-679818
-679785
-679783
-679751
-679737
-679720
-679712
-679709
-679683
-679612
-679608
-679598
-679565
-679560
-679550
-679546
-679537
-679508
-679492
-679479
-679479
-679293
-679276
-679251
-679169
-679155
-679113
-679090
-679068
-679026
-679023
-679003
-678975
-678952
-678920
-678909
-678872
-678866
-678860
-678849
-678847
-678828
-678811
-678796
-678793
-678733
-678728
-678705
-678661
-678633
-678603
-678600
-678592
-678559
-678507
-678495
-678460
-678419
-678401
-678395
-678372
-678370
-678331
-678232
-678202
-678196
-678145
-678135
-678097
-677980
-677944
-677915
-677874
-677870
-677868
-677862
-677853
-677847
-677844
-677832
-677831
-677828
-677802
-677782
-677748
-677743
-677726
-677706
-677682
-677661
-677646
-677604
-677597
-677524
-677523
-677506
-677502
-677502
-677500
-677451
-677436
-677423
-677419
-677404
-677391
-677382
-677381
-677348
-677306
-677293
-677261
-677249
-677228
-677176
-677173
-677166
-677132
-677103
-677063
-677049
-677036
-677030
-676994
-676896
-676875
-676849
-676828
-676815
-676802
-676796
-676764
-676753
-676747
-676735
-676709
-676671
-676600
-676578
-676570
-676541
-676492
-676443
-676424
-676397
-676393
-676378
-676371
-676322
-676316
-676309
-676260
-676250
-676242
-676236
-676234
-676220
-676209
-676209
-676192
-676189
-676094
-676075
-676044
-676035
-676032
-675992
-675980
-675944
-675940
-675937
-675900
-675864
-675852
-675841
-675806
-675797
-675781
-675773
-675744
-675722
-675709
-675698
-675698
-675677
-675652
-675639
-675617
-675604
-675591
-675552
-675540
-675537
-675513
-675495
-675475
-675464
-675457
-675445
-675421
-675380
-675369
-675342
-675333
-675312
-675291
-675280
-675256
-675244
-675240
-675220
-675213
-675201
-675178
-675175
-675156
-675146
-675123
-675080
-675053
-675048
-675027
-674952
-674950
-674940
-674934
-674929
-674910
-674898
-674890
-674880
-674832
-674832
-674811
-674796
-674793
-674767
-674762
-674752
-674742
-674710
-674702
-674698
-674692
-674681
-674666
-674647
-674637
-674632
-674629
-674618
-674615
-674563
-674534
-674529
-674525
-674497
-674474
-674446
-674438
-674435
-674419
-674396
-674335
-674321
-674316
-674314
-674300
-674269
-674218
-674200
-674182
-674165
-674151
-674129
-674082
-674079
-674015
-673986
-673954
-673903
-673900
-673897
-673879
-673871
-673859
-673859
-673857
-673856
-673852
-673851
-673848
-673846
-673812
-673800
-673795
-673764
-673763
-673759
-673641
-673631
-673630
-673590
-673563
-673559
-673552
-673547
-673546
-673510
-673483
-673408
-673385
-673373
-673351
-673350
-673333
-673316
-673295
-673270
-673227
-673215
-673207
-673200
-673195
-673192
-673170
-673086
-673029
-673010
-672991
-672978
-672960
-672912
-672909
-672906
-672880
-672879
-672871
-672809
-672801
-672797
-672793
-672735
-672704
-672676
-672664
-672648
-672642
-672637
-672637
-672576
-672574
-672562
-672545
-672533
-672527
-672491
-672491
-672487
-672457
-672433
-672344
-672331
-672314
-672297
-672273
-672268
-672264
-672219
-672208
-672193
-672187
-672122
-672114
-672092
-672019
-672015
-672006
-671967
-671960
-671955
-671945
-671933
-671926
-671919
-671895
-671885
-671880
-671879
-671843
-671834
-671811
-671788
-671782
-671754
-671746
-671733
-671675
-671674
-671674
-671674
-671628
-671596
-671568
-671519
-671513
-671512
-671499
-671499
-671487
-671487
-671471
-671466
-671450
-671423
-671383
-671383
-671376
-671361
-671348
-671348
-671327
-671306
-671235
-671234
-671226
-671221
-671193
-671144
-671138
-671053
-671034
-671017
-670992
-670992
-670987
-670974
-670948
-670944
-670943
-670939
-670904
-670898
-670896
-670890
-670888
-670869
-670859
-670855
-670809
-670803
-670795
-670781
-670769
-670750
-670743
-670730
-670708
-670676
-670646
-670645
-670618
-670604
-670574
-670567
-670552
-670541
-670503
-670501
-670450
-670445
-670440
-670433
-670419
-670392
-670380
-670370
-670351
-670337
-670318
-670265
-670234
-670226
-670209
-670188
-670161
-670115
-670100
-670086
-670079
-670066
-670040
-670018
-670012
-669984
-669982
-669926
-669923
-669921
-669916
-669899
-669895
-669876
-669873
-669824
-669794
-669783
-669769
-669746
-669744
-669730
-669686
-669655
-669652
-669615
-669594
-669586
-669582
-669572
-669565
-669534
-669486
-669478
-669448
-669438
-669436
-669430
-669401
-669393
-669361
-669333
-669323
-669319
-669317
-669313
-669275
-669237
-669233
-669227
-669204
-669185
-669173
-669149
-669123
-669043
-669040
-669035
-669033
-669015
-668936
-668904
-668890
-668887
-668831
-668811
-668807
-668802
-668799
-668790
-668759
-668727
-668724
-668655
-668628
-668602
-668594
-668579
-668550
-668549
-668523
-668505
-668504
-668500
-668498
-668488
-668486
-668477
-668471
-668465
-668386
-668365
-668356
-668346
-668321
-668303
-668296
-668286
-668267
-668246
-668191
-668134
-668103
-668102
-668098
-668072
-668039
-668035
-668007
-667993
-667983
-667972
-667961
-667950
-667915
-667904
-667876
-667856
-667849
-667841
-667771
-667750
-667748
-667744
-667743
-667736
-667722
-667718
-667713
-667708
-667649
-667627
-667626
-667618
-667570
-667532
-667498
-667492
-667437
-667396
-667394
-667374
-667336
-667335
-667315
-667283
-667273
-667268
-667240
-667232
-667225
-667211
-667192
-667170
-667144
-667139
-667115
-667091
-667088
-667038
-666965
-666942
-666927
-666921
-666907
-666902
-666882
-666869
-666854
-666831
-666812
-666810
-666778
-666774
-666773
-666724
-666723
-666667
-666628
-666628
-666538
-666527
-666494
-666487
-666464
-666463
-666463
-666462
-666453
-666429
-666416
-666405
-666370
-666360
-666354
-666344
-666293
-666278
-666255
-666245
-666243
-666239
-666211
-666182
-666145
-666134
-666126
-666115
-666094
-666093
-666086
-666081
-666071
-666066
-666064
-666063
-666041
-666034
-666024
-666012
-666008
-665990
-665965
-665948
-665909
-665904
-665896
-665854
-665818
-665814
-665704
-665662
-665647
-665631
-665626
-665606
-665562
-665529
-665526
-665502
-665499
-665479
-665433
-665367
-665318
-665305
-665291
-665282
-665237
-665213
-665196
-665174
-665169
-665159
-665140
-665128
-665105
-665102
-665089
-665061
-665061
-665044
-665021
-665007
-664977
-664955
-664883
-664881
-664828
-664772
-664759
-664755
-664704
-664643
-664632
-664618
-664607
-664579
-664569
-664545
-664534
-664521
-664518
-664501
-664491
-664488
-664473
-664466
-664458
-664413
-664410
-664403
-664402
-664389
-664379
-664343
-664343
-664322
-664319
-664311
-664294
-664288
-664283
-664257
-664230
-664210
-664207
-664184
-664163
-664154
-664152
-664140
-664129
-664117
-664071
-664012
-663987
-663983
-663940
-663875
-663870
-663821
-663808
-663733
-663695
-663669
-663667
-663666
-663598
-663579
-663525
-663523
-663520
-663495
-663483
-663483
-663439
-663438
-663361
-663359
-663355
-663300
-663270
-663193
-663184
-663177
-663176
-663176
-663162
-663145
-663110
-663089
-663054
-663023
-663009
-662991
-662968
-662956
-662954
-662931
-662931
-662915
-662910
-662887
-662876
-662826
-662815
-662792
-662788
-662762
-662756
-662746
-662734
-662676
-662654
-662645
-662626
-662603
-662596
-662583
-662578
-662565
-662542
-662529
-662521
-662519
-662511
-662505
-662496
-662495
-662483
-662482
-662463
-662346
-662344
-662294
-662286
-662267
-662254
-662245
-662183
-662128
-662090
-662058
-662030
-662000
-661990
-661981
-661923
-661922
-661889
-661871
-661858
-661839
-661835
-661831
-661794
-661753
-661750
-661716
-661702
-661615
-661537
-661484
-661457
-661450
-661424
-661422
-661414
-661328
-661316
-661281
-661235
-661221
-661161
-661152
-661131
-661097
-661072
-661068
-661062
-661052
-661027
-661008
-660975
-660971
-660957
-660934
-660919
-660911
-660895
-660890
-660889
-660879
-660857
-660856
-660800
-660765
-660728
-660706
-660685
-660662
-660619
-660602
-660589
-660544
-660531
-660510
-660467
-660459
-660456
-660439
-660410
-660408
-660340
-660327
-660303
-660288
-660269
-660229
-660225
-660221
-660210
-660173
-660171
-660131
-660110
-660011
-659966
-659966
-659944
-659933
-659918
-659911
-659890
-659870
-659864
-659834
-659791
-659724
-659707
-659671
-659668
-659638
-659632
-659607
-659579
-659578
-659578
-659553
-659552
-659540
-659523
-659520
-659516
-659490
-659488
-659465
-659443
-659396
-659374
-659359
-659324
-659324
-659296
-659274
-659268
-659256
-659248
-659225
-659224
-659176
-659160
-659130
-659089
-659082
-659074
-659060
-659039
-659006
-658990
-658925
-658907
-658901
-658887
-658861
-658815
-658809
-658793
-658791
-658772
-658771
-658746
-658729
-658725
-658689
-658681
-658649
-658587
-658534
-658512
-658486
-658470
-658467
-658458
-658455
-658449
-658443
-658435
-658428
-658405
-658393
-658377
-658369
-658363
-658294
-658284
-658240
-658225
-658202
-658201
-658190
-658172
-658148
-658140
-658135
-658108
-658074
-658066
-658060
-658044
-658039
-658021
-658018
-658018
-658009
-657983
-657968
-657953
-657937
-657936
-657920
-657907
-657903
-657900
-657882
-657879
-657852
-657846
-657833
-657814
-657790
-657788
-657785
-657785
-657755
-657750
-657738
-657695
-657694
-657694
-657653
-657649
-657639
-657590
-657554
-657549
-657541
-657523
-657519
-657504
-657461
-657461
-657395
-657344
-657286
-657236
-657207
-657195
-657176
-657170
-657159
-657140
-657112
-657096
-657086
-657062
-657062
-657049
-657028
-656976
-656934
-656901
-656872
-656857
-656843
-656810
-656793
-656791
-656761
-656746
-656731
-656676
-656547
-656527
-656497
-656489
-656484
-656459
-656449
-656423
-656420
-656412
-656377
-656366
-656341
-656320
-656287
-656286
-656282
-656233
-656230
-656228
-656219
-656207
-656197
-656187
-656158
-656150
-656128
-656127
-656106
-656068
-656051
-656008
-655957
-655954
-655934
-655927
-655924
-655923
-655919
-655899
-655856
-655794
-655766
-655741
-655709
-655702
-655687
-655675
-655667
-655663
-655640
-655633
-655609
-655577
-655544
-655500
-655495
-655472
-655464
-655442
-655420
-655394
-655371
-655353
-655342
-655342
-655333
-655308
-655301
-655297
-655285
-655280
-655277
-655208
-655179
-655171
-655019
-655016
-655006
-655002
-655002
-654995
-654944
-654936
-654880
-654815
-654784
-654780
-654701
-654698
-654659
-654654
-654652
-654647
-654647
-654641
-654595
-654579
-654541
-654532
-654528
-654525
-654477
-654473
-654470
-654428
-654406
-654402
-654362
-654331
-654328
-654310
-654305
-654228
-654194
-654182
-654168
-654160
-654157
-654157
-654145
-654141
-654110
-654077
-654050
-654037
-653994
-653988
-653978
-653963
-653957
-653930
-653896
-653886
-653882
-653881
-653872
-653862
-653860
-653794
-653772
-653755
-653701
-653698
-653681
-653652
-653649
-653612
-653575
-653537
-653534
-653514
-653503
-653465
-653454
-653407
-653349
-653310
-653303
-653296
-653289
-653261
-653256
-653248
-653226
-653198
-653163
-653160
-653145
-653132
-653125
-653095
-653064
-653058
-653048
-653021
-652974
-652960
-652944
-652937
-652936
-652901
-652899
-652880
-652849
-652846
-652823
-652777
-652768
-652759
-652742
-652710
-652685
-652682
-652647
-652630
-652627
-652620
-652615
-652608
-652608
-652597
-652583
-652566
-652534
-652514
-652485
-652482
-652474
-652461
-652460
-652459
-652459
-652432
-652429
-652422
-652412
-652396
-652345
-652328
-652276
-652265
-652257
-652251
-652240
-652223
-652206
-652177
-652163
-652134
-652101
-652054
-652040
-652008
-651996
-651989
-651974
-651963
-651942
-651931
-651930
-651910
-651906
-651893
-651860
-651856
-651785
-651776
-651775
-651762
-651742
-651732
-651707
-651662
-651644
-651641
-651622
-651609
-651574
-651565
-651557
-651537
-651525
-651510
-651505
-651499
-651445
-651445
-651443
-651387
-651382
-651375
-651327
-651322
-651298
-651268
-651245
-651221
-651200
-651156
-651148
-651147
-651143
-651123
-651102
-651073
-651056
-651049
-651028
-650939
-650923
-650914
-650890
-650879
-650811
-650786
-650781
-650755
-650755
-650739
-650678
-650663
-650648
-650623
-650586
-650547
-650512
-650442
-650442
-650301
-650299
-650293
-650258
-650230
-650203
-650164
-650160
-650158
-650157
-650152
-650138
-650110
-650105
-650105
-650100
-650035
-650029
-650019
-649990
-649950
-649917
-649910
-649889
-649830
-649808
-649792
-649789
-649787
-649775
-649762
-649761
-649721
-649709
-649651
-649639
-649593
-649556
-649488
-649457
-649373
-649362
-649340
-649334
-649312
-649292
-649284
-649284
-649273
-649264
-649237
-649212
-649211
-649192
-649166
-649160
-649148
-649145
-649104
-649092
-649083
-649060
-649058
-649021
-648948
-648947
-648932
-648921
-648920
-648907
-648906
-648904
-648896
-648896
-648886
-648883
-648869
-648849
-648833
-648825
-648821
-648820
-648807
-648791
-648787
-648728
-648716
-648711
-648684
-648671
-648668
-648661
-648651
-648626
-648620
-648619
-648616
-648610
-648582
-648534
-648510
-648488
-648486
-648486
-648472
-648438
-648434
-648425
-648412
-648411
-648401
-648398
-648375
-648365
-648317
-648297
-648293
-648267
-648261
-648258
-648258
-648255
-648231
-648218
-648203
-648169
-648164
-648138
-648119
-648103
-648099
-648095
-648091
-648053
-648045
-648042
-648034
-648031
-648013
-648007
-647993
-647971
-647959
-647955
-647926
-647894
-647889
-647881
-647871
-647843
-647829
-647800
-647773
-647756
-647736
-647726
-647722
-647712
-647698
-647670
-647642
-647641
-647639
-647630
-647626
-647625
-647617
-647611
-647565
-647547
-647547
-647545
-647540
-647537
-647528
-647518
-647505
-647494
-647486
-647486
-647447
-647431
-647415
-647412
-647333
-647317
-647312
-647250
-647228
-647178
-647172
-647130
-647102
-647097
-647095
-647076
-647049
-646990
-646836
-646822
-646804
-646749
-646747
-646733
-646730
-646717
-646689
-646666
-646649
-646640
-646611
-646599
-646594
-646588
-646553
-646529
-646526
-646520
-646510
-646507
-646506
-646486
-646484
-646478
-646468
-646466
-646431
-646413
-646406
-646400
-646384
-646380
-646373
-646364
-646333
-646319
-646314
-646301
-646299
-646292
-646152
-646026
-646014
-645987
-645983
-645966
-645965
-645962
-645955
-645910
-645896
-645877
-645844
-645838
-645827
-645768
-645751
-645730
-645726
-645671
-645660
-645658
-645558
-645555
-645539
-645515
-645515
-645510
-645506
-645489
-645485
-645476
-645475
-645467
-645430
-645427
-645406
-645383
-645362
-645346
-645287
-645274
-645266
-645241
-645235
-645231
-645208
-645156
-645129
-645070
-644977
-644945
-644943
-644938
-644926
-644923
-644916
-644880
-644808
-644803
-644800
-644777
-644747
-644658
-644570
-644565
-644551
-644546
-644516
-644506
-644504
-644491
-644490
-644475
-644442
-644432
-644411
-644411
-644410
-644354
-644335
-644324
-644301
-644263
-644225
-644202
-644178
-644144
-644143
-644074
-644053
-644043
-644021
-644017
-643998
-643998
-643994
-643874
-643854
-643849
-643797
-643782
-643747
-643735
-643714
-643699
-643668
-643667
-643663
-643658
-643657
-643651
-643591
-643582
-643582
-643571
-643551
-643520
-643512
-643507
-643504
-643488
-643474
-643460
-643451
-643323
-643321
-643309
-643308
-643307
-643303
-643220
-643212
-643210
-643176
-643147
-643124
-643120
-643109
-643094
-643093
-643089
-643084
-643060
-643055
-643045
-643005
-642975
-642973
-642973
-642972
-642963
-642886
-642867
-642854
-642832
-642793
-642741
-642715
-642689
-642678
-642660
-642647
-642624
-642608
-642606
-642604
-642586
-642561
-642561
-642546
-642540
-642515
-642474
-642467
-642444
-642424
-642320
-642300
-642298
-642254
-642250
-642243
-642235
-642217
-642163
-642150
-642143
-642133
-642132
-642129
-642097
-642089
-642036
-642016
-642013
-642000
-641997
-641969
-641959
-641955
-641938
-641923
-641906
-641891
-641888
-641887
-641885
-641864
-641855
-641838
-641833
-641770
-641755
-641681
-641679
-641676
-641672
-641648
-641636
-641552
-641472
-641469
-641467
-641463
-641441
-641409
-641400
-641367
-641342
-641326
-641293
-641279
-641267
-641213
-641211
-641161
-641153
-641151
-641090
-641040
-641009
-640993
-640987
-640982
-640967
-640936
-640926
-640904
-640901
-640866
-640866
-640840
-640826
-640819
-640800
-640790
-640774
-640769
-640764
-640761
-640756
-640738
-640720
-640682
-640669
-640637
-640624
-640585
-640582
-640576
-640576
-640536
-640475
-640453
-640403
-640355
-640304
-640297
-640264
-640206
-640206
-640147
-640103
-640072
-640068
-640052
-640027
-640023
-639990
-639985
-639970
-639970
-639939
-639919
-639917
-639907
-639866
-639865
-639827
-639814
-639796
-639787
-639762
-639755
-639745
-639664
-639653
-639626
-639613
-639606
-639586
-639561
-639530
-639471
-639463
-639440
-639440
-639364
-639357
-639355
-639349
-639312
-639278
-639248
-639243
-639202
-639109
-639066
-639037
-639005
-638998
-638981
-638970
-638959
-638946
-638930
-638922
-638913
-638870
-638805
-638796
-638796
-638780
-638776
-638741
-638730
-638717
-638702
-638650
-638622
-638621
-638620
-638620
-638591
-638590
-638582
-638567
-638542
-638519
-638464
-638463
-638414
-638409
-638400
-638383
-638380
-638354
-638311
-638274
-638249
-638199
-638195
-638169
-638148
-638133
-638133
-638109
-638100
-638095
-638078
-638071
-638061
-637961
-637930
-637896
-637894
-637858
-637852
-637837
-637816
-637783
-637743
-637682
-637648
-637642
-637630
-637622
-637582
-637476
-637451
-637442
-637439
-637425
-637422
-637401
-637374
-637354
-637325
-637317
-637316
-637316
-637247
-637242
-637228
-637188
-637188
-637169
-637158
-637078
-637064
-637059
-637058
-637046
-637041
-636982
-636977
-636974
-636968
-636957
-636954
-636938
-636930
-636893
-636869
-636865
-636849
-636823
-636801
-636798
-636791
-636736
-636694
-636684
-636657
-636621
-636598
-636588
-636585
-636578
-636540
-636536
-636528
-636493
-636480
-636453
-636405
-636395
-636300
-636254
-636241
-636230
-636212
-636189
-636166
-636158
-636152
-636145
-636145
-636126
-636100
-636085
-636038
-636008
-635988
-635973
-635956
-635921
-635862
-635854
-635848
-635829
-635824
-635820
-635818
-635744
-635732
-635725
-635690
-635688
-635670
-635665
-635620
-635616
-635571
-635569
-635529
-635523
-635517
-635454
-635389
-635372
-635343
-635307
-635261
-635257
-635247
-635180
-635167
-635166
-635100
-635095
-635091
-635081
-635057
-635027
-635003
-635000
-634970
-634968
-634956
-634947
-634933
-634912
-634898
-634870
-634820
-634816
-634805
-634656
-634652
-634632
-634600
-634540
-634514
-634512
-634441
-634425
-634423
-634399
-634378
-634369
-634357
-634330
-634290
-634271
-634258
-634249
-634228
-634221
-634182
-634178
-634173
-634171
-634162
-634162
-634141
-634139
-634133
-634132
-634110
-634108
-634091
-634049
-634044
-634007
-634000
-633999
-633995
-633975
-633971
-633970
-633967
-633896
-633889
-633864
-633856
-633840
-633809
-633798
-633793
-633777
-633773
-633736
-633720
-633711
-633707
-633696
-633695
-633669
-633613
-633577
-633566
-633565
-633562
-633553
-633539
-633534
-633518
-633476
-633352
-633346
-633346
-633327
-633316
-633307
-633290
-633274
-633247
-633236
-633216
-633210
-633187
-633185
-633152
-633142
-633102
-633096
-633070
-633056
-633028
-632997
-632960
-632932
-632913
-632893
-632841
-632834
-632817
-632799
-632798
-632795
-632776
-632771
-632753
-632709
-632703
-632686
-632686
-632682
-632625
-632537
-632519
-632518
-632514
-632511
-632485
-632456
-632451
-632416
-632342
-632340
-632326
-632302
-632299
-632294
-632247
-632245
-632200
-632147
-632134
-632067
-632066
-632060
-632053
-632052
-632025
-632021
-632017
-632016
-631925
-631924
-631907
-631877
-631838
-631836
-631802
-631779
-631771
-631765
-631752
-631752
-631751
-631727
-631722
-631719
-631693
-631682
-631658
-631647
-631636
-631615
-631612
-631602
-631542
-631491
-631486
-631462
-631441
-631415
-631408
-631369
-631329
-631292
-631283
-631275
-631208
-631188
-631187
-631185
-631181
-631150
-631072
-631066
-631007
-631002
-630999
-630992
-630951
-630951
-630912
-630833
-630798
-630761
-630736
-630680
-630653
-630647
-630638
-630617
-630614
-630585
-630549
-630538
-630516
-630501
-630495
-630480
-630467
-630453
-630437
-630405
-630400
-630383
-630374
-630355
-630352
-630314
-630310
-630302
-630297
-630201
-630169
-630127
-630093
-630093
-630088
-630081
-630057
-630049
-630032
-630029
-630023
-629995
-629994
-629927
-629923
-629914
-629886
-629879
-629865
-629857
-629850
-629836
-629830
-629827
-629823
-629801
-629752
-629726
-629697
-629674
-629625
-629568
-629554
-629540
-629523
-629483
-629477
-629473
-629436
-629431
-629391
-629390
-629379
-629360
-629342
-629336
-629324
-629301
-629301
-629299
-629297
-629296
-629279
-629245
-629232
-629207
-629202
-629194
-629138
-629123
-629114
-629108
-629070
-629026
-628991
-628976
-628966
-628931
-628917
-628915
-628905
-628884
-628842
-628822
-628815
-628787
-628764
-628741
-628741
-628736
-628701
-628691
-628677
-628675
-628655
-628648
-628646
-628644
-628608
-628603
-628576
-628572
-628547
-628541
-628518
-628508
-628418
-628412
-628381
-628355
-628348
-628295
-628283
-628245
-628238
-628193
-628156
-628145
-628140
-628132
-628123
-628087
-628064
-628060
-628053
-627986
-627985
-627983
-627979
-627948
-627940
-627913
-627886
-627878
-627861
-627835
-627774
-627771
-627705
-627594
-627583
-627572
-627564
-627532
-627524
-627493
-627469
-627457
-627448
-627418
-627394
-627367
-627347
-627307
-627305
-627292
-627273
-627254
-627249
-627244
-627225
-627216
-627211
-627147
-627110
-627109
-627103
-627098
-627091
-627048
-627042
-627039
-627016
-627015
-626960
-626936
-626881
-626844
-626843
-626812
-626810
-626805
-626790
-626706
-626700
-626641
-626635
-626633
-626599
-626545
-626540
-626507
-626471
-626467
-626413
-626390
-626386
-626374
-626357
-626345
-626344
-626333
-626313
-626312
-626297
-626268
-626250
-626222
-626216
-626210
-626159
-626150
-626139
-626129
-626106
-626092
-626075
-626038
-626006
-626000
-625941
-625923
-625906
-625906
-625899
-625891
-625870
-625839
-625806
-625805
-625793
-625785
-625778
-625757
-625745
-625741
-625730
-625727
-625727
-625722
-625716
-625687
-625679
-625649
-625649
-625615
-625574
-625559
-625505
-625477
-625474
-625468
-625448
-625442
-625433
-625423
-625407
-625399
-625377
-625367
-625348
-625344
-625334
-625318
-625314
-625299
-625256
-625234
-625202
-625194
-625141
-625130
-625124
-625072
-625055
-625035
-625009
-624980
-624943
-624910
-624897
-624838
-624829
-624817
-624774
-624719
-624718
-624715
-624708
-624688
-624654
-624650
-624629
-624584
-624536
-624530
-624530
-624529
-624499
-624481
-624461
-624445
-624434
-624430
-624421
-624402
-624365
-624339
-624334
-624334
-624319
-624313
-624308
-624298
-624282
-624232
-624214
-624193
-624177
-624143
-624102
-624100
-624093
-624083
-624070
-624065
-624018
-624018
-623993
-623988
-623963
-623945
-623934
-623933
-623932
-623911
-623895
-623869
-623847
-623838
-623810
-623734
-623730
-623702
-623687
-623647
-623642
-623612
-623602
-623589
-623571
-623571
-623532
-623517
-623512
-623510
-623491
-623487
-623481
-623481
-623465
-623460
-623452
-623444
-623441
-623439
-623438
-623427
-623405
-623388
-623376
-623357
-623343
-623334
-623331
-623322
-623301
-623268
-623265
-623252
-623213
-623197
-623172
-623138
-623127
-623082
-623081
-623056
-623030
-623018
-622979
-622962
-622942
-622887
-622886
-622861
-622854
-622846
-622837
-622834
-622801
-622781
-622772
-622766
-622755
-622746
-622734
-622682
-622640
-622598
-622563
-622511
-622510
-622499
-622497
-622492
-622477
-622453
-622449
-622443
-622439
-622438
-622402
-622382
-622379
-622305
-622305
-622301
-622261
-622255
-622232
-622202
-622173
-622172
-622150
-622078
-622066
-622064
-622064
-622063
-622063
-622049
-622034
-622023
-622022
-621988
-621966
-621940
-621928
-621869
-621850
-621849
-621843
-621816
-621813
-621794
-621771
-621765
-621759
-621749
-621748
-621737
-621722
-621673
-621606
-621606
-621605
-621603
-621601
-621580
-621574
-621540
-621539
-621502
-621495
-621473
-621449
-621428
-621415
-621407
-621401
-621344
-621329
-621327
-621322
-621300
-621283
-621264
-621261
-621256
-621231
-621205
-621196
-621194
-621184
-621175
-621164
-621160
-621149
-621108
-621058
-621040
-620975
-620973
-620970
-620968
-620933
-620865
-620863
-620853
-620842
-620820
-620796
-620779
-620764
-620760
-620747
-620734
-620730
-620715
-620695
-620642
-620637
-620630
-620600
-620584
-620572
-620570
-620554
-620549
-620518
-620455
-620432
-620396
-620391
-620380
-620370
-620361
-620357
-620355
-620321
-620298
-620298
-620293
-620282
-620273
-620250
-620231
-620221
-620180
-620170
-620142
-620119
-620060
-620025
-619998
-619975
-619971
-619954
-619947
-619938
-619937
-619936
-619929
-619928
-619927
-619907
-619900
-619894
-619869
-619866
-619863
-619821
-619807
-619785
-619759
-619750
-619701
-619648
-619639
-619618
-619603
-619580
-619573
-619550
-619536
-619525
-619475
-619469
-619460
-619398
-619397
-619383
-619375
-619365
-619365
-619364
-619351
-619328
-619325
-619319
-619238
-619195
-619189
-619185
-619131
-619102
-619032
-619027
-618996
-618995
-618984
-618847
-618805
-618797
-618785
-618783
-618711
-618708
-618692
-618677
-618668
-618667
-618659
-618658
-618604
-618567
-618552
-618548
-618519
-618503
-618490
-618488
-618454
-618424
-618355
-618326
-618319
-618267
-618249
-618231
-618228
-618206
-618153
-618114
-618113
-618107
-618047
-618042
-618038
-618012
-618002
-617921
-617899
-617890
-617877
-617854
-617840
-617821
-617789
-617779
-617746
-617741
-617710
-617685
-617645
-617639
-617629
-617575
-617566
-617539
-617507
-617502
-617489
-617404
-617396
-617385
-617378
-617362
-617361
-617349
-617315
-617304
-617283
-617278
-617226
-617195
-617169
-617160
-617147
-617110
-617108
-617076
-617067
-617065
-617028
-616969
-616954
-616948
-616939
-616939
-616933
-616929
-616858
-616854
-616765
-616750
-616737
-616713
-616705
-616644
-616616
-616603
-616602
-616565
-616564
-616553
-616541
-616526
-616520
-616513
-616511
-616502
-616477
-616437
-616435
-616413
-616370
-616368
-616346
-616344
-616327
-616292
-616268
-616260
-616257
-616251
-616226
-616210
-616184
-616183
-616176
-616166
-616126
-616099
-616081
-616065
-616060
-616050
-616004
-616001
-616001
-616001
-615971
-615967
-615940
-615935
-615935
-615933
-615921
-615920
-615887
-615801
-615796
-615737
-615730
-615729
-615707
-615644
-615636
-615605
-615590
-615552
-615535
-615442
-615437
-615414
-615393
-615379
-615377
-615366
-615361
-615330
-615305
-615304
-615301
-615300
-615296
-615284
-615264
-615225
-615207
-615181
-615180
-615168
-615157
-615152
-615149
-615048
-615026
-615003
-614986
-614984
-614980
-614959
-614954
-614939
-614875
-614857
-614818
-614794
-614790
-614725
-614719
-614712
-614709
-614674
-614672
-614668
-614662
-614628
-614620
-614556
-614555
-614547
-614515
-614484
-614473
-614465
-614454
-614407
-614331
-614324
-614305
-614283
-614256
-614245
-614222
-614222
-614184
-614182
-614131
-614112
-614090
-614064
-614061
-614055
-614014
-613929
-613919
-613914
-613906
-613905
-613860
-613836
-613822
-613798
-613793
-613761
-613731
-613706
-613689
-613620
-613586
-613573
-613498
-613492
-613473
-613446
-613418
-613384
-613348
-613344
-613343
-613329
-613303
-613299
-613281
-613261
-613261
-613254
-613237
-613208
-613171
-613170
-613161
-613152
-613140
-613136
-613123
-613107
-613047
-613037
-613036
-613023
-613012
-613010
-613004
-612996
-612974
-612938
-612935
-612908
-612891
-612882
-612836
-612812
-612804
-612791
-612752
-612738
-612718
-612716
-612716
-612713
-612681
-612652
-612646
-612632
-612631
-612586
-612577
-612530
-612523
-612477
-612470
-612413
-612413
-612378
-612337
-612329
-612323
-612300
-612242
-612231
-612208
-612153
-612135
-612132
-612131
-612105
-612076
-612062
-611977
-611959
-611916
-611901
-611843
-611815
-611811
-611799
-611749
-611747
-611731
-611721
-611696
-611688
-611678
-611643
-611627
-611605
-611558
-611542
-611536
-611527
-611524
-611477
-611460
-611440
-611381
-611331
-611275
-611270
-611248
-611245
-611238
-611237
-611169
-611160
-611153
-611126
-611121
-611094
-611092
-611063
-611025
-611001
-610968
-610935
-610913
-610859
-610857
-610848
-610845
-610844
-610840
-610824
-610797
-610786
-610739
-610719
-610702
-610624
-610587
-610570
-610563
-610540
-610538
-610528
-610518
-610516
-610478
-610448
-610408
-610400
-610394
-610367
-610330
-610303
-610274
-610267
-610242
-610217
-610210
-610187
-610153
-610138
-610044
-610033
-610030
-610014
-609998
-609984
-609973
-609930
-609877
-609875
-609838
-609785
-609751
-609737
-609735
-609724
-609723
-609704
-609703
-609699
-609686
-609652
-609638
-609594
-609579
-609569
-609532
-609521
-609502
-609461
-609461
-609457
-609457
-609445
-609431
-609421
-609406
-609406
-609369
-609361
-609360
-609352
-609350
-609347
-609346
-609330
-609267
-609231
-609226
-609224
-609218
-609186
-609175
-609140
-609108
-609049
-609023
-609019
-608979
-608973
-608939
-608939
-608938
-608921
-608919
-608918
-608887
-608869
-608863
-608815
-608811
-608802
-608801
-608783
-608759
-608757
-608756
-608731
-608701
-608669
-608656
-608644
-608643
-608640
-608595
-608588
-608582
-608573
-608546
-608518
-608508
-608495
-608489
-608485
-608477
-608449
-608440
-608430
-608426
-608321
-608295
-608294
-608293
-608262
-608262
-608129
-608119
-608112
-608085
-608081
-608077
-608077
-608038
-608037
-607996
-607991
-607983
-607940
-607939
-607933
-607930
-607920
-607876
-607836
-607813
-607794
-607784
-607772
-607768
-607750
-607744
-607729
-607706
-607703
-607684
-607665
-607659
-607654
-607644
-607623
-607585
-607568
-607542
-607535
-607523
-607493
-607483
-607455
-607434
-607429
-607423
-607408
-607389
-607380
-607364
-607363
-607353
-607347
-607331
-607312
-607304
-607293
-607276
-607230
-607227
-607217
-607142
-607126
-607104
-607097
-607080
-607080
-607078
-607073
-607046
-607025
-606997
-606991
-606955
-606933
-606926
-606924
-606891
-606875
-606865
-606843
-606815
-606773
-606743
-606713
-606712
-606704
-606667
-606667
-606632
-606630
-606623
-606577
-606561
-606553
-606551
-606551
-606517
-606514
-606507
-606492
-606487
-606449
-606431
-606424
-606422
-606410
-606407
-606372
-606370
-606345
-606293
-606255
-606247
-606212
-606185
-606181
-606167
-606126
-606124
-606120
-606111
-606073
-606063
-606053
-606044
-606012
-606009
-605991
-605985
-605974
-605967
-605950
-605939
-605925
-605893
-605870
-605864
-605858
-605836
-605821
-605795
-605784
-605779
-605773
-605724
-605665
-605602
-605591
-605591
-605564
-605534
-605516
-605501
-605487
-605470
-605465
-605382
-605370
-605341
-605338
-605333
-605288
-605269
-605237
-605232
-605228
-605215
-605146
-605143
-605142
-605112
-605107
-605090
-605076
-605046
-605008
-604972
-604864
-604819
-604814
-604811
-604810
-604758
-604728
-604720
-604661
-604650
-604625
-604607
-604528
-604524
-604519
-604519
-604491
-604459
-604457
-604448
-604399
-604398
-604394
-604353
-604352
-604343
-604307
-604287
-604276
-604262
-604244
-604225
-604181
-604152
-604141
-604132
-604103
-604081
-604067
-604060
-604030
-604007
-603986
-603975
-603974
-603925
-603901
-603894
-603885
-603863
-603854
-603823
-603808
-603796
-603786
-603739
-603733
-603724
-603716
-603676
-603669
-603663
-603654
-603635
-603609
-603595
-603581
-603565
-603559
-603551
-603546
-603513
-603469
-603459
-603452
-603442
-603434
-603389
-603355
-603319
-603302
-603289
-603228
-603183
-603177
-603068
-603068
-603066
-603018
-603009
-603007
-602987
-602986
-602926
-602919
-602905
-602899
-602895
-602874
-602807
-602766
-602732
-602716
-602711
-602692
-602690
-602674
-602647
-602645
-602630
-602615
-602593
-602586
-602540
-602535
-602504
-602490
-602488
-602444
-602425
-602420
-602376
-602361
-602345
-602344
-602335
-602318
-602269
-602262
-602262
-602255
-602227
-602225
-602224
-602215
-602210
-602180
-602164
-602139
-602130
-602101
-602096
-602065
-602054
-602019
-602016
-602012
-601988
-601947
-601946
-601936
-601934
-601904
-601899
-601871
-601864
-601862
-601854
-601815
-601814
-601813
-601770
-601768
-601762
-601757
-601732
-601676
-601670
-601641
-601565
-601540
-601528
-601484
-601484
-601468
-601461
-601398
-601376
-601323
-601318
-601310
-601289
-601289
-601287
-601284
-601280
-601265
-601262
-601256
-601248
-601233
-601229
-601180
-601170
-601164
-601163
-601155
-601106
-601100
-601086
-601086
-601072
-601069
-601060
-601056
-601056
-601023
-601002
-600987
-600987
-600986
-600946
-600920
-600901
-600895
-600893
-600879
-600861
-600833
-600823
-600823
-600808
-600797
-600778
-600774
-600755
-600748
-600734
-600728
-600699
-600660
-600658
-600603
-600585
-600559
-600491
-600489
-600420
-600414
-600411
-600392
-600361
-600312
-600308
-600275
-600273
-600261
-600251
-600248
-600246
-600223
-600219
-600217
-600212
-600205
-600129
-600122
-600096
-600065
-600049
-600024
-600018
-600006
-600004
-599967
-599964
-599963
-599947
-599931
-599861
-599858
-599853
-599850
-599846
-599845
-599818
-599815
-599806
-599800
-599795
-599786
-599776
-599755
-599724
-599724
-599714
-599710
-599705
-599701
-599669
-599613
-599606
-599605
-599542
-599531
-599525
-599514
-599500
-599495
-599489
-599474
-599474
-599461
-599431
-599430
-599403
-599354
-599352
-599347
-599328
-599290
-599261
-599257
-599255
-599245
-599231
-599224
-599223
-599210
-599207
-599201
-599192
-599186
-599179
-599179
-599177
-599166
-599163
-599160
-599160
-599156
-599134
-599114
-599112
-599109
-599096
-599092
-599075
-599022
-598995
-598964
-598953
-598950
-598940
-598877
-598868
-598861
-598859
-598856
-598852
-598836
-598760
-598759
-598750
-598696
-598691
-598649
-598592
-598579
-598562
-598513
-598493
-598473
-598420
-598361
-598355
-598323
-598313
-598294
-598268
-598261
-598261
-598229
-598158
-598135
-598091
-598088
-598085
-598081
-598080
-598070
-598057
-598049
-598033
-597980
-597948
-597936
-597921
-597886
-597870
-597814
-597803
-597803
-597787
-597766
-597764
-597757
-597753
-597750
-597742
-597736
-597730
-597714
-597673
-597668
-597611
-597560
-597547
-597546
-597513
-597497
-597484
-597464
-597431
-597428
-597422
-597403
-597382
-597369
-597330
-597323
-597311
-597292
-597268
-597240
-597227
-597225
-597209
-597156
-597136
-597133
-597126
-597110
-597100
-597093
-597064
-597040
-597036
-597004
-596988
-596976
-596943
-596942
-596938
-596923
-596918
-596890
-596886
-596882
-596878
-596871
-596852
-596835
-596809
-596779
-596725
-596710
-596710
-596685
-596674
-596673
-596657
-596647
-596597
-596588
-596586
-596568
-596557
-596554
-596553
-596521
-596498
-596498
-596443
-596435
-596415
-596410
-596319
-596316
-596304
-596279
-596271
-596266
-596232
-596228
-596211
-596202
-596165
-596138
-596113
-596111
-596098
-596094
-596075
-596068
-596066
-596024
-596023
-596017
-596009
-596006
-596006
-596006
-595996
-595972
-595966
-595950
-595918
-595914
-595873
-595846
-595832
-595832
-595825
-595821
-595769
-595761
-595758
-595748
-595739
-595733
-595729
-595726
-595715
-595675
-595647
-595591
-595565
-595555
-595552
-595545
-595484
-595474
-595419
-595417
-595409
-595405
-595395
-595360
-595332
-595303
-595289
-595283
-595281
-595276
-595251
-595250
-595229
-595208
-595205
-595176
-595153
-595148
-595132
-595114
-595104
-595096
-595069
-595062
-595057
-595051
-595039
-595038
-594992
-594945
-594926
-594906
-594884
-594879
-594877
-594854
-594771
-594744
-594720
-594720
-594717
-594712
-594705
-594692
-594691
-594665
-594625
-594524
-594523
-594520
-594503
-594502
-594487
-594479
-594458
-594431
-594389
-594365
-594359
-594346
-594340
-594340
-594335
-594322
-594302
-594296
-594286
-594285
-594259
-594257
-594240
-594217
-594216
-594209
-594204
-594203
-594199
-594192
-594190
-594150
-594130
-594116
-594099
-594063
-594034
-593981
-593971
-593947
-593920
-593893
-593828
-593816
-593798
-593742
-593739
-593658
-593655
-593653
-593629
-593605
-593604
-593595
-593570
-593528
-593525
-593485
-593482
-593459
-593425
-593416
-593395
-593380
-593377
-593346
-593324
-593281
-593244
-593212
-593202
-593167
-593160
-593138
-593135
-593108
-593098
-593089
-593088
-593067
-593057
-593002
-592976
-592955
-592938
-592915
-592891
-592848
-592829
-592746
-592745
-592745
-592716
-592709
-592705
-592684
-592684
-592676
-592651
-592629
-592607
-592594
-592565
-592560
-592558
-592558
-592486
-592433
-592403
-592368
-592337
-592335
-592332
-592321
-592317
-592311
-592296
-592253
-592241
-592210
-592204
-592187
-592114
-592066
-592005
-591999
-591998
-591944
-591875
-591834
-591810
-591806
-591805
-591798
-591755
-591751
-591738
-591705
-591690
-591649
-591631
-591605
-591598
-591550
-591514
-591502
-591498
-591473
-591460
-591455
-591442
-591441
-591436
-591388
-591371
-591362
-591361
-591357
-591357
-591289
-591287
-591264
-591261
-591261
-591252
-591193
-591160
-591156
-591086
-591044
-591025
-591007
-590985
-590948
-590946
-590930
-590885
-590865
-590838
-590820
-590820
-590780
-590779
-590764
-590708
-590591
-590581
-590568
-590558
-590558
-590543
-590542
-590508
-590494
-590460
-590450
-590447
-590444
-590388
-590358
-590348
-590347
-590327
-590323
-590314
-590278
-590272
-590246
-590246
-590234
-590232
-590194
-590118
-590014
-590004
-589966
-589961
-589932
-589885
-589842
-589824
-589813
-589789
-589768
-589722
-589697
-589696
-589688
-589686
-589664
-589656
-589642
-589641
-589639
-589623
-589616
-589609
-589592
-589537
-589529
-589476
-589438
-589418
-589410
-589356
-589351
-589347
-589260
-589239
-589238
-589229
-589229
-589186
-589185
-589153
-589114
-589101
-589091
-589083
-589080
-589035
-589022
-589006
-588982
-588960
-588945
-588940
-588917
-588888
-588886
-588882
-588785
-588755
-588735
-588713
-588706
-588693
-588686
-588672
-588671
-588671
-588638
-588597
-588554
-588520
-588513
-588490
-588480
-588468
-588435
-588386
-588376
-588374
-588373
-588368
-588341
-588306
-588278
-588268
-588232
-588210
-588208
-588197
-588155
-588135
-588126
-588124
-588114
-588082
-588068
-588046
-588042
-587960
-587958
-587948
-587944
-587943
-587899
-587888
-587878
-587859
-587846
-587846
-587833
-587821
-587797
-587769
-587721
-587694
-587662
-587619
-587617
-587608
-587603
-587569
-587568
-587555
-587542
-587514
-587512
-587457
-587443
-587423
-587406
-587396
-587322
-587191
-587181
-587178
-587128
-587073
-587065
-587057
-587055
-587047
-587038
-586967
-586957
-586942
-586923
-586916
-586913
-586840
-586829
-586758
-586757
-586732
-586710
-586704
-586690
-586672
-586626
-586579
-586539
-586506
-586504
-586501
-586492
-586400
-586368
-586360
-586328
-586302
-586301
-586289
-586279
-586207
-586201
-586129
-586122
-586121
-586049
-586025
-586019
-586002
-586001
-585971
-585962
-585950
-585942
-585903
-585901
-585867
-585866
-585865
-585838
-585713
-585685
-585681
-585667
-585657
-585655
-585654
-585644
-585623
-585618
-585615
-585591
-585547
-585533
-585486
-585427
-585405
-585391
-585375
-585368
-585365
-585345
-585259
-585256
-585251
-585247
-585236
-585232
-585203
-585199
-585185
-585178
-585164
-585144
-585046
-585031
-585019
-585015
-584937
-584915
-584914
-584906
-584901
-584867
-584835
-584814
-584777
-584734
-584725
-584720
-584713
-584704
-584675
-584663
-584656
-584639
-584609
-584595
-584594
-584568
-584562
-584545
-584530
-584443
-584441
-584400
-584394
-584378
-584366
-584357
-584282
-584246
-584243
-584231
-584196
-584192
-584120
-584107
-584095
-584081
-584075
-584073
-584064
-584061
-584028
-584013
-583973
-583957
-583954
-583900
-583886
-583876
-583852
-583790
-583755
-583731
-583728
-583685
-583675
-583668
-583662
-583660
-583640
-583635
-583617
-583604
-583597
-583555
-583552
-583512
-583492
-583484
-583479
-583449
-583401
-583389
-583364
-583356
-583348
-583317
-583302
-583283
-583228
-583217
-583175
-583173
-583108
-583079
-583068
-583056
-583049
-583031
-582993
-582982
-582976
-582955
-582947
-582935
-582919
-582918
-582916
-582908
-582899
-582898
-582865
-582843
-582803
-582788
-582737
-582722
-582683
-582584
-582546
-582524
-582488
-582475
-582475
-582414
-582401
-582360
-582260
-582254
-582231
-582187
-582186
-582151
-582133
-582115
-582103
-582066
-581974
-581906
-581880
-581878
-581870
-581866
-581864
-581863
-581857
-581811
-581758
-581751
-581748
-581727
-581698
-581690
-581684
-581680
-581679
-581613
-581595
-581579
-581574
-581561
-581546
-581502
-581502
-581476
-581449
-581409
-581392
-581388
-581364
-581351
-581326
-581318
-581273
-581216
-581204
-581170
-581164
-581160
-581150
-581101
-581079
-581060
-581042
-581009
-580997
-580987
-580980
-580966
-580936
-580931
-580922
-580909
-580888
-580884
-580869
-580829
-580828
-580817
-580787
-580744
-580741
-580732
-580715
-580699
-580688
-580666
-580661
-580661
-580617
-580605
-580574
-580570
-580565
-580555
-580518
-580514
-580513
-580482
-580470
-580458
-580424
-580354
-580342
-580328
-580273
-580263
-580260
-580231
-580230
-580214
-580210
-580151
-580133
-580107
-580095
-580082
-580051
-579975
-579972
-579942
-579894
-579839
-579838
-579828
-579821
-579805
-579798
-579794
-579774
-579760
-579734
-579688
-579680
-579635
-579586
-579581
-579559
-579558
-579556
-579546
-579514
-579513
-579503
-579490
-579482
-579470
-579453
-579411
-579406
-579389
-579358
-579358
-579316
-579278
-579268
-579246
-579203
-579188
-579078
-579060
-579058
-579051
-579045
-579029
-579022
-579011
-579011
-578999
-578990
-578970
-578968
-578949
-578922
-578905
-578901
-578854
-578849
-578829
-578823
-578812
-578803
-578781
-578780
-578778
-578772
-578744
-578716
-578697
-578653
-578651
-578622
-578618
-578612
-578599
-578587
-578581
-578565
-578529
-578490
-578486
-578486
-578461
-578416
-578402
-578401
-578366
-578337
-578274
-578274
-578271
-578232
-578231
-578210
-578197
-578164
-578159
-578125
-578123
-578122
-578120
-578119
-578103
-578090
-578029
-578004
-577989
-577986
-577966
-577921
-577918
-577911
-577909
-577845
-577833
-577815
-577811
-577807
-577797
-577721
-577696
-577656
-577632
-577605
-577599
-577596
-577591
-577552
-577522
-577518
-577470
-577465
-577377
-577302
-577301
-577221
-577161
-577133
-577114
-577109
-577108
-577089
-577079
-577072
-577055
-577051
-577046
-577022
-577020
-577006
-577001
-576994
-576986
-576972
-576946
-576923
-576921
-576894
-576881
-576873
-576868
-576857
-576819
-576780
-576740
-576728
-576726
-576726
-576718
-576703
-576697
-576668
-576668
-576663
-576645
-576625
-576619
-576588
-576565
-576565
-576557
-576544
-576524
-576524
-576521
-576513
-576510
-576507
-576492
-576426
-576401
-576391
-576355
-576317
-576290
-576277
-576237
-576234
-576225
-576224
-576222
-576209
-576195
-576193
-576185
-576174
-576155
-576137
-576077
-576070
-576070
-576028
-576024
-576011
-575989
-575971
-575891
-575885
-575860
-575831
-575812
-575803
-575799
-575793
-575779
-575767
-575760
-575753
-575750
-575713
-575671
-575662
-575661
-575645
-575630
-575594
-575574
-575572
-575572
-575564
-575504
-575494
-575488
-575487
-575486
-575484
-575436
-575432
-575429
-575429
-575416
-575393
-575360
-575332
-575322
-575309
-575306
-575288
-575264
-575251
-575230
-575189
-575160
-575149
-575147
-575137
-575127
-575120
-575107
-575104
-575060
-574975
-574966
-574961
-574933
-574915
-574893
-574893
-574885
-574878
-574866
-574854
-574853
-574851
-574850
-574848
-574834
-574729
-574697
-574696
-574690
-574683
-574649
-574646
-574623
-574601
-574594
-574583
-574564
-574510
-574476
-574421
-574356
-574347
-574314
-574302
-574267
-574264
-574253
-574251
-574247
-574174
-574134
-574109
-574088
-574084
-574040
-574019
-574016
-574000
-573994
-573992
-573986
-573972
-573972
-573965
-573962
-573960
-573951
-573927
-573877
-573838
-573771
-573732
-573726
-573712
-573698
-573666
-573666
-573619
-573618
-573607
-573606
-573597
-573582
-573573
-573551
-573543
-573536
-573535
-573516
-573508
-573506
-573492
-573479
-573476
-573467
-573439
-573433
-573421
-573393
-573354
-573329
-573309
-573307
-573307
-573289
-573289
-573193
-573181
-573132
-573079
-573031
-573023
-572972
-572958
-572950
-572946
-572922
-572911
-572871
-572837
-572786
-572779
-572763
-572754
-572752
-572673
-572654
-572633
-572628
-572619
-572617
-572613
-572611
-572550
-572536
-572512
-572475
-572445
-572442
-572371
-572330
-572323
-572297
-572295
-572276
-572254
-572247
-572242
-572226
-572211
-572209
-572209
-572177
-572175
-572150
-572145
-572127
-572039
-572024
-572022
-572016
-572012
-572006
-571971
-571968
-571951
-571911
-571893
-571888
-571875
-571860
-571860
-571853
-571852
-571825
-571788
-571780
-571768
-571750
-571744
-571711
-571695
-571694
-571687
-571675
-571671
-571645
-571645
-571640
-571614
-571586
-571565
-571543
-571518
-571489
-571482
-571477
-571451
-571444
-571434
-571422
-571418
-571396
-571395
-571338
-571336
-571317
-571309
-571304
-571295
-571285
-571251
-571240
-571237
-571229
-571221
-571205
-571104
-571097
-571088
-571046
-571032
-571032
-571001
-570994
-570960
-570930
-570906
-570898
-570897
-570895
-570805
-570802
-570795
-570792
-570768
-570766
-570753
-570725
-570725
-570707
-570679
-570673
-570672
-570655
-570576
-570555
-570525
-570514
-570487
-570474
-570458
-570432
-570430
-570424
-570417
-570399
-570396
-570394
-570387
-570376
-570375
-570321
-570318
-570308
-570302
-570253
-570242
-570226
-570210
-570192
-570161
-570147
-570113
-570102
-570050
-570029
-570027
-570011
-570000
-569988
-569951
-569951
-569951
-569942
-569915
-569883
-569882
-569879
-569846
-569843
-569825
-569822
-569814
-569799
-569757
-569746
-569731
-569728
-569723
-569721
-569719
-569672
-569664
-569654
-569627
-569589
-569589
-569587
-569570
-569569
-569562
-569551
-569551
-569533
-569512
-569474
-569470
-569462
-569427
-569296
-569260
-569255
-569229
-569223
-569213
-569205
-569182
-569166
-569101
-569076
-569064
-569028
-569003
-568995
-568956
-568953
-568944
-568940
-568927
-568902
-568873
-568869
-568828
-568808
-568800
-568796
-568784
-568770
-568766
-568754
-568745
-568742
-568736
-568730
-568693
-568689
-568658
-568634
-568632
-568597
-568595
-568594
-568589
-568581
-568535
-568478
-568463
-568350
-568327
-568309
-568286
-568276
-568262
-568241
-568182
-568167
-568145
-568125
-568125
-568120
-568072
-568061
-568054
-568049
-568020
-568005
-567983
-567956
-567932
-567884
-567882
-567867
-567806
-567783
-567767
-567744
-567726
-567695
-567693
-567667
-567655
-567650
-567648
-567642
-567617
-567566
-567545
-567536
-567522
-567512
-567491
-567451
-567439
-567419
-567367
-567366
-567335
-567278
-567229
-567203
-567175
-567172
-567126
-567108
-567084
-567074
-567024
-567009
-566993
-566950
-566944
-566924
-566917
-566905
-566881
-566867
-566865
-566850
-566840
-566816
-566786
-566778
-566762
-566762
-566745
-566729
-566711
-566703
-566670
-566639
-566637
-566611
-566587
-566584
-566551
-566544
-566543
-566527
-566521
-566460
-566459
-566457
-566454
-566408
-566376
-566336
-566332
-566314
-566301
-566299
-566297
-566283
-566268
-566155
-566127
-566122
-566113
-566062
-566044
-565989
-565988
-565959
-565953
-565948
-565938
-565928
-565895
-565890
-565853
-565849
-565834
-565831
-565826
-565819
-565800
-565790
-565776
-565772
-565760
-565748
-565729
-565724
-565711
-565698
-565698
-565682
-565639
-565554
-565528
-565525
-565509
-565497
-565491
-565437
-565421
-565372
-565372
-565320
-565319
-565290
-565237
-565219
-565188
-565165
-565137
-565131
-565127
-565124
-565119
-565065
-565061
-565061
-565051
-565014
-564995
-564945
-564934
-564899
-564887
-564865
-564805
-564799
-564773
-564772
-564731
-564726
-564696
-564691
-564651
-564641
-564637
-564628
-564613
-564608
-564542
-564496
-564491
-564477
-564368
-564310
-564308
-564300
-564297
-564277
-564274
-564270
-564215
-564183
-564172
-564132
-564125
-564096
-564080
-564072
-564018
-564011
-564000
-563955
-563954
-563889
-563866
-563857
-563852
-563821
-563817
-563756
-563755
-563739
-563726
-563716
-563709
-563669
-563660
-563633
-563628
-563604
-563600
-563591
-563589
-563564
-563547
-563484
-563476
-563476
-563457
-563447
-563443
-563428
-563423
-563419
-563398
-563394
-563386
-563371
-563347
-563340
-563335
-563308
-563300
-563287
-563281
-563258
-563254
-563253
-563234
-563219
-563208
-563162
-563157
-563143
-563139
-563139
-563117
-563105
-563045
-563041
-563021
-563019
-562986
-562957
-562947
-562928
-562900
-562880
-562859
-562777
-562749
-562730
-562716
-562678
-562672
-562657
-562633
-562627
-562539
-562529
-562528
-562489
-562457
-562445
-562439
-562436
-562432
-562419
-562356
-562345
-562294
-562272
-562253
-562235
-562211
-562201
-562174
-562162
-562132
-562105
-562103
-562096
-562076
-562044
-562041
-562025
-562021
-561968
-561949
-561929
-561913
-561899
-561862
-561825
-561750
-561738
-561733
-561717
-561677
-561603
-561581
-561566
-561553
-561540
-561540
-561531
-561523
-561521
-561515
-561500
-561479
-561384
-561365
-561363
-561354
-561354
-561345
-561335
-561327
-561311
-561310
-561302
-561294
-561292
-561289
-561272
-561269
-561235
-561235
-561201
-561182
-561158
-561085
-560992
-560960
-560931
-560898
-560891
-560891
-560890
-560889
-560865
-560858
-560843
-560826
-560814
-560803
-560802
-560797
-560791
-560747
-560741
-560732
-560723
-560719
-560666
-560654
-560640
-560589
-560576
-560574
-560572
-560526
-560502
-560457
-560432
-560430
-560412
-560397
-560388
-560383
-560359
-560320
-560280
-560260
-560259
-560235
-560173
-560169
-560167
-560165
-560152
-560133
-560132
-560113
-560078
-560063
-560051
-560040
-560039
-559995
-559904
-559883
-559855
-559853
-559843
-559804
-559782
-559779
-559759
-559742
-559726
-559715
-559698
-559679
-559661
-559591
-559589
-559588
-559583
-559578
-559531
-559527
-559499
-559468
-559458
-559447
-559422
-559396
-559366
-559347
-559322
-559304
-559291
-559288
-559268
-559259
-559222
-559220
-559207
-559181
-559159
-559130
-559096
-559058
-559056
-559027
-558955
-558934
-558931
-558900
-558874
-558865
-558864
-558803
-558782
-558756
-558747
-558742
-558733
-558721
-558709
-558667
-558665
-558548
-558512
-558509
-558481
-558424
-558416
-558387
-558365
-558359
-558359
-558356
-558347
-558334
-558322
-558296
-558229
-558225
-558188
-558172
-558160
-558149
-558141
-558105
-558102
-558090
-558089
-558065
-558059
-558030
-558007
-557999
-557989
-557954
-557928
-557863
-557861
-557854
-557852
-557828
-557803
-557788
-557786
-557784
-557772
-557755
-557738
-557730
-557721
-557712
-557687
-557686
-557685
-557674
-557661
-557657
-557657
-557634
-557627
-557593
-557580
-557578
-557557
-557489
-557431
-557417
-557411
-557408
-557368
-557365
-557363
-557339
-557324
-557313
-557258
-557240
-557212
-557210
-557205
-557181
-557134
-557124
-557086
-557054
-557050
-557042
-557005
-557004
-557003
-556985
-556952
-556939
-556883
-556864
-556803
-556802
-556696
-556690
-556681
-556655
-556645
-556616
-556611
-556571
-556560
-556558
-556549
-556536
-556535
-556492
-556491
-556485
-556456
-556434
-556432
-556415
-556388
-556352
-556342
-556340
-556291
-556258
-556251
-556246
-556238
-556187
-556143
-556135
-556100
-556049
-556003
-555995
-555987
-555923
-555922
-555886
-555874
-555860
-555816
-555813
-555806
-555783
-555774
-555762
-555749
-555660
-555645
-555615
-555613
-555588
-555550
-555541
-555540
-555514
-555492
-555481
-555471
-555468
-555450
-555443
-555421
-555397
-555391
-555388
-555388
-555380
-555329
-555316
-555298
-555298
-555292
-555286
-555239
-555187
-555171
-555157
-555143
-555122
-555120
-555088
-555086
-555031
-555025
-555012
-554968
-554965
-554921
-554824
-554789
-554786
-554774
-554741
-554739
-554716
-554677
-554641
-554634
-554612
-554605
-554596
-554587
-554579
-554572
-554572
-554552
-554551
-554529
-554525
-554512
-554465
-554439
-554425
-554388
-554348
-554345
-554336
-554322
-554290
-554189
-554148
-554121
-554119
-554116
-554109
-554106
-554095
-554087
-554086
-554000
-553971
-553952
-553898
-553887
-553869
-553843
-553838
-553796
-553734
-553664
-553656
-553642
-553630
-553607
-553594
-553592
-553579
-553571
-553482
-553453
-553416
-553404
-553404
-553403
-553399
-553388
-553334
-553275
-553275
-553235
-553235
-553221
-553220
-553182
-553181
-553165
-553158
-553141
-553099
-553099
-553091
-553077
-553058
-553046
-553032
-553030
-553009
-552995
-552971
-552943
-552931
-552924
-552909
-552905
-552896
-552896
-552851
-552840
-552784
-552755
-552732
-552731
-552675
-552657
-552650
-552635
-552606
-552595
-552588
-552523
-552514
-552510
-552502
-552501
-552485
-552469
-552461
-552461
-552433
-552391
-552376
-552366
-552359
-552271
-552260
-552248
-552237
-552221
-552201
-552098
-552081
-552003
-551986
-551975
-551974
-551945
-551906
-551895
-551885
-551876
-551871
-551865
-551794
-551783
-551711
-551665
-551662
-551644
-551631
-551623
-551617
-551577
-551521
-551513
-551496
-551477
-551448
-551429
-551395
-551381
-551380
-551373
-551348
-551321
-551304
-551262
-551255
-551250
-551247
-551235
-551203
-551193
-551181
-551171
-551165
-551130
-551124
-551091
-551088
-551076
-551046
-551014
-551005
-551003
-550988
-550964
-550943
-550925
-550912
-550901
-550888
-550841
-550836
-550745
-550740
-550727
-550708
-550675
-550645
-550620
-550590
-550569
-550547
-550541
-550522
-550516
-550511
-550493
-550485
-550463
-550432
-550423
-550409
-550385
-550342
-550322
-550308
-550265
-550258
-550241
-550234
-550221
-550213
-550201
-550184
-550159
-550144
-550127
-550116
-550092
-550069
-550007
-549996
-549995
-549975
-549962
-549918
-549884
-549882
-549869
-549855
-549845
-549815
-549814
-549770
-549762
-549749
-549718
-549708
-549680
-549672
-549648
-549641
-549641
-549638
-549625
-549621
-549611
-549610
-549602
-549548
-549531
-549476
-549475
-549475
-549469
-549468
-549460
-549449
-549432
-549410
-549403
-549398
-549385
-549320
-549319
-549275
-549234
-549153
-549141
-549101
-549067
-549065
-549061
-549030
-549009
-548990
-548970
-548914
-548903
-548888
-548885
-548882
-548869
-548862
-548861
-548853
-548851
-548829
-548824
-548807
-548801
-548786
-548759
-548750
-548732
-548686
-548673
-548672
-548666
-548650
-548630
-548624
-548609
-548599
-548595
-548559
-548534
-548527
-548486
-548472
-548441
-548429
-548396
-548385
-548377
-548374
-548329
-548291
-548287
-548267
-548232
-548215
-548205
-548154
-548142
-548088
-548045
-548037
-547990
-547988
-547949
-547927
-547916
-547909
-547900
-547891
-547850
-547827
-547822
-547773
-547757
-547749
-547748
-547740
-547717
-547684
-547673
-547655
-547635
-547593
-547564
-547559
-547551
-547545
-547534
-547510
-547506
-547463
-547462
-547460
-547451
-547442
-547433
-547424
-547415
-547406
-547396
-547366
-547358
-547329
-547329
-547290
-547232
-547206
-547203
-547194
-547182
-547171
-547144
-547131
-547104
-547091
-547043
-547038
-547032
-547022
-547019
-547012
-547009
-546985
-546965
-546948
-546928
-546926
-546917
-546872
-546861
-546855
-546830
-546809
-546804
-546732
-546718
-546694
-546694
-546672
-546660
-546627
-546601
-546601
-546563
-546503
-546481
-546478
-546476
-546473
-546458
-546448
-546443
-546408
-546399
-546380
-546368
-546367
-546359
-546355
-546315
-546274
-546246
-546244
-546209
-546196
-546184
-546166
-546161
-546116
-546100
-546099
-546061
-546037
-546029
-545992
-545987
-545983
-545976
-545967
-545962
-545955
-545948
-545943
-545927
-545926
-545902
-545891
-545851
-545808
-545798
-545771
-545767
-545732
-545714
-545705
-545604
-545566
-545539
-545532
-545531
-545504
-545489
-545487
-545452
-545418
-545413
-545382
-545367
-545341
-545323
-545312
-545302
-545262
-545229
-545223
-545213
-545205
-545169
-545140
-545072
-545063
-545056
-545043
-545031
-545030
-545014
-545013
-544984
-544966
-544958
-544954
-544951
-544939
-544939
-544927
-544916
-544899
-544891
-544858
-544847
-544842
-544836
-544819
-544817
-544804
-544798
-544669
-544661
-544588
-544580
-544579
-544566
-544548
-544548
-544529
-544513
-544502
-544498
-544477
-544474
-544448
-544445
-544441
-544418
-544416
-544386
-544341
-544334
-544330
-544317
-544312
-544296
-544290
-544275
-544272
-544271
-544253
-544250
-544239
-544207
-544202
-544200
-544176
-544150
-544138
-544108
-544099
-544099
-544070
-544067
-544055
-544055
-544022
-544004
-544003
-544000
-543964
-543918
-543915
-543903
-543877
-543873
-543838
-543774
-543741
-543723
-543722
-543719
-543705
-543675
-543675
-543672
-543646
-543622
-543576
-543575
-543566
-543555
-543553
-543552
-543540
-543503
-543480
-543466
-543458
-543455
-543453
-543405
-543363
-543332
-543301
-543295
-543290
-543283
-543271
-543255
-543227
-543198
-543168
-543148
-543137
-543136
-543115
-543060
-543003
-542970
-542967
-542946
-542909
-542881
-542881
-542865
-542862
-542861
-542847
-542831
-542814
-542809
-542803
-542778
-542735
-542734
-542686
-542683
-542674
-542661
-542661
-542632
-542629
-542619
-542610
-542578
-542548
-542518
-542503
-542498
-542490
-542457
-542432
-542423
-542421
-542363
-542325
-542316
-542284
-542267
-542259
-542225
-542224
-542209
-542205
-542201
-542183
-542172
-542146
-542131
-542058
-542019
-542006
-541958
-541957
-541950
-541928
-541914
-541906
-541905
-541903
-541900
-541888
-541860
-541860
-541837
-541817
-541793
-541779
-541767
-541758
-541714
-541709
-541702
-541676
-541656
-541627
-541607
-541546
-541532
-541529
-541411
-541407
-541390
-541369
-541350
-541335
-541300
-541263
-541263
-541252
-541236
-541236
-541218
-541216
-541213
-541199
-541184
-541161
-541113
-541086
-541075
-541070
-541068
-541051
-541025
-540979
-540928
-540915
-540914
-540892
-540858
-540846
-540788
-540770
-540767
-540762
-540758
-540729
-540707
-540701
-540670
-540669
-540649
-540614
-540608
-540605
-540602
-540601
-540559
-540556
-540530
-540528
-540514
-540483
-540482
-540479
-540469
-540451
-540447
-540444
-540438
-540428
-540386
-540379
-540364
-540308
-540296
-540284
-540284
-540264
-540190
-540178
-540171
-540165
-540133
-540128
-540126
-540093
-540078
-540066
-540061
-540028
-539999
-539980
-539970
-539970
-539938
-539930
-539929
-539899
-539882
-539880
-539860
-539852
-539851
-539849
-539845
-539830
-539809
-539796
-539737
-539726
-539720
-539705
-539651
-539649
-539619
-539596
-539592
-539590
-539550
-539548
-539544
-539543
-539515
-539480
-539464
-539458
-539428
-539408
-539405
-539353
-539350
-539349
-539328
-539328
-539324
-539301
-539291
-539287
-539274
-539269
-539251
-539214
-539200
-539192
-539164
-539150
-539136
-539127
-539101
-539091
-539054
-539050
-539033
-539027
-539012
-539008
-538992
-538984
-538979
-538927
-538921
-538912
-538908
-538855
-538854
-538838
-538827
-538806
-538806
-538793
-538731
-538699
-538693
-538684
-538630
-538600
-538581
-538553
-538544
-538520
-538495
-538492
-538465
-538464
-538408
-538406
-538378
-538366
-538364
-538341
-538339
-538337
-538323
-538320
-538272
-538256
-538228
-538136
-538136
-538123
-538118
-538072
-537994
-537958
-537958
-537919
-537900
-537900
-537900
-537898
-537884
-537877
-537867
-537846
-537786
-537775
-537771
-537752
-537733
-537719
-537703
-537631
-537600
-537548
-537531
-537514
-537508
-537492
-537490
-537483
-537462
-537432
-537396
-537371
-537368
-537359
-537331
-537326
-537315
-537291
-537266
-537243
-537213
-537198
-537197
-537186
-537166
-537154
-537141
-537128
-537103
-537066
-537052
-537022
-537012
-536923
-536921
-536916
-536916
-536897
-536880
-536856
-536850
-536816
-536811
-536749
-536735
-536731
-536727
-536650
-536615
-536602
-536537
-536458
-536457
-536450
-536446
-536434
-536429
-536410
-536391
-536391
-536373
-536368
-536310
-536295
-536230
-536229
-536224
-536218
-536212
-536193
-536136
-536092
-536091
-536063
-536060
-535944
-535941
-535916
-535903
-535894
-535818
-535792
-535789
-535775
-535756
-535737
-535721
-535690
-535662
-535661
-535635
-535583
-535579
-535579
-535567
-535544
-535536
-535524
-535509
-535473
-535461
-535458
-535452
-535428
-535411
-535401
-535400
-535400
-535390
-535326
-535301
-535271
-535265
-535259
-535252
-535245
-535228
-535220
-535208
-535152
-535128
-535103
-535089
-535070
-535068
-535010
-534988
-534942
-534903
-534879
-534843
-534834
-534794
-534794
-534790
-534775
-534769
-534769
-534748
-534734
-534733
-534700
-534689
-534663
-534651
-534649
-534619
-534612
-534578
-534566
-534525
-534452
-534441
-534415
-534391
-534328
-534317
-534246
-534241
-534237
-534189
-534139
-534134
-534098
-534078
-534077
-534037
-534031
-534023
-534018
-533979
-533922
-533891
-533884
-533853
-533842
-533833
-533832
-533804
-533786
-533712
-533710
-533705
-533697
-533671
-533666
-533655
-533649
-533636
-533635
-533602
-533581
-533538
-533530
-533529
-533430
-533368
-533356
-533350
-533275
-533272
-533271
-533268
-533268
-533258
-533233
-533219
-533188
-533154
-533149
-533121
-533081
-533068
-533033
-533024
-532988
-532975
-532970
-532968
-532891
-532882
-532882
-532876
-532805
-532782
-532781
-532777
-532761
-532752
-532748
-532746
-532738
-532735
-532679
-532677
-532638
-532619
-532594
-532568
-532525
-532511
-532504
-532468
-532438
-532426
-532403
-532380
-532351
-532320
-532264
-532263
-532210
-532198
-532195
-532184
-532167
-532157
-532156
-532135
-532135
-532119
-532117
-532094
-532091
-532090
-532053
-532035
-532034
-532028
-531993
-531988
-531987
-531985
-531952
-531933
-531917
-531910
-531888
-531887
-531859
-531854
-531828
-531823
-531743
-531721
-531713
-531695
-531683
-531651
-531612
-531581
-531570
-531536
-531532
-531500
-531433
-531431
-531405
-531402
-531349
-531310
-531279
-531252
-531242
-531213
-531183
-531126
-531119
-531080
-531069
-531054
-531048
-531009
-530966
-530954
-530945
-530944
-530846
-530833
-530805
-530789
-530784
-530768
-530754
-530752
-530707
-530680
-530655
-530626
-530618
-530554
-530538
-530522
-530511
-530478
-530463
-530441
-530421
-530418
-530370
-530362
-530356
-530349
-530347
-530314
-530310
-530305
-530302
-530289
-530282
-530282
-530275
-530268
-530268
-530220
-530207
-530192
-530177
-530088
-530085
-530081
-530078
-530045
-530019
-529972
-529971
-529945
-529925
-529908
-529828
-529757
-529692
-529673
-529672
-529659
-529622
-529612
-529558
-529543
-529529
-529506
-529496
-529493
-529424
-529420
-529385
-529365
-529348
-529326
-529320
-529316
-529311
-529262
-529252
-529237
-529224
-529196
-529188
-529172
-529106
-529097
-529093
-529081
-529077
-529035
-528998
-528998
-528985
-528967
-528930
-528929
-528927
-528919
-528872
-528853
-528825
-528807
-528781
-528724
-528695
-528679
-528673
-528672
-528671
-528665
-528625
-528604
-528602
-528552
-528547
-528544
-528536
-528502
-528501
-528499
-528479
-528472
-528471
-528455
-528446
-528439
-528422
-528417
-528410
-528397
-528356
-528342
-528340
-528330
-528311
-528301
-528293
-528281
-528274
-528272
-528253
-528232
-528166
-528148
-528109
-528092
-528069
-528051
-528045
-528044
-528042
-527980
-527931
-527899
-527899
-527867
-527736
-527685
-527669
-527639
-527592
-527548
-527515
-527479
-527468
-527446
-527428
-527421
-527414
-527393
-527376
-527359
-527322
-527313
-527312
-527306
-527285
-527268
-527208
-527145
-527141
-527109
-527105
-527082
-527076
-527072
-527046
-526990
-526968
-526933
-526924
-526905
-526835
-526833
-526750
-526742
-526723
-526719
-526715
-526680
-526677
-526630
-526599
-526492
-526492
-526483
-526471
-526460
-526440
-526425
-526421
-526376
-526365
-526353
-526353
-526340
-526324
-526319
-526283
-526272
-526271
-526227
-526214
-526212
-526205
-526204
-526154
-526115
-526110
-526108
-526099
-526092
-526018
-526018
-526017
-525969
-525961
-525960
-525932
-525926
-525925
-525924
-525852
-525833
-525818
-525788
-525753
-525729
-525719
-525696
-525674
-525670
-525668
-525634
-525629
-525591
-525581
-525540
-525523
-525517
-525496
-525418
-525403
-525398
-525393
-525373
-525348
-525329
-525327
-525265
-525261
-525205
-525191
-525155
-525148
-525136
-525106
-525093
-525089
-525087
-525077
-525047
-525016
-524974
-524941
-524917
-524908
-524890
-524722
-524708
-524645
-524643
-524632
-524580
-524543
-524536
-524534
-524509
-524484
-524463
-524450
-524418
-524367
-524337
-524331
-524318
-524296
-524288
-524287
-524285
-524284
-524262
-524236
-524224
-524207
-524196
-524177
-524159
-524157
-524137
-524111
-524080
-524078
-524051
-524040
-524029
-524018
-524009
-524007
-524001
-523964
-523929
-523921
-523885
-523854
-523830
-523806
-523794
-523770
-523761
-523758
-523749
-523738
-523718
-523710
-523709
-523707
-523694
-523646
-523626
-523605
-523569
-523544
-523536
-523529
-523492
-523448
-523425
-523425
-523418
-523400
-523399
-523364
-523347
-523330
-523320
-523293
-523242
-523242
-523208
-523170
-523159
-523159
-523130
-523107
-523093
-523087
-523059
-523044
-523034
-523031
-522982
-522963
-522950
-522902
-522894
-522844
-522813
-522806
-522800
-522796
-522771
-522767
-522767
-522724
-522696
-522680
-522666
-522648
-522616
-522611
-522598
-522556
-522553
-522551
-522543
-522533
-522530
-522483
-522481
-522448
-522438
-522430
-522379
-522352
-522339
-522328
-522314
-522309
-522265
-522249
-522238
-522237
-522236
-522222
-522192
-522130
-522129
-522122
-522120
-522106
-522102
-522094
-522027
-522000
-522000
-521994
-521984
-521964
-521950
-521949
-521913
-521898
-521867
-521838
-521814
-521812
-521795
-521782
-521774
-521742
-521730
-521593
-521591
-521589
-521581
-521577
-521565
-521490
-521481
-521381
-521360
-521349
-521345
-521328
-521306
-521266
-521262
-521259
-521242
-521220
-521216
-521203
-521196
-521182
-521162
-521130
-521126
-521090
-521081
-521080
-521070
-521066
-521059
-521058
-521031
-521028
-520992
-520990
-520917
-520915
-520870
-520863
-520853
-520852
-520848
-520827
-520789
-520748
-520709
-520695
-520678
-520655
-520655
-520588
-520583
-520548
-520498
-520488
-520477
-520474
-520467
-520460
-520424
-520376
-520369
-520342
-520337
-520336
-520320
-520300
-520275
-520271
-520213
-520210
-520204
-520189
-520181
-520178
-520177
-520164
-520155
-520116
-520091
-520088
-520076
-520048
-520008
-519973
-519944
-519897
-519873
-519785
-519783
-519777
-519763
-519753
-519729
-519718
-519705
-519703
-519689
-519676
-519603
-519601
-519597
-519576
-519490
-519481
-519437
-519428
-519409
-519403
-519388
-519379
-519369
-519360
-519356
-519352
-519340
-519317
-519309
-519299
-519289
-519276
-519260
-519259
-519253
-519218
-519160
-519147
-519130
-519118
-519103
-519098
-519085
-519060
-519047
-519045
-519011
-519006
-519001
-518986
-518938
-518921
-518917
-518881
-518843
-518827
-518768
-518767
-518764
-518756
-518729
-518700
-518664
-518652
-518634
-518627
-518613
-518572
-518542
-518531
-518505
-518473
-518433
-518420
-518391
-518378
-518375
-518357
-518344
-518335
-518292
-518286
-518279
-518243
-518210
-518198
-518189
-518181
-518166
-518150
-518123
-518119
-518089
-518052
-518046
-518041
-518039
-518019
-518006
-517967
-517962
-517949
-517922
-517892
-517821
-517779
-517766
-517748
-517745
-517685
-517651
-517638
-517638
-517635
-517634
-517617
-517589
-517586
-517569
-517503
-517499
-517475
-517471
-517461
-517424
-517407
-517401
-517393
-517378
-517352
-517338
-517336
-517327
-517302
-517206
-517188
-517185
-517171
-517142
-517122
-517118
-517084
-517076
-517044
-516997
-516994
-516980
-516978
-516903
-516902
-516899
-516899
-516883
-516851
-516844
-516836
-516819
-516792
-516791
-516765
-516651
-516625
-516589
-516585
-516482
-516460
-516435
-516416
-516410
-516368
-516361
-516357
-516335
-516323
-516323
-516320
-516302
-516256
-516255
-516249
-516245
-516227
-516210
-516186
-516158
-516130
-516129
-516121
-516120
-516108
-516093
-516022
-515989
-515972
-515956
-515928
-515838
-515820
-515814
-515813
-515809
-515808
-515751
-515746
-515745
-515724
-515709
-515686
-515671
-515621
-515602
-515584
-515530
-515512
-515488
-515469
-515468
-515419
-515382
-515349
-515347
-515311
-515293
-515270
-515253
-515239
-515222
-515205
-515195
-515193
-515166
-515143
-515139
-515120
-515115
-515096
-515087
-515068
-515035
-515023
-514962
-514959
-514955
-514948
-514919
-514917
-514874
-514855
-514851
-514846
-514814
-514812
-514805
-514797
-514763
-514713
-514686
-514674
-514672
-514608
-514607
-514603
-514603
-514598
-514573
-514559
-514502
-514480
-514453
-514443
-514441
-514401
-514399
-514389
-514361
-514360
-514353
-514353
-514352
-514346
-514330
-514322
-514317
-514282
-514262
-514222
-514208
-514177
-514170
-514143
-514134
-514134
-514114
-514107
-514079
-514076
-514051
-514009
-513983
-513946
-513916
-513907
-513906
-513891
-513888
-513873
-513854
-513850
-513808
-513792
-513778
-513751
-513672
-513609
-513601
-513573
-513522
-513518
-513484
-513482
-513450
-513428
-513427
-513406
-513390
-513366
-513359
-513328
-513321
-513275
-513243
-513221
-513164
-513156
-513138
-513077
-513055
-513033
-513004
-512978
-512957
-512937
-512891
-512886
-512876
-512872
-512841
-512777
-512768
-512766
-512714
-512713
-512702
-512680
-512662
-512656
-512639
-512624
-512618
-512606
-512565
-512538
-512536
-512485
-512441
-512397
-512393
-512393
-512342
-512321
-512314
-512301
-512284
-512245
-512221
-512213
-512203
-512191
-512184
-512165
-512100
-512080
-512046
-511990
-511980
-511965
-511940
-511872
-511867
-511812
-511796
-511784
-511743
-511728
-511721
-511710
-511710
-511708
-511666
-511626
-511594
-511590
-511589
-511585
-511565
-511542
-511541
-511526
-511493
-511449
-511410
-511360
-511342
-511287
-511281
-511252
-511232
-511218
-511181
-511165
-511136
-511127
-511083
-511039
-511015
-511010
-510995
-510988
-510942
-510925
-510913
-510881
-510866
-510837
-510812
-510790
-510778
-510754
-510747
-510729
-510718
-510694
-510691
-510658
-510626
-510609
-510608
-510559
-510555
-510541
-510511
-510508
-510447
-510421
-510407
-510376
-510357
-510343
-510323
-510288
-510284
-510270
-510266
-510265
-510262
-510254
-510235
-510219
-510209
-510208
-510189
-510182
-510146
-510140
-510086
-510076
-510073
-510066
-510042
-510028
-509952
-509934
-509840
-509833
-509818
-509806
-509802
-509783
-509776
-509757
-509746
-509718
-509711
-509707
-509706
-509652
-509644
-509589
-509573
-509535
-509506
-509480
-509465
-509454
-509433
-509424
-509420
-509419
-509388
-509385
-509357
-509355
-509354
-509347
-509339
-509328
-509327
-509317
-509315
-509273
-509237
-509217
-509180
-509176
-509171
-509167
-509150
-509127
-509117
-509113
-509089
-509070
-509039
-509012
-509009
-509002
-508976
-508958
-508952
-508947
-508944
-508896
-508887
-508878
-508849
-508836
-508831
-508801
-508767
-508722
-508722
-508717
-508716
-508699
-508697
-508692
-508652
-508631
-508624
-508614
-508603
-508596
-508583
-508579
-508567
-508555
-508538
-508506
-508471
-508469
-508447
-508441
-508403
-508381
-508379
-508374
-508373
-508363
-508355
-508343
-508328
-508316
-508292
-508292
-508239
-508226
-508204
-508203
-508181
-508164
-508160
-508160
-508157
-508157
-508133
-508118
-508107
-508093
-508083
-508070
-508062
-508061
-508057
-508049
-508041
-508040
-508004
-507990
-507987
-507943
-507927
-507927
-507924
-507878
-507843
-507834
-507824
-507799
-507798
-507744
-507681
-507666
-507662
-507655
-507600
-507564
-507555
-507542
-507531
-507526
-507513
-507512
-507507
-507467
-507463
-507461
-507457
-507444
-507441
-507425
-507411
-507407
-507404
-507398
-507363
-507354
-507327
-507281
-507265
-507256
-507250
-507242
-507225
-507223
-507181
-507176
-507154
-507105
-507102
-507070
-507013
-507005
-506987
-506877
-506870
-506811
-506759
-506713
-506684
-506667
-506652
-506639
-506614
-506590
-506576
-506516
-506512
-506464
-506461
-506379
-506349
-506330
-506320
-506319
-506317
-506310
-506274
-506267
-506256
-506248
-506233
-506217
-506198
-506188
-506120
-506119
-506116
-506114
-506102
-506080
-506065
-506053
-506028
-506027
-506025
-506024
-506012
-506011
-506002
-505974
-505947
-505933
-505927
-505897
-505894
-505864
-505846
-505792
-505791
-505780
-505736
-505734
-505702
-505690
-505669
-505661
-505607
-505591
-505579
-505574
-505570
-505551
-505531
-505529
-505518
-505500
-505478
-505429
-505391
-505386
-505359
-505358
-505354
-505301
-505287
-505243
-505195
-505194
-505187
-505169
-505159
-505105
-505079
-505066
-505061
-505024
-504997
-504992
-504960
-504955
-504947
-504930
-504929
-504878
-504842
-504833
-504811
-504794
-504789
-504762
-504755
-504744
-504737
-504700
-504680
-504636
-504634
-504624
-504613
-504567
-504529
-504516
-504498
-504456
-504443
-504435
-504417
-504412
-504400
-504340
-504333
-504326
-504325
-504325
-504309
-504303
-504277
-504234
-504226
-504204
-504204
-504196
-504177
-504171
-504156
-504150
-504147
-504137
-504135
-504106
-504101
-504076
-503970
-503934
-503885
-503874
-503826
-503808
-503805
-503804
-503771
-503730
-503722
-503690
-503681
-503672
-503650
-503641
-503603
-503601
-503585
-503550
-503529
-503463
-503439
-503434
-503420
-503380
-503347
-503346
-503337
-503249
-503249
-503244
-503230
-503227
-503197
-503181
-503181
-503155
-503129
-503101
-503084
-503072
-503055
-503050
-503004
-502982
-502944
-502944
-502923
-502894
-502867
-502856
-502798
-502798
-502767
-502744
-502721
-502641
-502641
-502636
-502622
-502618
-502574
-502530
-502519
-502515
-502514
-502478
-502461
-502452
-502419
-502415
-502408
-502343
-502329
-502295
-502283
-502260
-502231
-502216
-502161
-502149
-502137
-502134
-502126
-502095
-502094
-502088
-502078
-502063
-502041
-502038
-502030
-501994
-501967
-501967
-501949
-501913
-501891
-501864
-501848
-501829
-501787
-501769
-501760
-501755
-501718
-501688
-501677
-501574
-501573
-501573
-501545
-501527
-501446
-501423
-501390
-501339
-501311
-501285
-501277
-501249
-501248
-501244
-501213
-501213
-501191
-501147
-501061
-501038
-501031
-501022
-501013
-501004
-500995
-500988
-500978
-500968
-500946
-500917
-500916
-500906
-500901
-500852
-500829
-500823
-500795
-500792
-500727
-500684
-500678
-500668
-500628
-500610
-500604
-500571
-500552
-500551
-500548
-500536
-500524
-500485
-500480
-500453
-500452
-500440
-500399
-500374
-500370
-500337
-500335
-500302
-500290
-500285
-500283
-500269
-500211
-500207
-500200
-500185
-500171
-500156
-500149
-500146
-500142
-500132
-500128
-500100
-500085
-500079
-500074
-500072
-500070
-500067
-500043
-500023
-499984
-499904
-499892
-499839
-499833
-499792
-499783
-499755
-499749
-499743
-499716
-499682
-499645
-499620
-499581
-499551
-499526
-499471
-499444
-499435
-499432
-499425
-499416
-499413
-499313
-499290
-499281
-499264
-499239
-499238
-499234
-499200
-499190
-499161
-499149
-499107
-499103
-499091
-499073
-499070
-499049
-499001
-498984
-498984
-498930
-498929
-498915
-498886
-498879
-498870
-498859
-498848
-498842
-498836
-498804
-498797
-498752
-498728
-498726
-498714
-498713
-498661
-498620
-498615
-498539
-498528
-498490
-498454
-498431
-498423
-498350
-498338
-498331
-498304
-498299
-498272
-498261
-498230
-498207
-498187
-498139
-498114
-498084
-498036
-498025
-498019
-498008
-498004
-497990
-497987
-497962
-497952
-497950
-497948
-497946
-497935
-497909
-497893
-497890
-497885
-497864
-497864
-497812
-497805
-497776
-497759
-497711
-497692
-497656
-497648
-497615
-497592
-497557
-497551
-497543
-497520
-497517
-497504
-497488
-497487
-497483
-497448
-497440
-497431
-497431
-497428
-497397
-497396
-497369
-497362
-497345
-497329
-497299
-497261
-497259
-497252
-497163
-497149
-497138
-497133
-497097
-497080
-497075
-497074
-497049
-497029
-497013
-496997
-496986
-496975
-496956
-496948
-496939
-496919
-496912
-496882
-496872
-496810
-496807
-496794
-496769
-496764
-496753
-496751
-496741
-496738
-496731
-496671
-496619
-496593
-496567
-496511
-496485
-496472
-496467
-496439
-496437
-496436
-496436
-496430
-496403
-496395
-496368
-496345
-496335
-496323
-496273
-496269
-496240
-496236
-496198
-496162
-496161
-496118
-496082
-496078
-496000
-495965
-495962
-495956
-495913
-495909
-495871
-495845
-495835
-495810
-495750
-495743
-495742
-495734
-495731
-495720
-495716
-495680
-495648
-495546
-495513
-495513
-495507
-495495
-495495
-495472
-495418
-495411
-495405
-495402
-495387
-495379
-495363
-495357
-495348
-495318
-495304
-495299
-495275
-495257
-495241
-495228
-495228
-495151
-495135
-495125
-495123
-495098
-495094
-495083
-495075
-495073
-495051
-495030
-495021
-494988
-494985
-494979
-494978
-494967
-494962
-494925
-494881
-494871
-494870
-494850
-494849
-494827
-494814
-494751
-494696
-494665
-494651
-494631
-494606
-494570
-494523
-494487
-494485
-494463
-494457
-494426
-494405
-494361
-494350
-494349
-494343
-494327
-494298
-494233
-494226
-494184
-494183
-494141
-494114
-494109
-494096
-494089
-494060
-494032
-494001
-493982
-493961
-493957
-493942
-493915
-493913
-493897
-493892
-493886
-493875
-493858
-493849
-493829
-493786
-493757
-493738
-493718
-493707
-493676
-493671
-493668
-493639
-493635
-493577
-493561
-493535
-493526
-493526
-493523
-493521
-493512
-493502
-493498
-493483
-493479
-493387
-493379
-493372
-493347
-493322
-493290
-493290
-493272
-493262
-493245
-493240
-493237
-493227
-493202
-493174
-493168
-493142
-493134
-493097
-493087
-493062
-493056
-493054
-493033
-493002
-492999
-492992
-492979
-492946
-492931
-492921
-492903
-492900
-492854
-492850
-492810
-492775
-492775
-492772
-492767
-492751
-492749
-492747
-492747
-492732
-492726
-492715
-492703
-492675
-492674
-492669
-492649
-492645
-492637
-492610
-492566
-492565
-492554
-492550
-492481
-492469
-492450
-492438
-492421
-492384
-492375
-492368
-492354
-492318
-492312
-492294
-492231
-492209
-492202
-492194
-492167
-492100
-492097
-492079
-492074
-492040
-492034
-492011
-491998
-491971
-491971
-491958
-491950
-491943
-491937
-491919
-491919
-491893
-491863
-491829
-491812
-491809
-491794
-491753
-491729
-491701
-491689
-491661
-491661
-491628
-491585
-491551
-491544
-491541
-491530
-491526
-491490
-491461
-491452
-491420
-491405
-491360
-491346
-491334
-491315
-491309
-491276
-491255
-491254
-491247
-491241
-491227
-491167
-491153
-491147
-491129
-491088
-491087
-491053
-491033
-490975
-490971
-490959
-490946
-490939
-490917
-490912
-490877
-490860
-490850
-490849
-490815
-490791
-490789
-490779
-490754
-490739
-490725
-490699
-490689
-490658
-490651
-490646
-490619
-490604
-490593
-490579
-490477
-490462
-490460
-490437
-490429
-490406
-490402
-490380
-490372
-490367
-490329
-490308
-490293
-490282
-490279
-490272
-490252
-490226
-490204
-490169
-490130
-490089
-490057
-490054
-490054
-490046
-490023
-489980
-489969
-489959
-489957
-489937
-489932
-489910
-489873
-489871
-489823
-489808
-489800
-489779
-489737
-489665
-489652
-489633
-489629
-489610
-489582
-489556
-489547
-489503
-489498
-489497
-489440
-489425
-489387
-489371
-489366
-489353
-489340
-489334
-489304
-489292
-489281
-489259
-489256
-489242
-489239
-489236
-489227
-489211
-489193
-489189
-489141
-489078
-489061
-489033
-488997
-488985
-488884
-488831
-488822
-488789
-488784
-488768
-488723
-488696
-488675
-488646
-488646
-488629
-488575
-488522
-488508
-488476
-488454
-488398
-488368
-488323
-488267
-488265
-488097
-488087
-487923
-487905
-487901
-487899
-487875
-487875
-487869
-487829
-487796
-487725
-487713
-487708
-487702
-487701
-487699
-487686
-487684
-487647
-487647
-487622
-487567
-487557
-487553
-487513
-487508
-487494
-487494
-487475
-487439
-487439
-487439
-487414
-487404
-487399
-487360
-487348
-487345
-487344
-487328
-487311
-487303
-487260
-487237
-487215
-487186
-487121
-487093
-487066
-487059
-487016
-486996
-486981
-486979
-486972
-486964
-486958
-486955
-486948
-486928
-486925
-486914
-486855
-486829
-486826
-486813
-486800
-486800
-486786
-486775
-486694
-486682
-486679
-486635
-486631
-486614
-486589
-486582
-486568
-486557
-486550
-486484
-486475
-486459
-486442
-486435
-486420
-486410
-486381
-486344
-486327
-486317
-486262
-486212
-486203
-486201
-486125
-486124
-486120
-486070
-486054
-486015
-485998
-485997
-485986
-485970
-485949
-485925
-485905
-485858
-485844
-485835
-485764
-485737
-485723
-485711
-485710
-485706
-485692
-485663
-485652
-485650
-485644
-485571
-485554
-485553
-485540
-485531
-485519
-485499
-485497
-485449
-485436
-485420
-485420
-485400
-485363
-485352
-485348
-485318
-485275
-485275
-485208
-485192
-485191
-485180
-485167
-485127
-485121
-485056
-485024
-485023
-484992
-484992
-484972
-484969
-484955
-484947
-484938
-484881
-484869
-484866
-484841
-484793
-484779
-484764
-484722
-484717
-484681
-484662
-484644
-484626
-484622
-484622
-484613
-484598
-484594
-484562
-484537
-484517
-484492
-484491
-484455
-484448
-484445
-484432
-484421
-484420
-484414
-484404
-484374
-484349
-484317
-484306
-484302
-484298
-484290
-484282
-484259
-484257
-484251
-484214
-484172
-484143
-484120
-484109
-484100
-484096
-484089
-484088
-484086
-484076
-484075
-484066
-484040
-484032
-483983
-483975
-483971
-483943
-483932
-483927
-483829
-483792
-483772
-483754
-483721
-483690
-483685
-483674
-483672
-483650
-483646
-483604
-483554
-483552
-483546
-483539
-483491
-483408
-483367
-483298
-483270
-483251
-483251
-483239
-483226
-483215
-483206
-483183
-483181
-483181
-483167
-483115
-483083
-483060
-483012
-482999
-482986
-482979
-482969
-482959
-482920
-482877
-482857
-482849
-482797
-482771
-482730
-482719
-482692
-482670
-482646
-482644
-482641
-482639
-482625
-482608
-482591
-482571
-482548
-482535
-482531
-482530
-482502
-482488
-482468
-482455
-482452
-482405
-482392
-482390
-482349
-482335
-482298
-482290
-482248
-482229
-482229
-482205
-482191
-482189
-482187
-482187
-482174
-482172
-482164
-482149
-482114
-482106
-482099
-482098
-482091
-482086
-482083
-482076
-482066
-482063
-482059
-482040
-482007
-482006
-482004
-481944
-481883
-481862
-481832
-481827
-481796
-481794
-481766
-481760
-481732
-481689
-481649
-481644
-481639
-481630
-481629
-481577
-481569
-481553
-481543
-481527
-481490
-481481
-481479
-481466
-481449
-481445
-481395
-481352
-481302
-481300
-481265
-481244
-481239
-481220
-481218
-481190
-481151
-481131
-481131
-481108
-481078
-481064
-481046
-481040
-481026
-481007
-480976
-480965
-480925
-480865
-480837
-480831
-480816
-480794
-480787
-480781
-480768
-480759
-480749
-480742
-480734
-480724
-480707
-480703
-480660
-480657
-480641
-480627
-480624
-480619
-480613
-480591
-480584
-480569
-480504
-480494
-480491
-480423
-480418
-480399
-480371
-480358
-480351
-480333
-480284
-480280
-480270
-480255
-480252
-480252
-480246
-480241
-480177
-480173
-480150
-480075
-480056
-480040
-480028
-480002
-479983
-479978
-479962
-479951
-479944
-479943
-479928
-479909
-479897
-479894
-479866
-479846
-479838
-479827
-479820
-479805
-479804
-479792
-479783
-479777
-479757
-479748
-479748
-479739
-479726
-479677
-479668
-479653
-479645
-479604
-479598
-479553
-479547
-479546
-479544
-479540
-479509
-479501
-479481
-479436
-479404
-479396
-479369
-479368
-479362
-479299
-479283
-479283
-479250
-479243
-479232
-479223
-479222
-479198
-479185
-479168
-479124
-479116
-479109
-479108
-479094
-479043
-479016
-478947
-478909
-478869
-478867
-478841
-478840
-478832
-478829
-478773
-478723
-478715
-478709
-478684
-478668
-478666
-478625
-478616
-478614
-478570
-478557
-478555
-478540
-478508
-478452
-478428
-478411
-478393
-478384
-478380
-478380
-478358
-478331
-478299
-478298
-478285
-478269
-478267
-478264
-478235
-478231
-478215
-478191
-478187
-478186
-478157
-478139
-478111
-478082
-478077
-478050
-478012
-477990
-477900
-477892
-477887
-477878
-477865
-477854
-477854
-477771
-477750
-477726
-477703
-477701
-477668
-477656
-477617
-477577
-477563
-477538
-477524
-477513
-477501
-477446
-477390
-477357
-477350
-477318
-477312
-477283
-477278
-477271
-477253
-477248
-477193
-477147
-477124
-477105
-477057
-477048
-476974
-476918
-476890
-476868
-476808
-476760
-476751
-476730
-476713
-476693
-476685
-476654
-476631
-476618
-476607
-476505
-476500
-476465
-476451
-476438
-476431
-476431
-476356
-476340
-476333
-476323
-476307
-476297
-476198
-476197
-476176
-476164
-476164
-476111
-476090
-476082
-476011
-475975
-475966
-475957
-475932
-475918
-475913
-475912
-475908
-475903
-475880
-475871
-475859
-475859
-475854
-475845
-475833
-475809
-475759
-475752
-475752
-475732
-475723
-475707
-475698
-475693
-475666
-475663
-475663
-475636
-475610
-475599
-475588
-475576
-475573
-475556
-475498
-475433
-475426
-475424
-475421
-475416
-475414
-475409
-475395
-475379
-475336
-475287
-475261
-475260
-475210
-475154
-475113
-475087
-475066
-475044
-474968
-474953
-474952
-474906
-474895
-474849
-474829
-474825
-474802
-474749
-474746
-474741
-474717
-474710
-474694
-474673
-474646
-474632
-474547
-474532
-474521
-474519
-474514
-474509
-474486
-474473
-474470
-474449
-474423
-474409
-474391
-474383
-474376
-474370
-474354
-474334
-474320
-474291
-474288
-474250
-474202
-474185
-474174
-474171
-474168
-474166
-474150
-474134
-474092
-474087
-474028
-474025
-474024
-474024
-474011
-474009
-473950
-473917
-473911
-473908
-473890
-473869
-473869
-473857
-473851
-473849
-473821
-473817
-473790
-473788
-473788
-473777
-473775
-473766
-473752
-473732
-473725
-473697
-473670
-473665
-473625
-473584
-473548
-473540
-473527
-473498
-473491
-473490
-473449
-473445
-473443
-473420
-473407
-473395
-473389
-473384
-473372
-473343
-473342
-473329
-473321
-473302
-473288
-473239
-473194
-473192
-473177
-473155
-473149
-473103
-473081
-473069
-473057
-473051
-473028
-473018
-473000
-472965
-472922
-472915
-472914
-472812
-472807
-472790
-472783
-472749
-472737
-472730
-472722
-472700
-472695
-472688
-472625
-472595
-472591
-472577
-472557
-472554
-472538
-472532
-472508
-472474
-472473
-472465
-472444
-472409
-472374
-472314
-472285
-472273
-472244
-472242
-472239
-472221
-472199
-472187
-472157
-472132
-472112
-472085
-472007
-471988
-471982
-471980
-471968
-471963
-471902
-471901
-471894
-471858
-471830
-471795
-471777
-471767
-471739
-471716
-471716
-471696
-471672
-471661
-471652
-471630
-471626
-471577
-471559
-471551
-471519
-471463
-471414
-471396
-471354
-471278
-471223
-471203
-471175
-471112
-471096
-471059
-471031
-471008
-470998
-470981
-470932
-470930
-470920
-470918
-470902
-470901
-470889
-470882
-470872
-470781
-470764
-470744
-470744
-470711
-470684
-470666
-470639
-470637
-470600
-470558
-470521
-470480
-470441
-470436
-470422
-470413
-470364
-470359
-470313
-470311
-470295
-470295
-470270
-470265
-470263
-470230
-470170
-470164
-470149
-470147
-470131
-470107
-470096
-470023
-470014
-470006
-470000
-469987
-469970
-469970
-469968
-469957
-469946
-469940
-469910
-469908
-469902
-469876
-469866
-469864
-469823
-469818
-469782
-469762
-469761
-469757
-469755
-469741
-469671
-469652
-469624
-469613
-469589
-469576
-469513
-469508
-469502
-469496
-469482
-469405
-469401
-469388
-469382
-469368
-469357
-469316
-469265
-469243
-469207
-469175
-469169
-469132
-469103
-469102
-469093
-469092
-469065
-469030
-469014
-468979
-468954
-468939
-468909
-468872
-468869
-468868
-468864
-468860
-468853
-468825
-468805
-468800
-468791
-468790
-468777
-468773
-468760
-468750
-468730
-468714
-468653
-468640
-468627
-468624
-468618
-468615
-468610
-468605
-468603
-468603
-468599
-468585
-468583
-468566
-468529
-468487
-468470
-468426
-468411
-468382
-468332
-468316
-468304
-468291
-468284
-468275
-468267
-468264
-468244
-468212
-468168
-468148
-468146
-468143
-468062
-468044
-468006
-468000
-467967
-467941
-467913
-467895
-467885
-467867
-467832
-467817
-467773
-467761
-467755
-467727
-467713
-467711
-467693
-467668
-467612
-467609
-467604
-467568
-467565
-467560
-467549
-467532
-467519
-467507
-467505
-467492
-467458
-467449
-467439
-467430
-467385
-467350
-467336
-467327
-467305
-467295
-467284
-467266
-467256
-467243
-467213
-467193
-467151
-467142
-467136
-467127
-467103
-467076
-467045
-467033
-467010
-467009
-467004
-466988
-466978
-466977
-466969
-466965
-466920
-466918
-466917
-466884
-466868
-466841
-466837
-466837
-466834
-466802
-466763
-466730
-466728
-466718
-466675
-466671
-466671
-466666
-466632
-466625
-466581
-466574
-466562
-466550
-466522
-466495
-466490
-466417
-466395
-466363
-466339
-466325
-466312
-466304
-466227
-466226
-466204
-466200
-466129
-466053
-466049
-466046
-466034
-466024
-465931
-465898
-465888
-465865
-465854
-465826
-465826
-465791
-465783
-465783
-465711
-465693
-465671
-465668
-465663
-465653
-465651
-465640
-465614
-465612
-465597
-465587
-465576
-465574
-465509
-465471
-465465
-465444
-465438
-465436
-465410
-465392
-465379
-465367
-465358
-465318
-465303
-465225
-465175
-465142
-465141
-465116
-465071
-464985
-464978
-464968
-464959
-464949
-464924
-464912
-464880
-464869
-464861
-464847
-464821
-464794
-464778
-464768
-464710
-464612
-464580
-464578
-464540
-464480
-464470
-464442
-464431
-464417
-464412
-464405
-464394
-464389
-464389
-464360
-464352
-464344
-464340
-464294
-464267
-464246
-464219
-464166
-464162
-464159
-464131
-464128
-464122
-464113
-464096
-464028
-463999
-463997
-463983
-463983
-463951
-463917
-463909
-463902
-463880
-463865
-463854
-463854
-463801
-463789
-463776
-463773
-463772
-463758
-463753
-463740
-463728
-463726
-463688
-463680
-463511
-463494
-463491
-463439
-463405
-463396
-463371
-463335
-463330
-463323
-463287
-463277
-463274
-463201
-463189
-463187
-463168
-463163
-463156
-463140
-463130
-463077
-463062
-463041
-463039
-462960
-462952
-462940
-462785
-462776
-462754
-462724
-462642
-462630
-462602
-462595
-462587
-462572
-462558
-462554
-462552
-462544
-462535
-462525
-462494
-462477
-462457
-462439
-462429
-462428
-462427
-462412
-462381
-462361
-462331
-462319
-462311
-462270
-462267
-462264
-462251
-462249
-462224
-462221
-462215
-462196
-462194
-462193
-462191
-462158
-462152
-462151
-462126
-462112
-462093
-462092
-462080
-462079
-462060
-462050
-462049
-461998
-461992
-461965
-461963
-461951
-461906
-461902
-461882
-461855
-461816
-461802
-461796
-461735
-461680
-461661
-461650
-461630
-461614
-461602
-461588
-461586
-461585
-461573
-461558
-461550
-461549
-461483
-461476
-461418
-461416
-461414
-461348
-461319
-461297
-461282
-461272
-461266
-461261
-461243
-461216
-461191
-461158
-461132
-461053
-461046
-461044
-461039
-461029
-461006
-461005
-460941
-460897
-460883
-460837
-460824
-460807
-460792
-460787
-460743
-460734
-460687
-460675
-460659
-460644
-460643
-460633
-460615
-460609
-460604
-460560
-460540
-460509
-460505
-460499
-460468
-460466
-460458
-460456
-460425
-460424
-460419
-460353
-460341
-460318
-460291
-460278
-460263
-460260
-460254
-460213
-460212
-460205
-460204
-460198
-460176
-460155
-460153
-460151
-460150
-460140
-460140
-460111
-460109
-460074
-460068
-459987
-459977
-459912
-459904
-459904
-459868
-459863
-459831
-459828
-459823
-459814
-459808
-459799
-459781
-459770
-459769
-459761
-459752
-459687
-459618
-459607
-459596
-459589
-459549
-459506
-459505
-459498
-459471
-459470
-459444
-459419
-459400
-459391
-459380
-459318
-459288
-459258
-459237
-459158
-459138
-459121
-459103
-459091
-459060
-459059
-459046
-459044
-459030
-459005
-458980
-458940
-458935
-458926
-458917
-458896
-458893
-458879
-458877
-458877
-458867
-458818
-458786
-458761
-458760
-458750
-458719
-458704
-458684
-458633
-458630
-458592
-458585
-458562
-458557
-458505
-458484
-458484
-458441
-458436
-458382
-458377
-458374
-458332
-458325
-458324
-458318
-458306
-458284
-458273
-458263
-458258
-458212
-458193
-458178
-458080
-458036
-458026
-458018
-457986
-457980
-457945
-457900
-457886
-457886
-457883
-457878
-457866
-457836
-457831
-457822
-457812
-457798
-457762
-457684
-457656
-457618
-457616
-457607
-457606
-457594
-457565
-457563
-457434
-457394
-457391
-457389
-457359
-457357
-457342
-457313
-457311
-457296
-457279
-457268
-457261
-457256
-457181
-457148
-457118
-457107
-457105
-457101
-457100
-457095
-457048
-457036
-457019
-457017
-457016
-456993
-456971
-456930
-456926
-456925
-456846
-456819
-456806
-456786
-456753
-456750
-456737
-456718
-456710
-456707
-456666
-456659
-456655
-456634
-456615
-456531
-456512
-456501
-456490
-456467
-456453
-456446
-456443
-456430
-456407
-456386
-456360
-456292
-456280
-456246
-456213
-456158
-456148
-456134
-456130
-456121
-456104
-456077
-456039
-456015
-455999
-455987
-455983
-455956
-455916
-455912
-455837
-455835
-455815
-455785
-455745
-455736
-455720
-455711
-455652
-455636
-455601
-455595
-455542
-455515
-455507
-455482
-455471
-455467
-455466
-455458
-455426
-455394
-455374
-455362
-455317
-455310
-455296
-455287
-455286
-455271
-455252
-455245
-455158
-455136
-455128
-455108
-455053
-455036
-455021
-454998
-454985
-454981
-454951
-454944
-454937
-454914
-454885
-454872
-454870
-454825
-454810
-454804
-454795
-454791
-454786
-454776
-454767
-454729
-454729
-454705
-454697
-454684
-454640
-454625
-454587
-454557
-454545
-454529
-454520
-454499
-454471
-454465
-454462
-454449
-454373
-454368
-454368
-454366
-454334
-454312
-454300
-454283
-454262
-454235
-454227
-454226
-454208
-454175
-454136
-454135
-454115
-454110
-453974
-453966
-453957
-453945
-453919
-453867
-453859
-453859
-453847
-453845
-453837
-453730
-453725
-453680
-453672
-453658
-453655
-453649
-453549
-453503
-453498
-453461
-453446
-453440
-453439
-453426
-453424
-453406
-453371
-453327
-453295
-453279
-453236
-453228
-453223
-453217
-453205
-453128
-453125
-453122
-453093
-453062
-453060
-453054
-453047
-453024
-453001
-452996
-452977
-452975
-452965
-452964
-452964
-452945
-452938
-452900
-452861
-452860
-452838
-452832
-452816
-452782
-452775
-452772
-452757
-452706
-452686
-452646
-452640
-452629
-452611
-452605
-452591
-452580
-452561
-452541
-452529
-452496
-452462
-452454
-452430
-452429
-452420
-452416
-452388
-452323
-452321
-452312
-452311
-452280
-452278
-452268
-452256
-452238
-452211
-452203
-452163
-452148
-452147
-452134
-452128
-452122
-452117
-452108
-452107
-452070
-452030
-451995
-451991
-451987
-451987
-451973
-451953
-451909
-451896
-451891
-451881
-451876
-451861
-451857
-451854
-451782
-451741
-451734
-451727
-451714
-451672
-451665
-451658
-451655
-451650
-451625
-451528
-451523
-451521
-451511
-451504
-451444
-451444
-451394
-451392
-451392
-451369
-451368
-451345
-451274
-451217
-451214
-451209
-451198
-451179
-451146
-451138
-451062
-451061
-451016
-450939
-450928
-450894
-450876
-450840
-450821
-450814
-450798
-450755
-450665
-450610
-450581
-450575
-450540
-450520
-450497
-450492
-450491
-450489
-450468
-450419
-450415
-450414
-450397
-450384
-450363
-450334
-450332
-450317
-450293
-450284
-450262
-450231
-450223
-450206
-450169
-450109
-450024
-450013
-450002
-449996
-449988
-449965
-449963
-449956
-449948
-449913
-449904
-449858
-449835
-449828
-449803
-449737
-449733
-449723
-449707
-449704
-449685
-449682
-449679
-449653
-449645
-449619
-449618
-449617
-449595
-449525
-449516
-449453
-449440
-449439
-449435
-449432
-449427
-449314
-449283
-449269
-449259
-449205
-449168
-449167
-449160
-449142
-449125
-449121
-449119
-449118
-449069
-449046
-449046
-449034
-449030
-448981
-448926
-448900
-448898
-448855
-448768
-448752
-448747
-448740
-448733
-448726
-448683
-448674
-448665
-448618
-448584
-448537
-448523
-448487
-448463
-448412
-448406
-448394
-448366
-448334
-448319
-448311
-448297
-448288
-448243
-448190
-448100
-448094
-448085
-448055
-448050
-448036
-448029
-448001
-447972
-447944
-447942
-447887
-447857
-447847
-447843
-447829
-447813
-447811
-447721
-447633
-447622
-447622
-447618
-447593
-447542
-447507
-447493
-447486
-447467
-447432
-447387
-447372
-447330
-447318
-447313
-447292
-447291
-447275
-447200
-447130
-447108
-447102
-447091
-447090
-447087
-447064
-447053
-447044
-447026
-446983
-446971
-446956
-446899
-446893
-446891
-446871
-446861
-446850
-446848
-446810
-446804
-446790
-446780
-446767
-446760
-446742
-446735
-446735
-446705
-446670
-446666
-446659
-446613
-446568
-446540
-446503
-446501
-446492
-446457
-446425
-446412
-446383
-446371
-446359
-446339
-446285
-446266
-446260
-446249
-446245
-446242
-446229
-446225
-446217
-446194
-446179
-446165
-446158
-446152
-446140
-446128
-446108
-446105
-446064
-446060
-446047
-445995
-445981
-445978
-445949
-445946
-445916
-445916
-445910
-445908
-445899
-445899
-445849
-445836
-445735
-445715
-445710
-445706
-445705
-445688
-445677
-445660
-445617
-445598
-445565
-445554
-445541
-445509
-445479
-445477
-445442
-445430
-445419
-445419
-445386
-445378
-445377
-445376
-445371
-445342
-445334
-445287
-445283
-445274
-445268
-445266
-445257
-445244
-445213
-445182
-445171
-445159
-445103
-445075
-445055
-445048
-445023
-444996
-444977
-444943
-444887
-444873
-444844
-444831
-444817
-444807
-444799
-444781
-444713
-444674
-444656
-444619
-444600
-444598
-444594
-444577
-444560
-444555
-444549
-444548
-444513
-444479
-444478
-444477
-444465
-444458
-444440
-444415
-444369
-444347
-444310
-444298
-444183
-444182
-444180
-444141
-444109
-444077
-444028
-444019
-444008
-444002
-443995
-443986
-443979
-443965
-443940
-443931
-443912
-443904
-443894
-443873
-443828
-443795
-443765
-443758
-443747
-443732
-443725
-443691
-443682
-443680
-443664
-443661
-443527
-443523
-443493
-443483
-443482
-443446
-443441
-443424
-443419
-443407
-443364
-443326
-443325
-443316
-443312
-443276
-443273
-443231
-443213
-443210
-443208
-443208
-443203
-443182
-443139
-443138
-443090
-443084
-443081
-443064
-443019
-443012
-443010
-442979
-442953
-442928
-442924
-442832
-442797
-442794
-442781
-442774
-442727
-442697
-442694
-442674
-442671
-442659
-442654
-442596
-442589
-442578
-442576
-442550
-442522
-442500
-442495
-442494
-442489
-442478
-442477
-442466
-442463
-442458
-442454
-442453
-442434
-442429
-442382
-442368
-442320
-442301
-442291
-442285
-442284
-442273
-442261
-442230
-442209
-442205
-442181
-442116
-442105
-442100
-442096
-442094
-442083
-442055
-442054
-442021
-441996
-441986
-441983
-441950
-441948
-441932
-441931
-441921
-441909
-441901
-441889
-441885
-441885
-441877
-441871
-441838
-441830
-441829
-441800
-441756
-441726
-441720
-441714
-441714
-441707
-441693
-441651
-441647
-441628
-441617
-441598
-441522
-441415
-441407
-441395
-441368
-441358
-441353
-441325
-441288
-441285
-441278
-441256
-441253
-441247
-441243
-441239
-441209
-441178
-441166
-441091
-441054
-441053
-441017
-441013
-441006
-440947
-440941
-440902
-440883
-440872
-440868
-440856
-440842
-440840
-440806
-440773
-440752
-440713
-440698
-440685
-440677
-440667
-440660
-440650
-440614
-440596
-440592
-440592
-440572
-440547
-440524
-440490
-440483
-440439
-440427
-440422
-440417
-440413
-440411
-440389
-440383
-440362
-440327
-440301
-440290
-440249
-440226
-440207
-440173
-440158
-440130
-440129
-440118
-440103
-440072
-440060
-440047
-440037
-440025
-439977
-439951
-439943
-439931
-439920
-439860
-439856
-439837
-439834
-439817
-439816
-439807
-439807
-439798
-439775
-439759
-439751
-439745
-439732
-439725
-439723
-439681
-439679
-439647
-439614
-439593
-439582
-439576
-439547
-439528
-439521
-439498
-439494
-439490
-439475
-439466
-439408
-439393
-439328
-439324
-439299
-439298
-439280
-439259
-439256
-439191
-439189
-439156
-439156
-439137
-439134
-439121
-439084
-439042
-439042
-439027
-439012
-438975
-438973
-438963
-438896
-438883
-438877
-438862
-438849
-438820
-438792
-438787
-438776
-438752
-438722
-438719
-438691
-438668
-438663
-438635
-438630
-438591
-438569
-438552
-438552
-438544
-438509
-438507
-438451
-438423
-438414
-438401
-438395
-438350
-438320
-438306
-438259
-438234
-438222
-438196
-438181
-438151
-438138
-438124
-438122
-438086
-438003
-437977
-437977
-437977
-437976
-437931
-437929
-437923
-437892
-437847
-437798
-437783
-437753
-437739
-437722
-437714
-437691
-437681
-437676
-437641
-437636
-437621
-437615
-437590
-437554
-437519
-437515
-437504
-437496
-437491
-437442
-437397
-437383
-437370
-437305
-437282
-437265
-437257
-437235
-437232
-437194
-437185
-437148
-437129
-437128
-437122
-437121
-437097
-437096
-437088
-437045
-437041
-436977
-436965
-436955
-436944
-436919
-436903
-436822
-436821
-436813
-436761
-436730
-436635
-436630
-436600
-436552
-436526
-436524
-436518
-436501
-436469
-436462
-436398
-436388
-436366
-436334
-436316
-436308
-436296
-436288
-436287
-436241
-436177
-436174
-436172
-436166
-436158
-436129
-436129
-436121
-436116
-436111
-436098
-436085
-436073
-436071
-436057
-436045
-436037
-436036
-436032
-435967
-435950
-435904
-435883
-435827
-435813
-435809
-435803
-435786
-435760
-435757
-435728
-435726
-435713
-435708
-435676
-435661
-435657
-435614
-435608
-435603
-435584
-435555
-435548
-435520
-435505
-435503
-435492
-435427
-435388
-435340
-435325
-435265
-435264
-435211
-435184
-435161
-435141
-435137
-435133
-435118
-435108
-435106
-435105
-435096
-435094
-435072
-435069
-435004
-434970
-434966
-434958
-434958
-434953
-434929
-434897
-434889
-434851
-434812
-434807
-434783
-434775
-434761
-434751
-434642
-434626
-434625
-434605
-434584
-434568
-434561
-434559
-434518
-434467
-434462
-434449
-434445
-434425
-434393
-434348
-434308
-434305
-434269
-434263
-434189
-434181
-434179
-434173
-434162
-434155
-434132
-434081
-434043
-434032
-434022
-433919
-433916
-433914
-433895
-433876
-433871
-433869
-433866
-433866
-433824
-433817
-433816
-433814
-433770
-433760
-433728
-433704
-433688
-433669
-433666
-433633
-433617
-433607
-433565
-433561
-433552
-433541
-433534
-433509
-433485
-433463
-433457
-433421
-433387
-433376
-433350
-433338
-433306
-433303
-433301
-433291
-433282
-433275
-433213
-433192
-433169
-433122
-433114
-433099
-433066
-433058
-433044
-433041
-433028
-433017
-433016
-432998
-432958
-432954
-432943
-432923
-432907
-432907
-432888
-432882
-432835
-432822
-432791
-432765
-432760
-432746
-432701
-432684
-432678
-432659
-432656
-432637
-432568
-432540
-432523
-432486
-432466
-432463
-432444
-432444
-432441
-432426
-432406
-432367
-432345
-432315
-432307
-432292
-432285
-432273
-432265
-432227
-432222
-432222
-432219
-432196
-432196
-432173
-432156
-432149
-432134
-432113
-432085
-432064
-432045
-432043
-432037
-431989
-431954
-431950
-431937
-431928
-431921
-431918
-431910
-431876
-431864
-431863
-431837
-431827
-431807
-431800
-431797
-431777
-431757
-431724
-431708
-431701
-431658
-431652
-431646
-431619
-431556
-431502
-431485
-431484
-431365
-431361
-431352
-431343
-431306
-431306
-431293
-431286
-431286
-431286
-431219
-431201
-431181
-431148
-431118
-431096
-431096
-431087
-431079
-431070
-431052
-431031
-430979
-430964
-430962
-430952
-430942
-430927
-430910
-430910
-430892
-430882
-430881
-430854
-430852
-430791
-430781
-430775
-430759
-430747
-430728
-430714
-430703
-430647
-430647
-430635
-430624
-430619
-430598
-430578
-430547
-430546
-430542
-430541
-430530
-430505
-430495
-430492
-430492
-430486
-430483
-430474
-430464
-430453
-430447
-430433
-430429
-430429
-430429
-430405
-430398
-430392
-430388
-430335
-430315
-430309
-430286
-430273
-430244
-430240
-430238
-430228
-430213
-430207
-430203
-430169
-430160
-430138
-430099
-430080
-430065
-430051
-430027
-430006
-429954
-429930
-429926
-429854
-429850
-429838
-429836
-429833
-429797
-429792
-429753
-429682
-429663
-429644
-429639
-429580
-429551
-429531
-429510
-429507
-429489
-429470
-429466
-429446
-429423
-429398
-429395
-429370
-429368
-429332
-429288
-429281
-429279
-429236
-429188
-429166
-429137
-429135
-429128
-429103
-429101
-429094
-429085
-429082
-429028
-429026
-429024
-428975
-428895
-428894
-428872
-428859
-428852
-428788
-428783
-428782
-428779
-428762
-428752
-428751
-428748
-428729
-428727
-428690
-428666
-428658
-428656
-428612
-428608
-428596
-428584
-428541
-428500
-428491
-428466
-428460
-428459
-428435
-428432
-428425
-428424
-428389
-428357
-428343
-428315
-428308
-428296
-428282
-428277
-428254
-428232
-428208
-428173
-428165
-428162
-428152
-428152
-428145
-428115
-428106
-428095
-428041
-428021
-427971
-427968
-427958
-427945
-427930
-427897
-427890
-427845
-427835
-427828
-427806
-427755
-427746
-427729
-427702
-427667
-427656
-427600
-427591
-427582
-427571
-427557
-427549
-427505
-427476
-427473
-427456
-427421
-427323
-427280
-427278
-427255
-427230
-427226
-427221
-427195
-427173
-427165
-427123
-427099
-427064
-427036
-427032
-427017
-427000
-426986
-426973
-426964
-426962
-426959
-426938
-426933
-426928
-426927
-426857
-426849
-426847
-426846
-426788
-426784
-426784
-426755
-426735
-426731
-426717
-426714
-426656
-426644
-426634
-426622
-426604
-426562
-426561
-426542
-426518
-426512
-426506
-426417
-426395
-426368
-426341
-426310
-426310
-426300
-426222
-426207
-426205
-426201
-426189
-426167
-426157
-426128
-426096
-426064
-426039
-426027
-425932
-425917
-425909
-425908
-425872
-425851
-425846
-425840
-425755
-425748
-425709
-425687
-425672
-425652
-425628
-425623
-425544
-425536
-425474
-425445
-425439
-425426
-425405
-425333
-425311
-425304
-425302
-425283
-425265
-425241
-425190
-425187
-425173
-425170
-425169
-425165
-425121
-425087
-425071
-425069
-425041
-425031
-424994
-424965
-424940
-424935
-424930
-424895
-424871
-424850
-424840
-424832
-424811
-424809
-424772
-424767
-424760
-424750
-424714
-424684
-424657
-424647
-424638
-424628
-424612
-424601
-424597
-424587
-424547
-424533
-424529
-424517
-424509
-424489
-424443
-424435
-424425
-424402
-424348
-424305
-424302
-424295
-424293
-424247
-424220
-424215
-424153
-424049
-424043
-424030
-424018
-423990
-423979
-423969
-423957
-423945
-423921
-423890
-423851
-423844
-423817
-423815
-423795
-423781
-423714
-423674
-423654
-423632
-423615
-423614
-423582
-423549
-423542
-423515
-423493
-423491
-423482
-423472
-423466
-423440
-423414
-423390
-423378
-423371
-423336
-423333
-423212
-423191
-423187
-423159
-423124
-423093
-423091
-423076
-423040
-423036
-423027
-423007
-422999
-422980
-422969
-422941
-422937
-422928
-422918
-422875
-422819
-422745
-422724
-422696
-422694
-422692
-422687
-422641
-422632
-422631
-422624
-422614
-422520
-422483
-422449
-422445
-422423
-422413
-422368
-422366
-422349
-422346
-422335
-422321
-422317
-422311
-422308
-422233
-422176
-422144
-422137
-422088
-422053
-422052
-422016
-422011
-421964
-421949
-421929
-421922
-421902
-421889
-421749
-421674
-421654
-421652
-421649
-421604
-421602
-421556
-421538
-421522
-421518
-421517
-421509
-421509
-421506
-421494
-421492
-421475
-421452
-421427
-421376
-421374
-421362
-421345
-421298
-421297
-421289
-421264
-421234
-421231
-421206
-421128
-421064
-421047
-421036
-421002
-420997
-420993
-420990
-420984
-420977
-420974
-420941
-420940
-420932
-420928
-420927
-420898
-420870
-420869
-420829
-420770
-420763
-420760
-420755
-420729
-420724
-420714
-420707
-420698
-420690
-420633
-420623
-420614
-420613
-420517
-420490
-420441
-420432
-420415
-420404
-420385
-420375
-420373
-420356
-420300
-420286
-420243
-420242
-420238
-420192
-420136
-420134
-420132
-420124
-420060
-420058
-420050
-420042
-420010
-419947
-419928
-419902
-419902
-419891
-419890
-419868
-419863
-419857
-419815
-419798
-419793
-419785
-419760
-419737
-419732
-419716
-419693
-419675
-419657
-419650
-419582
-419574
-419565
-419551
-419518
-419511
-419510
-419491
-419491
-419440
-419440
-419433
-419427
-419413
-419379
-419352
-419329
-419298
-419278
-419172
-419157
-419154
-419146
-419088
-419076
-419056
-419056
-419055
-419049
-419030
-419002
-418973
-418972
-418927
-418920
-418919
-418881
-418874
-418874
-418858
-418836
-418818
-418805
-418758
-418744
-418740
-418710
-418707
-418692
-418685
-418677
-418661
-418642
-418640
-418636
-418582
-418578
-418527
-418525
-418494
-418477
-418476
-418474
-418438
-418418
-418406
-418372
-418357
-418348
-418344
-418316
-418314
-418270
-418224
-418223
-418212
-418182
-418145
-418111
-418079
-418033
-418012
-417962
-417953
-417948
-417934
-417928
-417926
-417894
-417879
-417866
-417851
-417834
-417833
-417832
-417787
-417719
-417712
-417659
-417654
-417630
-417626
-417616
-417592
-417591
-417514
-417508
-417493
-417483
-417455
-417452
-417423
-417421
-417411
-417330
-417329
-417273
-417258
-417222
-417203
-417199
-417188
-417187
-417152
-417116
-417084
-417071
-417048
-417038
-417022
-416999
-416976
-416966
-416941
-416937
-416905
-416898
-416892
-416880
-416853
-416844
-416832
-416825
-416799
-416773
-416743
-416740
-416736
-416732
-416731
-416727
-416703
-416648
-416635
-416626
-416605
-416581
-416570
-416550
-416519
-416517
-416498
-416486
-416481
-416474
-416467
-416429
-416416
-416415
-416361
-416340
-416329
-416323
-416271
-416250
-416219
-416191
-416139
-416120
-416118
-416035
-416011
-416006
-415996
-415957
-415957
-415954
-415905
-415874
-415816
-415810
-415791
-415753
-415747
-415685
-415668
-415658
-415633
-415613
-415588
-415576
-415554
-415530
-415513
-415489
-415489
-415482
-415439
-415436
-415424
-415421
-415389
-415378
-415344
-415339
-415338
-415291
-415239
-415206
-415171
-415129
-415122
-415103
-415092
-415055
-415036
-414986
-414967
-414963
-414960
-414921
-414902
-414843
-414814
-414802
-414775
-414731
-414703
-414698
-414697
-414692
-414681
-414642
-414632
-414630
-414623
-414592
-414584
-414572
-414537
-414535
-414534
-414518
-414482
-414467
-414465
-414458
-414404
-414362
-414350
-414349
-414315
-414278
-414248
-414183
-414142
-414133
-414116
-414107
-414099
-414034
-414020
-413999
-413947
-413932
-413932
-413847
-413824
-413786
-413742
-413709
-413689
-413684
-413676
-413658
-413572
-413534
-413476
-413465
-413464
-413453
-413433
-413433
-413429
-413393
-413371
-413363
-413356
-413339
-413302
-413294
-413175
-413129
-413102
-413081
-413062
-413053
-413022
-413011
-412994
-412990
-412950
-412929
-412926
-412900
-412880
-412850
-412836
-412737
-412732
-412704
-412699
-412682
-412677
-412667
-412665
-412639
-412603
-412567
-412556
-412530
-412501
-412486
-412482
-412480
-412455
-412452
-412376
-412360
-412358
-412348
-412338
-412305
-412241
-412225
-412196
-412186
-412185
-412176
-412114
-412093
-412057
-412051
-412044
-412022
-412006
-411970
-411941
-411929
-411924
-411917
-411873
-411807
-411768
-411728
-411690
-411680
-411649
-411646
-411626
-411597
-411592
-411573
-411562
-411561
-411561
-411556
-411541
-411506
-411475
-411474
-411468
-411431
-411336
-411326
-411317
-411304
-411228
-411212
-411173
-411165
-411143
-411138
-411128
-411123
-411122
-411119
-411103
-411075
-411058
-411051
-411036
-410999
-410987
-410974
-410917
-410900
-410877
-410794
-410789
-410776
-410770
-410728
-410688
-410663
-410641
-410633
-410616
-410609
-410601
-410559
-410541
-410504
-410502
-410488
-410474
-410474
-410470
-410410
-410371
-410369
-410367
-410360
-410333
-410322
-410321
-410291
-410290
-410253
-410235
-410218
-410208
-410188
-410180
-410179
-410172
-410171
-410087
-410065
-410012
-410001
-410000
-409994
-409983
-409968
-409956
-409943
-409916
-409884
-409881
-409865
-409831
-409830
-409829
-409824
-409752
-409733
-409695
-409664
-409645
-409621
-409600
-409557
-409538
-409519
-409517
-409485
-409477
-409434
-409432
-409408
-409399
-409392
-409386
-409382
-409380
-409359
-409346
-409324
-409318
-409288
-409284
-409268
-409230
-409226
-409219
-409217
-409176
-409167
-409135
-409107
-409105
-409087
-409083
-409082
-409082
-409078
-409065
-409047
-409032
-409018
-409001
-408980
-408941
-408875
-408864
-408861
-408857
-408822
-408818
-408818
-408793
-408792
-408778
-408731
-408715
-408706
-408706
-408695
-408679
-408671
-408644
-408625
-408607
-408597
-408581
-408555
-408535
-408508
-408493
-408491
-408488
-408457
-408438
-408435
-408427
-408420
-408384
-408372
-408354
-408346
-408289
-408261
-408259
-408245
-408224
-408189
-408162
-408142
-408112
-408063
-408050
-408023
-408012
-408010
-407997
-407996
-407980
-407961
-407878
-407862
-407845
-407843
-407834
-407818
-407816
-407761
-407704
-407678
-407665
-407661
-407649
-407641
-407640
-407563
-407546
-407520
-407518
-407510
-407487
-407447
-407430
-407410
-407393
-407376
-407369
-407317
-407298
-407268
-407216
-407205
-407180
-407174
-407135
-407133
-407080
-407053
-407033
-407027
-407018
-406916
-406888
-406888
-406876
-406874
-406872
-406866
-406861
-406832
-406804
-406771
-406707
-406704
-406663
-406642
-406613
-406565
-406536
-406531
-406508
-406507
-406506
-406493
-406464
-406460
-406458
-406457
-406447
-406442
-406433
-406361
-406357
-406352
-406347
-406332
-406258
-406247
-406244
-406242
-406222
-406214
-406166
-406143
-406134
-406122
-406080
-406077
-406064
-406048
-406042
-406015
-406014
-406006
-405975
-405938
-405933
-405834
-405832
-405813
-405810
-405808
-405802
-405793
-405791
-405754
-405738
-405698
-405687
-405669
-405664
-405652
-405633
-405579
-405577
-405507
-405468
-405442
-405431
-405407
-405372
-405365
-405343
-405313
-405279
-405274
-405255
-405229
-405210
-405190
-405160
-405155
-405087
-405072
-405070
-405053
-405048
-405038
-405036
-404954
-404946
-404944
-404925
-404904
-404884
-404832
-404796
-404794
-404783
-404777
-404776
-404759
-404752
-404719
-404670
-404640
-404629
-404612
-404562
-404542
-404538
-404497
-404457
-404440
-404388
-404369
-404367
-404346
-404345
-404341
-404340
-404334
-404289
-404257
-404255
-404243
-404220
-404215
-404210
-404203
-404192
-404183
-404182
-404134
-404085
-404082
-404079
-404052
-404005
-403976
-403954
-403917
-403915
-403908
-403906
-403906
-403886
-403881
-403869
-403864
-403854
-403840
-403765
-403761
-403748
-403736
-403736
-403689
-403652
-403625
-403625
-403611
-403597
-403572
-403570
-403564
-403531
-403523
-403484
-403420
-403390
-403388
-403384
-403361
-403348
-403336
-403330
-403325
-403321
-403319
-403316
-403302
-403292
-403263
-403231
-403218
-403204
-403190
-403188
-403169
-403129
-403090
-403080
-403076
-403073
-403041
-403018
-403018
-402996
-402989
-402967
-402948
-402936
-402918
-402917
-402914
-402902
-402881
-402878
-402870
-402855
-402806
-402786
-402726
-402708
-402683
-402680
-402675
-402660
-402634
-402614
-402578
-402525
-402524
-402520
-402510
-402509
-402497
-402477
-402423
-402422
-402407
-402387
-402384
-402347
-402332
-402329
-402320
-402303
-402280
-402277
-402260
-402212
-402200
-402176
-402173
-402154
-402154
-402141
-402123
-402120
-402114
-402051
-401986
-401976
-401965
-401945
-401939
-401905
-401880
-401877
-401875
-401835
-401826
-401803
-401780
-401777
-401710
-401661
-401650
-401649
-401634
-401592
-401555
-401555
-401501
-401477
-401452
-401439
-401414
-401364
-401342
-401316
-401280
-401252
-401244
-401240
-401224
-401220
-401199
-401198
-401180
-401173
-401169
-401123
-401118
-401107
-401107
-401090
-401071
-401066
-401057
-401007
-401007
-400994
-400975
-400956
-400941
-400931
-400922
-400895
-400876
-400875
-400868
-400864
-400856
-400855
-400853
-400846
-400830
-400823
-400776
-400770
-400697
-400683
-400663
-400635
-400633
-400573
-400557
-400546
-400528
-400521
-400518
-400475
-400470
-400466
-400430
-400418
-400413
-400382
-400379
-400344
-400333
-400314
-400306
-400285
-400262
-400227
-400196
-400167
-400156
-400045
-400035
-400035
-400020
-400020
-400000
-399979
-399978
-399922
-399862
-399845
-399841
-399820
-399781
-399762
-399760
-399706
-399664
-399658
-399650
-399632
-399584
-399561
-399529
-399516
-399515
-399487
-399471
-399468
-399458
-399414
-399401
-399358
-399335
-399315
-399310
-399308
-399305
-399300
-399280
-399266
-399259
-399246
-399230
-399227
-399222
-399219
-399217
-399190
-399172
-399157
-399113
-399078
-399052
-399027
-399015
-398973
-398956
-398956
-398922
-398916
-398908
-398890
-398865
-398838
-398838
-398827
-398803
-398801
-398791
-398741
-398736
-398734
-398651
-398612
-398606
-398599
-398584
-398553
-398547
-398526
-398511
-398503
-398489
-398488
-398479
-398473
-398456
-398437
-398393
-398389
-398374
-398347
-398323
-398308
-398301
-398298
-398271
-398243
-398215
-398188
-398136
-398119
-398110
-398082
-398080
-398080
-398077
-398057
-398037
-397997
-397977
-397955
-397931
-397906
-397901
-397884
-397845
-397806
-397776
-397771
-397763
-397728
-397723
-397714
-397677
-397658
-397656
-397636
-397620
-397589
-397557
-397532
-397528
-397519
-397493
-397468
-397456
-397451
-397450
-397432
-397422
-397388
-397367
-397346
-397339
-397314
-397282
-397276
-397242
-397239
-397232
-397228
-397223
-397210
-397159
-397138
-397120
-397116
-397112
-397103
-397018
-397007
-397004
-396989
-396988
-396988
-396973
-396959
-396936
-396920
-396890
-396873
-396871
-396869
-396817
-396809
-396731
-396719
-396704
-396691
-396685
-396657
-396653
-396652
-396620
-396575
-396533
-396514
-396509
-396471
-396444
-396444
-396438
-396421
-396357
-396351
-396344
-396298
-396278
-396275
-396259
-396253
-396252
-396230
-396210
-396174
-396136
-396107
-396103
-396095
-396070
-396055
-396044
-396027
-396016
-395964
-395963
-395938
-395937
-395935
-395894
-395889
-395877
-395868
-395862
-395804
-395742
-395729
-395684
-395661
-395654
-395638
-395620
-395604
-395602
-395597
-395586
-395572
-395557
-395552
-395548
-395523
-395521
-395508
-395435
-395410
-395410
-395409
-395378
-395363
-395363
-395348
-395344
-395312
-395286
-395231
-395211
-395208
-395179
-395137
-395110
-395073
-395062
-395058
-395036
-395022
-395021
-394986
-394954
-394925
-394895
-394891
-394874
-394872
-394868
-394866
-394863
-394856
-394837
-394794
-394793
-394789
-394765
-394736
-394711
-394665
-394632
-394618
-394614
-394606
-394592
-394588
-394579
-394577
-394545
-394534
-394484
-394484
-394454
-394432
-394405
-394385
-394358
-394268
-394238
-394195
-394186
-394186
-394185
-394170
-394159
-394139
-394105
-394100
-394093
-394078
-394062
-394024
-394004
-393981
-393966
-393962
-393958
-393949
-393862
-393854
-393833
-393817
-393807
-393778
-393777
-393738
-393732
-393694
-393599
-393588
-393581
-393566
-393558
-393555
-393549
-393531
-393525
-393513
-393497
-393484
-393459
-393427
-393421
-393407
-393392
-393346
-393343
-393330
-393312
-393299
-393277
-393272
-393257
-393232
-393224
-393217
-393141
-393132
-393129
-393108
-393098
-393091
-393057
-393041
-393015
-392985
-392976
-392975
-392965
-392955
-392950
-392918
-392900
-392879
-392839
-392831
-392826
-392815
-392810
-392791
-392780
-392745
-392709
-392701
-392666
-392641
-392623
-392597
-392578
-392575
-392561
-392546
-392508
-392507
-392497
-392483
-392472
-392428
-392418
-392378
-392369
-392357
-392354
-392326
-392322
-392310
-392310
-392291
-392285
-392276
-392244
-392238
-392216
-392206
-392196
-392177
-392163
-392160
-392151
-392101
-392092
-392037
-392030
-392020
-392015
-392009
-391993
-391984
-391984
-391965
-391961
-391908
-391821
-391791
-391765
-391723
-391716
-391701
-391685
-391668
-391660
-391640
-391631
-391582
-391539
-391532
-391520
-391513
-391482
-391470
-391466
-391417
-391383
-391371
-391359
-391350
-391332
-391319
-391302
-391264
-391240
-391231
-391217
-391201
-391182
-391178
-391167
-391165
-391151
-391143
-391123
-391061
-391037
-391033
-390998
-390995
-390986
-390961
-390946
-390933
-390890
-390890
-390870
-390852
-390809
-390802
-390763
-390750
-390718
-390692
-390686
-390672
-390653
-390633
-390619
-390603
-390581
-390571
-390562
-390555
-390548
-390536
-390445
-390392
-390352
-390350
-390303
-390298
-390295
-390291
-390265
-390256
-390212
-390166
-390159
-390146
-390115
-390099
-390094
-390084
-390057
-390055
-390038
-389971
-389964
-389951
-389926
-389926
-389898
-389897
-389876
-389818
-389761
-389751
-389723
-389697
-389673
-389673
-389656
-389593
-389584
-389474
-389444
-389443
-389426
-389414
-389410
-389402
-389368
-389361
-389349
-389326
-389280
-389275
-389253
-389252
-389234
-389230
-389147
-389142
-389112
-389105
-389083
-389079
-389045
-389045
-389027
-389019
-388950
-388926
-388903
-388899
-388885
-388866
-388827
-388803
-388715
-388712
-388674
-388644
-388622
-388611
-388601
-388593
-388563
-388544
-388534
-388517
-388479
-388451
-388449
-388446
-388432
-388419
-388401
-388378
-388370
-388356
-388323
-388311
-388268
-388258
-388171
-388168
-388152
-388095
-388090
-388073
-388072
-388062
-388041
-388033
-388028
-388014
-388011
-387976
-387975
-387937
-387922
-387911
-387899
-387888
-387886
-387886
-387885
-387869
-387861
-387819
-387811
-387794
-387780
-387758
-387753
-387753
-387732
-387728
-387719
-387686
-387630
-387617
-387566
-387525
-387502
-387495
-387483
-387445
-387379
-387374
-387369
-387347
-387321
-387265
-387221
-387214
-387190
-387185
-387117
-387090
-387082
-387042
-387041
-387026
-387012
-386928
-386916
-386915
-386882
-386872
-386866
-386863
-386837
-386834
-386807
-386805
-386795
-386783
-386748
-386718
-386692
-386684
-386657
-386652
-386625
-386601
-386567
-386563
-386505
-386462
-386434
-386433
-386411
-386410
-386368
-386362
-386340
-386317
-386284
-386257
-386252
-386237
-386211
-386199
-386195
-386143
-386111
-386092
-386061
-386043
-385992
-385968
-385959
-385951
-385919
-385879
-385875
-385861
-385831
-385792
-385763
-385757
-385721
-385659
-385658
-385654
-385642
-385621
-385556
-385540
-385512
-385507
-385500
-385495
-385494
-385453
-385411
-385355
-385349
-385346
-385289
-385271
-385239
-385190
-385175
-385128
-385113
-385039
-385033
-385005
-384995
-384952
-384947
-384944
-384939
-384934
-384926
-384879
-384862
-384781
-384770
-384762
-384752
-384740
-384709
-384669
-384667
-384661
-384604
-384596
-384585
-384581
-384550
-384514
-384502
-384484
-384466
-384449
-384398
-384397
-384361
-384357
-384346
-384325
-384307
-384294
-384282
-384247
-384243
-384228
-384223
-384220
-384202
-384180
-384162
-384136
-384118
-384088
-384083
-384079
-384057
-383995
-383989
-383935
-383884
-383868
-383865
-383863
-383831
-383803
-383793
-383787
-383776
-383754
-383744
-383742
-383741
-383701
-383647
-383626
-383576
-383574
-383567
-383449
-383441
-383421
-383404
-383401
-383343
-383308
-383293
-383274
-383271
-383270
-383264
-383218
-383217
-383170
-383152
-383148
-383130
-383098
-383082
-383082
-383061
-383027
-383022
-383021
-383009
-383005
-383003
-382998
-382962
-382945
-382937
-382894
-382858
-382839
-382760
-382749
-382626
-382624
-382556
-382520
-382456
-382438
-382424
-382413
-382388
-382385
-382360
-382300
-382275
-382268
-382267
-382264
-382257
-382228
-382193
-382174
-382161
-382145
-382139
-382127
-382126
-382100
-382087
-382057
-382039
-381975
-381960
-381932
-381902
-381872
-381859
-381834
-381793
-381792
-381684
-381674
-381656
-381646
-381631
-381623
-381617
-381596
-381593
-381587
-381577
-381566
-381550
-381487
-381485
-381476
-381461
-381407
-381354
-381339
-381323
-381316
-381299
-381286
-381286
-381261
-381261
-381256
-381238
-381201
-381192
-381112
-381108
-381100
-381099
-381075
-381072
-381048
-381045
-381034
-381015
-381015
-380950
-380930
-380918
-380915
-380906
-380899
-380841
-380838
-380778
-380763
-380756
-380690
-380670
-380653
-380637
-380636
-380616
-380610
-380592
-380572
-380556
-380549
-380542
-380536
-380525
-380473
-380452
-380446
-380444
-380404
-380380
-380362
-380355
-380350
-380350
-380344
-380307
-380264
-380228
-380226
-380204
-380172
-380171
-380074
-380013
-380004
-379977
-379960
-379948
-379944
-379939
-379917
-379874
-379859
-379854
-379841
-379827
-379825
-379823
-379817
-379812
-379775
-379764
-379745
-379736
-379727
-379693
-379690
-379687
-379680
-379668
-379644
-379638
-379634
-379634
-379630
-379614
-379596
-379551
-379530
-379512
-379454
-379429
-379400
-379387
-379376
-379363
-379348
-379327
-379322
-379306
-379285
-379280
-379256
-379231
-379209
-379180
-379179
-379172
-379167
-379156
-379133
-379077
-379073
-379063
-379061
-379045
-378990
-378988
-378915
-378913
-378850
-378803
-378780
-378716
-378651
-378636
-378633
-378631
-378592
-378584
-378563
-378555
-378486
-378464
-378455
-378435
-378403
-378402
-378400
-378396
-378364
-378356
-378353
-378344
-378337
-378327
-378323
-378321
-378320
-378310
-378287
-378282
-378272
-378269
-378265
-378258
-378257
-378247
-378227
-378217
-378211
-378210
-378203
-378147
-378130
-378119
-378117
-378109
-378092
-378070
-378059
-378029
-378026
-377986
-377979
-377976
-377956
-377930
-377910
-377877
-377862
-377839
-377792
-377785
-377779
-377750
-377744
-377743
-377699
-377694
-377675
-377660
-377616
-377616
-377567
-377554
-377542
-377507
-377494
-377482
-377395
-377335
-377328
-377323
-377285
-377276
-377231
-377224
-377203
-377200
-377195
-377183
-377158
-377135
-377124
-377089
-377089
-377076
-377050
-377028
-377016
-376998
-376967
-376967
-376960
-376921
-376919
-376902
-376901
-376893
-376879
-376775
-376773
-376770
-376770
-376764
-376761
-376738
-376721
-376676
-376669
-376642
-376614
-376595
-376594
-376573
-376560
-376558
-376551
-376531
-376528
-376490
-376476
-376458
-376446
-376416
-376388
-376383
-376379
-376379
-376369
-376339
-376321
-376304
-376301
-376300
-376298
-376245
-376218
-376218
-376214
-376193
-376174
-376137
-376117
-376072
-376071
-376045
-376040
-376029
-376010
-375996
-375993
-375992
-375985
-375985
-375967
-375957
-375955
-375906
-375905
-375886
-375881
-375871
-375867
-375845
-375835
-375829
-375818
-375775
-375727
-375646
-375624
-375603
-375601
-375578
-375523
-375511
-375491
-375459
-375416
-375408
-375400
-375267
-375260
-375260
-375256
-375190
-375185
-375175
-375129
-375123
-375108
-375105
-375092
-375086
-375079
-375070
-375056
-375044
-374953
-374900
-374899
-374896
-374806
-374770
-374708
-374658
-374649
-374645
-374631
-374627
-374625
-374622
-374616
-374595
-374579
-374502
-374487
-374481
-374424
-374418
-374395
-374350
-374310
-374282
-374248
-374203
-374158
-374152
-374151
-374135
-374095
-374092
-374078
-373934
-373926
-373919
-373896
-373894
-373838
-373811
-373785
-373773
-373732
-373730
-373708
-373702
-373665
-373655
-373648
-373648
-373644
-373619
-373610
-373594
-373593
-373592
-373590
-373588
-373538
-373515
-373499
-373482
-373440
-373438
-373389
-373360
-373357
-373346
-373346
-373342
-373335
-373321
-373308
-373295
-373244
-373216
-373207
-373199
-373196
-373181
-373174
-373151
-373116
-373103
-373093
-373071
-373067
-373044
-373023
-373012
-373005
-373003
-372991
-372883
-372860
-372859
-372759
-372745
-372721
-372694
-372656
-372617
-372614
-372609
-372593
-372578
-372546
-372545
-372527
-372517
-372487
-372457
-372398
-372393
-372392
-372366
-372352
-372350
-372349
-372300
-372273
-372242
-372217
-372196
-372193
-372182
-372174
-372163
-372152
-372108
-372107
-372097
-372089
-372058
-371994
-371989
-371944
-371864
-371850
-371847
-371843
-371839
-371829
-371783
-371770
-371753
-371739
-371737
-371701
-371679
-371620
-371614
-371608
-371572
-371553
-371513
-371504
-371474
-371463
-371456
-371448
-371447
-371421
-371349
-371347
-371339
-371330
-371315
-371306
-371303
-371294
-371266
-371262
-371247
-371247
-371232
-371215
-371206
-371191
-371188
-371187
-371174
-371166
-371162
-371123
-371110
-371100
-371095
-371072
-371007
-370988
-370987
-370958
-370957
-370951
-370909
-370906
-370904
-370880
-370879
-370865
-370840
-370803
-370781
-370765
-370740
-370729
-370727
-370716
-370694
-370628
-370620
-370616
-370609
-370567
-370518
-370492
-370482
-370456
-370435
-370433
-370417
-370410
-370385
-370378
-370365
-370332
-370327
-370294
-370277
-370239
-370215
-370198
-370194
-370194
-370135
-370028
-369992
-369974
-369910
-369888
-369881
-369876
-369867
-369859
-369851
-369848
-369840
-369836
-369832
-369825
-369807
-369781
-369771
-369761
-369747
-369693
-369691
-369682
-369680
-369675
-369627
-369615
-369597
-369575
-369571
-369558
-369558
-369547
-369538
-369534
-369525
-369496
-369438
-369428
-369426
-369381
-369364
-369364
-369338
-369307
-369293
-369289
-369288
-369239
-369234
-369216
-369168
-369156
-369117
-369113
-369101
-369080
-369076
-369044
-369044
-369016
-369009
-368989
-368873
-368843
-368840
-368811
-368806
-368755
-368751
-368733
-368717
-368710
-368658
-368657
-368651
-368620
-368592
-368575
-368571
-368548
-368539
-368496
-368402
-368385
-368381
-368326
-368294
-368289
-368288
-368236
-368221
-368213
-368205
-368197
-368191
-368184
-368173
-368157
-368142
-368124
-368124
-368084
-368083
-368063
-368052
-368052
-368040
-367985
-367984
-367951
-367935
-367916
-367879
-367864
-367837
-367833
-367808
-367760
-367756
-367727
-367694
-367666
-367634
-367570
-367554
-367543
-367529
-367492
-367473
-367459
-367454
-367444
-367419
-367408
-367314
-367299
-367229
-367190
-367108
-367079
-367053
-367026
-367026
-367004
-366992
-366988
-366973
-366963
-366949
-366923
-366901
-366831
-366825
-366802
-366794
-366790
-366787
-366744
-366668
-366667
-366637
-366611
-366584
-366563
-366517
-366490
-366482
-366426
-366414
-366402
-366372
-366361
-366349
-366348
-366328
-366318
-366249
-366245
-366232
-366210
-366167
-366160
-366120
-366117
-366067
-366067
-366062
-366020
-366019
-365999
-365980
-365971
-365909
-365899
-365872
-365856
-365844
-365746
-365722
-365678
-365674
-365661
-365646
-365636
-365624
-365564
-365550
-365514
-365503
-365502
-365492
-365465
-365392
-365348
-365341
-365280
-365275
-365253
-365206
-365130
-365092
-365076
-365015
-365014
-364996
-364985
-364964
-364961
-364938
-364930
-364903
-364879
-364869
-364869
-364865
-364863
-364857
-364787
-364747
-364683
-364681
-364646
-364641
-364598
-364578
-364571
-364490
-364485
-364461
-364439
-364423
-364422
-364421
-364405
-364398
-364393
-364386
-364367
-364356
-364339
-364316
-364311
-364308
-364254
-364229
-364219
-364171
-364158
-364146
-364137
-364134
-364126
-364117
-364106
-364102
-364072
-364036
-363981
-363973
-363971
-363940
-363935
-363931
-363921
-363878
-363835
-363832
-363829
-363829
-363825
-363819
-363762
-363742
-363736
-363688
-363634
-363603
-363586
-363585
-363565
-363554
-363512
-363500
-363482
-363440
-363425
-363420
-363412
-363404
-363391
-363360
-363353
-363335
-363325
-363279
-363251
-363228
-363210
-363188
-363173
-363163
-363112
-363087
-363080
-363075
-363024
-363023
-363019
-362992
-362956
-362953
-362942
-362859
-362842
-362826
-362820
-362788
-362758
-362752
-362740
-362732
-362723
-362717
-362649
-362627
-362612
-362587
-362571
-362468
-362461
-362456
-362431
-362410
-362369
-362368
-362367
-362366
-362365
-362358
-362339
-362329
-362324
-362276
-362274
-362251
-362245
-362244
-362226
-362200
-362167
-362164
-362125
-362103
-362087
-362067
-362062
-362037
-362013
-362011
-362002
-361968
-361939
-361876
-361865
-361856
-361836
-361792
-361791
-361784
-361781
-361756
-361748
-361713
-361695
-361683
-361530
-361529
-361526
-361522
-361513
-361496
-361491
-361476
-361447
-361438
-361424
-361400
-361392
-361380
-361365
-361336
-361297
-361229
-361205
-361205
-361186
-361175
-361172
-361076
-361023
-361014
-360991
-360926
-360866
-360793
-360753
-360741
-360719
-360717
-360694
-360670
-360647
-360641
-360634
-360633
-360625
-360584
-360561
-360482
-360472
-360424
-360402
-360397
-360334
-360238
-360199
-360168
-360143
-360098
-360053
-360033
-360021
-359983
-359946
-359898
-359866
-359862
-359850
-359809
-359764
-359694
-359691
-359680
-359677
-359676
-359673
-359644
-359627
-359627
-359604
-359577
-359575
-359571
-359543
-359535
-359511
-359477
-359474
-359443
-359437
-359430
-359402
-359360
-359330
-359323
-359277
-359227
-359186
-359168
-359161
-359136
-359122
-359103
-359067
-359011
-358974
-358901
-358889
-358878
-358876
-358859
-358825
-358820
-358814
-358790
-358782
-358747
-358719
-358703
-358640
-358627
-358626
-358625
-358623
-358603
-358600
-358570
-358540
-358528
-358470
-358469
-358457
-358434
-358392
-358358
-358343
-358337
-358297
-358289
-358282
-358254
-358241
-358205
-358152
-358114
-358110
-358108
-358103
-358089
-358083
-358070
-358038
-358035
-358032
-358023
-357977
-357938
-357937
-357937
-357903
-357898
-357829
-357809
-357791
-357787
-357765
-357755
-357735
-357734
-357726
-357725
-357724
-357676
-357666
-357643
-357638
-357633
-357632
-357630
-357624
-357606
-357576
-357559
-357502
-357495
-357438
-357410
-357388
-357364
-357357
-357247
-357239
-357176
-357143
-357126
-357091
-357091
-357069
-357022
-356924
-356912
-356900
-356894
-356889
-356874
-356858
-356845
-356837
-356816
-356801
-356797
-356792
-356791
-356706
-356683
-356661
-356636
-356631
-356606
-356605
-356578
-356555
-356503
-356459
-356442
-356407
-356387
-356381
-356374
-356348
-356344
-356334
-356246
-356230
-356179
-356154
-356150
-356147
-356136
-356132
-356128
-356106
-356104
-356100
-356089
-356012
-355984
-355965
-355955
-355944
-355889
-355839
-355837
-355815
-355811
-355767
-355725
-355694
-355693
-355681
-355616
-355542
-355500
-355479
-355473
-355389
-355307
-355303
-355261
-355253
-355240
-355236
-355215
-355141
-355076
-355045
-354984
-354983
-354953
-354940
-354939
-354934
-354868
-354851
-354844
-354840
-354837
-354824
-354760
-354750
-354750
-354740
-354733
-354707
-354639
-354607
-354594
-354588
-354574
-354554
-354551
-354550
-354521
-354512
-354490
-354490
-354481
-354467
-354466
-354455
-354437
-354406
-354399
-354374
-354361
-354344
-354320
-354270
-354264
-354252
-354213
-354173
-354156
-354134
-354121
-354104
-354097
-354064
-354058
-354053
-354050
-354037
-354029
-354023
-354021
-354010
-354008
-353971
-353965
-353945
-353942
-353927
-353911
-353908
-353903
-353889
-353860
-353853
-353848
-353817
-353795
-353788
-353783
-353768
-353731
-353727
-353683
-353680
-353659
-353651
-353642
-353623
-353598
-353597
-353595
-353591
-353542
-353538
-353508
-353499
-353482
-353396
-353387
-353384
-353366
-353353
-353341
-353341
-353239
-353232
-353226
-353218
-353163
-353152
-353140
-353127
-353104
-353060
-353002
-352996
-352989
-352940
-352891
-352862
-352838
-352836
-352830
-352752
-352746
-352720
-352720
-352714
-352694
-352676
-352663
-352655
-352639
-352633
-352627
-352556
-352543
-352511
-352495
-352486
-352477
-352462
-352448
-352393
-352378
-352367
-352220
-352207
-352167
-352144
-352130
-352063
-352036
-352033
-352013
-351993
-351962
-351953
-351951
-351950
-351923
-351916
-351905
-351816
-351813
-351807
-351790
-351742
-351722
-351718
-351687
-351675
-351601
-351553
-351499
-351496
-351474
-351469
-351420
-351389
-351377
-351350
-351336
-351307
-351295
-351294
-351290
-351260
-351259
-351251
-351243
-351242
-351206
-351201
-351193
-351165
-351164
-351156
-351155
-351147
-351113
-351085
-351075
-351064
-351060
-350997
-350937
-350863
-350848
-350846
-350841
-350836
-350795
-350742
-350736
-350726
-350721
-350679
-350675
-350672
-350655
-350652
-350558
-350532
-350513
-350507
-350453
-350403
-350385
-350364
-350355
-350316
-350242
-350240
-350208
-350150
-350147
-350102
-350091
-350086
-350056
-350055
-350050
-350036
-350017
-350009
-350008
-350007
-349996
-349992
-349991
-349980
-349977
-349962
-349960
-349928
-349888
-349881
-349833
-349794
-349786
-349780
-349766
-349763
-349745
-349722
-349685
-349663
-349637
-349636
-349540
-349531
-349529
-349528
-349518
-349515
-349513
-349512
-349495
-349472
-349470
-349451
-349447
-349434
-349417
-349372
-349368
-349327
-349302
-349291
-349290
-349264
-349261
-349250
-349244
-349219
-349213
-349174
-349171
-349164
-349155
-349149
-349122
-349084
-349082
-349076
-349033
-349024
-349016
-349011
-348963
-348941
-348936
-348853
-348837
-348835
-348833
-348788
-348761
-348741
-348734
-348727
-348723
-348717
-348657
-348640
-348590
-348555
-348544
-348530
-348494
-348491
-348488
-348482
-348480
-348478
-348454
-348449
-348418
-348388
-348318
-348313
-348294
-348273
-348231
-348219
-348212
-348185
-348154
-348146
-348109
-348084
-348054
-348053
-348029
-348012
-348007
-347988
-347977
-347974
-347963
-347953
-347940
-347936
-347916
-347905
-347889
-347856
-347826
-347818
-347786
-347781
-347750
-347737
-347734
-347711
-347700
-347657
-347624
-347576
-347540
-347519
-347434
-347429
-347353
-347311
-347310
-347241
-347226
-347216
-347202
-347167
-347163
-347144
-347135
-347124
-347121
-347094
-347088
-347075
-347071
-347038
-346984
-346924
-346919
-346913
-346904
-346900
-346869
-346867
-346800
-346772
-346737
-346727
-346709
-346698
-346697
-346629
-346629
-346624
-346619
-346609
-346521
-346504
-346496
-346449
-346448
-346424
-346385
-346379
-346354
-346351
-346333
-346320
-346274
-346265
-346263
-346219
-346209
-346208
-346181
-346168
-346134
-346125
-346099
-346001
-345979
-345966
-345961
-345958
-345926
-345918
-345883
-345834
-345800
-345795
-345753
-345753
-345738
-345685
-345650
-345644
-345628
-345614
-345609
-345553
-345550
-345550
-345538
-345513
-345512
-345509
-345484
-345446
-345411
-345406
-345395
-345373
-345366
-345359
-345358
-345307
-345297
-345286
-345285
-345277
-345274
-345247
-345232
-345151
-345141
-345138
-345133
-345133
-345104
-345098
-345043
-345034
-345032
-345010
-344952
-344924
-344913
-344904
-344886
-344859
-344858
-344821
-344821
-344808
-344776
-344766
-344751
-344728
-344692
-344655
-344653
-344599
-344586
-344574
-344571
-344515
-344512
-344477
-344469
-344409
-344396
-344389
-344373
-344370
-344367
-344323
-344309
-344308
-344270
-344238
-344226
-344224
-344220
-344175
-344164
-344140
-344139
-344136
-344129
-344118
-344082
-344077
-344022
-343999
-343962
-343951
-343912
-343892
-343892
-343877
-343833
-343824
-343803
-343798
-343790
-343790
-343785
-343783
-343779
-343740
-343739
-343724
-343701
-343698
-343658
-343645
-343640
-343576
-343561
-343541
-343540
-343523
-343511
-343493
-343475
-343464
-343416
-343413
-343393
-343379
-343378
-343356
-343305
-343281
-343265
-343201
-343182
-343144
-343097
-343074
-343071
-342971
-342953
-342950
-342935
-342931
-342917
-342866
-342862
-342848
-342845
-342844
-342819
-342802
-342787
-342787
-342718
-342696
-342652
-342651
-342616
-342603
-342442
-342417
-342408
-342384
-342343
-342340
-342332
-342313
-342312
-342308
-342306
-342302
-342276
-342272
-342249
-342249
-342243
-342220
-342220
-342213
-342174
-342172
-342148
-342135
-342054
-342023
-342001
-341904
-341889
-341882
-341865
-341823
-341781
-341773
-341744
-341743
-341737
-341729
-341683
-341677
-341673
-341657
-341656
-341655
-341654
-341641
-341604
-341603
-341595
-341582
-341571
-341566
-341556
-341549
-341534
-341475
-341474
-341472
-341458
-341454
-341429
-341420
-341377
-341364
-341346
-341288
-341287
-341275
-341261
-341247
-341243
-341209
-341201
-341200
-341178
-341160
-341154
-341147
-341143
-341128
-341128
-341127
-341125
-341119
-341096
-341032
-340994
-340987
-340986
-340970
-340969
-340965
-340964
-340961
-340944
-340922
-340916
-340898
-340844
-340842
-340833
-340830
-340823
-340815
-340746
-340729
-340718
-340693
-340679
-340677
-340670
-340661
-340658
-340655
-340653
-340651
-340637
-340579
-340550
-340541
-340533
-340521
-340515
-340509
-340503
-340501
-340494
-340469
-340463
-340458
-340442
-340391
-340382
-340370
-340363
-340354
-340338
-340326
-340305
-340297
-340275
-340253
-340251
-340239
-340209
-340159
-340151
-340137
-340119
-340113
-340109
-340083
-340079
-340077
-340073
-340061
-340059
-340055
-340046
-340043
-340013
-339999
-339989
-339968
-339963
-339928
-339920
-339909
-339902
-339836
-339795
-339794
-339793
-339735
-339664
-339653
-339641
-339603
-339579
-339548
-339533
-339514
-339466
-339369
-339360
-339354
-339343
-339334
-339303
-339300
-339278
-339264
-339261
-339254
-339197
-339196
-339182
-339169
-339136
-339119
-339078
-339068
-339064
-339059
-339058
-338992
-338970
-338960
-338944
-338936
-338936
-338898
-338867
-338859
-338848
-338837
-338836
-338775
-338756
-338746
-338730
-338721
-338721
-338709
-338696
-338695
-338690
-338681
-338588
-338558
-338472
-338467
-338461
-338460
-338452
-338431
-338427
-338423
-338403
-338382
-338370
-338352
-338352
-338312
-338299
-338283
-338283
-338265
-338257
-338232
-338229
-338205
-338175
-338151
-338126
-338106
-338104
-338101
-338099
-338096
-338069
-338056
-338045
-338033
-337965
-337957
-337927
-337891
-337868
-337847
-337834
-337820
-337820
-337787
-337778
-337764
-337762
-337759
-337754
-337749
-337737
-337736
-337732
-337729
-337700
-337648
-337643
-337620
-337595
-337586
-337586
-337585
-337549
-337525
-337524
-337450
-337449
-337449
-337423
-337417
-337406
-337398
-337344
-337332
-337330
-337328
-337301
-337269
-337266
-337222
-337212
-337198
-337172
-337163
-337142
-337123
-337112
-337041
-337035
-337035
-337035
-337030
-337025
-336984
-336936
-336906
-336901
-336882
-336873
-336861
-336851
-336814
-336813
-336807
-336791
-336777
-336753
-336750
-336716
-336708
-336698
-336679
-336675
-336666
-336664
-336663
-336663
-336661
-336654
-336632
-336626
-336612
-336604
-336567
-336549
-336548
-336526
-336519
-336506
-336502
-336445
-336436
-336435
-336434
-336425
-336418
-336407
-336391
-336385
-336379
-336371
-336340
-336323
-336304
-336300
-336297
-336261
-336258
-336227
-336221
-336184
-336178
-336149
-336128
-336087
-336065
-336061
-336047
-336031
-336006
-336004
-335980
-335957
-335945
-335923
-335915
-335912
-335848
-335802
-335797
-335777
-335752
-335748
-335742
-335728
-335714
-335711
-335662
-335656
-335592
-335591
-335584
-335579
-335561
-335558
-335535
-335529
-335520
-335476
-335427
-335417
-335411
-335375
-335371
-335368
-335360
-335343
-335340
-335339
-335336
-335336
-335310
-335303
-335288
-335257
-335253
-335221
-335213
-335210
-335169
-335167
-335160
-335150
-335138
-335128
-335092
-335091
-335081
-335073
-335073
-335034
-335007
-334996
-334950
-334907
-334858
-334836
-334829
-334803
-334796
-334784
-334750
-334739
-334720
-334717
-334702
-334698
-334686
-334664
-334645
-334639
-334603
-334592
-334588
-334547
-334544
-334542
-334505
-334470
-334418
-334378
-334368
-334341
-334339
-334333
-334333
-334309
-334296
-334276
-334271
-334242
-334210
-334207
-334179
-334144
-334141
-334094
-334087
-334054
-334045
-334025
-333994
-333991
-333943
-333928
-333902
-333899
-333862
-333853
-333849
-333836
-333819
-333807
-333796
-333764
-333763
-333752
-333747
-333747
-333697
-333691
-333644
-333639
-333568
-333559
-333550
-333537
-333524
-333511
-333501
-333487
-333475
-333474
-333472
-333463
-333447
-333446
-333434
-333419
-333419
-333412
-333385
-333375
-333353
-333352
-333314
-333270
-333194
-333174
-333147
-333147
-333099
-333054
-333033
-332979
-332888
-332882
-332869
-332866
-332823
-332798
-332767
-332760
-332750
-332740
-332716
-332703
-332702
-332688
-332678
-332648
-332642
-332629
-332623
-332615
-332578
-332545
-332485
-332478
-332447
-332441
-332416
-332376
-332337
-332331
-332328
-332314
-332312
-332274
-332273
-332191
-332184
-332182
-332179
-332175
-332152
-332127
-332124
-332107
-332104
-332088
-332045
-332009
-331989
-331981
-331908
-331839
-331821
-331817
-331786
-331764
-331732
-331731
-331722
-331688
-331679
-331679
-331662
-331655
-331629
-331615
-331574
-331560
-331557
-331511
-331478
-331464
-331453
-331451
-331434
-331406
-331403
-331383
-331334
-331332
-331311
-331309
-331300
-331295
-331293
-331290
-331289
-331270
-331266
-331264
-331242
-331237
-331234
-331193
-331172
-331152
-331118
-331099
-331093
-331075
-331025
-331022
-331007
-331000
-330974
-330953
-330943
-330936
-330934
-330931
-330925
-330903
-330849
-330822
-330810
-330803
-330802
-330795
-330794
-330784
-330707
-330703
-330673
-330653
-330651
-330618
-330615
-330597
-330568
-330496
-330493
-330488
-330443
-330353
-330327
-330298
-330277
-330230
-330217
-330207
-330181
-330163
-330160
-330152
-330151
-330148
-330143
-330137
-330131
-330120
-330074
-330063
-330047
-330020
-330004
-329972
-329963
-329941
-329933
-329932
-329912
-329907
-329898
-329896
-329880
-329860
-329821
-329778
-329778
-329742
-329718
-329717
-329715
-329708
-329706
-329696
-329678
-329605
-329584
-329582
-329536
-329502
-329502
-329477
-329463
-329444
-329365
-329352
-329345
-329333
-329324
-329323
-329289
-329247
-329196
-329165
-329127
-329102
-329098
-329088
-329084
-329053
-329044
-329036
-329027
-329015
-328993
-328976
-328950
-328937
-328932
-328898
-328895
-328884
-328877
-328817
-328814
-328790
-328781
-328717
-328709
-328683
-328677
-328649
-328644
-328596
-328558
-328550
-328507
-328502
-328441
-328432
-328419
-328414
-328395
-328385
-328365
-328359
-328329
-328318
-328287
-328268
-328260
-328234
-328217
-328203
-328199
-328163
-328139
-328130
-328121
-328086
-328076
-327988
-327924
-327917
-327911
-327909
-327893
-327881
-327874
-327799
-327793
-327779
-327746
-327701
-327678
-327659
-327634
-327628
-327626
-327614
-327611
-327566
-327537
-327536
-327517
-327512
-327506
-327494
-327481
-327475
-327473
-327467
-327455
-327349
-327323
-327318
-327317
-327301
-327274
-327253
-327251
-327249
-327248
-327190
-327166
-327161
-327149
-327146
-327144
-327138
-327055
-326989
-326929
-326890
-326883
-326870
-326866
-326854
-326852
-326844
-326790
-326771
-326768
-326753
-326685
-326652
-326634
-326632
-326600
-326588
-326580
-326566
-326558
-326546
-326527
-326526
-326523
-326517
-326489
-326477
-326459
-326459
-326436
-326403
-326400
-326392
-326383
-326367
-326299
-326288
-326280
-326276
-326272
-326214
-326186
-326181
-326139
-326120
-326110
-326061
-326044
-326039
-326035
-326016
-326016
-326001
-326000
-325987
-325955
-325947
-325943
-325926
-325907
-325897
-325853
-325851
-325847
-325839
-325814
-325805
-325782
-325773
-325741
-325739
-325738
-325722
-325712
-325653
-325619
-325602
-325561
-325543
-325541
-325536
-325534
-325513
-325506
-325492
-325490
-325490
-325476
-325415
-325351
-325349
-325307
-325300
-325273
-325240
-325172
-325140
-325140
-325136
-325136
-325093
-325085
-325083
-325074
-325025
-324999
-324943
-324893
-324888
-324877
-324865
-324832
-324778
-324765
-324757
-324744
-324729
-324716
-324693
-324676
-324625
-324617
-324593
-324568
-324567
-324533
-324486
-324486
-324484
-324477
-324468
-324458
-324439
-324431
-324423
-324421
-324399
-324396
-324375
-324347
-324345
-324333
-324326
-324323
-324315
-324304
-324283
-324281
-324195
-324162
-324145
-324099
-324071
-324063
-324053
-324049
-323962
-323885
-323876
-323863
-323839
-323834
-323833
-323830
-323816
-323783
-323770
-323759
-323702
-323682
-323676
-323652
-323650
-323649
-323636
-323577
-323564
-323543
-323533
-323470
-323414
-323406
-323341
-323334
-323326
-323323
-323295
-323264
-323261
-323246
-323220
-323183
-323181
-323160
-323125
-323118
-323078
-323024
-322983
-322976
-322973
-322908
-322869
-322840
-322823
-322821
-322812
-322806
-322769
-322762
-322761
-322756
-322738
-322723
-322699
-322697
-322666
-322666
-322625
-322619
-322612
-322549
-322546
-322502
-322429
-322378
-322362
-322344
-322329
-322328
-322305
-322303
-322291
-322248
-322246
-322239
-322224
-322152
-322128
-322121
-322104
-322086
-322084
-322074
-322060
-322059
-321996
-321947
-321941
-321924
-321885
-321876
-321862
-321855
-321844
-321835
-321831
-321733
-321732
-321732
-321721
-321718
-321708
-321687
-321647
-321593
-321587
-321549
-321547
-321546
-321516
-321480
-321443
-321440
-321439
-321400
-321397
-321380
-321372
-321371
-321349
-321341
-321335
-321330
-321305
-321301
-321283
-321259
-321258
-321247
-321240
-321228
-321225
-321223
-321205
-321180
-321166
-321119
-321118
-321113
-321097
-321034
-320991
-320967
-320958
-320926
-320873
-320869
-320820
-320807
-320805
-320797
-320791
-320767
-320760
-320758
-320758
-320737
-320736
-320719
-320704
-320694
-320682
-320678
-320663
-320649
-320637
-320600
-320598
-320530
-320454
-320406
-320386
-320347
-320343
-320320
-320317
-320312
-320281
-320269
-320259
-320244
-320210
-320205
-320204
-320202
-320157
-320123
-320109
-320104
-320098
-320086
-320080
-320071
-320011
-320007
-320007
-320000
-319992
-319983
-319961
-319950
-319939
-319914
-319912
-319899
-319886
-319882
-319866
-319853
-319840
-319839
-319738
-319729
-319703
-319697
-319686
-319676
-319666
-319643
-319642
-319619
-319601
-319575
-319552
-319544
-319542
-319529
-319505
-319455
-319453
-319396
-319374
-319361
-319321
-319295
-319145
-319127
-319116
-319110
-319101
-319085
-319080
-319076
-319057
-319042
-318987
-318978
-318957
-318955
-318937
-318931
-318908
-318849
-318830
-318807
-318792
-318726
-318684
-318661
-318631
-318614
-318591
-318577
-318557
-318517
-318487
-318485
-318477
-318465
-318392
-318388
-318383
-318375
-318345
-318326
-318312
-318305
-318303
-318299
-318273
-318258
-318246
-318240
-318224
-318210
-318207
-318165
-318162
-318153
-318152
-318151
-318139
-318114
-318088
-318069
-318024
-318006
-317981
-317977
-317968
-317953
-317928
-317926
-317907
-317901
-317883
-317866
-317790
-317789
-317777
-317741
-317726
-317716
-317699
-317694
-317684
-317661
-317616
-317603
-317603
-317594
-317560
-317555
-317536
-317520
-317479
-317441
-317434
-317420
-317392
-317366
-317343
-317326
-317322
-317321
-317291
-317273
-317258
-317258
-317231
-317190
-317184
-317169
-317151
-317100
-317099
-317083
-317080
-317076
-317071
-317027
-317015
-316996
-316959
-316926
-316918
-316889
-316881
-316834
-316823
-316815
-316811
-316789
-316769
-316687
-316662
-316657
-316653
-316632
-316630
-316587
-316461
-316460
-316445
-316398
-316386
-316381
-316358
-316344
-316320
-316311
-316309
-316295
-316293
-316287
-316193
-316166
-316141
-316126
-316118
-316116
-316008
-316001
-315993
-315993
-315991
-315984
-315972
-315969
-315944
-315944
-315940
-315935
-315915
-315904
-315889
-315860
-315818
-315786
-315775
-315768
-315758
-315742
-315734
-315656
-315654
-315632
-315628
-315612
-315562
-315560
-315533
-315484
-315465
-315432
-315431
-315407
-315401
-315398
-315386
-315347
-315310
-315261
-315252
-315219
-315216
-315205
-315102
-315030
-314970
-314955
-314937
-314892
-314889
-314887
-314864
-314834
-314829
-314809
-314806
-314804
-314795
-314792
-314732
-314730
-314724
-314714
-314693
-314693
-314671
-314616
-314611
-314610
-314583
-314568
-314537
-314523
-314498
-314486
-314434
-314402
-314385
-314382
-314366
-314358
-314291
-314248
-314235
-314216
-314200
-314187
-314158
-314119
-314103
-314082
-314056
-314044
-314028
-314018
-313989
-313983
-313951
-313895
-313874
-313859
-313836
-313823
-313776
-313773
-313740
-313728
-313726
-313724
-313724
-313709
-313669
-313663
-313640
-313639
-313606
-313566
-313551
-313526
-313521
-313469
-313461
-313455
-313449
-313446
-313419
-313419
-313418
-313360
-313353
-313345
-313338
-313332
-313298
-313291
-313263
-313258
-313243
-313240
-313236
-313188
-313170
-313164
-313161
-313130
-313127
-313119
-313072
-312979
-312952
-312914
-312909
-312907
-312907
-312882
-312813
-312740
-312737
-312703
-312680
-312675
-312661
-312633
-312583
-312579
-312577
-312572
-312554
-312550
-312516
-312514
-312510
-312506
-312496
-312486
-312473
-312412
-312410
-312388
-312355
-312315
-312301
-312296
-312296
-312285
-312265
-312259
-312248
-312248
-312242
-312239
-312221
-312186
-312175
-312150
-312138
-312125
-312117
-312114
-312100
-312063
-312049
-312028
-311993
-311986
-311978
-311972
-311943
-311927
-311906
-311899
-311894
-311878
-311836
-311831
-311784
-311778
-311775
-311767
-311754
-311708
-311706
-311689
-311652
-311635
-311624
-311615
-311614
-311592
-311587
-311511
-311496
-311488
-311470
-311464
-311400
-311385
-311367
-311346
-311301
-311290
-311258
-311253
-311248
-311231
-311228
-311198
-311178
-311150
-311137
-311118
-311056
-311042
-311038
-311029
-311025
-310999
-310973
-310958
-310957
-310950
-310884
-310847
-310839
-310823
-310810
-310810
-310794
-310791
-310749
-310745
-310710
-310706
-310679
-310665
-310658
-310623
-310602
-310596
-310581
-310561
-310551
-310520
-310463
-310448
-310428
-310412
-310365
-310335
-310323
-310307
-310298
-310287
-310275
-310269
-310258
-310232
-310217
-310211
-310209
-310204
-310178
-310172
-310098
-310095
-310075
-310052
-310050
-310035
-310032
-310027
-310022
-310016
-310007
-309892
-309879
-309867
-309860
-309845
-309788
-309751
-309748
-309710
-309700
-309697
-309690
-309668
-309617
-309600
-309589
-309521
-309511
-309494
-309481
-309479
-309456
-309446
-309424
-309392
-309363
-309338
-309335
-309314
-309268
-309242
-309239
-309204
-309202
-309200
-309198
-309189
-309145
-309145
-309109
-309068
-309056
-309053
-309001
-308991
-308984
-308983
-308981
-308980
-308968
-308915
-308898
-308889
-308872
-308872
-308862
-308857
-308814
-308802
-308769
-308768
-308766
-308765
-308760
-308721
-308676
-308631
-308619
-308563
-308552
-308484
-308460
-308438
-308422
-308415
-308403
-308344
-308335
-308314
-308271
-308263
-308219
-308194
-308184
-308171
-308133
-308111
-308109
-308109
-308087
-308070
-308015
-307976
-307962
-307932
-307904
-307896
-307891
-307803
-307752
-307725
-307682
-307665
-307651
-307627
-307593
-307503
-307496
-307462
-307451
-307374
-307359
-307358
-307320
-307319
-307304
-307303
-307272
-307255
-307245
-307186
-307178
-307132
-307118
-307085
-307067
-307056
-307046
-307043
-307037
-307037
-307001
-306990
-306946
-306902
-306890
-306889
-306886
-306852
-306846
-306841
-306801
-306784
-306725
-306716
-306698
-306636
-306598
-306537
-306527
-306478
-306454
-306424
-306422
-306420
-306389
-306377
-306355
-306307
-306291
-306265
-306251
-306247
-306240
-306238
-306199
-306193
-306178
-306137
-306126
-306083
-306043
-306040
-306030
-306002
-305989
-305989
-305981
-305953
-305911
-305878
-305868
-305825
-305708
-305699
-305672
-305672
-305667
-305654
-305646
-305638
-305632
-305619
-305552
-305477
-305471
-305463
-305451
-305436
-305433
-305424
-305407
-305403
-305379
-305378
-305370
-305370
-305368
-305366
-305355
-305344
-305340
-305328
-305327
-305315
-305272
-305237
-305234
-305228
-305184
-305156
-305133
-305102
-305093
-305068
-305059
-305034
-305005
-304982
-304976
-304953
-304893
-304890
-304887
-304836
-304794
-304793
-304791
-304762
-304761
-304740
-304646
-304644
-304604
-304540
-304516
-304510
-304507
-304476
-304450
-304442
-304426
-304420
-304391
-304389
-304348
-304299
-304283
-304277
-304277
-304265
-304262
-304227
-304188
-304178
-304174
-304165
-304163
-304154
-304127
-304115
-304099
-303993
-303979
-303979
-303979
-303922
-303921
-303890
-303871
-303848
-303810
-303805
-303795
-303748
-303743
-303740
-303731
-303727
-303711
-303691
-303677
-303659
-303659
-303614
-303559
-303555
-303551
-303544
-303527
-303521
-303519
-303489
-303478
-303423
-303410
-303402
-303398
-303393
-303392
-303387
-303342
-303323
-303317
-303312
-303293
-303276
-303243
-303240
-303231
-303192
-303184
-303166
-303158
-303151
-303144
-303128
-303112
-303110
-303100
-303082
-303026
-303013
-303012
-302995
-302940
-302934
-302926
-302921
-302888
-302885
-302884
-302868
-302814
-302811
-302782
-302758
-302746
-302705
-302692
-302668
-302659
-302654
-302627
-302612
-302603
-302576
-302576
-302556
-302547
-302536
-302528
-302506
-302487
-302460
-302441
-302408
-302359
-302306
-302283
-302282
-302277
-302249
-302216
-302215
-302212
-302186
-302185
-302183
-302180
-302176
-302155
-302154
-302142
-302137
-302121
-302117
-302103
-302080
-302075
-301994
-301993
-301978
-301971
-301933
-301930
-301891
-301879
-301877
-301873
-301862
-301825
-301802
-301802
-301801
-301795
-301774
-301749
-301722
-301702
-301698
-301695
-301659
-301656
-301630
-301591
-301571
-301492
-301491
-301485
-301461
-301446
-301445
-301393
-301389
-301387
-301356
-301332
-301315
-301225
-301195
-301180
-301130
-301089
-301070
-301056
-301041
-300972
-300968
-300954
-300940
-300939
-300927
-300913
-300887
-300879
-300867
-300855
-300788
-300768
-300759
-300753
-300744
-300714
-300714
-300714
-300688
-300679
-300655
-300640
-300638
-300633
-300583
-300582
-300582
-300576
-300538
-300502
-300471
-300411
-300406
-300394
-300393
-300383
-300371
-300206
-300134
-300122
-300121
-300104
-300078
-300076
-300063
-300047
-300025
-300008
-300002
-299993
-299961
-299942
-299914
-299902
-299893
-299890
-299838
-299814
-299814
-299773
-299738
-299736
-299725
-299722
-299696
-299695
-299692
-299633
-299615
-299593
-299579
-299565
-299543
-299536
-299476
-299466
-299459
-299436
-299409
-299395
-299387
-299375
-299269
-299253
-299252
-299239
-299222
-299213
-299202
-299178
-299176
-299168
-299154
-299108
-299105
-299085
-299032
-298980
-298977
-298975
-298963
-298921
-298899
-298894
-298884
-298812
-298757
-298753
-298728
-298716
-298709
-298657
-298624
-298610
-298563
-298504
-298455
-298449
-298432
-298384
-298377
-298357
-298341
-298313
-298312
-298283
-298279
-298257
-298237
-298212
-298185
-298178
-298119
-298119
-298101
-298080
-298075
-298064
-298055
-298042
-298037
-297995
-297990
-297979
-297964
-297962
-297945
-297935
-297921
-297912
-297899
-297870
-297862
-297844
-297843
-297835
-297792
-297791
-297779
-297754
-297745
-297725
-297703
-297692
-297677
-297657
-297577
-297570
-297568
-297566
-297553
-297544
-297532
-297525
-297521
-297507
-297469
-297462
-297447
-297397
-297381
-297356
-297346
-297342
-297304
-297290
-297265
-297210
-297197
-297102
-297096
-297086
-297068
-296990
-296973
-296966
-296961
-296960
-296954
-296949
-296919
-296914
-296913
-296909
-296907
-296878
-296872
-296866
-296838
-296744
-296741
-296723
-296657
-296640
-296639
-296602
-296557
-296549
-296548
-296543
-296543
-296539
-296528
-296505
-296503
-296502
-296433
-296376
-296335
-296317
-296305
-296301
-296284
-296282
-296272
-296266
-296244
-296235
-296233
-296231
-296224
-296215
-296183
-296180
-296163
-296158
-296141
-296134
-296094
-296091
-296071
-296056
-296018
-296000
-295990
-295983
-295969
-295942
-295928
-295901
-295819
-295785
-295772
-295769
-295735
-295687
-295664
-295651
-295597
-295593
-295545
-295530
-295485
-295480
-295473
-295423
-295422
-295418
-295395
-295375
-295320
-295310
-295269
-295242
-295218
-295188
-295185
-295177
-295174
-295150
-295144
-295120
-295107
-295090
-295055
-295047
-295026
-295025
-294983
-294982
-294978
-294935
-294906
-294889
-294883
-294877
-294861
-294857
-294845
-294830
-294827
-294812
-294808
-294786
-294713
-294709
-294694
-294694
-294654
-294649
-294647
-294632
-294602
-294598
-294593
-294579
-294547
-294542
-294539
-294462
-294428
-294391
-294377
-294332
-294320
-294309
-294304
-294291
-294251
-294177
-294167
-294165
-294165
-294153
-294138
-294128
-294094
-294088
-294027
-293995
-293995
-293993
-293981
-293973
-293959
-293936
-293906
-293862
-293835
-293815
-293787
-293785
-293752
-293737
-293732
-293717
-293711
-293651
-293638
-293637
-293634
-293589
-293566
-293543
-293526
-293519
-293503
-293494
-293469
-293432
-293409
-293380
-293327
-293316
-293314
-293314
-293295
-293272
-293264
-293248
-293223
-293206
-293201
-293189
-293136
-293125
-293048
-293018
-293007
-292969
-292947
-292909
-292907
-292907
-292854
-292837
-292832
-292784
-292783
-292772
-292760
-292748
-292733
-292721
-292712
-292705
-292676
-292653
-292651
-292615
-292534
-292530
-292520
-292516
-292512
-292508
-292501
-292485
-292452
-292445
-292429
-292417
-292408
-292391
-292388
-292387
-292375
-292330
-292315
-292307
-292289
-292279
-292231
-292186
-292176
-292174
-292156
-292154
-292142
-292102
-292094
-292091
-292079
-292074
-291970
-291957
-291884
-291860
-291848
-291833
-291803
-291801
-291778
-291762
-291724
-291699
-291680
-291663
-291643
-291643
-291625
-291600
-291554
-291541
-291541
-291539
-291487
-291471
-291461
-291450
-291447
-291443
-291411
-291361
-291355
-291338
-291328
-291322
-291294
-291230
-291211
-291183
-291169
-291150
-291140
-291138
-291136
-291127
-291125
-291105
-291092
-291051
-291051
-291049
-291004
-290953
-290944
-290859
-290800
-290734
-290696
-290599
-290594
-290571
-290569
-290510
-290468
-290467
-290449
-290443
-290432
-290412
-290410
-290390
-290377
-290368
-290349
-290341
-290327
-290317
-290302
-290292
-290291
-290276
-290247
-290237
-290212
-290183
-290102
-290092
-290074
-290014
-290013
-290006
-289939
-289938
-289879
-289876
-289793
-289767
-289757
-289752
-289740
-289707
-289668
-289660
-289634
-289619
-289603
-289550
-289530
-289523
-289467
-289452
-289448
-289422
-289398
-289302
-289237
-289228
-289219
-289189
-289164
-289035
-289034
-289012
-288988
-288959
-288949
-288947
-288939
-288919
-288917
-288899
-288828
-288764
-288755
-288740
-288738
-288737
-288694
-288690
-288668
-288655
-288636
-288615
-288570
-288525
-288501
-288501
-288442
-288410
-288390
-288358
-288353
-288314
-288259
-288251
-288227
-288224
-288189
-288189
-288144
-288096
-288060
-288060
-288058
-288044
-288020
-288017
-288006
-287985
-287959
-287946
-287945
-287934
-287911
-287892
-287891
-287847
-287820
-287795
-287788
-287769
-287759
-287741
-287671
-287657
-287643
-287596
-287586
-287556
-287548
-287522
-287491
-287485
-287457
-287437
-287406
-287405
-287374
-287373
-287372
-287345
-287340
-287318
-287317
-287315
-287257
-287244
-287230
-287214
-287211
-287203
-287203
-287183
-287118
-287105
-287077
-287061
-287042
-286988
-286975
-286973
-286966
-286941
-286871
-286832
-286769
-286708
-286702
-286670
-286621
-286615
-286601
-286601
-286586
-286563
-286560
-286554
-286550
-286549
-286527
-286519
-286503
-286481
-286435
-286431
-286431
-286428
-286427
-286385
-286375
-286370
-286351
-286302
-286285
-286282
-286262
-286235
-286208
-286186
-286159
-286146
-286035
-285975
-285931
-285916
-285884
-285864
-285815
-285787
-285786
-285775
-285773
-285758
-285748
-285668
-285665
-285603
-285579
-285569
-285562
-285534
-285526
-285430
-285427
-285413
-285412
-285385
-285375
-285350
-285343
-285339
-285333
-285324
-285312
-285260
-285258
-285254
-285248
-285210
-285189
-285180
-285172
-285142
-285128
-285113
-285111
-285039
-285010
-284984
-284964
-284931
-284907
-284893
-284889
-284871
-284862
-284848
-284808
-284785
-284784
-284777
-284769
-284760
-284736
-284720
-284719
-284718
-284715
-284697
-284695
-284639
-284612
-284595
-284592
-284543
-284509
-284502
-284476
-284439
-284425
-284421
-284416
-284405
-284403
-284402
-284379
-284340
-284338
-284321
-284314
-284314
-284291
-284253
-284252
-284249
-284247
-284243
-284204
-284184
-284159
-284127
-284122
-284113
-284087
-284068
-284037
-283985
-283975
-283954
-283931
-283909
-283881
-283841
-283816
-283794
-283782
-283742
-283737
-283733
-283717
-283712
-283710
-283705
-283678
-283658
-283656
-283654
-283613
-283605
-283527
-283498
-283497
-283467
-283464
-283445
-283398
-283388
-283356
-283328
-283291
-283269
-283231
-283228
-283228
-283208
-283196
-283123
-283106
-283083
-283079
-283057
-283041
-283025
-282997
-282944
-282916
-282914
-282903
-282887
-282875
-282835
-282833
-282823
-282799
-282750
-282750
-282745
-282712
-282709
-282701
-282685
-282668
-282660
-282641
-282638
-282573
-282540
-282525
-282487
-282416
-282382
-282366
-282351
-282342
-282323
-282318
-282276
-282188
-282186
-282115
-282112
-282107
-282107
-282103
-282097
-282082
-282070
-282044
-282026
-281979
-281947
-281943
-281917
-281905
-281884
-281840
-281829
-281826
-281809
-281787
-281764
-281757
-281755
-281726
-281725
-281698
-281683
-281672
-281654
-281641
-281624
-281583
-281577
-281538
-281531
-281516
-281462
-281445
-281445
-281442
-281440
-281436
-281391
-281340
-281332
-281323
-281322
-281319
-281308
-281302
-281298
-281295
-281224
-281208
-281137
-281096
-281073
-281037
-281036
-280955
-280950
-280943
-280895
-280859
-280818
-280710
-280673
-280660
-280625
-280621
-280620
-280619
-280585
-280583
-280563
-280545
-280476
-280466
-280454
-280428
-280397
-280395
-280388
-280370
-280364
-280344
-280344
-280307
-280272
-280270
-280233
-280214
-280171
-280166
-280106
-280099
-280096
-280073
-280048
-280046
-280041
-280015
-279992
-279975
-279961
-279944
-279941
-279936
-279932
-279880
-279843
-279803
-279779
-279722
-279712
-279689
-279686
-279675
-279645
-279639
-279611
-279565
-279536
-279517
-279478
-279422
-279408
-279370
-279356
-279315
-279309
-279245
-279219
-279141
-279136
-279111
-279092
-279075
-279044
-279036
-279036
-279004
-278999
-278959
-278803
-278797
-278796
-278783
-278770
-278760
-278756
-278744
-278742
-278725
-278723
-278690
-278642
-278626
-278612
-278607
-278601
-278555
-278549
-278543
-278512
-278447
-278421
-278402
-278370
-278363
-278360
-278328
-278281
-278243
-278075
-278063
-278057
-278035
-278032
-277997
-277985
-277983
-277962
-277901
-277875
-277845
-277842
-277822
-277815
-277786
-277768
-277757
-277712
-277698
-277698
-277696
-277679
-277670
-277627
-277624
-277619
-277607
-277558
-277545
-277524
-277508
-277508
-277417
-277378
-277343
-277337
-277308
-277292
-277255
-277241
-277221
-277185
-277143
-277134
-277112
-277111
-277034
-277004
-277002
-276998
-276973
-276972
-276958
-276940
-276940
-276935
-276925
-276924
-276912
-276905
-276902
-276887
-276860
-276806
-276766
-276732
-276703
-276686
-276674
-276649
-276643
-276640
-276633
-276612
-276602
-276561
-276560
-276523
-276507
-276507
-276474
-276462
-276448
-276424
-276419
-276405
-276370
-276356
-276327
-276282
-276268
-276257
-276255
-276243
-276189
-276161
-276161
-276135
-276082
-276065
-276040
-275984
-275967
-275962
-275959
-275937
-275921
-275915
-275905
-275897
-275889
-275859
-275851
-275788
-275787
-275768
-275756
-275754
-275714
-275711
-275705
-275626
-275550
-275548
-275537
-275536
-275525
-275469
-275457
-275420
-275372
-275359
-275353
-275329
-275318
-275273
-275252
-275241
-275206
-275197
-275186
-275178
-275173
-275172
-275150
-275134
-275120
-275059
-275054
-275014
-275005
-274997
-274994
-274975
-274957
-274934
-274923
-274899
-274871
-274865
-274858
-274845
-274831
-274816
-274810
-274805
-274804
-274797
-274771
-274759
-274745
-274745
-274683
-274643
-274637
-274574
-274561
-274541
-274514
-274505
-274439
-274419
-274398
-274307
-274288
-274243
-274228
-274199
-274199
-274191
-274165
-274164
-274131
-274110
-274108
-274078
-274051
-274021
-274011
-273990
-273989
-273957
-273957
-273947
-273933
-273932
-273922
-273916
-273898
-273898
-273893
-273843
-273763
-273747
-273746
-273732
-273696
-273671
-273627
-273622
-273614
-273604
-273592
-273564
-273561
-273556
-273536
-273519
-273491
-273489
-273487
-273481
-273475
-273474
-273457
-273448
-273441
-273426
-273381
-273321
-273259
-273216
-273206
-273135
-273128
-273125
-273059
-273055
-273022
-272998
-272994
-272988
-272982
-272979
-272973
-272938
-272901
-272871
-272853
-272836
-272810
-272791
-272726
-272714
-272671
-272670
-272663
-272650
-272639
-272632
-272612
-272606
-272595
-272536
-272500
-272495
-272471
-272467
-272451
-272433
-272390
-272366
-272338
-272327
-272312
-272303
-272277
-272270
-272267
-272264
-272252
-272245
-272241
-272228
-272170
-272063
-272044
-271982
-271966
-271930
-271924
-271916
-271901
-271877
-271851
-271817
-271755
-271711
-271706
-271699
-271686
-271650
-271645
-271627
-271626
-271599
-271594
-271594
-271551
-271548
-271544
-271526
-271511
-271491
-271454
-271452
-271441
-271422
-271403
-271398
-271396
-271374
-271297
-271297
-271265
-271213
-271208
-271172
-271160
-271127
-271100
-271097
-271051
-271023
-271008
-270901
-270901
-270876
-270824
-270806
-270796
-270795
-270788
-270761
-270727
-270703
-270699
-270682
-270673
-270668
-270664
-270616
-270613
-270605
-270597
-270574
-270560
-270535
-270510
-270482
-270470
-270451
-270406
-270360
-270325
-270318
-270312
-270288
-270269
-270267
-270251
-270229
-270222
-270219
-270208
-270202
-270161
-270136
-270130
-270114
-270096
-270093
-270083
-270061
-270057
-270032
-270027
-270003
-269936
-269894
-269883
-269877
-269874
-269855
-269846
-269801
-269770
-269740
-269714
-269700
-269699
-269623
-269599
-269594
-269566
-269559
-269550
-269503
-269496
-269493
-269480
-269434
-269426
-269398
-269368
-269367
-269272
-269263
-269262
-269248
-269217
-269216
-269204
-269181
-269180
-269173
-269162
-269143
-269134
-269131
-269118
-269039
-268978
-268973
-268940
-268928
-268919
-268827
-268822
-268815
-268804
-268796
-268792
-268783
-268772
-268740
-268732
-268723
-268695
-268663
-268644
-268630
-268617
-268602
-268597
-268589
-268519
-268517
-268516
-268507
-268497
-268463
-268442
-268434
-268423
-268408
-268389
-268383
-268348
-268333
-268307
-268304
-268280
-268237
-268196
-268146
-268132
-268115
-268097
-268060
-267993
-267953
-267921
-267918
-267883
-267880
-267840
-267838
-267818
-267768
-267766
-267739
-267730
-267715
-267698
-267698
-267682
-267637
-267636
-267615
-267603
-267579
-267576
-267570
-267562
-267549
-267540
-267532
-267513
-267491
-267486
-267472
-267437
-267414
-267384
-267375
-267349
-267321
-267290
-267286
-267273
-267259
-267252
-267234
-267211
-267211
-267185
-267179
-267168
-267158
-267114
-267105
-267100
-267079
-267063
-267034
-267027
-267013
-266962
-266944
-266880
-266842
-266840
-266813
-266738
-266738
-266706
-266682
-266661
-266618
-266569
-266540
-266501
-266480
-266475
-266475
-266435
-266421
-266406
-266396
-266347
-266322
-266321
-266303
-266286
-266282
-266269
-266267
-266240
-266183
-266120
-266094
-266093
-266066
-266049
-266035
-266008
-265999
-265970
-265955
-265927
-265915
-265912
-265900
-265863
-265863
-265844
-265840
-265817
-265807
-265792
-265782
-265752
-265748
-265738
-265736
-265685
-265667
-265644
-265623
-265613
-265613
-265593
-265590
-265561
-265530
-265522
-265522
-265485
-265473
-265422
-265410
-265407
-265367
-265328
-265236
-265233
-265201
-265181
-265115
-265111
-265106
-265089
-265081
-265081
-265080
-265077
-265076
-265069
-265066
-265056
-265048
-265036
-265021
-265005
-265002
-264999
-264985
-264943
-264923
-264921
-264809
-264801
-264795
-264795
-264781
-264765
-264754
-264722
-264721
-264701
-264691
-264682
-264663
-264651
-264638
-264625
-264624
-264608
-264603
-264541
-264493
-264472
-264469
-264460
-264448
-264412
-264412
-264367
-264349
-264328
-264326
-264297
-264282
-264264
-264237
-264231
-264212
-264212
-264208
-264178
-264164
-264162
-264095
-264073
-264064
-264004
-263985
-263982
-263892
-263862
-263848
-263848
-263842
-263809
-263792
-263783
-263757
-263749
-263739
-263712
-263657
-263649
-263648
-263639
-263622
-263618
-263595
-263540
-263510
-263445
-263416
-263402
-263385
-263344
-263336
-263316
-263314
-263272
-263224
-263222
-263221
-263206
-263192
-263139
-263106
-263106
-263104
-263057
-263017
-262997
-262975
-262975
-262967
-262962
-262953
-262935
-262928
-262879
-262864
-262835
-262823
-262770
-262715
-262687
-262687
-262684
-262655
-262632
-262604
-262601
-262564
-262562
-262561
-262534
-262490
-262488
-262477
-262472
-262404
-262384
-262349
-262337
-262325
-262313
-262311
-262290
-262230
-262194
-262153
-262135
-262127
-262104
-262093
-262068
-262062
-261972
-261971
-261938
-261936
-261909
-261906
-261881
-261823
-261813
-261800
-261775
-261770
-261761
-261711
-261684
-261681
-261672
-261669
-261651
-261641
-261632
-261615
-261589
-261577
-261574
-261542
-261541
-261538
-261490
-261451
-261422
-261378
-261352
-261347
-261331
-261327
-261297
-261269
-261265
-261235
-261214
-261210
-261200
-261172
-261172
-261171
-261165
-261152
-261146
-261126
-261092
-261052
-261035
-260984
-260977
-260925
-260923
-260911
-260874
-260858
-260852
-260811
-260779
-260705
-260678
-260662
-260643
-260612
-260611
-260558
-260546
-260534
-260512
-260491
-260460
-260441
-260428
-260421
-260416
-260386
-260375
-260357
-260348
-260333
-260282
-260267
-260263
-260236
-260230
-260218
-260209
-260197
-260161
-260157
-260109
-260100
-260096
-260092
-260075
-260071
-260020
-260016
-259965
-259946
-259932
-259929
-259911
-259888
-259885
-259871
-259856
-259845
-259843
-259804
-259802
-259768
-259704
-259688
-259669
-259663
-259656
-259654
-259640
-259638
-259633
-259620
-259612
-259608
-259566
-259556
-259475
-259445
-259436
-259429
-259425
-259395
-259365
-259290
-259281
-259271
-259258
-259215
-259201
-259190
-259175
-259154
-259151
-259138
-259088
-259070
-259069
-258986
-258975
-258969
-258961
-258957
-258943
-258942
-258925
-258923
-258907
-258804
-258791
-258790
-258726
-258713
-258698
-258695
-258615
-258570
-258524
-258517
-258514
-258507
-258482
-258477
-258459
-258454
-258447
-258419
-258417
-258398
-258384
-258347
-258297
-258291
-258262
-258236
-258205
-258204
-258191
-258185
-258176
-258174
-258149
-258134
-258115
-258098
-258062
-258056
-258021
-258015
-257933
-257921
-257903
-257837
-257834
-257825
-257812
-257808
-257790
-257787
-257774
-257764
-257733
-257683
-257655
-257620
-257583
-257526
-257512
-257507
-257486
-257480
-257463
-257442
-257436
-257417
-257391
-257386
-257352
-257346
-257334
-257293
-257289
-257273
-257258
-257217
-257207
-257202
-257189
-257172
-257143
-257133
-257129
-257085
-257083
-257052
-257049
-257036
-256887
-256886
-256849
-256846
-256839
-256833
-256822
-256813
-256802
-256746
-256701
-256699
-256675
-256656
-256649
-256645
-256582
-256561
-256552
-256527
-256515
-256514
-256470
-256469
-256447
-256442
-256419
-256408
-256398
-256385
-256366
-256358
-256305
-256277
-256269
-256267
-256266
-256264
-256257
-256209
-256165
-256144
-256129
-256129
-256125
-256113
-256110
-256106
-256091
-256087
-256070
-256063
-256058
-256053
-256037
-255986
-255972
-255969
-255930
-255887
-255882
-255863
-255826
-255825
-255802
-255780
-255766
-255754
-255752
-255741
-255728
-255719
-255714
-255711
-255688
-255668
-255637
-255614
-255609
-255599
-255534
-255532
-255494
-255476
-255455
-255451
-255448
-255373
-255337
-255330
-255323
-255311
-255298
-255245
-255228
-255197
-255196
-255151
-255144
-255137
-255105
-255104
-255096
-255063
-255050
-255042
-255041
-255037
-255033
-255008
-254993
-254991
-254991
-254987
-254983
-254978
-254973
-254948
-254916
-254877
-254817
-254808
-254798
-254684
-254683
-254627
-254623
-254606
-254576
-254565
-254557
-254533
-254507
-254488
-254484
-254476
-254475
-254469
-254445
-254444
-254437
-254431
-254425
-254401
-254356
-254318
-254315
-254298
-254297
-254289
-254251
-254193
-254152
-254092
-254082
-254071
-254069
-254064
-254062
-254060
-254042
-254038
-254019
-254018
-254011
-253997
-253996
-253975
-253946
-253907
-253892
-253883
-253873
-253840
-253808
-253793
-253788
-253754
-253723
-253719
-253717
-253648
-253647
-253643
-253636
-253622
-253617
-253614
-253602
-253597
-253588
-253586
-253578
-253572
-253567
-253562
-253548
-253547
-253541
-253480
-253477
-253442
-253436
-253434
-253398
-253395
-253365
-253363
-253359
-253340
-253340
-253336
-253288
-253279
-253253
-253252
-253230
-253226
-253226
-253211
-253209
-253166
-253163
-253162
-253151
-253151
-253134
-253084
-253081
-253079
-253056
-253025
-253017
-252992
-252978
-252976
-252942
-252911
-252878
-252855
-252756
-252751
-252750
-252745
-252745
-252728
-252700
-252697
-252690
-252682
-252652
-252633
-252604
-252538
-252518
-252513
-252511
-252473
-252422
-252405
-252366
-252347
-252337
-252299
-252299
-252274
-252251
-252236
-252231
-252221
-252171
-252132
-252117
-252116
-252102
-252095
-252062
-251964
-251955
-251953
-251939
-251937
-251936
-251928
-251922
-251901
-251876
-251839
-251801
-251796
-251745
-251740
-251739
-251704
-251694
-251639
-251638
-251594
-251544
-251538
-251496
-251465
-251450
-251429
-251418
-251402
-251380
-251366
-251326
-251319
-251314
-251274
-251225
-251213
-251184
-251176
-251139
-251128
-251102
-251078
-251071
-251067
-251023
-250990
-250983
-250952
-250950
-250950
-250929
-250865
-250852
-250852
-250841
-250838
-250805
-250802
-250786
-250761
-250755
-250738
-250737
-250709
-250699
-250698
-250694
-250686
-250663
-250654
-250649
-250636
-250631
-250598
-250596
-250595
-250561
-250561
-250557
-250516
-250474
-250464
-250456
-250437
-250412
-250371
-250365
-250365
-250359
-250343
-250334
-250284
-250270
-250225
-250223
-250136
-250124
-250109
-250087
-250086
-250075
-250074
-250063
-249953
-249952
-249921
-249914
-249906
-249898
-249884
-249873
-249837
-249814
-249811
-249776
-249758
-249751
-249743
-249659
-249627
-249618
-249592
-249547
-249544
-249538
-249497
-249496
-249495
-249471
-249462
-249452
-249424
-249422
-249402
-249372
-249370
-249364
-249363
-249355
-249315
-249303
-249281
-249263
-249238
-249236
-249216
-249165
-249164
-249159
-249123
-249112
-249110
-249070
-249040
-249030
-249019
-249016
-248976
-248973
-248931
-248919
-248890
-248888
-248883
-248869
-248854
-248845
-248832
-248829
-248795
-248758
-248724
-248661
-248639
-248613
-248610
-248594
-248593
-248585
-248500
-248485
-248456
-248452
-248446
-248445
-248443
-248398
-248370
-248232
-248187
-248169
-248151
-248139
-248137
-248066
-248047
-248042
-248040
-248027
-248025
-248009
-248003
-247999
-247995
-247992
-247977
-247954
-247948
-247923
-247901
-247842
-247824
-247796
-247790
-247759
-247739
-247723
-247690
-247672
-247662
-247656
-247651
-247648
-247630
-247602
-247580
-247575
-247560
-247554
-247539
-247507
-247506
-247497
-247457
-247455
-247453
-247416
-247391
-247369
-247333
-247317
-247310
-247273
-247251
-247222
-247205
-247188
-247165
-247124
-247094
-247093
-247083
-247063
-247038
-247030
-247016
-247003
-246983
-246978
-246938
-246899
-246898
-246872
-246847
-246831
-246824
-246812
-246797
-246787
-246784
-246783
-246781
-246759
-246747
-246697
-246695
-246691
-246677
-246673
-246659
-246652
-246618
-246612
-246574
-246570
-246525
-246515
-246491
-246484
-246483
-246454
-246453
-246436
-246431
-246420
-246410
-246395
-246379
-246359
-246338
-246320
-246298
-246291
-246247
-246236
-246233
-246227
-246194
-246185
-246168
-246152
-246138
-246137
-246125
-246124
-246072
-246071
-246069
-246065
-246059
-246055
-246042
-246025
-246009
-245998
-245979
-245974
-245958
-245947
-245947
-245944
-245930
-245925
-245900
-245898
-245893
-245865
-245860
-245839
-245834
-245832
-245815
-245788
-245755
-245741
-245737
-245736
-245652
-245599
-245544
-245540
-245500
-245487
-245479
-245403
-245369
-245365
-245348
-245320
-245302
-245274
-245264
-245244
-245219
-245218
-245212
-245210
-245190
-245172
-245170
-245166
-245123
-245091
-245078
-245076
-245057
-245052
-245021
-245012
-245002
-244989
-244981
-244941
-244917
-244916
-244886
-244881
-244864
-244864
-244850
-244829
-244815
-244785
-244777
-244766
-244746
-244741
-244733
-244716
-244659
-244651
-244642
-244624
-244598
-244586
-244585
-244553
-244533
-244498
-244440
-244440
-244414
-244409
-244393
-244363
-244331
-244266
-244230
-244223
-244181
-244138
-244123
-244117
-244108
-244073
-244052
-244051
-244028
-243982
-243967
-243945
-243934
-243914
-243907
-243897
-243893
-243889
-243835
-243827
-243769
-243742
-243713
-243703
-243678
-243609
-243608
-243605
-243597
-243579
-243579
-243570
-243563
-243549
-243527
-243523
-243499
-243455
-243400
-243361
-243360
-243351
-243346
-243326
-243276
-243245
-243215
-243208
-243167
-243123
-243114
-243089
-243047
-243041
-243031
-243028
-243027
-243026
-243016
-243014
-242992
-242977
-242975
-242961
-242960
-242955
-242907
-242901
-242864
-242764
-242755
-242750
-242748
-242744
-242730
-242728
-242708
-242684
-242678
-242614
-242592
-242587
-242568
-242546
-242524
-242516
-242489
-242465
-242459
-242443
-242386
-242379
-242377
-242353
-242337
-242323
-242317
-242311
-242300
-242280
-242253
-242252
-242246
-242239
-242177
-242172
-242135
-242133
-242124
-242052
-242036
-242016
-242011
-242010
-241988
-241984
-241958
-241946
-241944
-241942
-241896
-241848
-241845
-241841
-241831
-241828
-241823
-241790
-241732
-241721
-241697
-241690
-241617
-241545
-241542
-241533
-241525
-241459
-241452
-241449
-241445
-241441
-241433
-241426
-241417
-241371
-241354
-241347
-241288
-241287
-241259
-241256
-241245
-241239
-241238
-241231
-241227
-241226
-241217
-241169
-241161
-241159
-241157
-241154
-241148
-241136
-241120
-241091
-241082
-241048
-241017
-240990
-240974
-240967
-240921
-240899
-240890
-240863
-240847
-240797
-240781
-240780
-240774
-240753
-240732
-240724
-240694
-240686
-240666
-240651
-240559
-240547
-240502
-240448
-240447
-240390
-240381
-240314
-240299
-240286
-240262
-240243
-240232
-240222
-240218
-240186
-240152
-240139
-240082
-240077
-240073
-240042
-239994
-239988
-239973
-239970
-239965
-239945
-239944
-239915
-239909
-239832
-239820
-239807
-239794
-239776
-239651
-239647
-239643
-239617
-239551
-239509
-239493
-239486
-239412
-239404
-239396
-239346
-239328
-239280
-239280
-239270
-239251
-239238
-239210
-239197
-239181
-239166
-239161
-239155
-239152
-239134
-239129
-239114
-239047
-239042
-239042
-239039
-239003
-239001
-239001
-238955
-238951
-238950
-238921
-238916
-238899
-238883
-238874
-238819
-238816
-238773
-238763
-238741
-238737
-238720
-238687
-238656
-238653
-238632
-238624
-238607
-238578
-238563
-238509
-238508
-238484
-238462
-238415
-238380
-238327
-238305
-238290
-238283
-238243
-238234
-238226
-238221
-238139
-238132
-238125
-238087
-238085
-238074
-238059
-238057
-238055
-238043
-238041
-238013
-238009
-238002
-237993
-237955
-237936
-237924
-237922
-237895
-237877
-237778
-237765
-237763
-237752
-237750
-237740
-237723
-237695
-237689
-237661
-237639
-237617
-237569
-237568
-237566
-237562
-237402
-237357
-237349
-237295
-237194
-237164
-237126
-237123
-237116
-237094
-237088
-237074
-237051
-237034
-237018
-236980
-236971
-236896
-236796
-236790
-236777
-236774
-236770
-236764
-236756
-236736
-236713
-236698
-236696
-236653
-236631
-236624
-236614
-236588
-236581
-236577
-236569
-236553
-236542
-236536
-236507
-236500
-236479
-236465
-236457
-236456
-236444
-236428
-236394
-236386
-236377
-236330
-236300
-236253
-236221
-236216
-236160
-236141
-236088
-236083
-236080
-236070
-236055
-236047
-236001
-235900
-235899
-235899
-235879
-235877
-235849
-235828
-235809
-235786
-235752
-235685
-235676
-235649
-235632
-235626
-235615
-235606
-235596
-235596
-235595
-235579
-235570
-235539
-235496
-235482
-235471
-235459
-235457
-235449
-235413
-235395
-235383
-235370
-235213
-235205
-235194
-235180
-235142
-235125
-235111
-235043
-235015
-235011
-234991
-234976
-234975
-234966
-234961
-234944
-234932
-234930
-234925
-234917
-234913
-234865
-234860
-234815
-234807
-234779
-234720
-234719
-234669
-234651
-234639
-234593
-234582
-234572
-234534
-234519
-234493
-234474
-234427
-234393
-234388
-234388
-234334
-234319
-234283
-234260
-234259
-234238
-234237
-234232
-234211
-234196
-234194
-234173
-234160
-234135
-234133
-234131
-234091
-234083
-234070
-234061
-234045
-234043
-234003
-233965
-233945
-233935
-233875
-233827
-233827
-233792
-233791
-233787
-233770
-233758
-233750
-233731
-233727
-233723
-233707
-233696
-233691
-233683
-233668
-233655
-233605
-233583
-233563
-233563
-233557
-233546
-233538
-233525
-233522
-233513
-233501
-233490
-233485
-233437
-233434
-233422
-233418
-233398
-233357
-233348
-233299
-233276
-233240
-233222
-233221
-233203
-233197
-233184
-233182
-233115
-233101
-233038
-233035
-233022
-233008
-232981
-232887
-232881
-232851
-232850
-232804
-232783
-232777
-232705
-232697
-232678
-232673
-232663
-232655
-232612
-232612
-232575
-232545
-232529
-232477
-232430
-232380
-232374
-232328
-232321
-232284
-232283
-232282
-232281
-232266
-232240
-232238
-232226
-232216
-232169
-232162
-232151
-232073
-232010
-232008
-231995
-231984
-231948
-231912
-231905
-231905
-231900
-231887
-231730
-231719
-231717
-231715
-231703
-231700
-231697
-231650
-231613
-231603
-231575
-231539
-231524
-231520
-231474
-231463
-231462
-231427
-231425
-231345
-231320
-231310
-231286
-231263
-231168
-231133
-231125
-231122
-231116
-231107
-231088
-231069
-231047
-231039
-231030
-231026
-230995
-230985
-230963
-230940
-230884
-230873
-230867
-230854
-230851
-230832
-230828
-230825
-230814
-230804
-230798
-230787
-230781
-230772
-230769
-230758
-230744
-230721
-230720
-230713
-230703
-230662
-230660
-230632
-230600
-230542
-230489
-230471
-230453
-230413
-230401
-230380
-230365
-230333
-230325
-230321
-230291
-230287
-230284
-230273
-230263
-230248
-230214
-230202
-230193
-230189
-230181
-230123
-230089
-230085
-230077
-230041
-230007
-229995
-229969
-229950
-229915
-229913
-229869
-229840
-229819
-229812
-229804
-229793
-229781
-229776
-229770
-229764
-229746
-229731
-229698
-229690
-229685
-229679
-229628
-229582
-229568
-229458
-229438
-229406
-229400
-229381
-229357
-229346
-229339
-229333
-229329
-229264
-229173
-229155
-229153
-229137
-229116
-229097
-229088
-229068
-229059
-229045
-228993
-228981
-228934
-228925
-228896
-228870
-228861
-228853
-228851
-228846
-228830
-228823
-228783
-228763
-228759
-228729
-228727
-228707
-228703
-228687
-228647
-228622
-228591
-228552
-228543
-228539
-228492
-228482
-228428
-228405
-228385
-228382
-228369
-228360
-228333
-228330
-228322
-228269
-228261
-228260
-228247
-228224
-228174
-228165
-228089
-228073
-228060
-228031
-228006
-227978
-227901
-227845
-227833
-227819
-227793
-227773
-227734
-227721
-227664
-227607
-227574
-227572
-227550
-227525
-227508
-227471
-227468
-227464
-227461
-227398
-227397
-227385
-227381
-227304
-227294
-227287
-227286
-227279
-227267
-227250
-227245
-227234
-227221
-227187
-227186
-227184
-227175
-227140
-227135
-227131
-227122
-227122
-227119
-227110
-227065
-226990
-226981
-226973
-226959
-226880
-226866
-226826
-226789
-226719
-226681
-226679
-226670
-226663
-226623
-226617
-226604
-226593
-226501
-226474
-226466
-226455
-226449
-226435
-226391
-226365
-226346
-226342
-226338
-226320
-226315
-226270
-226270
-226265
-226227
-226223
-226197
-226183
-226176
-226156
-226155
-226141
-226134
-226125
-226084
-226074
-226072
-226062
-226060
-226054
-226041
-226033
-225999
-225983
-225978
-225938
-225927
-225911
-225832
-225831
-225829
-225820
-225797
-225784
-225753
-225723
-225717
-225712
-225696
-225665
-225660
-225651
-225650
-225649
-225644
-225641
-225638
-225609
-225594
-225593
-225585
-225535
-225513
-225482
-225475
-225458
-225452
-225398
-225394
-225392
-225352
-225345
-225337
-225327
-225309
-225309
-225307
-225280
-225274
-225261
-225261
-225241
-225222
-225201
-225199
-225198
-225176
-225034
-225028
-225000
-224990
-224977
-224970
-224963
-224953
-224943
-224939
-224907
-224907
-224904
-224881
-224841
-224797
-224746
-224674
-224671
-224655
-224630
-224613
-224587
-224572
-224520
-224514
-224483
-224478
-224427
-224410
-224390
-224380
-224379
-224341
-224336
-224326
-224316
-224303
-224295
-224275
-224259
-224242
-224233
-224144
-224120
-224118
-224105
-224094
-224082
-224060
-224038
-224024
-224000
-223998
-223974
-223915
-223895
-223848
-223825
-223819
-223777
-223774
-223764
-223722
-223693
-223687
-223669
-223664
-223607
-223577
-223563
-223548
-223537
-223532
-223529
-223422
-223396
-223384
-223381
-223355
-223348
-223332
-223330
-223318
-223314
-223269
-223239
-223206
-223183
-223171
-223143
-223139
-223136
-223135
-223130
-223072
-223055
-223045
-223029
-223007
-223001
-222979
-222976
-222957
-222912
-222900
-222898
-222835
-222806
-222781
-222773
-222761
-222753
-222743
-222743
-222735
-222709
-222684
-222680
-222624
-222616
-222608
-222573
-222518
-222509
-222488
-222412
-222375
-222351
-222341
-222296
-222292
-222238
-222196
-222178
-222164
-222124
-222103
-222073
-222061
-222057
-222014
-222012
-221990
-221980
-221973
-221964
-221953
-221934
-221858
-221853
-221836
-221828
-221825
-221738
-221707
-221654
-221645
-221638
-221595
-221586
-221563
-221526
-221514
-221495
-221424
-221400
-221316
-221304
-221288
-221280
-221265
-221231
-221227
-221197
-221187
-221180
-221172
-221162
-221154
-221145
-221127
-221111
-221104
-221056
-221053
-221045
-221030
-221000
-220994
-220992
-220985
-220982
-220959
-220922
-220904
-220855
-220848
-220831
-220826
-220819
-220806
-220755
-220737
-220711
-220708
-220698
-220697
-220682
-220676
-220666
-220663
-220655
-220634
-220623
-220587
-220549
-220548
-220522
-220513
-220470
-220451
-220439
-220435
-220432
-220428
-220420
-220399
-220386
-220385
-220377
-220368
-220351
-220348
-220342
-220340
-220338
-220259
-220253
-220196
-220155
-220106
-220094
-220084
-220055
-220012
-219958
-219945
-219932
-219924
-219907
-219905
-219885
-219884
-219874
-219823
-219740
-219739
-219644
-219638
-219630
-219628
-219622
-219619
-219560
-219551
-219528
-219515
-219506
-219483
-219439
-219432
-219430
-219383
-219365
-219356
-219285
-219280
-219275
-219267
-219262
-219243
-219219
-219214
-219199
-219195
-219194
-219175
-219167
-219154
-219076
-219000
-218992
-218962
-218851
-218846
-218800
-218763
-218752
-218733
-218718
-218694
-218691
-218640
-218638
-218628
-218626
-218606
-218590
-218584
-218578
-218471
-218415
-218400
-218379
-218362
-218337
-218334
-218315
-218302
-218269
-218261
-218245
-218219
-218214
-218212
-218111
-218092
-218078
-218063
-218045
-218040
-218025
-217993
-217987
-217984
-217983
-217976
-217969
-217959
-217954
-217932
-217919
-217854
-217848
-217821
-217818
-217812
-217782
-217778
-217761
-217750
-217749
-217741
-217696
-217668
-217660
-217642
-217635
-217630
-217620
-217610
-217580
-217553
-217431
-217402
-217379
-217366
-217359
-217356
-217306
-217260
-217219
-217179
-217168
-217165
-217149
-217127
-217046
-217031
-217030
-216985
-216974
-216971
-216970
-216952
-216942
-216848
-216837
-216777
-216763
-216723
-216709
-216699
-216666
-216654
-216635
-216610
-216595
-216594
-216590
-216589
-216583
-216576
-216560
-216531
-216527
-216525
-216503
-216498
-216498
-216494
-216448
-216444
-216434
-216429
-216426
-216424
-216393
-216392
-216385
-216383
-216380
-216350
-216346
-216319
-216311
-216308
-216288
-216270
-216261
-216251
-216244
-216238
-216226
-216219
-216208
-216177
-216164
-216162
-216151
-216135
-216121
-216100
-216091
-216082
-216073
-216029
-216004
-215996
-215967
-215919
-215908
-215882
-215878
-215870
-215829
-215820
-215819
-215814
-215798
-215745
-215743
-215733
-215651
-215640
-215620
-215607
-215585
-215580
-215540
-215532
-215526
-215525
-215519
-215450
-215434
-215432
-215418
-215412
-215406
-215405
-215378
-215355
-215342
-215327
-215326
-215287
-215282
-215271
-215264
-215204
-215188
-215177
-215133
-215117
-215108
-215081
-215065
-215044
-215011
-214985
-214953
-214953
-214935
-214917
-214904
-214848
-214783
-214769
-214767
-214736
-214668
-214664
-214587
-214583
-214566
-214547
-214528
-214527
-214527
-214511
-214496
-214478
-214438
-214405
-214404
-214403
-214401
-214381
-214381
-214365
-214348
-214311
-214280
-214251
-214236
-214194
-214131
-214122
-214085
-214031
-213976
-213940
-213935
-213860
-213855
-213839
-213783
-213769
-213726
-213718
-213714
-213698
-213696
-213675
-213648
-213640
-213583
-213574
-213558
-213551
-213548
-213541
-213510
-213495
-213491
-213483
-213474
-213454
-213440
-213424
-213419
-213409
-213368
-213311
-213289
-213278
-213266
-213246
-213238
-213234
-213168
-213147
-213124
-213046
-213022
-213014
-212986
-212924
-212900
-212893
-212835
-212792
-212780
-212778
-212760
-212759
-212758
-212736
-212719
-212704
-212656
-212632
-212592
-212562
-212518
-212517
-212509
-212496
-212483
-212468
-212460
-212458
-212427
-212407
-212305
-212292
-212292
-212283
-212267
-212265
-212261
-212182
-212141
-212136
-212097
-212086
-212024
-212013
-211972
-211923
-211907
-211890
-211879
-211876
-211875
-211868
-211867
-211858
-211820
-211811
-211809
-211793
-211774
-211733
-211729
-211727
-211705
-211691
-211635
-211631
-211616
-211538
-211526
-211511
-211493
-211487
-211431
-211416
-211409
-211346
-211327
-211324
-211291
-211286
-211242
-211232
-211174
-211158
-211053
-211053
-211043
-211042
-211038
-211017
-211008
-210997
-210988
-210973
-210961
-210958
-210934
-210881
-210877
-210854
-210840
-210790
-210682
-210680
-210666
-210657
-210656
-210617
-210587
-210579
-210579
-210575
-210556
-210530
-210467
-210460
-210372
-210340
-210309
-210306
-210268
-210249
-210244
-210226
-210200
-210181
-210147
-210128
-210113
-210109
-210102
-210078
-210074
-210062
-210059
-210038
-210008
-209997
-209986
-209982
-209979
-209955
-209948
-209944
-209922
-209898
-209896
-209894
-209893
-209880
-209879
-209863
-209831
-209787
-209774
-209765
-209729
-209721
-209676
-209662
-209654
-209653
-209632
-209625
-209598
-209566
-209564
-209559
-209550
-209534
-209531
-209524
-209505
-209495
-209457
-209429
-209373
-209369
-209318
-209289
-209275
-209275
-209205
-209200
-209174
-209164
-209066
-209066
-209025
-209025
-208998
-208991
-208970
-208960
-208946
-208918
-208905
-208848
-208827
-208822
-208803
-208794
-208765
-208756
-208729
-208716
-208714
-208699
-208689
-208684
-208669
-208660
-208630
-208628
-208621
-208574
-208564
-208523
-208497
-208412
-208411
-208400
-208393
-208391
-208368
-208365
-208338
-208334
-208315
-208289
-208274
-208247
-208190
-208162
-208144
-208120
-208054
-208041
-208011
-208000
-208000
-207998
-207988
-207944
-207888
-207878
-207870
-207827
-207819
-207781
-207774
-207742
-207734
-207716
-207700
-207685
-207658
-207607
-207602
-207597
-207588
-207574
-207567
-207491
-207485
-207468
-207468
-207465
-207437
-207433
-207396
-207363
-207357
-207356
-207318
-207283
-207222
-207221
-207217
-207189
-207131
-207082
-207079
-207046
-207003
-207001
-206972
-206954
-206929
-206926
-206887
-206866
-206817
-206755
-206750
-206735
-206729
-206728
-206718
-206715
-206713
-206670
-206659
-206659
-206642
-206627
-206595
-206576
-206569
-206533
-206523
-206464
-206402
-206394
-206346
-206301
-206260
-206259
-206249
-206193
-206190
-206185
-206145
-206144
-206133
-206121
-206105
-206049
-206049
-206032
-205987
-205986
-205981
-205978
-205932
-205930
-205912
-205912
-205883
-205860
-205831
-205816
-205800
-205798
-205789
-205782
-205769
-205753
-205735
-205733
-205730
-205629
-205589
-205585
-205584
-205572
-205570
-205540
-205527
-205512
-205508
-205506
-205460
-205450
-205444
-205425
-205418
-205412
-205409
-205366
-205366
-205359
-205359
-205328
-205308
-205305
-205288
-205286
-205259
-205257
-205249
-205208
-205187
-205178
-205141
-205135
-205134
-205104
-205073
-205058
-205053
-205030
-204996
-204989
-204989
-204963
-204909
-204879
-204828
-204818
-204780
-204642
-204639
-204634
-204625
-204614
-204611
-204587
-204584
-204557
-204550
-204504
-204500
-204497
-204465
-204437
-204431
-204403
-204341
-204330
-204323
-204310
-204275
-204264
-204189
-204180
-204136
-204129
-204122
-204085
-204060
-204057
-204056
-204039
-204017
-204001
-203992
-203966
-203928
-203924
-203916
-203910
-203890
-203874
-203868
-203838
-203821
-203789
-203767
-203758
-203747
-203746
-203711
-203694
-203687
-203652
-203630
-203619
-203607
-203581
-203549
-203526
-203525
-203517
-203510
-203503
-203496
-203484
-203460
-203449
-203431
-203420
-203397
-203342
-203262
-203245
-203208
-203194
-203181
-203176
-203171
-203153
-203140
-203131
-203120
-203112
-202958
-202954
-202927
-202858
-202840
-202838
-202805
-202797
-202783
-202746
-202740
-202732
-202722
-202707
-202700
-202661
-202660
-202643
-202633
-202629
-202625
-202603
-202522
-202516
-202497
-202469
-202457
-202449
-202443
-202416
-202339
-202307
-202291
-202278
-202231
-202227
-202217
-202209
-202205
-202188
-202112
-202070
-202061
-202048
-202007
-201946
-201944
-201942
-201904
-201898
-201805
-201775
-201769
-201759
-201716
-201655
-201654
-201618
-201597
-201589
-201571
-201570
-201543
-201486
-201476
-201454
-201452
-201432
-201417
-201348
-201304
-201301
-201292
-201281
-201277
-201274
-201274
-201265
-201258
-201251
-201226
-201224
-201148
-201137
-201135
-201122
-201104
-201058
-200983
-200960
-200932
-200900
-200885
-200874
-200867
-200862
-200832
-200810
-200804
-200798
-200793
-200773
-200764
-200749
-200717
-200672
-200656
-200650
-200640
-200635
-200602
-200601
-200599
-200580
-200577
-200548
-200424
-200403
-200359
-200345
-200316
-200302
-200281
-200270
-200266
-200241
-200214
-200213
-200207
-200195
-200183
-200164
-200073
-200060
-200057
-200049
-200048
-200045
-200040
-200022
-200016
-199996
-199967
-199948
-199943
-199943
-199942
-199941
-199930
-199909
-199871
-199869
-199809
-199792
-199790
-199715
-199701
-199698
-199690
-199684
-199659
-199655
-199654
-199644
-199611
-199608
-199608
-199603
-199595
-199579
-199560
-199559
-199478
-199477
-199451
-199447
-199367
-199353
-199348
-199343
-199311
-199254
-199242
-199237
-199214
-199207
-199180
-199174
-199140
-199133
-199130
-199114
-199105
-199032
-199025
-199017
-198994
-198993
-198989
-198945
-198934
-198907
-198894
-198891
-198887
-198864
-198828
-198828
-198765
-198740
-198725
-198703
-198618
-198601
-198586
-198553
-198512
-198490
-198490
-198482
-198470
-198430
-198422
-198422
-198410
-198410
-198390
-198385
-198361
-198338
-198305
-198249
-198211
-198195
-198194
-198193
-198191
-198187
-198180
-198180
-198178
-198153
-198132
-198115
-198106
-198097
-198097
-197987
-197976
-197937
-197929
-197928
-197895
-197873
-197867
-197867
-197853
-197852
-197837
-197835
-197823
-197810
-197802
-197728
-197727
-197702
-197692
-197683
-197682
-197680
-197598
-197584
-197577
-197575
-197533
-197518
-197470
-197459
-197437
-197435
-197404
-197316
-197274
-197258
-197193
-197184
-197126
-197126
-197102
-197086
-197062
-197001
-196957
-196899
-196894
-196792
-196784
-196754
-196744
-196728
-196718
-196661
-196631
-196562
-196480
-196464
-196451
-196422
-196402
-196385
-196375
-196367
-196335
-196296
-196284
-196279
-196270
-196258
-196254
-196246
-196209
-196195
-196187
-196177
-196126
-196122
-196109
-196095
-196089
-196088
-196069
-196057
-196056
-196029
-196014
-195981
-195906
-195905
-195903
-195862
-195850
-195846
-195820
-195813
-195807
-195776
-195746
-195710
-195700
-195693
-195627
-195617
-195607
-195603
-195595
-195590
-195588
-195565
-195549
-195512
-195496
-195482
-195443
-195424
-195410
-195382
-195365
-195318
-195308
-195302
-195296
-195278
-195276
-195266
-195230
-195193
-195156
-195114
-195107
-195100
-195094
-195092
-195079
-195065
-195049
-195021
-195013
-194974
-194944
-194932
-194914
-194908
-194908
-194887
-194873
-194869
-194865
-194826
-194805
-194788
-194751
-194728
-194681
-194675
-194651
-194625
-194620
-194610
-194578
-194563
-194523
-194522
-194490
-194476
-194450
-194433
-194407
-194379
-194378
-194358
-194347
-194318
-194308
-194287
-194285
-194267
-194238
-194227
-194216
-194180
-194144
-194135
-194115
-194095
-194077
-194055
-194018
-194000
-193987
-193956
-193950
-193943
-193943
-193923
-193906
-193886
-193877
-193850
-193789
-193782
-193728
-193706
-193695
-193688
-193686
-193676
-193675
-193666
-193650
-193648
-193642
-193633
-193628
-193581
-193541
-193527
-193519
-193511
-193478
-193464
-193449
-193447
-193425
-193413
-193412
-193393
-193387
-193347
-193341
-193335
-193297
-193285
-193276
-193273
-193270
-193264
-193259
-193231
-193212
-193199
-193172
-193171
-193153
-193134
-193128
-193088
-193084
-193031
-193016
-193014
-193005
-192987
-192976
-192968
-192963
-192960
-192956
-192888
-192886
-192840
-192816
-192784
-192761
-192756
-192741
-192735
-192722
-192705
-192692
-192684
-192678
-192643
-192628
-192622
-192567
-192559
-192537
-192531
-192521
-192509
-192484
-192444
-192423
-192388
-192379
-192325
-192320
-192301
-192270
-192256
-192235
-192232
-192227
-192175
-192166
-192160
-192120
-192116
-192077
-192076
-192073
-192054
-192029
-192010
-192001
-191988
-191956
-191953
-191897
-191876
-191876
-191844
-191786
-191784
-191783
-191752
-191659
-191655
-191650
-191647
-191617
-191594
-191563
-191538
-191518
-191498
-191497
-191492
-191421
-191409
-191385
-191382
-191377
-191365
-191365
-191330
-191323
-191306
-191292
-191276
-191257
-191256
-191252
-191219
-191204
-191190
-191151
-191095
-191093
-191079
-191075
-191038
-190972
-190962
-190942
-190932
-190916
-190910
-190889
-190888
-190869
-190865
-190864
-190862
-190830
-190827
-190780
-190728
-190706
-190697
-190595
-190565
-190564
-190552
-190527
-190511
-190464
-190461
-190441
-190383
-190374
-190345
-190339
-190329
-190326
-190317
-190272
-190269
-190260
-190258
-190242
-190226
-190220
-190218
-190205
-190181
-190153
-190123
-190122
-190110
-190096
-190095
-190034
-190001
-189990
-189918
-189903
-189890
-189852
-189847
-189835
-189790
-189788
-189731
-189709
-189705
-189692
-189689
-189678
-189648
-189626
-189597
-189597
-189562
-189522
-189516
-189489
-189482
-189477
-189449
-189433
-189417
-189410
-189336
-189299
-189269
-189252
-189249
-189246
-189245
-189192
-189187
-189177
-189175
-189169
-189166
-189162
-189144
-189066
-189039
-189034
-189015
-189004
-188980
-188977
-188909
-188904
-188855
-188841
-188818
-188805
-188782
-188781
-188772
-188766
-188733
-188696
-188679
-188661
-188655
-188650
-188643
-188632
-188629
-188624
-188595
-188575
-188519
-188463
-188447
-188444
-188439
-188411
-188401
-188380
-188377
-188375
-188366
-188361
-188310
-188307
-188296
-188294
-188229
-188212
-188203
-188167
-188150
-188124
-188107
-188103
-188078
-188074
-188062
-188051
-188012
-188009
-187998
-187993
-187981
-187975
-187952
-187932
-187919
-187915
-187901
-187900
-187882
-187880
-187833
-187825
-187799
-187797
-187789
-187740
-187738
-187682
-187682
-187671
-187631
-187552
-187532
-187518
-187489
-187440
-187426
-187425
-187411
-187404
-187400
-187339
-187312
-187302
-187290
-187289
-187286
-187176
-187168
-187122
-187119
-187027
-187025
-187008
-186999
-186972
-186971
-186956
-186954
-186952
-186951
-186944
-186907
-186882
-186846
-186822
-186817
-186799
-186782
-186771
-186741
-186736
-186732
-186725
-186723
-186714
-186693
-186690
-186617
-186588
-186543
-186524
-186486
-186480
-186441
-186435
-186399
-186389
-186349
-186321
-186311
-186301
-186300
-186295
-186294
-186277
-186267
-186228
-186225
-186172
-186162
-186151
-186137
-186135
-186115
-186112
-186105
-186097
-186029
-186028
-186021
-186008
-185997
-185996
-185979
-185956
-185951
-185950
-185933
-185918
-185909
-185904
-185899
-185849
-185848
-185812
-185776
-185760
-185736
-185729
-185726
-185721
-185713
-185711
-185674
-185640
-185636
-185636
-185587
-185570
-185560
-185538
-185493
-185492
-185475
-185467
-185452
-185446
-185442
-185431
-185426
-185404
-185400
-185392
-185390
-185379
-185374
-185368
-185367
-185363
-185329
-185279
-185277
-185204
-185179
-185175
-185174
-185099
-185096
-185064
-185028
-184965
-184920
-184908
-184855
-184836
-184833
-184808
-184789
-184777
-184742
-184742
-184741
-184728
-184727
-184703
-184678
-184677
-184672
-184662
-184585
-184585
-184564
-184554
-184548
-184517
-184510
-184506
-184492
-184480
-184472
-184461
-184454
-184446
-184419
-184412
-184400
-184398
-184396
-184347
-184347
-184330
-184257
-184230
-184215
-184211
-184182
-184167
-184160
-184147
-184119
-184114
-184114
-184108
-184103
-184097
-184089
-184082
-184057
-183948
-183924
-183871
-183855
-183847
-183825
-183719
-183698
-183686
-183656
-183636
-183634
-183619
-183591
-183586
-183571
-183563
-183537
-183505
-183501
-183501
-183459
-183456
-183448
-183434
-183420
-183405
-183392
-183367
-183319
-183308
-183258
-183241
-183236
-183151
-183149
-183144
-183139
-183125
-183074
-183056
-183032
-183007
-182954
-182927
-182912
-182897
-182895
-182856
-182854
-182843
-182824
-182804
-182804
-182799
-182793
-182764
-182759
-182753
-182735
-182706
-182696
-182676
-182661
-182645
-182643
-182623
-182588
-182572
-182556
-182532
-182512
-182506
-182485
-182474
-182448
-182434
-182410
-182402
-182383
-182379
-182377
-182369
-182363
-182354
-182309
-182306
-182303
-182258
-182240
-182238
-182149
-182138
-182127
-182124
-182121
-182108
-182097
-182091
-182085
-182043
-182041
-182034
-182024
-182016
-181957
-181950
-181945
-181943
-181933
-181918
-181907
-181901
-181881
-181876
-181845
-181842
-181836
-181784
-181781
-181756
-181754
-181750
-181737
-181726
-181710
-181708
-181697
-181695
-181680
-181647
-181644
-181639
-181621
-181612
-181609
-181599
-181523
-181491
-181488
-181487
-181485
-181484
-181446
-181429
-181425
-181408
-181380
-181360
-181315
-181261
-181247
-181243
-181174
-181171
-181154
-181148
-181141
-181121
-181112
-181105
-181094
-181082
-181059
-181045
-181017
-180975
-180964
-180959
-180959
-180930
-180912
-180909
-180906
-180899
-180855
-180837
-180820
-180814
-180756
-180735
-180720
-180715
-180688
-180677
-180633
-180629
-180569
-180560
-180551
-180547
-180541
-180532
-180525
-180496
-180494
-180493
-180484
-180476
-180466
-180443
-180437
-180427
-180391
-180372
-180345
-180318
-180317
-180263
-180257
-180252
-180251
-180250
-180249
-180216
-180205
-180174
-180152
-180139
-180108
-180093
-180055
-180054
-180040
-180036
-180001
-179998
-179958
-179940
-179939
-179935
-179904
-179901
-179891
-179881
-179876
-179861
-179847
-179806
-179789
-179784
-179782
-179771
-179770
-179767
-179690
-179687
-179673
-179668
-179655
-179636
-179557
-179518
-179518
-179498
-179495
-179475
-179461
-179427
-179403
-179370
-179348
-179319
-179282
-179271
-179227
-179182
-179178
-179159
-179151
-179135
-179093
-179086
-179085
-179079
-179023
-179019
-179016
-178999
-178992
-178988
-178916
-178905
-178775
-178732
-178725
-178711
-178709
-178679
-178667
-178619
-178596
-178593
-178556
-178544
-178521
-178514
-178459
-178455
-178447
-178446
-178421
-178399
-178397
-178389
-178386
-178369
-178361
-178344
-178333
-178303
-178302
-178297
-178283
-178254
-178248
-178228
-178160
-178155
-178124
-178119
-178113
-178106
-178084
-178072
-178057
-178000
-177992
-177947
-177923
-177896
-177884
-177873
-177872
-177870
-177845
-177834
-177805
-177789
-177734
-177731
-177689
-177672
-177663
-177660
-177645
-177616
-177609
-177595
-177561
-177505
-177458
-177444
-177410
-177394
-177387
-177370
-177366
-177365
-177327
-177309
-177300
-177292
-177279
-177242
-177240
-177215
-177206
-177204
-177171
-177169
-177164
-177153
-177144
-177120
-177099
-177091
-177047
-177024
-177021
-176973
-176973
-176962
-176962
-176907
-176903
-176885
-176752
-176744
-176743
-176730
-176728
-176726
-176713
-176709
-176689
-176672
-176574
-176567
-176563
-176525
-176505
-176499
-176497
-176429
-176415
-176387
-176377
-176371
-176356
-176351
-176337
-176336
-176333
-176326
-176325
-176318
-176286
-176258
-176243
-176241
-176238
-176234
-176227
-176214
-176161
-176129
-176115
-176076
-176074
-175981
-175975
-175950
-175885
-175856
-175854
-175848
-175830
-175791
-175770
-175754
-175738
-175730
-175707
-175633
-175630
-175593
-175546
-175488
-175487
-175444
-175420
-175396
-175386
-175354
-175278
-175265
-175243
-175203
-175196
-175173
-175168
-175158
-175145
-175127
-175108
-175088
-175035
-175019
-175003
-174996
-174939
-174934
-174924
-174898
-174875
-174825
-174772
-174690
-174686
-174680
-174672
-174666
-174661
-174648
-174614
-174607
-174607
-174594
-174577
-174515
-174508
-174504
-174481
-174452
-174447
-174440
-174362
-174327
-174299
-174239
-174223
-174206
-174189
-174176
-174158
-174153
-174134
-174129
-174116
-173998
-173974
-173973
-173932
-173924
-173911
-173901
-173861
-173861
-173855
-173831
-173790
-173788
-173738
-173722
-173718
-173713
-173696
-173627
-173627
-173623
-173614
-173604
-173548
-173545
-173534
-173523
-173499
-173490
-173480
-173429
-173415
-173407
-173405
-173398
-173394
-173388
-173362
-173346
-173343
-173311
-173293
-173292
-173208
-173202
-173192
-173191
-173144
-173130
-173107
-173054
-173052
-173021
-173020
-173007
-173000
-172991
-172986
-172975
-172949
-172935
-172908
-172907
-172907
-172901
-172900
-172881
-172878
-172872
-172859
-172853
-172823
-172799
-172791
-172786
-172775
-172775
-172769
-172767
-172759
-172738
-172713
-172689
-172579
-172575
-172534
-172465
-172461
-172452
-172446
-172439
-172438
-172436
-172399
-172374
-172366
-172364
-172346
-172304
-172303
-172288
-172211
-172184
-172174
-172173
-172128
-172042
-172037
-172036
-172009
-171996
-171983
-171940
-171887
-171877
-171760
-171723
-171708
-171690
-171614
-171605
-171600
-171598
-171570
-171509
-171501
-171483
-171453
-171449
-171416
-171378
-171348
-171319
-171300
-171286
-171277
-171276
-171244
-171230
-171229
-171228
-171204
-171192
-171156
-171156
-171146
-171097
-171072
-171047
-171041
-171023
-171011
-171006
-171004
-170970
-170964
-170960
-170957
-170933
-170930
-170885
-170884
-170882
-170848
-170843
-170836
-170773
-170735
-170714
-170695
-170680
-170677
-170673
-170645
-170642
-170634
-170611
-170604
-170578
-170564
-170563
-170563
-170519
-170459
-170434
-170416
-170415
-170387
-170366
-170365
-170363
-170339
-170219
-170214
-170212
-170194
-170163
-170157
-170138
-170125
-170090
-170087
-170071
-170009
-169998
-169993
-169988
-169949
-169936
-169927
-169923
-169915
-169906
-169886
-169846
-169783
-169735
-169722
-169715
-169708
-169706
-169609
-169608
-169523
-169517
-169508
-169497
-169491
-169481
-169465
-169455
-169438
-169389
-169353
-169299
-169250
-169197
-169173
-169168
-169120
-169070
-169004
-169001
-168986
-168979
-168978
-168928
-168906
-168905
-168877
-168838
-168830
-168824
-168815
-168812
-168796
-168764
-168685
-168683
-168661
-168642
-168630
-168625
-168607
-168524
-168522
-168461
-168459
-168459
-168440
-168424
-168415
-168414
-168412
-168412
-168404
-168402
-168380
-168314
-168302
-168253
-168249
-168215
-168200
-168176
-168102
-168101
-168094
-168085
-168077
-168049
-168045
-168039
-168038
-168038
-168025
-168018
-168013
-168003
-167966
-167951
-167939
-167908
-167881
-167864
-167847
-167814
-167800
-167798
-167788
-167769
-167764
-167739
-167733
-167728
-167705
-167629
-167600
-167591
-167570
-167561
-167547
-167538
-167512
-167485
-167454
-167452
-167447
-167436
-167425
-167411
-167367
-167364
-167357
-167353
-167320
-167315
-167273
-167266
-167257
-167237
-167224
-167205
-167186
-167173
-167116
-167110
-167084
-167048
-167005
-166996
-166989
-166983
-166970
-166921
-166920
-166913
-166888
-166874
-166847
-166844
-166842
-166834
-166833
-166811
-166764
-166734
-166723
-166723
-166657
-166654
-166629
-166607
-166582
-166577
-166548
-166526
-166523
-166433
-166418
-166397
-166391
-166368
-166367
-166339
-166317
-166283
-166276
-166269
-166263
-166259
-166174
-166150
-166085
-166073
-166068
-166064
-166062
-166031
-166020
-166018
-166008
-165972
-165961
-165958
-165946
-165910
-165904
-165899
-165874
-165863
-165826
-165823
-165819
-165807
-165798
-165797
-165771
-165711
-165701
-165696
-165680
-165653
-165632
-165627
-165624
-165619
-165592
-165556
-165529
-165516
-165493
-165492
-165484
-165468
-165451
-165451
-165443
-165418
-165417
-165389
-165387
-165375
-165371
-165350
-165347
-165335
-165333
-165322
-165310
-165309
-165299
-165261
-165259
-165237
-165232
-165232
-165198
-165137
-165123
-165075
-165063
-165055
-165053
-165034
-165021
-165008
-164955
-164942
-164940
-164931
-164917
-164908
-164902
-164886
-164817
-164804
-164797
-164786
-164766
-164746
-164734
-164733
-164723
-164687
-164630
-164629
-164624
-164617
-164611
-164608
-164600
-164571
-164558
-164504
-164477
-164468
-164423
-164419
-164400
-164388
-164370
-164353
-164341
-164297
-164285
-164252
-164250
-164205
-164189
-164165
-164107
-164066
-164049
-164049
-164017
-164014
-164004
-163966
-163937
-163918
-163887
-163877
-163853
-163840
-163814
-163782
-163772
-163768
-163761
-163756
-163755
-163755
-163728
-163712
-163695
-163677
-163650
-163649
-163644
-163630
-163617
-163614
-163601
-163599
-163597
-163567
-163566
-163565
-163559
-163554
-163551
-163542
-163534
-163521
-163508
-163506
-163478
-163399
-163385
-163353
-163315
-163294
-163290
-163269
-163249
-163230
-163226
-163096
-163067
-163066
-163053
-163048
-163035
-163034
-163025
-163009
-163009
-162990
-162982
-162980
-162975
-162962
-162949
-162939
-162934
-162928
-162912
-162867
-162864
-162843
-162802
-162784
-162777
-162759
-162750
-162697
-162670
-162656
-162638
-162628
-162611
-162606
-162597
-162545
-162535
-162503
-162485
-162384
-162337
-162310
-162302
-162264
-162261
-162220
-162209
-162194
-162190
-162178
-162169
-162136
-162103
-162070
-162062
-162048
-161987
-161966
-161947
-161919
-161912
-161909
-161894
-161872
-161861
-161832
-161827
-161781
-161766
-161761
-161745
-161743
-161734
-161720
-161706
-161705
-161702
-161701
-161685
-161676
-161651
-161645
-161645
-161627
-161622
-161573
-161573
-161544
-161527
-161494
-161475
-161467
-161454
-161427
-161404
-161378
-161346
-161341
-161337
-161323
-161303
-161292
-161290
-161190
-161187
-161154
-161125
-161109
-161044
-161023
-160921
-160889
-160889
-160860
-160848
-160846
-160841
-160828
-160823
-160821
-160806
-160797
-160784
-160780
-160772
-160772
-160769
-160754
-160737
-160682
-160670
-160666
-160650
-160639
-160611
-160530
-160518
-160464
-160408
-160406
-160406
-160393
-160376
-160355
-160353
-160350
-160350
-160339
-160326
-160306
-160303
-160293
-160279
-160243
-160138
-160117
-160084
-160081
-160080
-160037
-160035
-160006
-159978
-159976
-159973
-159954
-159932
-159910
-159881
-159852
-159812
-159789
-159781
-159737
-159715
-159682
-159663
-159624
-159568
-159546
-159476
-159465
-159432
-159431
-159429
-159418
-159409
-159395
-159393
-159359
-159356
-159356
-159316
-159302
-159273
-159241
-159204
-159202
-159202
-159190
-159168
-159165
-159158
-159143
-159137
-159136
-159125
-159092
-159022
-158998
-158952
-158946
-158945
-158943
-158926
-158855
-158853
-158839
-158819
-158797
-158790
-158788
-158783
-158768
-158753
-158696
-158681
-158657
-158654
-158632
-158613
-158599
-158587
-158526
-158519
-158495
-158488
-158481
-158442
-158426
-158391
-158373
-158351
-158338
-158328
-158322
-158316
-158306
-158281
-158271
-158255
-158229
-158208
-158181
-158142
-158126
-158105
-158086
-158073
-158069
-158049
-158011
-157998
-157969
-157953
-157953
-157945
-157942
-157933
-157926
-157916
-157911
-157905
-157890
-157876
-157874
-157871
-157869
-157869
-157869
-157864
-157863
-157846
-157839
-157837
-157836
-157823
-157800
-157796
-157787
-157781
-157754
-157736
-157723
-157717
-157619
-157601
-157600
-157583
-157559
-157556
-157544
-157541
-157532
-157517
-157500
-157491
-157485
-157485
-157450
-157449
-157439
-157430
-157419
-157402
-157397
-157396
-157373
-157369
-157365
-157358
-157345
-157316
-157308
-157276
-157222
-157182
-157162
-157158
-157111
-157102
-157097
-157081
-157063
-157062
-157019
-157008
-156983
-156947
-156936
-156916
-156891
-156890
-156879
-156832
-156790
-156773
-156767
-156749
-156694
-156629
-156627
-156619
-156618
-156616
-156615
-156593
-156588
-156579
-156562
-156545
-156544
-156465
-156453
-156299
-156288
-156287
-156268
-156254
-156228
-156197
-156069
-156066
-156060
-156056
-156047
-156031
-156018
-156014
-155998
-155951
-155949
-155930
-155928
-155917
-155901
-155885
-155827
-155795
-155753
-155740
-155693
-155640
-155640
-155632
-155627
-155621
-155605
-155605
-155596
-155594
-155573
-155563
-155548
-155534
-155531
-155504
-155475
-155444
-155425
-155401
-155386
-155334
-155334
-155312
-155286
-155266
-155227
-155222
-155210
-155190
-155185
-155149
-155136
-155135
-155123
-155117
-155070
-155068
-155056
-155029
-155025
-155009
-155009
-154926
-154905
-154876
-154830
-154829
-154808
-154792
-154758
-154739
-154725
-154708
-154703
-154696
-154652
-154641
-154612
-154611
-154603
-154602
-154599
-154588
-154544
-154523
-154519
-154474
-154473
-154459
-154435
-154430
-154422
-154415
-154369
-154354
-154335
-154319
-154311
-154293
-154279
-154277
-154254
-154252
-154229
-154226
-154215
-154209
-154157
-154150
-154116
-154105
-154066
-154047
-153983
-153980
-153977
-153975
-153961
-153955
-153953
-153949
-153927
-153920
-153917
-153890
-153879
-153875
-153868
-153863
-153840
-153840
-153836
-153830
-153793
-153792
-153770
-153756
-153750
-153749
-153737
-153714
-153706
-153694
-153687
-153667
-153657
-153651
-153623
-153612
-153586
-153571
-153568
-153558
-153555
-153548
-153544
-153528
-153520
-153501
-153450
-153418
-153378
-153375
-153366
-153338
-153331
-153321
-153299
-153299
-153294
-153291
-153282
-153269
-153246
-153168
-153165
-153127
-153116
-153106
-153099
-153090
-153075
-153029
-152978
-152958
-152958
-152955
-152917
-152910
-152909
-152907
-152888
-152884
-152847
-152819
-152815
-152814
-152793
-152771
-152727
-152725
-152710
-152657
-152649
-152643
-152618
-152585
-152582
-152569
-152564
-152553
-152551
-152488
-152487
-152479
-152434
-152431
-152423
-152413
-152400
-152398
-152396
-152391
-152387
-152384
-152360
-152347
-152326
-152304
-152284
-152229
-152212
-152127
-152001
-151941
-151909
-151870
-151808
-151768
-151738
-151724
-151684
-151631
-151618
-151590
-151570
-151558
-151542
-151539
-151539
-151520
-151512
-151435
-151396
-151392
-151382
-151375
-151372
-151357
-151312
-151269
-151264
-151260
-151251
-151243
-151239
-151232
-151202
-151186
-151177
-151113
-151103
-151100
-151096
-151090
-151052
-151037
-150998
-150996
-150993
-150982
-150949
-150934
-150871
-150866
-150812
-150807
-150801
-150781
-150771
-150755
-150738
-150733
-150721
-150720
-150719
-150696
-150685
-150677
-150669
-150662
-150604
-150579
-150573
-150563
-150499
-150489
-150460
-150395
-150384
-150276
-150240
-150218
-150204
-150184
-150176
-150167
-150147
-150115
-150059
-150043
-150042
-150032
-150014
-149926
-149894
-149875
-149869
-149842
-149829
-149826
-149798
-149706
-149701
-149641
-149597
-149592
-149566
-149492
-149461
-149390
-149384
-149374
-149354
-149327
-149315
-149307
-149288
-149254
-149179
-149156
-149146
-149113
-149112
-149096
-149084
-149041
-149026
-149015
-148989
-148972
-148954
-148953
-148945
-148931
-148908
-148902
-148858
-148850
-148843
-148842
-148840
-148798
-148785
-148762
-148706
-148695
-148691
-148673
-148669
-148635
-148568
-148567
-148436
-148428
-148405
-148376
-148354
-148318
-148308
-148281
-148275
-148274
-148222
-148205
-148161
-148130
-148105
-148090
-148081
-148073
-148068
-148054
-148031
-148031
-148030
-147991
-147987
-147958
-147937
-147933
-147869
-147848
-147773
-147744
-147740
-147737
-147726
-147715
-147711
-147694
-147693
-147665
-147635
-147635
-147615
-147614
-147555
-147511
-147461
-147457
-147433
-147433
-147423
-147422
-147398
-147386
-147380
-147377
-147322
-147318
-147260
-147256
-147254
-147254
-147231
-147223
-147172
-147161
-147148
-147137
-147105
-147084
-147070
-147064
-147063
-147036
-146987
-146929
-146903
-146895
-146876
-146804
-146748
-146680
-146629
-146626
-146512
-146494
-146461
-146459
-146445
-146444
-146438
-146382
-146376
-146353
-146340
-146319
-146313
-146290
-146281
-146274
-146255
-146246
-146202
-146142
-146142
-146136
-146113
-146101
-146031
-146011
-145904
-145881
-145850
-145814
-145806
-145803
-145772
-145696
-145694
-145652
-145640
-145625
-145623
-145602
-145584
-145580
-145546
-145542
-145532
-145525
-145499
-145491
-145490
-145485
-145455
-145441
-145433
-145422
-145411
-145409
-145388
-145341
-145340
-145319
-145314
-145313
-145283
-145265
-145254
-145252
-145245
-145160
-145142
-145132
-145103
-145070
-145035
-145010
-144905
-144905
-144887
-144879
-144877
-144869
-144783
-144777
-144768
-144747
-144746
-144719
-144707
-144703
-144694
-144637
-144635
-144633
-144619
-144613
-144595
-144593
-144566
-144550
-144545
-144545
-144540
-144540
-144488
-144486
-144408
-144382
-144348
-144316
-144293
-144276
-144266
-144258
-144227
-144224
-144222
-144208
-144193
-144160
-144148
-144112
-144082
-144041
-144000
-143980
-143977
-143951
-143932
-143914
-143866
-143853
-143843
-143812
-143798
-143770
-143770
-143750
-143746
-143708
-143695
-143685
-143630
-143584
-143580
-143570
-143559
-143551
-143528
-143488
-143480
-143458
-143418
-143403
-143391
-143385
-143376
-143370
-143362
-143312
-143305
-143297
-143273
-143238
-143232
-143215
-143213
-143209
-143182
-143172
-143171
-143166
-143139
-143119
-143112
-143089
-143082
-143075
-143059
-143040
-143036
-142923
-142917
-142906
-142873
-142861
-142837
-142818
-142808
-142795
-142786
-142724
-142689
-142662
-142653
-142606
-142599
-142596
-142587
-142580
-142575
-142574
-142572
-142567
-142554
-142543
-142534
-142514
-142499
-142494
-142488
-142476
-142475
-142475
-142475
-142474
-142466
-142465
-142428
-142414
-142404
-142393
-142387
-142378
-142312
-142221
-142206
-142204
-142135
-142128
-142123
-142098
-142095
-142069
-142054
-142052
-142022
-142004
-141993
-141984
-141952
-141947
-141919
-141914
-141865
-141805
-141794
-141772
-141768
-141722
-141717
-141712
-141659
-141647
-141633
-141626
-141607
-141601
-141590
-141529
-141462
-141437
-141436
-141370
-141370
-141326
-141317
-141296
-141283
-141276
-141276
-141273
-141267
-141262
-141256
-141240
-141238
-141212
-141194
-141163
-141133
-141116
-141085
-141048
-141042
-141030
-141028
-141016
-141004
-141000
-140994
-140991
-140951
-140904
-140901
-140894
-140893
-140889
-140782
-140770
-140715
-140666
-140664
-140657
-140606
-140599
-140594
-140593
-140560
-140534
-140513
-140507
-140483
-140482
-140460
-140458
-140436
-140435
-140418
-140376
-140332
-140313
-140294
-140202
-140194
-140184
-140136
-140126
-140016
-140012
-140006
-139953
-139910
-139869
-139829
-139821
-139802
-139779
-139737
-139732
-139707
-139667
-139664
-139655
-139633
-139599
-139534
-139510
-139467
-139425
-139355
-139354
-139343
-139330
-139298
-139273
-139266
-139258
-139250
-139222
-139210
-139207
-139199
-139194
-139183
-139180
-139147
-139131
-139130
-139084
-139081
-139072
-139043
-139023
-139021
-139015
-139011
-139009
-138966
-138930
-138913
-138907
-138891
-138889
-138877
-138875
-138842
-138832
-138823
-138815
-138811
-138797
-138794
-138727
-138711
-138710
-138699
-138681
-138671
-138651
-138640
-138630
-138615
-138609
-138582
-138544
-138524
-138452
-138432
-138396
-138391
-138338
-138333
-138287
-138281
-138274
-138209
-138174
-138169
-138168
-138149
-138125
-138087
-138047
-137996
-137980
-137962
-137951
-137920
-137911
-137881
-137867
-137831
-137773
-137765
-137755
-137747
-137736
-137726
-137658
-137642
-137591
-137580
-137578
-137577
-137545
-137544
-137537
-137533
-137529
-137495
-137487
-137483
-137470
-137468
-137462
-137462
-137458
-137400
-137344
-137211
-137191
-137183
-137153
-137150
-137092
-137090
-137066
-137058
-137056
-137039
-137027
-137000
-136960
-136952
-136937
-136927
-136892
-136891
-136881
-136865
-136846
-136824
-136824
-136813
-136788
-136782
-136775
-136748
-136730
-136706
-136674
-136650
-136642
-136627
-136578
-136569
-136536
-136528
-136527
-136479
-136465
-136427
-136418
-136383
-136382
-136366
-136365
-136332
-136323
-136320
-136300
-136289
-136247
-136228
-136217
-136211
-136206
-136178
-136133
-136101
-136067
-136062
-136038
-136034
-136023
-135995
-135985
-135980
-135960
-135950
-135893
-135855
-135854
-135844
-135841
-135788
-135787
-135770
-135760
-135738
-135731
-135726
-135714
-135686
-135680
-135657
-135652
-135636
-135598
-135542
-135538
-135537
-135533
-135516
-135515
-135450
-135440
-135433
-135400
-135367
-135336
-135331
-135328
-135324
-135287
-135287
-135266
-135265
-135234
-135232
-135226
-135222
-135221
-135214
-135175
-135168
-135164
-135151
-135145
-135113
-135103
-135069
-135063
-135002
-134977
-134957
-134941
-134939
-134930
-134901
-134897
-134882
-134882
-134853
-134831
-134813
-134813
-134809
-134766
-134762
-134750
-134738
-134733
-134668
-134631
-134608
-134572
-134521
-134517
-134511
-134457
-134452
-134425
-134415
-134412
-134298
-134279
-134219
-134211
-134210
-134070
-134053
-134022
-134012
-133971
-133968
-133963
-133954
-133914
-133899
-133878
-133828
-133823
-133815
-133776
-133767
-133711
-133681
-133662
-133661
-133630
-133629
-133619
-133616
-133609
-133585
-133562
-133515
-133481
-133470
-133467
-133466
-133458
-133453
-133439
-133438
-133433
-133426
-133399
-133392
-133384
-133335
-133294
-133266
-133264
-133260
-133258
-133195
-133181
-133173
-133170
-133125
-133109
-133089
-133088
-133036
-133030
-133025
-133024
-133004
-132988
-132975
-132922
-132892
-132831
-132825
-132823
-132822
-132814
-132799
-132758
-132737
-132721
-132721
-132718
-132689
-132670
-132641
-132632
-132573
-132532
-132531
-132529
-132478
-132437
-132393
-132386
-132383
-132311
-132309
-132298
-132279
-132265
-132254
-132208
-132199
-132189
-132175
-132137
-132074
-132053
-132048
-132035
-132030
-132028
-132015
-131997
-131993
-131970
-131961
-131955
-131943
-131932
-131926
-131845
-131828
-131779
-131772
-131718
-131704
-131698
-131696
-131670
-131665
-131613
-131612
-131597
-131580
-131565
-131551
-131544
-131507
-131487
-131458
-131419
-131360
-131344
-131292
-131283
-131248
-131218
-131209
-131114
-131073
-131068
-131062
-131057
-131012
-130996
-130974
-130913
-130866
-130839
-130833
-130813
-130782
-130765
-130738
-130718
-130710
-130701
-130660
-130649
-130637
-130631
-130562
-130557
-130521
-130510
-130455
-130455
-130448
-130443
-130430
-130419
-130409
-130386
-130381
-130355
-130333
-130318
-130285
-130275
-130271
-130250
-130220
-130213
-130167
-130135
-130134
-130124
-130098
-130097
-130093
-130050
-130028
-130000
-129980
-129979
-129968
-129963
-129958
-129939
-129899
-129894
-129884
-129874
-129874
-129864
-129862
-129831
-129829
-129816
-129777
-129776
-129772
-129767
-129766
-129764
-129722
-129719
-129664
-129650
-129650
-129642
-129622
-129601
-129572
-129531
-129521
-129496
-129451
-129439
-129401
-129393
-129383
-129382
-129379
-129365
-129361
-129350
-129319
-129279
-129268
-129263
-129257
-129240
-129219
-129177
-129171
-129169
-129156
-129154
-129119
-129083
-129046
-129044
-129016
-129016
-129010
-128933
-128916
-128912
-128897
-128897
-128889
-128889
-128874
-128870
-128863
-128841
-128839
-128806
-128792
-128774
-128766
-128757
-128748
-128744
-128727
-128697
-128661
-128618
-128615
-128599
-128504
-128479
-128451
-128416
-128396
-128378
-128375
-128348
-128303
-128296
-128291
-128277
-128257
-128257
-128223
-128203
-128173
-128116
-128103
-128088
-128081
-128075
-128062
-128047
-128030
-128022
-128021
-127983
-127963
-127952
-127948
-127933
-127900
-127898
-127895
-127884
-127881
-127843
-127818
-127818
-127803
-127793
-127774
-127767
-127753
-127741
-127737
-127733
-127728
-127698
-127664
-127661
-127648
-127642
-127632
-127605
-127602
-127544
-127522
-127485
-127456
-127452
-127428
-127419
-127408
-127401
-127360
-127335
-127335
-127324
-127309
-127277
-127276
-127273
-127264
-127261
-127239
-127236
-127234
-127228
-127202
-127191
-127189
-127163
-127159
-127145
-127091
-127011
-126999
-126907
-126886
-126885
-126836
-126825
-126780
-126749
-126741
-126726
-126692
-126657
-126657
-126644
-126635
-126616
-126602
-126587
-126584
-126582
-126567
-126547
-126538
-126537
-126537
-126491
-126387
-126386
-126368
-126360
-126339
-126319
-126296
-126277
-126265
-126261
-126261
-126247
-126187
-126168
-126158
-126142
-126133
-126106
-126103
-126090
-126080
-126079
-126044
-126034
-125974
-125955
-125943
-125916
-125915
-125911
-125894
-125861
-125847
-125830
-125827
-125822
-125820
-125805
-125786
-125781
-125779
-125766
-125766
-125762
-125742
-125730
-125723
-125695
-125687
-125665
-125613
-125589
-125566
-125546
-125531
-125505
-125435
-125410
-125355
-125344
-125292
-125291
-125285
-125230
-125225
-125212
-125203
-125193
-125157
-125153
-125123
-125112
-125062
-125043
-124997
-124988
-124944
-124944
-124938
-124894
-124840
-124838
-124838
-124824
-124816
-124710
-124689
-124684
-124650
-124615
-124613
-124602
-124568
-124566
-124555
-124514
-124511
-124503
-124452
-124440
-124426
-124417
-124410
-124408
-124406
-124371
-124328
-124266
-124241
-124213
-124211
-124208
-124192
-124170
-124164
-124141
-124134
-124120
-124101
-124073
-124049
-124048
-124040
-124019
-123989
-123937
-123935
-123934
-123925
-123921
-123920
-123903
-123881
-123844
-123807
-123797
-123790
-123782
-123775
-123738
-123735
-123680
-123659
-123647
-123622
-123605
-123603
-123586
-123584
-123525
-123516
-123500
-123439
-123437
-123428
-123422
-123415
-123409
-123406
-123369
-123361
-123354
-123351
-123350
-123324
-123315
-123308
-123283
-123268
-123255
-123230
-123229
-123219
-123209
-123193
-123180
-123167
-123135
-123112
-123092
-123086
-123044
-123027
-123011
-122987
-122951
-122950
-122933
-122925
-122918
-122911
-122882
-122866
-122852
-122844
-122798
-122788
-122777
-122770
-122760
-122754
-122753
-122742
-122723
-122715
-122705
-122670
-122659
-122628
-122604
-122585
-122580
-122576
-122552
-122537
-122517
-122514
-122504
-122462
-122455
-122453
-122449
-122448
-122440
-122421
-122390
-122373
-122313
-122308
-122288
-122240
-122234
-122195
-122190
-122142
-122138
-122116
-122103
-122103
-122081
-122070
-121976
-121962
-121959
-121924
-121920
-121896
-121896
-121883
-121880
-121875
-121858
-121789
-121786
-121767
-121762
-121751
-121749
-121743
-121730
-121726
-121714
-121663
-121617
-121562
-121541
-121536
-121535
-121496
-121416
-121401
-121381
-121360
-121356
-121354
-121350
-121347
-121327
-121327
-121280
-121257
-121145
-121144
-121125
-121125
-121094
-121073
-121072
-121066
-121061
-121061
-121018
-121011
-121010
-121003
-120931
-120906
-120903
-120867
-120862
-120862
-120854
-120842
-120825
-120804
-120783
-120781
-120773
-120735
-120733
-120724
-120688
-120682
-120668
-120621
-120617
-120602
-120523
-120475
-120438
-120438
-120436
-120431
-120416
-120389
-120357
-120328
-120316
-120281
-120270
-120261
-120241
-120232
-120192
-120190
-120182
-120175
-120159
-120159
-120153
-120142
-120131
-120127
-120115
-120060
-120019
-119983
-119968
-119909
-119901
-119862
-119794
-119793
-119754
-119747
-119739
-119720
-119696
-119662
-119649
-119638
-119631
-119575
-119571
-119546
-119533
-119526
-119509
-119505
-119468
-119466
-119423
-119397
-119349
-119329
-119301
-119282
-119264
-119219
-119177
-119154
-119145
-119108
-119100
-119083
-119050
-119030
-119022
-119019
-118991
-118990
-118969
-118968
-118953
-118945
-118942
-118940
-118933
-118923
-118921
-118912
-118905
-118863
-118817
-118791
-118790
-118786
-118763
-118739
-118716
-118701
-118692
-118690
-118690
-118689
-118680
-118678
-118655
-118635
-118611
-118605
-118591
-118580
-118575
-118573
-118535
-118532
-118517
-118516
-118463
-118461
-118460
-118429
-118366
-118347
-118337
-118324
-118321
-118299
-118288
-118275
-118178
-118171
-118140
-118136
-118133
-118109
-118073
-118055
-118045
-118022
-118005
-117998
-117990
-117988
-117916
-117872
-117858
-117833
-117796
-117783
-117777
-117759
-117758
-117748
-117741
-117739
-117729
-117722
-117720
-117715
-117678
-117634
-117622
-117617
-117607
-117599
-117586
-117566
-117540
-117493
-117435
-117422
-117415
-117388
-117338
-117311
-117300
-117287
-117269
-117245
-117235
-117227
-117197
-117197
-117197
-117175
-117129
-117122
-117100
-117087
-117010
-117009
-117007
-117007
-116996
-116995
-116985
-116985
-116962
-116946
-116926
-116910
-116897
-116879
-116878
-116852
-116845
-116828
-116801
-116768
-116751
-116725
-116658
-116655
-116648
-116643
-116627
-116613
-116575
-116553
-116550
-116541
-116505
-116497
-116494
-116474
-116462
-116437
-116422
-116397
-116393
-116391
-116383
-116362
-116338
-116307
-116275
-116239
-116233
-116212
-116202
-116187
-116174
-116130
-116115
-116113
-116059
-116054
-116048
-116003
-115946
-115946
-115913
-115891
-115885
-115876
-115834
-115750
-115739
-115727
-115719
-115718
-115707
-115696
-115669
-115645
-115634
-115611
-115594
-115594
-115593
-115591
-115554
-115551
-115508
-115505
-115500
-115485
-115461
-115460
-115447
-115443
-115438
-115416
-115413
-115386
-115372
-115364
-115351
-115347
-115306
-115304
-115279
-115275
-115261
-115225
-115223
-115223
-115211
-115211
-115207
-115207
-115189
-115154
-115132
-115119
-115056
-115055
-115019
-114997
-114991
-114935
-114935
-114913
-114877
-114862
-114759
-114747
-114715
-114681
-114674
-114669
-114669
-114652
-114595
-114549
-114522
-114507
-114504
-114484
-114474
-114431
-114419
-114399
-114377
-114377
-114376
-114363
-114351
-114336
-114301
-114292
-114280
-114235
-114225
-114176
-114150
-114149
-114146
-114100
-114094
-114042
-114041
-114006
-113996
-113965
-113923
-113894
-113884
-113830
-113818
-113817
-113788
-113779
-113764
-113764
-113760
-113754
-113735
-113711
-113659
-113657
-113651
-113594
-113580
-113538
-113512
-113495
-113489
-113487
-113480
-113469
-113373
-113355
-113354
-113352
-113344
-113343
-113311
-113274
-113265
-113235
-113195
-113185
-113175
-113166
-113141
-113127
-113027
-112980
-112966
-112966
-112908
-112902
-112899
-112892
-112886
-112882
-112855
-112849
-112843
-112828
-112813
-112782
-112771
-112705
-112682
-112647
-112645
-112628
-112600
-112569
-112565
-112560
-112540
-112513
-112512
-112510
-112498
-112494
-112468
-112452
-112435
-112305
-112304
-112289
-112271
-112224
-112218
-112217
-112205
-112187
-112118
-112087
-112080
-112071
-112062
-112010
-111993
-111962
-111930
-111927
-111922
-111917
-111913
-111867
-111836
-111833
-111769
-111759
-111718
-111716
-111681
-111666
-111619
-111601
-111596
-111573
-111560
-111557
-111508
-111457
-111442
-111411
-111380
-111367
-111358
-111356
-111318
-111303
-111286
-111267
-111254
-111243
-111227
-111212
-111183
-111163
-111122
-111110
-111102
-111101
-111078
-111076
-111064
-111060
-111013
-110999
-110929
-110904
-110886
-110886
-110877
-110869
-110862
-110862
-110859
-110845
-110841
-110837
-110821
-110799
-110799
-110797
-110796
-110783
-110764
-110763
-110743
-110728
-110720
-110667
-110602
-110526
-110502
-110474
-110471
-110470
-110467
-110459
-110444
-110430
-110428
-110424
-110379
-110370
-110361
-110346
-110319
-110263
-110212
-110197
-110139
-110138
-110118
-110098
-110084
-110082
-110071
-110069
-110036
-110029
-110024
-109988
-109983
-109948
-109946
-109917
-109913
-109905
-109898
-109886
-109881
-109878
-109829
-109825
-109823
-109814
-109800
-109777
-109777
-109751
-109742
-109740
-109714
-109712
-109688
-109670
-109591
-109591
-109504
-109498
-109467
-109437
-109425
-109373
-109315
-109299
-109296
-109267
-109265
-109241
-109190
-109185
-109162
-109139
-109136
-109122
-109101
-109100
-109095
-109086
-109074
-109040
-109034
-108975
-108971
-108969
-108964
-108963
-108943
-108896
-108819
-108808
-108793
-108781
-108740
-108732
-108720
-108690
-108680
-108670
-108666
-108666
-108655
-108619
-108606
-108604
-108581
-108580
-108553
-108546
-108500
-108498
-108445
-108444
-108441
-108439
-108432
-108405
-108391
-108351
-108348
-108336
-108319
-108290
-108284
-108276
-108276
-108270
-108256
-108249
-108246
-108244
-108237
-108214
-108184
-108182
-108148
-108146
-108139
-108110
-108093
-108049
-107995
-107994
-107991
-107977
-107957
-107920
-107901
-107869
-107856
-107806
-107801
-107737
-107683
-107676
-107646
-107645
-107625
-107586
-107585
-107580
-107560
-107519
-107516
-107496
-107403
-107357
-107340
-107332
-107330
-107324
-107317
-107267
-107267
-107245
-107239
-107219
-107219
-107217
-107203
-107177
-107168
-107158
-107157
-107135
-107132
-107119
-107094
-107088
-107070
-107067
-106968
-106950
-106930
-106930
-106901
-106901
-106874
-106870
-106841
-106829
-106816
-106781
-106744
-106728
-106721
-106658
-106656
-106649
-106642
-106597
-106576
-106565
-106549
-106528
-106438
-106432
-106410
-106356
-106320
-106304
-106288
-106276
-106255
-106254
-106250
-106227
-106216
-106194
-106184
-106178
-106176
-106172
-106168
-106159
-106156
-106144
-106143
-106120
-106093
-106023
-106015
-105994
-105966
-105966
-105959
-105866
-105851
-105849
-105844
-105817
-105813
-105753
-105737
-105723
-105712
-105669
-105638
-105614
-105613
-105603
-105600
-105597
-105593
-105567
-105521
-105501
-105476
-105456
-105448
-105442
-105367
-105352
-105341
-105330
-105320
-105272
-105264
-105253
-105250
-105244
-105232
-105232
-105214
-105208
-105202
-105174
-105165
-105118
-105089
-105083
-105062
-105048
-105044
-105037
-105022
-104993
-104990
-104970
-104931
-104911
-104903
-104866
-104861
-104844
-104838
-104784
-104775
-104771
-104734
-104730
-104710
-104698
-104670
-104644
-104509
-104469
-104468
-104464
-104461
-104451
-104422
-104418
-104387
-104370
-104369
-104351
-104324
-104322
-104295
-104283
-104270
-104267
-104233
-104232
-104231
-104138
-104135
-104117
-104113
-104092
-104087
-104084
-104079
-104077
-104075
-104055
-104041
-104038
-103995
-103984
-103969
-103958
-103914
-103913
-103909
-103883
-103867
-103860
-103805
-103800
-103796
-103776
-103750
-103747
-103709
-103708
-103702
-103651
-103605
-103597
-103577
-103535
-103534
-103518
-103513
-103501
-103474
-103468
-103424
-103408
-103405
-103384
-103374
-103368
-103349
-103343
-103291
-103284
-103270
-103252
-103233
-103212
-103199
-103157
-103143
-103092
-103071
-103070
-103062
-103061
-103056
-103024
-103019
-103007
-102997
-102928
-102898
-102890
-102882
-102875
-102872
-102871
-102853
-102806
-102803
-102800
-102742
-102742
-102735
-102722
-102713
-102709
-102695
-102635
-102619
-102598
-102572
-102567
-102482
-102474
-102464
-102414
-102414
-102339
-102334
-102331
-102326
-102294
-102277
-102273
-102264
-102263
-102261
-102259
-102259
-102253
-102243
-102240
-102223
-102216
-102178
-102141
-102127
-102123
-102104
-102101
-102078
-102036
-102028
-101986
-101976
-101972
-101955
-101953
-101950
-101936
-101908
-101905
-101881
-101842
-101837
-101836
-101836
-101826
-101802
-101786
-101758
-101749
-101710
-101699
-101651
-101648
-101647
-101645
-101632
-101631
-101622
-101617
-101588
-101583
-101530
-101501
-101476
-101474
-101465
-101432
-101400
-101400
-101357
-101337
-101336
-101317
-101313
-101296
-101257
-101251
-101247
-101239
-101233
-101202
-101172
-101148
-101131
-101120
-101116
-101107
-101098
-101064
-101061
-101051
-101027
-101015
-101007
-100990
-100990
-100979
-100977
-100947
-100941
-100939
-100936
-100908
-100841
-100832
-100825
-100791
-100786
-100779
-100739
-100728
-100711
-100698
-100673
-100660
-100648
-100611
-100566
-100550
-100468
-100466
-100409
-100387
-100383
-100366
-100327
-100310
-100300
-100285
-100277
-100271
-100264
-100225
-100201
-100197
-100164
-100158
-100137
-100108
-100106
-100091
-100027
-100026
-100013
-100011
-99960
-99958
-99936
-99935
-99934
-99917
-99909
-99895
-99886
-99885
-99867
-99854
-99812
-99792
-99788
-99768
-99752
-99701
-99676
-99597
-99596
-99588
-99556
-99556
-99551
-99543
-99531
-99527
-99486
-99436
-99430
-99399
-99375
-99371
-99370
-99351
-99323
-99303
-99301
-99293
-99268
-99265
-99264
-99259
-99255
-99224
-99223
-99219
-99165
-99111
-99098
-99094
-99078
-99071
-99058
-99037
-98992
-98984
-98949
-98949
-98947
-98892
-98883
-98857
-98848
-98807
-98791
-98774
-98759
-98720
-98707
-98662
-98630
-98622
-98569
-98563
-98562
-98560
-98538
-98535
-98532
-98513
-98492
-98492
-98456
-98407
-98388
-98369
-98365
-98294
-98278
-98278
-98267
-98261
-98248
-98242
-98182
-98171
-98163
-98121
-98081
-98080
-98073
-98057
-98055
-98047
-98026
-98013
-97996
-97987
-97972
-97959
-97957
-97948
-97923
-97904
-97900
-97875
-97865
-97845
-97769
-97763
-97693
-97677
-97656
-97655
-97652
-97649
-97617
-97606
-97606
-97604
-97602
-97600
-97577
-97572
-97562
-97482
-97475
-97432
-97416
-97375
-97331
-97312
-97305
-97290
-97255
-97238
-97235
-97223
-97180
-97150
-97142
-97139
-97137
-97135
-97103
-97085
-97084
-97073
-97063
-97060
-97044
-96997
-96985
-96951
-96948
-96932
-96915
-96899
-96895
-96860
-96843
-96809
-96791
-96761
-96751
-96748
-96706
-96693
-96691
-96673
-96635
-96622
-96594
-96552
-96518
-96517
-96456
-96455
-96453
-96450
-96422
-96393
-96372
-96352
-96303
-96294
-96288
-96265
-96237
-96213
-96205
-96186
-96180
-96172
-96155
-96130
-96114
-96113
-96066
-96055
-96031
-96030
-95971
-95969
-95941
-95896
-95887
-95881
-95879
-95852
-95815
-95801
-95786
-95767
-95671
-95627
-95625
-95621
-95619
-95583
-95579
-95568
-95550
-95543
-95529
-95524
-95493
-95490
-95471
-95428
-95428
-95367
-95363
-95359
-95346
-95332
-95322
-95258
-95248
-95246
-95245
-95239
-95231
-95210
-95196
-95166
-95107
-95091
-95056
-95027
-95007
-95005
-95002
-94956
-94902
-94833
-94832
-94820
-94815
-94792
-94732
-94723
-94723
-94701
-94686
-94672
-94644
-94627
-94612
-94602
-94584
-94514
-94483
-94439
-94384
-94378
-94374
-94366
-94365
-94362
-94354
-94349
-94332
-94329
-94281
-94275
-94271
-94265
-94206
-94196
-94182
-94173
-94108
-94074
-94034
-93987
-93958
-93898
-93892
-93888
-93870
-93844
-93750
-93723
-93704
-93681
-93668
-93647
-93631
-93555
-93531
-93505
-93498
-93481
-93479
-93472
-93452
-93444
-93425
-93413
-93358
-93354
-93284
-93266
-93263
-93247
-93238
-93220
-93217
-93217
-93199
-93194
-93172
-93168
-93164
-93143
-93133
-93133
-93039
-93036
-93022
-93002
-92998
-92988
-92948
-92947
-92930
-92925
-92907
-92883
-92877
-92854
-92747
-92744
-92737
-92729
-92678
-92677
-92664
-92664
-92646
-92610
-92569
-92509
-92506
-92459
-92436
-92434
-92432
-92375
-92354
-92349
-92349
-92342
-92332
-92253
-92243
-92232
-92181
-92161
-92157
-92129
-92110
-92110
-92086
-92059
-92054
-92039
-92009
-92004
-91984
-91980
-91970
-91922
-91917
-91909
-91894
-91870
-91822
-91809
-91794
-91769
-91763
-91755
-91745
-91730
-91719
-91712
-91710
-91671
-91659
-91656
-91651
-91590
-91525
-91467
-91461
-91454
-91412
-91396
-91382
-91361
-91329
-91319
-91274
-91257
-91253
-91208
-91198
-91159
-91139
-91127
-91107
-91086
-91086
-91073
-90958
-90934
-90908
-90880
-90858
-90857
-90842
-90799
-90796
-90779
-90772
-90770
-90761
-90755
-90731
-90726
-90713
-90710
-90706
-90706
-90687
-90670
-90484
-90421
-90417
-90399
-90397
-90390
-90375
-90346
-90322
-90312
-90309
-90296
-90250
-90242
-90201
-90172
-90154
-90121
-90095
-90088
-90088
-90084
-90060
-90046
-90023
-90009
-90007
-90006
-89987
-89973
-89954
-89953
-89951
-89946
-89922
-89853
-89841
-89797
-89787
-89779
-89767
-89755
-89750
-89745
-89739
-89716
-89705
-89690
-89686
-89674
-89510
-89498
-89486
-89425
-89422
-89419
-89409
-89395
-89352
-89348
-89345
-89290
-89267
-89265
-89251
-89246
-89219
-89180
-89178
-89156
-89151
-89090
-89041
-88967
-88966
-88942
-88916
-88870
-88863
-88860
-88853
-88824
-88812
-88807
-88804
-88778
-88760
-88758
-88756
-88751
-88725
-88723
-88654
-88638
-88616
-88616
-88614
-88605
-88561
-88549
-88517
-88516
-88496
-88452
-88443
-88427
-88424
-88403
-88387
-88379
-88371
-88355
-88349
-88348
-88341
-88284
-88274
-88253
-88204
-88197
-88183
-88152
-88146
-88142
-88130
-88101
-88089
-88082
-88050
-88003
-87989
-87983
-87901
-87900
-87870
-87828
-87805
-87779
-87774
-87758
-87753
-87749
-87748
-87744
-87738
-87735
-87730
-87714
-87695
-87673
-87649
-87637
-87624
-87624
-87620
-87617
-87552
-87545
-87533
-87511
-87499
-87481
-87470
-87468
-87433
-87376
-87367
-87329
-87278
-87276
-87274
-87263
-87247
-87246
-87245
-87231
-87224
-87207
-87131
-87108
-87085
-87079
-87057
-87052
-87042
-87018
-87017
-86991
-86989
-86971
-86962
-86947
-86934
-86930
-86909
-86907
-86887
-86859
-86841
-86816
-86725
-86711
-86707
-86706
-86689
-86675
-86671
-86596
-86577
-86553
-86532
-86515
-86512
-86468
-86460
-86447
-86444
-86436
-86432
-86406
-86400
-86378
-86374
-86371
-86344
-86334
-86321
-86319
-86306
-86284
-86281
-86264
-86240
-86240
-86228
-86222
-86150
-86146
-86136
-86100
-86093
-86061
-86049
-86012
-85990
-85979
-85977
-85969
-85961
-85943
-85931
-85886
-85864
-85838
-85837
-85836
-85829
-85820
-85809
-85799
-85785
-85783
-85766
-85714
-85708
-85691
-85680
-85670
-85670
-85638
-85637
-85625
-85619
-85607
-85603
-85569
-85561
-85557
-85511
-85472
-85462
-85452
-85439
-85415
-85412
-85366
-85362
-85330
-85324
-85278
-85277
-85244
-85237
-85184
-85167
-85161
-85145
-85075
-85060
-84987
-84931
-84924
-84921
-84885
-84879
-84860
-84848
-84787
-84739
-84727
-84726
-84699
-84653
-84636
-84630
-84626
-84608
-84573
-84567
-84543
-84541
-84505
-84491
-84467
-84457
-84456
-84441
-84413
-84397
-84396
-84392
-84390
-84367
-84342
-84337
-84332
-84324
-84277
-84228
-84213
-84199
-84193
-84193
-84138
-84133
-84110
-84095
-84068
-84059
-84051
-84046
-84040
-84038
-84020
-83996
-83948
-83948
-83930
-83917
-83915
-83902
-83895
-83860
-83855
-83848
-83828
-83804
-83775
-83770
-83765
-83733
-83723
-83675
-83672
-83650
-83647
-83603
-83596
-83572
-83562
-83547
-83539
-83531
-83517
-83476
-83446
-83426
-83413
-83405
-83404
-83362
-83337
-83331
-83295
-83280
-83280
-83261
-83229
-83220
-83199
-83196
-83195
-83170
-83149
-83146
-83143
-83115
-83095
-83091
-83049
-83042
-83013
-82986
-82984
-82979
-82927
-82876
-82837
-82805
-82802
-82789
-82785
-82772
-82751
-82743
-82743
-82733
-82714
-82707
-82655
-82624
-82617
-82601
-82584
-82579
-82564
-82561
-82544
-82516
-82509
-82489
-82484
-82453
-82449
-82381
-82367
-82331
-82317
-82292
-82283
-82261
-82252
-82247
-82243
-82233
-82206
-82190
-82164
-82145
-82127
-82123
-82111
-82093
-82092
-82084
-82080
-82075
-82051
-82043
-82038
-81974
-81840
-81836
-81833
-81726
-81720
-81666
-81656
-81634
-81632
-81615
-81603
-81570
-81566
-81559
-81539
-81438
-81433
-81421
-81405
-81377
-81359
-81349
-81343
-81342
-81342
-81332
-81324
-81311
-81302
-81299
-81266
-81245
-81200
-81191
-81184
-81172
-81171
-81125
-81097
-81082
-81072
-81049
-81030
-81020
-80981
-80964
-80954
-80948
-80945
-80913
-80910
-80870
-80858
-80815
-80800
-80781
-80775
-80733
-80713
-80694
-80681
-80598
-80594
-80556
-80496
-80454
-80416
-80416
-80378
-80367
-80352
-80335
-80282
-80253
-80228
-80228
-80180
-80165
-80164
-80046
-79999
-79983
-79956
-79946
-79934
-79892
-79880
-79847
-79835
-79743
-79734
-79711
-79710
-79646
-79640
-79636
-79619
-79595
-79594
-79584
-79577
-79563
-79553
-79552
-79541
-79521
-79515
-79507
-79471
-79443
-79435
-79434
-79431
-79414
-79408
-79358
-79336
-79333
-79324
-79321
-79273
-79269
-79263
-79238
-79168
-79160
-79128
-79115
-79075
-79071
-79053
-78997
-78973
-78953
-78926
-78920
-78916
-78885
-78873
-78858
-78818
-78814
-78755
-78736
-78735
-78708
-78684
-78669
-78640
-78637
-78610
-78569
-78530
-78499
-78450
-78434
-78412
-78401
-78380
-78358
-78347
-78307
-78302
-78295
-78248
-78201
-78198
-78196
-78171
-78159
-78148
-78146
-78134
-78131
-78113
-78088
-78086
-78031
-78029
-77994
-77992
-77992
-77989
-77970
-77953
-77952
-77939
-77917
-77878
-77848
-77810
-77783
-77778
-77769
-77751
-77722
-77684
-77671
-77651
-77648
-77625
-77616
-77608
-77602
-77585
-77569
-77533
-77508
-77501
-77468
-77463
-77445
-77440
-77437
-77409
-77406
-77386
-77369
-77361
-77356
-77352
-77345
-77330
-77325
-77319
-77306
-77291
-77276
-77215
-77194
-77176
-77173
-77173
-77169
-77168
-77167
-77155
-77113
-77104
-77078
-77073
-77063
-77056
-77018
-77002
-76987
-76984
-76968
-76942
-76838
-76830
-76824
-76824
-76783
-76768
-76762
-76744
-76699
-76677
-76674
-76651
-76632
-76608
-76598
-76531
-76489
-76457
-76368
-76359
-76351
-76344
-76324
-76289
-76253
-76253
-76247
-76246
-76220
-76162
-76144
-76133
-76130
-76094
-76070
-76046
-76032
-76005
-75979
-75964
-75964
-75963
-75940
-75937
-75904
-75883
-75873
-75869
-75849
-75839
-75823
-75808
-75804
-75794
-75792
-75788
-75786
-75775
-75765
-75761
-75761
-75726
-75697
-75635
-75601
-75601
-75587
-75547
-75540
-75527
-75472
-75462
-75454
-75440
-75418
-75412
-75386
-75358
-75358
-75332
-75311
-75296
-75253
-75250
-75235
-75219
-75219
-75203
-75196
-75188
-75178
-75125
-75106
-75081
-75075
-75072
-75056
-75042
-75034
-75003
-74940
-74917
-74913
-74880
-74842
-74807
-74802
-74773
-74765
-74710
-74688
-74610
-74601
-74573
-74557
-74549
-74471
-74446
-74421
-74363
-74347
-74316
-74307
-74303
-74273
-74235
-74171
-74152
-74119
-74110
-74107
-74079
-74044
-74043
-74036
-74013
-73996
-73975
-73957
-73926
-73924
-73914
-73907
-73891
-73870
-73843
-73824
-73820
-73800
-73775
-73775
-73755
-73752
-73748
-73737
-73728
-73698
-73651
-73648
-73637
-73635
-73599
-73576
-73567
-73550
-73532
-73511
-73508
-73501
-73499
-73469
-73458
-73422
-73411
-73399
-73390
-73375
-73327
-73220
-73172
-73157
-73139
-73135
-73084
-73061
-73054
-73045
-73015
-73001
-72961
-72942
-72932
-72931
-72908
-72888
-72849
-72841
-72833
-72816
-72809
-72780
-72773
-72744
-72729
-72715
-72653
-72633
-72607
-72587
-72549
-72523
-72509
-72468
-72463
-72419
-72364
-72361
-72358
-72337
-72294
-72293
-72290
-72261
-72250
-72235
-72223
-72217
-72204
-72191
-72126
-72120
-72115
-72087
-72056
-72049
-72009
-71947
-71921
-71893
-71817
-71769
-71767
-71745
-71727
-71725
-71705
-71703
-71685
-71666
-71660
-71638
-71601
-71598
-71498
-71482
-71482
-71477
-71476
-71397
-71373
-71371
-71369
-71368
-71351
-71349
-71348
-71340
-71338
-71318
-71231
-71215
-71196
-71183
-71182
-71166
-71141
-71119
-71060
-71046
-71038
-71030
-70971
-70930
-70857
-70832
-70813
-70780
-70744
-70737
-70736
-70731
-70681
-70663
-70662
-70658
-70638
-70623
-70595
-70594
-70574
-70524
-70511
-70489
-70480
-70459
-70454
-70398
-70374
-70370
-70341
-70319
-70316
-70298
-70286
-70248
-70230
-70178
-70148
-70146
-70128
-70118
-70088
-70087
-70085
-70072
-70067
-70048
-70039
-70038
-70019
-70013
-70001
-70000
-69961
-69958
-69935
-69926
-69919
-69917
-69888
-69850
-69841
-69795
-69758
-69755
-69726
-69717
-69701
-69692
-69684
-69683
-69678
-69676
-69667
-69646
-69608
-69597
-69579
-69564
-69540
-69497
-69477
-69428
-69425
-69414
-69412
-69376
-69359
-69355
-69311
-69290
-69239
-69234
-69210
-69194
-69176
-69102
-69090
-69065
-69063
-69012
-69011
-69010
-69009
-69009
-68977
-68964
-68951
-68941
-68939
-68912
-68885
-68873
-68863
-68860
-68852
-68844
-68843
-68839
-68827
-68815
-68799
-68719
-68662
-68662
-68613
-68611
-68600
-68568
-68566
-68563
-68547
-68522
-68514
-68514
-68512
-68462
-68434
-68392
-68386
-68335
-68330
-68328
-68295
-68293
-68223
-68205
-68196
-68181
-68145
-68110
-68085
-68074
-68041
-67955
-67916
-67876
-67815
-67814
-67767
-67752
-67747
-67715
-67686
-67668
-67620
-67596
-67565
-67556
-67512
-67495
-67486
-67456
-67450
-67441
-67433
-67365
-67338
-67312
-67300
-67211
-67160
-67085
-67048
-67002
-66991
-66979
-66957
-66932
-66893
-66874
-66864
-66862
-66855
-66847
-66790
-66772
-66772
-66769
-66741
-66723
-66721
-66713
-66709
-66705
-66700
-66693
-66689
-66673
-66624
-66623
-66622
-66611
-66580
-66538
-66524
-66475
-66451
-66429
-66423
-66414
-66406
-66404
-66395
-66388
-66372
-66332
-66327
-66300
-66293
-66278
-66257
-66257
-66240
-66230
-66202
-66180
-66111
-66085
-66051
-66031
-65988
-65951
-65898
-65873
-65869
-65825
-65781
-65774
-65766
-65751
-65725
-65708
-65702
-65696
-65695
-65688
-65676
-65660
-65651
-65642
-65628
-65623
-65593
-65586
-65573
-65532
-65506
-65494
-65485
-65460
-65441
-65415
-65406
-65369
-65362
-65329
-65326
-65310
-65294
-65275
-65250
-65235
-65222
-65222
-65170
-65154
-65124
-65107
-65096
-65084
-65082
-65034
-65004
-64986
-64939
-64920
-64910
-64906
-64866
-64865
-64851
-64825
-64803
-64792
-64780
-64769
-64748
-64746
-64724
-64712
-64709
-64707
-64654
-64650
-64629
-64606
-64549
-64541
-64541
-64535
-64525
-64520
-64494
-64472
-64471
-64470
-64435
-64418
-64402
-64377
-64371
-64364
-64314
-64303
-64285
-64265
-64108
-64066
-64065
-64032
-64010
-64004
-63959
-63953
-63920
-63903
-63884
-63856
-63815
-63798
-63797
-63786
-63761
-63715
-63714
-63708
-63694
-63692
-63682
-63661
-63655
-63599
-63575
-63527
-63501
-63429
-63412
-63403
-63403
-63387
-63375
-63332
-63248
-63223
-63222
-63205
-63135
-63126
-63057
-63048
-63040
-63008
-63005
-62990
-62966
-62898
-62871
-62870
-62814
-62731
-62718
-62663
-62557
-62540
-62517
-62484
-62402
-62330
-62279
-62270
-62226
-62209
-62207
-62197
-62180
-62139
-62128
-62095
-62093
-62045
-61983
-61931
-61918
-61899
-61891
-61860
-61717
-61713
-61668
-61660
-61647
-61643
-61639
-61547
-61535
-61497
-61485
-61478
-61460
-61421
-61418
-61385
-61373
-61362
-61355
-61346
-61338
-61333
-61312
-61301
-61299
-61293
-61270
-61257
-61248
-61238
-61162
-61160
-61098
-61092
-61036
-60961
-60947
-60941
-60924
-60863
-60852
-60833
-60818
-60817
-60798
-60772
-60754
-60748
-60746
-60737
-60699
-60675
-60674
-60665
-60642
-60635
-60635
-60608
-60606
-60572
-60543
-60498
-60497
-60493
-60428
-60425
-60371
-60337
-60335
-60318
-60280
-60253
-60213
-60209
-60206
-60170
-60130
-60122
-60076
-60070
-60062
-60061
-60043
-60014
-59986
-59983
-59950
-59948
-59901
-59853
-59839
-59818
-59812
-59788
-59785
-59768
-59740
-59739
-59732
-59722
-59652
-59626
-59620
-59617
-59578
-59571
-59559
-59556
-59506
-59479
-59465
-59445
-59400
-59395
-59390
-59381
-59372
-59367
-59366
-59331
-59322
-59287
-59268
-59256
-59240
-59236
-59214
-59212
-59180
-59168
-59147
-59106
-59103
-59091
-59078
-59061
-59026
-58952
-58909
-58899
-58868
-58868
-58839
-58829
-58797
-58781
-58745
-58724
-58672
-58651
-58631
-58612
-58609
-58576
-58557
-58506
-58484
-58477
-58459
-58453
-58450
-58421
-58405
-58394
-58388
-58383
-58371
-58361
-58339
-58326
-58320
-58304
-58295
-58284
-58283
-58270
-58268
-58242
-58241
-58240
-58236
-58225
-58203
-58174
-58152
-58142
-58137
-58136
-58125
-58119
-58109
-58103
-58091
-58084
-58082
-58061
-58046
-58015
-57965
-57958
-57956
-57933
-57924
-57924
-57923
-57867
-57813
-57786
-57732
-57679
-57675
-57647
-57619
-57598
-57595
-57549
-57541
-57493
-57492
-57489
-57489
-57456
-57446
-57408
-57338
-57321
-57294
-57242
-57223
-57197
-57186
-57184
-57177
-57143
-57141
-57136
-57118
-57098
-57081
-57075
-57056
-57030
-57023
-57018
-57001
-56986
-56869
-56801
-56799
-56796
-56787
-56783
-56763
-56711
-56698
-56688
-56684
-56677
-56640
-56575
-56570
-56553
-56551
-56536
-56523
-56513
-56498
-56491
-56489
-56452
-56443
-56430
-56421
-56401
-56394
-56360
-56337
-56332
-56325
-56305
-56255
-56251
-56231
-56217
-56202
-56175
-56174
-56149
-56143
-56124
-56116
-56111
-56103
-56065
-56052
-56042
-56012
-55893
-55893
-55882
-55877
-55831
-55811
-55802
-55766
-55747
-55732
-55719
-55716
-55689
-55639
-55623
-55544
-55473
-55468
-55467
-55418
-55408
-55396
-55390
-55384
-55315
-55309
-55302
-55300
-55268
-55220
-55191
-55189
-55179
-55174
-55147
-55134
-55120
-55035
-54997
-54987
-54972
-54953
-54882
-54801
-54779
-54763
-54704
-54696
-54679
-54676
-54664
-54659
-54658
-54631
-54614
-54611
-54573
-54564
-54536
-54517
-54506
-54474
-54439
-54433
-54360
-54352
-54351
-54322
-54295
-54259
-54217
-54157
-54146
-54124
-54070
-54058
-54039
-54018
-54011
-53980
-53966
-53842
-53840
-53805
-53780
-53767
-53686
-53677
-53675
-53653
-53649
-53644
-53629
-53587
-53582
-53575
-53570
-53552
-53549
-53540
-53536
-53480
-53454
-53447
-53445
-53409
-53371
-53350
-53340
-53318
-53312
-53297
-53289
-53287
-53255
-53231
-53220
-53195
-53141
-53119
-53085
-53084
-53072
-53068
-53056
-53044
-53026
-53015
-53014
-53003
-52990
-52983
-52951
-52935
-52904
-52869
-52866
-52857
-52849
-52849
-52841
-52794
-52785
-52785
-52758
-52725
-52704
-52689
-52654
-52646
-52549
-52537
-52445
-52443
-52430
-52409
-52389
-52382
-52350
-52329
-52314
-52276
-52226
-52211
-52201
-52180
-52144
-52118
-52091
-52088
-52086
-52082
-52079
-52069
-52061
-52058
-52037
-52004
-51949
-51940
-51929
-51926
-51909
-51869
-51859
-51821
-51811
-51808
-51792
-51766
-51747
-51713
-51692
-51672
-51653
-51620
-51578
-51546
-51546
-51533
-51500
-51495
-51490
-51488
-51463
-51453
-51443
-51442
-51436
-51387
-51373
-51363
-51353
-51342
-51310
-51278
-51268
-51259
-51218
-51207
-51202
-51133
-51094
-51074
-51062
-51016
-50976
-50928
-50913
-50897
-50876
-50817
-50779
-50761
-50739
-50728
-50709
-50696
-50656
-50655
-50638
-50602
-50546
-50517
-50509
-50501
-50491
-50479
-50475
-50474
-50456
-50430
-50429
-50418
-50407
-50364
-50364
-50350
-50343
-50337
-50337
-50336
-50311
-50298
-50277
-50247
-50246
-50173
-50172
-50171
-50170
-50154
-50125
-50100
-50066
-50044
-50043
-50010
-49966
-49950
-49949
-49917
-49845
-49784
-49745
-49718
-49695
-49661
-49556
-49519
-49505
-49503
-49489
-49482
-49471
-49459
-49458
-49447
-49414
-49410
-49374
-49362
-49355
-49354
-49344
-49340
-49305
-49297
-49282
-49255
-49237
-49192
-49188
-49180
-49154
-49126
-49103
-49089
-49076
-49052
-49036
-49019
-48973
-48964
-48957
-48956
-48951
-48947
-48924
-48908
-48895
-48857
-48845
-48830
-48774
-48766
-48750
-48748
-48703
-48703
-48687
-48680
-48649
-48639
-48613
-48592
-48582
-48579
-48570
-48553
-48524
-48495
-48454
-48441
-48440
-48431
-48359
-48357
-48357
-48355
-48343
-48328
-48318
-48301
-48247
-48206
-48205
-48180
-48164
-48155
-48152
-48148
-48129
-48115
-48096
-48095
-48090
-48080
-48079
-48077
-48072
-48038
-48038
-48031
-47973
-47959
-47950
-47943
-47926
-47905
-47900
-47896
-47886
-47873
-47866
-47850
-47770
-47726
-47710
-47691
-47678
-47637
-47622
-47606
-47585
-47585
-47582
-47553
-47548
-47528
-47527
-47479
-47464
-47428
-47423
-47325
-47260
-47208
-47201
-47190
-47169
-47161
-47136
-47115
-47104
-47087
-47066
-47057
-47054
-47043
-47036
-46970
-46960
-46936
-46934
-46918
-46911
-46884
-46882
-46837
-46832
-46816
-46741
-46732
-46731
-46722
-46713
-46709
-46661
-46642
-46618
-46605
-46594
-46558
-46526
-46523
-46474
-46446
-46411
-46369
-46343
-46315
-46281
-46248
-46226
-46198
-46189
-46137
-46119
-46116
-46109
-46074
-46054
-46034
-46011
-46002
-45957
-45940
-45934
-45886
-45881
-45854
-45837
-45716
-45706
-45691
-45675
-45667
-45657
-45567
-45544
-45542
-45488
-45455
-45441
-45394
-45366
-45363
-45358
-45347
-45318
-45275
-45264
-45245
-45240
-45233
-45186
-45179
-45168
-45156
-45117
-45011
-44986
-44970
-44944
-44935
-44915
-44910
-44905
-44889
-44839
-44812
-44809
-44806
-44767
-44766
-44753
-44709
-44696
-44660
-44607
-44596
-44567
-44553
-44534
-44476
-44469
-44451
-44403
-44401
-44394
-44384
-44346
-44287
-44259
-44258
-44237
-44208
-44184
-44177
-44173
-44122
-44117
-44114
-44094
-44045
-44043
-44038
-44021
-43991
-43982
-43956
-43953
-43937
-43937
-43924
-43846
-43837
-43831
-43825
-43794
-43776
-43760
-43734
-43724
-43711
-43693
-43680
-43675
-43651
-43603
-43592
-43581
-43570
-43527
-43411
-43398
-43351
-43346
-43339
-43330
-43325
-43318
-43317
-43306
-43245
-43244
-43242
-43214
-43203
-43196
-43138
-43127
-43094
-43078
-43072
-43068
-43060
-43038
-43035
-43011
-42998
-42989
-42982
-42977
-42934
-42900
-42849
-42844
-42799
-42783
-42761
-42720
-42685
-42668
-42621
-42589
-42510
-42507
-42496
-42471
-42451
-42383
-42359
-42350
-42299
-42288
-42240
-42218
-42190
-42161
-42159
-42149
-42140
-42138
-42135
-42131
-42116
-42091
-42071
-42058
-42046
-42033
-41985
-41948
-41916
-41906
-41894
-41872
-41861
-41829
-41800
-41754
-41751
-41745
-41726
-41710
-41651
-41636
-41616
-41605
-41598
-41561
-41530
-41530
-41500
-41495
-41476
-41445
-41408
-41363
-41340
-41327
-41323
-41259
-41164
-41100
-41087
-41084
-41038
-41017
-40998
-40993
-40982
-40966
-40953
-40952
-40943
-40920
-40919
-40903
-40900
-40894
-40889
-40868
-40865
-40857
-40840
-40834
-40804
-40786
-40785
-40774
-40701
-40675
-40674
-40656
-40653
-40631
-40629
-40602
-40597
-40575
-40574
-40568
-40525
-40519
-40484
-40468
-40386
-40356
-40316
-40315
-40290
-40287
-40271
-40247
-40246
-40209
-40156
-40129
-40087
-40047
-40044
-40022
-39998
-39977
-39962
-39927
-39909
-39899
-39791
-39772
-39768
-39768
-39740
-39710
-39707
-39696
-39607
-39590
-39567
-39560
-39555
-39537
-39530
-39512
-39511
-39494
-39486
-39402
-39401
-39342
-39326
-39322
-39318
-39317
-39304
-39266
-39227
-39210
-39157
-39139
-39136
-39067
-39066
-39058
-39044
-39005
-38958
-38953
-38936
-38924
-38916
-38880
-38861
-38855
-38846
-38824
-38789
-38762
-38735
-38727
-38726
-38718
-38664
-38635
-38629
-38618
-38611
-38609
-38595
-38585
-38529
-38519
-38507
-38474
-38443
-38419
-38405
-38396
-38389
-38374
-38370
-38366
-38351
-38325
-38314
-38259
-38258
-38251
-38207
-38202
-38200
-38159
-38152
-38147
-38137
-38115
-38084
-38029
-38022
-37997
-37980
-37947
-37936
-37935
-37910
-37880
-37848
-37837
-37821
-37787
-37745
-37696
-37693
-37672
-37654
-37646
-37642
-37640
-37629
-37605
-37603
-37599
-37538
-37520
-37515
-37468
-37446
-37424
-37404
-37397
-37394
-37372
-37370
-37365
-37356
-37337
-37334
-37286
-37253
-37230
-37220
-37209
-37207
-37199
-37140
-37140
-37132
-37097
-37064
-37063
-37048
-37032
-37031
-37008
-36968
-36961
-36924
-36909
-36826
-36815
-36803
-36793
-36759
-36738
-36725
-36725
-36721
-36663
-36649
-36628
-36564
-36474
-36466
-36384
-36383
-36382
-36376
-36352
-36315
-36293
-36280
-36278
-36275
-36269
-36268
-36246
-36210
-36185
-36182
-36141
-36134
-36132
-36089
-36087
-36035
-36006
-35988
-35958
-35948
-35932
-35915
-35903
-35901
-35900
-35885
-35879
-35865
-35862
-35807
-35759
-35757
-35708
-35705
-35669
-35651
-35642
-35620
-35597
-35553
-35539
-35539
-35524
-35494
-35483
-35457
-35445
-35430
-35417
-35408
-35399
-35379
-35322
-35319
-35292
-35287
-35273
-35261
-35256
-35249
-35248
-35234
-35215
-35202
-35177
-35146
-35146
-35123
-35118
-35117
-35111
-35090
-35082
-35003
-34974
-34967
-34966
-34958
-34943
-34908
-34891
-34849
-34837
-34805
-34805
-34796
-34790
-34787
-34785
-34759
-34699
-34689
-34688
-34686
-34686
-34656
-34650
-34598
-34587
-34573
-34558
-34558
-34535
-34510
-34498
-34491
-34455
-34423
-34402
-34390
-34360
-34327
-34316
-34307
-34304
-34294
-34283
-34238
-34230
-34215
-34201
-34180
-34163
-34134
-34133
-34128
-34037
-34022
-33995
-33975
-33959
-33875
-33829
-33820
-33803
-33772
-33764
-33739
-33734
-33718
-33706
-33694
-33654
-33643
-33641
-33601
-33597
-33586
-33577
-33576
-33565
-33559
-33547
-33510
-33486
-33446
-33408
-33354
-33325
-33295
-33290
-33289
-33280
-33252
-33245
-33215
-33211
-33200
-33199
-33195
-33195
-33183
-33159
-33140
-33124
-33090
-33056
-33031
-32984
-32961
-32953
-32938
-32934
-32925
-32902
-32861
-32852
-32842
-32797
-32770
-32767
-32751
-32738
-32720
-32685
-32676
-32674
-32672
-32671
-32656
-32642
-32636
-32622
-32611
-32599
-32526
-32507
-32465
-32462
-32434
-32426
-32408
-32402
-32380
-32332
-32326
-32309
-32306
-32294
-32286
-32282
-32277
-32267
-32267
-32243
-32199
-32180
-32176
-32175
-32173
-32169
-32151
-32135
-32126
-32072
-32031
-32022
-31999
-31994
-31952
-31949
-31938
-31797
-31774
-31746
-31708
-31692
-31690
-31671
-31623
-31600
-31553
-31543
-31525
-31517
-31475
-31357
-31319
-31301
-31283
-31239
-31228
-31188
-31160
-31083
-31072
-31068
-31066
-31034
-31030
-31013
-31010
-30969
-30962
-30927
-30918
-30907
-30906
-30904
-30880
-30844
-30821
-30771
-30750
-30706
-30649
-30648
-30604
-30593
-30591
-30579
-30565
-30560
-30533
-30509
-30499
-30472
-30458
-30456
-30447
-30445
-30436
-30427
-30425
-30395
-30387
-30364
-30356
-30339
-30327
-30322
-30318
-30267
-30262
-30261
-30256
-30254
-30233
-30230
-30194
-30158
-30124
-30116
-30106
-30104
-30076
-30063
-30040
-29976
-29929
-29913
-29857
-29834
-29834
-29776
-29775
-29762
-29761
-29721
-29713
-29707
-29691
-29657
-29577
-29525
-29524
-29524
-29463
-29413
-29407
-29372
-29370
-29288
-29283
-29237
-29208
-29175
-29145
-29138
-29131
-29127
-29105
-29061
-29058
-29052
-29030
-28971
-28969
-28967
-28962
-28914
-28902
-28899
-28861
-28807
-28803
-28786
-28751
-28739
-28713
-28712
-28699
-28681
-28672
-28643
-28622
-28614
-28592
-28537
-28527
-28473
-28433
-28416
-28412
-28398
-28392
-28387
-28374
-28358
-28340
-28325
-28321
-28286
-28256
-28253
-28250
-28210
-28210
-28153
-28146
-28143
-28115
-28110
-28109
-28084
-28082
-28070
-28061
-28059
-28048
-28036
-27975
-27967
-27926
-27918
-27908
-27900
-27895
-27863
-27858
-27796
-27780
-27735
-27712
-27703
-27698
-27679
-27642
-27559
-27548
-27540
-27505
-27500
-27485
-27463
-27454
-27435
-27431
-27423
-27358
-27334
-27331
-27317
-27298
-27291
-27277
-27246
-27232
-27226
-27210
-27182
-27131
-27105
-27067
-27065
-27036
-27035
-27029
-27010
-26998
-26995
-26944
-26932
-26890
-26735
-26683
-26668
-26644
-26630
-26604
-26578
-26558
-26551
-26544
-26537
-26525
-26515
-26510
-26502
-26485
-26450
-26402
-26394
-26385
-26362
-26349
-26348
-26332
-26274
-26272
-26269
-26221
-26218
-26209
-26198
-26194
-26175
-26163
-26158
-26155
-26154
-26145
-26139
-26127
-26102
-26075
-26050
-26046
-26038
-26025
-26018
-26016
-26003
-26001
-25995
-25970
-25932
-25926
-25895
-25890
-25889
-25888
-25847
-25844
-25843
-25837
-25803
-25749
-25714
-25689
-25671
-25662
-25575
-25562
-25538
-25519
-25510
-25504
-25488
-25463
-25446
-25424
-25410
-25398
-25384
-25344
-25316
-25314
-25289
-25259
-25238
-25227
-25192
-25182
-25166
-25159
-25148
-25130
-25095
-25009
-25001
-24907
-24906
-24894
-24888
-24874
-24830
-24822
-24817
-24697
-24673
-24657
-24647
-24637
-24614
-24602
-24602
-24572
-24566
-24563
-24495
-24495
-24481
-24451
-24373
-24373
-24372
-24369
-24334
-24319
-24309
-24302
-24232
-24228
-24195
-24165
-24142
-24112
-24083
-23989
-23979
-23974
-23967
-23941
-23907
-23869
-23859
-23826
-23816
-23773
-23762
-23743
-23734
-23733
-23711
-23703
-23699
-23694
-23691
-23677
-23665
-23638
-23611
-23605
-23577
-23576
-23559
-23543
-23528
-23491
-23483
-23442
-23436
-23430
-23428
-23393
-23384
-23377
-23368
-23325
-23311
-23213
-23207
-23103
-23089
-23031
-23013
-22998
-22989
-22987
-22959
-22951
-22950
-22942
-22936
-22931
-22923
-22914
-22899
-22895
-22894
-22882
-22873
-22833
-22814
-22808
-22805
-22789
-22729
-22699
-22682
-22658
-22626
-22615
-22594
-22592
-22569
-22520
-22515
-22449
-22448
-22417
-22417
-22401
-22400
-22389
-22373
-22357
-22342
-22324
-22280
-22268
-22255
-22227
-22178
-22174
-22103
-22079
-22059
-21988
-21984
-21970
-21952
-21936
-21934
-21933
-21926
-21881
-21872
-21864
-21837
-21794
-21789
-21769
-21761
-21741
-21734
-21697
-21665
-21616
-21611
-21589
-21580
-21547
-21546
-21520
-21512
-21503
-21463
-21462
-21409
-21399
-21392
-21363
-21354
-21353
-21337
-21326
-21322
-21296
-21290
-21274
-21272
-21266
-21254
-21249
-21246
-21241
-21156
-21065
-21064
-21045
-21017
-21008
-21006
-20998
-20996
-20989
-20952
-20937
-20909
-20885
-20880
-20865
-20849
-20805
-20803
-20771
-20769
-20758
-20752
-20750
-20735
-20673
-20671
-20660
-20651
-20650
-20608
-20564
-20556
-20556
-20533
-20512
-20453
-20446
-20411
-20410
-20397
-20379
-20366
-20358
-20342
-20324
-20321
-20321
-20303
-20272
-20265
-20264
-20230
-20215
-20204
-20190
-20166
-20155
-20147
-20137
-20130
-20105
-20078
-20015
-19987
-19979
-19912
-19902
-19890
-19859
-19855
-19835
-19805
-19781
-19777
-19776
-19767
-19751
-19721
-19652
-19615
-19605
-19589
-19560
-19529
-19477
-19450
-19448
-19443
-19379
-19290
-19273
-19256
-19206
-19175
-19164
-19152
-19150
-19143
-19136
-19136
-19121
-19109
-19104
-19088
-19035
-19011
-18941
-18937
-18931
-18925
-18914
-18900
-18891
-18875
-18847
-18776
-18755
-18740
-18689
-18687
-18682
-18673
-18652
-18628
-18622
-18582
-18565
-18564
-18531
-18516
-18501
-18468
-18459
-18427
-18426
-18402
-18395
-18346
-18338
-18301
-18298
-18278
-18264
-18243
-18229
-18204
-18204
-18201
-18124
-18093
-18063
-18057
-18028
-18015
-17903
-17895
-17870
-17864
-17790
-17790
-17767
-17764
-17719
-17714
-17687
-17685
-17677
-17632
-17630
-17624
-17616
-17615
-17564
-17557
-17536
-17523
-17505
-17482
-17468
-17467
-17436
-17412
-17409
-17349
-17339
-17336
-17307
-17295
-17295
-17294
-17274
-17213
-17205
-17161
-17097
-17069
-17061
-17021
-17005
-16995
-16985
-16984
-16983
-16978
-16968
-16953
-16929
-16907
-16894
-16856
-16848
-16832
-16823
-16822
-16822
-16814
-16808
-16748
-16725
-16715
-16704
-16692
-16683
-16673
-16647
-16618
-16615
-16613
-16600
-16593
-16568
-16558
-16547
-16543
-16529
-16517
-16515
-16513
-16509
-16506
-16486
-16484
-16467
-16466
-16433
-16427
-16410
-16388
-16361
-16326
-16312
-16282
-16275
-16237
-16162
-16159
-16139
-16128
-16103
-16073
-16050
-16042
-16014
-15986
-15969
-15940
-15931
-15923
-15903
-15842
-15826
-15813
-15811
-15807
-15799
-15793
-15785
-15761
-15727
-15723
-15696
-15687
-15678
-15664
-15624
-15615
-15610
-15608
-15571
-15561
-15546
-15521
-15517
-15422
-15378
-15357
-15332
-15308
-15299
-15289
-15287
-15215
-15215
-15210
-15195
-15169
-15153
-15137
-15119
-15108
-15107
-15096
-15096
-15072
-15056
-15043
-14997
-14938
-14908
-14899
-14850
-14832
-14826
-14824
-14811
-14729
-14696
-14685
-14669
-14636
-14632
-14579
-14577
-14561
-14549
-14548
-14529
-14511
-14511
-14508
-14479
-14458
-14431
-14412
-14378
-14350
-14344
-14323
-14320
-14281
-14276
-14240
-14237
-14204
-14156
-14098
-14080
-13985
-13978
-13963
-13934
-13909
-13829
-13817
-13801
-13768
-13749
-13735
-13678
-13664
-13645
-13563
-13548
-13443
-13379
-13350
-13347
-13313
-13285
-13271
-13260
-13250
-13249
-13169
-13142
-13117
-13078
-13071
-13037
-13035
-12977
-12968
-12942
-12935
-12902
-12876
-12850
-12828
-12784
-12729
-12714
-12707
-12699
-12658
-12655
-12645
-12645
-12620
-12617
-12605
-12597
-12592
-12553
-12549
-12519
-12516
-12471
-12456
-12455
-12421
-12417
-12398
-12395
-12378
-12353
-12328
-12315
-12299
-12298
-12297
-12262
-12254
-12206
-12173
-12155
-12148
-12144
-12099
-12071
-12061
-12058
-12056
-12045
-11988
-11985
-11982
-11978
-11977
-11947
-11932
-11918
-11892
-11884
-11862
-11817
-11793
-11791
-11771
-11771
-11742
-11669
-11667
-11652
-11641
-11632
-11597
-11573
-11547
-11535
-11463
-11442
-11441
-11412
-11392
-11387
-11386
-11380
-11318
-11269
-11241
-11238
-11190
-11182
-11171
-11150
-11132
-11103
-11080
-11060
-10997
-10984
-10976
-10963
-10940
-10932
-10872
-10869
-10860
-10854
-10818
-10805
-10804
-10793
-10772
-10754
-10723
-10713
-10700
-10686
-10624
-10610
-10585
-10580
-10534
-10529
-10493
-10464
-10449
-10438
-10413
-10410
-10408
-10393
-10372
-10317
-10312
-10263
-10259
-10242
-10214
-10167
-10166
-10156
-10143
-10110
-10049
-10039
-10031
-10029
-9986
-9960
-9953
-9946
-9913
-9886
-9865
-9817
-9804
-9787
-9717
-9692
-9682
-9680
-9677
-9673
-9649
-9615
-9531
-9512
-9504
-9492
-9460
-9451
-9446
-9405
-9378
-9351
-9343
-9313
-9283
-9280
-9271
-9270
-9232
-9194
-9187
-9155
-9072
-9048
-9037
-9028
-9016
-9010
-8998
-8998
-8989
-8973
-8973
-8967
-8929
-8927
-8899
-8878
-8873
-8798
-8780
-8753
-8621
-8608
-8585
-8566
-8538
-8532
-8527
-8525
-8521
-8483
-8451
-8449
-8431
-8429
-8428
-8391
-8382
-8373
-8336
-8331
-8318
-8291
-8207
-8194
-8175
-8154
-8147
-8137
-8112
-8100
-8099
-8072
-8070
-8063
-8020
-8018
-8018
-7963
-7957
-7950
-7919
-7916
-7896
-7887
-7886
-7871
-7863
-7850
-7832
-7813
-7773
-7767
-7744
-7721
-7704
-7690
-7655
-7644
-7642
-7633
-7614
-7613
-7533
-7512
-7431
-7413
-7404
-7401
-7397
-7363
-7358
-7320
-7307
-7295
-7291
-7263
-7262
-7256
-7249
-7231
-7221
-7163
-7158
-7136
-7114
-7112
-7092
-7083
-7073
-7039
-6999
-6999
-6959
-6945
-6917
-6914
-6913
-6890
-6872
-6834
-6824
-6820
-6816
-6795
-6757
-6747
-6719
-6665
-6642
-6615
-6581
-6471
-6457
-6455
-6446
-6436
-6431
-6417
-6415
-6398
-6382
-6363
-6361
-6358
-6311
-6283
-6267
-6225
-6221
-6172
-6170
-6143
-6129
-6122
-6119
-6108
-6075
-6075
-6074
-6051
-6049
-6039
-6034
-6022
-6007
-5971
-5970
-5947
-5926
-5911
-5836
-5817
-5816
-5689
-5671
-5655
-5652
-5641
-5624
-5614
-5614
-5606
-5589
-5589
-5587
-5491
-5470
-5441
-5398
-5392
-5307
-5266
-5191
-5180
-5165
-5148
-5057
-5051
-5035
-5035
-5030
-5019
-4997
-4986
-4980
-4956
-4855
-4837
-4817
-4799
-4795
-4786
-4768
-4757
-4742
-4731
-4729
-4702
-4683
-4682
-4677
-4674
-4657
-4642
-4640
-4622
-4610
-4529
-4517
-4501
-4439
-4435
-4433
-4432
-4420
-4416
-4415
-4401
-4392
-4374
-4373
-4366
-4360
-4356
-4349
-4327
-4322
-4301
-4300
-4266
-4247
-4242
-4235
-4228
-4183
-4169
-4126
-4093
-4077
-4072
-4051
-4013
-3990
-3985
-3977
-3972
-3959
-3903
-3879
-3839
-3771
-3751
-3743
-3731
-3727
-3702
-3691
-3653
-3637
-3615
-3598
-3582
-3555
-3494
-3488
-3437
-3430
-3429
-3427
-3370
-3365
-3351
-3350
-3341
-3324
-3275
-3259
-3244
-3212
-3165
-3143
-3131
-3121
-3107
-3066
-3064
-3045
-3030
-3012
-3004
-2965
-2955
-2946
-2925
-2914
-2901
-2877
-2876
-2858
-2843
-2822
-2811
-2793
-2770
-2751
-2740
-2714
-2707
-2698
-2696
-2650
-2632
-2619
-2596
-2555
-2547
-2534
-2526
-2510
-2459
-2455
-2440
-2384
-2364
-2345
-2271
-2264
-2258
-2258
-2205
-2199
-2094
-2083
-2073
-2004
-1994
-1966
-1949
-1947
-1920
-1914
-1910
-1900
-1860
-1854
-1825
-1820
-1808
-1796
-1722
-1700
-1672
-1664
-1608
-1598
-1574
-1571
-1505
-1467
-1465
-1408
-1405
-1398
-1374
-1360
-1351
-1347
-1346
-1339
-1332
-1324
-1289
-1287
-1274
-1266
-1231
-1166
-1121
-1112
-1111
-1080
-1070
-1056
-1006
-1006
-981
-967
-941
-935
-934
-917
-899
-897
-738
-734
-696
-666
-660
-658
-655
-597
-576
-575
-556
-551
-521
-498
-487
-486
-485
-466
-459
-412
-408
-406
-398
-388
-381
-352
-340
-313
-309
-295
-281
-265
-260
-223
-212
-206
-176
-142
-135
-84
-72
-55
-54
-38
-6
1
30
50
129
132
146
148
151
215
244
244
298
298
312
335
364
395
397
415
461
497
513
515
517
533
537
575
626
629
630
662
667
677
678
688
697
711
719
732
735
782
800
823
840
841
849
862
876
918
920
922
933
1008
1012
1018
1024
1025
1070
1077
1086
1093
1100
1124
1127
1136
1153
1161
1162
1205
1221
1264
1269
1284
1310
1336
1366
1421
1466
1468
1477
1482
1536
1559
1565
1569
1602
1636
1652
1698
1717
1766
1802
1816
1834
1835
1847
1863
1869
1875
1931
1939
1941
1964
1995
2015
2029
2032
2099
2123
2129
2133
2173
2219
2224
2268
2296
2303
2328
2335
2384
2415
2430
2452
2462
2476
2482
2527
2558
2561
2575
2578
2579
2589
2598
2617
2623
2649
2651
2654
2662
2696
2703
2708
2717
2756
2772
2802
2840
2856
2871
2889
2893
2913
2917
2920
2944
2971
2984
2987
2990
3019
3044
3060
3066
3071
3111
3123
3163
3177
3199
3219
3227
3229
3257
3268
3275
3317
3327
3347
3352
3371
3374
3418
3419
3424
3425
3426
3460
3463
3469
3593
3596
3619
3620
3624
3655
3663
3675
3690
3690
3715
3732
3741
3747
3779
3806
3814
3829
3855
3919
3955
3970
3970
4015
4042
4043
4054
4086
4091
4095
4111
4122
4125
4163
4171
4178
4201
4220
4230
4237
4246
4251
4266
4285
4297
4306
4346
4349
4351
4389
4419
4428
4492
4503
4504
4524
4531
4542
4547
4604
4662
4669
4683
4719
4746
4763
4767
4784
4797
4838
4895
4926
4927
4933
4935
4941
4978
4982
4985
4986
5003
5017
5052
5061
5068
5088
5091
5096
5140
5153
5154
5175
5228
5234
5236
5287
5345
5383
5410
5429
5432
5437
5444
5469
5483
5569
5631
5635
5655
5691
5717
5717
5718
5774
5819
5858
5894
5910
5920
5925
5929
5933
6045
6085
6112
6135
6167
6184
6212
6248
6268
6268
6284
6296
6314
6315
6382
6384
6410
6415
6431
6440
6463
6505
6515
6516
6526
6540
6561
6564
6587
6598
6617
6621
6621
6674
6722
6729
6780
6802
6810
6811
6844
6861
6861
6875
6894
6944
6954
6958
6989
7009
7033
7065
7096
7098
7108
7127
7147
7152
7157
7178
7187
7278
7304
7327
7340
7362
7394
7399
7411
7421
7437
7506
7507
7557
7579
7585
7588
7590
7596
7634
7653
7657
7673
7746
7773
7789
7790
7817
7836
7851
7858
7868
7869
7886
7904
7906
7912
7914
7929
7966
8008
8017
8029
8081
8084
8104
8126
8168
8178
8185
8191
8203
8254
8256
8271
8289
8316
8318
8338
8339
8346
8360
8372
8377
8389
8416
8419
8433
8490
8493
8513
8558
8579
8635
8645
8647
8649
8674
8687
8693
8705
8719
8722
8722
8731
8749
8770
8795
8803
8804
8825
8871
8873
8897
8927
8976
9044
9061
9062
9065
9069
9077
9097
9119
9140
9177
9194
9206
9236
9252
9252
9282
9341
9347
9349
9365
9366
9368
9405
9429
9437
9439
9466
9475
9479
9505
9584
9588
9594
9600
9624
9645
9649
9667
9674
9694
9715
9732
9733
9737
9750
9807
9808
9818
9834
9836
9844
9845
9892
9916
9919
9944
9980
9985
9986
10000
10022
10038
10047
10069
10074
10132
10153
10165
10192
10195
10201
10202
10213
10245
10303
10304
10348
10387
10391
10434
10449
10473
10478
10487
10493
10507
10508
10521
10573
10575
10579
10588
10598
10685
10705
10759
10764
10798
10830
10861
10875
10884
10909
10911
10940
10987
11031
11100
11103
11103
11105
11135
11143
11147
11156
11202
11327
11333
11349
11361
11373
11380
11384
11485
11511
11543
11563
11583
11584
11593
11613
11633
11657
11658
11660
11688
11689
11697
11704
11705
11711
11717
11725
11727
11770
11773
11777
11780
11804
11808
11812
11894
11905
11940
11945
11945
11963
11990
12038
12083
12094
12107
12131
12161
12171
12189
12218
12249
12305
12324
12325
12329
12333
12342
12369
12378
12384
12409
12425
12474
12485
12505
12549
12575
12578
12584
12646
12677
12691
12708
12717
12738
12820
12823
12862
12871
12922
12946
12968
12986
13056
13062
13071
13109
13194
13211
13213
13214
13215
13235
13238
13308
13329
13341
13344
13355
13362
13367
13382
13402
13450
13473
13502
13506
13536
13559
13569
13600
13662
13681
13709
13732
13732
13738
13760
13862
13865
13869
13879
13920
13953
13992
13992
14015
14024
14054
14070
14076
14080
14098
14122
14133
14140
14202
14215
14232
14248
14251
14259
14260
14261
14276
14288
14288
14352
14377
14412
14420
14426
14445
14457
14480
14488
14512
14517
14566
14567
14594
14603
14627
14663
14717
14724
14726
14771
14774
14785
14796
14796
14805
14808
14852
14859
14876
14909
14951
14977
15004
15050
15062
15085
15147
15154
15160
15193
15228
15230
15233
15243
15251
15254
15266
15318
15428
15483
15499
15513
15555
15581
15593
15593
15610
15621
15646
15692
15747
15754
15793
15812
15848
15866
15879
15932
15979
15984
15996
16019
16038
16051
16052
16052
16055
16063
16067
16070
16110
16121
16124
16133
16152
16178
16179
16251
16280
16294
16306
16310
16352
16359
16365
16382
16394
16404
16409
16432
16437
16444
16453
16466
16530
16542
16559
16559
16564
16568
16572
16577
16635
16637
16663
16696
16720
16760
16761
16765
16814
16817
16821
16826
16826
16854
16864
16867
16869
16873
16885
16892
16892
16905
16934
16950
16982
17003
17005
17013
17065
17065
17087
17087
17095
17129
17133
17148
17161
17166
17192
17198
17208
17268
17319
17337
17366
17381
17403
17422
17439
17493
17495
17496
17502
17588
17607
17615
17635
17650
17669
17675
17680
17680
17790
17802
17862
17897
17916
17944
17954
17955
17989
18009
18021
18026
18039
18093
18108
18129
18153
18163
18192
18199
18233
18248
18258
18268
18281
18319
18347
18380
18403
18405
18416
18439
18445
18455
18542
18559
18571
18588
18591
18604
18619
18632
18651
18660
18661
18688
18700
18704
18706
18714
18739
18748
18750
18777
18808
18818
18844
18859
18868
18871
18881
18946
18948
18966
18966
19003
19007
19022
19024
19041
19043
19062
19066
19081
19091
19138
19158
19192
19193
19220
19248
19271
19310
19318
19337
19351
19372
19440
19446
19479
19481
19485
19489
19496
19509
19516
19517
19555
19568
19590
19597
19609
19701
19703
19730
19739
19768
19772
19786
19791
19802
19806
19809
19850
19863
19896
19897
19905
19908
19988
19989
19999
20033
20039
20068
20099
20125
20147
20160
20160
20161
20173
20202
20203
20214
20218
20251
20269
20291
20302
20421
20422
20426
20427
20449
20454
20460
20465
20484
20498
20529
20556
20583
20619
20625
20626
20627
20628
20658
20662
20688
20690
20712
20712
20716
20732
20747
20817
20851
20873
20898
20919
20920
20998
21008
21021
21026
21028
21039
21119
21164
21174
21188
21195
21213
21232
21234
21244
21250
21251
21272
21277
21284
21285
21295
21336
21340
21365
21374
21381
21408
21426
21431
21441
21460
21465
21482
21491
21506
21509
21518
21541
21567
21591
21618
21630
21676
21681
21684
21705
21720
21741
21742
21745
21759
21772
21780
21786
21815
21851
21864
21875
21906
21936
21939
21958
21963
21976
21979
21990
22048
22060
22094
22129
22157
22178
22179
22231
22269
22279
22297
22301
22334
22365
22421
22436
22438
22446
22468
22473
22479
22507
22528
22552
22587
22596
22701
22723
22774
22808
22809
22818
22857
22902
22940
22952
22990
23005
23060
23066
23085
23088
23167
23173
23185
23237
23314
23361
23426
23428
23456
23467
23498
23498
23498
23533
23542
23550
23562
23569
23579
23587
23615
23676
23680
23699
23701
23707
23712
23714
23716
23733
23759
23825
23825
23835
23909
23924
23971
24010
24032
24035
24039
24066
24096
24101
24108
24126
24165
24167
24169
24177
24192
24216
24265
24311
24315
24317
24353
24360
24384
24385
24394
24410
24492
24495
24509
24580
24583
24665
24687
24692
24703
24706
24706
24716
24729
24762
24833
24846
24847
24871
24908
24909
24928
24935
24947
24952
24957
24991
25009
25027
25030
25031
25050
25065
25091
25117
25134
25149
25170
25205
25222
25224
25244
25248
25257
25272
25288
25311
25331
25335
25350
25350
25354
25361
25380
25382
25392
25420
25421
25431
25439
25439
25445
25453
25477
25505
25523
25570
25578
25612
25617
25626
25629
25658
25694
25724
25744
25780
25782
25793
25833
25844
25864
25865
25908
25935
25945
25994
25998
26013
26015
26037
26043
26049
26113
26127
26143
26147
26150
26150
26151
26159
26167
26272
26273
26299
26299
26304
26315
26324
26329
26340
26341
26355
26422
26426
26447
26452
26473
26542
26608
26631
26635
26638
26689
26702
26703
26724
26740
26745
26753
26784
26789
26798
26809
26836
26849
26850
26866
26868
26885
26920
26923
26961
26970
26983
27008
27048
27147
27151
27151
27160
27163
27198
27220
27232
27246
27255
27280
27282
27322
27335
27340
27367
27367
27368
27373
27407
27417
27424
27437
27442
27445
27477
27497
27501
27501
27517
27520
27531
27533
27534
27566
27604
27631
27653
27655
27671
27673
27693
27721
27754
27776
27811
27813
27848
27855
27864
27906
27911
27926
27937
27937
27946
27949
27972
27981
27982
28000
28022
28028
28041
28049
28196
28244
28249
28309
28315
28318
28341
28346
28358
28364
28369
28384
28409
28409
28436
28439
28449
28501
28525
28536
28539
28558
28575
28606
28606
28622
28644
28677
28682
28723
28761
28769
28776
28781
28845
28903
28931
28942
28949
28950
28955
28967
29009
29014
29015
29021
29034
29045
29092
29100
29136
29144
29159
29171
29206
29228
29251
29274
29280
29312
29322
29341
29359
29366
29393
29396
29401
29424
29429
29441
29448
29468
29473
29484
29486
29500
29512
29540
29553
29574
29645
29718
29724
29757
29781
29826
29862
29866
29873
29897
29920
29928
29932
29937
29943
29963
29988
30018
30021
30028
30066
30088
30133
30149
30150
30167
30177
30189
30214
30241
30275
30286
30296
30302
30315
30316
30322
30322
30329
30329
30347
30458
30474
30479
30527
30529
30532
30552
30569
30620
30633
30685
30686
30688
30696
30696
30706
30724
30741
30747
30753
30831
30838
30857
30860
30868
30894
30897
30900
30934
30950
30952
30986
30992
31003
31020
31021
31021
31040
31043
31083
31085
31117
31149
31161
31184
31229
31255
31308
31311
31356
31359
31370
31392
31411
31422
31429
31432
31439
31520
31556
31577
31587
31588
31600
31611
31616
31628
31642
31650
31661
31741
31752
31755
31820
31825
31827
31836
31873
31895
31929
31961
31963
31996
31996
32002
32004
32016
32029
32044
32070
32085
32107
32145
32150
32159
32188
32214
32223
32246
32265
32281
32310
32335
32357
32367
32378
32396
32397
32465
32465
32495
32531
32535
32537
32550
32592
32593
32601
32601
32605
32640
32660
32697
32712
32738
32754
32773
32774
32797
32838
32872
32912
32929
32932
32936
32996
32999
33024
33053
33091
33116
33136
33150
33198
33240
33305
33334
33371
33413
33440
33465
33478
33482
33487
33509
33527
33541
33596
33598
33634
33656
33670
33678
33696
33698
33698
33733
33751
33757
33846
33863
33917
33962
33975
33984
33984
33993
34013
34035
34036
34037
34047
34050
34067
34067
34070
34071
34115
34120
34157
34166
34170
34185
34204
34222
34302
34318
34333
34344
34366
34372
34396
34423
34454
34464
34476
34487
34500
34506
34511
34523
34618
34619
34619
34639
34664
34691
34709
34726
34741
34791
34801
34817
34825
34889
34890
34893
34986
35002
35024
35025
35030
35032
35039
35043
35062
35106
35119
35177
35205
35207
35246
35266
35287
35339
35341
35385
35398
35452
35470
35529
35568
35596
35611
35611
35678
35680
35723
35747
35753
35773
35787
35791
35806
35816
35868
35897
35903
35933
35943
35957
35998
36000
36066
36088
36094
36097
36144
36167
36194
36220
36233
36243
36244
36251
36254
36255
36276
36278
36312
36319
36333
36342
36375
36399
36426
36430
36437
36457
36457
36458
36467
36479
36496
36509
36511
36529
36537
36583
36596
36607
36684
36705
36708
36731
36740
36741
36780
36781
36781
36812
36829
36835
36855
36887
36889
36891
36904
36927
36954
36973
37016
37028
37076
37088
37195
37226
37236
37334
37343
37343
37357
37359
37400
37443
37486
37497
37517
37523
37541
37546
37556
37566
37617
37617
37627
37630
37632
37652
37667
37692
37697
37702
37759
37773
37775
37806
37835
37866
37873
37879
37881
37889
37891
37895
37939
37989
38007
38008
38009
38024
38027
38049
38067
38071
38075
38093
38147
38154
38161
38183
38204
38208
38236
38270
38277
38282
38298
38309
38322
38330
38346
38357
38381
38401
38424
38439
38448
38489
38490
38582
38597
38602
38603
38640
38644
38656
38658
38666
38703
38714
38741
38745
38769
38779
38813
38829
38846
38863
38884
38917
38936
38937
38940
38961
39031
39045
39050
39076
39115
39153
39166
39170
39187
39198
39227
39241
39278
39295
39321
39330
39343
39390
39408
39420
39472
39500
39503
39513
39530
39618
39638
39641
39652
39656
39658
39716
39775
39799
39801
39812
39852
39878
39878
39890
39892
39893
39896
39919
39920
39993
40000
40006
40033
40072
40091
40169
40194
40196
40214
40231
40280
40283
40364
40369
40413
40418
40429
40440
40446
40468
40493
40503
40510
40527
40534
40550
40558
40565
40584
40611
40645
40649
40653
40671
40672
40714
40721
40738
40749
40773
40793
40796
40811
40832
40844
40848
40853
40865
40866
40921
40937
40943
40946
40947
40967
40990
41033
41036
41056
41060
41096
41098
41122
41147
41212
41288
41306
41307
41317
41326
41342
41421
41429
41509
41548
41563
41592
41645
41666
41668
41669
41671
41717
41726
41733
41733
41737
41738
41744
41776
41811
41812
41841
41934
41934
41942
41949
41951
42019
42019
42039
42047
42107
42117
42138
42138
42169
42202
42215
42220
42220
42236
42266
42307
42335
42375
42389
42390
42399
42402
42413
42435
42442
42455
42458
42472
42497
42508
42513
42530
42533
42534
42540
42552
42579
42620
42623
42652
42664
42708
42739
42793
42802
42806
42812
42844
42847
42860
42869
42920
42965
43013
43025
43058
43111
43130
43141
43223
43244
43246
43279
43296
43299
43320
43337
43341
43396
43396
43398
43462
43465
43479
43484
43492
43505
43514
43544
43560
43572
43631
43639
43673
43675
43693
43709
43721
43723
43726
43735
43738
43742
43755
43777
43793
43800
43814
43879
43881
43958
44005
44006
44025
44049
44085
44087
44117
44121
44144
44174
44185
44227
44237
44256
44259
44262
44268
44286
44316
44353
44361
44364
44375
44379
44393
44400
44426
44435
44458
44500
44503
44525
44530
44551
44572
44617
44649
44658
44676
44734
44755
44766
44785
44797
44802
44807
44824
44853
44878
44881
44912
44927
44930
44959
44993
45013
45034
45073
45078
45085
45111
45132
45172
45218
45233
45246
45263
45278
45299
45315
45342
45393
45396
45414
45443
45444
45467
45480
45542
45571
45613
45689
45711
45739
45866
45867
45895
46024
46046
46084
46086
46087
46101
46168
46174
46206
46214
46227
46236
46245
46246
46284
46285
46288
46294
46298
46312
46324
46351
46361
46365
46373
46390
46403
46457
46464
46479
46498
46552
46562
46570
46578
46601
46649
46693
46711
46747
46763
46809
46816
46826
46889
46951
46957
46995
47022
47039
47051
47068
47090
47092
47118
47203
47223
47235
47262
47286
47288
47317
47328
47358
47380
47389
47447
47458
47478
47497
47506
47521
47572
47604
47627
47636
47657
47671
47701
47704
47763
47788
47809
47835
47850
47855
47873
47879
47911
47938
47971
47974
47986
47989
48003
48050
48064
48065
48076
48106
48134
48140
48155
48173
48199
48209
48243
48253
48255
48268
48282
48290
48312
48333
48334
48378
48394
48412
48449
48452
48459
48467
48483
48491
48493
48523
48530
48547
48558
48569
48619
48623
48639
48657
48672
48712
48734
48742
48754
48777
48809
48818
48822
48831
48857
48871
48872
48894
48896
48900
48963
48968
49010
49023
49025
49025
49094
49146
49197
49201
49211
49214
49214
49233
49249
49265
49310
49310
49319
49332
49332
49348
49387
49408
49437
49528
49615
49620
49623
49658
49708
49738
49739
49742
49765
49773
49805
49814
49832
49847
49864
49880
49894
49895
49947
49953
49958
49985
50020
50023
50029
50085
50095
50115
50121
50127
50136
50187
50228
50259
50301
50368
50412
50440
50446
50447
50451
50461
50463
50478
50498
50505
50520
50520
50533
50542
50547
50558
50613
50675
50709
50740
50760
50768
50808
50817
50896
50929
50949
50952
50953
50957
50960
50977
50979
50982
51001
51064
51133
51138
51140
51157
51198
51205
51211
51244
51245
51276
51287
51288
51296
51312
51348
51366
51366
51371
51372
51392
51472
51476
51481
51521
51532
51591
51594
51598
51612
51638
51640
51641
51657
51689
51705
51726
51734
51763
51801
51837
51842
51865
51870
51905
51938
51939
51992
52012
52034
52050
52074
52076
52079
52091
52102
52137
52154
52156
52195
52205
52220
52238
52245
52257
52267
52278
52282
52299
52302
52303
52329
52353
52377
52428
52436
52497
52541
52541
52551
52606
52617
52622
52629
52645
52653
52661
52674
52685
52687
52706
52712
52766
52772
52821
52823
52826
52830
52836
52854
52857
52870
52884
52929
52938
52970
52987
53018
53049
53059
53099
53102
53141
53163
53176
53176
53241
53245
53252
53265
53273
53276
53287
53305
53314
53320
53326
53371
53403
53413
53421
53486
53487
53578
53587
53592
53593
53595
53599
53622
53644
53667
53673
53707
53715
53716
53724
53730
53741
53764
53821
53826
53881
53918
53920
53926
53959
53987
54007
54015
54017
54058
54124
54127
54134
54173
54180
54186
54200
54215
54218
54231
54266
54296
54332
54334
54353
54370
54379
54404
54404
54446
54461
54478
54567
54593
54603
54669
54671
54673
54711
54750
54761
54773
54777
54792
54805
54826
54846
54874
54918
54922
54945
54961
54968
54974
54986
54989
54992
55010
55057
55143
55256
55257
55309
55329
55330
55343
55372
55420
55466
55523
55523
55573
55602
55621
55623
55658
55671
55682
55691
55730
55755
55763
55810
55815
55845
55882
55923
55927
55938
56015
56028
56071
56080
56091
56128
56147
56207
56260
56264
56348
56349
56399
56429
56432
56440
56520
56542
56545
56572
56605
56606
56610
56618
56700
56727
56732
56746
56749
56751
56810
56831
56834
56882
56899
56938
56952
57020
57043
57055
57056
57107
57119
57142
57183
57248
57252
57265
57283
57292
57309
57310
57329
57391
57391
57408
57418
57433
57445
57449
57499
57515
57543
57554
57557
57579
57581
57581
57586
57588
57609
57613
57675
57691
57703
57705
57712
57756
57761
57817
57832
57849
57855
57865
57866
57887
57900
57915
57917
57967
58018
58023
58026
58053
58064
58111
58120
58193
58225
58233
58237
58252
58256
58272
58287
58326
58348
58355
58370
58387
58396
58409
58422
58429
58430
58433
58434
58441
58466
58477
58482
58484
58527
58551
58624
58646
58657
58673
58693
58702
58779
58810
58813
58849
58852
58905
58910
58982
58983
58994
59010
59022
59024
59035
59047
59077
59080
59090
59095
59111
59134
59138
59156
59200
59248
59279
59326
59358
59359
59365
59376
59377
59390
59416
59437
59440
59530
59575
59592
59641
59653
59662
59665
59677
59682
59682
59692
59697
59721
59765
59780
59815
59874
59892
59893
59906
59936
59943
59961
59964
59981
59999
60017
60069
60114
60123
60173
60175
60196
60204
60212
60218
60254
60269
60279
60309
60335
60336
60378
60383
60386
60390
60398
60425
60429
60432
60433
60435
60440
60534
60551
60587
60588
60629
60669
60670
60711
60726
60729
60792
60810
60850
60883
60964
60994
61014
61096
61124
61142
61142
61150
61173
61201
61214
61221
61222
61238
61246
61269
61273
61310
61318
61341
61354
61370
61371
61372
61376
61426
61441
61500
61553
61587
61628
61631
61635
61662
61664
61665
61689
61690
61705
61712
61724
61739
61790
61807
61807
61811
61838
61844
61853
61855
61892
61961
61995
62000
62000
62001
62049
62074
62103
62117
62118
62150
62157
62189
62191
62195
62197
62197
62269
62282
62282
62291
62316
62318
62322
62335
62343
62346
62362
62407
62423
62425
62450
62527
62585
62622
62666
62708
62744
62752
62762
62766
62793
62853
62860
62870
62931
62934
62942
62959
62996
63006
63011
63017
63029
63037
63070
63118
63119
63137
63157
63172
63234
63242
63245
63300
63302
63304
63322
63324
63329
63330
63380
63388
63399
63443
63460
63496
63507
63509
63512
63521
63532
63541
63545
63604
63605
63610
63612
63621
63632
63640
63651
63667
63697
63705
63706
63739
63746
63751
63751
63776
63793
63840
63849
63853
63879
63893
63895
63949
63951
63952
63957
63967
63989
64004
64028
64029
64080
64118
64162
64162
64213
64245
64252
64287
64308
64377
64377
64429
64430
64453
64454
64457
64467
64485
64492
64493
64522
64553
64589
64595
64623
64624
64637
64659
64691
64700
64733
64769
64794
64824
64877
64890
64910
64939
64953
64969
65047
65057
65069
65079
65086
65089
65091
65097
65123
65127
65187
65199
65211
65234
65265
65273
65274
65280
65288
65297
65304
65333
65421
65440
65500
65579
65604
65605
65606
65607
65626
65627
65639
65648
65674
65674
65708
65709
65769
65782
65789
65791
65826
65854
65888
65895
65926
65958
65970
65983
66008
66026
66037
66067
66137
66163
66219
66229
66260
66271
66297
66333
66385
66398
66430
66457
66486
66497
66519
66526
66545
66551
66585
66608
66628
66630
66644
66645
66658
66676
66684
66723
66746
66754
66806
66818
66828
66841
66844
66844
66850
66858
66864
66893
66897
66918
66921
66936
66989
67005
67026
67028
67085
67094
67105
67162
67186
67192
67208
67211
67242
67301
67318
67322
67346
67358
67390
67403
67406
67409
67431
67454
67456
67463
67493
67495
67498
67502
67504
67508
67556
67563
67570
67573
67578
67580
67589
67617
67627
67656
67680
67683
67705
67826
67846
67847
67855
67855
67856
67867
67869
67891
67918
67928
67940
67978
67991
68000
68021
68049
68087
68097
68126
68132
68253
68257
68281
68293
68293
68323
68336
68349
68368
68375
68379
68426
68440
68447
68451
68458
68461
68470
68484
68512
68533
68566
68591
68710
68747
68751
68781
68813
68840
68851
68864
68869
68896
68966
69019
69019
69020
69028
69078
69106
69113
69116
69119
69131
69138
69151
69155
69155
69165
69168
69176
69188
69200
69219
69220
69225
69234
69241
69252
69260
69290
69294
69312
69378
69396
69399
69405
69428
69446
69464
69504
69504
69508
69523
69533
69534
69540
69569
69585
69600
69637
69676
69686
69714
69720
69764
69768
69786
69836
69857
69862
69873
69910
69949
69956
69971
70019
70022
70060
70127
70156
70164
70232
70237
70255
70291
70310
70314
70327
70328
70330
70353
70360
70369
70376
70391
70399
70404
70418
70423
70424
70495
70503
70556
70567
70580
70586
70596
70601
70643
70666
70714
70723
70774
70781
70821
70860
70874
70878
70887
70911
70922
70930
70951
70997
71015
71049
71074
71092
71096
71097
71138
71187
71194
71224
71254
71255
71268
71288
71317
71417
71422
71469
71474
71554
71567
71592
71598
71606
71609
71615
71620
71622
71670
71677
71677
71700
71707
71707
71758
71767
71781
71782
71822
71880
71904
71916
71954
71961
71970
71971
71976
72006
72037
72043
72051
72090
72150
72236
72253
72281
72306
72342
72346
72401
72411
72441
72473
72473
72488
72533
72588
72619
72642
72652
72682
72684
72685
72708
72710
72747
72749
72826
72849
72853
72866
72871
72908
72923
72964
72968
73040
73046
73109
73128
73130
73131
73139
73154
73175
73219
73268
73269
73292
73299
73331
73332
73339
73366
73502
73542
73543
73546
73566
73613
73631
73659
73670
73688
73702
73717
73719
73723
73814
73831
73841
73918
73946
74068
74114
74115
74125
74132
74133
74143
74147
74176
74180
74248
74265
74296
74343
74393
74403
74426
74442
74453
74462
74513
74519
74532
74595
74600
74632
74670
74683
74690
74745
74768
74770
74770
74790
74811
74847
74869
74879
74882
74939
74978
75011
75046
75103
75115
75146
75176
75184
75235
75269
75309
75332
75334
75336
75358
75368
75375
75401
75480
75480
75521
75532
75567
75570
75589
75632
75632
75638
75645
75662
75667
75682
75687
75696
75705
75706
75721
75754
75775
75826
75848
75901
75904
76012
76016
76019
76029
76031
76062
76081
76101
76141
76154
76165
76218
76219
76220
76245
76245
76272
76322
76334
76336
76347
76355
76382
76428
76434
76477
76487
76502
76532
76548
76572
76572
76578
76605
76629
76646
76762
76772
76808
76821
76838
76874
76878
76878
76906
76931
76966
76975
77003
77015
77019
77029
77030
77034
77040
77060
77066
77082
77088
77092
77097
77122
77130
77137
77151
77163
77170
77190
77196
77206
77236
77282
77285
77293
77313
77340
77371
77433
77453
77475
77516
77612
77643
77650
77688
77701
77710
77714
77719
77720
77731
77779
77783
77793
77828
77831
77835
77844
77854
77934
77935
77936
77947
77950
77983
77991
77991
78010
78011
78013
78017
78023
78072
78073
78081
78089
78137
78153
78184
78223
78288
78290
78290
78292
78315
78328
78384
78395
78395
78427
78431
78432
78435
78470
78473
78497
78499
78499
78507
78511
78518
78535
78602
78604
78641
78690
78703
78734
78779
78787
78840
78842
78857
78859
78886
78917
78918
78926
78937
78955
78974
78982
79027
79062
79086
79122
79134
79143
79159
79184
79194
79197
79238
79247
79272
79283
79298
79315
79342
79359
79370
79395
79396
79411
79426
79442
79446
79450
79488
79579
79606
79626
79658
79686
79688
79690
79713
79717
79720
79732
79743
79771
79779
79797
79801
79832
79833
79859
79894
79914
80020
80047
80071
80080
80104
80106
80130
80130
80161
80165
80177
80186
80201
80214
80223
80246
80246
80264
80289
80297
80320
80351
80372
80394
80403
80413
80416
80440
80512
80514
80570
80616
80620
80641
80694
80699
80730
80742
80769
80806
80820
80858
80862
80870
80871
80876
80917
80925
80932
80983
80991
80999
81007
81010
81043
81068
81107
81120
81151
81164
81193
81199
81209
81209
81226
81249
81294
81298
81312
81314
81327
81332
81397
81547
81579
81604
81607
81638
81646
81681
81697
81707
81727
81750
81751
81772
81792
81800
81804
81821
81877
81891
81901
81905
81918
81925
81974
82017
82047
82068
82086
82105
82139
82143
82145
82161
82225
82238
82247
82415
82447
82462
82486
82493
82498
82506
82572
82580
82624
82628
82637
82646
82649
82656
82688
82702
82726
82747
82788
82818
82841
82841
82876
82895
82917
82917
82918
83014
83031
83068
83138
83181
83190
83191
83195
83219
83251
83302
83337
83350
83355
83423
83427
83466
83480
83501
83546
83563
83571
83572
83632
83650
83660
83663
83664
83674
83700
83704
83709
83752
83767
83807
83832
83838
83868
83881
83903
83923
83972
83975
83992
84026
84031
84032
84045
84054
84061
84078
84079
84096
84107
84110
84146
84162
84190
84207
84241
84248
84266
84286
84300
84309
84330
84354
84364
84365
84367
84386
84400
84401
84464
84491
84494
84494
84521
84523
84542
84569
84570
84604
84608
84692
84702
84727
84754
84768
84779
84780
84781
84784
84802
84819
84821
84874
84883
84919
84946
84966
84980
84986
84989
84991
85049
85140
85169
85240
85243
85246
85277
85339
85345
85359
85367
85395
85399
85425
85462
85477
85478
85513
85521
85536
85555
85575
85576
85621
85631
85682
85699
85732
85743
85749
85753
85783
85788
85802
85880
85881
85907
85953
85960
85965
86000
86006
86009
86049
86058
86070
86074
86089
86134
86158
86167
86193
86197
86209
86212
86227
86231
86232
86232
86241
86257
86276
86298
86323
86327
86327
86331
86376
86430
86454
86503
86530
86544
86550
86568
86578
86623
86637
86641
86675
86693
86694
86705
86716
86756
86776
86809
86850
86853
86874
86892
86900
86944
86963
86966
86968
86971
86984
86988
87006
87017
87023
87025
87030
87031
87033
87035
87055
87059
87059
87080
87082
87091
87119
87134
87136
87157
87184
87207
87229
87317
87327
87328
87344
87349
87413
87418
87480
87504
87530
87532
87548
87639
87660
87664
87678
87734
87752
87753
87754
87791
87866
87879
87883
87886
87926
87929
87946
87949
87977
87977
87982
87994
88000
88003
88016
88031
88032
88040
88057
88062
88070
88075
88084
88121
88123
88141
88181
88199
88216
88270
88277
88283
88299
88305
88386
88391
88392
88406
88436
88441
88458
88489
88489
88539
88540
88541
88544
88552
88584
88590
88595
88603
88609
88625
88625
88660
88696
88740
88746
88781
88807
88818
88827
88832
88838
88862
88875
88883
88885
88892
88948
88979
88981
88983
88998
89006
89011
89026
89040
89043
89043
89060
89079
89088
89108
89119
89136
89140
89203
89256
89257
89260
89276
89283
89305
89307
89315
89330
89339
89339
89355
89378
89389
89418
89435
89452
89473
89537
89538
89543
89565
89565
89643
89662
89697
89726
89743
89750
89772
89783
89816
89819
89820
89839
89849
89888
89897
89914
89944
89961
89970
89977
90009
90019
90052
90094
90106
90131
90133
90142
90172
90179
90179
90248
90258
90260
90304
90304
90308
90311
90325
90342
90347
90397
90401
90449
90453
90455
90476
90497
90504
90523
90555
90562
90575
90605
90609
90631
90635
90651
90652
90665
90673
90684
90706
90721
90738
90774
90781
90803
90808
90844
90875
90903
90916
90930
90934
90980
90981
91000
91000
91053
91071
91094
91099
91131
91136
91141
91160
91251
91321
91324
91336
91339
91354
91375
91409
91436
91438
91440
91456
91464
91512
91516
91519
91537
91543
91545
91549
91566
91591
91593
91601
91645
91665
91677
91680
91702
91739
91742
91745
91806
91808
91831
91891
91919
91947
91951
91962
91965
91993
92061
92080
92113
92153
92188
92231
92249
92264
92264
92283
92288
92310
92351
92359
92380
92403
92409
92432
92446
92477
92480
92490
92496
92507
92511
92516
92541
92572
92578
92582
92600
92615
92645
92679
92719
92732
92768
92769
92780
92783
92787
92805
92836
92863
92927
92942
93024
93037
93040
93099
93124
93174
93180
93184
93202
93221
93228
93261
93270
93287
93287
93309
93349
93365
93376
93432
93448
93451
93453
93464
93470
93476
93481
93523
93541
93578
93597
93604
93606
93620
93621
93622
93627
93640
93648
93679
93687
93688
93697
93744
93757
93804
93806
93809
93823
93829
93833
93883
93924
93941
93948
93949
93977
93981
93988
94033
94037
94078
94123
94124
94165
94176
94204
94223
94262
94264
94273
94276
94280
94302
94305
94347
94394
94430
94430
94480
94480
94489
94498
94516
94578
94579
94594
94603
94626
94645
94679
94690
94707
94731
94781
94809
94831
94851
94895
94931
94933
94946
94963
94994
95047
95051
95069
95082
95114
95172
95185
95190
95192
95277
95278
95281
95307
95334
95338
95358
95373
95400
95418
95459
95462
95474
95538
95548
95593
95624
95647
95655
95665
95686
95716
95744
95756
95768
95773
95774
95800
95815
95843
95848
95851
95863
95905
95923
95953
95983
96016
96038
96045
96053
96059
96085
96105
96106
96135
96159
96162
96163
96188
96190
96197
96199
96234
96278
96279
96288
96309
96338
96343
96354
96354
96365
96469
96496
96505
96549
96564
96589
96594
96621
96627
96694
96705
96709
96719
96759
96790
96796
96804
96829
96838
96859
96861
96862
96867
96874
96895
96971
96979
97032
97047
97050
97064
97106
97120
97138
97146
97153
97155
97157
97164
97184
97208
97213
97289
97349
97357
97388
97401
97408
97409
97454
97495
97506
97529
97563
97568
97571
97592
97599
97599
97608
97630
97639
97652
97662
97665
97706
97737
97783
97785
97809
97855
97917
97918
97926
97927
97961
97981
97984
97998
98019
98027
98054
98080
98083
98099
98102
98103
98128
98136
98138
98156
98163
98186
98207
98237
98246
98247
98278
98298
98298
98300
98301
98324
98388
98389
98395
98396
98400
98415
98453
98464
98492
98492
98495
98551
98561
98573
98590
98601
98618
98647
98705
98716
98786
98793
98803
98838
98854
98868
98927
98943
98953
98986
98999
99078
99090
99095
99104
99115
99116
99121
99142
99143
99153
99161
99178
99249
99252
99265
99341
99364
99366
99417
99426
99437
99462
99478
99479
99494
99551
99571
99622
99635
99646
99655
99655
99658
99661
99690
99747
99752
99756
99788
99856
99893
99905
99913
99923
99934
99967
100030
100044
100063
100088
100155
100341
100347
100430
100431
100500
100536
100538
100548
100575
100590
100613
100619
100621
100638
100722
100723
100729
100773
100845
100889
100909
100927
100936
100956
100958
100992
101007
101019
101029
101036
101046
101149
101155
101161
101182
101217
101229
101238
101239
101240
101258
101258
101261
101281
101292
101301
101304
101308
101315
101338
101374
101379
101393
101420
101450
101477
101495
101495
101526
101561
101562
101579
101601
101713
101738
101749
101776
101777
101779
101798
101810
101842
101857
101863
101910
101916
101959
101975
101988
102025
102026
102059
102113
102122
102146
102183
102199
102244
102253
102301
102350
102417
102419
102427
102455
102583
102590
102611
102611
102625
102753
102801
102888
102904
102905
102907
102907
102912
102914
102914
102925
102932
102966
102992
103027
103042
103060
103070
103085
103111
103132
103139
103146
103147
103153
103156
103184
103187
103219
103246
103253
103271
103293
103326
103356
103389
103417
103423
103439
103441
103486
103510
103530
103544
103607
103651
103674
103717
103729
103739
103746
103752
103753
103784
103801
103822
103841
103866
103870
103935
103951
103952
103972
103975
103983
103992
104044
104093
104146
104150
104163
104168
104182
104210
104232
104235
104268
104273
104304
104307
104317
104338
104340
104359
104390
104411
104419
104436
104457
104526
104533
104550
104550
104558
104568
104588
104621
104625
104627
104660
104670
104711
104741
104751
104758
104766
104773
104778
104785
104846
104847
104861
104870
104925
104926
104931
104954
105028
105039
105054
105065
105097
105101
105107
105113
105122
105161
105167
105180
105193
105223
105236
105240
105262
105265
105278
105298
105298
105311
105324
105330
105336
105338
105342
105354
105360
105378
105399
105430
105449
105471
105492
105507
105515
105569
105573
105575
105607
105642
105646
105648
105658
105739
105758
105771
105780
105857
105888
105904
105912
105927
105970
105974
106043
106056
106059
106064
106088
106088
106103
106114
106118
106124
106131
106132
106135
106149
106168
106178
106186
106206
106208
106224
106236
106272
106287
106288
106297
106343
106344
106370
106371
106374
106383
106390
106390
106392
106408
106422
106430
106468
106482
106523
106547
106549
106620
106666
106714
106728
106779
106799
106811
106812
106838
106838
106902
106917
106919
106933
106944
106974
106975
106984
106998
107026
107027
107052
107058
107074
107133
107170
107176
107219
107258
107342
107378
107424
107472
107492
107498
107525
107535
107556
107587
107592
107597
107677
107678
107690
107728
107730
107746
107747
107776
107822
107832
107844
107891
107944
107961
107968
107976
107979
107988
108017
108054
108077
108124
108132
108151
108215
108236
108239
108264
108264
108300
108365
108366
108369
108375
108391
108402
108414
108450
108472
108473
108481
108521
108528
108531
108536
108554
108557
108559
108567
108622
108625
108651
108658
108700
108718
108722
108724
108730
108735
108749
108766
108776
108793
108799
108831
108877
108878
108896
108900
108922
108966
108974
109028
109038
109060
109085
109087
109108
109119
109165
109180
109206
109283
109360
109376
109397
109430
109445
109503
109510
109514
109522
109537
109554
109554
109562
109565
109565
109569
109580
109584
109624
109647
109669
109677
109685
109697
109726
109732
109733
109772
109815
109816
109850
109851
109862
109870
109921
109931
109932
109932
109938
109953
109966
109967
109971
109973
110003
110004
110005
110051
110056
110105
110135
110152
110156
110158
110165
110168
110180
110267
110268
110283
110291
110376
110382
110402
110420
110461
110466
110493
110516
110519
110526
110533
110535
110542
110567
110583
110584
110601
110601
110632
110643
110660
110671
110676
110680
110700
110712
110725
110728
110728
110784
110803
110805
110808
110817
110830
110834
110837
110846
110886
110975
110996
111032
111051
111067
111074
111128
111131
111135
111136
111146
111158
111166
111218
111233
111237
111265
111297
111316
111325
111338
111347
111368
111388
111427
111453
111462
111490
111553
111562
111652
111660
111677
111723
111738
111774
111786
111847
111890
111900
111907
111907
111930
111936
111944
111994
112035
112056
112084
112088
112108
112123
112128
112187
112221
112232
112235
112242
112248
112279
112309
112320
112327
112399
112432
112434
112456
112471
112508
112527
112527
112536
112541
112553
112600
112603
112611
112612
112628
112635
112812
112865
112872
112879
112880
112940
112950
112969
112989
113030
113036
113073
113077
113119
113127
113164
113166
113193
113205
113205
113262
113345
113384
113397
113405
113416
113423
113423
113464
113509
113555
113581
113598
113616
113621
113638
113683
113703
113706
113758
113764
113769
113789
113800
113806
113816
113834
113835
113838
113841
113846
113853
113872
113881
113881
113926
113947
113960
113996
113997
114055
114062
114066
114075
114126
114147
114162
114196
114244
114253
114266
114267
114316
114324
114347
114364
114370
114385
114425
114472
114474
114488
114497
114509
114549
114560
114601
114616
114651
114716
114742
114745
114750
114775
114835
114850
114850
114860
114889
114917
114929
114971
114982
114997
115005
115008
115031
115122
115162
115187
115201
115213
115253
115266
115271
115288
115288
115302
115306
115318
115336
115396
115416
115430
115494
115495
115570
115610
115634
115655
115666
115681
115683
115694
115699
115732
115741
115756
115767
115795
115802
115802
115811
115875
115898
115917
115937
115971
116007
116008
116020
116082
116098
116101
116151
116207
116233
116240
116257
116284
116324
116378
116383
116388
116397
116401
116432
116432
116521
116525
116542
116611
116614
116614
116617
116651
116672
116701
116714
116717
116718
116724
116738
116752
116768
116800
116809
116827
116894
116906
116920
116937
116938
116987
117000
117061
117072
117097
117110
117114
117128
117158
117164
117196
117207
117232
117259
117299
117301
117312
117314
117314
117319
117349
117357
117369
117374
117384
117416
117419
117440
117502
117529
117546
117547
117560
117564
117595
117609
117644
117670
117692
117705
117716
117723
117745
117769
117785
117787
117789
117800
117870
117879
117889
117943
117947
117999
118001
118019
118067
118075
118095
118106
118126
118136
118151
118160
118220
118237
118243
118310
118319
118388
118415
118439
118457
118471
118476
118477
118509
118510
118521
118540
118548
118548
118553
118570
118599
118602
118603
118626
118647
118647
118672
118685
118708
118729
118745
118747
118754
118759
118762
118767
118771
118793
118812
118858
118871
118918
118923
118966
119001
119015
119015
119019
119035
119038
119057
119068
119069
119107
119118
119151
119188
119217
119236
119261
119270
119293
119305
119350
119378
119382
119391
119415
119427
119434
119452
119474
119503
119509
119566
119615
119624
119632
119635
119654
119667
119667
119696
119714
119737
119738
119747
119789
119792
119835
119849
119869
119883
119900
119906
119958
119969
119974
119996
120029
120040
120050
120094
120150
120151
120152
120206
120256
120265
120293
120301
120313
120332
120337
120340
120381
120386
120412
120463
120468
120473
120490
120523
120524
120527
120529
120541
120542
120549
120556
120561
120595
120611
120625
120650
120730
120762
120787
120821
120824
120857
120905
120925
120935
120937
120972
120976
121050
121065
121065
121067
121069
121079
121084
121085
121087
121135
121135
121146
121148
121156
121179
121188
121236
121238
121261
121322
121324
121373
121399
121408
121426
121471
121502
121526
121562
121564
121595
121602
121609
121652
121652
121669
121676
121689
121694
121717
121729
121746
121766
121786
121809
121850
121880
121893
121898
121907
121929
121963
121969
121970
121992
121996
122068
122087
122093
122103
122106
122119
122146
122162
122180
122234
122253
122258
122291
122303
122329
122346
122362
122384
122429
122440
122453
122484
122520
122523
122541
122566
122588
122591
122604
122620
122664
122668
122693
122728
122737
122748
122749
122751
122758
122780
122789
122808
122813
122859
122892
122946
122946
123006
123009
123019
123021
123065
123096
123115
123118
123163
123195
123198
123219
123233
123242
123270
123273
123275
123346
123369
123396
123410
123416
123426
123431
123433
123437
123473
123491
123499
123504
123530
123567
123579
123583
123590
123610
123615
123640
123647
123649
123658
123668
123681
123693
123705
123734
123739
123747
123748
123774
123783
123785
123826
123871
123879
123911
123953
123973
123973
124014
124021
124025
124046
124123
124145
124156
124175
124184
124197
124201
124229
124245
124246
124268
124287
124288
124293
124309
124331
124394
124468
124570
124613
124618
124715
124731
124757
124766
124770
124798
124800
124817
124827
124847
124847
124881
124885
124887
124891
124910
124967
124978
124982
125006
125032
125036
125046
125078
125124
125167
125201
125268
125281
125302
125349
125358
125362
125373
125394
125399
125418
125424
125456
125475
125485
125530
125592
125597
125635
125674
125725
125765
125815
125837
125857
125875
125904
125927
125957
125985
126019
126021
126030
126073
126082
126094
126118
126143
126147
126154
126156
126158
126162
126165
126174
126209
126215
126261
126272
126280
126291
126343
126356
126361
126382
126416
126448
126475
126491
126500
126550
126554
126576
126596
126633
126721
126757
126770
126771
126777
126778
126787
126787
126808
126809
126823
126837
126862
126875
126880
126909
126919
126921
126924
126940
126974
127010
127032
127066
127133
127136
127162
127195
127205
127275
127296
127324
127347
127395
127474
127487
127526
127601
127668
127695
127781
127798
127857
127870
127914
127944
127949
127952
127983
127993
128020
128028
128040
128045
128057
128073
128074
128093
128127
128162
128167
128195
128212
128231
128237
128244
128247
128247
128274
128302
128313
128344
128382
128394
128398
128404
128416
128433
128465
128493
128513
128520
128559
128597
128603
128622
128635
128638
128670
128712
128714
128738
128745
128776
128780
128780
128791
128798
128820
128906
128916
128924
128937
128946
128965
129014
129036
129096
129097
129099
129107
129108
129188
129209
129216
129230
129236
129252
129287
129295
129300
129307
129340
129345
129360
129362
129370
129430
129434
129465
129468
129493
129501
129502
129506
129529
129572
129602
129612
129617
129618
129624
129627
129634
129655
129656
129684
129686
129699
129709
129738
129763
129765
129775
129799
129816
129833
129838
129842
129865
129885
129901
129903
129934
129967
129982
129986
129989
130025
130041
130059
130065
130072
130123
130167
130168
130186
130202
130223
130230
130242
130278
130323
130333
130346
130361
130366
130440
130476
130478
130482
130562
130575
130614
130670
130671
130725
130731
130739
130743
130746
130760
130772
130777
130793
130819
130835
130873
130876
130893
130906
130938
130948
130966
130975
131021
131025
131027
131028
131040
131048
131059
131063
131065
131066
131096
131125
131174
131190
131242
131246
131279
131284
131344
131347
131358
131361
131369
131370
131398
131401
131449
131451
131459
131460
131465
131520
131527
131542
131561
131566
131610
131615
131629
131638
131688
131707
131740
131759
131768
131784
131801
131824
131828
131840
131867
131868
131876
131922
131929
131987
131992
132029
132036
132050
132093
132126
132143
132169
132176
132204
132206
132311
132356
132400
132401
132417
132422
132430
132435
132437
132443
132470
132481
132484
132546
132564
132570
132576
132637
132644
132670
132673
132680
132761
132765
132785
132794
132804
132823
132825
132846
132872
132894
132908
132919
132923
132927
132937
132959
132987
133017
133018
133035
133035
133035
133080
133100
133119
133150
133163
133174
133178
133242
133267
133268
133276
133289
133310
133312
133339
133340
133469
133491
133516
133542
133557
133557
133581
133602
133632
133633
133641
133654
133711
133720
133744
133768
133791
133793
133798
133805
133812
133849
133851
133859
133885
133922
133929
133933
133958
133980
133993
133997
134045
134061
134079
134085
134096
134096
134100
134100
134114
134204
134208
134231
134348
134381
134404
134423
134431
134439
134454
134467
134493
134499
134517
134525
134582
134629
134648
134653
134654
134716
134743
134809
134812
134814
134815
134852
134874
134892
134926
134935
134937
134943
134949
134984
135016
135020
135022
135024
135059
135069
135074
135172
135184
135190
135191
135207
135232
135233
135238
135250
135271
135319
135395
135415
135416
135425
135444
135472
135563
135579
135583
135586
135598
135612
135629
135650
135661
135662
135689
135704
135705
135740
135777
135790
135800
135806
135852
135891
135925
135937
135948
135980
135984
135987
136023
136034
136064
136082
136089
136105
136106
136107
136144
136151
136154
136229
136243
136279
136329
136346
136355
136357
136367
136443
136469
136503
136508
136512
136518
136598
136601
136610
136624
136641
136645
136654
136661
136668
136673
136738
136753
136768
136773
136791
136828
136871
136884
136894
136937
136947
136951
136982
136996
137007
137037
137046
137078
137090
137097
137130
137186
137203
137265
137271
137280
137294
137304
137325
137328
137349
137394
137401
137401
137420
137452
137484
137496
137497
137500
137583
137590
137593
137604
137607
137633
137634
137654
137708
137720
137770
137871
137899
137900
137923
137923
137998
138005
138009
138014
138097
138117
138130
138135
138157
138174
138202
138216
138222
138223
138260
138277
138279
138281
138313
138360
138367
138383
138387
138389
138428
138455
138466
138516
138551
138569
138583
138600
138625
138643
138689
138706
138745
138841
138858
138873
138896
138922
138931
138932
138942
138963
139067
139068
139082
139124
139144
139152
139169
139183
139192
139219
139229
139234
139273
139315
139327
139329
139360
139377
139409
139443
139454
139454
139466
139496
139496
139497
139518
139564
139566
139575
139609
139681
139690
139712
139714
139756
139756
139772
139781
139785
139786
139788
139806
139820
139825
139866
139868
139878
139927
139945
139945
139963
139974
139975
139995
140013
140050
140069
140075
140085
140102
140105
140105
140106
140138
140180
140196
140230
140254
140274
140284
140286
140310
140324
140327
140361
140396
140431
140483
140492
140519
140523
140541
140544
140561
140568
140585
140602
140613
140616
140675
140686
140689
140697
140738
140779
140823
140877
140926
140964
140967
140967
140977
140992
141014
141022
141028
141074
141080
141119
141123
141123
141171
141171
141180
141226
141285
141307
141313
141391
141401
141466
141484
141491
141508
141540
141543
141574
141578
141583
141601
141618
141636
141697
141706
141716
141721
141733
141767
141803
141818
141827
141845
141853
141854
141888
141892
141897
141917
141959
141980
142024
142043
142048
142051
142057
142058
142070
142083
142083
142086
142096
142128
142155
142159
142194
142241
142270
142278
142307
142318
142355
142366
142393
142395
142396
142426
142430
142432
142469
142474
142482
142528
142529
142531
142569
142600
142631
142638
142678
142680
142688
142706
142707
142716
142726
142737
142802
142820
142826
142835
142858
142875
142884
142892
142896
142932
142987
142989
142997
143004
143020
143021
143028
143050
143066
143086
143086
143125
143148
143158
143196
143225
143235
143279
143309
143370
143378
143399
143401
143407
143421
143456
143467
143483
143513
143515
143539
143591
143593
143607
143615
143621
143634
143637
143638
143641
143668
143678
143683
143718
143740
143796
143839
143847
143877
143882
143893
143897
143900
143928
143977
144010
144035
144080
144099
144115
144163
144199
144213
144218
144233
144237
144279
144281
144284
144323
144329
144367
144370
144388
144418
144452
144467
144487
144498
144507
144509
144518
144518
144522
144526
144541
144680
144686
144698
144710
144724
144730
144743
144747
144789
144790
144818
144821
144830
144831
144840
144850
144861
144893
144921
144965
144977
144981
144981
144988
144988
144988
144996
145038
145041
145041
145047
145054
145059
145068
145069
145113
145114
145162
145174
145198
145221
145230
145263
145281
145315
145317
145346
145376
145426
145438
145440
145460
145474
145489
145543
145585
145613
145622
145637
145651
145654
145680
145750
145785
145795
145798
145827
145829
145829
145831
145831
145834
145836
145841
145886
145888
145893
145898
145914
145916
145953
145978
145993
146020
146046
146052
146071
146099
146101
146130
146143
146159
146160
146171
146196
146197
146197
146199
146227
146231
146249
146285
146301
146343
146347
146368
146371
146380
146390
146391
146393
146405
146415
146423
146428
146428
146458
146472
146488
146496
146538
146544
146551
146584
146619
146725
146731
146750
146752
146757
146757
146774
146784
146826
146833
146837
146839
146909
146959
146963
146967
146969
146970
146990
146992
146999
147000
147022
147043
147111
147193
147246
147282
147315
147321
147353
147380
147387
147446
147447
147474
147478
147494
147499
147508
147574
147582
147629
147633
147635
147668
147706
147708
147779
147788
147790
147855
147930
147965
147993
147993
148068
148072
148081
148110
148185
148192
148207
148213
148214
148228
148255
148259
148280
148376
148379
148389
148425
148439
148446
148481
148482
148492
148499
148514
148525
148564
148570
148613
148635
148640
148662
148681
148684
148721
148723
148729
148779
148800
148802
148804
148861
148872
148887
148909
148917
148942
148957
148978
148979
149002
149004
149013
149038
149039
149043
149055
149086
149099
149102
149115
149119
149139
149183
149193
149212
149219
149256
149288
149289
149305
149315
149318
149333
149377
149410
149412
149427
149464
149480
149501
149503
149508
149517
149553
149563
149617
149620
149634
149652
149667
149678
149697
149745
149793
149795
149863
149903
149906
149918
149921
149948
149990
149995
150011
150085
150113
150122
150150
150174
150180
150185
150226
150236
150264
150299
150314
150326
150338
150376
150385
150402
150412
150437
150438
150448
150468
150469
150520
150532
150598
150642
150646
150667
150681
150693
150720
150736
150744
150777
150816
150816
150817
150820
150837
150849
150855
150861
150861
150900
150904
150906
150922
150947
150994
151004
151006
151028
151053
151059
151077
151090
151102
151109
151134
151200
151226
151241
151261
151306
151308
151322
151327
151355
151453
151456
151468
151479
151488
151503
151547
151567
151574
151586
151595
151621
151637
151637
151653
151657
151659
151672
151710
151763
151779
151806
151824
151840
151858
151909
151959
151973
151995
152009
152053
152107
152128
152155
152178
152183
152187
152194
152204
152222
152283
152293
152295
152305
152345
152379
152382
152382
152395
152448
152472
152528
152538
152588
152601
152635
152640
152654
152663
152699
152710
152739
152743
152770
152795
152811
152832
152849
152884
152924
152928
152945
152960
153014
153025
153032
153049
153063
153098
153133
153138
153149
153153
153166
153183
153190
153190
153241
153278
153294
153325
153333
153339
153380
153436
153455
153456
153457
153459
153462
153471
153480
153508
153512
153553
153554
153562
153568
153582
153599
153626
153653
153656
153697
153705
153714
153722
153725
153725
153735
153751
153774
153780
153789
153794
153820
153857
153873
153885
153890
153900
153925
153944
153945
154048
154054
154057
154093
154098
154104
154136
154200
154206
154270
154280
154317
154354
154393
154407
154414
154416
154417
154427
154445
154472
154510
154533
154554
154573
154612
154612
154637
154656
154690
154702
154726
154770
154779
154792
154800
154802
154809
154809
154818
154855
154875
154886
154905
154928
155027
155030
155049
155050
155061
155089
155109
155129
155164
155175
155176
155184
155203
155206
155243
155253
155271
155282
155440
155451
155496
155508
155518
155533
155588
155594
155630
155632
155684
155696
155699
155709
155765
155765
155779
155780
155790
155811
155851
155871
155872
155875
155930
155962
156000
156015
156018
156025
156032
156043
156065
156079
156080
156092
156102
156132
156171
156190
156209
156226
156238
156238
156294
156299
156303
156323
156351
156391
156395
156424
156430
156432
156441
156449
156468
156499
156500
156505
156507
156553
156571
156574
156614
156624
156673
156703
156712
156735
156735
156737
156776
156819
156843
156844
156851
156902
156916
156985
157015
157049
157067
157079
157082
157146
157169
157193
157204
157213
157228
157279
157285
157296
157303
157308
157324
157355
157362
157373
157424
157427
157452
157454
157565
157626
157635
157688
157698
157707
157730
157743
157771
157786
157803
157820
157826
157884
157887
157889
157902
157915
157929
157957
157959
157978
157997
157997
158022
158022
158092
158112
158126
158126
158139
158159
158167
158177
158187
158222
158232
158306
158363
158376
158425
158427
158446
158471
158517
158541
158574
158597
158613
158627
158627
158654
158662
158673
158702
158747
158758
158773
158774
158790
158814
158820
158838
158862
158867
158888
158964
158966
158978
159018
159039
159043
159045
159059
159065
159068
159079
159087
159110
159128
159138
159151
159163
159170
159178
159186
159232
159306
159330
159336
159385
159397
159417
159425
159455
159488
159500
159523
159544
159545
159571
159596
159617
159623
159655
159680
159687
159699
159741
159743
159764
159771
159803
159810
159822
159828
159907
159924
159933
159947
159958
159985
159989
160008
160041
160095
160096
160112
160131
160221
160229
160267
160284
160297
160304
160431
160442
160457
160462
160506
160519
160541
160548
160555
160562
160631
160636
160641
160649
160678
160697
160709
160712
160719
160737
160755
160764
160802
160829
160854
160868
160875
160978
160981
160986
160987
161027
161038
161098
161111
161130
161170
161191
161219
161249
161270
161317
161332
161361
161362
161367
161378
161406
161412
161438
161466
161480
161483
161514
161521
161542
161565
161599
161656
161657
161659
161706
161758
161818
161828
161875
161896
161936
161964
161977
162021
162024
162034
162057
162080
162104
162172
162228
162273
162278
162343
162365
162366
162369
162369
162408
162423
162466
162473
162485
162496
162526
162539
162611
162615
162647
162671
162677
162681
162744
162842
162867
162870
162899
162912
162919
162927
162930
162988
163003
163052
163062
163090
163096
163126
163161
163184
163193
163217
163233
163278
163296
163315
163359
163370
163373
163374
163417
163423
163494
163535
163570
163575
163594
163601
163601
163615
163622
163643
163648
163717
163721
163741
163757
163764
163804
163805
163817
163829
163842
163888
163889
163962
163970
163986
163998
164000
164008
164018
164068
164072
164090
164100
164136
164173
164183
164197
164233
164278
164287
164288
164296
164304
164315
164319
164366
164484
164490
164491
164513
164533
164573
164616
164653
164658
164707
164717
164740
164762
164763
164779
164787
164799
164818
164821
164833
164872
164896
164927
164940
164945
164946
164952
165076
165085
165093
165093
165198
165207
165227
165245
165275
165291
165293
165297
165302
165371
165379
165390
165391
165395
165403
165414
165434
165448
165472
165476
165484
165491
165496
165505
165525
165526
165553
165581
165600
165626
165630
165654
165668
165691
165718
165738
165752
165769
165784
165802
165813
165837
165847
165856
165877
165889
165890
165902
165952
165983
165993
166009
166075
166116
166129
166148
166153
166182
166188
166194
166217
166243
166307
166320
166338
166340
166350
166366
166415
166468
166469
166472
166516
166544
166550
166570
166594
166644
166668
166738
166752
166772
166799
166808
166831
166856
166857
166862
166877
166898
166931
166941
166950
166979
166981
166983
166999
167006
167012
167014
167014
167029
167037
167066
167084
167106
167168
167180
167224
167231
167257
167283
167298
167300
167300
167307
167362
167431
167432
167468
167474
167476
167500
167526
167559
167567
167590
167641
167645
167649
167655
167667
167671
167700
167713
167727
167739
167754
167769
167774
167798
167804
167807
167809
167820
167866
167878
167910
167930
167955
167961
167974
167988
167992
168009
168060
168115
168144
168145
168160
168182
168190
168208
168231
168233
168250
168309
168326
168374
168381
168456
168456
168481
168483
168525
168561
168577
168583
168583
168587
168611
168629
168637
168703
168718
168719
168748
168756
168767
168767
168797
168863
168873
168878
168879
168889
168975
168987
169028
169045
169047
169058
169069
169095
169120
169135
169168
169236
169252
169259
169323
169348
169372
169400
169410
169425
169448
169459
169464
169466
169471
169471
169508
169519
169534
169615
169616
169686
169690
169698
169712
169768
169769
169786
169793
169796
169848
169892
169898
169923
169965
169969
169979
169998
170004
170008
170044
170049
170055
170067
170125
170125
170145
170164
170172
170207
170223
170226
170229
170250
170286
170288
170303
170303
170341
170346
170400
170410
170420
170422
170432
170498
170503
170510
170540
170562
170572
170592
170639
170659
170749
170756
170762
170780
170789
170793
170841
170920
170990
171015
171018
171032
171035
171101
171109
171122
171136
171142
171156
171169
171178
171185
171194
171233
171236
171241
171269
171281
171286
171291
171303
171314
171314
171339
171341
171357
171383
171439
171467
171473
171478
171496
171537
171540
171561
171565
171568
171621
171633
171676
171677
171710
171750
171768
171802
171841
171886
171957
171969
171991
172032
172044
172045
172046
172058
172075
172084
172086
172098
172130
172132
172178
172196
172199
172203
172210
172250
172260
172276
172283
172306
172319
172342
172353
172368
172385
172414
172421
172452
172457
172469
172523
172582
172587
172589
172596
172607
172653
172654
172660
172693
172698
172708
172743
172760
172775
172793
172797
172802
172880
172899
172940
172943
172956
172986
173031
173042
173052
173121
173127
173153
173170
173175
173182
173206
173227
173230
173262
173274
173277
173287
173292
173326
173330
173348
173370
173370
173422
173449
173461
173480
173484
173584
173631
173679
173692
173721
173741
173804
173829
173842
173878
173881
173885
173918
173923
173923
173979
174007
174009
174037
174046
174125
174168
174174
174176
174182
174210
174211
174279
174279
174296
174301
174302
174318
174360
174362
174367
174389
174411
174455
174467
174469
174498
174543
174553
174594
174601
174653
174672
174727
174777
174787
174817
174826
174834
174852
174887
174895
174903
174925
174928
174958
174982
174998
175013
175016
175030
175036
175068
175094
175127
175131
175133
175135
175243
175253
175254
175268
175297
175300
175304
175305
175334
175337
175352
175358
175359
175364
175416
175429
175468
175472
175479
175498
175502
175510
175523
175645
175664
175682
175725
175742
175790
175796
175838
175843
175854
175862
175896
175905
175907
175958
176001
176086
176110
176127
176141
176142
176173
176176
176192
176203
176251
176262
176300
176315
176318
176321
176325
176325
176332
176336
176336
176343
176355
176363
176370
176377
176401
176465
176469
176500
176504
176524
176538
176574
176685
176724
176735
176738
176780
176800
176816
176822
176838
176878
176882
176899
176899
176917
176928
176948
176966
176966
176998
177016
177016
177030
177068
177069
177077
177139
177140
177165
177176
177200
177207
177240
177263
177296
177299
177321
177373
177391
177392
177416
177440
177468
177488
177494
177498
177557
177569
177598
177600
177628
177682
177701
177726
177765
177805
177809
177815
177821
177848
177896
177904
177942
177975
177977
177978
177984
177984
177985
177987
178020
178021
178033
178050
178088
178131
178131
178134
178143
178165
178175
178234
178242
178242
178245
178252
178298
178306
178321
178338
178360
178387
178404
178405
178405
178419
178435
178446
178472
178529
178534
178546
178553
178554
178576
178590
178591
178595
178622
178637
178651
178653
178678
178693
178696
178698
178705
178718
178725
178736
178802
178826
178858
178872
178909
178919
178961
178993
179006
179034
179035
179040
179048
179062
179080
179100
179102
179114
179128
179131
179133
179143
179154
179172
179243
179264
179267
179297
179314
179318
179345
179361
179374
179390
179408
179416
179462
179463
179533
179556
179560
179589
179597
179602
179650
179660
179679
179681
179683
179710
179750
179775
179829
179830
179844
179857
179871
179874
179877
179893
179949
179958
179958
180003
180022
180031
180035
180039
180052
180055
180062
180071
180101
180134
180167
180202
180212
180247
180249
180277
180277
180306
180348
180371
180391
180392
180449
180483
180484
180548
180566
180569
180579
180610
180618
180639
180679
180681
180694
180723
180741
180807
180811
180815
180830
180844
180900
180900
180905
180907
180917
180935
180980
181013
181024
181025
181067
181067
181081
181097
181109
181163
181165
181175
181193
181213
181235
181244
181250
181264
181306
181338
181342
181376
181377
181383
181387
181397
181404
181444
181446
181487
181507
181528
181558
181578
181584
181633
181637
181663
181677
181715
181721
181760
181826
181835
181840
181859
181877
181890
181892
181892
181908
181937
181962
181995
182018
182074
182089
182096
182104
182112
182129
182159
182174
182186
182200
182203
182218
182226
182256
182256
182278
182296
182298
182321
182430
182453
182456
182502
182525
182540
182542
182544
182560
182600
182603
182607
182611
182633
182636
182664
182691
182699
182726
182735
182739
182761
182767
182774
182792
182830
182847
182858
182886
182908
182931
182942
182995
183001
183044
183047
183061
183103
183144
183146
183166
183178
183184
183191
183223
183247
183296
183321
183339
183342
183357
183364
183400
183403
183405
183405
183471
183498
183520
183526
183528
183551
183552
183562
183564
183579
183593
183608
183612
183621
183659
183661
183679
183682
183698
183698
183698
183714
183734
183744
183756
183778
183839
183841
183860
183868
183873
183900
183945
183970
183986
184011
184015
184066
184101
184142
184153
184159
184174
184183
184197
184204
184212
184215
184224
184238
184308
184314
184356
184371
184386
184413
184431
184438
184438
184491
184494
184504
184565
184565
184583
184595
184676
184770
184786
184794
184806
184823
184826
184842
184903
184910
185027
185030
185066
185098
185134
185144
185163
185193
185198
185204
185252
185313
185318
185322
185323
185363
185379
185397
185401
185410
185415
185453
185498
185514
185520
185559
185579
185609
185615
185615
185643
185701
185702
185707
185719
185750
185784
185803
185834
185838
185844
185864
185900
185910
185927
185928
185935
185951
185975
185985
186011
186023
186044
186047
186065
186066
186067
186116
186118
186119
186130
186178
186186
186229
186234
186236
186268
186268
186272
186292
186300
186327
186330
186346
186360
186375
186376
186397
186415
186425
186456
186471
186474
186480
186484
186491
186502
186543
186559
186573
186576
186583
186613
186614
186685
186687
186690
186698
186712
186715
186747
186762
186809
186814
186851
186871
186965
186965
186965
187012
187015
187045
187082
187095
187102
187104
187126
187149
187151
187159
187170
187202
187236
187243
187244
187250
187259
187282
187288
187358
187359
187379
187405
187469
187484
187516
187552
187556
187570
187613
187624
187635
187635
187642
187644
187664
187666
187685
187706
187716
187717
187722
187742
187755
187780
187806
187829
187861
187874
187932
187943
187946
187964
187965
187999
188014
188041
188056
188065
188099
188134
188156
188180
188203
188208
188208
188222
188246
188263
188272
188276
188284
188292
188308
188313
188316
188328
188364
188387
188388
188401
188448
188495
188495
188503
188550
188562
188562
188589
188624
188628
188649
188654
188722
188762
188786
188799
188813
188880
188884
188902
188963
188994
189011
189019
189105
189126
189140
189159
189164
189172
189203
189217
189226
189229
189237
189261
189272
189286
189321
189322
189381
189388
189442
189447
189449
189449
189477
189485
189493
189526
189554
189575
189598
189618
189650
189693
189820
189830
189840
189895
189897
189900
189901
189934
189935
189963
189978
190006
190095
190155
190161
190164
190222
190306
190313
190425
190445
190447
190471
190486
190497
190502
190517
190522
190528
190543
190549
190557
190608
190613
190621
190632
190639
190653
190658
190704
190738
190738
190745
190756
190757
190759
190788
190828
190842
190863
190868
190871
190874
190881
190919
190971
190974
191026
191035
191037
191069
191086
191099
191108
191131
191153
191162
191194
191223
191246
191293
191324
191380
191385
191394
191415
191429
191457
191464
191465
191534
191558
191571
191588
191591
191609
191641
191669
191692
191698
191700
191711
191715
191734
191746
191784
191801
191809
191824
191830
191834
191867
191874
191884
191888
191896
191930
191931
191932
191946
191951
191970
191974
191978
192019
192022
192026
192044
192073
192081
192101
192132
192170
192184
192196
192204
192244
192251
192254
192267
192284
192319
192388
192400
192413
192467
192473
192498
192524
192532
192550
192560
192571
192593
192600
192603
192609
192609
192655
192666
192696
192700
192703
192743
192746
192772
192778
192791
192829
192830
192847
192850
192862
192871
192889
192909
192912
192949
192961
192977
192987
192989
192995
193001
193010
193020
193022
193049
193053
193062
193071
193089
193094
193102
193105
193106
193129
193132
193154
193193
193270
193295
193311
193317
193323
193340
193341
193351
193369
193376
193401
193405
193419
193440
193451
193456
193490
193496
193511
193513
193527
193536
193537
193537
193544
193572
193578
193584
193638
193693
193710
193719
193721
193744
193770
193787
193798
193799
193827
193860
193885
193892
193915
193923
193928
193962
194019
194037
194051
194069
194071
194117
194167
194172
194175
194179
194183
194210
194215
194219
194249
194261
194266
194277
194277
194288
194294
194340
194411
194437
194441
194528
194620
194633
194643
194653
194677
194708
194759
194879
194907
194965
195017
195021
195065
195089
195117
195141
195141
195143
195162
195209
195298
195301
195304
195358
195363
195378
195400
195431
195431
195448
195456
195458
195479
195480
195503
195507
195578
195590
195592
195596
195597
195599
195610
195625
195636
195641
195663
195668
195678
195694
195714
195730
195774
195777
195788
195800
195812
195820
195837
195844
195849
195863
195903
195911
195912
195930
195941
195944
195945
195953
196038
196060
196096
196103
196104
196136
196168
196182
196192
196212
196214
196216
196220
196223
196230
196231
196231
196248
196249
196253
196259
196264
196353
196378
196396
196517
196520
196578
196587
196653
196665
196674
196696
196698
196718
196775
196795
196830
196835
196838
196854
196855
196878
196896
196941
196948
196954
196957
196983
196985
197029
197042
197052
197057
197134
197138
197184
197184
197184
197237
197271
197279
197296
197297
197297
197328
197415
197418
197427
197548
197627
197651
197695
197751
197756
197773
197860
197893
197902
197922
197977
197981
198023
198038
198048
198084
198102
198125
198159
198163
198164
198191
198201
198277
198277
198281
198292
198293
198318
198332
198393
198395
198403
198423
198445
198481
198491
198511
198550
198560
198584
198594
198600
198635
198672
198703
198719
198798
198810
198829
198851
198905
198919
198935
198981
198993
199008
199019
199032
199033
199048
199107
199173
199181
199196
199224
199235
199238
199241
199255
199317
199346
199352
199354
199368
199401
199405
199452
199458
199463
199494
199513
199519
199573
199583
199619
199645
199664
199675
199772
199777
199801
199806
199832
199856
199877
199891
199894
199901
199903
199906
199912
199979
199980
199991
200019
200031
200061
200068
200070
200087
200095
200139
200156
200187
200208
200243
200245
200253
200259
200274
200278
200327
200333
200388
200394
200419
200432
200476
200476
200497
200506
200530
200565
200619
200626
200658
200700
200700
200776
200785
200814
200831
200845
200878
200881
200882
200905
200910
200920
200927
200955
200984
200985
200990
201026
201029
201039
201065
201081
201094
201149
201159
201169
201170
201172
201181
201189
201228
201276
201285
201289
201291
201292
201338
201360
201383
201415
201428
201448
201473
201477
201500
201502
201510
201514
201528
201545
201582
201610
201622
201627
201679
201690
201769
201772
201809
201826
201879
201880
201914
201943
201947
201950
201963
201967
201977
201981
201983
201984
202057
202094
202117
202121
202146
202187
202203
202203
202210
202234
202277
202309
202316
202330
202333
202355
202394
202399
202401
202416
202425
202429
202445
202455
202459
202480
202515
202529
202544
202546
202553
202576
202622
202632
202639
202644
202663
202686
202692
202693
202702
202714
202715
202735
202771
202772
202779
202825
202832
202847
202850
202855
202871
202877
202880
202893
202893
202897
202910
202913
202917
202947
202959
202969
203011
203034
203113
203179
203185
203213
203215
203236
203279
203285
203308
203313
203314
203329
203352
203385
203389
203396
203400
203407
203421
203482
203498
203508
203511
203539
203550
203565
203576
203586
203607
203614
203629
203633
203694
203699
203731
203734
203736
203750
203769
203770
203781
203831
203846
203916
203927
203932
203935
203964
203981
203989
203992
204008
204020
204021
204047
204063
204104
204106
204110
204123
204163
204181
204186
204195
204303
204352
204359
204367
204386
204427
204440
204468
204472
204486
204495
204498
204505
204519
204529
204547
204579
204621
204626
204630
204675
204695
204815
204948
204962
205003
205015
205028
205050
205077
205202
205207
205227
205239
205258
205278
205295
205373
205395
205466
205484
205490
205495
205497
205502
205515
205540
205553
205555
205561
205584
205615
205627
205631
205638
205668
205705
205707
205735
205810
205838
205850
205863
205899
205916
206047
206051
206071
206128
206139
206151
206155
206176
206266
206285
206299
206313
206338
206355
206404
206424
206437
206455
206465
206503
206521
206523
206536
206540
206570
206583
206594
206611
206614
206656
206751
206832
206843
206854
206872
206873
206938
207014
207059
207079
207123
207157
207157
207175
207181
207190
207196
207209
207213
207215
207239
207268
207270
207279
207301
207303
207318
207322
207359
207382
207412
207418
207471
207489
207505
207506
207506
207521
207531
207575
207591
207656
207660
207700
207703
207742
207806
207813
207823
207829
207835
207842
207855
207907
207915
207923
207929
207951
207961
207961
207991
208034
208042
208049
208049
208051
208065
208071
208094
208126
208135
208150
208184
208240
208243
208265
208294
208316
208323
208325
208331
208332
208337
208352
208359
208359
208364
208371
208382
208393
208396
208397
208405
208411
208518
208528
208534
208559
208559
208583
208616
208636
208655
208701
208704
208715
208715
208753
208788
208799
208858
208858
208880
208913
208916
208929
208935
208948
208960
208967
208983
209002
209090
209091
209174
209178
209193
209218
209228
209243
209271
209284
209312
209345
209346
209355
209362
209397
209400
209414
209426
209439
209452
209562
209602
209653
209670
209703
209708
209719
209722
209748
209760
209761
209775
209778
209785
209800
209801
209833
209841
209869
209872
209914
209918
209991
210032
210045
210055
210078
210080
210081
210082
210088
210094
210103
210113
210134
210170
210180
210184
210186
210186
210226
210245
210273
210276
210286
210300
210369
210372
210377
210391
210397
210401
210443
210449
210467
210469
210476
210477
210478
210494
210515
210563
210567
210579
210607
210626
210627
210632
210639
210643
210644
210689
210697
210711
210712
210713
210721
210788
210846
210868
210894
210940
210954
211033
211048
211060
211073
211085
211092
211097
211106
211123
211139
211151
211202
211208
211211
211215
211216
211222
211244
211253
211262
211271
211305
211313
211346
211353
211359
211367
211378
211428
211434
211516
211531
211541
211635
211636
211648
211660
211708
211708
211739
211765
211786
211800
211806
211822
211836
211901
211911
211956
211984
211989
212018
212033
212038
212047
212065
212091
212111
212112
212131
212131
212140
212167
212202
212254
212298
212367
212373
212393
212400
212417
212434
212447
212450
212458
212490
212520
212547
212569
212590
212591
212627
212637
212637
212674
212757
212770
212772
212789
212790
212793
212829
212831
212848
212855
212873
212876
212940
212957
213009
213024
213121
213141
213170
213179
213196
213202
213205
213223
213233
213234
213238
213247
213273
213292
213314
213359
213364
213372
213374
213391
213396
213397
213404
213408
213419
213432
213445
213459
213467
213532
213538
213561
213593
213636
213638
213639
213644
213653
213698
213703
213710
213743
213758
213773
213795
213807
213822
213822
213833
213834
213867
213874
213890
213907
213930
213938
213942
213961
213980
213993
214048
214070
214080
214160
214161
214162
214165
214192
214204
214246
214290
214309
214386
214407
214407
214438
214458
214485
214491
214497
214550
214563
214575
214576
214588
214629
214636
214676
214736
214736
214758
214770
214811
214815
214860
214900
214902
214925
214926
214975
215019
215050
215096
215097
215112
215173
215175
215192
215206
215207
215288
215306
215315
215318
215321
215323
215346
215373
215406
215408
215425
215425
215441
215456
215465
215471
215479
215483
215485
215508
215513
215518
215524
215553
215568
215647
215662
215683
215689
215711
215729
215736
215753
215756
215803
215819
215845
215859
215863
215873
215891
215892
215911
215957
215976
215995
215998
216063
216071
216088
216137
216157
216190
216193
216230
216279
216281
216285
216290
216306
216343
216382
216408
216430
216436
216485
216497
216497
216530
216535
216550
216573
216582
216590
216590
216613
216619
216622
216654
216675
216722
216754
216829
216830
216844
216889
216890
216931
216959
216960
217006
217014
217033
217045
217052
217064
217068
217068
217136
217138
217150
217192
217205
217220
217234
217237
217304
217306
217314
217323
217340
217358
217376
217410
217418
217420
217429
217430
217441
217466
217476
217491
217521
217574
217654
217660
217660
217724
217730
217735
217751
217752
217761
217770
217814
217817
217818
217838
217895
217899
217922
217978
218003
218028
218068
218076
218100
218138
218147
218155
218157
218209
218245
218258
218265
218276
218278
218307
218344
218366
218367
218388
218431
218462
218477
218498
218502
218503
218514
218532
218550
218563
218584
218597
218678
218687
218737
218834
218839
218866
218964
218972
219006
219024
219032
219051
219101
219106
219133
219169
219188
219201
219255
219268
219298
219311
219346
219352
219352
219375
219378
219389
219395
219408
219412
219419
219454
219464
219488
219507
219509
219535
219595
219640
219642
219645
219653
219660
219689
219701
219721
219721
219774
219796
219847
219851
219860
219865
219880
219899
219964
219969
219976
220025
220051
220071
220081
220090
220099
220134
220137
220149
220165
220166
220174
220178
220184
220205
220231
220240
220248
220255
220258
220279
220288
220300
220304
220326
220347
220364
220373
220375
220415
220418
220424
220443
220446
220463
220476
220511
220536
220542
220561
220573
220656
220682
220685
220702
220710
220722
220736
220750
220802
220810
220817
220822
220830
220830
220848
220850
220850
220855
220855
220865
220906
220955
220982
221012
221064
221103
221115
221118
221125
221208
221218
221247
221254
221303
221310
221320
221327
221349
221356
221392
221474
221475
221494
221544
221596
221596
221610
221623
221628
221629
221646
221653
221655
221703
221743
221822
221824
221824
221889
221894
221925
221946
222003
222009
222026
222057
222065
222135
222137
222148
222158
222159
222168
222175
222175
222182
222189
222201
222207
222254
222254
222259
222303
222361
222385
222400
222406
222407
222434
222463
222499
222504
222506
222509
222519
222536
222562
222568
222584
222584
222588
222617
222664
222666
222668
222680
222697
222697
222699
222701
222726
222748
222751
222753
222773
222838
222870
222903
222909
222972
222999
223025
223027
223033
223077
223079
223081
223083
223092
223191
223213
223226
223236
223266
223297
223297
223345
223347
223355
223402
223444
223461
223547
223552
223559
223591
223635
223640
223646
223664
223673
223685
223708
223766
223766
223842
223866
223878
223891
223896
223961
223980
223993
224024
224034
224048
224082
224122
224147
224147
224184
224186
224193
224194
224251
224291
224293
224293
224325
224353
224354
224362
224385
224406
224410
224413
224414
224415
224483
224494
224535
224549
224560
224612
224651
224656
224669
224717
224726
224729
224733
224735
224742
224771
224815
224830
224839
224872
224874
224877
224882
224942
224948
224965
224981
224996
225005
225022
225046
225069
225100
225108
225108
225147
225147
225190
225192
225200
225229
225249
225253
225259
225309
225316
225318
225343
225369
225376
225407
225415
225416
225417
225432
225458
225467
225514
225525
225535
225536
225558
225614
225615
225645
225660
225665
225668
225679
225682
225689
225694
225734
225738
225744
225765
225776
225790
225807
225821
225825
225834
225873
225895
225907
225932
225941
225957
225962
225988
226032
226067
226086
226152
226179
226182
226207
226214
226216
226217
226246
226249
226252
226286
226294
226318
226320
226324
226339
226346
226349
226350
226411
226437
226468
226468
226471
226481
226494
226505
226509
226509
226524
226537
226539
226550
226556
226577
226597
226605
226610
226619
226627
226633
226672
226680
226682
226682
226718
226754
226784
226789
226799
226806
226835
226888
226901
226930
226936
226965
227002
227046
227047
227059
227085
227105
227115
227123
227127
227129
227149
227163
227234
227251
227265
227280
227290
227293
227296
227320
227340
227358
227369
227381
227382
227388
227394
227394
227419
227420
227430
227456
227466
227470
227512
227521
227544
227545
227573
227602
227611
227639
227746
227756
227790
227801
227842
227854
227872
227886
227921
228047
228064
228070
228073
228087
228103
228112
228144
228175
228230
228234
228237
228267
228283
228324
228364
228433
228447
228456
228496
228505
228521
228526
228529
228541
228551
228577
228583
228593
228597
228627
228649
228665
228666
228726
228740
228769
228780
228784
228790
228846
228857
228861
228888
228907
228914
228926
228928
228935
228965
228976
228983
229004
229012
229042
229072
229132
229134
229163
229233
229266
229280
229305
229306
229312
229313
229320
229321
229379
229431
229438
229450
229452
229482
229501
229566
229575
229667
229700
229731
229755
229764
229787
229794
229795
229840
229840
229840
229845
229846
229868
229888
229896
229902
229921
229932
229967
229988
230001
230026
230065
230074
230096
230099
230100
230142
230196
230198
230202
230215
230299
230306
230329
230375
230382
230411
230424
230430
230467
230474
230511
230533
230559
230572
230592
230595
230599
230631
230645
230711
230718
230736
230751
230761
230784
230844
230853
230866
230870
230881
230892
230933
230946
230953
230953
230968
231024
231029
231038
231039
231073
231080
231099
231118
231127
231141
231159
231185
231197
231266
231282
231293
231311
231327
231379
231396
231423
231441
231456
231492
231494
231556
231560
231572
231585
231593
231627
231685
231700
231703
231759
231849
231885
231898
231900
231920
231922
231929
231969
231994
232028
232053
232066
232085
232095
232100
232149
232191
232207
232212
232273
232282
232300
232331
232343
232411
232455
232462
232487
232487
232493
232502
232503
232540
232588
232670
232695
232698
232705
232735
232746
232770
232794
232864
232892
232898
232909
232910
232918
232929
232935
232954
232961
232967
232982
233016
233031
233042
233046
233057
233087
233140
233144
233145
233151
233187
233187
233190
233194
233205
233326
233328
233410
233417
233420
233431
233440
233451
233485
233490
233496
233516
233553
233562
233568
233572
233578
233608
233616
233649
233655
233685
233722
233737
233752
233757
233778
233822
233840
233845
233862
233886
233889
233920
233944
233963
233991
234025
234029
234048
234055
234065
234073
234078
234085
234101
234153
234154
234156
234163
234174
234176
234200
234203
234210
234236
234303
234306
234317
234336
234345
234368
234380
234380
234398
234400
234409
234412
234413
234427
234460
234468
234546
234558
234559
234589
234597
234620
234650
234683
234686
234688
234693
234715
234783
234785
234802
234813
234831
234848
234863
234871
234878
234896
234904
234922
234923
234929
234931
234946
234958
234958
235064
235129
235135
235167
235168
235196
235226
235226
235242
235253
235260
235273
235329
235356
235435
235465
235476
235486
235491
235500
235511
235525
235528
235564
235591
235615
235624
235649
235665
235672
235729
235752
235873
235933
235939
235944
235985
235998
236000
236044
236069
236104
236157
236217
236224
236247
236279
236285
236286
236296
236333
236359
236385
236392
236395
236419
236446
236477
236499
236527
236528
236562
236580
236581
236604
236613
236647
236665
236679
236683
236699
236727
236728
236737
236756
236796
236838
236854
236855
236868
236881
236884
236903
236916
236937
236937
236953
237014
237026
237054
237064
237065
237080
237080
237082
237131
237157
237176
237187
237241
237344
237354
237422
237444
237465
237499
237524
237532
237621
237632
237645
237653
237682
237687
237718
237727
237765
237765
237796
237840
237846
237866
237892
237929
237948
237960
237966
237986
238002
238039
238078
238111
238114
238117
238123
238152
238169
238195
238265
238273
238288
238297
238333
238350
238358
238365
238384
238404
238418
238427
238448
238544
238551
238558
238570
238621
238630
238698
238702
238707
238743
238794
238796
238835
238836
238837
238846
238856
238871
238879
238880
238889
238920
238930
238931
238936
238979
239024
239024
239037
239071
239080
239090
239095
239099
239135
239180
239198
239207
239212
239251
239272
239334
239356
239364
239402
239438
239476
239482
239516
239548
239559
239602
239605
239607
239643
239658
239661
239683
239703
239711
239729
239739
239753
239766
239774
239795
239808
239814
239834
239886
239906
239927
239960
240074
240118
240126
240132
240136
240147
240155
240158
240167
240185
240191
240220
240257
240341
240380
240422
240427
240432
240441
240460
240463
240493
240507
240514
240552
240555
240607
240610
240614
240635
240644
240654
240673
240678
240775
240778
240780
240784
240785
240811
240817
240869
240929
240979
240988
240991
240996
240998
240999
241005
241010
241025
241028
241045
241071
241094
241102
241102
241110
241112
241184
241186
241192
241204
241223
241230
241274
241299
241356
241362
241387
241392
241400
241406
241410
241428
241433
241453
241488
241508
241547
241553
241576
241610
241613
241643
241657
241742
241764
241805
241856
241864
241865
241872
241885
241897
241929
241954
241956
241975
242010
242037
242039
242042
242116
242137
242153
242153
242174
242175
242203
242232
242238
242259
242268
242279
242289
242290
242290
242324
242337
242518
242527
242536
242565
242620
242620
242620
242649
242662
242667
242670
242718
242722
242749
242826
242834
242870
242895
242965
242973
242976
242992
243035
243052
243057
243093
243102
243105
243120
243129
243134
243160
243173
243186
243217
243244
243255
243291
243308
243376
243395
243420
243425
243427
243443
243492
243519
243523
243571
243590
243610
243648
243650
243654
243664
243672
243692
243717
243727
243766
243784
243794
243846
243851
243856
243902
243903
243933
243938
243947
243994
244019
244021
244050
244052
244063
244073
244097
244143
244143
244151
244218
244246
244287
244324
244336
244353
244354
244359
244395
244409
244428
244431
244446
244466
244483
244486
244508
244526
244532
244543
244569
244585
244591
244606
244645
244674
244758
244782
244789
244812
244846
244904
244916
244935
244990
244997
245001
245002
245007
245082
245089
245109
245117
245126
245133
245145
245150
245151
245170
245170
245175
245175
245189
245279
245288
245334
245338
245371
245382
245386
245400
245410
245423
245429
245435
245440
245442
245463
245516
245521
245562
245589
245597
245621
245667
245681
245714
245751
245780
245791
245824
245824
245856
245935
245953
245966
246004
246032
246052
246065
246101
246120
246125
246160
246181
246191
246220
246224
246257
246270
246292
246307
246337
246349
246350
246367
246371
246373
246410
246446
246471
246533
246543
246556
246562
246563
246634
246649
246654
246679
246684
246694
246697
246726
246736
246739
246748
246752
246762
246774
246782
246794
246797
246810
246812
246858
246861
246890
246902
246911
246928
246965
246969
246973
246997
246997
247096
247114
247123
247146
247157
247173
247187
247205
247223
247249
247271
247316
247320
247337
247397
247414
247421
247446
247453
247464
247487
247489
247522
247545
247573
247584
247594
247607
247619
247629
247649
247652
247657
247664
247666
247678
247688
247782
247795
247873
247877
247893
247899
247925
247942
247955
247976
247993
247994
248001
248006
248037
248059
248061
248066
248110
248191
248217
248239
248272
248283
248325
248394
248433
248439
248459
248460
248462
248470
248483
248484
248485
248487
248538
248543
248556
248559
248577
248618
248645
248650
248660
248662
248693
248724
248736
248792
248794
248828
248837
248871
248876
248901
248951
248964
248977
249004
249010
249035
249062
249076
249099
249104
249105
249120
249146
249160
249164
249242
249254
249275
249276
249292
249300
249316
249350
249362
249368
249383
249407
249434
249438
249440
249489
249503
249504
249543
249583
249590
249591
249594
249635
249662
249667
249693
249700
249716
249722
249761
249796
249853
249853
249860
249901
249929
249945
249947
249955
249964
249988
249998
250003
250013
250021
250056
250059
250063
250068
250074
250108
250120
250199
250243
250245
250251
250251
250259
250281
250287
250302
250302
250322
250340
250347
250359
250367
250396
250410
250417
250422
250425
250442
250453
250476
250482
250510
250529
250659
250672
250680
250688
250693
250702
250716
250717
250722
250724
250741
250755
250758
250788
250837
250837
250855
250873
250887
250890
250890
250915
250938
250962
250991
251042
251080
251131
251133
251155
251164
251183
251198
251208
251218
251250
251251
251322
251331
251378
251408
251413
251451
251452
251467
251485
251509
251531
251551
251579
251627
251665
251736
251737
251743
251746
251766
251836
251851
251879
251899
251912
251952
251980
251987
251996
252039
252066
252103
252135
252142
252143
252144
252152
252194
252233
252236
252259
252278
252378
252430
252450
252464
252515
252542
252570
252574
252583
252587
252599
252611
252621
252674
252681
252703
252746
252751
252766
252775
252791
252799
252814
252816
252837
252864
252870
252930
252945
252955
252966
252966
252993
252998
253012
253018
253018
253039
253051
253111
253126
253142
253145
253146
253151
253181
253185
253214
253270
253274
253354
253358
253371
253374
253382
253407
253428
253484
253485
253494
253497
253498
253553
253567
253568
253580
253592
253594
253605
253618
253722
253724
253773
253782
253786
253790
253827
253837
253838
253840
253855
253903
253923
253978
253987
254017
254038
254071
254128
254142
254145
254162
254182
254193
254199
254206
254210
254217
254237
254270
254281
254283
254296
254317
254334
254373
254419
254433
254440
254453
254482
254512
254536
254538
254577
254594
254646
254709
254718
254733
254749
254752
254776
254826
254879
254887
254909
254929
254934
254947
254959
254961
255005
255011
255013
255040
255091
255101
255124
255142
255142
255170
255171
255183
255214
255238
255238
255248
255277
255323
255330
255338
255371
255377
255384
255385
255400
255424
255438
255443
255450
255458
255465
255486
255507
255510
255520
255541
255563
255578
255579
255590
255590
255616
255628
255692
255700
255711
255717
255740
255760
255778
255799
255802
255818
255896
255905
255923
255930
255977
255998
256028
256035
256045
256054
256096
256138
256141
256190
256193
256196
256221
256222
256248
256273
256318
256325
256354
256370
256382
256418
256423
256430
256443
256453
256457
256529
256531
256545
256548
256569
256571
256578
256584
256639
256655
256662
256728
256733
256740
256818
256822
256851
256852
256865
256899
256944
256969
257017
257051
257066
257077
257114
257132
257135
257151
257177
257179
257191
257197
257214
257216
257228
257241
257266
257316
257347
257394
257394
257399
257460
257501
257516
257519
257519
257530
257536
257539
257571
257595
257659
257682
257697
257701
257706
257715
257774
257785
257820
257832
257837
257857
257878
257883
257885
257888
257903
257918
257933
257965
257977
258010
258048
258066
258069
258101
258141
258158
258181
258203
258209
258245
258278
258280
258312
258321
258354
258401
258414
258418
258423
258441
258476
258528
258562
258578
258596
258629
258660
258667
258670
258694
258694
258743
258767
258797
258836
258870
258919
258956
258963
258971
258977
258998
259028
259058
259096
259113
259177
259203
259222
259233
259251
259264
259305
259348
259375
259378
259435
259456
259464
259488
259510
259515
259550
259552
259571
259608
259612
259624
259646
259648
259659
259665
259690
259696
259698
259704
259712
259719
259723
259755
259812
259829
259869
259992
259997
260007
260012
260027
260028
260030
260032
260033
260039
260054
260060
260091
260094
260124
260141
260170
260179
260194
260251
260264
260270
260284
260310
260335
260353
260357
260375
260398
260431
260437
260466
260500
260514
260516
260521
260528
260551
260582
260589
260648
260700
260709
260779
260806
260825
260834
260839
260839
260840
260849
260865
260926
260957
260974
260980
260982
260982
261067
261084
261106
261158
261166
261225
261231
261262
261263
261293
261298
261316
261355
261418
261438
261457
261471
261472
261516
261528
261556
261593
261600
261603
261613
261625
261647
261679
261690
261691
261730
261738
261799
261830
261839
261862
261913
261958
262050
262087
262091
262094
262123
262149
262150
262154
262172
262205
262223
262251
262267
262282
262314
262339
262345
262358
262400
262421
262437
262453
262486
262486
262513
262548
262587
262591
262601
262614
262640
262643
262673
262689
262768
262774
262780
262787
262837
262839
262853
262882
262888
262913
262921
262950
262951
262957
262965
262969
262988
262999
263003
263055
263060
263067
263076
263122
263122
263122
263155
263170
263186
263187
263201
263205
263228
263230
263270
263317
263367
263391
263392
263395
263399
263412
263436
263450
263493
263580
263595
263635
263652
263660
263673
263681
263689
263695
263719
263735
263748
263749
263753
263760
263782
263799
263845
263870
263892
263925
263932
263945
263948
263949
263958
263959
263967
264031
264068
264088
264089
264096
264101
264117
264174
264179
264192
264300
264302
264318
264323
264327
264337
264337
264344
264354
264391
264413
264438
264453
264453
264479
264488
264518
264545
264561
264597
264598
264599
264639
264665
264678
264699
264708
264712
264719
264724
264782
264787
264798
264809
264822
264903
264905
264973
265024
265075
265126
265126
265137
265174
265182
265191
265229
265274
265278
265319
265333
265336
265364
265379
265500
265502
265508
265539
265555
265555
265565
265609
265633
265649
265652
265659
265704
265751
265766
265778
265785
265803
265813
265825
265855
265874
265884
265896
265902
265923
265932
265954
265969
265996
266004
266016
266081
266082
266086
266103
266106
266158
266221
266228
266251
266270
266271
266279
266309
266347
266365
266376
266406
266433
266446
266466
266514
266515
266522
266542
266561
266569
266636
266647
266679
266701
266715
266740
266784
266787
266805
266827
266835
266838
266884
266915
266931
266934
267001
267004
267026
267026
267030
267064
267089
267127
267132
267136
267152
267159
267200
267205
267236
267239
267243
267243
267249
267251
267262
267266
267287
267343
267347
267369
267410
267412
267435
267526
267540
267548
267565
267579
267588
267601
267616
267625
267631
267649
267664
267667
267671
267684
267733
267828
267862
267865
267925
267938
267965
268027
268032
268036
268046
268049
268105
268122
268127
268148
268168
268176
268236
268257
268307
268364
268425
268433
268527
268536
268557
268578
268592
268607
268611
268615
268626
268643
268732
268737
268752
268829
268837
268842
268858
268875
268893
268897
268906
268923
268927
268957
268960
268981
269014
269034
269068
269093
269116
269209
269210
269279
269283
269285
269314
269360
269428
269436
269457
269473
269495
269534
269553
269590
269595
269602
269604
269608
269618
269718
269794
269799
269802
269823
269842
269844
269866
269869
269899
269915
269942
269944
269951
270016
270022
270027
270068
270079
270095
270105
270123
270176
270190
270204
270315
270343
270362
270421
270423
270467
270519
270559
270564
270569
270579
270604
270630
270660
270685
270691
270693
270701
270717
270722
270736
270751
270860
270908
270917
270956
270967
270967
271006
271021
271044
271061
271070
271092
271107
271148
271176
271185
271187
271192
271248
271256
271272
271289
271346
271349
271350
271351
271364
271400
271425
271562
271570
271601
271610
271624
271654
271666
271703
271706
271719
271730
271734
271749
271768
271779
271850
271884
271887
271905
271937
271986
271991
272011
272059
272081
272109
272122
272131
272181
272189
272246
272269
272286
272296
272311
272332
272350
272406
272419
272437
272449
272453
272456
272463
272472
272479
272481
272492
272495
272551
272557
272616
272620
272632
272633
272661
272753
272755
272809
272818
272824
272827
272834
272864
272869
272873
272876
272879
272946
272955
272977
273047
273054
273068
273084
273127
273135
273154
273166
273212
273216
273238
273255
273268
273277
273285
273288
273292
273293
273309
273324
273325
273332
273332
273348
273399
273418
273473
273475
273492
273504
273519
273565
273610
273640
273660
273660
273736
273743
273784
273801
273813
273821
273891
273912
273919
273924
273928
273940
273970
273976
273988
274006
274034
274037
274054
274057
274072
274104
274113
274154
274162
274174
274218
274247
274260
274298
274337
274343
274345
274359
274359
274361
274384
274412
274440
274443
274444
274469
274486
274558
274563
274570
274572
274574
274667
274680
274692
274717
274739
274747
274764
274806
274818
274841
274844
274960
275015
275052
275054
275064
275067
275081
275082
275085
275118
275143
275151
275161
275212
275222
275238
275243
275263
275322
275333
275343
275368
275377
275378
275390
275432
275494
275550
275593
275593
275623
275634
275660
275700
275708
275714
275741
275761
275780
275788
275837
275845
275872
275879
275888
275889
275924
275954
275980
275984
275986
275992
276001
276007
276020
276029
276035
276042
276043
276061
276090
276139
276156
276196
276231
276241
276270
276280
276293
276334
276341
276348
276349
276353
276361
276391
276412
276519
276572
276572
276579
276597
276605
276623
276636
276648
276728
276731
276734
276742
276752
276775
276784
276798
276809
276830
276834
276845
276848
276857
276861
276862
276884
276918
276920
276921
276964
277018
277024
277033
277057
277061
277078
277106
277147
277158
277160
277162
277188
277200
277204
277236
277269
277299
277311
277364
277390
277396
277420
277423
277425
277441
277445
277465
277473
277492
277579
277610
277611
277619
277627
277645
277660
277665
277667
277686
277690
277692
277732
277742
277756
277780
277788
277842
277844
277896
277923
277956
277980
278007
278028
278046
278047
278075
278086
278141
278247
278330
278330
278375
278390
278422
278423
278437
278457
278486
278488
278495
278514
278518
278566
278579
278584
278594
278601
278627
278628
278630
278631
278634
278638
278648
278657
278658
278668
278677
278731
278759
278766
278768
278789
278816
278824
278866
278949
278967
279003
279005
279006
279015
279044
279050
279072
279075
279109
279112
279114
279117
279141
279168
279205
279244
279264
279279
279306
279312
279314
279342
279369
279376
279416
279423
279449
279457
279460
279471
279485
279495
279498
279530
279546
279559
279577
279589
279600
279697
279698
279710
279711
279723
279739
279745
279748
279752
279799
279810
279909
279969
279974
279982
279991
280010
280040
280078
280086
280095
280107
280143
280172
280185
280242
280276
280304
280416
280462
280468
280470
280479
280502
280529
280539
280547
280557
280585
280622
280645
280663
280670
280741
280789
280809
280819
280827
280868
280899
280905
280919
280924
280925
280949
280958
281004
281010
281015
281028
281056
281058
281067
281069
281105
281144
281159
281179
281190
281217
281221
281230
281239
281240
281257
281262
281263
281270
281272
281284
281285
281290
281294
281294
281301
281302
281306
281313
281319
281320
281331
281337
281376
281389
281449
281449
281462
281464
281516
281529
281532
281565
281574
281593
281600
281652
281654
281682
281712
281717
281762
281769
281797
281814
281857
281880
281887
281910
281920
281949
281950
281961
281965
281970
281972
281985
282003
282011
282027
282032
282077
282088
282100
282116
282158
282165
282179
282223
282233
282266
282311
282328
282358
282362
282376
282386
282387
282399
282408
282411
282419
282425
282509
282515
282531
282631
282686
282693
282722
282731
282743
282745
282778
282806
282810
282845
282864
282881
282884
282886
282905
282921
282923
282936
282943
282967
282984
282996
283047
283053
283057
283058
283097
283126
283137
283153
283153
283171
283183
283202
283214
283320
283324
283327
283344
283346
283365
283379
283390
283400
283400
283422
283426
283452
283467
283478
283491
283505
283519
283584
283587
283590
283625
283630
283653
283669
283679
283692
283695
283700
283707
283718
283726
283737
283748
283834
283851
283851
283931
283953
283998
284030
284031
284046
284074
284077
284082
284103
284104
284110
284111
284129
284134
284136
284142
284178
284201
284259
284263
284286
284324
284382
284387
284388
284404
284406
284429
284452
284455
284461
284466
284468
284531
284570
284591
284616
284641
284659
284669
284678
284773
284781
284783
284819
284821
284869
284877
284899
284901
284925
284934
284951
284959
284967
284972
284992
284992
285002
285025
285051
285084
285121
285161
285170
285176
285221
285238
285281
285324
285332
285332
285334
285359
285370
285379
285387
285460
285514
285563
285602
285603
285609
285629
285700
285703
285743
285747
285760
285776
285792
285795
285801
285810
285816
285816
285887
285895
285903
285934
285964
285984
286028
286044
286053
286066
286067
286070
286079
286083
286110
286145
286172
286196
286199
286237
286271
286288
286305
286363
286366
286425
286474
286549
286550
286571
286589
286641
286663
286684
286690
286693
286705
286709
286720
286730
286733
286756
286772
286815
286834
286861
286862
286867
286871
286875
286925
286942
286945
286965
286973
287018
287023
287060
287068
287106
287133
287138
287142
287147
287178
287182
287183
287211
287226
287245
287277
287290
287298
287320
287331
287345
287388
287403
287433
287460
287462
287474
287484
287558
287563
287585
287640
287647
287671
287679
287706
287707
287720
287734
287759
287763
287770
287776
287791
287792
287815
287822
287832
287833
287849
287893
287894
287928
287929
287930
287934
287961
288005
288011
288024
288033
288040
288047
288048
288051
288075
288137
288144
288148
288152
288163
288176
288198
288216
288247
288280
288308
288325
288327
288343
288373
288385
288394
288395
288457
288483
288508
288546
288562
288589
288590
288621
288622
288651
288657
288726
288727
288728
288751
288767
288790
288813
288847
288853
288854
288856
288859
288878
288883
288914
288928
288932
288950
288983
289017
289018
289055
289079
289099
289162
289167
289299
289316
289355
289368
289374
289378
289382
289397
289426
289450
289521
289540
289546
289551
289558
289561
289578
289596
289605
289626
289649
289693
289719
289725
289731
289780
289804
289825
289881
289945
289982
289994
290005
290018
290024
290045
290056
290072
290095
290105
290118
290131
290131
290154
290173
290198
290201
290217
290244
290275
290276
290283
290348
290411
290421
290443
290486
290581
290639
290712
290783
290794
290816
290816
290833
290854
290866
290876
290916
290952
290964
290994
291014
291035
291040
291044
291056
291062
291129
291139
291203
291203
291232
291277
291280
291291
291331
291333
291344
291348
291367
291399
291413
291423
291429
291449
291459
291462
291467
291476
291516
291539
291549
291559
291559
291566
291577
291607
291619
291635
291672
291709
291717
291727
291729
291733
291735
291738
291756
291757
291767
291825
291838
291841
291868
291893
291898
291905
291923
291931
291936
291959
291983
291984
292022
292068
292089
292103
292133
292142
292152
292186
292188
292196
292201
292230
292259
292274
292303
292304
292307
292308
292323
292341
292349
292362
292369
292376
292385
292386
292397
292412
292418
292423
292447
292472
292494
292512
292543
292551
292564
292584
292586
292604
292661
292681
292720
292725
292738
292800
292808
292822
292831
292845
292863
292879
292913
292965
292996
293004
293016
293017
293070
293109
293109
293123
293123
293145
293164
293168
293168
293170
293176
293209
293212
293215
293245
293271
293315
293336
293385
293396
293422
293424
293453
293462
293500
293531
293532
293569
293613
293633
293666
293683
293707
293749
293790
293801
293820
293821
293847
293884
293905
293915
293936
293957
293961
293972
293995
293997
294000
294001
294017
294049
294065
294072
294087
294100
294124
294172
294186
294191
294193
294211
294236
294244
294284
294285
294286
294305
294321
294355
294356
294371
294407
294416
294446
294471
294476
294479
294504
294529
294533
294544
294553
294555
294564
294576
294587
294596
294616
294628
294640
294641
294652
294691
294714
294716
294748
294749
294755
294769
294792
294794
294868
294870
294915
294916
294922
294955
294964
294973
295031
295046
295110
295141
295145
295157
295190
295217
295226
295237
295245
295246
295288
295316
295338
295339
295341
295394
295408
295439
295447
295479
295501
295511
295515
295524
295539
295572
295583
295633
295648
295653
295653
295655
295678
295681
295685
295713
295719
295725
295729
295730
295741
295756
295793
295863
295875
295878
295909
295924
295925
295932
295937
295975
295983
295989
296002
296014
296026
296044
296082
296086
296094
296109
296111
296117
296126
296129
296161
296188
296204
296220
296228
296254
296308
296313
296326
296409
296425
296431
296464
296489
296503
296507
296529
296540
296547
296592
296625
296674
296674
296687
296694
296702
296716
296746
296823
296859
296919
296923
296933
296987
297037
297077
297120
297127
297127
297134
297201
297204
297215
297218
297259
297272
297310
297318
297335
297366
297373
297442
297460
297466
297471
297495
297504
297504
297515
297539
297539
297549
297557
297562
297567
297568
297597
297635
297659
297673
297678
297743
297765
297849
297871
297874
297889
297897
297900
297911
297919
297932
297942
297972
297982
297993
297997
298001
298006
298035
298042
298051
298058
298091
298097
298133
298148
298154
298155
298157
298176
298199
298215
298232
298259
298265
298330
298441
298443
298490
298517
298556
298566
298606
298616
298631
298666
298684
298709
298717
298750
298755
298759
298768
298800
298811
298817
298819
298837
298841
298864
298889
298896
298909
298930
298938
298980
299020
299145
299147
299232
299253
299327
299337
299351
299389
299418
299494
299500
299514
299539
299576
299587
299611
299697
299728
299737
299739
299745
299748
299768
299771
299774
299788
299798
299810
299820
299836
299837
299868
299915
299948
299967
300007
300030
300032
300042
300052
300074
300090
300091
300132
300192
300209
300212
300223
300250
300301
300306
300318
300347
300372
300393
300415
300418
300439
300468
300484
300488
300494
300496
300552
300577
300586
300590
300627
300644
300666
300676
300696
300697
300699
300717
300722
300726
300729
300774
300778
300817
300819
300822
300831
300844
300882
300885
300893
300905
300912
300938
300961
300972
301022
301067
301083
301143
301146
301167
301184
301191
301209
301209
301213
301225
301261
301277
301288
301290
301340
301346
301377
301401
301404
301410
301416
301433
301436
301440
301443
301445
301452
301459
301461
301508
301528
301550
301568
301622
301665
301722
301790
301814
301824
301830
301854
301859
301872
301877
301884
301895
301934
301945
301946
301948
301951
302017
302059
302067
302083
302100
302104
302110
302120
302122
302172
302187
302194
302203
302207
302212
302261
302316
302317
302350
302391
302407
302411
302430
302436
302505
302532
302548
302581
302590
302620
302636
302659
302672
302721
302721
302767
302779
302825
302843
302867
302899
302900
302910
302975
303023
303028
303047
303062
303083
303087
303150
303208
303229
303264
303270
303318
303320
303369
303370
303375
303383
303406
303454
303476
303514
303515
303524
303566
303587
303602
303650
303657
303671
303678
303685
303689
303736
303772
303773
303802
303803
303804
303821
303827
303860
303873
303876
303883
303935
303943
303955
304020
304059
304107
304108
304125
304126
304169
304181
304214
304219
304236
304250
304258
304263
304286
304304
304306
304324
304392
304433
304448
304459
304464
304473
304494
304495
304523
304528
304544
304606
304625
304696
304696
304704
304717
304753
304759
304762
304829
304844
304863
304891
304902
304903
304904
304910
304911
304913
304938
305005
305031
305057
305057
305104
305116
305125
305143
305163
305168
305180
305207
305224
305250
305251
305294
305325
305358
305372
305380
305400
305416
305460
305485
305625
305648
305650
305743
305767
305771
305782
305809
305818
305819
305829
305831
305868
305952
306010
306030
306045
306049
306113
306125
306143
306146
306155
306157
306196
306204
306205
306243
306280
306287
306352
306372
306401
306411
306420
306448
306463
306480
306488
306536
306546
306564
306580
306616
306625
306652
306654
306672
306694
306696
306765
306796
306840
306846
306853
306906
306940
306991
307003
307048
307048
307081
307089
307091
307094
307113
307124
307126
307153
307163
307163
307171
307186
307214
307228
307235
307252
307260
307308
307315
307321
307398
307424
307470
307472
307475
307492
307495
307529
307546
307548
307558
307574
307584
307598
307612
307625
307626
307627
307632
307645
307677
307680
307695
307698
307704
307713
307797
307832
307834
307838
307864
307895
307955
307974
307979
308012
308021
308025
308090
308093
308095
308099
308118
308244
308249
308250
308261
308277
308293
308314
308373
308428
308431
308442
308458
308474
308488
308522
308530
308537
308565
308609
308623
308630
308643
308657
308661
308678
308745
308783
308797
308814
308842
308843
308848
308883
308925
309042
309060
309093
309112
309199
309202
309242
309272
309277
309300
309337
309338
309370
309388
309389
309398
309407
309421
309431
309443
309473
309513
309513
309525
309528
309543
309565
309567
309620
309622
309642
309667
309668
309674
309678
309748
309755
309806
309816
309835
309878
309882
309898
309915
309964
309973
309994
310014
310027
310029
310096
310103
310108
310154
310173
310180
310213
310218
310245
310255
310259
310263
310290
310299
310312
310323
310326
310347
310353
310356
310407
310412
310434
310458
310488
310645
310661
310661
310668
310750
310757
310781
310797
310848
310851
310884
310894
310935
310936
310944
310958
310973
310979
310990
311010
311012
311026
311027
311031
311037
311051
311053
311057
311067
311077
311113
311120
311137
311139
311153
311162
311175
311192
311213
311213
311232
311235
311281
311287
311324
311366
311369
311437
311440
311448
311458
311511
311526
311545
311553
311570
311582
311585
311599
311627
311652
311669
311690
311703
311719
311736
311746
311795
311830
311875
311883
311905
311905
311906
311921
311946
311946
311946
311972
311980
311995
311996
312005
312030
312061
312076
312079
312085
312091
312117
312167
312170
312177
312186
312194
312236
312246
312272
312275
312298
312312
312320
312330
312338
312348
312353
312359
312371
312383
312390
312408
312433
312440
312452
312454
312484
312512
312513
312521
312527
312539
312540
312562
312563
312577
312589
312627
312635
312645
312663
312668
312670
312670
312693
312709
312739
312775
312785
312803
312832
312837
312852
312865
312869
312942
312962
313021
313034
313048
313065
313080
313102
313103
313109
313118
313129
313145
313150
313204
313263
313264
313287
313316
313344
313349
313411
313432
313434
313439
313454
313477
313497
313529
313535
313544
313545
313548
313571
313588
313590
313603
313607
313618
313629
313641
313643
313652
313688
313695
313708
313748
313752
313782
313791
313829
313871
313874
313896
313936
313958
313979
314007
314031
314072
314138
314204
314208
314220
314225
314247
314257
314260
314262
314273
314276
314304
314305
314315
314317
314320
314332
314398
314402
314423
314435
314450
314462
314463
314493
314508
314524
314542
314589
314604
314606
314632
314633
314649
314699
314708
314721
314777
314792
314798
314816
314835
314842
314853
314868
314868
314883
314904
314907
314954
314968
314977
314985
314995
315005
315008
315019
315036
315084
315085
315085
315124
315146
315151
315163
315177
315221
315255
315299
315305
315336
315344
315348
315364
315366
315380
315383
315427
315430
315471
315471
315480
315486
315499
315508
315546
315549
315580
315582
315619
315647
315660
315678
315685
315718
315764
315773
315779
315793
315809
315817
315828
315869
315882
315916
315952
315976
315981
316020
316035
316046
316071
316079
316085
316103
316108
316116
316129
316140
316149
316161
316162
316163
316195
316204
316210
316235
316241
316246
316248
316254
316354
316380
316416
316417
316434
316458
316465
316473
316474
316477
316492
316494
316534
316571
316587
316600
316683
316706
316708
316714
316722
316737
316751
316756
316756
316769
316798
316804
316837
316882
316913
316915
316925
316931
317000
317002
317028
317040
317044
317046
317046
317074
317100
317110
317115
317132
317179
317190
317191
317204
317213
317254
317260
317295
317305
317305
317310
317332
317336
317339
317382
317385
317464
317466
317494
317497
317534
317541
317563
317601
317615
317630
317651
317669
317682
317724
317750
317760
317763
317774
317801
317802
317809
317833
317842
317864
317912
317930
317931
317951
317969
317996
318054
318068
318072
318082
318113
318120
318140
318147
318184
318195
318207
318219
318221
318231
318255
318265
318267
318271
318330
318350
318355
318365
318400
318405
318437
318456
318461
318462
318504
318505
318513
318537
318550
318559
318610
318612
318625
318648
318656
318664
318677
318708
318722
318727
318753
318761
318767
318817
318824
318832
318833
318872
318872
318940
318942
318971
318971
318981
318989
318994
319030
319037
319069
319070
319128
319149
319153
319206
319226
319268
319287
319294
319296
319307
319329
319345
319346
319353
319357
319434
319435
319462
319486
319585
319604
319625
319659
319706
319710
319729
319737
319762
319779
319794
319816
319817
319826
319830
319833
319843
319851
319851
319885
319930
319941
319942
319949
319959
319974
320024
320026
320092
320135
320155
320166
320168
320175
320183
320197
320229
320248
320256
320273
320278
320349
320383
320387
320446
320468
320471
320498
320526
320533
320535
320554
320571
320598
320608
320609
320612
320628
320660
320665
320698
320725
320735
320741
320742
320744
320753
320759
320759
320763
320792
320797
320809
320831
320851
320873
320893
320906
320928
320954
320955
320981
320989
320995
321017
321081
321103
321109
321111
321122
321126
321126
321141
321187
321217
321229
321240
321242
321281
321300
321302
321315
321359
321397
321399
321405
321412
321431
321434
321438
321442
321444
321512
321516
321519
321532
321559
321575
321581
321601
321660
321671
321702
321763
321768
321842
321851
321873
321881
321890
321943
321969
321971
321996
322004
322004
322032
322063
322091
322095
322107
322112
322113
322120
322124
322137
322194
322197
322204
322280
322305
322334
322355
322372
322393
322415
322427
322446
322485
322494
322512
322541
322544
322549
322567
322577
322587
322594
322624
322697
322858
322871
322910
322929
322977
322985
323002
323012
323019
323027
323045
323076
323082
323149
323158
323166
323176
323188
323209
323259
323261
323272
323293
323315
323415
323464
323467
323486
323502
323521
323533
323546
323583
323625
323702
323711
323765
323786
323818
323823
323828
323846
323853
323863
323889
323902
323917
323941
324007
324038
324043
324045
324049
324070
324138
324192
324201
324223
324246
324247
324250
324271
324273
324302
324306
324308
324312
324346
324355
324359
324433
324434
324446
324460
324464
324469
324510
324519
324527
324555
324575
324581
324657
324698
324707
324741
324749
324790
324809
324810
324815
324820
324842
324855
324855
324871
324882
324904
324909
324925
324930
324932
324976
324979
325018
325019
325028
325032
325089
325097
325105
325135
325144
325170
325215
325220
325250
325290
325334
325382
325397
325432
325448
325460
325485
325514
325528
325530
325530
325551
325564
325582
325585
325586
325621
325640
325674
325674
325686
325692
325694
325705
325705
325717
325724
325733
325807
325809
325828
325852
325864
325867
325880
325892
325917
325938
325943
326024
326069
326099
326101
326135
326140
326143
326165
326167
326179
326183
326199
326229
326274
326293
326297
326317
326366
326376
326390
326401
326438
326449
326452
326462
326471
326488
326503
326529
326537
326547
326590
326609
326631
326682
326707
326719
326725
326734
326737
326764
326826
326866
326908
326912
326921
326931
326961
326986
326992
327009
327023
327042
327079
327089
327149
327159
327170
327181
327213
327214
327222
327244
327263
327284
327287
327306
327342
327369
327373
327376
327384
327440
327453
327454
327494
327522
327523
327551
327556
327596
327597
327627
327668
327682
327683
327687
327700
327724
327733
327772
327809
327811
327829
327878
327926
327951
327991
328010
328019
328025
328031
328067
328109
328117
328129
328133
328147
328148
328159
328180
328209
328229
328268
328326
328331
328335
328337
328345
328368
328392
328413
328422
328432
328461
328480
328494
328546
328608
328645
328668
328683
328700
328708
328719
328746
328749
328752
328765
328785
328834
328839
328884
328895
328904
328908
328919
328936
328947
328956
328970
328999
329026
329054
329072
329077
329078
329097
329103
329168
329181
329203
329210
329222
329274
329280
329285
329332
329343
329388
329413
329441
329482
329486
329526
329527
329576
329579
329589
329613
329625
329628
329635
329640
329647
329648
329658
329705
329709
329724
329724
329744
329760
329780
329788
329789
329803
329874
329893
329920
329971
329986
330007
330023
330041
330044
330077
330083
330085
330162
330171
330244
330278
330356
330395
330408
330461
330491
330492
330499
330534
330540
330554
330560
330567
330573
330573
330598
330616
330648
330654
330692
330713
330800
330808
330823
330854
330871
330881
330921
330922
330926
330927
330945
330954
330968
330995
330995
331012
331015
331056
331063
331088
331091
331105
331121
331145
331151
331163
331173
331205
331250
331254
331289
331309
331330
331379
331404
331427
331469
331525
331533
331535
331556
331568
331575
331587
331596
331602
331643
331661
331688
331707
331718
331726
331778
331778
331788
331800
331811
331875
331906
331912
331914
331948
331949
331950
332022
332115
332198
332204
332208
332263
332273
332286
332322
332352
332381
332384
332385
332396
332441
332461
332567
332577
332593
332594
332598
332612
332619
332625
332633
332728
332739
332851
332865
332904
332923
332945
332950
332963
332969
332972
332990
333000
333041
333043
333052
333061
333090
333116
333121
333154
333168
333207
333221
333234
333242
333256
333263
333266
333309
333309
333324
333354
333374
333419
333463
333473
333483
333511
333534
333548
333573
333608
333635
333636
333663
333663
333678
333695
333729
333735
333770
333837
333859
333863
333872
333877
333885
333885
333893
333941
333953
334013
334028
334055
334058
334066
334089
334102
334128
334158
334189
334203
334216
334313
334341
334342
334380
334390
334418
334453
334475
334482
334516
334518
334528
334536
334555
334567
334586
334643
334644
334649
334777
334782
334833
334837
334861
334876
334940
334944
334946
334996
335009
335036
335042
335050
335063
335066
335069
335123
335149
335151
335171
335181
335187
335204
335230
335253
335312
335315
335350
335391
335391
335405
335407
335413
335452
335478
335513
335513
335541
335548
335558
335620
335638
335645
335662
335666
335667
335670
335673
335728
335728
335745
335764
335770
335799
335806
335848
335855
335867
335873
335937
335946
336043
336062
336100
336146
336156
336206
336221
336236
336273
336286
336291
336294
336300
336313
336314
336322
336324
336335
336353
336369
336390
336429
336438
336448
336461
336472
336498
336500
336500
336524
336535
336570
336573
336573
336589
336622
336632
336683
336690
336709
336725
336740
336775
336811
336854
336860
336868
336870
336879
336895
336944
337042
337191
337196
337223
337239
337280
337282
337286
337292
337302
337314
337319
337327
337379
337397
337414
337420
337428
337444
337449
337458
337470
337481
337484
337495
337511
337540
337546
337563
337564
337598
337608
337614
337644
337653
337655
337673
337700
337700
337730
337751
337754
337759
337769
337787
337797
337802
337814
337815
337820
337855
337860
337863
337864
337881
337902
337922
337932
337934
337988
337990
337991
338036
338038
338101
338118
338135
338163
338164
338208
338213
338248
338249
338274
338287
338325
338352
338353
338360
338369
338376
338399
338405
338426
338470
338482
338500
338538
338540
338626
338637
338712
338716
338727
338756
338765
338772
338787
338851
338859
339001
339023
339041
339042
339045
339097
339118
339129
339191
339202
339206
339215
339254
339277
339283
339302
339312
339321
339357
339439
339449
339457
339457
339475
339499
339499
339508
339522
339524
339548
339563
339573
339574
339603
339604
339608
339624
339630
339647
339684
339688
339689
339692
339706
339789
339832
339834
339840
339841
339842
339842
339853
339873
339874
339875
339876
339880
339917
339932
339938
339974
339992
340064
340085
340086
340095
340100
340137
340154
340169
340193
340219
340229
340234
340238
340250
340269
340308
340334
340345
340345
340346
340359
340374
340382
340429
340433
340434
340438
340443
340444
340455
340461
340489
340499
340518
340561
340651
340658
340708
340743
340757
340809
340824
340825
340839
340843
340896
340917
340918
340927
340930
340963
341131
341137
341167
341190
341236
341261
341263
341267
341267
341271
341272
341281
341293
341355
341381
341399
341420
341433
341470
341542
341543
341586
341657
341660
341692
341708
341711
341711
341725
341731
341733
341734
341748
341751
341764
341791
341803
341862
341872
341889
341904
341907
341915
341927
341951
341961
341990
342081
342090
342091
342099
342107
342113
342132
342133
342138
342161
342171
342203
342242
342260
342262
342271
342272
342272
342289
342295
342370
342374
342377
342391
342398
342452
342458
342463
342509
342512
342527
342528
342557
342609
342645
342681
342687
342699
342720
342724
342752
342752
342775
342802
342805
342821
342824
342836
342841
342877
342887
342907
342907
342915
342940
342943
342954
342963
343006
343037
343066
343082
343090
343102
343132
343135
343139
343155
343165
343170
343179
343214
343285
343301
343345
343345
343386
343397
343399
343455
343466
343470
343500
343502
343510
343544
343554
343572
343576
343578
343580
343592
343595
343612
343629
343636
343637
343643
343651
343654
343667
343704
343839
343841
343886
343911
343917
343988
344017
344053
344063
344073
344080
344106
344110
344146
344147
344155
344160
344161
344167
344178
344243
344264
344316
344394
344399
344407
344455
344498
344505
344517
344573
344617
344771
344788
344796
344801
344810
344821
344848
344860
344920
344936
344965
344994
345011
345011
345119
345142
345199
345226
345238
345254
345260
345308
345311
345328
345332
345332
345349
345349
345371
345393
345418
345421
345438
345471
345475
345516
345608
345634
345658
345685
345726
345744
345748
345754
345770
345777
345809
345814
345884
345927
345935
345939
345969
345970
345985
345987
346021
346022
346028
346046
346104
346154
346159
346160
346174
346175
346180
346184
346185
346195
346198
346207
346253
346295
346299
346327
346329
346390
346391
346427
346433
346482
346505
346530
346548
346555
346592
346593
346652
346668
346671
346671
346744
346779
346798
346814
346828
346836
346865
346865
346917
346917
346934
346946
346955
346972
346985
347002
347037
347043
347061
347076
347110
347115
347145
347187
347212
347257
347292
347331
347342
347364
347372
347407
347434
347451
347459
347474
347526
347528
347556
347629
347664
347668
347708
347788
347818
347822
347834
347838
347869
347914
347920
347990
348008
348015
348016
348026
348059
348089
348109
348130
348134
348146
348148
348160
348164
348166
348167
348181
348191
348192
348251
348267
348282
348284
348297
348326
348337
348343
348375
348409
348443
348458
348461
348560
348568
348594
348606
348614
348667
348714
348729
348730
348751
348755
348772
348782
348828
348851
348912
348930
348962
349003
349004
349004
349039
349061
349070
349085
349092
349112
349123
349128
349132
349141
349189
349204
349215
349262
349295
349309
349329
349408
349433
349434
349436
349492
349492
349514
349521
349630
349716
349728
349753
349761
349779
349801
349803
349805
349806
349829
349830
349837
349843
349866
349906
349912
349912
349925
349929
349945
349962
349963
350001
350009
350014
350014
350028
350035
350059
350098
350115
350190
350217
350275
350306
350319
350320
350323
350355
350375
350383
350428
350463
350465
350516
350542
350565
350594
350596
350613
350656
350667
350667
350671
350753
350760
350763
350774
350800
350802
350814
350831
350854
350904
350914
350916
350920
350922
350961
350965
350980
351008
351021
351021
351024
351033
351072
351090
351091
351096
351113
351128
351141
351171
351190
351193
351201
351221
351241
351316
351347
351355
351362
351383
351435
351444
351449
351532
351557
351558
351574
351585
351654
351707
351734
351747
351760
351794
351810
351811
351811
351828
351884
351933
351957
351966
352006
352012
352029
352041
352051
352063
352069
352078
352080
352081
352104
352114
352143
352181
352183
352190
352211
352252
352272
352282
352298
352314
352337
352417
352417
352432
352434
352452
352465
352469
352503
352520
352525
352536
352557
352562
352564
352584
352618
352620
352654
352665
352667
352683
352695
352708
352725
352741
352749
352759
352774
352782
352788
352791
352821
352824
352840
352907
352910
352919
352926
352963
352970
352971
352974
353000
353012
353013
353040
353076
353106
353118
353120
353135
353135
353156
353179
353183
353204
353241
353245
353263
353301
353362
353379
353395
353420
353430
353430
353453
353510
353533
353542
353555
353620
353626
353628
353649
353651
353655
353662
353678
353685
353691
353706
353723
353736
353757
353763
353770
353772
353786
353788
353793
353793
353812
353865
353880
353930
353932
353936
353949
353964
353964
354021
354051
354054
354087
354106
354126
354133
354154
354160
354162
354172
354196
354197
354243
354245
354262
354300
354318
354319
354327
354380
354390
354425
354441
354447
354454
354463
354471
354476
354511
354513
354518
354526
354556
354603
354618
354634
354644
354659
354667
354693
354693
354706
354713
354720
354754
354754
354815
354821
354853
354860
354892
354899
354903
354919
354950
354957
354987
355043
355043
355057
355058
355097
355099
355117
355154
355155
355169
355172
355172
355211
355257
355278
355311
355321
355342
355354
355361
355373
355374
355375
355408
355409
355425
355428
355450
355470
355517
355549
355551
355572
355580
355608
355628
355691
355711
355733
355735
355739
355743
355766
355790
355805
355816
355841
355875
355884
355890
355913
355920
355945
355960
355974
355985
355993
356005
356024
356032
356054
356064
356136
356150
356180
356201
356201
356205
356216
356224
356224
356241
356244
356247
356272
356284
356289
356298
356305
356323
356344
356347
356387
356387
356429
356491
356513
356517
356521
356523
356535
356542
356553
356563
356584
356587
356594
356604
356615
356665
356672
356697
356712
356744
356754
356770
356797
356832
356869
356916
357016
357060
357097
357120
357142
357151
357173
357220
357221
357236
357240
357270
357276
357283
357289
357340
357372
357380
357384
357389
357443
357449
357451
357461
357477
357491
357573
357578
357586
357587
357629
357635
357636
357662
357669
357700
357719
357752
357755
357778
357779
357780
357817
357877
357887
357889
357897
357900
357916
357921
357947
357987
358005
358014
358024
358036
358046
358055
358064
358066
358069
358073
358073
358073
358074
358199
358205
358234
358306
358311
358332
358336
358403
358431
358431
358439
358439
358449
358455
358475
358477
358482
358482
358555
358565
358565
358567
358572
358573
358585
358594
358615
358628
358646
358650
358654
358663
358702
358753
358770
358797
358808
358824
358837
358858
358874
358903
358933
358947
358965
358970
358981
359020
359035
359037
359039
359061
359084
359085
359086
359134
359156
359163
359178
359183
359194
359195
359210
359265
359270
359281
359286
359296
359302
359320
359363
359476
359497
359498
359518
359584
359652
359669
359677
359696
359701
359725
359745
359846
359871
359915
359916
359929
359942
359954
359956
359958
359962
359986
359993
360038
360066
360082
360086
360114
360186
360191
360212
360263
360263
360278
360303
360306
360311
360313
360338
360382
360389
360394
360417
360417
360417
360432
360460
360462
360499
360519
360520
360525
360537
360554
360559
360602
360608
360630
360650
360653
360662
360672
360675
360688
360711
360714
360729
360733
360818
360823
360840
360848
360851
360881
360883
360925
360932
360938
360938
360956
360959
361047
361071
361071
361114
361124
361166
361191
361192
361214
361244
361258
361260
361303
361304
361343
361346
361393
361404
361410
361465
361482
361489
361491
361492
361516
361541
361551
361566
361614
361647
361660
361726
361735
361819
361929
361952
361958
361982
362004
362005
362012
362065
362076
362120
362156
362162
362166
362171
362190
362200
362214
362214
362220
362224
362230
362241
362287
362325
362376
362417
362450
362484
362503
362522
362538
362548
362559
362571
362595
362598
362618
362650
362654
362656
362688
362689
362724
362730
362830
362838
362849
362852
362854
362855
362876
362955
362967
362973
362986
363075
363110
363117
363130
363131
363189
363206
363222
363225
363234
363242
363243
363271
363282
363285
363310
363347
363360
363379
363381
363390
363392
363393
363409
363427
363429
363461
363499
363516
363529
363531
363547
363563
363569
363577
363577
363629
363639
363652
363660
363675
363679
363704
363710
363732
363737
363738
363747
363756
363764
363787
363787
363798
363807
363810
363842
363842
363847
363850
363856
363900
363918
363947
363970
363990
364005
364010
364079
364098
364107
364112
364121
364124
364129
364169
364182
364220
364230
364232
364256
364276
364284
364380
364394
364405
364410
364430
364485
364490
364523
364534
364536
364547
364578
364614
364695
364744
364792
364819
364847
364879
364906
364926
364949
364961
364996
364997
365013
365027
365058
365059
365062
365071
365104
365126
365127
365150
365183
365260
365304
365310
365346
365385
365401
365420
365440
365441
365474
365510
365517
365547
365567
365568
365578
365586
365591
365627
365628
365732
365739
365743
365758
365765
365782
365807
365823
365837
365880
365901
365933
365959
365970
366001
366003
366041
366052
366058
366061
366090
366179
366181
366196
366199
366221
366222
366225
366242
366342
366345
366375
366395
366398
366408
366448
366479
366487
366490
366534
366544
366546
366625
366637
366640
366691
366734
366765
366796
366800
366806
366832
366834
366852
366858
366875
366914
366920
366921
366925
366951
366964
366979
366983
366995
367002
367016
367066
367094
367121
367149
367166
367173
367205
367228
367270
367298
367302
367307
367315
367317
367338
367350
367380
367400
367430
367446
367451
367481
367486
367503
367505
367515
367531
367561
367565
367574
367578
367591
367600
367605
367617
367622
367644
367679
367739
367766
367802
367823
367823
367851
367895
367900
367908
367945
367953
367976
367982
368041
368054
368068
368101
368124
368125
368180
368189
368195
368235
368245
368259
368291
368303
368320
368329
368334
368353
368391
368392
368428
368432
368481
368492
368538
368559
368561
368589
368608
368623
368631
368650
368663
368676
368714
368733
368737
368968
368969
369045
369087
369093
369097
369116
369131
369137
369139
369142
369159
369169
369179
369208
369221
369309
369313
369358
369363
369372
369436
369446
369460
369496
369516
369565
369568
369576
369593
369604
369627
369640
369655
369656
369662
369698
369704
369714
369716
369717
369719
369772
369784
369800
369811
369836
369837
369920
369943
369961
369963
369975
370021
370028
370052
370072
370081
370082
370084
370085
370088
370090
370111
370120
370133
370144
370150
370156
370213
370242
370246
370268
370289
370318
370319
370366
370373
370378
370394
370401
370409
370419
370428
370430
370457
370494
370518
370527
370530
370562
370568
370588
370617
370645
370656
370665
370698
370712
370747
370763
370794
370819
370822
370845
370845
370871
370879
370895
370899
370928
370944
370979
370982
370986
371006
371030
371036
371045
371056
371069
371071
371089
371101
371114
371184
371186
371187
371190
371190
371210
371240
371261
371268
371268
371287
371341
371402
371471
371482
371490
371581
371594
371596
371649
371653
371713
371715
371735
371735
371781
371815
371816
371841
371913
371917
371948
371980
371987
371989
371991
372006
372014
372052
372058
372084
372151
372172
372200
372207
372217
372227
372295
372298
372350
372352
372378
372405
372412
372479
372513
372531
372562
372565
372567
372575
372580
372591
372618
372631
372632
372641
372645
372662
372667
372687
372725
372731
372764
372788
372800
372822
372833
372868
372872
372879
372884
372885
372888
372888
372897
372962
372965
372977
373008
373012
373012
373016
373050
373061
373067
373090
373120
373141
373184
373187
373189
373233
373302
373371
373384
373389
373410
373429
373445
373455
373461
373484
373501
373513
373561
373571
373581
373588
373595
373628
373727
373738
373758
373777
373824
373869
373884
373889
373902
373905
373906
373936
373952
373993
374018
374019
374051
374064
374068
374078
374083
374089
374096
374104
374115
374125
374174
374180
374180
374201
374205
374215
374232
374235
374249
374275
374333
374338
374348
374350
374352
374367
374395
374446
374448
374520
374553
374607
374652
374663
374686
374689
374719
374725
374734
374749
374749
374765
374794
374801
374823
374832
374834
374846
374846
374891
374905
374941
374948
374975
375006
375021
375094
375151
375165
375168
375172
375231
375239
375264
375266
375267
375303
375304
375311
375321
375323
375349
375367
375376
375383
375418
375426
375443
375482
375495
375515
375543
375570
375622
375645
375682
375693
375695
375718
375740
375751
375755
375756
375766
375770
375773
375775
375777
375777
375839
375857
375868
375879
375891
375925
375944
375951
375957
375962
376024
376032
376056
376059
376067
376103
376113
376144
376193
376200
376226
376251
376253
376310
376311
376317
376327
376350
376401
376421
376453
376493
376564
376570
376622
376639
376668
376677
376692
376694
376730
376754
376786
376787
376797
376799
376878
376883
376914
376951
376971
376997
377085
377128
377147
377152
377185
377201
377229
377233
377250
377256
377267
377280
377282
377288
377298
377301
377343
377344
377349
377352
377402
377484
377484
377498
377503
377504
377547
377560
377580
377610
377615
377643
377643
377644
377651
377658
377667
377676
377678
377695
377698
377710
377719
377758
377781
377792
377800
377807
377833
377835
377838
377874
377909
377919
377927
377941
377956
377996
378018
378029
378034
378077
378091
378094
378108
378120
378121
378175
378193
378232
378255
378256
378257
378285
378285
378327
378356
378426
378440
378447
378455
378509
378529
378533
378537
378557
378567
378579
378608
378647
378655
378657
378671
378714
378723
378767
378811
378813
378847
378873
378884
378887
378889
378949
379042
379069
379073
379118
379120
379125
379132
379147
379149
379285
379293
379296
379309
379351
379352
379367
379397
379402
379405
379406
379410
379411
379469
379496
379524
379530
379569
379569
379592
379652
379728
379740
379793
379800
379810
379831
379858
379875
379890
379894
379911
379964
379993
380051
380089
380111
380129
380138
380186
380190
380203
380222
380243
380255
380326
380339
380341
380378
380396
380398
380419
380425
380430
380432
380437
380440
380443
380469
380471
380479
380483
380483
380505
380513
380552
380585
380589
380595
380619
380638
380652
380673
380693
380725
380728
380738
380738
380742
380754
380824
380869
380892
380905
380922
380932
380964
381000
381004
381013
381027
381028
381041
381126
381129
381130
381133
381187
381193
381197
381231
381276
381277
381280
381297
381305
381321
381345
381358
381373
381439
381440
381451
381492
381500
381551
381568
381586
381618
381618
381630
381660
381701
381717
381717
381729
381814
381855
381855
381857
381878
381927
381930
381934
381959
381961
381967
381986
382001
382016
382033
382034
382081
382118
382127
382136
382147
382171
382201
382210
382215
382305
382307
382355
382368
382376
382383
382531
382538
382564
382591
382595
382637
382670
382690
382710
382759
382771
382777
382782
382860
382880
382913
382920
382940
382951
382958
382989
382997
382997
383017
383039
383115
383161
383179
383196
383197
383220
383250
383255
383258
383287
383288
383294
383492
383509
383512
383512
383530
383564
383570
383594
383633
383643
383692
383715
383722
383722
383730
383785
383786
383809
383817
383831
383852
383894
383918
383925
383950
384008
384054
384056
384065
384103
384148
384161
384165
384179
384182
384183
384202
384249
384259
384272
384283
384302
384345
384366
384440
384496
384527
384532
384545
384546
384552
384668
384675
384682
384696
384726
384734
384741
384752
384755
384774
384777
384816
384825
384833
384841
384913
384917
384942
384955
384996
384996
385001
385033
385034
385045
385055
385057
385073
385107
385117
385134
385174
385193
385224
385228
385238
385260
385277
385279
385286
385309
385321
385394
385395
385399
385421
385431
385439
385450
385480
385494
385515
385518
385554
385573
385581
385625
385633
385655
385684
385728
385755
385765
385779
385784
385824
385829
385830
385847
385862
385866
385873
385881
385900
385931
385942
385958
385960
385967
386002
386002
386018
386032
386037
386037
386043
386045
386151
386155
386166
386204
386219
386223
386231
386282
386323
386331
386344
386366
386381
386413
386448
386454
386456
386505
386520
386524
386537
386542
386585
386620
386651
386684
386729
386731
386740
386744
386752
386769
386782
386812
386813
386830
386858
386859
386868
386868
386884
386897
386906
386924
386936
386966
386987
387000
387002
387026
387041
387097
387117
387117
387120
387128
387136
387137
387140
387151
387151
387206
387230
387236
387297
387300
387341
387384
387424
387433
387434
387443
387476
387496
387553
387586
387600
387607
387611
387619
387638
387642
387643
387649
387649
387676
387701
387711
387712
387716
387750
387762
387804
387837
387900
387941
387941
387967
387971
387981
387982
387987
388019
388049
388081
388094
388115
388118
388123
388141
388152
388154
388168
388171
388181
388212
388216
388222
388250
388260
388277
388291
388319
388349
388354
388373
388378
388397
388397
388427
388429
388450
388455
388493
388499
388511
388517
388533
388546
388593
388595
388600
388630
388643
388646
388648
388675
388684
388688
388692
388693
388725
388748
388753
388763
388774
388813
388824
388825
388834
388859
388937
388958
388973
389003
389027
389038
389063
389063
389085
389108
389138
389150
389172
389201
389213
389240
389255
389283
389340
389374
389392
389403
389419
389429
389432
389435
389441
389456
389550
389584
389625
389636
389644
389645
389667
389667
389690
389709
389753
389781
389781
389833
389856
389866
389943
389962
390007
390015
390047
390064
390110
390115
390138
390169
390196
390201
390209
390241
390253
390258
390270
390284
390290
390297
390298
390302
390340
390360
390362
390370
390418
390420
390438
390451
390452
390453
390470
390488
390514
390522
390540
390540
390560
390588
390588
390592
390593
390625
390639
390699
390731
390758
390775
390795
390804
390813
390832
390833
390860
390865
390871
390895
390913
390956
391012
391035
391036
391064
391072
391098
391146
391193
391208
391210
391225
391250
391343
391348
391352
391363
391391
391423
391449
391457
391458
391462
391528
391568
391585
391621
391642
391701
391706
391716
391733
391740
391740
391747
391771
391809
391838
391840
391844
391846
391872
391905
391920
391924
391926
391986
392035
392063
392104
392115
392115
392116
392125
392154
392171
392182
392192
392193
392204
392313
392346
392401
392406
392419
392420
392434
392476
392511
392540
392553
392561
392589
392591
392610
392647
392660
392693
392702
392720
392752
392756
392846
392855
392860
392861
392862
392867
392870
392875
392898
392904
392928
392943
392952
392978
392993
393015
393037
393042
393059
393062
393066
393077
393080
393094
393109
393129
393182
393187
393193
393194
393221
393231
393244
393277
393325
393326
393331
393341
393343
393367
393370
393394
393410
393421
393431
393453
393456
393464
393507
393517
393528
393532
393538
393569
393599
393608
393608
393615
393620
393625
393637
393658
393682
393690
393693
393706
393768
393773
393779
393802
393836
393841
393891
393932
393939
393951
393961
393984
394033
394065
394079
394083
394103
394116
394118
394146
394165
394172
394188
394202
394206
394210
394210
394212
394229
394242
394252
394274
394301
394322
394331
394339
394359
394390
394400
394407
394413
394429
394467
394469
394479
394541
394557
394588
394669
394670
394680
394698
394709
394719
394746
394750
394776
394832
394857
394862
394884
394884
394885
394892
394910
394929
394933
394936
394936
394938
394975
395005
395016
395017
395020
395038
395083
395104
395149
395157
395289
395324
395325
395353
395365
395423
395437
395469
395505
395517
395529
395533
395562
395599
395639
395643
395648
395713
395728
395740
395742
395785
395794
395823
395836
395844
395860
395918
395921
395943
395943
395959
396062
396114
396124
396149
396193
396214
396229
396246
396249
396253
396266
396268
396294
396303
396308
396325
396369
396373
396380
396400
396400
396410
396448
396460
396527
396534
396542
396542
396551
396573
396615
396631
396650
396693
396730
396765
396773
396805
396810
396819
396833
396840
396852
396881
396926
396939
396954
396964
397027
397048
397058
397099
397107
397130
397160
397180
397238
397244
397253
397264
397265
397270
397273
397278
397299
397394
397395
397414
397496
397525
397538
397578
397588
397639
397682
397687
397694
397706
397711
397717
397741
397804
397805
397807
397807
397832
397878
397889
397890
397898
397927
397931
397937
397945
397987
398025
398028
398036
398077
398100
398102
398163
398198
398216
398220
398224
398251
398261
398265
398289
398328
398332
398364
398379
398381
398395
398421
398440
398476
398480
398492
398542
398548
398626
398640
398657
398668
398714
398719
398755
398779
398781
398827
398830
398837
398854
398893
398913
398915
398944
399045
399058
399066
399074
399080
399086
399129
399134
399163
399168
399273
399281
399302
399333
399355
399407
399416
399430
399441
399454
399458
399460
399463
399514
399526
399539
399552
399565
399581
399583
399616
399670
399685
399769
399796
399818
399947
399989
400009
400022
400051
400125
400152
400165
400205
400236
400251
400253
400262
400323
400347
400348
400389
400410
400458
400476
400492
400493
400508
400516
400516
400564
400583
400593
400598
400606
400616
400632
400673
400693
400734
400799
400826
400851
400877
400893
400909
400918
401017
401058
401133
401139
401140
401185
401197
401219
401232
401258
401259
401260
401288
401294
401310
401310
401327
401348
401370
401413
401415
401424
401431
401436
401439
401523
401526
401526
401532
401640
401680
401680
401697
401714
401743
401752
401767
401777
401779
401796
401811
401818
401862
401867
401898
401935
401957
401989
402031
402040
402045
402066
402066
402081
402092
402097
402128
402144
402145
402179
402183
402187
402196
402200
402243
402257
402259
402260
402280
402281
402291
402292
402299
402339
402352
402408
402508
402531
402551
402569
402572
402583
402585
402589
402599
402612
402620
402622
402643
402649
402668
402679
402692
402695
402708
402711
402770
402807
402897
402955
402965
402976
403022
403041
403108
403108
403109
403117
403140
403145
403149
403167
403176
403180
403188
403192
403208
403213
403217
403239
403256
403260
403327
403339
403366
403380
403415
403490
403499
403509
403512
403537
403547
403550
403595
403604
403604
403611
403618
403671
403699
403736
403744
403754
403770
403812
403825
403829
403830
403849
403850
403919
403919
403986
404001
404046
404049
404053
404079
404084
404109
404141
404150
404155
404184
404190
404191
404220
404222
404235
404269
404270
404274
404291
404293
404305
404306
404307
404318
404328
404376
404402
404409
404417
404419
404455
404469
404474
404511
404513
404518
404531
404533
404545
404560
404577
404635
404650
404653
404661
404682
404687
404692
404726
404738
404776
404776
404801
404817
404843
404886
404888
404894
404906
404913
405030
405032
405069
405092
405104
405106
405108
405157
405177
405206
405207
405226
405227
405236
405254
405254
405262
405265
405288
405331
405341
405349
405353
405411
405425
405427
405437
405438
405492
405496
405504
405515
405532
405585
405601
405629
405653
405728
405728
405761
405782
405828
405854
405858
405878
405911
405935
405937
405986
405995
406060
406074
406088
406111
406126
406164
406174
406201
406265
406298
406318
406330
406368
406368
406374
406380
406419
406424
406429
406452
406458
406459
406468
406473
406476
406479
406484
406490
406504
406509
406524
406527
406575
406596
406668
406686
406704
406737
406769
406778
406791
406794
406849
406850
406910
406914
406927
406940
406957
406957
406963
407017
407020
407092
407101
407104
407105
407151
407179
407253
407307
407326
407329
407358
407377
407386
407404
407421
407440
407466
407470
407503
407512
407565
407583
407584
407602
407648
407665
407818
407850
407850
407877
407906
407912
407952
407959
407962
407971
408007
408028
408065
408080
408174
408178
408192
408234
408263
408296
408316
408336
408350
408376
408440
408498
408507
408535
408542
408553
408576
408580
408586
408609
408659
408663
408677
408678
408680
408724
408735
408751
408763
408763
408771
408774
408779
408832
408853
408856
408871
408872
408889
408904
408930
408966
408997
409009
409021
409041
409057
409071
409087
409108
409124
409133
409135
409142
409162
409185
409186
409189
409217
409217
409228
409231
409239
409288
409289
409318
409377
409385
409392
409393
409404
409431
409432
409447
409457
409491
409495
409511
409545
409556
409584
409594
409645
409687
409713
409732
409733
409755
409769
409833
409846
409903
409914
409914
409925
409961
410001
410020
410023
410056
410075
410136
410150
410168
410195
410243
410252
410258
410260
410273
410280
410283
410317
410320
410355
410371
410375
410379
410402
410433
410450
410459
410482
410519
410527
410579
410593
410637
410643
410693
410706
410729
410734
410749
410763
410834
410842
410852
410882
410885
410931
410967
411001
411053
411055
411055
411135
411163
411200
411250
411276
411284
411286
411303
411333
411347
411363
411425
411433
411484
411508
411514
411540
411572
411576
411615
411618
411628
411645
411680
411695
411713
411721
411736
411744
411764
411872
411881
411939
411953
411982
411993
411999
412010
412055
412060
412060
412063
412144
412195
412227
412253
412255
412260
412262
412269
412281
412297
412369
412374
412377
412380
412393
412399
412440
412450
412460
412499
412501
412533
412542
412543
412556
412580
412584
412594
412596
412690
412713
412751
412783
412834
412838
412871
412881
412898
412963
412966
412972
412974
412993
413012
413070
413096
413119
413145
413178
413197
413201
413201
413204
413225
413233
413257
413267
413284
413330
413349
413361
413370
413381
413384
413398
413404
413434
413465
413474
413487
413514
413559
413560
413577
413608
413611
413642
413661
413693
413706
413709
413745
413747
413755
413773
413777
413778
413830
413831
413850
413887
413895
413902
413903
413925
413939
413941
413988
414003
414012
414015
414030
414036
414089
414111
414149
414155
414170
414231
414244
414266
414277
414287
414353
414356
414396
414404
414413
414414
414434
414448
414464
414482
414490
414500
414510
414557
414576
414584
414601
414680
414708
414715
414715
414736
414742
414749
414752
414752
414770
414770
414829
414842
414849
414854
414872
414888
414906
414927
414957
414971
414988
415001
415062
415077
415091
415105
415136
415139
415160
415165
415204
415276
415279
415285
415302
415305
415318
415330
415337
415354
415391
415408
415416
415422
415439
415447
415526
415600
415619
415628
415643
415654
415660
415745
415757
415782
415822
415885
415938
415949
415952
416007
416045
416079
416081
416105
416119
416138
416153
416166
416191
416223
416237
416279
416288
416297
416337
416351
416352
416356
416378
416382
416506
416541
416592
416652
416662
416664
416716
416730
416751
416777
416826
416889
416909
416926
416956
416974
416993
416995
416996
417059
417062
417063
417070
417089
417136
417180
417217
417238
417251
417262
417282
417287
417296
417302
417312
417313
417316
417317
417322
417333
417336
417375
417414
417463
417482
417488
417514
417534
417536
417538
417541
417543
417551
417552
417571
417580
417580
417599
417621
417634
417655
417655
417674
417676
417683
417719
417755
417759
417781
417802
417827
417843
417896
417901
417965
418013
418021
418033
418035
418052
418187
418190
418192
418197
418219
418276
418374
418378
418378
418410
418421
418473
418480
418501
418514
418569
418639
418700
418700
418705
418749
418756
418768
418806
418809
418821
418826
418858
418868
418933
418946
418993
419030
419043
419046
419092
419101
419111
419120
419131
419155
419183
419184
419235
419264
419283
419294
419297
419304
419313
419315
419349
419354
419357
419403
419404
419431
419469
419478
419485
419494
419534
419554
419555
419569
419576
419580
419585
419588
419624
419649
419660
419674
419688
419691
419708
419713
419741
419764
419778
419804
419815
419877
419898
419904
419914
419926
419976
419976
419983
419994
420010
420018
420044
420050
420076
420117
420158
420190
420208
420223
420238
420245
420268
420272
420308
420316
420343
420352
420374
420375
420400
420404
420454
420480
420496
420544
420568
420594
420635
420670
420682
420685
420708
420766
420777
420787
420825
420840
420908
420917
420929
420930
420956
420978
421001
421009
421027
421069
421088
421090
421120
421128
421135
421167
421179
421194
421214
421253
421275
421275
421276
421277
421285
421289
421313
421317
421345
421452
421460
421475
421481
421492
421499
421500
421530
421536
421547
421560
421560
421591
421622
421623
421644
421668
421687
421691
421697
421707
421734
421742
421744
421800
421804
421808
421838
421847
421948
421961
421973
422026
422085
422093
422156
422190
422206
422230
422249
422285
422321
422328
422339
422340
422347
422352
422399
422438
422452
422453
422462
422491
422515
422523
422535
422539
422543
422546
422559
422562
422582
422640
422649
422658
422672
422723
422750
422766
422776
422803
422868
422959
422961
422967
422984
422985
423048
423058
423068
423079
423105
423237
423282
423286
423314
423320
423323
423327
423329
423355
423355
423387
423389
423397
423398
423422
423424
423424
423433
423442
423463
423478
423489
423514
423519
423524
423535
423539
423579
423586
423587
423588
423599
423610
423649
423661
423681
423717
423746
423752
423756
423761
423769
423780
423781
423857
423903
423916
423928
424010
424034
424040
424066
424072
424093
424121
424121
424125
424138
424163
424201
424217
424230
424246
424249
424256
424262
424262
424263
424272
424284
424300
424340
424342
424353
424410
424411
424437
424471
424476
424488
424507
424545
424559
424560
424643
424693
424746
424782
424784
424820
424838
424862
424873
424891
424900
424965
425033
425047
425050
425053
425059
425092
425097
425100
425111
425172
425186
425226
425243
425259
425274
425276
425281
425339
425345
425372
425392
425416
425434
425439
425455
425472
425515
425540
425546
425559
425594
425595
425637
425646
425649
425654
425661
425695
425699
425705
425708
425728
425733
425777
425784
425793
425802
425813
425844
425848
425878
425889
425912
425947
425958
425980
425990
426024
426065
426108
426114
426117
426135
426174
426183
426193
426201
426210
426237
426287
426331
426336
426398
426425
426516
426527
426569
426587
426606
426623
426651
426662
426685
426688
426724
426725
426726
426728
426745
426746
426837
426863
426877
426884
426901
427028
427037
427052
427125
427130
427131
427138
427172
427178
427206
427211
427239
427262
427292
427296
427321
427341
427361
427375
427377
427399
427403
427403
427421
427431
427440
427456
427467
427501
427506
427604
427656
427664
427674
427685
427697
427699
427701
427707
427717
427720
427792
427821
427866
427898
427918
427930
427941
427962
427997
428030
428035
428094
428113
428123
428200
428208
428236
428263
428291
428308
428326
428335
428362
428379
428385
428387
428397
428437
428440
428441
428454
428468
428470
428509
428528
428541
428549
428575
428640
428643
428647
428651
428691
428716
428763
428823
428840
428857
428863
428864
428875
428876
428887
428945
428971
429009
429065
429084
429109
429110
429161
429209
429218
429228
429248
429256
429318
429345
429359
429388
429389
429414
429461
429470
429485
429515
429521
429532
429547
429552
429569
429571
429607
429615
429691
429696
429716
429717
429724
429740
429765
429765
429784
429830
429849
429869
429917
429935
429953
430017
430040
430121
430156
430170
430187
430230
430238
430299
430337
430357
430368
430374
430393
430414
430428
430497
430507
430591
430600
430655
430672
430696
430734
430749
430773
430773
430786
430802
430822
430832
430839
430855
430855
430862
430883
430924
430942
430943
430958
431004
431007
431027
431040
431093
431098
431138
431139
431146
431172
431186
431200
431225
431251
431251
431252
431261
431287
431320
431327
431338
431358
431368
431412
431418
431428
431440
431456
431489
431509
431521
431545
431554
431558
431566
431598
431602
431604
431628
431652
431654
431671
431686
431711
431734
431762
431772
431783
431799
431818
431819
431833
431838
431859
431884
431885
431896
431911
431913
431948
431955
431974
432016
432035
432077
432086
432137
432153
432156
432173
432177
432187
432200
432201
432206
432225
432227
432239
432282
432295
432313
432329
432344
432344
432364
432379
432386
432391
432412
432439
432451
432454
432491
432518
432545
432547
432599
432616
432669
432684
432685
432702
432723
432725
432755
432771
432799
432813
432814
432831
432898
432920
432928
432965
433010
433011
433049
433055
433070
433100
433106
433122
433145
433168
433188
433209
433222
433317
433340
433370
433382
433395
433427
433433
433451
433463
433481
433485
433486
433489
433518
433528
433548
433571
433607
433608
433611
433619
433669
433711
433726
433728
433748
433780
433791
433806
433814
433830
433849
433856
433871
433897
433929
433936
433972
433976
434021
434051
434056
434071
434101
434129
434142
434156
434210
434249
434251
434254
434266
434277
434297
434300
434340
434362
434391
434412
434441
434575
434576
434581
434650
434679
434683
434693
434706
434712
434742
434747
434749
434762
434824
434825
434849
434871
434873
434890
434908
434916
434921
434932
434948
434961
434965
434977
434978
435012
435019
435038
435064
435070
435072
435080
435135
435147
435147
435152
435156
435210
435219
435252
435289
435313
435335
435354
435412
435418
435422
435449
435460
435473
435480
435508
435509
435511
435518
435522
435544
435555
435630
435651
435660
435670
435701
435714
435745
435756
435759
435805
435811
435812
435821
435858
435919
435969
435972
435975
435985
435988
435995
436020
436050
436052
436053
436061
436065
436066
436076
436081
436085
436088
436110
436120
436122
436147
436276
436311
436386
436393
436410
436418
436424
436425
436505
436513
436537
436580
436617
436642
436645
436654
436703
436707
436724
436751
436751
436760
436827
436827
436849
436857
436868
436869
436920
436921
436984
436993
437016
437026
437029
437029
437033
437039
437041
437069
437082
437089
437108
437108
437139
437169
437191
437232
437238
437241
437265
437275
437329
437378
437386
437389
437393
437420
437422
437456
437459
437461
437462
437474
437477
437551
437610
437621
437693
437714
437750
437764
437768
437789
437802
437812
437818
437820
437836
437840
437844
437973
437981
438015
438023
438037
438047
438066
438070
438072
438089
438090
438110
438122
438156
438173
438182
438250
438303
438314
438335
438348
438386
438412
438445
438473
438482
438495
438526
438550
438573
438615
438631
438646
438652
438666
438721
438739
438775
438777
438781
438794
438802
438804
438893
438898
438921
438924
438929
438949
438993
439003
439021
439025
439041
439043
439055
439070
439083
439086
439116
439120
439145
439147
439149
439158
439177
439177
439206
439222
439295
439314
439347
439397
439403
439413
439440
439452
439558
439558
439558
439568
439579
439593
439617
439625
439627
439707
439720
439730
439746
439758
439760
439761
439766
439788
439908
439935
439959
439972
439985
439999
440027
440030
440030
440048
440055
440061
440127
440143
440143
440155
440190
440219
440229
440232
440233
440236
440247
440250
440251
440255
440291
440300
440329
440359
440377
440390
440411
440476
440485
440507
440515
440525
440543
440555
440649
440653
440692
440711
440736
440738
440756
440759
440767
440773
440808
440848
440852
440865
440871
440901
440907
440921
440960
440967
441038
441062
441063
441064
441071
441087
441103
441126
441135
441141
441146
441146
441158
441172
441178
441210
441230
441241
441254
441294
441312
441315
441334
441363
441370
441379
441384
441386
441399
441409
441411
441429
441433
441434
441470
441506
441588
441598
441600
441630
441666
441694
441710
441722
441724
441774
441805
441813
441821
441821
441836
441845
441957
441966
441977
442044
442060
442084
442119
442121
442150
442155
442180
442217
442218
442232
442235
442254
442257
442272
442328
442349
442357
442377
442386
442391
442407
442426
442462
442488
442602
442606
442634
442635
442667
442695
442714
442769
442770
442773
442780
442815
442822
442869
442872
442883
442923
443024
443055
443076
443132
443152
443154
443170
443183
443201
443263
443274
443312
443322
443344
443363
443386
443388
443394
443406
443414
443458
443497
443509
443547
443560
443615
443682
443686
443713
443714
443859
443865
443868
443966
443978
443981
443996
444115
444138
444153
444163
444181
444189
444205
444241
444259
444262
444299
444302
444327
444339
444342
444350
444351
444361
444365
444370
444378
444380
444385
444400
444413
444449
444454
444471
444499
444520
444544
444561
444571
444592
444593
444594
444606
444639
444649
444655
444665
444669
444699
444702
444720
444735
444752
444819
444825
444881
444885
444886
444920
444951
444970
445006
445057
445063
445099
445131
445152
445209
445213
445225
445259
445270
445286
445288
445357
445371
445375
445394
445446
445466
445474
445500
445532
445542
445572
445581
445598
445599
445663
445694
445722
445769
445769
445804
445811
445849
445879
445889
445921
446026
446057
446079
446109
446161
446170
446172
446182
446182
446189
446200
446208
446220
446227
446231
446242
446261
446263
446278
446317
446334
446364
446380
446384
446425
446472
446475
446495
446521
446530
446540
446568
446586
446605
446639
446646
446672
446683
446704
446767
446768
446837
446849
446868
446885
446893
446907
446941
446944
446950
446967
446968
447037
447041
447049
447063
447068
447077
447078
447084
447092
447094
447105
447124
447232
447272
447292
447307
447366
447368
447378
447387
447391
447422
447427
447428
447444
447506
447524
447574
447606
447644
447645
447660
447702
447712
447724
447776
447812
447844
447844
447932
447953
447982
448032
448043
448056
448062
448080
448101
448116
448143
448148
448187
448245
448247
448329
448333
448345
448389
448390
448392
448459
448464
448483
448490
448497
448503
448585
448588
448605
448636
448674
448737
448751
448756
448758
448784
448788
448805
448810
448828
448860
448875
448883
448901
448919
448935
448955
448982
448983
449068
449079
449104
449107
449144
449162
449166
449170
449173
449183
449189
449196
449200
449216
449216
449230
449237
449258
449282
449300
449305
449309
449313
449326
449331
449336
449367
449381
449392
449402
449407
449425
449428
449457
449457
449477
449480
449496
449569
449630
449630
449656
449681
449692
449713
449728
449767
449782
449795
449797
449838
449868
449904
449931
449965
449977
450025
450026
450050
450093
450095
450117
450127
450138
450141
450146
450148
450154
450210
450232
450278
450284
450302
450322
450335
450337
450343
450387
450388
450391
450413
450417
450421
450428
450433
450445
450471
450476
450514
450540
450567
450589
450592
450636
450651
450661
450667
450730
450769
450770
450772
450795
450814
450822
450841
450846
450848
450848
450877
450879
450889
450896
450906
450941
450942
450942
450955
450972
450986
450989
451055
451060
451071
451079
451083
451110
451124
451136
451154
451178
451204
451222
451246
451265
451272
451274
451300
451318
451375
451407
451441
451453
451463
451468
451497
451575
451634
451655
451672
451674
451692
451696
451772
451777
451785
451788
451790
451792
451811
451897
451903
451929
451973
451974
451978
452039
452045
452076
452102
452104
452144
452159
452163
452186
452190
452200
452218
452218
452260
452282
452319
452344
452348
452363
452385
452407
452415
452446
452456
452497
452500
452520
452551
452552
452566
452586
452589
452592
452619
452644
452649
452659
452666
452683
452705
452707
452712
452732
452733
452736
452763
452769
452804
452818
452852
452854
452870
452881
452922
452939
452943
452958
452997
453021
453022
453038
453057
453069
453118
453188
453213
453242
453248
453286
453292
453343
453350
453369
453371
453399
453413
453443
453458
453480
453499
453502
453543
453586
453592
453610
453634
453645
453662
453671
453671
453673
453712
453732
453754
453762
453765
453788
453814
453816
453869
453871
453883
453888
453897
453898
453936
453948
453958
453973
453973
453973
453980
453985
453994
454022
454081
454082
454113
454121
454123
454192
454211
454219
454228
454241
454275
454293
454338
454369
454384
454402
454459
454496
454499
454508
454529
454591
454613
454616
454633
454659
454660
454690
454723
454735
454762
454770
454780
454792
454812
454866
454868
454905
454908
454965
454991
455005
455022
455113
455137
455225
455243
455244
455245
455259
455259
455270
455340
455344
455387
455432
455472
455529
455536
455598
455620
455633
455643
455651
455679
455680
455695
455704
455723
455746
455765
455784
455797
455825
455844
455867
455905
455906
455930
455986
455993
456014
456015
456017
456054
456062
456077
456090
456092
456102
456122
456133
456139
456149
456163
456216
456256
456286
456295
456300
456318
456389
456398
456401
456477
456489
456491
456528
456534
456562
456564
456573
456584
456631
456649
456711
456786
456812
456813
456817
456833
456833
456860
456928
456950
456955
456974
456984
457012
457024
457025
457028
457032
457035
457037
457040
457041
457050
457050
457089
457126
457179
457224
457252
457255
457257
457265
457267
457283
457308
457315
457358
457377
457383
457420
457461
457478
457508
457537
457577
457607
457652
457672
457686
457698
457747
457754
457768
457778
457814
457828
457832
457869
457883
457889
457934
457936
457941
457946
457962
457978
457995
458040
458056
458083
458087
458119
458122
458129
458141
458144
458149
458169
458300
458306
458346
458354
458399
458424
458438
458442
458485
458499
458516
458525
458541
458556
458605
458610
458618
458632
458670
458678
458692
458714
458726
458740
458740
458758
458760
458785
458833
458883
458884
458912
458926
458965
458977
458980
458992
459007
459063
459110
459135
459184
459194
459195
459202
459249
459273
459285
459306
459319
459378
459493
459500
459516
459519
459596
459627
459663
459708
459736
459742
459744
459789
459841
459872
459890
459953
459967
460029
460029
460066
460085
460094
460104
460126
460134
460138
460150
460262
460304
460383
460415
460416
460442
460488
460514
460523
460541
460545
460546
460546
460571
460582
460592
460626
460645
460677
460701
460704
460715
460720
460723
460728
460757
460763
460766
460826
460848
460850
460866
460886
460893
460895
460918
460926
460927
460933
460947
460973
460989
460989
460993
461022
461064
461065
461073
461099
461114
461129
461141
461141
461160
461211
461219
461253
461293
461302
461308
461316
461327
461344
461352
461356
461356
461418
461424
461428
461433
461450
461466
461547
461560
461585
461617
461618
461639
461649
461666
461686
461806
461810
461813
461817
461837
461839
461915
461934
461935
461962
461973
461977
462006
462014
462084
462122
462141
462156
462184
462259
462260
462297
462299
462306
462307
462341
462365
462398
462421
462437
462449
462454
462472
462479
462482
462483
462504
462536
462550
462563
462567
462597
462609
462611
462640
462664
462727
462748
462753
462805
462870
462878
462881
462901
462904
462912
462916
462963
462974
462990
462991
463003
463052
463070
463078
463085
463093
463100
463150
463164
463197
463227
463231
463233
463247
463253
463280
463292
463342
463350
463380
463381
463406
463413
463449
463449
463454
463464
463488
463524
463536
463550
463554
463609
463651
463678
463714
463726
463732
463742
463750
463784
463795
463810
463829
463833
463837
463872
463877
463883
463892
463896
463909
463919
463929
463934
463952
463970
463979
464011
464037
464055
464057
464065
464095
464104
464131
464134
464188
464230
464235
464264
464269
464284
464284
464301
464331
464344
464366
464378
464413
464426
464445
464470
464484
464532
464570
464609
464650
464659
464696
464724
464742
464754
464777
464801
464801
464807
464810
464811
464831
464838
464867
464883
464884
464912
464944
464944
464945
464992
464999
465010
465012
465025
465036
465051
465052
465073
465081
465085
465085
465085
465219
465229
465238
465239
465251
465288
465295
465336
465340
465396
465398
465403
465415
465458
465463
465491
465515
465522
465557
465562
465574
465578
465586
465598
465599
465612
465612
465619
465636
465692
465729
465737
465758
465782
465805
465856
465859
465874
465950
465961
465976
465980
465993
465997
466055
466065
466082
466084
466094
466168
466190
466190
466194
466202
466214
466241
466246
466251
466287
466290
466308
466332
466346
466379
466410
466414
466436
466441
466462
466466
466552
466560
466596
466600
466630
466636
466643
466723
466727
466763
466766
466812
466817
466825
466835
466851
466866
466866
466894
466914
466955
466958
466972
467021
467062
467099
467147
467199
467277
467298
467337
467348
467425
467432
467487
467543
467549
467563
467572
467579
467603
467609
467622
467634
467668
467701
467737
467756
467776
467790
467805
467918
467919
467925
467949
467969
467987
468016
468031
468123
468141
468166
468188
468192
468226
468290
468305
468312
468332
468337
468357
468376
468378
468380
468416
468427
468454
468460
468470
468526
468533
468548
468563
468585
468655
468670
468699
468711
468715
468728
468730
468766
468782
468786
468793
468830
468860
468886
468889
468934
468935
468942
468955
468978
468990
469043
469044
469090
469103
469106
469112
469145
469146
469161
469162
469165
469180
469184
469210
469210
469224
469250
469267
469278
469286
469296
469298
469322
469326
469353
469358
469386
469433
469448
469464
469465
469470
469489
469507
469545
469553
469557
469574
469592
469600
469613
469617
469624
469667
469677
469690
469704
469724
469796
469824
469853
469858
469859
469954
469969
469975
469986
470016
470034
470047
470095
470109
470113
470113
470162
470174
470218
470236
470256
470258
470269
470275
470284
470348
470349
470371
470383
470394
470397
470419
470438
470488
470531
470588
470605
470648
470657
470688
470731
470744
470781
470782
470783
470807
470809
470822
470857
470860
470877
470883
470889
470895
470901
470917
470965
470972
470991
471003
471005
471028
471043
471059
471081
471109
471122
471144
471192
471205
471210
471244
471246
471267
471269
471301
471309
471348
471355
471366
471391
471404
471410
471420
471423
471430
471454
471488
471510
471517
471534
471554
471561
471569
471604
471637
471643
471649
471654
471684
471704
471737
471749
471751
471768
471785
471797
471798
471826
471851
471875
471881
471892
471903
471907
471956
472006
472015
472043
472046
472052
472108
472195
472215
472236
472261
472266
472281
472308
472311
472328
472354
472361
472365
472433
472451
472463
472464
472491
472509
472550
472604
472618
472645
472646
472649
472683
472725
472764
472828
472830
472852
472854
472873
472887
472891
472897
472903
472920
472933
472988
473001
473026
473066
473077
473077
473156
473158
473179
473190
473218
473224
473231
473239
473244
473274
473300
473336
473406
473412
473413
473441
473451
473460
473508
473510
473521
473548
473550
473583
473605
473612
473642
473669
473688
473695
473724
473754
473759
473782
473785
473793
473815
473860
473876
473880
473900
473902
473933
473977
473984
474007
474022
474066
474078
474102
474111
474112
474117
474134
474137
474141
474205
474221
474241
474245
474279
474286
474290
474328
474336
474343
474349
474358
474372
474374
474400
474407
474421
474444
474462
474474
474490
474497
474555
474556
474564
474578
474586
474590
474606
474612
474613
474637
474639
474657
474707
474740
474829
474843
474860
474893
474900
474901
474939
474957
474985
475034
475039
475043
475059
475064
475079
475080
475101
475106
475108
475126
475130
475142
475162
475172
475236
475241
475250
475298
475330
475342
475352
475385
475392
475394
475398
475417
475423
475437
475460
475520
475541
475555
475582
475602
475611
475618
475651
475702
475710
475747
475788
475818
475831
475834
475872
475900
475901
475909
475912
475920
475957
475989
476021
476040
476073
476082
476084
476086
476118
476119
476137
476174
476185
476225
476260
476262
476281
476294
476325
476389
476405
476432
476434
476462
476546
476552
476572
476612
476630
476636
476636
476644
476650
476651
476674
476702
476747
476764
476768
476769
476792
476797
476801
476824
476826
476885
476896
476916
476922
476949
476981
477027
477048
477073
477127
477141
477148
477155
477168
477174
477205
477230
477231
477233
477249
477293
477356
477391
477468
477493
477512
477533
477539
477563
477570
477604
477611
477630
477645
477646
477684
477707
477709
477713
477721
477725
477735
477765
477781
477786
477798
477812
477815
477845
477846
477855
477867
477871
477878
477909
477944
477964
477992
478002
478026
478032
478052
478081
478121
478132
478156
478180
478215
478216
478224
478265
478292
478319
478335
478489
478491
478493
478493
478509
478534
478575
478578
478600
478630
478662
478686
478686
478723
478727
478745
478764
478802
478855
478970
478971
478997
479030
479056
479056
479060
479073
479083
479111
479128
479162
479170
479185
479189
479202
479290
479317
479334
479340
479354
479359
479367
479421
479434
479497
479498
479503
479533
479544
479550
479561
479563
479581
479585
479609
479641
479646
479657
479709
479718
479731
479779
479796
479833
479855
479863
479873
479881
479893
479947
479959
479977
479979
479987
480009
480014
480018
480034
480051
480060
480102
480166
480173
480179
480198
480198
480212
480245
480286
480289
480294
480310
480320
480353
480378
480380
480408
480430
480444
480444
480471
480472
480510
480513
480513
480552
480562
480572
480587
480603
480611
480614
480634
480658
480662
480691
480722
480731
480741
480768
480797
480830
480839
480876
480889
480901
480915
480925
481000
481037
481055
481056
481085
481109
481111
481122
481132
481134
481148
481149
481152
481155
481185
481187
481238
481260
481280
481281
481299
481333
481349
481357
481372
481372
481399
481400
481405
481406
481428
481439
481462
481476
481494
481527
481527
481528
481549
481578
481598
481602
481639
481646
481658
481691
481702
481706
481730
481758
481765
481844
481855
481860
481875
481902
481911
481967
481970
481980
481980
481999
482005
482025
482046
482051
482066
482165
482177
482201
482241
482252
482318
482323
482377
482400
482422
482451
482453
482479
482520
482581
482631
482636
482646
482663
482668
482685
482689
482691
482691
482691
482702
482749
482753
482782
482820
482830
482851
482919
482981
483011
483060
483070
483104
483124
483125
483166
483197
483219
483225
483229
483283
483314
483323
483326
483333
483342
483356
483384
483385
483456
483457
483473
483478
483485
483493
483499
483522
483526
483528
483534
483536
483536
483569
483584
483585
483648
483649
483660
483674
483674
483689
483702
483731
483768
483772
483783
483783
483837
483856
483918
483918
483958
484001
484005
484011
484026
484030
484057
484096
484103
484107
484139
484142
484144
484162
484173
484211
484237
484238
484246
484247
484257
484283
484284
484286
484332
484332
484334
484344
484345
484352
484355
484358
484377
484458
484480
484495
484512
484595
484599
484633
484650
484652
484669
484681
484735
484740
484749
484751
484809
484811
484814
484821
484824
484824
484837
484905
484924
484934
484947
484949
484955
484967
484978
484986
484989
484993
485002
485017
485079
485092
485101
485101
485109
485126
485128
485139
485150
485164
485170
485180
485284
485291
485324
485340
485363
485365
485369
485377
485384
485398
485401
485423
485467
485469
485469
485518
485519
485535
485538
485563
485570
485575
485608
485654
485664
485689
485753
485769
485814
485862
485946
485978
485996
485999
486117
486128
486144
486183
486189
486194
486195
486210
486212
486232
486275
486283
486303
486313
486314
486398
486430
486431
486465
486503
486504
486518
486525
486539
486574
486614
486627
486648
486666
486681
486726
486759
486762
486775
486784
486799
486811
486831
486863
486863
486910
486919
486921
486925
486935
486945
486946
486947
486958
486973
487018
487050
487059
487088
487090
487104
487116
487130
487148
487184
487187
487202
487228
487236
487238
487244
487277
487303
487307
487334
487372
487379
487409
487409
487424
487440
487444
487484
487495
487517
487564
487581
487608
487644
487656
487663
487673
487702
487717
487746
487761
487769
487773
487815
487822
487826
487836
487837
487844
487963
487967
488009
488063
488078
488100
488125
488182
488193
488211
488215
488242
488315
488338
488390
488443
488445
488467
488481
488506
488509
488517
488529
488543
488548
488559
488560
488574
488576
488647
488651
488657
488684
488724
488769
488804
488818
488830
488839
488844
488878
488879
488882
488939
489002
489009
489028
489030
489042
489077
489102
489191
489246
489263
489263
489318
489350
489366
489389
489408
489479
489487
489495
489527
489543
489554
489573
489577
489624
489636
489659
489697
489701
489706
489709
489710
489710
489730
489740
489752
489770
489796
489813
489859
489878
489894
489916
489946
490017
490023
490042
490046
490051
490099
490101
490105
490106
490144
490153
490154
490158
490166
490171
490175
490180
490233
490237
490246
490262
490265
490274
490279
490279
490315
490317
490322
490343
490345
490347
490408
490412
490429
490449
490454
490475
490486
490500
490530
490545
490556
490592
490647
490688
490696
490706
490711
490728
490747
490809
490856
490869
490899
490900
490901
490933
490970
490981
490998
491008
491013
491015
491048
491071
491075
491094
491115
491140
491150
491264
491294
491333
491335
491424
491472
491520
491526
491533
491559
491559
491577
491587
491593
491612
491616
491619
491631
491650
491660
491665
491678
491686
491705
491710
491714
491722
491765
491767
491777
491804
491809
491844
491847
491854
491858
491869
491903
491904
491910
491926
491966
491981
491989
492009
492025
492042
492063
492064
492090
492126
492132
492144
492161
492168
492212
492213
492219
492227
492227
492251
492279
492289
492312
492322
492349
492371
492397
492411
492414
492418
492431
492449
492476
492534
492580
492597
492620
492715
492717
492724
492757
492772
492792
492793
492815
492845
492854
492863
492914
492929
492967
492979
493054
493068
493153
493165
493256
493268
493288
493325
493365
493418
493420
493424
493432
493450
493469
493490
493492
493498
493501
493547
493549
493552
493562
493567
493575
493595
493615
493659
493676
493690
493702
493717
493719
493748
493755
493766
493781
493782
493796
493807
493848
493871
493873
493922
493927
493933
493952
493953
493976
493982
493992
494055
494074
494091
494114
494164
494220
494243
494278
494334
494429
494438
494465
494472
494477
494493
494514
494559
494582
494584
494595
494630
494640
494703
494703
494717
494727
494741
494747
494752
494760
494761
494766
494797
494810
494813
494814
494829
494851
494852
494878
494912
494926
494929
494972
494973
494983
494989
494995
495002
495022
495027
495039
495108
495110
495115
495121
495159
495170
495171
495216
495298
495337
495412
495429
495463
495469
495503
495529
495544
495642
495661
495695
495726
495753
495755
495769
495780
495848
495858
495893
495894
495903
495913
495923
495941
495943
495975
496000
496037
496038
496065
496086
496103
496121
496122
496130
496163
496163
496183
496243
496315
496317
496321
496329
496337
496345
496346
496348
496362
496378
496379
496405
496406
496420
496442
496450
496472
496473
496480
496495
496501
496524
496552
496561
496562
496567
496638
496680
496728
496743
496787
496828
496831
496833
496853
496857
496879
496941
496974
496974
496985
497007
497012
497065
497066
497068
497074
497085
497118
497127
497135
497138
497169
497176
497191
497195
497199
497206
497218
497219
497241
497273
497287
497295
497323
497332
497333
497360
497420
497424
497436
497476
497493
497496
497505
497508
497514
497515
497516
497518
497522
497523
497538
497542
497558
497570
497570
497599
497599
497606
497626
497653
497678
497696
497700
497709
497738
497748
497750
497753
497796
497810
497812
497812
497819
497844
497863
497891
497894
497903
497918
497950
497989
498042
498067
498081
498111
498131
498144
498231
498259
498260
498261
498261
498266
498271
498304
498327
498383
498396
498405
498411
498411
498419
498487
498499
498503
498525
498577
498607
498640
498703
498709
498729
498737
498757
498760
498789
498815
498819
498847
498871
498929
498931
498940
498952
498974
498981
498981
498984
498990
498997
499037
499055
499113
499117
499132
499155
499160
499161
499161
499179
499203
499209
499261
499299
499311
499320
499327
499378
499400
499429
499490
499515
499559
499578
499582
499626
499631
499634
499654
499665
499679
499690
499691
499699
499717
499753
499772
499783
499797
499825
499860
499882
499892
499898
499906
499946
499968
499973
500002
500014
500035
500056
500072
500087
500106
500111
500132
500206
500206
500212
500250
500280
500291
500294
500299
500328
500352
500383
500389
500395
500402
500413
500425
500469
500490
500492
500515
500521
500531
500545
500564
500566
500580
500614
500641
500646
500708
500715
500729
500764
500806
500871
500873
500885
500907
500910
500916
500963
500983
500988
500993
501009
501022
501057
501095
501119
501146
501155
501171
501177
501323
501352
501356
501361
501361
501364
501365
501375
501397
501429
501431
501433
501450
501460
501489
501497
501508
501523
501524
501527
501552
501579
501580
501604
501634
501722
501734
501771
501792
501813
501813
501815
501827
501844
501883
501895
501899
501902
501926
501934
501958
501968
501988
501998
502002
502003
502018
502019
502058
502105
502110
502170
502198
502199
502270
502289
502297
502308
502316
502318
502329
502333
502354
502418
502445
502468
502533
502549
502556
502565
502610
502613
502623
502630
502636
502644
502668
502669
502704
502715
502756
502777
502791
502792
502813
502818
502832
502864
502865
502907
502982
502984
503003
503006
503014
503015
503027
503028
503058
503077
503083
503127
503130
503135
503205
503286
503291
503310
503331
503334
503373
503405
503444
503493
503506
503547
503583
503597
503597
503603
503606
503634
503640
503687
503756
503759
503790
503820
503922
503963
503974
504000
504022
504065
504112
504125
504139
504143
504194
504215
504219
504251
504256
504294
504328
504358
504359
504406
504444
504454
504463
504465
504468
504489
504505
504543
504601
504602
504619
504660
504667
504683
504710
504722
504755
504789
504871
504891
504901
504908
504939
504981
504991
504998
505016
505017
505027
505061
505092
505102
505112
505131
505143
505213
505225
505248
505259
505310
505320
505340
505370
505489
505513
505514
505533
505541
505555
505572
505601
505618
505620
505631
505645
505660
505672
505672
505850
505855
505866
505881
505887
505890
505895
505928
505953
505965
506009
506050
506081
506088
506110
506128
506138
506147
506157
506177
506207
506239
506251
506268
506276
506296
506303
506311
506368
506390
506426
506440
506466
506485
506498
506507
506513
506546
506560
506569
506574
506581
506582
506627
506642
506650
506690
506720
506743
506747
506765
506778
506791
506812
506832
506837
506855
506884
506885
506935
506957
506975
506980
506988
507023
507035
507045
507049
507056
507080
507102
507121
507154
507155
507157
507172
507233
507271
507289
507294
507355
507387
507452
507460
507509
507514
507532
507557
507579
507582
507635
507636
507636
507643
507684
507704
507705
507720
507754
507781
507798
507835
507882
507904
507960
507960
508016
508031
508063
508079
508092
508122
508141
508186
508198
508215
508216
508243
508286
508311
508327
508344
508356
508365
508444
508446
508451
508457
508505
508516
508531
508562
508577
508593
508596
508609
508619
508628
508639
508650
508672
508672
508712
508739
508794
508843
508866
508884
508890
508895
508899
508903
508937
508953
508974
509009
509017
509050
509059
509143
509147
509186
509227
509257
509268
509291
509316
509319
509330
509377
509388
509389
509473
509502
509539
509539
509540
509542
509574
509649
509738
509770
509776
509801
509856
509881
509927
509975
509982
509995
510005
510052
510054
510073
510078
510083
510086
510088
510104
510128
510132
510140
510161
510203
510203
510209
510221
510221
510227
510229
510327
510334
510379
510381
510382
510471
510482
510559
510578
510582
510590
510633
510650
510665
510676
510677
510691
510694
510726
510764
510787
510804
510820
510824
510841
510860
510874
510900
510914
510921
510952
510991
511058
511069
511088
511106
511115
511127
511137
511150
511152
511157
511178
511183
511191
511206
511214
511215
511217
511257
511289
511293
511301
511304
511317
511347
511367
511388
511407
511413
511415
511431
511437
511447
511448
511529
511548
511553
511554
511558
511579
511587
511631
511711
511725
511881
511882
511921
511953
511967
511990
512041
512051
512080
512113
512123
512154
512191
512191
512211
512228
512235
512244
512247
512251
512262
512266
512290
512294
512312
512312
512338
512342
512380
512413
512465
512490
512501
512518
512540
512547
512559
512565
512629
512646
512686
512716
512723
512749
512753
512772
512785
512785
512793
512803
512816
512818
512852
512857
512877
512893
512908
512920
512926
512932
512936
512965
512974
513010
513047
513052
513086
513091
513094
513102
513107
513135
513158
513162
513172
513236
513245
513249
513250
513261
513278
513291
513301
513313
513325
513327
513329
513337
513349
513372
513376
513387
513494
513537
513549
513572
513582
513586
513586
513603
513609
513612
513613
513645
513648
513650
513673
513693
513704
513705
513714
513762
513843
513957
513974
513984
514020
514049
514059
514060
514064
514097
514105
514130
514148
514155
514167
514167
514171
514193
514200
514219
514250
514262
514270
514287
514318
514340
514342
514347
514373
514414
514432
514442
514445
514463
514470
514491
514513
514515
514516
514518
514561
514569
514574
514596
514599
514604
514604
514652
514677
514679
514686
514694
514696
514706
514711
514728
514768
514796
514804
514819
514872
514887
514898
514940
514966
514972
515001
515008
515016
515066
515083
515092
515104
515119
515131
515181
515216
515244
515260
515322
515327
515348
515361
515369
515376
515436
515446
515451
515464
515497
515500
515510
515521
515574
515632
515657
515657
515690
515696
515728
515735
515738
515763
515788
515811
515856
515866
515892
515893
515901
515902
515905
515919
515923
515941
515946
515996
516009
516011
516057
516070
516086
516090
516099
516131
516137
516151
516155
516164
516169
516175
516183
516197
516199
516207
516226
516275
516276
516307
516335
516376
516384
516392
516435
516443
516462
516472
516490
516507
516511
516542
516549
516550
516603
516614
516621
516639
516640
516648
516657
516673
516676
516678
516689
516700
516724
516726
516772
516794
516864
516868
516891
516920
516933
516939
516960
516965
516974
516992
517022
517032
517036
517047
517065
517094
517175
517185
517234
517251
517274
517280
517308
517344
517377
517404
517426
517445
517513
517515
517537
517659
517678
517693
517718
517747
517759
517762
517820
517870
517876
517896
517912
517951
517971
517992
517994
517996
518011
518056
518105
518113
518118
518149
518149
518187
518213
518234
518264
518321
518343
518376
518377
518386
518386
518391
518397
518436
518440
518448
518462
518488
518505
518512
518518
518557
518566
518599
518603
518673
518682
518725
518727
518732
518757
518769
518791
518805
518811
518824
518850
518851
518859
518907
518914
518954
518970
519056
519132
519178
519188
519191
519202
519206
519206
519226
519236
519265
519294
519301
519357
519386
519413
519423
519424
519478
519494
519519
519544
519589
519613
519649
519692
519712
519726
519763
519802
519839
519860
519860
519863
519864
519894
519906
519920
519950
519961
520000
520002
520034
520113
520117
520122
520126
520133
520148
520165
520172
520191
520276
520293
520321
520362
520402
520429
520459
520477
520479
520493
520503
520525
520531
520596
520596
520628
520631
520687
520718
520719
520774
520807
520813
520815
520830
520861
520870
520878
520899
520899
520946
520952
520960
520976
521013
521109
521163
521194
521197
521243
521259
521269
521284
521331
521393
521412
521413
521452
521492
521507
521535
521537
521550
521580
521588
521608
521615
521634
521654
521662
521676
521681
521682
521687
521694
521703
521737
521831
521854
521886
521903
521928
521954
521962
521963
521970
522011
522013
522016
522022
522024
522030
522084
522091
522102
522110
522113
522114
522145
522159
522191
522209
522248
522255
522260
522305
522322
522322
522347
522356
522386
522388
522432
522446
522449
522455
522472
522474
522487
522495
522556
522558
522564
522568
522594
522645
522647
522659
522696
522702
522768
522792
522799
522811
522841
522871
522879
522880
522887
522948
522957
522973
522974
522999
523026
523042
523051
523059
523114
523122
523177
523235
523240
523244
523248
523278
523283
523449
523466
523467
523491
523499
523505
523520
523533
523565
523583
523583
523632
523637
523682
523709
523744
523750
523756
523759
523775
523822
523834
523837
523848
523850
523883
523929
523936
523987
524037
524097
524104
524160
524168
524203
524214
524225
524278
524285
524298
524300
524321
524332
524357
524358
524370
524372
524384
524405
524405
524410
524412
524434
524472
524526
524558
524558
524563
524588
524597
524602
524633
524640
524652
524653
524654
524662
524672
524712
524715
524766
524766
524771
524805
524820
524821
524823
524831
524837
524842
524877
524879
524882
524889
524935
524938
524956
524958
524972
525029
525058
525064
525087
525104
525112
525126
525133
525146
525225
525240
525246
525275
525276
525281
525356
525389
525395
525404
525410
525412
525422
525430
525433
525452
525470
525488
525498
525548
525551
525552
525568
525579
525586
525609
525648
525686
525686
525694
525698
525758
525766
525770
525803
525853
525864
525887
525937
525974
525997
526033
526047
526048
526049
526053
526075
526083
526121
526134
526144
526185
526224
526258
526297
526346
526406
526436
526451
526453
526455
526461
526466
526527
526534
526576
526601
526605
526618
526666
526713
526747
526750
526750
526759
526815
526829
526877
526885
526912
526929
526982
526985
527013
527036
527059
527083
527099
527123
527124
527132
527134
527134
527148
527234
527271
527273
527282
527301
527303
527332
527361
527371
527390
527431
527447
527459
527469
527499
527500
527598
527622
527643
527703
527725
527734
527764
527768
527770
527816
527818
527822
527848
527876
527921
527951
527977
527987
528036
528058
528070
528072
528074
528080
528108
528129
528133
528147
528156
528162
528223
528229
528260
528262
528278
528303
528317
528321
528338
528344
528361
528370
528379
528400
528455
528486
528520
528537
528553
528555
528574
528577
528619
528652
528657
528698
528701
528709
528720
528743
528760
528764
528766
528808
528856
528871
528921
528925
529000
529000
529001
529040
529040
529046
529051
529055
529098
529167
529193
529207
529219
529246
529255
529275
529310
529313
529316
529337
529351
529380
529407
529432
529466
529469
529485
529504
529515
529533
529594
529595
529605
529614
529616
529623
529630
529640
529649
529672
529731
529746
529752
529767
529771
529796
529814
529827
529831
529836
529853
529857
529860
529891
529893
529910
529915
529939
529996
530049
530050
530053
530061
530088
530174
530180
530186
530241
530268
530274
530318
530322
530325
530328
530361
530374
530375
530396
530434
530442
530479
530534
530540
530581
530586
530597
530616
530624
530648
530670
530682
530722
530791
530830
530850
530856
530922
530948
530992
531014
531014
531018
531020
531050
531051
531056
531113
531121
531129
531133
531140
531160
531164
531219
531234
531279
531309
531340
531368
531405
531451
531456
531456
531462
531501
531521
531528
531532
531538
531575
531575
531587
531601
531609
531620
531623
531688
531689
531708
531729
531776
531780
531797
531887
531894
531937
531943
531955
531979
532021
532025
532061
532137
532187
532206
532217
532226
532243
532316
532369
532396
532406
532448
532450
532485
532500
532502
532512
532525
532541
532584
532604
532610
532632
532671
532704
532817
532835
532842
532860
532917
532918
532970
532979
533012
533013
533042
533045
533057
533085
533106
533107
533110
533112
533138
533148
533154
533165
533231
533311
533393
533394
533415
533427
533445
533450
533481
533483
533488
533502
533505
533521
533525
533577
533577
533588
533607
533633
533654
533659
533701
533729
533743
533749
533750
533768
533779
533825
533836
533839
533853
533905
533933
533940
533942
533956
534023
534046
534203
534225
534236
534244
534248
534250
534310
534314
534314
534331
534336
534380
534393
534395
534397
534481
534515
534594
534637
534641
534670
534676
534683
534695
534757
534764
534797
534882
534919
534961
534962
534966
534993
535004
535019
535021
535025
535034
535044
535079
535089
535109
535113
535126
535171
535173
535185
535186
535190
535200
535205
535219
535220
535244
535257
535259
535268
535308
535330
535349
535373
535393
535399
535437
535444
535448
535517
535538
535587
535588
535607
535610
535612
535647
535650
535655
535691
535712
535714
535748
535786
535791
535797
535799
535839
535871
535875
535884
535919
535974
536011
536037
536052
536055
536108
536121
536123
536164
536164
536215
536219
536261
536278
536304
536393
536400
536413
536430
536441
536455
536462
536530
536532
536592
536641
536675
536697
536770
536778
536793
536869
536906
536921
536927
536945
536964
536973
537030
537088
537088
537102
537151
537161
537180
537208
537223
537310
537326
537348
537368
537384
537387
537390
537416
537418
537443
537445
537445
537450
537469
537478
537499
537531
537544
537566
537593
537601
537614
537620
537626
537644
537662
537690
537709
537711
537785
537788
537801
537803
537819
537830
537832
537854
537877
537888
537900
537948
537965
537988
537988
538004
538021
538038
538052
538117
538119
538146
538151
538156
538158
538158
538176
538186
538216
538221
538235
538285
538292
538303
538344
538360
538371
538376
538446
538480
538484
538496
538544
538571
538582
538588
538592
538599
538628
538632
538637
538638
538657
538659
538675
538680
538686
538693
538706
538763
538769
538801
538836
538869
538904
538921
538937
538939
538951
538956
538968
538974
538986
539012
539019
539057
539084
539085
539085
539104
539104
539120
539128
539141
539153
539163
539172
539195
539209
539217
539254
539255
539285
539289
539307
539315
539326
539339
539341
539346
539361
539382
539406
539409
539419
539431
539435
539441
539457
539465
539473
539542
539580
539584
539604
539610
539621
539644
539645
539648
539702
539720
539771
539832
539855
539913
539916
539918
539991
539992
539996
540010
540026
540046
540066
540096
540167
540203
540216
540290
540311
540403
540404
540404
540438
540450
540459
540486
540493
540513
540521
540549
540560
540583
540596
540600
540609
540662
540706
540738
540740
540798
540800
540822
540861
540865
540887
540908
540928
540931
540975
541008
541030
541032
541116
541144
541172
541175
541230
541235
541281
541299
541306
541308
541319
541324
541338
541351
541378
541378
541434
541441
541446
541446
541487
541493
541502
541533
541556
541568
541584
541651
541709
541713
541727
541753
541782
541801
541803
541818
541853
541885
541893
541896
541924
541940
541946
541972
541972
541973
542033
542100
542107
542131
542153
542158
542171
542181
542188
542213
542214
542218
542221
542230
542277
542298
542320
542328
542349
542352
542355
542370
542378
542392
542471
542556
542562
542565
542601
542618
542676
542706
542707
542718
542745
542763
542776
542809
542821
542881
542904
542910
542930
542941
542963
542977
542984
542990
543006
543009
543022
543044
543048
543059
543060
543092
543119
543143
543155
543166
543171
543178
543179
543211
543219
543228
543231
543250
543257
543262
543281
543291
543295
543334
543347
543353
543374
543438
543460
543472
543493
543565
543573
543574
543579
543675
543697
543716
543721
543724
543779
543809
543831
543847
543847
543853
543884
543889
543894
543914
543961
543993
544019
544064
544126
544142
544165
544168
544172
544196
544217
544240
544275
544284
544326
544358
544376
544403
544430
544508
544534
544537
544550
544552
544608
544673
544678
544686
544687
544743
544778
544790
544791
544795
544869
544874
544899
544974
544986
545044
545055
545059
545061
545069
545070
545071
545096
545146
545148
545155
545170
545178
545226
545241
545250
545275
545308
545323
545345
545389
545395
545423
545431
545460
545471
545514
545521
545529
545533
545552
545626
545650
545686
545692
545715
545762
545803
545814
545850
545885
545889
545931
545978
546011
546030
546031
546040
546040
546043
546048
546062
546074
546095
546103
546180
546184
546203
546207
546216
546252
546287
546351
546379
546425
546461
546467
546505
546510
546575
546575
546604
546615
546689
546744
546744
546745
546794
546795
546801
546825
546831
546836
546862
546885
546906
546910
547009
547038
547061
547070
547073
547163
547172
547191
547199
547248
547256
547273
547275
547299
547326
547329
547329
547354
547367
547373
547402
547425
547431
547446
547512
547522
547581
547605
547616
547690
547709
547709
547719
547733
547753
547756
547758
547762
547787
547801
547848
547884
547913
547935
547950
547964
548016
548030
548059
548139
548182
548189
548190
548213
548214
548217
548233
548243
548268
548277
548304
548311
548314
548378
548379
548398
548403
548404
548425
548463
548468
548470
548474
548478
548521
548532
548544
548563
548608
548610
548616
548648
548671
548680
548682
548696
548718
548740
548740
548754
548769
548787
548801
548803
548813
548849
548859
548865
548888
548997
549018
549042
549099
549107
549112
549122
549130
549150
549150
549153
549181
549189
549279
549356
549366
549389
549429
549442
549482
549613
549639
549643
549652
549677
549688
549711
549753
549776
549806
549851
549867
549885
549899
549912
549914
549922
549937
549985
550008
550027
550031
550032
550079
550084
550090
550093
550112
550136
550141
550154
550172
550208
550212
550230
550243
550246
550261
550269
550285
550337
550373
550394
550394
550396
550406
550411
550414
550416
550448
550468
550543
550546
550550
550553
550559
550578
550579
550583
550608
550613
550653
550667
550674
550679
550740
550767
550777
550790
550809
550826
550984
551024
551033
551048
551052
551061
551066
551087
551093
551093
551102
551131
551167
551177
551180
551192
551241
551263
551266
551284
551298
551299
551304
551307
551320
551336
551360
551363
551372
551379
551396
551402
551513
551519
551558
551564
551565
551589
551590
551631
551656
551677
551679
551705
551725
551742
551794
551803
551839
551864
551888
551891
551901
551954
551960
551966
552005
552014
552068
552078
552080
552097
552117
552120
552136
552143
552154
552170
552170
552179
552193
552195
552198
552217
552222
552262
552265
552266
552268
552278
552280
552282
552285
552318
552349
552376
552388
552389
552411
552427
552474
552484
552488
552489
552526
552533
552551
552603
552615
552617
552622
552655
552671
552675
552676
552682
552711
552711
552733
552742
552755
552783
552806
552808
552810
552832
552869
552870
552892
552897
552911
552912
552923
552969
552987
553015
553029
553052
553055
553057
553090
553146
553151
553158
553161
553211
553227
553248
553248
553258
553269
553308
553317
553387
553403
553443
553450
553463
553464
553465
553474
553496
553500
553535
553536
553540
553553
553576
553580
553594
553644
553666
553671
553715
553731
553750
553833
553841
553842
553877
553925
553948
553955
553995
554001
554008
554032
554038
554047
554053
554055
554058
554060
554067
554075
554078
554086
554117
554150
554150
554162
554174
554186
554193
554193
554202
554204
554210
554211
554233
554312
554318
554326
554326
554348
554365
554365
554377
554380
554384
554401
554407
554418
554420
554446
554464
554468
554493
554506
554553
554576
554601
554629
554646
554705
554711
554724
554744
554755
554763
554789
554816
554845
554850
554863
554901
554905
554909
554914
554933
554966
554976
554988
555031
555050
555057
555090
555095
555114
555116
555123
555146
555154
555155
555165
555169
555181
555193
555195
555199
555208
555239
555242
555249
555253
555259
555308
555337
555339
555352
555352
555368
555408
555418
555458
555467
555478
555507
555568
555591
555595
555602
555628
555640
555641
555646
555648
555674
555678
555698
555710
555745
555753
555765
555768
555771
555781
555809
555810
555831
555831
555866
555871
555937
555971
555972
555987
555988
555990
555990
555999
556022
556101
556107
556108
556111
556113
556123
556153
556165
556166
556209
556274
556277
556281
556314
556330
556375
556378
556381
556384
556421
556426
556443
556486
556493
556507
556530
556549
556560
556583
556595
556600
556627
556657
556684
556721
556775
556779
556788
556805
556821
556822
556892
556909
556933
556933
556989
556997
557022
557035
557102
557117
557156
557188
557190
557246
557254
557270
557279
557291
557299
557314
557322
557351
557417
557522
557536
557539
557540
557564
557573
557613
557644
557644
557649
557655
557662
557716
557728
557739
557806
557823
557843
557869
557876
557888
557889
557890
557924
557955
557986
558001
558015
558017
558038
558042
558051
558064
558079
558083
558090
558110
558112
558141
558187
558213
558226
558234
558240
558245
558246
558278
558288
558300
558357
558365
558449
558456
558509
558530
558549
558554
558555
558582
558590
558591
558608
558626
558658
558663
558663
558696
558699
558699
558710
558715
558736
558740
558749
558809
558848
558850
558897
558898
558902
558903
558928
558930
558937
558983
559025
559035
559040
559048
559079
559086
559103
559113
559119
559150
559156
559218
559223
559225
559228
559256
559301
559359
559387
559389
559420
559421
559455
559527
559575
559617
559683
559685
559688
559695
559719
559722
559797
559809
559814
559821
559831
559836
559836
559853
559864
559875
559887
559895
559902
559917
559940
559952
559961
559976
559981
560007
560022
560029
560036
560044
560053
560059
560066
560111
560125
560125
560159
560165
560165
560176
560248
560248
560295
560310
560361
560372
560376
560400
560405
560417
560432
560434
560442
560473
560507
560564
560569
560593
560602
560605
560616
560626
560634
560641
560649
560650
560679
560684
560689
560715
560754
560778
560813
560827
560853
560857
560919
560937
560937
561016
561051
561071
561076
561112
561117
561159
561163
561175
561178
561197
561203
561229
561319
561327
561335
561335
561370
561379
561388
561413
561437
561463
561488
561494
561519
561526
561542
561552
561557
561605
561606
561610
561635
561645
561646
561703
561711
561752
561761
561769
561812
561824
561829
561832
561927
561958
561966
561996
562017
562036
562063
562086
562109
562110
562113
562118
562171
562188
562190
562211
562235
562255
562268
562297
562297
562341
562376
562400
562403
562413
562425
562451
562457
562460
562471
562473
562535
562539
562556
562567
562600
562607
562690
562695
562768
562772
562773
562834
562966
562977
562979
562990
562992
563008
563014
563019
563049
563069
563090
563105
563119
563119
563126
563130
563167
563181
563254
563256
563257
563259
563270
563286
563305
563307
563312
563337
563341
563352
563357
563379
563384
563386
563406
563412
563427
563448
563457
563484
563487
563490
563543
563577
563585
563589
563600
563616
563624
563637
563674
563678
563693
563715
563739
563775
563776
563778
563797
563817
563837
563839
563843
563855
563882
563886
563899
563934
563959
563985
564011
564012
564064
564080
564093
564094
564108
564119
564136
564220
564221
564221
564253
564265
564271
564291
564305
564334
564348
564429
564438
564480
564486
564486
564508
564513
564539
564553
564563
564664
564677
564683
564704
564705
564720
564739
564751
564784
564800
564807
564855
564874
564885
564906
564917
564970
564990
565017
565042
565048
565150
565214
565237
565256
565260
565271
565343
565364
565401
565421
565453
565467
565471
565479
565545
565578
565580
565602
565627
565697
565704
565721
565751
565768
565804
565818
565831
565840
565843
565885
565919
565922
565938
565950
566013
566039
566065
566068
566074
566109
566131
566142
566151
566168
566193
566221
566224
566232
566250
566255
566260
566281
566300
566312
566317
566324
566327
566383
566419
566456
566485
566492
566558
566566
566590
566597
566612
566613
566650
566660
566662
566688
566695
566699
566707
566711
566723
566730
566757
566775
566784
566842
566849
566874
566895
566898
566958
566973
567001
567040
567170
567174
567197
567198
567209
567220
567224
567277
567314
567328
567333
567348
567365
567373
567381
567404
567405
567414
567415
567446
567475
567500
567524
567543
567581
567585
567605
567671
567689
567691
567692
567714
567734
567736
567802
567838
567886
567886
567900
567900
567903
567915
567921
567944
567949
567951
567955
567967
567986
568019
568037
568042
568045
568055
568087
568090
568177
568184
568207
568239
568241
568253
568260
568265
568304
568350
568370
568377
568383
568408
568427
568452
568456
568488
568532
568542
568573
568605
568642
568659
568668
568683
568687
568745
568747
568759
568759
568806
568807
568814
568827
568844
568890
568920
568956
568970
569032
569033
569037
569040
569040
569046
569071
569080
569095
569132
569137
569144
569160
569176
569196
569202
569217
569220
569281
569502
569550
569572
569574
569576
569590
569611
569661
569687
569724
569751
569754
569761
569778
569827
569838
569878
569891
569915
569926
569970
569993
570002
570026
570066
570103
570125
570126
570134
570149
570189
570190
570242
570301
570320
570346
570388
570396
570411
570418
570428
570451
570478
570481
570502
570556
570584
570592
570594
570683
570702
570708
570721
570801
570808
570853
570856
570886
570889
570946
570972
570982
571000
571066
571069
571118
571126
571146
571161
571182
571195
571210
571214
571267
571276
571314
571329
571345
571354
571379
571392
571425
571445
571457
571476
571483
571485
571490
571519
571546
571572
571573
571575
571583
571599
571601
571627
571650
571659
571668
571710
571714
571720
571730
571735
571737
571748
571781
571783
571796
571798
571820
571892
571984
572007
572026
572031
572084
572109
572146
572150
572176
572226
572249
572284
572305
572317
572339
572367
572374
572399
572433
572498
572500
572522
572528
572557
572583
572604
572605
572611
572639
572659
572688
572712
572718
572728
572768
572785
572829
572866
572871
572887
572907
572926
572946
572977
573016
573026
573062
573069
573097
573122
573136
573148
573198
573216
573238
573242
573266
573299
573302
573322
573354
573399
573404
573479
573480
573561
573576
573578
573593
573597
573599
573649
573662
573678
573722
573765
573788
573789
573852
573859
573918
573970
573976
574001
574008
574016
574031
574038
574041
574059
574093
574133
574152
574164
574209
574223
574232
574250
574271
574277
574297
574302
574308
574310
574351
574379
574410
574415
574426
574432
574437
574440
574452
574462
574468
574470
574512
574539
574540
574552
574557
574562
574579
574615
574615
574617
574637
574659
574661
574669
574713
574745
574782
574782
574812
574813
574818
574837
574888
574890
574895
574897
574902
574905
574914
574915
574922
574923
574998
575017
575045
575185
575210
575218
575220
575237
575246
575282
575282
575312
575321
575322
575341
575347
575353
575366
575381
575387
575419
575438
575473
575521
575530
575548
575561
575564
575565
575570
575587
575612
575632
575655
575682
575700
575701
575702
575712
575747
575765
575788
575801
575838
575845
575878
575884
575917
575919
575919
575968
576008
576054
576084
576100
576107
576117
576123
576150
576168
576179
576181
576220
576233
576248
576253
576295
576297
576321
576326
576425
576460
576479
576493
576495
576541
576554
576563
576581
576587
576591
576593
576596
576616
576647
576653
576665
576673
576795
576804
576822
576840
576855
576859
576889
576923
576967
577006
577020
577025
577070
577078
577109
577126
577131
577150
577190
577194
577224
577307
577309
577320
577320
577361
577401
577401
577405
577412
577420
577460
577489
577515
577525
577536
577539
577563
577563
577624
577644
577659
577680
577692
577720
577752
577769
577799
577799
577806
577807
577845
577886
577923
577937
577943
577953
578025
578048
578063
578085
578107
578112
578115
578154
578162
578187
578221
578227
578230
578233
578236
578237
578249
578305
578305
578310
578312
578335
578352
578365
578391
578406
578408
578408
578429
578434
578440
578508
578549
578610
578611
578631
578673
578685
578698
578724
578767
578788
578805
578823
578851
578923
578953
578959
579010
579015
579015
579054
579125
579133
579149
579161
579182
579184
579194
579240
579241
579250
579274
579282
579286
579290
579330
579335
579355
579364
579371
579405
579430
579431
579443
579473
579477
579506
579512
579522
579537
579564
579624
579635
579654
579667
579679
579679
579681
579686
579709
579713
579726
579772
579786
579789
579811
579819
579849
579899
579922
579934
579977
579981
580005
580061
580105
580105
580109
580140
580146
580149
580157
580170
580175
580227
580230
580249
580254
580270
580291
580314
580320
580352
580376
580380
580393
580402
580404
580420
580421
580452
580488
580507
580518
580526
580527
580534
580536
580548
580552
580564
580592
580689
580738
580739
580743
580815
580830
580840
580855
580864
580865
580901
580906
580920
580954
580976
580995
581001
581039
581044
581091
581103
581120
581137
581137
581147
581194
581196
581198
581198
581198
581202
581209
581211
581224
581252
581294
581313
581335
581349
581362
581386
581395
581414
581433
581439
581446
581509
581510
581556
581568
581596
581618
581649
581672
581707
581707
581721
581722
581729
581766
581793
581801
581810
581878
581941
581943
581965
582007
582030
582044
582073
582085
582093
582108
582115
582128
582139
582147
582147
582162
582172
582283
582364
582407
582413
582418
582420
582431
582483
582498
582499
582506
582532
582563
582577
582588
582625
582638
582709
582715
582717
582723
582726
582731
582740
582745
582801
582803
582812
582828
582864
582955
583000
583013
583026
583095
583097
583140
583168
583169
583169
583200
583203
583234
583240
583278
583323
583329
583329
583366
583413
583442
583466
583476
583492
583511
583531
583563
583564
583570
583594
583602
583620
583655
583656
583661
583664
583678
583707
583717
583729
583739
583759
583777
583794
583801
583844
583846
583859
583872
583876
583877
583905
583911
583965
583986
583990
584019
584107
584140
584153
584157
584173
584219
584233
584242
584242
584252
584262
584265
584275
584285
584323
584329
584359
584386
584428
584478
584482
584494
584510
584572
584602
584634
584648
584654
584703
584708
584709
584728
584733
584752
584754
584760
584786
584823
584836
584867
584869
584872
584900
584913
584917
584929
584929
584961
584971
584981
585013
585022
585023
585049
585064
585069
585099
585145
585149
585157
585238
585242
585270
585288
585304
585317
585341
585372
585415
585447
585450
585455
585490
585494
585515
585515
585537
585543
585556
585629
585637
585681
585693
585750
585758
585763
585796
585823
585833
585854
585856
585867
585884
585887
585906
585936
585941
585992
585994
586015
586025
586030
586115
586119
586192
586194
586201
586203
586260
586330
586336
586350
586377
586470
586470
586473
586489
586507
586520
586529
586548
586561
586577
586641
586675
586689
586712
586732
586733
586737
586747
586769
586776
586780
586781
586782
586875
586878
586897
586933
586965
586988
587068
587094
587103
587105
587112
587115
587133
587149
587195
587210
587262
587280
587306
587434
587434
587438
587483
587534
587535
587541
587542
587544
587547
587570
587571
587584
587595
587601
587612
587623
587653
587717
587740
587804
587821
587846
587861
587882
587903
587916
587940
587967
587978
587978
588002
588031
588034
588048
588068
588073
588094
588102
588118
588129
588133
588158
588167
588180
588187
588205
588215
588255
588261
588272
588282
588293
588319
588325
588326
588370
588370
588408
588419
588425
588440
588444
588479
588493
588521
588530
588566
588569
588574
588589
588627
588681
588709
588724
588748
588771
588778
588785
588797
588889
588942
588956
588988
588993
589023
589029
589048
589055
589067
589095
589108
589113
589157
589159
589168
589183
589183
589188
589229
589236
589238
589246
589254
589291
589303
589333
589358
589370
589386
589399
589485
589517
589526
589550
589556
589557
589582
589688
589702
589736
589742
589746
589753
589759
589782
589826
589846
589880
589926
589940
589981
590020
590024
590028
590038
590063
590065
590132
590143
590173
590208
590237
590255
590270
590272
590307
590331
590335
590343
590350
590351
590389
590405
590419
590419
590420
590455
590487
590527
590542
590571
590580
590700
590750
590763
590778
590783
590785
590861
590891
590919
590922
590937
590950
590953
590976
590977
590978
590981
590992
591042
591055
591062
591091
591114
591152
591158
591163
591173
591226
591245
591274
591294
591314
591351
591382
591394
591409
591438
591451
591482
591490
591578
591612
591648
591665
591686
591704
591749
591752
591780
591791
591798
591823
591835
591846
591871
591883
591918
591919
591946
592008
592014
592060
592081
592092
592096
592103
592124
592135
592205
592219
592222
592231
592252
592254
592265
592269
592292
592296
592335
592377
592409
592415
592440
592442
592467
592494
592494
592508
592520
592522
592525
592543
592572
592582
592598
592619
592656
592682
592684
592689
592738
592744
592788
592848
592866
592868
592877
592956
592965
592991
592997
593001
593011
593035
593051
593069
593079
593086
593093
593099
593101
593120
593123
593193
593197
593217
593222
593280
593312
593350
593391
593403
593431
593464
593507
593542
593583
593606
593662
593672
593683
593691
593704
593718
593727
593789
593798
593802
593826
593834
593874
593887
593934
593948
593958
593992
593998
594008
594020
594024
594024
594091
594109
594121
594129
594151
594155
594210
594289
594294
594298
594298
594330
594356
594381
594409
594418
594432
594447
594467
594468
594499
594518
594557
594650
594657
594657
594662
594665
594688
594709
594709
594735
594763
594771
594796
594825
594913
594977
594981
595021
595032
595041
595077
595128
595138
595143
595146
595152
595157
595186
595188
595195
595228
595258
595291
595330
595449
595456
595470
595477
595485
595492
595496
595497
595508
595526
595545
595546
595556
595565
595584
595601
595615
595673
595676
595693
595699
595716
595730
595757
595825
595830
595848
595851
595856
595865
595895
595897
595913
595919
595965
595974
596027
596057
596089
596107
596137
596137
596152
596156
596160
596193
596205
596231
596245
596248
596250
596301
596317
596330
596334
596375
596423
596464
596465
596468
596518
596521
596543
596547
596553
596578
596589
596593
596605
596608
596630
596637
596651
596749
596780
596784
596860
596862
596862
596941
596965
596969
596977
596994
597009
597019
597023
597024
597048
597072
597089
597112
597127
597185
597190
597221
597246
597250
597275
597310
597310
597341
597366
597377
597398
597407
597417
597421
597429
597464
597466
597512
597521
597533
597534
597544
597547
597569
597582
597593
597602
597613
597628
597645
597673
597698
597698
597718
597728
597741
597748
597771
597802
597804
597805
597826
597833
597841
597860
597861
597939
597973
598026
598034
598036
598101
598123
598145
598175
598176
598183
598190
598191
598194
598237
598246
598260
598266
598270
598314
598323
598336
598339
598371
598374
598380
598419
598456
598458
598478
598479
598554
598586
598603
598615
598624
598625
598635
598651
598725
598734
598743
598762
598767
598789
598802
598836
598852
598865
598956
598956
598982
598984
598986
599043
599044
599081
599092
599126
599134
599148
599192
599232
599265
599282
599328
599337
599339
599375
599385
599389
599391
599408
599423
599428
599461
599462
599470
599472
599516
599520
599521
599522
599544
599558
599560
599596
599602
599606
599631
599644
599679
599696
599701
599721
599722
599757
599815
599836
599841
599851
599858
599865
599902
599944
599967
599980
599998
600016
600036
600052
600058
600068
600141
600159
600163
600194
600244
600273
600296
600322
600324
600352
600365
600375
600483
600495
600509
600518
600548
600553
600561
600561
600562
600574
600575
600603
600606
600625
600629
600667
600715
600736
600762
600779
600805
600812
600829
600832
600857
600871
600881
600885
600889
600895
600913
600928
600933
600986
600988
601007
601020
601031
601058
601080
601136
601194
601199
601234
601300
601308
601322
601342
601380
601400
601467
601481
601488
601499
601503
601505
601518
601552
601625
601642
601643
601654
601667
601687
601702
601707
601716
601752
601763
601774
601806
601829
601830
601848
601849
601890
601905
601928
601951
601952
602008
602017
602022
602060
602067
602088
602100
602115
602117
602130
602143
602176
602229
602230
602281
602306
602316
602339
602351
602358
602398
602403
602409
602415
602438
602484
602509
602533
602547
602576
602640
602682
602702
602722
602736
602737
602740
602756
602762
602764
602854
602876
602885
602923
602942
602959
602969
602971
602973
602974
603005
603063
603067
603098
603110
603110
603140
603142
603162
603170
603172
603179
603201
603202
603249
603295
603296
603304
603331
603354
603409
603442
603472
603563
603564
603658
603660
603680
603753
603769
603809
603834
603909
603913
603921
603937
603940
603948
603948
604001
604004
604041
604041
604067
604075
604105
604122
604143
604182
604202
604221
604227
604236
604238
604245
604246
604253
604304
604337
604340
604392
604397
604423
604508
604509
604525
604543
604559
604562
604591
604592
604597
604604
604610
604623
604624
604648
604654
604683
604686
604694
604694
604744
604746
604761
604777
604792
604823
604882
604899
604950
604955
604965
604968
604980
605021
605049
605065
605079
605121
605130
605150
605158
605169
605173
605191
605204
605206
605217
605236
605264
605296
605310
605321
605356
605377
605399
605416
605431
605445
605455
605457
605464
605470
605480
605480
605529
605569
605582
605598
605666
605701
605714
605756
605807
605820
605830
605838
605839
605846
605849
605851
605861
605862
605876
605905
605922
605930
605945
605960
605961
605964
605990
606018
606030
606030
606089
606100
606132
606183
606208
606213
606221
606225
606225
606243
606249
606297
606331
606335
606338
606360
606378
606458
606462
606465
606485
606496
606497
606498
606540
606555
606599
606605
606616
606629
606641
606657
606671
606735
606756
606767
606768
606781
606784
606786
606808
606832
606862
606867
606916
606991
607008
607014
607027
607136
607143
607174
607176
607204
607227
607248
607266
607289
607292
607304
607308
607327
607343
607405
607463
607525
607561
607603
607649
607660
607662
607748
607761
607780
607827
607842
607847
607856
607858
607866
607877
607919
607922
607961
607964
608064
608065
608073
608079
608107
608110
608122
608125
608140
608141
608147
608166
608206
608211
608262
608264
608274
608294
608315
608324
608332
608336
608362
608369
608383
608388
608403
608407
608408
608441
608460
608479
608505
608537
608547
608578
608633
608639
608641
608675
608689
608736
608757
608758
608790
608795
608797
608822
608835
608859
608869
608869
608890
608929
608947
608949
608977
608995
608995
608997
609014
609065
609110
609161
609165
609177
609182
609200
609215
609227
609232
609240
609253
609272
609281
609285
609310
609339
609341
609370
609410
609426
609433
609454
609480
609485
609495
609497
609502
609541
609543
609555
609642
609671
609677
609698
609702
609711
609726
609736
609793
609795
609825
609828
609900
609925
609927
609928
609936
609945
609963
609984
610015
610016
610031
610052
610078
610083
610103
610108
610127
610156
610168
610172
610182
610190
610195
610222
610224
610235
610275
610300
610304
610309
610394
610394
610407
610484
610498
610500
610551
610582
610599
610605
610608
610613
610646
610664
610679
610689
610708
610753
610790
610791
610813
610834
610876
610880
610888
610935
610954
610976
610986
611000
611089
611112
611137
611151
611178
611183
611188
611206
611216
611242
611263
611268
611270
611275
611293
611294
611326
611351
611359
611416
611446
611479
611482
611490
611514
611543
611549
611557
611594
611620
611629
611667
611694
611740
611753
611759
611800
611823
611827
611847
611881
611885
611893
611898
611937
611990
612000
612019
612019
612027
612030
612050
612074
612084
612113
612130
612181
612215
612225
612232
612246
612255
612258
612312
612315
612359
612359
612361
612413
612445
612512
612518
612553
612622
612629
612709
612717
612729
612738
612773
612797
612799
612807
612816
612839
612863
612867
612871
612873
612880
612949
612973
612981
613064
613090
613100
613116
613151
613155
613155
613164
613169
613180
613235
613263
613269
613290
613292
613310
613326
613326
613346
613364
613367
613373
613375
613377
613379
613414
613455
613465
613472
613477
613482
613496
613509
613545
613550
613555
613607
613646
613662
613671
613672
613687
613719
613760
613785
613824
613826
613852
613859
613868
613932
613939
613947
613955
613961
613975
613976
613986
614025
614058
614075
614076
614106
614110
614110
614136
614139
614155
614164
614175
614213
614226
614232
614283
614290
614307
614310
614361
614369
614401
614438
614448
614458
614460
614464
614507
614554
614554
614556
614602
614665
614666
614676
614691
614696
614712
614734
614735
614740
614759
614766
614794
614831
614866
614885
614918
614966
614975
614985
615021
615028
615036
615059
615068
615075
615129
615130
615140
615143
615145
615154
615159
615164
615176
615185
615203
615245
615275
615344
615359
615411
615416
615420
615428
615482
615560
615592
615608
615610
615612
615612
615628
615654
615766
615798
615806
615820
615831
615853
615859
615865
615878
615895
615898
615904
615916
615930
615969
615991
616010
616145
616165
616170
616204
616241
616247
616264
616284
616287
616294
616304
616306
616336
616345
616376
616379
616384
616395
616416
616426
616429
616444
616464
616466
616474
616487
616580
616615
616620
616647
616647
616667
616674
616677
616717
616721
616767
616783
616800
616801
616812
616817
616833
616852
616856
616871
616884
616894
616903
616926
617005
617009
617036
617037
617040
617046
617065
617089
617089
617099
617104
617105
617107
617172
617252
617309
617338
617355
617358
617396
617476
617502
617512
617526
617542
617556
617567
617590
617592
617600
617600
617616
617618
617629
617652
617653
617654
617695
617710
617732
617736
617796
617837
617846
617890
617921
617926
617936
617982
617990
617998
618037
618049
618084
618120
618134
618138
618214
618217
618223
618289
618298
618311
618319
618349
618364
618381
618400
618451
618453
618465
618476
618486
618508
618561
618579
618595
618647
618726
618742
618745
618760
618760
618760
618764
618765
618768
618790
618812
618832
618853
618857
618871
618892
618907
618909
618921
618947
618957
618960
618961
618980
618983
619002
619017
619018
619047
619050
619080
619100
619122
619148
619193
619216
619283
619286
619302
619313
619327
619328
619330
619351
619388
619399
619432
619446
619446
619455
619466
619488
619544
619564
619565
619613
619701
619742
619792
619811
619820
619875
619883
619917
619922
619931
619959
619988
619998
620004
620006
620036
620082
620094
620095
620103
620103
620116
620154
620168
620177
620193
620215
620217
620254
620260
620266
620275
620306
620309
620319
620340
620343
620351
620366
620420
620431
620458
620565
620572
620627
620631
620656
620694
620704
620720
620743
620885
620935
620969
620975
620982
620985
621009
621018
621024
621075
621098
621129
621132
621135
621156
621163
621163
621171
621183
621190
621191
621207
621225
621229
621237
621264
621336
621347
621348
621369
621387
621398
621417
621467
621484
621515
621527
621734
621792
621883
621907
621928
621933
621956
621982
621983
622029
622030
622074
622089
622096
622101
622108
622141
622144
622154
622194
622202
622239
622247
622251
622261
622301
622317
622367
622371
622372
622378
622393
622422
622424
622428
622440
622461
622495
622510
622528
622534
622586
622588
622593
622607
622612
622620
622634
622640
622648
622656
622661
622666
622706
622712
622728
622730
622745
622753
622767
622785
622822
622829
622841
622883
622925
622927
622928
622965
623015
623018
623049
623067
623085
623143
623166
623201
623232
623239
623248
623257
623281
623292
623304
623352
623384
623397
623399
623506
623517
623526
623582
623587
623606
623607
623609
623619
623642
623668
623690
623692
623693
623695
623696
623722
623736
623748
623759
623793
623803
623842
623844
623863
623882
623885
623888
623913
623918
623968
623969
623972
623996
624006
624017
624041
624081
624096
624108
624120
624147
624158
624176
624184
624208
624211
624211
624216
624223
624224
624280
624297
624307
624339
624346
624406
624430
624463
624464
624481
624494
624512
624519
624526
624550
624554
624598
624606
624655
624691
624704
624752
624822
624832
624834
624872
624875
624892
624893
624939
624940
624948
624948
624981
625031
625055
625086
625099
625131
625135
625196
625219
625224
625243
625256
625257
625283
625297
625297
625298
625302
625307
625311
625314
625329
625376
625383
625388
625429
625461
625466
625483
625508
625539
625574
625576
625592
625603
625614
625641
625643
625643
625672
625678
625686
625694
625717
625726
625746
625760
625760
625776
625781
625829
625833
625859
625886
625896
625921
626001
626081
626088
626134
626139
626139
626155
626167
626182
626189
626191
626210
626214
626222
626270
626284
626322
626381
626382
626395
626401
626420
626428
626443
626470
626475
626475
626482
626488
626503
626563
626569
626582
626626
626684
626695
626699
626704
626731
626741
626743
626764
626765
626770
626815
626828
626836
626839
626853
626875
626890
626897
626905
626924
626926
626945
626963
626985
626993
627008
627095
627098
627133
627139
627146
627150
627168
627176
627178
627202
627206
627213
627223
627274
627288
627297
627349
627433
627440
627461
627478
627492
627536
627540
627556
627565
627580
627604
627640
627644
627680
627715
627716
627717
627761
627764
627787
627796
627801
627815
627821
627827
627834
627851
627877
627879
627895
627907
627933
628022
628031
628031
628039
628051
628053
628066
628074
628124
628133
628136
628139
628155
628162
628175
628211
628217
628229
628229
628246
628252
628254
628279
628287
628345
628348
628349
628436
628441
628441
628467
628507
628539
628567
628573
628583
628627
628628
628649
628651
628660
628664
628710
628735
628749
628768
628772
628776
628828
628849
628889
628900
628906
628918
628931
628942
628954
628971
628981
628985
628991
628995
629029
629130
629144
629146
629158
629164
629173
629209
629229
629230
629240
629263
629272
629347
629350
629351
629360
629372
629431
629469
629596
629633
629652
629665
629681
629692
629696
629742
629742
629766
629774
629785
629789
629802
629807
629851
629852
629886
629908
629947
629956
629971
630006
630012
630024
630027
630052
630105
630130
630165
630208
630270
630284
630310
630379
630387
630399
630415
630435
630451
630458
630488
630513
630523
630548
630559
630566
630582
630625
630636
630639
630642
630646
630666
630668
630678
630701
630727
630734
630762
630766
630788
630804
630827
630840
630846
630846
630897
630935
630946
631010
631030
631096
631104
631110
631144
631163
631185
631211
631219
631245
631273
631276
631278
631283
631285
631319
631391
631415
631432
631450
631458
631502
631526
631552
631553
631619
631631
631641
631646
631649
631704
631781
631786
631806
631820
631835
631841
631859
631873
631890
631890
631973
631990
632022
632023
632028
632046
632065
632090
632126
632193
632196
632200
632216
632226
632244
632254
632255
632268
632292
632296
632303
632307
632324
632334
632350
632456
632462
632466
632467
632484
632506
632523
632539
632594
632608
632629
632637
632638
632655
632694
632738
632756
632759
632759
632768
632845
632854
632886
632886
632887
632889
632911
632912
632925
632931
632952
632971
632980
633005
633045
633096
633115
633120
633153
633185
633195
633204
633206
633220
633281
633309
633332
633336
633368
633380
633401
633402
633413
633442
633443
633459
633465
633501
633512
633515
633524
633554
633555
633574
633593
633598
633645
633729
633740
633742
633769
633813
633813
633817
633840
633862
633906
633908
633959
633961
633984
634000
634007
634019
634051
634057
634059
634060
634076
634097
634118
634147
634181
634195
634200
634209
634212
634215
634225
634229
634247
634283
634285
634291
634318
634321
634325
634391
634408
634418
634441
634446
634447
634497
634501
634505
634539
634551
634557
634574
634589
634613
634621
634632
634638
634666
634675
634698
634707
634724
634728
634739
634744
634753
634804
634805
634816
634823
634853
634874
634905
634911
634927
634950
634989
634991
635011
635037
635048
635059
635074
635077
635094
635103
635111
635133
635152
635159
635163
635171
635230
635234
635260
635272
635275
635318
635323
635325
635379
635388
635390
635392
635393
635411
635421
635450
635464
635466
635512
635528
635541
635553
635572
635584
635599
635607
635653
635685
635697
635715
635721
635724
635732
635744
635839
635845
635845
635877
635906
635939
635945
635964
635967
635998
636001
636024
636085
636091
636114
636120
636190
636232
636246
636259
636280
636281
636318
636332
636360
636360
636423
636425
636483
636500
636507
636542
636578
636591
636607
636618
636635
636669
636688
636696
636721
636739
636777
636827
636832
636852
636864
636874
636932
636935
636952
636953
636968
637012
637030
637038
637043
637058
637083
637107
637119
637136
637159
637167
637170
637231
637241
637249
637256
637258
637263
637312
637328
637353
637429
637430
637441
637464
637489
637497
637529
637550
637552
637584
637610
637635
637651
637654
637679
637702
637737
637780
637782
637891
637903
637912
637934
637939
637958
637981
637983
638001
638009
638021
638072
638088
638098
638103
638103
638180
638195
638233
638246
638249
638256
638257
638318
638371
638381
638395
638407
638411
638439
638447
638466
638481
638520
638549
638550
638572
638592
638617
638650
638658
638700
638725
638730
638748
638766
638804
638828
638831
638842
638864
638879
638880
638886
638920
638927
638930
638937
638950
638962
638992
639019
639031
639049
639050
639065
639090
639116
639220
639270
639272
639276
639299
639344
639362
639367
639427
639434
639448
639453
639512
639513
639550
639617
639630
639647
639657
639659
639665
639693
639700
639707
639710
639732
639754
639758
639785
639785
639805
639873
639876
639902
639912
639950
639975
639979
639994
640020
640022
640023
640031
640073
640078
640089
640101
640120
640171
640184
640203
640206
640224
640250
640271
640283
640331
640347
640359
640386
640391
640436
640459
640459
640468
640471
640505
640509
640513
640517
640583
640589
640604
640663
640670
640673
640691
640739
640752
640793
640830
640855
640857
640863
640887
640933
640935
640942
640963
640985
640989
641009
641022
641035
641046
641059
641085
641113
641136
641191
641216
641219
641273
641357
641361
641415
641426
641462
641471
641477
641483
641539
641540
641565
641604
641631
641633
641669
641673
641683
641708
641711
641719
641740
641751
641756
641775
641788
641821
641827
641834
641877
641877
641889
641938
641953
641976
642002
642062
642076
642106
642116
642158
642165
642177
642188
642197
642197
642200
642205
642228
642253
642258
642323
642340
642385
642392
642396
642422
642423
642424
642431
642431
642454
642506
642513
642518
642525
642542
642554
642639
642678
642679
642707
642713
642714
642748
642844
642847
642857
642922
642927
642929
642935
642948
642964
642989
643016
643027
643046
643090
643097
643105
643119
643130
643149
643209
643211
643233
643260
643265
643312
643317
643335
643412
643432
643435
643447
643455
643482
643501
643519
643587
643601
643617
643623
643638
643656
643660
643661
643681
643681
643689
643710
643742
643768
643772
643796
643801
643845
643871
643885
643897
643904
643916
643920
643921
643940
643940
643954
643968
643983
644033
644047
644070
644082
644118
644147
644189
644192
644213
644213
644216
644219
644226
644230
644331
644331
644375
644395
644433
644436
644532
644586
644601
644637
644674
644733
644739
644752
644796
644800
644855
644904
644918
644927
644950
644980
645055
645058
645059
645060
645086
645087
645104
645119
645124
645198
645199
645227
645269
645279
645288
645297
645311
645332
645456
645465
645469
645485
645499
645552
645567
645571
645578
645646
645662
645679
645714
645716
645720
645740
645756
645773
645796
645806
645826
645827
645844
645862
645919
645924
645943
645944
645947
646012
646012
646021
646057
646086
646137
646146
646150
646154
646188
646201
646206
646206
646206
646226
646284
646287
646299
646304
646321
646370
646383
646413
646415
646422
646422
646426
646461
646489
646492
646510
646532
646561
646568
646579
646586
646593
646608
646615
646615
646619
646692
646704
646736
646738
646743
646747
646774
646810
646813
646815
646868
646918
646952
646956
646991
646991
647044
647064
647071
647101
647106
647133
647135
647173
647222
647225
647235
647238
647265
647302
647325
647326
647327
647331
647343
647351
647395
647425
647426
647434
647457
647475
647514
647535
647537
647540
647563
647636
647639
647685
647695
647705
647709
647722
647724
647739
647741
647752
647759
647810
647832
647874
647905
647924
647934
647941
647947
647948
647959
647964
647966
647987
648016
648022
648042
648094
648097
648114
648139
648170
648187
648204
648218
648277
648300
648307
648314
648381
648396
648420
648473
648486
648536
648576
648620
648623
648641
648642
648672
648676
648716
648830
648870
648878
648891
648916
648929
648930
648948
648951
648951
648979
648985
649006
649011
649019
649054
649059
649077
649082
649094
649099
649106
649122
649197
649207
649228
649285
649333
649346
649450
649462
649550
649601
649601
649635
649645
649664
649667
649679
649695
649760
649776
649783
649785
649807
649834
649838
649919
649924
649930
649937
649948
649948
649954
649972
649982
649985
650091
650108
650140
650140
650150
650177
650194
650224
650226
650235
650266
650266
650268
650431
650436
650475
650510
650577
650590
650602
650613
650629
650644
650670
650681
650739
650762
650780
650782
650793
650817
650819
650851
650856
650877
650919
650921
650944
650944
650965
650984
650996
651015
651046
651067
651162
651165
651186
651217
651263
651269
651289
651319
651322
651324
651353
651362
651384
651395
651396
651399
651413
651422
651475
651519
651540
651559
651598
651602
651620
651622
651630
651634
651644
651667
651670
651689
651696
651723
651729
651733
651734
651753
651753
651755
651757
651785
651785
651799
651805
651815
651822
651844
651859
651898
651903
651965
651998
652004
652069
652106
652114
652134
652137
652141
652167
652187
652227
652237
652274
652275
652290
652298
652304
652321
652325
652327
652333
652353
652389
652418
652439
652446
652482
652492
652499
652513
652537
652545
652549
652580
652586
652605
652630
652652
652688
652721
652724
652734
652744
652756
652775
652813
652819
652820
652833
652835
652857
652875
652890
652896
652909
652960
652978
653001
653016
653023
653030
653039
653059
653074
653090
653096
653109
653116
653142
653155
653164
653182
653231
653265
653299
653322
653354
653357
653390
653396
653454
653475
653502
653508
653565
653589
653635
653636
653649
653659
653663
653691
653704
653739
653754
653815
653817
653844
653850
653853
653856
653857
653860
653885
653897
653922
653948
653950
653969
653981
654005
654030
654045
654090
654125
654134
654191
654208
654226
654234
654239
654309
654317
654347
654424
654562
654577
654588
654595
654614
654619
654627
654627
654632
654634
654660
654681
654709
654728
654765
654777
654778
654782
654783
654791
654802
654807
654859
654871
654874
654891
654891
654905
654907
654921
654935
654951
654957
654964
654975
654981
655004
655030
655030
655047
655059
655072
655082
655089
655101
655111
655125
655134
655145
655156
655159
655162
655188
655198
655205
655210
655265
655279
655279
655299
655301
655306
655327
655344
655349
655373
655388
655395
655412
655439
655477
655494
655498
655503
655506
655510
655528
655551
655552
655598
655603
655638
655694
655694
655699
655736
655770
655784
655801
655866
655875
655878
655903
655917
655994
655998
656012
656013
656027
656027
656039
656040
656046
656050
656054
656068
656130
656166
656172
656179
656185
656186
656202
656224
656243
656247
656257
656276
656276
656321
656342
656386
656392
656397
656427
656452
656510
656520
656540
656540
656549
656576
656582
656614
656620
656625
656626
656629
656656
656672
656673
656729
656743
656777
656796
656803
656834
656857
656860
656920
656935
656971
656974
656974
657027
657039
657046
657047
657051
657052
657055
657067
657094
657094
657103
657126
657150
657197
657232
657251
657267
657307
657311
657338
657340
657374
657392
657406
657478
657491
657494
657499
657508
657522
657559
657567
657615
657623
657627
657703
657718
657724
657752
657754
657764
657770
657782
657790
657790
657871
657894
657934
657937
657968
658009
658019
658031
658037
658074
658095
658097
658111
658120
658148
658150
658164
658182
658190
658206
658218
658226
658232
658240
658241
658324
658337
658362
658397
658422
658425
658462
658463
658488
658493
658496
658552
658567
658584
658619
658646
658648
658659
658665
658741
658742
658743
658748
658795
658816
658830
658837
658845
658854
658861
658862
658883
658886
658895
658929
658929
658934
658947
659065
659067
659074
659088
659089
659125
659133
659141
659148
659152
659198
659201
659217
659280
659373
659376
659402
659435
659452
659458
659461
659497
659500
659513
659524
659527
659567
659571
659584
659594
659657
659666
659668
659672
659765
659778
659797
659837
659874
659943
659945
659967
659972
660002
660021
660053
660096
660096
660127
660137
660149
660156
660194
660221
660259
660270
660308
660313
660316
660369
660374
660390
660395
660430
660438
660464
660469
660501
660514
660514
660517
660521
660530
660541
660568
660580
660581
660634
660634
660637
660639
660680
660683
660689
660690
660696
660703
660721
660727
660746
660747
660769
660771
660776
660803
660805
660821
660825
660836
660842
660866
660909
660920
660923
660933
660983
660992
660992
660998
661012
661040
661043
661055
661067
661085
661101
661106
661120
661155
661158
661163
661185
661189
661194
661200
661218
661223
661255
661317
661346
661364
661372
661392
661415
661420
661450
661466
661469
661504
661544
661566
661595
661632
661646
661658
661676
661692
661742
661745
661749
661760
661802
661811
661830
661831
661837
661858
661877
661878
661899
661914
661954
661992
662013
662028
662035
662061
662121
662135
662149
662169
662182
662199
662226
662286
662312
662314
662320
662339
662392
662451
662468
662486
662525
662579
662581
662597
662612
662617
662623
662659
662668
662692
662694
662696
662697
662723
662745
662749
662750
662766
662797
662806
662814
662875
662895
662910
662929
662941
662942
663007
663015
663034
663041
663047
663100
663104
663118
663132
663166
663183
663221
663224
663246
663256
663308
663357
663364
663378
663378
663386
663387
663393
663455
663481
663490
663499
663500
663515
663550
663568
663576
663583
663590
663591
663592
663601
663644
663688
663711
663733
663771
663791
663795
663882
663918
663934
663957
663975
663982
664055
664114
664158
664162
664171
664197
664205
664207
664229
664235
664283
664284
664307
664345
664352
664366
664372
664372
664380
664462
664475
664476
664491
664556
664562
664571
664575
664613
664617
664646
664646
664651
664653
664664
664690
664697
664729
664742
664856
664861
664871
664874
664888
664895
664930
664932
664932
664963
664980
665003
665022
665032
665037
665049
665052
665064
665072
665086
665132
665139
665165
665178
665186
665203
665208
665267
665268
665296
665329
665358
665393
665434
665442
665504
665531
665533
665640
665726
665731
665735
665751
665762
665780
665804
665866
665952
665986
666003
666033
666037
666063
666082
666086
666109
666115
666126
666130
666135
666157
666186
666194
666212
666247
666259
666271
666291
666295
666329
666416
666462
666477
666488
666543
666584
666645
666664
666673
666676
666686
666716
666737
666766
666780
666825
666827
666829
666839
666863
666879
666879
666884
666922
666939
666953
666966
666967
667009
667033
667036
667052
667077
667084
667113
667114
667133
667146
667167
667189
667198
667219
667239
667258
667278
667280
667281
667288
667289
667302
667356
667378
667378
667399
667406
667415
667417
667419
667427
667440
667442
667465
667466
667480
667519
667525
667526
667532
667537
667577
667625
667677
667700
667752
667761
667790
667807
667957
667961
667984
667994
667996
668020
668026
668048
668062
668068
668077
668086
668091
668118
668120
668123
668139
668175
668176
668201
668258
668259
668264
668267
668277
668309
668316
668359
668411
668416
668419
668432
668435
668437
668448
668453
668481
668519
668533
668564
668568
668602
668612
668624
668636
668637
668677
668691
668694
668702
668759
668776
668788
668793
668801
668819
668822
668830
668842
668865
668867
668907
668934
668956
669048
669078
669144
669145
669156
669182
669197
669236
669273
669295
669304
669311
669367
669369
669411
669414
669420
669438
669448
669451
669462
669468
669481
669492
669495
669560
669576
669585
669593
669595
669608
669627
669640
669657
669671
669673
669675
669730
669738
669754
669776
669782
669794
669805
669805
669811
669818
669840
669855
669882
669915
669921
670017
670018
670047
670056
670130
670133
670150
670155
670166
670172
670172
670195
670200
670203
670234
670238
670266
670338
670349
670356
670373
670398
670412
670440
670469
670486
670498
670528
670557
670584
670585
670632
670637
670641
670661
670669
670698
670705
670717
670740
670795
670795
670814
670815
670826
670863
670866
670880
670894
670907
670912
670923
670926
670927
670934
670936
670950
670971
670992
670994
671001
671014
671025
671037
671055
671074
671102
671170
671196
671204
671206
671208
671219
671231
671270
671272
671297
671309
671313
671321
671323
671332
671345
671386
671386
671407
671429
671468
671469
671532
671556
671619
671639
671648
671670
671676
671713
671757
671823
671873
671877
671922
671930
671931
671947
671973
671980
671998
672002
672012
672015
672021
672025
672066
672072
672113
672130
672141
672163
672194
672206
672215
672224
672253
672266
672275
672283
672310
672327
672339
672340
672344
672381
672385
672387
672391
672402
672435
672469
672475
672502
672509
672610
672619
672621
672625
672636
672650
672650
672663
672718
672795
672844
672876
672878
672883
672894
672896
672915
672929
672936
672936
672953
672961
673004
673022
673029
673060
673091
673100
673110
673113
673137
673140
673178
673182
673204
673241
673248
673265
673279
673282
673401
673402
673413
673419
673445
673458
673468
673476
673508
673514
673533
673575
673582
673598
673666
673684
673689
673711
673712
673717
673726
673792
673800
673842
673849
673889
673929
673957
674013
674018
674045
674057
674076
674154
674173
674186
674194
674231
674235
674241
674263
674284
674294
674304
674397
674410
674471
674485
674530
674549
674554
674581
674587
674643
674670
674684
674756
674789
674827
674914
674935
674958
674964
674980
675016
675017
675022
675031
675031
675059
675122
675144
675157
675178
675181
675258
675311
675375
675376
675383
675403
675405
675415
675425
675437
675445
675462
675469
675524
675525
675530
675560
675584
675595
675595
675607
675634
675648
675666
675691
675696
675716
675758
675818
675822
675861
675885
675897
675899
675900
675924
675987
676037
676041
676079
676099
676101
676124
676145
676145
676147
676267
676289
676292
676319
676329
676339
676365
676383
676391
676434
676441
676472
676475
676480
676512
676516
676537
676617
676641
676672
676688
676698
676720
676770
676784
676788
676792
676796
676821
676827
676855
676918
676938
676948
676983
677014
677043
677047
677051
677058
677086
677087
677088
677166
677168
677181
677188
677231
677245
677246
677254
677288
677302
677325
677326
677367
677372
677414
677448
677463
677528
677552
677576
677588
677619
677625
677641
677660
677707
677724
677727
677773
677778
677839
677843
677850
677883
677890
677919
677927
677954
677960
678054
678056
678124
678136
678169
678179
678190
678203
678206
678220
678225
678266
678283
678319
678333
678334
678348
678390
678415
678416
678431
678434
678437
678479
678487
678545
678576
678582
678590
678596
678597
678620
678657
678700
678745
678748
678758
678768
678831
678854
678866
678918
678967
678977
678986
678987
678990
678992
679006
679042
679052
679067
679072
679095
679100
679100
679163
679178
679208
679264
679301
679334
679336
679354
679362
679374
679374
679399
679416
679423
679507
679522
679572
679594
679614
679622
679628
679646
679658
679683
679685
679710
679732
679754
679768
679772
679794
679853
679865
679870
679921
679929
679950
679983
679989
680025
680060
680081
680082
680105
680123
680148
680183
680187
680198
680199
680199
680229
680324
680327
680328
680342
680383
680387
680403
680441
680458
680478
680506
680513
680542
680577
680584
680591
680597
680608
680630
680642
680653
680668
680690
680692
680694
680699
680711
680720
680728
680733
680739
680788
680835
680835
680860
680906
680924
680940
680940
681009
681017
681019
681048
681056
681096
681107
681121
681130
681133
681253
681257
681266
681317
681352
681391
681424
681428
681439
681442
681493
681497
681505
681561
681595
681601
681602
681607
681610
681611
681621
681626
681655
681660
681732
681745
681751
681774
681779
681798
681799
681838
681874
681932
681937
681959
681996
682023
682027
682084
682119
682129
682143
682201
682216
682234
682235
682237
682278
682289
682322
682337
682373
682402
682423
682427
682435
682458
682464
682541
682586
682603
682606
682611
682632
682670
682755
682757
682766
682773
682817
682821
682828
682887
682939
682941
682943
682947
682986
682989
683011
683017
683023
683036
683063
683068
683109
683117
683125
683131
683145
683195
683247
683253
683283
683289
683295
683343
683419
683422
683441
683451
683487
683504
683539
683551
683604
683623
683626
683639
683660
683732
683732
683749
683780
683789
683790
683819
683841
683865
683884
683925
683932
683937
683966
683969
683993
684005
684009
684012
684013
684019
684044
684052
684062
684066
684089
684089
684151
684152
684171
684243
684245
684245
684258
684259
684272
684315
684319
684329
684339
684364
684391
684433
684441
684442
684443
684497
684506
684527
684539
684570
684642
684663
684711
684719
684798
684841
684858
684864
684915
684929
684934
684938
684944
684952
684998
685000
685002
685014
685025
685044
685048
685097
685160
685185
685223
685268
685280
685297
685355
685374
685393
685408
685437
685442
685462
685481
685497
685517
685539
685542
685655
685663
685693
685696
685704
685728
685772
685807
685823
685844
685863
685871
685884
685891
685917
685927
685938
685950
685958
685964
685973
685979
685986
685997
686012
686067
686107
686138
686191
686207
686241
686289
686310
686346
686370
686377
686385
686395
686406
686410
686412
686419
686435
686457
686465
686525
686533
686550
686555
686592
686593
686643
686686
686701
686760
686812
686846
686858
686874
686882
686897
686904
686915
686923
686947
686966
686966
686979
686981
687046
687056
687129
687149
687172
687228
687236
687248
687268
687281
687296
687324
687330
687374
687377
687391
687392
687393
687418
687427
687442
687455
687522
687547
687556
687583
687585
687597
687602
687606
687611
687612
687622
687672
687678
687716
687730
687758
687780
687791
687813
687895
687895
687909
687944
687962
687989
688006
688019
688039
688059
688068
688074
688118
688153
688173
688203
688210
688221
688231
688231
688236
688266
688320
688336
688338
688354
688382
688394
688432
688449
688459
688488
688504
688509
688520
688523
688547
688552
688559
688579
688589
688639
688646
688653
688667
688683
688685
688686
688690
688722
688804
688817
688840
688875
688903
688916
688949
688982
688985
688990
689000
689021
689026
689030
689060
689066
689067
689102
689108
689114
689122
689136
689145
689175
689206
689255
689262
689270
689347
689375
689376
689389
689401
689414
689443
689452
689497
689509
689522
689584
689623
689632
689644
689666
689667
689685
689691
689724
689734
689787
689807
689816
689822
689823
689866
689896
689918
689945
689983
689989
689994
690032
690043
690062
690064
690081
690099
690119
690197
690218
690224
690240
690332
690351
690355
690364
690377
690417
690424
690429
690504
690506
690511
690518
690539
690581
690582
690594
690595
690598
690644
690659
690671
690684
690690
690721
690727
690737
690738
690751
690758
690760
690776
690782
690807
690816
690843
690862
690863
690874
690891
690904
690906
690966
690991
690998
691005
691005
691007
691022
691026
691087
691114
691139
691153
691159
691181
691187
691222
691246
691251
691269
691274
691293
691308
691309
691318
691324
691349
691357
691389
691391
691391
691410
691419
691425
691437
691438
691460
691460
691486
691497
691506
691506
691528
691542
691548
691553
691565
691574
691593
691609
691634
691684
691729
691736
691737
691764
691766
691774
691792
691829
691843
691849
691910
691923
691966
691970
691984
691985
691989
692007
692016
692046
692049
692078
692100
692115
692139
692141
692157
692163
692163
692171
692192
692192
692226
692248
692261
692298
692318
692325
692340
692342
692370
692390
692394
692401
692410
692411
692422
692424
692435
692449
692450
692487
692489
692494
692496
692521
692548
692561
692585
692604
692618
692659
692689
692692
692713
692713
692735
692757
692788
692798
692852
692853
692865
692928
692945
692948
692992
693009
693013
693048
693076
693079
693091
693094
693149
693187
693190
693243
693251
693281
693361
693371
693417
693442
693445
693448
693459
693461
693469
693502
693504
693528
693540
693540
693569
693577
693590
693604
693634
693664
693692
693699
693733
693753
693755
693763
693772
693808
693821
693887
693901
693909
693931
693931
693999
694001
694060
694076
694080
694120
694147
694169
694176
694210
694214
694220
694234
694240
694251
694267
694282
694336
694368
694373
694404
694436
694474
694494
694506
694528
694529
694545
694569
694578
694604
694612
694646
694663
694735
694789
694800
694817
694827
694862
694876
694886
694895
694947
694964
694980
694991
694994
695002
695013
695122
695129
695141
695147
695175
695178
695184
695214
695290
695310
695320
695349
695435
695439
695448
695458
695501
695519
695567
695598
695625
695650
695689
695695
695712
695738
695738
695738
695746
695746
695753
695760
695771
695774
695796
695805
695862
695867
695930
695956
695968
695999
696037
696040
696069
696113
696113
696128
696130
696136
696140
696155
696161
696180
696262
696288
696302
696348
696355
696373
696403
696419
696434
696454
696469
696473
696474
696547
696558
696579
696636
696673
696694
696702
696737
696746
696760
696766
696803
696848
696853
696875
696886
696950
696960
696964
696970
696984
697009
697070
697089
697149
697167
697195
697196
697203
697203
697221
697231
697258
697271
697288
697291
697300
697309
697335
697366
697433
697454
697463
697469
697514
697515
697527
697536
697553
697557
697588
697588
697609
697620
697621
697622
697626
697638
697644
697665
697667
697670
697697
697715
697743
697764
697765
697778
697814
697854
697883
697909
697982
698008
698031
698035
698045
698105
698119
698127
698132
698139
698151
698186
698243
698261
698280
698317
698354
698366
698369
698375
698376
698378
698385
698392
698422
698422
698431
698454
698467
698473
698490
698492
698525
698544
698636
698670
698673
698678
698743
698751
698783
698788
698793
698793
698795
698795
698813
698817
698819
698848
698863
698864
698947
698970
698999
699028
699030
699044
699055
699056
699074
699081
699104
699137
699167
699184
699190
699192
699194
699210
699239
699241
699283
699301
699343
699380
699423
699436
699450
699455
699469
699472
699496
699506
699513
699548
699562
699598
699615
699631
699673
699682
699682
699751
699775
699805
699811
699815
699875
699922
699923
699965
699984
699985
700006
700033
700035
700048
700049
700050
700063
700074
700092
700094
700126
700136
700141
700179
700231
700283
700303
700316
700344
700445
700552
700563
700567
700597
700644
700669
700699
700711
700771
700784
700786
700794
700797
700800
700841
700884
700887
700891
700918
700977
700994
701037
701038
701039
701103
701106
701109
701149
701235
701261
701262
701266
701269
701287
701314
701316
701316
701326
701339
701358
701369
701391
701412
701412
701417
701434
701437
701445
701476
701510
701525
701556
701563
701565
701593
701617
701617
701626
701659
701691
701710
701719
701764
701781
701811
701812
701820
701865
701881
701881
701946
701958
701966
702008
702019
702059
702079
702079
702103
702113
702138
702144
702163
702163
702178
702206
702218
702234
702243
702249
702285
702295
702297
702306
702318
702329
702444
702485
702486
702490
702524
702542
702553
702598
702643
702674
702680
702689
702709
702738
702786
702794
702800
702817
702846
702862
702875
702905
702907
702925
702939
702991
703006
703079
703121
703136
703144
703150
703168
703177
703218
703233
703253
703275
703322
703336
703363
703406
703410
703415
703436
703469
703475
703554
703560
703602
703612
703635
703656
703677
703679
703689
703693
703718
703718
703759
703762
703829
703843
703844
703848
703856
703869
703872
703878
703894
703896
703924
703930
703947
703985
703990
703991
703991
703998
704050
704069
704072
704095
704131
704272
704302
704343
704352
704377
704382
704400
704408
704447
704448
704497
704507
704522
704582
704596
704638
704643
704650
704658
704675
704680
704686
704814
704884
704889
704898
704900
704935
704962
704998
705042
705046
705050
705060
705070
705112
705113
705116
705156
705185
705194
705201
705211
705212
705228
705256
705262
705270
705286
705295
705298
705298
705323
705327
705327
705330
705335
705339
705361
705411
705419
705424
705438
705454
705460
705484
705488
705502
705522
705535
705538
705555
705560
705584
705592
705613
705644
705714
705764
705795
705805
705819
705821
705836
705837
705846
705851
705871
705875
705878
705889
705892
705913
705920
705942
705949
705977
706017
706020
706028
706069
706099
706103
706118
706131
706152
706157
706174
706197
706206
706225
706234
706237
706275
706276
706292
706308
706332
706360
706391
706394
706463
706511
706525
706526
706534
706591
706643
706676
706694
706714
706755
706759
706812
706817
706827
706834
706859
706863
706873
706881
706910
706946
706952
706974
706996
707008
707013
707020
707047
707049
707072
707088
707118
707145
707218
707261
707301
707308
707319
707334
707342
707358
707365
707400
707422
707422
707444
707460
707465
707496
707496
707513
707609
707618
707622
707625
707668
707675
707706
707729
707729
707751
707762
707763
707784
707802
707810
707814
707878
707879
707881
707891
707925
707939
707955
707966
708011
708042
708055
708057
708087
708113
708140
708143
708167
708183
708194
708208
708264
708266
708275
708290
708322
708342
708344
708357
708396
708520
708539
708571
708594
708597
708628
708640
708646
708649
708663
708670
708721
708734
708753
708759
708769
708794
708825
708845
708858
708864
708892
708900
708900
708929
708943
708945
708987
708998
709037
709039
709050
709057
709098
709113
709121
709145
709198
709224
709258
709291
709387
709388
709411
709412
709416
709424
709434
709435
709446
709446
709451
709457
709474
709523
709533
709577
709579
709633
709634
709647
709660
709667
709682
709728
709779
709786
709793
709803
709814
709850
709859
709883
709955
710002
710003
710044
710052
710061
710062
710067
710078
710088
710104
710110
710133
710159
710161
710199
710214
710228
710247
710256
710269
710273
710321
710345
710378
710394
710436
710472
710509
710516
710530
710559
710639
710653
710653
710672
710706
710713
710722
710736
710741
710798
710800
710811
710813
710826
710841
710864
710882
710895
710897
710904
710930
710965
710976
710981
710989
710992
711027
711043
711050
711059
711065
711096
711097
711116
711131
711140
711150
711160
711174
711199
711199
711224
711245
711246
711286
711291
711337
711368
711372
711388
711449
711450
711450
711510
711568
711615
711660
711664
711677
711699
711710
711714
711720
711727
711778
711788
711800
711832
711841
711858
711865
711884
711895
711897
711940
711953
711959
711967
711979
711985
711996
712001
712012
712052
712053
712063
712094
712121
712142
712164
712199
712211
712232
712234
712264
712329
712338
712414
712430
712432
712443
712446
712530
712550
712558
712615
712647
712653
712680
712737
712757
712822
712836
712844
712880
712881
712911
712924
712946
712953
712959
712978
713030
713037
713118
713119
713136
713145
713178
713198
713201
713211
713236
713238
713238
713238
713325
713376
713465
713469
713493
713494
713502
713518
713551
713592
713619
713645
713650
713673
713680
713681
713698
713714
713736
713757
713780
713796
713825
713844
713849
713864
713873
713875
713882
713889
713897
713898
713906
713923
713962
713982
714032
714035
714038
714083
714086
714087
714105
714145
714191
714217
714221
714261
714271
714275
714315
714347
714362
714374
714392
714420
714427
714427
714470
714493
714501
714560
714569
714577
714589
714645
714674
714719
714763
714783
714794
714806
714845
714885
714948
714967
715005
715043
715071
715077
715144
715208
715273
715276
715280
715305
715343
715350
715406
715406
715424
715431
715452
715477
715515
715580
715626
715639
715648
715665
715666
715668
715670
715685
715693
715706
715761
715772
715773
715777
715814
715815
715820
715844
715899
715900
715901
715902
715951
715963
715974
715993
716041
716045
716062
716065
716108
716127
716144
716148
716151
716159
716161
716188
716193
716206
716213
716269
716283
716299
716363
716378
716384
716388
716420
716429
716445
716491
716492
716522
716557
716563
716567
716607
716612
716646
716656
716665
716674
716687
716688
716689
716703
716709
716719
716742
716768
716768
716813
716819
716822
716834
716841
716849
716882
716896
716912
716919
716928
716973
717004
717010
717071
717097
717108
717109
717132
717143
717169
717196
717197
717207
717215
717251
717255
717272
717296
717303
717312
717319
717328
717329
717347
717368
717374
717381
717397
717407
717435
717545
717591
717602
717642
717643
717655
717668
717692
717711
717768
717784
717788
717788
717792
717807
717833
717863
717879
717887
717892
717897
717935
717938
717953
717969
717990
718024
718060
718060
718092
718098
718101
718126
718129
718178
718260
718302
718319
718363
718374
718393
718401
718424
718431
718442
718447
718464
718466
718488
718512
718587
718605
718611
718624
718653
718713
718725
718728
718732
718743
718749
718751
718759
718774
718808
718810
718860
718886
718887
718946
719015
719017
719028
719036
719038
719062
719062
719098
719138
719141
719174
719221
719268
719272
719287
719373
719387
719400
719404
719426
719443
719448
719450
719456
719457
719557
719603
719604
719627
719633
719674
719687
719700
719717
719763
719816
719818
719820
719822
719826
719849
719864
719870
719887
719901
719904
719911
719918
719941
719998
720004
720010
720024
720040
720079
720095
720126
720156
720211
720272
720284
720322
720335
720347
720353
720392
720406
720421
720435
720451
720464
720492
720511
720532
720594
720608
720611
720648
720687
720801
720902
720914
720916
721021
721026
721047
721062
721083
721103
721124
721127
721183
721218
721299
721312
721318
721335
721341
721347
721358
721365
721430
721436
721440
721463
721505
721518
721565
721569
721622
721629
721656
721670
721697
721707
721726
721754
721794
721797
721800
721806
721859
721865
721877
721882
721897
721908
721917
721937
721950
721958
721994
722068
722101
722107
722163
722211
722220
722229
722230
722236
722252
722260
722262
722300
722308
722329
722333
722344
722381
722382
722417
722421
722437
722441
722455
722492
722523
722535
722569
722598
722602
722603
722615
722670
722707
722739
722772
722802
722823
722846
722898
722935
722974
722995
723006
723010
723013
723014
723022
723025
723027
723027
723082
723097
723099
723118
723125
723172
723244
723280
723288
723304
723306
723308
723328
723335
723346
723355
723366
723367
723369
723371
723373
723382
723424
723436
723437
723440
723474
723492
723515
723521
723523
723534
723576
723581
723584
723593
723628
723644
723647
723673
723694
723714
723742
723766
723768
723781
723801
723881
723896
723916
723931
723937
723963
723977
723980
723986
724041
724060
724076
724090
724094
724122
724141
724171
724174
724185
724192
724264
724273
724311
724316
724331
724340
724345
724358
724374
724390
724396
724437
724439
724459
724469
724483
724502
724527
724546
724559
724572
724599
724608
724623
724654
724675
724685
724745
724785
724800
724839
724881
724907
724932
724947
724977
724988
725063
725098
725110
725122
725158
725169
725170
725181
725297
725314
725323
725362
725366
725367
725409
725418
725476
725482
725483
725553
725556
725586
725587
725618
725640
725649
725691
725694
725704
725707
725716
725735
725735
725755
725789
725792
725852
725863
725869
725897
725916
725931
725934
725941
725953
725990
726030
726044
726053
726059
726081
726096
726124
726185
726205
726214
726235
726238
726256
726293
726330
726353
726360
726363
726370
726382
726428
726452
726469
726506
726519
726534
726538
726549
726555
726579
726582
726587
726605
726619
726624
726655
726677
726730
726731
726760
726776
726816
726824
726833
726855
726866
726932
726967
726974
727055
727069
727072
727081
727097
727121
727149
727220
727266
727268
727306
727369
727393
727394
727427
727486
727510
727516
727530
727542
727555
727561
727565
727575
727582
727604
727616
727619
727720
727720
727725
727741
727767
727793
727800
727822
727843
727852
727886
727904
727915
727916
727919
727929
727938
727947
727951
727962
727969
728008
728012
728022
728029
728035
728060
728074
728083
728112
728131
728139
728142
728153
728179
728203
728211
728213
728215
728221
728225
728241
728245
728266
728284
728309
728311
728317
728326
728340
728347
728352
728384
728397
728408
728417
728421
728478
728496
728563
728620
728652
728686
728694
728698
728724
728730
728749
728809
728813
728831
728862
728875
728900
728906
728930
728933
728944
728967
728985
728993
729003
729005
729030
729066
729112
729184
729201
729214
729273
729327
729348
729358
729358
729359
729370
729374
729385
729386
729401
729401
729402
729430
729445
729483
729572
729573
729583
729590
729662
729667
729686
729695
729717
729821
729851
729888
729905
729918
729955
729967
729979
729988
729997
730023
730029
730042
730056
730093
730096
730109
730142
730162
730193
730225
730228
730242
730267
730284
730298
730299
730303
730333
730397
730450
730483
730484
730502
730553
730554
730564
730590
730597
730605
730617
730625
730694
730707
730735
730752
730762
730787
730807
730814
730822
730842
730853
730860
730870
730902
730928
731019
731030
731042
731048
731052
731091
731129
731138
731148
731181
731195
731219
731243
731246
731294
731309
731318
731367
731373
731381
731392
731405
731415
731455
731481
731483
731535
731578
731617
731626
731703
731709
731716
731719
731732
731752
731759
731763
731781
731789
731799
731807
731814
731823
731833
731851
731878
731925
731959
732026
732027
732031
732047
732065
732069
732078
732094
732102
732119
732127
732135
732159
732162
732170
732176
732227
732229
732280
732304
732351
732365
732469
732475
732512
732514
732518
732524
732609
732625
732626
732675
732726
732749
732778
732785
732785
732809
732878
732911
733051
733063
733086
733087
733155
733156
733179
733185
733244
733247
733285
733304
733325
733368
733379
733399
733410
733418
733436
733439
733484
733488
733492
733525
733533
733538
733541
733549
733561
733570
733608
733614
733622
733660
733663
733703
733735
733742
733749
733767
733779
733787
733825
733843
733873
733931
733951
734040
734041
734048
734131
734164
734228
734246
734349
734394
734432
734436
734457
734474
734474
734515
734537
734549
734549
734558
734583
734583
734599
734616
734626
734630
734635
734683
734692
734700
734708
734713
734736
734780
734787
734797
734831
734833
734856
734862
734863
734885
734900
734931
734932
734964
734995
735003
735021
735037
735060
735073
735121
735193
735194
735211
735217
735277
735310
735324
735365
735377
735383
735397
735398
735429
735440
735449
735472
735475
735477
735502
735508
735521
735529
735532
735577
735624
735660
735673
735763
735805
735814
735838
735841
735851
735871
735896
735943
735966
735971
735989
736022
736035
736063
736066
736133
736134
736135
736153
736168
736171
736178
736183
736187
736209
736226
736228
736269
736282
736286
736303
736306
736312
736364
736375
736395
736401
736404
736404
736431
736468
736472
736487
736493
736496
736503
736508
736528
736534
736545
736568
736647
736685
736687
736688
736694
736742
736764
736779
736790
736796
736806
736817
736829
736836
736851
736853
736859
736907
736917
736936
736983
737004
737047
737059
737068
737102
737121
737137
737167
737174
737197
737214
737272
737280
737307
737319
737333
737353
737355
737410
737423
737456
737486
737509
737512
737525
737621
737668
737692
737696
737699
737748
737751
737752
737767
737770
737779
737785
737800
737815
737820
737822
737837
737837
737850
737866
737894
737943
737955
737963
737989
738006
738012
738041
738053
738065
738092
738142
738147
738179
738201
738216
738218
738226
738255
738262
738281
738282
738298
738299
738332
738347
738359
738362
738365
738386
738418
738420
738424
738458
738470
738477
738494
738499
738509
738512
738522
738549
738553
738596
738658
738661
738672
738676
738696
738720
738723
738731
738755
738758
738782
738832
738918
738930
739021
739027
739041
739044
739048
739087
739144
739148
739161
739184
739187
739206
739221
739228
739235
739237
739262
739268
739301
739312
739323
739369
739387
739408
739456
739457
739460
739495
739559
739570
739575
739582
739596
739616
739622
739671
739682
739741
739747
739768
739773
739779
739813
739814
739824
739864
739911
739932
739983
740006
740027
740033
740045
740053
740085
740132
740132
740154
740163
740185
740205
740217
740251
740278
740287
740349
740370
740393
740396
740407
740416
740451
740454
740470
740488
740515
740519
740521
740525
740540
740556
740587
740593
740607
740616
740619
740620
740623
740623
740640
740652
740677
740684
740686
740687
740716
740717
740785
740792
740816
740825
740854
740885
740918
740958
740958
740962
741001
741010
741021
741053
741108
741113
741130
741170
741221
741241
741325
741346
741355
741355
741370
741378
741382
741382
741384
741407
741409
741414
741485
741530
741536
741547
741552
741592
741598
741616
741626
741681
741693
741792
741858
741891
741957
741970
741993
742013
742060
742081
742098
742114
742114
742123
742137
742170
742179
742221
742242
742251
742273
742280
742285
742291
742314
742365
742387
742405
742412
742429
742475
742497
742523
742535
742545
742564
742578
742653
742675
742694
742729
742773
742837
742862
742867
742867
742886
742916
742922
742947
742951
742960
742994
742994
743046
743058
743109
743134
743140
743153
743174
743196
743210
743213
743229
743240
743263
743286
743325
743326
743354
743399
743424
743474
743480
743532
743575
743577
743591
743598
743616
743706
743707
743716
743749
743772
743802
743848
743950
743974
743987
744079
744098
744101
744114
744118
744118
744119
744152
744194
744214
744225
744231
744310
744350
744376
744407
744415
744455
744456
744476
744484
744496
744504
744516
744525
744527
744531
744613
744622
744629
744634
744640
744643
744644
744652
744725
744829
744841
744870
744878
744931
744963
744974
744981
745016
745027
745042
745075
745076
745094
745116
745139
745148
745155
745167
745195
745199
745215
745244
745262
745265
745271
745282
745284
745287
745293
745353
745379
745424
745425
745425
745426
745427
745460
745479
745485
745499
745608
745620
745626
745662
745716
745719
745720
745732
745738
745768
745770
745793
745803
745808
745847
745879
745924
745943
745978
745987
745995
746028
746057
746065
746070
746076
746080
746097
746101
746176
746216
746248
746262
746263
746277
746290
746366
746411
746413
746423
746425
746428
746431
746464
746468
746472
746484
746539
746539
746541
746548
746556
746611
746624
746632
746641
746643
746647
746662
746665
746676
746686
746688
746688
746690
746692
746699
746705
746706
746719
746731
746838
746863
746870
746875
746975
746985
747035
747039
747041
747116
747155
747192
747206
747209
747222
747262
747268
747302
747335
747351
747370
747426
747430
747494
747494
747502
747505
747557
747585
747606
747609
747621
747636
747646
747659
747668
747687
747689
747722
747745
747772
747791
747798
747821
747856
747867
747905
747913
747926
747945
748022
748049
748055
748116
748117
748124
748129
748143
748144
748176
748205
748226
748240
748245
748249
748252
748267
748274
748276
748277
748284
748288
748288
748294
748295
748302
748398
748404
748474
748476
748480
748496
748518
748626
748633
748639
748714
748716
748717
748722
748722
748734
748750
748774
748797
748801
748807
748808
748843
748859
748889
748893
748903
748946
748983
748987
749016
749056
749058
749067
749074
749077
749090
749094
749108
749113
749152
749166
749166
749170
749197
749201
749213
749224
749229
749234
749235
749267
749304
749327
749327
749359
749427
749430
749432
749486
749540
749564
749571
749573
749608
749628
749667
749676
749690
749694
749768
749803
749817
749818
749828
749867
749868
749902
749906
749925
749965
749977
750062
750098
750105
750121
750140
750155
750160
750167
750201
750205
750228
750254
750255
750261
750295
750296
750297
750298
750358
750428
750435
750443
750514
750566
750603
750605
750616
750620
750686
750705
750715
750730
750734
750738
750761
750766
750771
750785
750848
750887
750910
750936
750941
750973
751003
751024
751068
751124
751132
751143
751143
751159
751167
751184
751185
751197
751211
751230
751237
751277
751283
751298
751332
751383
751390
751393
751404
751458
751466
751513
751539
751565
751609
751615
751618
751644
751648
751659
751723
751733
751740
751743
751763
751773
751774
751776
751781
751785
751839
751846
751862
751886
751888
751894
751913
751925
751953
751998
752015
752110
752130
752135
752156
752178
752180
752217
752218
752236
752264
752294
752303
752312
752346
752352
752366
752397
752407
752410
752445
752528
752531
752536
752538
752546
752550
752559
752572
752573
752579
752596
752597
752616
752632
752635
752653
752669
752671
752718
752765
752794
752805
752806
752822
752853
752906
752935
752982
752988
753034
753080
753088
753146
753165
753184
753188
753262
753275
753333
753334
753334
753350
753353
753403
753427
753465
753493
753501
753517
753518
753522
753532
753545
753553
753565
753573
753595
753612
753612
753629
753679
753685
753707
753711
753725
753726
753731
753732
753748
753785
753796
753819
753838
753842
753845
753851
753878
753880
753893
753905
753925
753954
753981
754049
754063
754100
754149
754203
754227
754235
754240
754254
754260
754274
754301
754358
754428
754500
754560
754603
754616
754642
754653
754657
754711
754736
754764
754807
754837
754850
754851
754883
754892
754929
754944
754948
754978
754989
754995
754999
755008
755017
755057
755071
755076
755130
755160
755168
755174
755175
755179
755187
755212
755234
755252
755259
755302
755313
755332
755337
755343
755366
755379
755401
755430
755468
755529
755557
755584
755627
755631
755639
755662
755687
755690
755752
755754
755771
755791
755814
755822
755871
755901
755920
755939
755941
755946
755955
756001
756003
756014
756069
756091
756104
756142
756143
756145
756198
756204
756233
756236
756270
756309
756319
756323
756361
756368
756376
756383
756415
756516
756524
756562
756596
756687
756694
756726
756743
756746
756793
756832
756833
756837
756859
756865
756876
756883
756891
756934
756980
757024
757029
757076
757091
757109
757121
757123
757130
757146
757154
757170
757190
757200
757230
757241
757244
757310
757311
757312
757321
757377
757417
757433
757457
757486
757497
757541
757563
757571
757582
757589
757591
757628
757639
757664
757672
757677
757716
757729
757732
757740
757804
757932
757935
757944
757951
757983
758018
758045
758060
758083
758118
758132
758151
758153
758156
758180
758189
758202
758213
758226
758273
758302
758304
758311
758324
758324
758329
758343
758383
758383
758398
758402
758404
758437
758440
758445
758451
758466
758477
758486
758493
758552
758554
758564
758618
758622
758641
758649
758694
758695
758713
758770
758790
758860
758906
758916
758920
758956
758988
758997
759031
759035
759046
759048
759060
759066
759100
759123
759171
759174
759177
759215
759252
759271
759293
759334
759340
759341
759352
759363
759381
759391
759399
759404
759432
759441
759457
759528
759538
759567
759591
759594
759640
759658
759664
759759
759815
759831
759899
759912
759919
759941
759943
759944
759956
759970
759977
759996
760057
760068
760096
760113
760114
760122
760142
760143
760151
760211
760222
760237
760252
760260
760324
760373
760388
760392
760407
760416
760443
760483
760485
760487
760509
760521
760540
760558
760600
760624
760674
760681
760700
760770
760778
760805
760833
760868
760886
760944
760992
761001
761005
761013
761047
761072
761074
761151
761153
761179
761217
761254
761277
761307
761311
761340
761346
761365
761368
761397
761426
761428
761437
761445
761470
761492
761575
761598
761640
761666
761688
761701
761770
761807
761824
761827
761839
761847
761871
761877
761882
761893
761928
761933
761974
761974
761987
761991
761995
762033
762049
762054
762061
762101
762102
762154
762172
762175
762184
762190
762218
762227
762239
762256
762262
762276
762277
762278
762313
762326
762335
762355
762356
762374
762384
762385
762394
762405
762409
762447
762458
762489
762503
762504
762506
762536
762577
762590
762614
762683
762683
762686
762687
762706
762718
762776
762794
762808
762835
762859
762874
762881
762897
762917
762951
762954
762972
763001
763016
763021
763023
763062
763074
763075
763091
763152
763197
763227
763243
763246
763246
763287
763310
763353
763354
763354
763368
763374
763375
763425
763482
763498
763514
763553
763576
763603
763607
763609
763650
763653
763658
763668
763680
763707
763716
763723
763821
763821
763822
763837
763871
763873
763879
763881
763903
763910
763918
763921
763932
763938
764002
764027
764034
764071
764074
764087
764113
764115
764157
764169
764187
764192
764233
764246
764260
764296
764312
764380
764381
764382
764425
764457
764469
764477
764478
764519
764578
764593
764602
764604
764608
764642
764659
764662
764702
764715
764722
764730
764736
764742
764787
764793
764803
764805
764826
764842
764879
764880
764898
764903
764968
764993
765015
765075
765082
765086
765115
765170
765170
765238
765242
765257
765301
765303
765327
765349
765361
765371
765405
765433
765491
765493
765498
765512
765534
765535
765540
765562
765598
765600
765640
765659
765665
765838
765866
765867
765898
765916
765931
765960
765976
765992
765999
766014
766055
766096
766108
766109
766117
766125
766146
766166
766174
766228
766256
766259
766261
766269
766273
766284
766294
766369
766409
766424
766432
766457
766461
766478
766513
766529
766608
766616
766629
766655
766798
766814
766818
766831
766885
766890
766902
766904
766908
766916
766918
766921
766993
767012
767020
767043
767061
767062
767070
767076
767089
767101
767111
767118
767122
767123
767124
767137
767146
767164
767170
767196
767197
767204
767212
767276
767295
767316
767373
767384
767393
767410
767475
767482
767483
767510
767544
767548
767563
767569
767589
767620
767644
767646
767672
767761
767763
767796
767806
767820
767867
767887
767890
767896
767931
767964
767985
768007
768032
768038
768066
768070
768073
768097
768172
768183
768283
768293
768303
768321
768336
768341
768353
768355
768361
768365
768375
768383
768389
768410
768430
768447
768452
768462
768469
768489
768492
768502
768515
768517
768536
768536
768544
768563
768572
768591
768614
768638
768641
768665
768689
768697
768717
768730
768758
768788
768791
768822
768824
768830
768856
768872
768885
768885
768895
768983
769038
769059
769059
769069
769070
769087
769094
769101
769135
769136
769142
769144
769162
769174
769266
769270
769277
769302
769331
769353
769376
769380
769407
769412
769450
769490
769521
769562
769569
769581
769607
769662
769672
769684
769702
769720
769738
769739
769788
769795
769815
769833
769894
769904
769913
769956
769965
769985
770001
770050
770060
770092
770116
770118
770124
770133
770159
770168
770196
770214
770223
770232
770237
770251
770265
770278
770294
770333
770355
770366
770414
770434
770450
770485
770561
770618
770656
770662
770670
770698
770725
770813
770828
770842
770863
770875
770883
770899
770963
770973
770981
771003
771004
771037
771057
771075
771090
771127
771135
771139
771184
771187
771196
771215
771218
771257
771262
771284
771285
771292
771305
771306
771320
771346
771379
771400
771415
771492
771493
771519
771524
771529
771556
771556
771585
771613
771624
771628
771644
771719
771735
771740
771744
771767
771773
771776
771799
771811
771838
771840
771846
771862
771886
771921
771947
771971
771978
772024
772031
772050
772054
772063
772065
772101
772161
772169
772192
772204
772228
772230
772249
772257
772280
772354
772458
772468
772476
772519
772545
772564
772609
772639
772643
772670
772673
772679
772771
772781
772811
772852
772876
772888
772898
772910
772929
772972
772972
772994
773009
773013
773014
773034
773051
773091
773109
773207
773232
773281
773293
773314
773331
773353
773391
773401
773401
773429
773438
773452
773486
773542
773553
773562
773610
773615
773630
773644
773678
773721
773725
773735
773749
773757
773827
773862
773871
773893
773898
773946
773967
773970
773983
773990
774039
774047
774102
774154
774172
774173
774185
774227
774267
774280
774317
774318
774330
774331
774356
774364
774379
774403
774409
774411
774428
774441
774450
774475
774483
774486
774493
774497
774523
774538
774544
774592
774611
774655
774682
774699
774750
774817
774820
774830
774838
774869
774914
774918
774951
775013
775028
775030
775032
775043
775104
775114
775132
775136
775150
775161
775199
775207
775227
775233
775237
775238
775250
775252
775260
775266
775283
775328
775342
775357
775404
775467
775507
775531
775533
775548
775569
775591
775613
775653
775659
775675
775701
775712
775714
775732
775743
775759
775786
775790
775797
775811
775829
775840
775846
775851
775864
775961
775989
775995
775999
776017
776039
776040
776045
776071
776083
776097
776114
776119
776135
776153
776162
776248
776269
776294
776311
776315
776318
776380
776403
776420
776431
776433
776480
776481
776500
776513
776533
776547
776558
776599
776620
776623
776643
776693
776722
776749
776751
776831
776844
776897
776956
777005
777008
777036
777052
777085
777095
777123
777124
777149
777166
777168
777183
777211
777302
777314
777340
777364
777372
777385
777390
777415
777421
777467
777496
777522
777536
777554
777556
777603
777605
777612
777616
777636
777673
777689
777698
777699
777701
777750
777772
777782
777793
777862
777885
777889
777903
777904
777919
777938
777990
777991
778048
778078
778082
778085
778089
778089
778129
778191
778201
778203
778210
778213
778240
778259
778287
778317
778321
778322
778324
778341
778347
778353
778381
778425
778439
778456
778475
778508
778510
778511
778524
778549
778551
778560
778597
778599
778623
778664
778680
778693
778699
778726
778745
778750
778782
778809
778813
778817
778822
778836
778840
778848
778902
778908
778915
778964
778967
778988
779016
779037
779081
779101
779110
779118
779127
779135
779156
779160
779185
779212
779216
779275
779281
779287
779297
779303
779325
779328
779354
779364
779370
779390
779404
779414
779418
779483
779486
779496
779509
779512
779512
779531
779606
779708
779737
779754
779765
779799
779802
779840
779841
779849
779855
779878
779904
779924
779972
780019
780087
780090
780124
780124
780173
780187
780191
780192
780199
780201
780224
780234
780247
780248
780277
780290
780318
780338
780348
780350
780357
780359
780375
780388
780397
780405
780411
780450
780470
780471
780514
780526
780528
780529
780536
780549
780626
780641
780651
780654
780667
780679
780723
780796
780830
780838
780867
780891
780894
780907
780916
780921
780924
780925
780932
780969
780973
780987
781026
781027
781049
781069
781069
781073
781100
781106
781129
781143
781178
781187
781227
781236
781285
781287
781313
781322
781328
781359
781371
781409
781423
781426
781439
781449
781492
781527
781541
781545
781551
781577
781590
781635
781657
781667
781670
781682
781718
781726
781733
781743
781746
781768
781774
781779
781813
781821
781825
781833
781851
781872
781888
781891
781899
781925
781961
781978
781981
782000
782012
782018
782027
782049
782060
782080
782087
782105
782136
782139
782145
782155
782191
782205
782209
782240
782242
782266
782297
782309
782311
782420
782425
782426
782447
782454
782468
782506
782511
782544
782556
782577
782590
782599
782608
782611
782638
782639
782645
782649
782650
782683
782703
782755
782768
782784
782824
782849
782858
782901
782903
782982
782987
782988
783000
783001
783001
783002
783009
783009
783092
783109
783128
783132
783168
783175
783221
783254
783262
783313
783322
783334
783355
783373
783375
783396
783415
783416
783431
783492
783495
783495
783520
783544
783545
783546
783579
783588
783597
783611
783633
783639
783652
783671
783715
783739
783742
783746
783753
783756
783763
783785
783827
783842
783842
783867
783912
783928
783932
783992
784030
784036
784061
784061
784065
784076
784082
784088
784103
784126
784126
784254
784296
784310
784351
784368
784382
784442
784453
784461
784467
784486
784489
784493
784519
784533
784554
784555
784564
784565
784592
784613
784644
784652
784695
784713
784802
784810
784811
784839
784860
784902
784904
784940
784952
784965
784985
784992
785005
785014
785018
785032
785036
785049
785064
785097
785103
785107
785133
785137
785158
785159
785227
785238
785264
785314
785317
785354
785370
785389
785399
785414
785451
785479
785492
785512
785513
785526
785532
785544
785633
785641
785646
785678
785679
785693
785735
785749
785760
785841
785913
785972
785982
785995
786009
786020
786031
786034
786056
786073
786078
786131
786157
786170
786174
786190
786200
786213
786215
786220
786243
786247
786250
786275
786282
786330
786358
786368
786384
786387
786393
786421
786434
786444
786493
786513
786524
786551
786553
786558
786638
786649
786705
786711
786735
786752
786761
786789
786836
786866
786878
786896
786910
786919
786921
786932
786971
787030
787044
787052
787067
787079
787098
787101
787117
787151
787158
787160
787197
787232
787374
787380
787382
787394
787508
787518
787538
787548
787581
787581
787596
787605
787607
787609
787690
787698
787711
787723
787770
787815
787847
787880
787882
787886
787901
787910
787932
787959
787975
787992
788016
788048
788090
788114
788133
788143
788148
788167
788167
788207
788217
788252
788254
788275
788292
788296
788318
788318
788320
788418
788450
788456
788463
788483
788512
788547
788555
788588
788670
788675
788734
788738
788755
788775
788776
788784
788792
788793
788796
788804
788850
788863
788883
788919
788946
788953
788965
788989
789014
789027
789032
789070
789101
789103
789123
789171
789213
789214
789233
789246
789248
789258
789269
789283
789285
789299
789305
789310
789324
789345
789374
789431
789485
789540
789582
789623
789640
789692
789727
789732
789763
789765
789779
789848
789876
789885
789913
789915
789939
789948
789952
789999
790003
790013
790043
790045
790062
790100
790126
790151
790162
790196
790196
790203
790203
790254
790278
790289
790301
790305
790313
790330
790342
790349
790361
790377
790411
790413
790511
790514
790514
790522
790527
790567
790574
790587
790600
790615
790631
790639
790648
790664
790693
790695
790740
790770
790831
790837
790845
790871
790887
790888
790917
790940
790948
790948
790950
790994
791027
791043
791051
791075
791102
791119
791134
791138
791162
791217
791222
791230
791234
791246
791269
791400
791405
791420
791430
791459
791491
791497
791511
791533
791538
791586
791586
791594
791600
791615
791672
791719
791720
791724
791746
791768
791853
791869
791888
791904
791905
791911
791966
791977
792008
792010
792015
792028
792038
792049
792109
792121
792131
792135
792158
792159
792163
792166
792170
792184
792185
792205
792225
792237
792244
792277
792281
792309
792314
792344
792356
792377
792379
792399
792402
792407
792462
792464
792487
792515
792541
792552
792587
792601
792626
792645
792649
792650
792665
792667
792681
792685
792702
792702
792731
792735
792763
792768
792783
792796
792824
792832
792836
792856
792865
792871
792905
792935
792989
793005
793010
793011
793036
793053
793059
793079
793095
793110
793136
793186
793207
793215
793237
793238
793241
793258
793269
793285
793291
793297
793324
793331
793366
793441
793519
793523
793554
793558
793673
793691
793700
793709
793758
793778
793821
793828
793904
793910
793912
793937
793943
793966
793968
794103
794107
794129
794131
794156
794190
794210
794274
794284
794288
794291
794299
794301
794315
794321
794333
794362
794457
794471
794484
794485
794517
794542
794559
794573
794629
794649
794651
794672
794678
794755
794767
794786
794844
794851
794859
794859
794866
794879
794908
794936
794948
794956
794967
794967
794968
794991
794992
795038
795041
795070
795075
795099
795131
795140
795173
795212
795228
795269
795273
795285
795308
795335
795337
795342
795345
795367
795377
795381
795413
795421
795427
795457
795463
795497
795501
795509
795511
795511
795538
795541
795543
795569
795587
795593
795599
795615
795654
795665
795693
795706
795763
795767
795772
795778
795802
795815
795830
795851
795885
795899
795913
795919
795938
795944
796003
796023
796040
796050
796053
796054
796073
796103
796116
796135
796145
796173
796187
796226
796228
796234
796249
796285
796312
796315
796341
796357
796370
796379
796407
796420
796423
796433
796442
796451
796478
796484
796495
796560
796568
796576
796579
796593
796615
796640
796642
796685
796718
796723
796762
796768
796771
796779
796788
796827
796830
796868
796875
796902
796980
796981
796986
796989
797019
797035
797040
797045
797056
797062
797079
797094
797095
797150
797193
797203
797215
797225
797256
797273
797327
797331
797353
797415
797419
797449
797478
797484
797499
797551
797575
797584
797595
797612
797612
797680
797694
797700
797736
797747
797775
797821
797841
797857
797867
797914
797919
797923
797947
797949
797963
797987
798026
798028
798028
798035
798037
798070
798086
798110
798212
798249
798278
798289
798294
798295
798332
798338
798350
798363
798367
798394
798397
798402
798417
798417
798419
798430
798440
798502
798504
798505
798508
798523
798528
798551
798552
798565
798591
798610
798612
798614
798648
798653
798662
798689
798707
798707
798735
798751
798788
798858
798912
798925
798944
798964
798965
798977
798982
799000
799016
799054
799058
799060
799088
799129
799142
799162
799245
799274
799334
799348
799352
799353
799420
799424
799425
799440
799481
799515
799537
799539
799540
799542
799553
799563
799585
799589
799623
799624
799639
799641
799646
799648
799659
799661
799667
799722
799722
799822
799903
799927
799936
799944
799957
799976
800030
800077
800081
800136
800147
800150
800152
800152
800153
800161
800192
800232
800302
800319
800354
800374
800383
800383
800403
800421
800422
800427
800428
800431
800459
800481
800491
800500
800520
800536
800543
800555
800576
800611
800613
800615
800635
800651
800664
800674
800679
800692
800781
800786
800815
800823
800842
800871
800902
800902
800911
800923
800926
800967
800990
801014
801037
801049
801082
801111
801112
801138
801148
801164
801187
801195
801205
801218
801220
801248
801257
801339
801339
801387
801437
801456
801468
801499
801513
801520
801520
801524
801526
801529
801548
801558
801591
801593
801603
801613
801615
801630
801651
801697
801710
801734
801786
801788
801790
801838
801847
801875
801876
801879
801901
801929
801948
801949
801951
801990
802021
802022
802024
802066
802067
802081
802085
802086
802123
802128
802146
802177
802183
802187
802197
802202
802214
802246
802311
802322
802350
802351
802381
802389
802395
802473
802482
802486
802489
802513
802533
802546
802553
802575
802647
802674
802701
802790
802820
802836
802873
802891
802932
802933
802950
802969
802974
803017
803019
803023
803038
803056
803090
803107
803118
803127
803187
803192
803204
803207
803211
803214
803240
803256
803268
803279
803323
803355
803390
803392
803431
803445
803449
803477
803479
803520
803549
803582
803584
803649
803655
803718
803720
803733
803741
803783
803786
803807
803819
803821
803823
803844
803878
803881
803908
803928
804044
804065
804073
804076
804091
804093
804095
804112
804166
804201
804241
804285
804319
804322
804327
804335
804337
804354
804386
804400
804401
804408
804409
804411
804476
804512
804530
804538
804569
804574
804601
804617
804681
804687
804687
804702
804709
804722
804742
804756
804765
804783
804791
804825
804830
804880
804891
804914
804915
804923
804940
804945
804967
804973
804992
805002
805010
805029
805041
805097
805131
805200
805236
805249
805255
805318
805374
805382
805383
805400
805417
805426
805447
805469
805486
805523
805571
805577
805580
805601
805614
805622
805635
805637
805656
805659
805666
805684
805734
805745
805753
805764
805785
805816
805845
805862
805863
805904
805916
805925
805938
805956
805965
805973
806031
806053
806085
806116
806117
806125
806161
806185
806190
806195
806199
806201
806219
806255
806259
806262
806265
806273
806304
806343
806346
806346
806366
806381
806391
806416
806416
806428
806434
806486
806531
806589
806627
806628
806682
806693
806701
806717
806738
806748
806754
806763
806764
806769
806788
806844
806846
806847
806885
806911
806918
806949
806956
806962
806980
806993
807018
807026
807065
807096
807100
807126
807128
807139
807149
807170
807208
807270
807303
807364
807380
807390
807425
807449
807477
807479
807522
807548
807566
807578
807616
807642
807647
807666
807728
807746
807764
807799
807800
807808
807827
807839
807865
807893
807908
808020
808033
808044
808097
808119
808216
808222
808241
808282
808282
808331
808332
808335
808379
808382
808392
808407
808408
808413
808417
808424
808430
808502
808515
808568
808586
808594
808617
808632
808671
808680
808682
808692
808746
808751
808755
808812
808815
808827
808830
808863
808866
808875
808886
808887
808904
808936
808947
808956
808967
809045
809077
809082
809082
809089
809092
809127
809154
809156
809160
809170
809202
809242
809341
809388
809402
809402
809437
809454
809459
809498
809542
809555
809563
809570
809580
809624
809664
809688
809698
809749
809756
809782
809805
809816
809843
809857
809888
809917
809952
809968
809995
810008
810008
810020
810025
810062
810068
810081
810099
810122
810142
810152
810188
810201
810234
810265
810270
810270
810288
810288
810315
810360
810403
810419
810432
810491
810494
810537
810550
810570
810581
810595
810597
810620
810651
810678
810693
810748
810772
810797
810804
810839
810848
810880
810907
810916
810951
810967
810975
810997
810997
811044
811053
811078
811095
811117
811129
811157
811169
811184
811187
811192
811197
811203
811215
811251
811318
811389
811406
811444
811496
811498
811502
811515
811528
811555
811565
811583
811590
811616
811639
811661
811681
811717
811730
811741
811756
811782
811810
811812
811859
811871
811899
811901
811920
811935
811949
811986
811988
811994
812001
812033
812051
812111
812116
812149
812170
812182
812189
812204
812224
812272
812302
812306
812330
812346
812351
812353
812355
812390
812392
812433
812480
812500
812511
812529
812539
812563
812613
812679
812708
812730
812737
812744
812756
812775
812812
812814
812844
812866
812873
812905
812926
812993
813023
813023
813059
813071
813155
813186
813194
813235
813249
813268
813324
813332
813355
813360
813372
813379
813394
813401
813481
813496
813503
813503
813531
813550
813567
813636
813637
813664
813682
813696
813721
813739
813754
813758
813762
813795
813796
813834
813851
813877
813882
813883
813893
813940
814014
814077
814120
814121
814133
814137
814177
814187
814194
814218
814220
814227
814291
814295
814350
814370
814401
814460
814466
814497
814508
814508
814520
814536
814550
814573
814593
814598
814638
814656
814659
814680
814772
814829
814840
814845
814979
815013
815024
815058
815075
815081
815091
815162
815171
815191
815197
815209
815240
815246
815262
815289
815291
815317
815329
815345
815356
815359
815360
815368
815369
815378
815394
815404
815421
815447
815450
815459
815461
815472
815477
815497
815602
815618
815633
815650
815652
815653
815703
815724
815735
815743
815764
815765
815792
815812
815814
815827
815830
815837
815858
815879
815938
815944
816002
816023
816054
816099
816134
816154
816162
816165
816238
816249
816249
816268
816273
816307
816307
816351
816353
816411
816438
816448
816588
816594
816597
816634
816646
816789
816806
816822
816837
816854
816869
816877
816886
816914
816938
816939
816967
817029
817065
817096
817105
817117
817173
817201
817203
817232
817257
817296
817314
817347
817370
817379
817423
817440
817450
817540
817574
817588
817593
817605
817606
817621
817646
817680
817688
817689
817709
817738
817763
817766
817876
817881
817882
817955
817977
818004
818027
818074
818113
818125
818129
818147
818192
818217
818217
818232
818235
818254
818293
818296
818307
818312
818320
818324
818362
818371
818379
818387
818391
818391
818401
818409
818434
818448
818460
818469
818486
818490
818516
818525
818542
818579
818588
818608
818620
818627
818646
818686
818710
818766
818770
818776
818807
818809
818830
818853
818856
818866
818871
818875
818962
818973
818978
818994
819020
819076
819121
819128
819168
819198
819200
819209
819266
819273
819275
819306
819346
819389
819403
819456
819521
819567
819576
819602
819614
819681
819683
819696
819708
819722
819731
819733
819769
819771
819820
819892
819945
819957
819978
819980
819980
819992
820011
820018
820037
820042
820080
820128
820203
820220
820229
820248
820357
820364
820387
820425
820428
820430
820479
820511
820535
820544
820590
820599
820686
820703
820718
820765
820769
820785
820803
820838
820862
820873
820883
820906
820915
820928
820955
820970
820994
821004
821057
821062
821075
821090
821125
821158
821194
821198
821212
821217
821228
821242
821294
821297
821305
821329
821339
821355
821367
821367
821404
821419
821444
821448
821510
821515
821540
821552
821555
821558
821572
821579
821619
821619
821640
821645
821682
821709
821721
821760
821795
821828
821857
821905
821907
821910
821981
821999
822001
822030
822064
822070
822099
822150
822152
822162
822210
822265
822273
822275
822278
822290
822348
822368
822373
822383
822387
822388
822426
822430
822463
822496
822506
822530
822554
822557
822558
822565
822576
822587
822593
822609
822665
822684
822687
822691
822698
822700
822712
822767
822768
822780
822787
822798
822803
822809
822851
822868
822869
822874
822885
822963
822992
823003
823009
823010
823023
823035
823037
823046
823084
823118
823126
823141
823147
823154
823178
823223
823245
823254
823260
823267
823291
823302
823320
823335
823347
823415
823432
823474
823511
823546
823563
823577
823595
823611
823612
823616
823653
823661
823735
823746
823750
823762
823763
823768
823809
823809
823818
823863
823866
823937
823947
823968
823981
824009
824028
824035
824044
824048
824050
824057
824072
824149
824157
824163
824170
824222
824271
824306
824311
824327
824339
824395
824403
824411
824428
824433
824448
824452
824465
824477
824553
824571
824613
824654
824657
824693
824713
824723
824782
824802
824805
824810
824811
824835
824841
824848
824849
824874
824878
824881
824924
824952
824968
824991
825037
825061
825082
825103
825107
825108
825114
825126
825150
825183
825183
825240
825249
825249
825257
825260
825291
825292
825348
825362
825367
825385
825403
825438
825462
825471
825491
825492
825525
825535
825605
825618
825638
825641
825652
825659
825662
825679
825680
825717
825718
825722
825737
825756
825771
825791
825804
825819
825846
825866
825867
825926
825938
825972
825973
825979
825992
826005
826012
826032
826060
826077
826111
826115
826119
826159
826188
826197
826215
826217
826237
826251
826269
826272
826275
826282
826295
826313
826313
826319
826335
826376
826380
826408
826467
826469
826479
826491
826518
826531
826576
826579
826583
826586
826615
826629
826649
826756
826757
826778
826801
826810
826823
826846
826858
826860
826908
826932
826953
827005
827022
827027
827031
827035
827040
827115
827139
827155
827169
827179
827179
827215
827242
827267
827302
827337
827344
827347
827355
827371
827384
827405
827405
827450
827476
827607
827632
827633
827650
827674
827683
827690
827801
827830
827846
827869
827892
827936
827964
827983
827986
828020
828027
828031
828043
828047
828062
828082
828106
828115
828127
828136
828140
828141
828148
828175
828175
828203
828204
828233
828262
828273
828274
828287
828341
828401
828402
828488
828494
828499
828537
828540
828562
828599
828605
828609
828616
828618
828658
828747
828752
828768
828783
828797
828812
828816
828829
828833
828839
828871
828876
828882
828893
828899
828927
828935
828953
828962
828989
829018
829053
829072
829080
829134
829218
829226
829248
829250
829256
829260
829263
829270
829283
829292
829317
829319
829342
829354
829355
829408
829429
829432
829498
829555
829641
829675
829677
829682
829691
829728
829735
829741
829776
829777
829786
829827
829841
829879
829898
829973
829980
829981
830015
830030
830068
830071
830096
830123
830124
830150
830155
830183
830204
830229
830230
830233
830242
830243
830261
830275
830295
830343
830345
830367
830419
830426
830437
830476
830504
830521
830524
830549
830559
830644
830644
830651
830660
830673
830684
830689
830703
830713
830767
830785
830799
830809
830815
830835
830844
830859
830860
830894
830903
830918
830931
830991
830997
831075
831105
831105
831129
831162
831198
831199
831217
831229
831248
831267
831306
831315
831356
831365
831368
831393
831405
831443
831448
831472
831489
831507
831529
831532
831561
831600
831641
831732
831736
831767
831775
831793
831807
831810
831828
831828
831851
831859
831893
831899
831964
831978
832013
832042
832102
832116
832142
832148
832163
832208
832215
832216
832254
832257
832269
832328
832335
832347
832380
832383
832388
832389
832390
832403
832475
832536
832601
832621
832633
832657
832662
832702
832716
832735
832764
832844
832852
832896
832910
832926
832931
832949
832961
832980
832988
832993
833039
833043
833049
833056
833069
833076
833084
833115
833131
833153
833160
833180
833181
833197
833201
833225
833247
833268
833269
833301
833335
833348
833434
833440
833440
833458
833462
833480
833487
833490
833502
833538
833590
833610
833653
833675
833691
833697
833698
833699
833733
833779
833805
833810
833818
833844
833876
833882
833883
833897
833899
833903
833910
833915
833935
833940
833945
833948
833966
833967
834017
834021
834034
834034
834036
834063
834075
834118
834141
834143
834147
834149
834170
834184
834200
834217
834221
834228
834273
834273
834279
834300
834327
834346
834353
834421
834439
834445
834461
834512
834524
834545
834552
834581
834589
834597
834628
834649
834665
834697
834727
834871
834872
834874
834879
834887
834895
834955
834966
835053
835084
835103
835106
835107
835130
835205
835215
835244
835252
835323
835331
835403
835408
835444
835496
835497
835502
835509
835512
835518
835521
835564
835597
835611
835622
835638
835654
835711
835763
835782
835803
835831
835839
835903
835969
835978
835984
836044
836049
836081
836120
836171
836173
836186
836201
836208
836208
836223
836226
836249
836254
836309
836314
836323
836337
836343
836379
836411
836416
836427
836428
836435
836448
836468
836484
836493
836503
836537
836538
836545
836550
836587
836600
836606
836657
836705
836735
836745
836813
836817
836830
836855
836858
836869
836900
836911
836977
836997
836998
837034
837039
837051
837132
837140
837143
837154
837175
837201
837203
837249
837309
837336
837369
837374
837413
837438
837455
837459
837487
837499
837500
837506
837512
837532
837554
837563
837569
837572
837661
837697
837701
837711
837713
837724
837734
837739
837745
837766
837777
837777
837790
837799
837841
837843
837880
837882
837889
837915
837925
837981
837990
838021
838033
838033
838068
838097
838133
838134
838137
838143
838166
838175
838193
838197
838223
838232
838256
838263
838268
838269
838279
838297
838316
838342
838353
838356
838401
838402
838448
838452
838461
838539
838540
838554
838588
838590
838599
838620
838657
838673
838712
838712
838713
838736
838738
838739
838746
838817
838829
838845
838848
838878
838881
838896
838917
838920
838929
838947
838949
838981
839001
839023
839028
839094
839122
839125
839139
839140
839142
839173
839183
839201
839227
839249
839315
839318
839345
839361
839439
839470
839484
839485
839507
839533
839601
839655
839694
839698
839784
839823
839864
839878
839943
839950
839955
839978
840066
840067
840091
840102
840125
840152
840174
840203
840236
840270
840275
840302
840308
840313
840325
840334
840386
840397
840405
840423
840431
840443
840450
840472
840504
840531
840559
840560
840563
840599
840628
840632
840632
840651
840653
840679
840683
840703
840752
840765
840780
840804
840804
840822
840831
840866
840867
840871
840878
840888
840900
840905
840925
840939
840945
840945
840957
840963
841014
841052
841057
841061
841064
841138
841157
841163
841187
841193
841194
841240
841269
841296
841301
841328
841329
841350
841382
841421
841424
841436
841437
841482
841520
841543
841546
841634
841664
841673
841733
841780
841794
841810
841822
841845
841855
841886
841950
841960
841985
841998
842047
842090
842100
842180
842198
842201
842292
842315
842333
842349
842350
842377
842381
842384
842393
842412
842413
842446
842463
842517
842525
842530
842539
842563
842564
842568
842656
842661
842678
842685
842695
842701
842732
842737
842740
842747
842766
842768
842771
842788
842794
842807
842809
842812
842838
842852
842931
842934
842938
842966
843056
843111
843112
843201
843231
843252
843277
843294
843357
843399
843443
843458
843461
843474
843521
843537
843579
843583
843595
843598
843605
843656
843741
843748
843761
843778
843794
843804
843812
843812
843817
843854
843880
843897
843904
843913
843930
843947
843949
843973
843974
843998
844072
844107
844121
844140
844141
844153
844168
844210
844220
844260
844291
844292
844328
844328
844390
844392
844407
844428
844454
844474
844487
844501
844507
844528
844529
844571
844586
844590
844605
844628
844644
844654
844693
844771
844840
844881
844893
844896
844899
844904
844936
845014
845030
845036
845071
845076
845080
845101
845123
845170
845203
845203
845218
845237
845238
845251
845263
845298
845303
845325
845341
845382
845383
845428
845445
845449
845455
845479
845483
845492
845495
845538
845579
845608
845661
845688
845691
845726
845732
845794
845826
845828
845836
845855
845883
845885
845888
845897
845903
845906
845950
845954
845965
846117
846136
846148
846155
846157
846165
846180
846194
846226
846236
846277
846285
846290
846295
846331
846358
846399
846423
846438
846581
846619
846633
846659
846700
846745
846778
846835
846871
846890
846911
846948
846969
846977
847000
847004
847074
847096
847143
847154
847215
847242
847251
847268
847270
847274
847287
847324
847326
847356
847377
847390
847422
847427
847428
847464
847467
847519
847549
847573
847575
847575
847581
847595
847604
847612
847627
847644
847666
847726
847737
847765
847768
847782
847847
847870
847895
847895
847944
847980
847983
848010
848017
848047
848051
848056
848066
848078
848083
848106
848129
848155
848200
848208
848208
848259
848276
848284
848305
848328
848328
848375
848385
848405
848426
848429
848479
848484
848494
848508
848515
848527
848566
848577
848578
848579
848602
848658
848699
848750
848761
848764
848786
848787
848818
848892
848892
848919
848928
848941
848952
848991
848992
848996
849011
849019
849032
849035
849048
849057
849086
849135
849140
849146
849187
849192
849238
849271
849272
849274
849303
849315
849333
849384
849405
849414
849451
849480
849510
849527
849531
849537
849554
849565
849567
849575
849595
849610
849632
849665
849694
849694
849717
849725
849731
849740
849765
849769
849786
849830
849835
849846
849870
849886
849893
849915
849931
849963
849983
849984
850000
850003
850023
850026
850027
850048
850057
850066
850067
850111
850133
850151
850166
850191
850210
850217
850229
850251
850267
850296
850315
850319
850330
850376
850444
850448
850476
850506
850507
850518
850531
850559
850579
850596
850640
850657
850709
850711
850717
850719
850726
850727
850752
850781
850797
850818
850824
850856
850856
850876
850880
850885
850901
850913
850917
850919
850950
850956
850966
850971
850981
851011
851013
851021
851073
851101
851102
851105
851134
851191
851249
851250
851289
851327
851370
851394
851426
851435
851453
851457
851482
851492
851529
851538
851558
851584
851604
851658
851685
851703
851712
851718
851743
851761
851788
851811
851819
851831
851837
851843
851844
851846
851852
851855
851868
851955
851965
851975
851978
851986
852006
852035
852042
852050
852050
852059
852077
852089
852095
852110
852161
852213
852226
852246
852247
852282
852289
852300
852306
852312
852315
852322
852328
852358
852369
852386
852395
852404
852410
852427
852444
852481
852483
852502
852518
852526
852552
852554
852582
852628
852682
852724
852727
852729
852731
852743
852756
852787
852788
852793
852815
852823
852850
852865
852885
852905
852916
852943
852960
853022
853028
853042
853078
853079
853091
853176
853176
853194
853199
853203
853265
853301
853309
853338
853362
853364
853380
853392
853397
853398
853405
853425
853427
853456
853496
853501
853516
853530
853591
853622
853626
853649
853673
853730
853751
853766
853783
853822
853828
853854
853860
853862
853878
853880
853888
853908
854008
854015
854045
854065
854078
854097
854130
854140
854148
854154
854171
854180
854183
854203
854211
854223
854228
854240
854246
854260
854264
854374
854392
854398
854427
854447
854451
854455
854491
854570
854611
854639
854639
854644
854663
854664
854672
854699
854706
854738
854786
854801
854802
854865
854879
854890
854915
854917
854982
854987
855015
855034
855036
855046
855054
855056
855071
855143
855156
855156
855184
855193
855195
855212
855234
855257
855267
855270
855292
855306
855307
855322
855340
855358
855364
855385
855385
855402
855469
855489
855535
855546
855561
855594
855617
855660
855683
855685
855686
855700
855707
855718
855735
855761
855762
855802
855825
855830
855850
855854
855880
855899
855909
855916
855920
855973
856009
856020
856059
856080
856093
856104
856117
856150
856179
856210
856242
856247
856265
856276
856293
856309
856346
856377
856378
856402
856415
856429
856490
856498
856499
856517
856526
856526
856535
856555
856555
856598
856657
856658
856731
856738
856769
856786
856804
856821
856845
856882
856903
856930
856975
856991
857005
857016
857024
857027
857035
857059
857068
857075
857094
857099
857104
857130
857137
857141
857151
857159
857169
857176
857190
857206
857229
857239
857265
857312
857319
857335
857336
857364
857426
857450
857460
857497
857537
857585
857605
857615
857616
857641
857653
857660
857666
857669
857676
857686
857696
857716
857718
857806
857834
857871
857875
857889
857890
857902
858008
858019
858076
858088
858100
858142
858155
858165
858229
858239
858304
858315
858317
858351
858388
858405
858444
858445
858458
858476
858484
858486
858497
858509
858527
858531
858603
858619
858623
858628
858646
858670
858691
858707
858750
858758
858800
858802
858808
858812
858837
858851
858851
858875
858973
859013
859028
859041
859046
859051
859062
859069
859072
859087
859120
859150
859178
859182
859198
859198
859219
859239
859296
859311
859341
859379
859406
859432
859446
859582
859586
859591
859607
859615
859619
859639
859643
859653
859661
859669
859683
859745
859751
859757
859757
859796
859808
859812
859847
859874
859884
859906
859970
859978
860029
860073
860109
860184
860187
860250
860253
860259
860290
860295
860296
860334
860361
860365
860366
860376
860396
860447
860454
860455
860478
860525
860585
860665
860675
860677
860680
860681
860691
860712
860717
860726
860728
860737
860786
860808
860834
860834
860853
860960
861018
861097
861110
861173
861186
861198
861207
861208
861213
861226
861231
861273
861319
861327
861331
861340
861359
861376
861394
861400
861406
861412
861431
861453
861482
861544
861557
861570
861578
861581
861582
861591
861626
861646
861655
861671
861673
861678
861685
861784
861809
861813
861828
861839
861843
861890
861902
861910
861928
861931
861938
861939
861955
861992
861993
862026
862028
862057
862075
862126
862129
862129
862130
862133
862158
862185
862200
862227
862233
862252
862262
862278
862293
862311
862323
862334
862337
862346
862351
862363
862399
862426
862473
862519
862520
862572
862635
862654
862661
862679
862704
862727
862825
862843
862848
862862
862889
862906
862917
862936
862938
862941
862943
862971
862980
862983
863044
863056
863059
863077
863078
863111
863124
863153
863172
863200
863205
863254
863256
863266
863293
863305
863315
863329
863337
863341
863377
863388
863391
863403
863430
863480
863489
863497
863499
863520
863526
863532
863537
863539
863539
863550
863564
863570
863582
863592
863638
863680
863703
863739
863739
863744
863778
863799
863803
863875
863878
863885
863916
863921
863957
863962
863983
863994
864048
864065
864069
864152
864158
864197
864207
864217
864223
864228
864276
864287
864291
864304
864351
864353
864354
864368
864375
864382
864394
864401
864410
864428
864435
864440
864455
864511
864512
864556
864574
864601
864630
864633
864661
864665
864668
864672
864677
864679
864696
864711
864716
864727
864736
864741
864745
864757
864762
864764
864776
864780
864786
864787
864789
864797
864811
864842
864853
864905
864916
864932
864969
864975
864978
864993
865050
865055
865059
865066
865114
865120
865125
865168
865231
865236
865249
865320
865324
865350
865365
865375
865411
865453
865524
865539
865558
865567
865641
865679
865694
865704
865708
865717
865729
865754
865762
865825
865836
865839
865872
865873
865883
865903
865908
865976
865980
865982
865992
865999
866027
866042
866047
866060
866063
866090
866093
866101
866249
866255
866255
866264
866285
866300
866314
866373
866388
866407
866407
866412
866443
866456
866456
866480
866508
866522
866531
866556
866570
866629
866659
866691
866707
866764
866772
866780
866801
866827
866851
866866
866890
866914
866915
866940
866987
866996
867003
867053
867085
867087
867099
867104
867119
867121
867158
867239
867246
867260
867268
867284
867301
867376
867454
867481
867490
867492
867495
867497
867504
867506
867512
867512
867513
867545
867546
867552
867587
867655
867667
867691
867692
867711
867766
867813
867836
867838
867851
867856
867917
867947
867965
868033
868041
868068
868073
868091
868100
868106
868128
868160
868213
868226
868248
868268
868275
868301
868344
868344
868346
868360
868370
868371
868461
868469
868499
868536
868589
868596
868598
868625
868631
868659
868688
868691
868702
868706
868737
868741
868755
868756
868756
868774
868821
868862
868873
868891
868925
868929
868930
868940
868950
868968
868991
869019
869021
869039
869066
869088
869093
869095
869155
869173
869224
869238
869267
869313
869339
869375
869375
869390
869420
869447
869461
869470
869470
869476
869486
869527
869536
869542
869548
869564
869579
869644
869667
869685
869790
869803
869805
869834
869882
869885
869926
869942
869955
869963
869973
870005
870026
870032
870038
870057
870102
870111
870127
870131
870167
870188
870188
870251
870255
870263
870280
870326
870333
870352
870356
870387
870402
870409
870411
870439
870451
870469
870471
870496
870508
870512
870551
870641
870658
870671
870708
870724
870732
870733
870766
870811
870832
870891
870899
870934
870951
870956
870957
870963
871002
871005
871011
871026
871054
871054
871077
871084
871102
871128
871235
871261
871274
871284
871293
871329
871331
871353
871460
871473
871488
871504
871506
871555
871558
871563
871577
871592
871598
871652
871688
871691
871714
871723
871746
871750
871771
871771
871780
871801
871831
871832
871873
871891
871902
871906
871921
871936
871959
871959
871974
871985
871986
871999
872002
872006
872096
872102
872144
872153
872167
872173
872202
872219
872261
872286
872290
872359
872364
872381
872381
872399
872423
872465
872474
872527
872555
872565
872607
872608
872609
872612
872643
872675
872691
872692
872694
872694
872696
872706
872730
872757
872764
872771
872781
872851
872884
872918
872935
872951
872955
872974
873020
873035
873037
873064
873065
873073
873126
873133
873139
873145
873196
873198
873200
873237
873259
873270
873275
873298
873304
873324
873325
873355
873365
873369
873394
873415
873428
873458
873496
873502
873507
873532
873535
873554
873557
873570
873572
873576
873581
873588
873606
873627
873648
873673
873723
873729
873745
873749
873754
873760
873763
873811
873823
873830
873848
873872
873891
873953
874056
874072
874100
874126
874131
874162
874183
874217
874228
874233
874255
874260
874261
874266
874294
874325
874342
874354
874365
874376
874436
874451
874453
874456
874477
874498
874569
874589
874640
874657
874658
874710
874713
874775
874792
874794
874842
874893
874897
874903
874946
874984
874999
874999
875015
875024
875050
875072
875108
875109
875128
875145
875158
875211
875213
875227
875246
875262
875281
875289
875293
875304
875325
875327
875330
875343
875385
875386
875388
875399
875460
875468
875519
875535
875562
875581
875616
875620
875667
875685
875709
875718
875725
875760
875762
875828
875896
875918
875938
875941
875963
875967
875990
876057
876067
876103
876110
876122
876131
876139
876187
876196
876217
876221
876232
876246
876287
876342
876371
876376
876444
876449
876488
876497
876535
876573
876621
876628
876641
876650
876660
876663
876675
876703
876711
876759
876761
876766
876784
876818
876836
876859
876920
876923
877035
877055
877084
877090
877118
877179
877200
877206
877220
877240
877240
877241
877242
877260
877271
877281
877301
877328
877332
877358
877375
877388
877447
877451
877465
877467
877504
877519
877523
877528
877536
877537
877542
877588
877607
877678
877682
877725
877727
877728
877752
877756
877764
877786
877790
877793
877794
877857
877886
877914
877921
877969
877971
878003
878007
878008
878022
878045
878060
878090
878098
878109
878122
878165
878194
878223
878246
878248
878285
878300
878311
878318
878368
878391
878410
878437
878437
878554
878569
878586
878590
878595
878603
878637
878662
878681
878714
878714
878720
878728
878738
878787
878793
878801
878805
878812
878812
878816
878853
878857
878870
878886
878920
878953
878982
878991
879019
879028
879066
879074
879105
879111
879147
879147
879209
879239
879239
879264
879269
879294
879298
879348
879349
879358
879367
879394
879404
879406
879428
879441
879445
879450
879490
879507
879524
879530
879539
879559
879570
879575
879584
879587
879593
879605
879625
879669
879670
879701
879721
879733
879734
879736
879745
879745
879756
879788
879802
879803
879806
879814
879833
879838
879901
879915
879942
879993
879996
880019
880026
880030
880043
880123
880156
880161
880205
880207
880220
880233
880249
880250
880276
880287
880292
880311
880311
880323
880324
880346
880372
880404
880410
880414
880419
880432
880470
880481
880491
880530
880561
880594
880597
880603
880617
880619
880651
880699
880717
880723
880744
880774
880785
880787
880834
880896
880914
880937
880954
880958
880961
880971
880975
881002
881025
881040
881051
881056
881064
881067
881101
881110
881169
881173
881187
881218
881219
881224
881239
881268
881287
881335
881396
881402
881403
881404
881419
881446
881450
881453
881454
881456
881462
881467
881473
881490
881499
881547
881548
881562
881566
881576
881600
881611
881617
881624
881625
881633
881636
881643
881682
881692
881714
881718
881782
881816
881817
881828
881829
881843
881846
881872
881873
881874
881878
881909
881983
881983
881984
881994
882004
882011
882026
882037
882038
882048
882088
882113
882134
882162
882163
882167
882221
882238
882242
882244
882282
882317
882390
882403
882420
882422
882441
882471
882510
882554
882556
882558
882566
882610
882626
882634
882673
882758
882777
882829
882857
882862
882864
882872
882887
882956
882967
883002
883044
883080
883081
883143
883157
883194
883206
883209
883225
883229
883230
883236
883258
883289
883297
883314
883322
883341
883342
883361
883373
883375
883399
883425
883493
883509
883513
883521
883523
883529
883531
883543
883559
883591
883611
883633
883641
883658
883700
883748
883766
883779
883797
883799
883808
883812
883814
883835
883837
883851
883871
883887
883895
883927
883943
883943
884015
884029
884116
884127
884128
884145
884152
884162
884180
884180
884194
884204
884209
884222
884266
884278
884292
884298
884305
884309
884313
884323
884378
884392
884393
884403
884417
884421
884426
884438
884450
884475
884557
884572
884612
884615
884630
884636
884640
884641
884653
884670
884677
884688
884697
884743
884743
884771
884776
884798
884852
884857
884915
884924
884962
885012
885035
885076
885078
885079
885080
885083
885088
885094
885112
885131
885184
885198
885206
885275
885284
885304
885319
885350
885359
885372
885377
885390
885393
885443
885445
885474
885498
885513
885521
885527
885604
885700
885701
885709
885712
885733
885734
885741
885758
885796
885858
885876
885900
885913
885931
886003
886005
886014
886023
886044
886052
886062
886063
886086
886101
886114
886123
886173
886186
886204
886213
886234
886249
886249
886256
886279
886314
886336
886363
886366
886383
886391
886394
886426
886448
886526
886570
886596
886645
886657
886708
886726
886746
886766
886780
886830
886844
886872
886879
886883
886898
886920
886928
886951
886978
887018
887029
887087
887104
887138
887148
887172
887173
887182
887205
887233
887271
887280
887284
887297
887309
887310
887312
887344
887351
887410
887435
887464
887469
887488
887552
887582
887614
887617
887621
887622
887626
887639
887702
887709
887709
887779
887786
887790
887824
887825
887860
887876
887892
887901
887903
887931
887983
887988
888000
888036
888037
888067
888078
888091
888108
888128
888150
888151
888185
888195
888210
888235
888239
888248
888253
888262
888290
888315
888378
888428
888430
888436
888448
888457
888484
888521
888587
888599
888610
888618
888646
888667
888689
888692
888723
888741
888761
888764
888771
888771
888771
888776
888848
888860
888867
888912
888923
888940
888962
888969
888987
889021
889022
889101
889103
889109
889109
889120
889122
889122
889125
889138
889146
889151
889175
889181
889182
889189
889193
889196
889254
889272
889289
889314
889316
889320
889322
889340
889343
889356
889358
889406
889408
889410
889439
889462
889467
889468
889483
889490
889494
889511
889518
889519
889522
889534
889552
889585
889590
889593
889639
889641
889661
889670
889672
889703
889710
889725
889791
889793
889798
889822
889834
889857
889858
889863
889870
889896
889898
889941
889973
890028
890059
890070
890070
890100
890103
890127
890133
890138
890151
890162
890229
890248
890277
890294
890302
890314
890316
890329
890386
890397
890401
890417
890420
890466
890487
890488
890496
890502
890554
890565
890664
890679
890704
890704
890708
890737
890786
890787
890788
890802
890821
890822
890833
890838
890842
890861
890869
890880
890881
890884
890888
890889
890891
890892
890912
890917
890931
890932
890975
890982
890997
891012
891034
891092
891120
891125
891140
891190
891225
891230
891243
891261
891281
891285
891332
891362
891377
891404
891422
891434
891447
891494
891499
891512
891578
891594
891625
891626
891634
891663
891671
891682
891699
891702
891721
891741
891746
891809
891823
891829
891874
891877
891883
891888
891896
891901
891930
891952
891959
891987
892001
892008
892042
892045
892053
892065
892067
892075
892120
892132
892143
892165
892166
892166
892179
892194
892216
892257
892320
892360
892367
892400
892417
892450
892481
892490
892506
892515
892550
892578
892597
892602
892715
892726
892771
892789
892837
892844
892914
892950
892955
892991
892998
893006
893008
893032
893039
893066
893110
893137
893157
893174
893181
893185
893238
893255
893258
893268
893280
893284
893328
893341
893376
893383
893435
893466
893476
893480
893490
893545
893561
893610
893646
893651
893786
893809
893874
893941
893987
894011
894017
894017
894018
894038
894076
894076
894079
894091
894181
894214
894214
894216
894251
894260
894278
894284
894288
894295
894315
894329
894331
894344
894349
894351
894371
894384
894389
894397
894462
894468
894469
894489
894514
894554
894594
894619
894691
894727
894747
894777
894783
894786
894793
894801
894804
894819
894838
894879
894883
894892
894892
894922
894930
894950
894961
895007
895012
895026
895037
895041
895051
895065
895174
895218
895224
895228
895241
895249
895267
895285
895327
895351
895353
895361
895363
895364
895385
895407
895413
895499
895553
895558
895577
895629
895632
895648
895650
895663
895677
895711
895780
895784
895808
895819
895838
895861
895903
895912
895916
895937
895950
895960
895962
895980
895988
895994
896003
896061
896095
896098
896139
896154
896178
896188
896231
896257
896348
896366
896378
896382
896392
896400
896405
896415
896416
896482
896485
896498
896503
896523
896527
896550
896585
896590
896617
896670
896674
896689
896709
896733
896737
896759
896804
896806
896819
896826
896894
896906
896936
896943
897005
897046
897066
897072
897087
897092
897099
897114
897164
897167
897202
897217
897240
897304
897306
897345
897346
897349
897373
897419
897430
897444
897452
897461
897485
897495
897499
897514
897532
897543
897544
897551
897555
897565
897570
897619
897647
897665
897699
897744
897775
897783
897790
897798
897808
897829
897866
897889
897918
897938
897942
897950
897967
897976
897998
898010
898014
898058
898075
898086
898099
898107
898158
898192
898196
898197
898206
898241
898246
898248
898258
898261
898279
898280
898296
898335
898335
898347
898411
898441
898453
898493
898519
898599
898607
898613
898623
898637
898659
898667
898670
898676
898689
898691
898722
898769
898794
898835
898857
898874
898889
898892
898899
898900
898909
898921
898950
898979
899035
899038
899127
899201
899203
899208
899208
899226
899229
899229
899240
899307
899313
899350
899354
899375
899387
899393
899395
899402
899403
899405
899409
899436
899446
899447
899466
899483
899515
899591
899593
899602
899632
899635
899689
899716
899733
899750
899790
899819
899837
899850
899908
899914
899945
900022
900044
900058
900065
900077
900119
900185
900190
900202
900223
900230
900247
900281
900292
900347
900372
900379
900383
900392
900395
900431
900484
900517
900525
900544
900545
900550
900554
900571
900593
900618
900625
900629
900634
900639
900652
900654
900668
900675
900690
900701
900708
900735
900744
900760
900766
900793
900824
900833
900846
900855
900873
900911
900982
901005
901042
901044
901058
901074
901075
901088
901102
901118
901122
901135
901153
901161
901182
901199
901223
901285
901309
901327
901334
901339
901343
901395
901397
901445
901450
901453
901521
901529
901533
901574
901610
901619
901631
901645
901663
901715
901730
901738
901743
901790
901826
901832
901864
901885
901902
901903
901909
901919
901926
901928
901938
901943
901945
901946
901983
901995
902037
902055
902061
902065
902072
902080
902096
902099
902131
902161
902169
902178
902214
902304
902318
902329
902340
902359
902363
902370
902377
902378
902401
902416
902421
902455
902463
902476
902513
902549
902587
902608
902629
902631
902655
902673
902674
902679
902688
902738
902762
902813
902826
902872
902890
902915
902935
902959
902959
902967
902971
902979
902992
903036
903045
903074
903076
903079
903079
903081
903161
903185
903212
903219
903220
903244
903302
903363
903374
903380
903383
903395
903405
903415
903440
903452
903477
903483
903504
903507
903514
903515
903576
903592
903633
903743
903760
903801
903805
903806
903826
903898
903903
903922
903966
903970
903986
904014
904024
904039
904055
904071
904080
904085
904134
904139
904183
904190
904193
904216
904218
904229
904231
904283
904312
904326
904328
904329
904338
904383
904392
904396
904414
904426
904443
904450
904488
904528
904533
904536
904551
904577
904596
904603
904615
904630
904658
904663
904679
904718
904737
904738
904769
904796
904835
904863
904865
904882
904960
904984
904994
905056
905080
905083
905179
905268
905268
905277
905305
905319
905352
905407
905482
905493
905509
905546
905586
905610
905619
905715
905724
905746
905778
905785
905825
905845
905881
905903
905919
905919
905989
905992
906001
906002
906040
906060
906130
906130
906144
906145
906160
906173
906222
906233
906249
906258
906323
906329
906490
906520
906523
906543
906558
906576
906587
906594
906600
906614
906634
906637
906654
906658
906745
906794
906796
906816
906838
906874
906897
906902
906916
906917
906924
906937
906961
906971
906973
906980
906994
907002
907032
907054
907059
907065
907167
907178
907187
907338
907345
907346
907370
907379
907385
907391
907394
907395
907407
907420
907422
907423
907450
907475
907480
907523
907543
907572
907594
907603
907628
907632
907680
907680
907693
907726
907727
907729
907732
907733
907738
907763
907768
907845
907858
907866
907905
907905
907912
907917
907927
907936
907950
907993
907997
908089
908104
908107
908134
908172
908178
908184
908206
908239
908285
908287
908304
908319
908333
908356
908381
908396
908405
908412
908421
908447
908451
908503
908506
908517
908529
908531
908537
908547
908549
908570
908627
908737
908752
908758
908778
908792
908814
908912
908931
908978
908994
909001
909042
909113
909150
909171
909198
909205
909243
909263
909275
909303
909306
909309
909329
909345
909351
909376
909382
909390
909391
909401
909408
909429
909482
909542
909549
909591
909607
909614
909643
909647
909647
909673
909677
909696
909726
909833
909844
909876
909907
909942
909966
909973
909994
910000
910006
910023
910027
910028
910037
910052
910066
910088
910102
910108
910173
910174
910202
910243
910246
910306
910310
910317
910333
910343
910392
910431
910458
910460
910480
910490
910492
910529
910540
910587
910627
910631
910632
910646
910661
910672
910729
910742
910749
910767
910781
910795
910823
910834
910843
910864
910894
910910
910940
910970
910990
911021
911027
911077
911078
911080
911095
911181
911182
911220
911290
911326
911332
911353
911375
911390
911433
911437
911457
911460
911466
911474
911539
911661
911664
911693
911696
911726
911729
911778
911782
911800
911825
911840
911842
911859
911867
911872
911881
911889
911890
911897
912002
912004
912038
912054
912075
912085
912088
912096
912098
912104
912156
912157
912161
912177
912182
912201
912208
912285
912286
912306
912321
912338
912391
912403
912416
912425
912502
912521
912533
912541
912565
912569
912589
912589
912596
912625
912661
912672
912672
912699
912702
912731
912743
912827
912832
912862
912866
912879
912879
912886
912889
912915
912929
912931
912931
912933
912946
912994
913028
913064
913114
913121
913131
913132
913143
913156
913179
913217
913285
913299
913335
913370
913398
913422
913424
913426
913457
913471
913477
913527
913547
913594
913617
913655
913666
913693
913739
913746
913796
913796
913798
913801
913808
913826
913828
913832
913836
913840
913880
913926
913944
913961
913962
913997
914003
914003
914026
914036
914042
914043
914048
914061
914071
914130
914133
914139
914159
914188
914207
914224
914229
914231
914232
914266
914273
914285
914294
914329
914343
914345
914358
914433
914482
914499
914520
914530
914531
914549
914569
914578
914586
914603
914640
914647
914689
914709
914717
914722
914735
914748
914789
914812
914879
914899
914906
914926
914938
914945
914947
914950
914975
914988
915042
915051
915057
915068
915091
915118
915126
915129
915134
915134
915167
915167
915179
915194
915203
915219
915228
915243
915270
915354
915371
915427
915431
915440
915452
915466
915468
915524
915536
915553
915582
915591
915611
915620
915629
915630
915640
915655
915660
915668
915695
915712
915716
915731
915741
915766
915836
915856
915875
915889
915908
915945
915954
915962
915990
915993
916074
916113
916127
916136
916148
916151
916210
916229
916255
916258
916277
916278
916280
916344
916381
916400
916417
916441
916442
916474
916477
916519
916543
916569
916620
916635
916647
916660
916671
916690
916768
916777
916826
916865
916873
916896
916949
916989
917023
917042
917054
917114
917134
917142
917152
917161
917169
917214
917245
917249
917263
917266
917269
917282
917296
917302
917319
917323
917360
917396
917396
917412
917415
917427
917466
917491
917496
917506
917510
917535
917590
917595
917619
917630
917650
917659
917664
917673
917688
917690
917708
917717
917721
917740
917748
917756
917764
917780
917797
917799
917812
917812
917848
917849
917850
917860
917888
917899
917935
917946
917964
917986
918016
918019
918021
918050
918066
918085
918088
918108
918152
918176
918180
918187
918196
918199
918218
918231
918271
918292
918302
918305
918325
918338
918355
918358
918367
918410
918431
918432
918451
918476
918489
918489
918490
918504
918507
918537
918555
918582
918595
918619
918624
918628
918641
918686
918697
918698
918700
918726
918781
918796
918825
918830
918831
918848
918849
918886
918887
918908
919002
919004
919025
919107
919130
919136
919152
919186
919224
919249
919295
919313
919331
919358
919364
919374
919386
919395
919454
919472
919528
919534
919540
919543
919556
919580
919630
919634
919649
919653
919679
919724
919734
919767
919816
919848
919875
919970
919971
920007
920035
920047
920062
920065
920066
920077
920146
920169
920204
920208
920229
920236
920253
920295
920310
920329
920332
920338
920357
920360
920361
920365
920366
920414
920434
920462
920511
920512
920519
920533
920597
920600
920617
920621
920638
920650
920654
920671
920684
920690
920760
920776
920782
920837
920844
920845
920858
920864
920872
920969
920969
920970
920984
920985
921012
921015
921020
921063
921065
921088
921092
921099
921145
921175
921209
921218
921249
921265
921296
921325
921329
921353
921358
921364
921420
921463
921472
921487
921514
921537
921541
921546
921575
921594
921595
921600
921641
921643
921645
921711
921726
921881
921913
921924
921949
921955
922013
922084
922105
922109
922113
922116
922125
922125
922134
922145
922219
922220
922258
922270
922325
922335
922336
922340
922422
922437
922443
922469
922474
922478
922507
922516
922539
922624
922676
922694
922714
922728
922750
922769
922785
922799
922803
922805
922821
922823
922838
922841
922854
922891
922896
922910
922913
922914
922943
923000
923059
923100
923151
923156
923176
923197
923197
923223
923227
923255
923259
923273
923275
923282
923314
923345
923370
923417
923424
923454
923514
923551
923586
923642
923674
923705
923728
923732
923806
923807
923810
923819
923828
923895
923926
923927
923935
923993
924007
924022
924027
924030
924036
924039
924053
924087
924101
924121
924130
924157
924253
924263
924280
924286
924296
924329
924345
924352
924358
924358
924359
924378
924383
924391
924419
924431
924450
924480
924508
924510
924554
924630
924662
924670
924684
924690
924717
924723
924814
924821
924873
924890
924914
924968
924980
924991
924997
925006
925017
925091
925098
925115
925189
925195
925196
925224
925226
925270
925273
925282
925303
925322
925323
925337
925346
925385
925387
925405
925407
925421
925447
925487
925487
925542
925607
925621
925647
925648
925652
925669
925693
925699
925720
925723
925736
925821
925855
925858
925868
925873
925875
925893
925947
926036
926124
926127
926160
926206
926212
926226
926248
926254
926285
926303
926332
926410
926411
926419
926427
926470
926476
926485
926491
926502
926521
926523
926547
926619
926619
926665
926684
926689
926751
926797
926803
926814
926821
926892
926920
926943
926945
926978
926994
927018
927018
927060
927062
927079
927131
927137
927149
927167
927169
927172
927179
927194
927216
927248
927288
927324
927405
927414
927423
927442
927469
927469
927478
927522
927523
927528
927536
927558
927573
927581
927586
927606
927637
927642
927649
927691
927710
927737
927745
927772
927781
927821
927833
927879
927879
927898
927947
927954
927961
927981
928016
928067
928068
928077
928140
928148
928166
928178
928233
928293
928296
928305
928326
928337
928344
928350
928403
928449
928479
928485
928488
928490
928493
928503
928505
928559
928598
928601
928625
928671
928674
928689
928693
928709
928756
928763
928780
928843
928852
928895
928911
928913
928917
928926
928928
928980
929031
929033
929040
929042
929049
929067
929078
929089
929124
929150
929159
929168
929182
929274
929284
929308
929334
929346
929404
929434
929446
929477
929502
929520
929537
929563
929581
929601
929609
929620
929639
929699
929721
929724
929770
929854
929860
929901
929903
929906
929906
929907
929927
929937
929976
929977
930021
930023
930083
930085
930098
930131
930156
930160
930164
930171
930172
930182
930208
930215
930254
930346
930359
930367
930370
930376
930402
930402
930447
930475
930508
930525
930551
930565
930581
930589
930602
930607
930610
930637
930644
930661
930721
930737
930746
930747
930788
930793
930801
930823
930827
930840
930842
930875
930886
930902
930911
930911
930924
930972
931010
931048
931054
931055
931080
931096
931113
931147
931156
931187
931191
931244
931253
931295
931296
931324
931373
931415
931463
931469
931480
931485
931487
931497
931510
931511
931566
931589
931597
931597
931681
931710
931723
931744
931769
931773
931775
931777
931790
931803
931804
931870
931904
931921
931967
931982
931989
931998
932006
932060
932073
932098
932146
932163
932215
932216
932255
932257
932308
932308
932317
932342
932347
932352
932410
932411
932426
932459
932515
932522
932525
932536
932544
932582
932607
932607
932646
932655
932696
932700
932710
932723
932735
932742
932742
932746
932872
932903
932924
932937
932939
932963
932981
932990
933027
933054
933081
933089
933152
933176
933206
933212
933217
933218
933226
933239
933262
933287
933293
933325
933386
933390
933393
933494
933532
933567
933594
933616
933623
933650
933662
933682
933697
933793
933796
933805
933837
933881
933909
933915
933939
933939
933949
933954
933966
933999
934010
934122
934124
934147
934165
934170
934184
934219
934235
934236
934342
934348
934401
934407
934476
934477
934490
934517
934544
934577
934587
934593
934622
934678
934720
934728
934733
934767
934801
934814
934934
934950
934978
934988
935014
935035
935043
935051
935054
935087
935097
935113
935116
935124
935159
935163
935164
935167
935192
935206
935211
935240
935243
935265
935295
935327
935337
935391
935408
935444
935468
935469
935481
935496
935507
935513
935518
935520
935525
935543
935615
935625
935625
935654
935656
935661
935661
935673
935677
935714
935779
935798
935826
935842
935848
935850
935850
935856
935913
935927
935961
936020
936082
936126
936138
936159
936190
936192
936209
936210
936239
936242
936247
936264
936280
936282
936285
936348
936390
936393
936421
936425
936436
936455
936494
936549
936610
936623
936666
936674
936679
936694
936699
936708
936713
936745
936764
936777
936793
936799
936819
936847
936858
936888
936892
936924
936937
936980
937011
937027
937095
937106
937111
937142
937175
937201
937222
937231
937235
937275
937281
937327
937399
937424
937436
937449
937479
937560
937578
937597
937617
937644
937679
937679
937739
937742
937809
937810
937813
937820
937885
937893
937901
937929
937953
937967
937988
938013
938025
938065
938086
938090
938097
938156
938159
938194
938297
938315
938348
938377
938391
938393
938409
938416
938466
938495
938506
938521
938540
938547
938579
938581
938613
938642
938735
938748
938765
938770
938785
938808
938826
938835
938839
938843
938852
938884
938905
938989
939000
939031
939049
939052
939056
939093
939100
939113
939121
939188
939219
939221
939231
939258
939292
939330
939386
939429
939502
939517
939532
939541
939545
939591
939601
939658
939670
939684
939692
939718
939719
939760
939761
939793
939796
939806
939819
939861
939865
939866
940017
940032
940057
940067
940068
940069
940117
940145
940228
940232
940251
940265
940265
940280
940325
940329
940329
940340
940340
940352
940358
940380
940400
940425
940473
940474
940493
940512
940530
940560
940583
940610
940684
940714
940727
940731
940770
940802
940833
940854
940878
940921
940942
940947
940951
940958
941012
941032
941034
941037
941038
941039
941042
941043
941053
941122
941171
941174
941194
941208
941320
941338
941387
941404
941416
941418
941421
941426
941437
941441
941503
941538
941538
941597
941632
941652
941658
941663
941710
941714
941722
941743
941746
941750
941806
941831
941838
941863
941912
941931
941947
941975
942005
942006
942016
942019
942028
942030
942090
942160
942168
942168
942224
942260
942264
942324
942326
942349
942402
942415
942422
942458
942502
942512
942518
942528
942551
942553
942560
942588
942608
942628
942636
942649
942659
942679
942682
942750
942777
942805
942813
942838
942861
942880
942902
942919
942922
942949
942956
942965
942973
943015
943042
943052
943062
943064
943074
943092
943102
943103
943121
943150
943162
943169
943223
943237
943239
943240
943268
943293
943329
943331
943332
943345
943366
943368
943369
943370
943402
943428
943448
943523
943560
943567
943592
943592
943594
943603
943617
943618
943628
943633
943643
943659
943678
943685
943708
943709
943759
943784
943828
943868
943911
943953
943972
943982
943983
944001
944028
944043
944048
944056
944070
944142
944145
944147
944164
944168
944192
944233
944243
944320
944330
944337
944339
944348
944373
944397
944410
944470
944502
944545
944576
944578
944622
944636
944647
944694
944703
944717
944737
944759
944765
944772
944871
944892
944917
944940
944942
944977
945003
945008
945050
945076
945132
945133
945259
945262
945271
945312
945334
945351
945366
945377
945384
945416
945422
945446
945495
945549
945567
945574
945575
945607
945618
945675
945729
945732
945736
945753
945760
945771
945826
945831
945833
945843
945862
945867
945887
945890
945916
945926
945966
945969
945984
945986
945989
945994
946049
946051
946054
946079
946098
946121
946170
946174
946189
946194
946198
946235
946240
946268
946269
946290
946317
946320
946341
946392
946405
946410
946423
946424
946443
946448
946484
946485
946510
946522
946535
946578
946591
946602
946628
946652
946693
946711
946737
946746
946768
946797
946817
946820
946826
946863
946886
946891
946892
946894
946902
946910
946959
946983
946986
947006
947053
947069
947070
947076
947076
947089
947113
947115
947135
947155
947181
947206
947206
947218
947261
947266
947282
947297
947301
947312
947342
947358
947366
947386
947393
947407
947421
947442
947483
947489
947495
947538
947564
947565
947566
947577
947580
947592
947620
947652
947678
947678
947689
947690
947740
947747
947812
947815
947846
947853
947920
947969
948009
948030
948051
948052
948088
948116
948167
948172
948206
948211
948297
948312
948326
948389
948389
948396
948405
948425
948427
948431
948431
948438
948439
948473
948570
948626
948642
948647
948657
948669
948701
948717
948738
948775
948785
948793
948798
948803
948808
948833
948864
948867
948868
948883
948914
948918
948921
948942
948951
948978
948981
949032
949053
949057
949086
949096
949109
949116
949121
949157
949161
949168
949180
949242
949244
949287
949291
949308
949363
949368
949394
949405
949429
949493
949555
949585
949588
949595
949642
949670
949677
949694
949707
949724
949728
949777
949780
949789
949791
949793
949803
949806
949825
949868
949869
949892
949900
949963
949968
949974
949980
949983
950027
950032
950040
950045
950048
950075
950117
950127
950128
950154
950199
950230
950239
950248
950255
950268
950275
950293
950368
950434
950486
950507
950532
950532
950553
950564
950642
950658
950684
950697
950716
950718
950721
950738
950764
950781
950824
950842
950854
950855
950920
950929
950939
950960
950966
950987
950995
951023
951035
951050
951067
951070
951073
951082
951098
951126
951146
951162
951170
951181
951216
951220
951230
951230
951275
951281
951348
951350
951359
951374
951442
951455
951521
951523
951551
951573
951590
951642
951673
951687
951702
951706
951713
951716
951717
951730
951778
951804
951872
951923
951949
951973
951976
951986
952019
952037
952076
952080
952114
952134
952137
952179
952199
952239
952253
952281
952317
952336
952358
952410
952411
952421
952427
952509
952525
952548
952552
952563
952585
952644
952648
952654
952665
952698
952698
952712
952722
952749
952775
952784
952789
952797
952855
952859
952937
952958
952963
952983
952986
953003
953019
953020
953035
953071
953092
953101
953164
953168
953178
953185
953187
953201
953210
953245
953266
953277
953305
953326
953326
953338
953354
953373
953402
953420
953420
953442
953458
953470
953483
953486
953508
953535
953583
953625
953660
953675
953681
953692
953697
953722
953728
953759
953792
953794
953837
953844
953854
953855
953857
953895
953905
953915
953926
954020
954020
954064
954075
954109
954110
954165
954166
954167
954186
954242
954258
954263
954333
954347
954357
954373
954399
954401
954408
954459
954481
954488
954494
954554
954567
954584
954599
954602
954607
954635
954637
954674
954687
954700
954716
954730
954751
954763
954781
954803
954815
954826
954891
954892
954893
954895
954910
954934
954934
954938
954943
954946
954970
954977
954978
954985
954990
954997
955046
955055
955080
955095
955138
955228
955243
955270
955303
955360
955370
955395
955435
955447
955465
955492
955521
955521
955540
955545
955552
955579
955607
955646
955656
955704
955749
955767
955770
955793
955796
955797
955806
955814
955850
955851
955859
955877
955912
955917
955934
955943
955965
955987
955992
956021
956022
956031
956066
956076
956111
956112
956138
956144
956158
956158
956158
956163
956204
956212
956250
956254
956287
956297
956323
956329
956343
956349
956353
956358
956398
956419
956438
956443
956451
956457
956467
956470
956478
956479
956484
956504
956511
956559
956587
956637
956651
956695
956730
956730
956740
956755
956760
956768
956780
956827
956845
956871
956896
956897
956914
956916
956985
957008
957043
957101
957120
957125
957168
957190
957215
957273
957299
957358
957384
957406
957442
957451
957561
957570
957583
957585
957615
957645
957692
957709
957774
957776
957783
957791
957810
957817
957833
957835
957841
957859
957877
957904
957905
957995
958050
958065
958109
958115
958136
958136
958138
958146
958177
958191
958197
958235
958247
958270
958276
958292
958307
958314
958320
958328
958332
958336
958358
958362
958369
958382
958405
958420
958481
958495
958501
958529
958565
958572
958572
958580
958602
958619
958637
958681
958707
958724
958744
958772
958800
958812
958813
958858
958972
958982
958984
958993
958995
959001
959022
959090
959102
959108
959122
959131
959140
959148
959150
959151
959164
959167
959191
959194
959201
959213
959249
959262
959274
959275
959276
959300
959315
959319
959334
959353
959379
959380
959403
959416
959440
959454
959460
959463
959467
959479
959490
959498
959500
959502
959503
959509
959518
959521
959523
959546
959550
959567
959609
959614
959617
959620
959627
959627
959638
959670
959680
959682
959683
959712
959727
959749
959795
959837
959853
959896
959911
959944
959946
959946
959960
959985
960001
960015
960018
960026
960049
960050
960083
960090
960095
960098
960128
960130
960134
960154
960176
960200
960214
960252
960260
960269
960285
960304
960305
960309
960326
960328
960338
960347
960353
960360
960371
960393
960402
960409
960433
960434
960469
960481
960493
960521
960559
960579
960588
960588
960599
960601
960607
960631
960648
960692
960715
960721
960727
960736
960757
960767
960780
960791
960818
960827
960887
960903
960906
960917
960924
960969
960975
961016
961028
961051
961062
961095
961104
961105
961111
961117
961130
961137
961168
961218
961221
961233
961241
961296
961319
961322
961323
961338
961343
961351
961387
961395
961400
961408
961419
961429
961473
961510
961545
961560
961571
961579
961604
961612
961661
961670
961673
961695
961695
961698
961713
961715
961729
961734
961743
961747
961760
961766
961813
961822
961845
961862
961900
961913
961917
961991
962001
962005
962107
962123
962125
962132
962138
962183
962191
962221
962233
962241
962241
962243
962266
962267
962275
962278
962288
962311
962376
962384
962394
962408
962472
962475
962499
962534
962594
962668
962674
962708
962710
962721
962740
962777
962787
962825
962846
962850
962904
962910
962931
962967
962997
963009
963020
963039
963058
963061
963074
963085
963116
963140
963145
963177
963189
963204
963221
963229
963265
963267
963280
963320
963324
963341
963344
963356
963356
963356
963409
963447
963458
963463
963504
963540
963596
963599
963635
963653
963705
963708
963757
963758
963764
963774
963782
963838
963862
963875
963887
963944
963950
963958
963966
964013
964018
964096
964119
964125
964130
964159
964161
964233
964267
964276
964311
964329
964333
964343
964345
964350
964354
964357
964368
964370
964391
964402
964456
964467
964475
964479
964480
964485
964502
964504
964505
964509
964512
964533
964605
964607
964622
964631
964658
964672
964683
964741
964761
964768
964772
964807
964811
964853
964937
964946
965007
965049
965069
965086
965088
965122
965133
965153
965173
965173
965234
965244
965252
965264
965286
965296
965299
965299
965311
965327
965386
965400
965409
965415
965427
965434
965437
965500
965508
965535
965538
965541
965549
965552
965556
965612
965619
965623
965650
965690
965712
965719
965719
965732
965762
965767
965779
965888
965950
965954
965963
965970
965980
965989
965990
965995
966019
966041
966064
966093
966103
966103
966115
966159
966205
966232
966267
966280
966293
966297
966300
966306
966348
966366
966375
966402
966439
966444
966464
966476
966490
966514
966541
966630
966641
966654
966655
966656
966664
966682
966698
966712
966712
966766
966821
966836
966851
966858
966863
966867
966893
966921
966933
966933
966970
966985
967006
967113
967125
967149
967179
967187
967197
967202
967212
967227
967245
967255
967270
967273
967279
967312
967358
967368
967375
967389
967409
967414
967466
967473
967497
967502
967504
967583
967584
967635
967643
967647
967648
967706
967774
967786
967791
967820
967825
967836
967844
967905
967924
967936
967943
967993
968028
968080
968090
968137
968172
968211
968234
968255
968312
968330
968331
968354
968376
968405
968425
968430
968445
968468
968471
968474
968484
968499
968506
968511
968549
968663
968679
968679
968689
968690
968711
968740
968756
968761
968762
968775
968803
968804
968839
968849
968872
968873
968896
968897
968922
968961
968963
969020
969037
969060
969068
969080
969138
969143
969147
969165
969173
969176
969229
969255
969299
969332
969383
969390
969393
969401
969407
969430
969436
969437
969448
969466
969489
969493
969519
969571
969573
969579
969591
969601
969611
969614
969635
969764
969765
969767
969775
969795
969809
969827
969879
969920
969922
969932
969976
970000
970006
970007
970010
970053
970058
970062
970076
970095
970131
970140
970160
970171
970177
970238
970294
970296
970315
970341
970349
970357
970425
970425
970433
970548
970582
970603
970643
970660
970669
970678
970700
970704
970720
970738
970742
970776
970784
970790
970797
970831
970842
970844
970875
970909
970934
970941
970968
970981
971032
971048
971058
971079
971158
971173
971197
971226
971239
971272
971292
971293
971298
971305
971335
971386
971395
971426
971474
971484
971488
971500
971520
971524
971525
971549
971622
971625
971684
971703
971703
971738
971760
971771
971795
971799
971802
971831
971854
971889
971895
971992
972003
972014
972069
972119
972127
972133
972141
972153
972197
972199
972219
972224
972263
972264
972280
972299
972307
972310
972324
972372
972410
972444
972451
972465
972473
972487
972516
972534
972535
972535
972568
972581
972613
972630
972641
972643
972658
972724
972729
972756
972765
972791
972818
972833
972860
972862
972867
972888
972901
972913
972916
972921
972938
972954
972983
972989
972994
972994
973002
973028
973046
973065
973072
973147
973166
973173
973196
973201
973217
973266
973284
973290
973326
973332
973333
973341
973345
973362
973448
973476
973478
973515
973528
973546
973609
973639
973651
973668
973669
973672
973681
973698
973749
973768
973773
973792
973809
973827
973853
973856
973866
973891
973917
973923
973923
973941
973954
974027
974041
974047
974065
974082
974092
974098
974101
974101
974118
974150
974172
974256
974284
974290
974303
974329
974346
974386
974390
974429
974431
974473
974475
974502
974520
974551
974561
974571
974598
974599
974639
974662
974663
974669
974677
974705
974710
974715
974720
974720
974724
974740
974744
974753
974754
974759
974775
974805
974912
974916
974937
974940
974949
974975
975023
975027
975032
975108
975112
975117
975124
975130
975178
975184
975184
975202
975207
975231
975269
975289
975315
975320
975344
975351
975354
975362
975368
975387
975476
975485
975489
975505
975599
975621
975630
975673
975682
975685
975731
975735
975759
975792
975799
975810
975816
975821
975824
975825
975834
975859
975864
975870
975916
975980
975985
975987
975990
975995
976038
976043
976051
976057
976073
976084
976088
976114
976117
976130
976163
976175
976198
976201
976232
976277
976298
976328
976366
976373
976410
976432
976434
976436
976457
976500
976510
976518
976521
976527
976532
976545
976551
976560
976581
976619
976622
976703
976718
976750
976761
976777
976795
976805
976825
976830
976856
976881
976918
977018
977021
977026
977030
977056
977081
977092
977094
977105
977106
977134
977176
977181
977194
977212
977213
977215
977254
977258
977274
977278
977278
977282
977301
977312
977316
977319
977323
977376
977391
977404
977409
977451
977454
977469
977513
977518
977537
977585
977602
977632
977639
977656
977710
977741
977746
977747
977782
977787
977792
977795
977818
977821
977826
977835
977847
977902
977923
977927
977930
977941
977943
977985
977994
978040
978082
978115
978137
978161
978221
978221
978285
978290
978397
978453
978454
978479
978489
978506
978519
978552
978554
978568
978588
978597
978628
978634
978634
978671
978680
978705
978743
978755
978771
978773
978779
978787
978807
978840
978840
978842
978845
978851
978853
978906
978911
978926
978967
979009
979012
979039
979040
979042
979077
979107
979177
979199
979199
979212
979221
979240
979267
979267
979274
979282
979295
979296
979302
979306
979321
979373
979421
979472
979502
979525
979558
979580
979603
979611
979617
979677
979703
979724
979738
979753
979769
979770
979778
979780
979796
979808
979815
979830
979840
979851
979853
979906
979916
979919
979925
979929
979961
979972
979979
979990
980007
980013
980016
980032
980042
980075
980075
980114
980140
980150
980198
980201
980215
980276
980338
980358
980365
980387
980427
980431
980435
980454
980490
980499
980510
980531
980547
980589
980612
980631
980654
980672
980696
980709
980711
980746
980749
980750
980753
980803
980815
980827
980853
980942
980949
980961
980965
980981
981038
981040
981051
981055
981076
981133
981133
981141
981190
981205
981226
981227
981242
981278
981286
981301
981317
981321
981371
981375
981382
981398
981408
981416
981422
981429
981445
981503
981515
981538
981570
981610
981613
981613
981632
981633
981643
981651
981705
981716
981730
981738
981739
981739
981750
981808
981811
981849
981854
981862
981868
981874
981875
981917
981928
981953
981968
981995
982026
982045
982076
982085
982088
982097
982105
982122
982123
982129
982135
982142
982155
982176
982176
982177
982178
982202
982243
982245
982261
982268
982268
982296
982297
982323
982330
982360
982361
982391
982391
982393
982482
982496
982498
982513
982540
982545
982552
982583
982591
982592
982606
982624
982682
982716
982729
982737
982751
982802
982804
982804
982811
982826
982849
982862
982864
982864
982878
982878
982892
982901
982909
982952
982971
982983
982986
982989
983033
983037
983058
983076
983083
983114
983119
983131
983139
983160
983162
983172
983186
983206
983217
983220
983258
983266
983271
983272
983371
983394
983460
983473
983474
983516
983519
983525
983532
983601
983606
983607
983654
983676
983698
983723
983740
983749
983791
983793
983808
983817
983846
983863
983869
983883
983913
983926
983934
983962
983971
983987
983998
984000
984024
984026
984034
984036
984053
984094
984095
984100
984112
984117
984159
984168
984194
984203
984205
984234
984252
984256
984311
984314
984314
984391
984411
984426
984429
984445
984458
984483
984486
984498
984499
984517
984522
984522
984538
984545
984575
984582
984594
984605
984608
984618
984625
984641
984658
984683
984743
984744
984745
984751
984776
984792
984806
984824
984858
984981
985000
985004
985007
985008
985079
985080
985095
985107
985122
985136
985145
985155
985167
985168
985178
985221
985222
985257
985258
985262
985283
985312
985348
985351
985363
985396
985403
985420
985434
985442
985497
985519
985540
985578
985587
985587
985651
985652
985664
985680
985688
985725
985746
985790
985799
985818
985837
985910
985912
985939
985993
985998
985998
986004
986016
986046
986179
986179
986212
986227
986232
986243
986273
986292
986302
986330
986341
986344
986346
986351
986367
986450
986462
986549
986598
986662
986667
986678
986681
986694
986729
986751
986784
986788
986805
986816
986825
986830
986848
986861
986897
986898
986950
987012
987022
987029
987039
987064
987076
987081
987115
987133
987146
987165
987184
987191
987273
987274
987314
987359
987363
987366
987379
987387
987404
987435
987451
987463
987476
987477
987523
987539
987585
987589
987620
987644
987666
987667
987731
987754
987786
987795
987835
987868
987897
987900
987903
987926
987958
987962
987967
987983
987989
988015
988018
988049
988084
988093
988102
988176
988236
988236
988242
988249
988299
988302
988350
988433
988462
988470
988473
988498
988523
988558
988587
988616
988641
988655
988673
988694
988703
988721
988800
988844
988909
989010
989013
989042
989061
989069
989079
989084
989087
989089
989199
989219
989257
989305
989344
989368
989374
989379
989430
989436
989461
989487
989509
989530
989537
989577
989588
989608
989638
989646
989653
989659
989699
989741
989743
989760
989766
989772
989788
989797
989829
989865
989895
989921
989987
990058
990104
990112
990137
990137
990146
990147
990166
990200
990228
990264
990267
990268
990285
990289
990365
990366
990369
990387
990471
990481
990584
990632
990666
990671
990696
990816
990822
990836
990889
990936
990962
990972
990988
991019
991029
991031
991069
991071
991078
991123
991142
991175
991200
991265
991349
991384
991400
991402
991423
991462
991484
991490
991494
991495
991516
991525
991541
991569
991579
991582
991594
991626
991628
991632
991643
991649
991667
991675
991713
991715
991721
991723
991748
991778
991780
991814
991838
991853
991854
991855
991874
991882
991883
991904
991910
991911
991953
991962
991978
992025
992031
992041
992060
992076
992088
992116
992124
992162
992172
992201
992203
992212
992291
992293
992296
992333
992339
992342
992375
992382
992418
992435
992508
992512
992548
992548
992579
992579
992586
992597
992599
992629
992649
992662
992686
992687
992694
992713
992724
992748
992770
992821
992827
992840
992943
992966
992974
992983
992983
992991
993006
993020
993022
993041
993044
993065
993093
993110
993150
993154
993159
993185
993201
993226
993233
993324
993329
993345
993351
993377
993401
993433
993452
993459
993482
993505
993512
993534
993566
993592
993606
993634
993638
993645
993659
993690
993691
993709
993720
993739
993763
993770
993820
993862
993864
993865
993881
993904
993920
993922
993937
993953
994000
994006
994020
994035
994043
994047
994072
994074
994081
994161
994232
994241
994264
994294
994296
994336
994345
994371
994425
994458
994470
994513
994602
994657
994657
994667
994692
994733
994735
994805
994819
994823
994830
994840
994866
994869
994870
994879
994880
994956
995023
995043
995066
995068
995078
995135
995142
995146
995147
995168
995183
995248
995299
995338
995345
995409
995439
995453
995478
995495
995504
995505
995516
995516
995527
995531
995550
995559
995566
995635
995651
995656
995665
995717
995791
995798
995819
995827
995832
995872
995878
995904
995925
995931
995941
995952
995955
995983
995991
996003
996016
996028
996032
996041
996050
996057
996069
996082
996107
996138
996148
996150
996162
996167
996183
996210
996291
996295
996312
996329
996363
996402
996417
996466
996481
996487
996510
996533
996567
996570
996607
996608
996614
996617
996645
996669
996686
996689
996694
996695
996700
996724
996726
996760
996820
996834
996864
996866
996897
996950
996980
996983
997008
997081
997104
997124
997166
997180
997193
997200
997226
997241
997248
997275
997292
997296
997300
997311
997319
997328
997355
997398
997466
997477
997484
997494
997497
997542
997543
997570
997583
997595
997630
997636
997674
997686
997716
997736
997822
997851
997881
997922
997942
997961
998015
998031
998066
998124
998126
998165
998201
998203
998228
998257
998266
998286
998292
998299
998303
998316
998321
998349
998351
998372
998435
998436
998450
998455
998457
998476
998487
998517
998522
998532
998575
998624
998650
998673
998683
998704
998737
998786
998787
998798
998807
998812
998826
998831
998884
998888
998921
998929
998940
998992
999017
999025
999057
999066
999079
999089
999103
999104
999105
999115
999117
999120
999135
999153
999158
999169
999172
999173
999175
999181
999238
999269
999271
999322
999329
999331
999369
999388
999392
999409
999421
999478
999481
999498
999500
999510
999511
999525
999537
999572
999578
999598
999612
999614
999616
999620
999625
999640
999686
999694
999699
999707
999712
999726
999741
999787
999805
999864
999908
999926
999933
999939
999962
999970
999971
999986
999988
999996
