-551235
177207
680584
-178389
-885486
-950349
-139222
-772205
-404629
267132
256531
-188167
294001
703406
585270
-501031
-622942
-472591
-571001
490545
336322
-535721
478002
-643591
939658
-347241
254536
605598
105648
944917
-90346
488467
-623127
738782
158964
-301041
766109
807764
-611696
-635027
424121
433871
146538
164896
-479168
-967980
192961
684442
-653261
-479546
-180493
950075
-752117
-836868
-146626
180905
-181105
-701473
-869037
-942637
-760358
151824
-86319
728384
-436501
-116575
897167
-616004
-89090
-625870
-276649
-85864
109430
-430238
-884269
-973594
-77361
-713220
668759
348828
-645383
133267
670166
-713062
-575750
-671487
836343
-336258
-871302
805571
-706324
-312412
719826
-994278
-533121
246101
972487
930610
-45716
-695855
566958
-672297
525246
511150
609726
-401939
-159852
-566917
213292
-577696
-613004
367486
852035
616894
189217
877055
664697
-392508
-633070
431418
-232804
-7896
596248
-971213
897114
-888799
-540556
263652
-280619
571583
276139
-371620
325564
-277004
-792371
801788
864905
354126
-747062
-654528
319307
472281
-990105
-804965
212831
772204
-558105
658854
977404
624939
234558
895950
372227
920969
458144
-308981
32396
537088
-266269
-850032
-753731
371101
93640
-589966
724546
327284
951162
432755
-596443
762897
-42934
-586626
-811218
-17687
-704948
-964861
342954
116020
351811
522811
217323
536530
621156
-731217
-780618
291868
-149875
317833
831198
819731
-26046
-503439
-771759
-820865
620319
830997
617567
-68110
404419
-251801
387117
950248
463227
766269
-349745
-786259
930972
373184
-926537
-244941
601702
-400864
-475113
-387899
190621
444449
-330615
-123516
-684529
481462
759815
451463
766273
386859
-206394
-26194
-484626
-754249
-193335
-274110
944001
-527669
866456
-537514
-678196
-788298
655395
-848203
660634
518505
319128
164833
-964235
243717
-463277
907379
115655
-41084
-127485
500580
957008
-147380
59279
-773929
346505
446172
348568
-236394
-223825
-806634
-800704
971854
318940
-106168
807149
757935
-334547
-280099
-772762
-433817
-405229
-755808
-803114
-565491
18439
431554
312635
-238819
-928163
77137
922134
-936830
-937460
-899407
105507
-255930
-745776
-110471
954763
-781918
-727536
-810240
792377
-877341
-347826
859591
-672268
287815
-856729
530616
-834825
-423714
169045
176336
-195424
-850545
483569
95800
-251139
-674529
-890366
-954009
829898
506311
-340509
-815532
-102709
-560931
-958335
-113659
716384
-105600
270016
-658074
-27500
-827560
758770
-945640
646299
435080
580526
544165
648097
910795
-264367
-209982
-900761
-913295
567838
-973752
-183258
-705691
179775
-458980
751839
-321708
-44177
404533
837499
-290800
96135
-451511
-687695
377658
-59180
891877
-119030
-883587
198511
-714797
-462785
840900
815879
468305
341764
861570
573918
369372
381717
90844
732365
489191
-77319
194167
105167
86966
-173021
-51353
-156619
-672491
-940391
-340961
-448584
47604
-478231
53049
-76531
829973
-224326
447063
38813
-446810
-906128
-505358
236104
318068
337444
302212
334055
-905026
-12456
-136960
-182024
-154603
246032
612359
329168
267410
38049
915129
226207
312670
-557854
-633102
187946
501009
-129169
-492747
-889183
-569260
-949856
-594992
885372
833056
277078
-259946
-134022
101777
823611
50760
-452832
828953
995453
-554605
-442021
27147
669369
991910
397639
415318
-493142
-432444
-26362
-908444
-524643
588167
461639
182096
550448
-449685
233920
296859
-571418
680327
707729
-807539
240132
717347
-349171
641483
-79956
56572
963596
-101530
108559
-363087
-427032
-373321
-341475
-964635
995651
226789
690906
800422
-6358
-999485
50520
-570376
146199
-697816
-358782
-987711
-921993
-227773
-77276
-291699
523759
-295242
330926
-650914
-533258
73841
548190
-842177
-924253
-22950
931804
272753
-179782
-492354
-979440
-729631
202622
-111102
565938
-674898
-775090
-537900
228928
-10793
963958
298006
375891
-956040
927522
432153
-813302
537785
787992
944892
334158
-145904
-403188
63697
-312063
-789459
-704353
-600275
-921548
-591436
-648651
-328814
-650105
804687
432547
-918776
370213
208396
622372
26304
767985
623793
-183149
-633889
806273
967905
-700351
341293
-692616
-198385
619998
480179
-772445
388427
-991398
403041
534380
123270
208405
-261327
-304604
-670012
-665904
53821
940358
-213940
-443765
106344
449569
-874176
766908
428575
178590
-427221
-333862
-949436
-745747
401680
-578274
-71231
-216082
817605
53245
-971576
-679003
768536
-629994
-564172
993154
-76783
154093
-664473
-876163
986825
578851
375622
-143075
278457
145376
926248
-513428
307214
101910
875399
-64535
626905
-220196
632523
-429446
721754
876449
-563821
960969
577025
754100
-665318
-769615
121689
834141
-429489
-755371
-210038
-721982
212790
968234
-440422
-122576
918410
437169
585515
-604448
-891488
480562
-491809
-492637
449402
-222073
-608293
-628381
132987
49211
719287
564885
-140126
-722849
20449
595919
448828
193799
458670
-600246
601716
-538072
51992
-737438
600606
935240
480430
721565
-780278
421560
497750
-604352
-802010
93432
-635517
721062
-908768
313896
922325
-504878
705871
-566113
-226449
539209
-972750
-517206
911433
615930
-672219
-213234
602854
-573962
571445
-188772
-868381
-958919
-274745
747585
-739653
109503
846290
-763694
516724
729184
-795045
-591755
60336
-100908
-28969
291476
-180249
703930
496405
-823149
66008
636688
-770537
-93002
575919
-545926
-308802
225790
582801
605529
-287485
129036
-59091
-199174
235591
-661235
605130
-369992
-808323
-187797
-834987
691985
138009
-872461
152635
982729
491910
-213714
63380
-796470
-839143
-456753
-953968
673419
722068
343399
96627
838929
659967
623506
-203140
606100
-699243
622422
-302995
548311
-231524
-449963
-276643
124014
648676
134096
62318
-441986
149563
-446760
638617
252945
-155928
667219
984036
-839607
147635
-529348
995952
-588068
-775349
181383
-128615
512565
934767
697743
-592716
998737
844454
346174
279369
786200
-170604
457283
256138
347528
113806
16178
898010
234460
695320
-60043
-992234
-310839
-180250
36220
-919886
873458
902096
4524
-180036
208042
421800
-320873
637353
887622
-725180
-379977
190543
-946015
969601
610599
446968
-898710
-6039
301416
980435
147022
-817162
283390
-129664
-498331
-671955
-611977
154407
970981
115271
-557634
438156
454812
-230867
-563476
-113487
882556
663550
68533
-96985
960200
805002
-243245
129634
255091
429691
-184230
-854538
617099
182256
-557042
360460
-247824
-21988
820883
393690
785133
-235579
794190
-187425
19310
189820
-815289
992840
-905948
803056
127781
-459607
-546448
-196894
-946710
51198
788143
-398838
3463
-358469
537788
-754732
363225
960631
839249
672718
196674
-43325
-386657
624184
-75188
220573
414829
-898449
-479894
-348273
21567
21630
-420614
282731
466202
-653160
889858
901074
767123
582172
-297447
692449
340064
14517
-809859
-640576
-137831
-892917
-283445
-96456
118685
969922
-569255
811169
-527899
-142378
367515
27160
-93531
261166
-226617
23314
-35445
-918990
675059
-699296
-751654
122162
-352633
-164817
-421427
-438509
854447
-402200
-609267
391423
-884967
574888
-912022
20218
-122288
160712
877504
-167005
658037
861938
799540
416138
861931
-760749
-180633
-65506
-239551
450146
30347
-880219
-409600
-491628
112248
-595733
351128
788919
-528724
959380
959276
-898681
423681
117716
756562
193106
737102
776420
-452782
-993748
-922066
-864663
319851
347364
8705
457012
-94034
-429368
-709620
-743449
-110845
-913582
-360098
741053
-843044
770981
807578
857686
109967
32265
156025
-200885
104359
-79541
736779
-736796
153325
925405
657103
-352862
-684886
-958911
632912
155206
-2271
-166085
185098
-273898
-814880
-589083
282631
150816
-126644
-836021
-682538
577886
-500571
283214
-123921
-485835
496473
-948957
934622
552389
230592
-85412
-86436
348458
764879
245338
307598
-172374
-879756
614665
-336184
-859685
-820694
-231719
-20937
188448
345226
320468
546074
597804
752346
-951152
249945
808332
-838283
-584366
-753397
-303727
518113
106370
-164886
922854
259812
551061
-343892
8104
-976410
-68514
-74913
544326
3970
336429
600141
-990902
-98407
189485
-55544
-430703
588724
-84787
-907282
-702643
738553
-124134
-595062
-850332
-389673
-587406
572611
119107
-329582
751763
374064
476118
-533219
-916105
-522120
742994
693569
248217
832215
-588082
-273843
772771
-508624
119969
531501
-392177
-734852
-830844
446475
-576137
910088
-730716
477570
705411
226799
850027
-1374
760624
-567172
119737
-297657
838738
-283881
664664
505953
-452964
428385
-681850
247976
-578922
322567
633204
983869
421847
-559499
-518210
-961295
-432426
745770
-305315
-462193
-974588
861582
-141805
-661871
-441166
529316
653663
711996
-582976
-15215
728112
163535
95953
-566408
-948401
-494060
486863
-784937
468192
-805823
213938
-731418
-450169
-489141
-562859
41812
-117741
112600
105236
-265863
524357
851761
423916
-569799
-459549
-289757
945966
-588042
189447
-783691
374125
-667750
-32175
-271403
-913118
912702
453480
-503970
10303
301436
998303
997595
-860001
195636
820357
504660
-137736
-594216
-574601
496037
494972
-404257
704377
-881611
-982184
-962057
755557
915629
-332337
-326272
-816728
178472
991721
249300
-287203
463464
118918
-272170
-274797
384913
-509339
411425
-896558
-61248
-132825
690807
608073
574540
-862913
-809590
409142
415276
148909
594735
667281
404843
727565
-770738
-255532
-740944
-733641
795075
-427835
561051
335050
322334
144509
-337112
144840
350320
903801
-673859
-292174
-7112
596521
251042
294915
-332545
491714
252233
-165350
-68074
111347
272472
586030
401680
71194
608125
-942929
-870499
437329
370656
578025
-791683
-893921
117374
513957
329640
552266
881287
-967921
-718676
-928016
-224655
-995113
-42510
324434
304606
-532403
77934
469824
-265840
-977948
87994
-805417
-637078
-193464
-743018
668437
32996
-392009
680198
-286159
692325
185313
-714951
-513359
-668523
-486679
-622801
-820351
-534769
675405
-100106
287023
-947637
-292712
-425872
-216974
-989428
-76032
-142476
-719312
-900289
-180551
834597
469278
667378
66297
671980
439558
996726
717784
475423
405496
141543
566419
954635
948981
-557210
-181429
-232545
236296
634589
72281
666063
-236696
-70178
-790462
-672871
-602101
-582898
-818747
-858697
-66332
434021
27445
-444548
693461
400476
52299
392406
-951866
553715
314247
-163761
663733
-265912
654660
759528
985998
537310
-139009
10884
129699
-959591
18588
682023
-596228
423424
-92506
508505
-15793
332598
457962
636952
639049
612030
650644
-687057
-326854
423355
-157541
-236507
-900683
740684
131992
-567522
-235205
-111380
213467
420917
-151870
163594
-572039
-610217
389456
429218
381004
18403
-826297
-759347
979267
723335
-555329
193193
74132
-480255
-489503
801339
-216583
764157
724469
-586002
-562021
-230077
571720
860184
-656207
-756366
-983389
25149
-759313
-165492
609828
657567
-798917
24311
-884035
-542421
-172853
263436
-354750
550027
-338151
-231887
436066
881456
-674321
296308
546615
755920
540311
78072
220415
-946963
-434181
-744330
447660
-861133
691970
-898742
-346496
161542
-390159
-61421
121148
-133453
-4235
-974123
496879
889519
-542457
-415436
-73422
953660
-356889
647133
-911171
853091
819456
-667876
705613
985122
410450
-286586
-425709
786031
751743
448490
-17505
368481
265751
947969
528223
-522813
-210587
70328
471309
-103056
241764
-259445
867260
953681
-868911
-711806
669794
830233
-224303
-425405
873237
-762577
-306784
-720197
891243
-723180
-351290
-477105
-511565
199368
629372
-610516
230892
-508226
-142466
-50100
-412482
-550745
744829
98389
-151202
839361
-855255
-559222
533521
-158526
-619032
542821
603140
-6999
-21353
-126106
-456655
-6431
951523
-54987
-246491
-97432
-824113
177628
663583
886044
-456134
-708267
636246
-378272
-260984
-641755
752632
227290
551177
-246359
-346737
-26402
71097
-322697
-396044
376032
-411036
208858
685973
316195
697089
983266
-354399
-430781
-415957
491140
-166018
827476
256529
-554634
-428282
28369
-241823
-889939
-580715
-281308
-563600
626428
-146319
-282382
-63884
-158657
-44596
-434966
-137344
518118
599679
440967
-379944
-966163
-282186
959262
-665433
-736694
645269
-44043
318265
-247954
70567
-260100
222699
570026
282116
-623357
349436
364232
-934496
548671
-476808
754235
38009
553443
276742
-733871
410136
-837089
210713
-941509
781287
-165075
-865614
997822
-513946
-313526
916277
-898991
-28786
603295
-35539
-452975
-365392
403770
-432149
-578829
796003
-138711
-457256
977818
-801041
661317
707609
542763
-239915
-682585
636827
113800
290712
981051
949121
941441
-116003
-129393
-638463
583729
-580617
959319
535186
-748687
29015
982105
669197
140196
-361205
798249
842931
-174934
-970780
-986960
-613418
202910
11725
128244
-76324
599092
-216208
-177645
-108290
-395344
139454
-784209
414266
-126079
129014
-61647
-754608
-574623
-565698
-441628
-919477
-240921
595545
-753990
-494871
-674079
390047
-754326
856555
89543
-769657
-418642
605377
877542
98400
-224259
479498
619820
-48038
830931
-539328
970010
21591
588797
-63135
720594
433055
701316
493490
30286
-846469
-599179
-557324
-80180
569032
661692
-984722
-383567
776294
-691266
-429082
275377
-53805
538693
-337868
-331193
-315654
-954170
67940
666825
477539
653155
43572
-2955
513327
673265
-712753
-794643
959479
715305
-265106
559836
391924
-755051
12324
239334
-180055
253214
278967
-587514
-731947
-111358
-985315
618961
-781083
586747
400583
513158
142884
247657
-601862
887173
686385
-660685
-230273
94033
767061
-263206
126721
330461
-610845
-493982
58111
-294598
-287183
86809
-128792
-947925
-935282
-575137
-486614
867119
210697
457869
215192
670200
474606
-412682
779127
20626
-712170
-772454
-544253
-290412
-459823
95185
-195092
-730919
117705
244052
394557
-657461
-157796
-583079
269842
786009
-90250
928148
507035
-476607
909549
638842
767076
-971929
-879134
-336604
-124944
-492375
507172
300007
-182240
-499551
-546861
417655
432187
-200867
266446
-258923
-144148
-207734
-293638
697291
-246152
-941130
-126602
299836
210478
-77585
-191498
-101015
551363
-706712
-270699
-444555
521831
374104
-245210
387151
-100011
-794034
183498
439021
207521
865324
-819340
-305344
-349016
-720214
876221
193154
216582
900846
-248445
354051
-353860
-344082
79396
-461348
-147715
345777
942528
301146
-27298
598852
765257
341586
995248
-827572
581335
378426
-222979
-372614
579149
-681970
471301
245386
-636968
-1111
629350
-599861
-825358
565214
-188307
219101
-324347
-120175
271148
736472
838712
-169706
220850
-932467
762504
665393
842788
-798704
537544
395005
-674015
121065
74115
-408715
498757
-524284
-863966
761827
-77104
-905915
121850
346668
-934005
934517
-900057
697909
197860
-124073
-268280
-834715
-884109
533654
692585
-579586
172653
563886
75901
-709995
591919
-688049
-243400
144367
-403263
-206887
-136937
600036
-686473
485518
-949762
917319
-319542
882566
385439
870131
225458
15230
-607455
815421
371735
-126158
241956
917245
-280563
-318477
-972619
-461261
-741615
528162
-184454
564739
-311496
674549
91962
193340
438526
958995
-81840
-328937
665003
864152
203607
233608
824849
-46011
710133
-468566
873627
-79553
142278
78499
838713
756837
-39590
-13768
-655709
-607312
-831060
520628
318221
653090
444342
-972747
918726
14717
335350
-946113
433486
-520852
-456148
-574866
723006
-167629
909376
-124840
247446
-667708
-46661
691843
451178
527390
-357364
-915164
776153
319435
912004
-790640
-784789
-22401
-399230
597464
211541
-595832
-978615
582431
219051
982552
-545031
-500684
124184
-365971
856658
-467568
-899814
905407
464484
-732867
-192735
-762325
387230
-405832
92480
-205981
-67752
592252
-816917
-659488
-832095
-685371
-392322
-378400
-112966
91742
-553077
847549
29341
620975
515738
-585681
127914
180052
-942684
340708
505850
-225832
-663598
190095
-716969
-259965
-115485
-496273
-937388
-704613
-718829
906874
843913
-6361
855292
-13379
-23325
218155
-262104
67563
580105
246052
734474
529466
72090
889138
-600312
237080
-53195
772054
761666
291727
414155
-965881
-803256
778425
482631
-204550
-521795
11697
76874
-28861
740677
222773
219346
-408491
-242386
974759
744974
-191897
-78640
715406
560376
-871115
240654
577420
797094
-790692
-720579
-951307
-788120
695746
716206
-562928
-275550
-426222
-124101
281144
625388
277311
965732
-398956
-516792
870641
-439328
-203746
209271
-308070
-771530
780651
-854511
345393
-26018
541972
-436037
919816
-580570
511289
440300
844392
-601676
682235
144518
172353
425699
376226
467701
288546
-417022
672663
311213
-180093
617252
312246
-742587
-407980
-274831
16070
-246072
-368657
-423491
-500067
-108793
733247
-265844
-104038
245382
-693341
765960
851426
-492775
-962980
-831292
-410001
-907246
121564
466194
-357559
111936
-213491
-555588
880324
-191079
-993365
672961
-833005
-455296
-105844
-226141
-33586
528553
-381596
616800
930021
-33252
731455
578549
669495
920671
972069
-474952
659972
-962751
153568
-256582
321141
-999945
-239794
8372
-706065
-422011
-550069
481875
-89156
-799301
618892
877790
852502
-960823
-370410
-533033
180569
208967
348962
-726731
-686163
-561500
-154696
140492
18966
-199611
730267
-713770
-336716
-727306
-473395
-601461
635967
212111
560432
-143750
62934
530396
574302
-144637
-887472
-56325
-699280
-566905
448605
-405038
-600734
853501
-736145
746366
625896
8645
-751683
173878
151327
590785
-901246
-124824
-82043
-119662
-454795
63157
-902911
32593
-605288
-695344
-243769
-170680
-376761
925621
-648821
771776
-521984
213795
-290092
-82655
840831
-928676
-766421
806956
-947739
424340
-269550
-111318
824452
831899
-174508
340843
461316
-872576
-823880
-671782
-753867
-205058
-983314
77793
-547019
164952
-92877
773429
-675980
-114100
491008
554705
260091
-294935
-197928
233485
-206972
598175
425226
-863105
-828361
149212
-219219
343654
-664257
-109100
-704723
868950
-705075
748843
-726296
-664140
876103
-675178
129982
-30256
311369
30897
-969296
431838
292822
-144869
-953410
435811
-581751
553666
-274439
-692432
932607
581649
943402
487244
-461044
-338775
-673641
-767934
-111101
15621
607761
-848118
435919
-923623
499179
-201304
-221973
-741175
337814
746838
-310209
652499
-990644
-818933
-978310
-357726
140585
303602
657764
154393
-595289
-529612
-123180
-382424
285887
96106
-154708
-407205
-999214
-510182
-727233
355172
-899242
331012
917748
935243
-237123
457028
-634108
-2698
-739915
-242992
-428975
551284
-702140
-597787
-699583
-554106
-831674
-877690
-503050
440048
996760
603940
118160
-547329
543119
588988
247249
-404542
-714829
274034
937201
-749880
793269
449309
-761183
-314834
-890821
614794
1847
-834966
791533
-108270
-272853
898979
632126
344821
-256846
723673
-22805
-286375
911437
90665
767393
-144488
-696616
-912237
-139655
866890
-368184
86568
287640
392346
161111
68132
346779
706996
872002
755179
-766151
-819206
-487121
467776
-707876
310894
-834439
380111
879669
632768
324433
-73458
658097
-828845
201169
-748004
-463156
514686
-18063
-978408
-127728
-302186
-256063
137420
-271097
682464
22528
165227
479718
-394986
208294
-178119
385055
213930
19989
-368191
827371
-840507
544537
-25488
94480
-118942
297911
304696
-668103
-257442
-784732
-830705
804880
352963
-752339
910864
-715317
-681000
-819334
-607813
535259
-412603
483648
-690070
-241697
-103071
400632
948172
26745
-887330
-507463
-682023
-676896
883779
-137400
574426
973698
-616065
764602
947489
-24566
127949
-712424
17129
-294377
809242
-871725
-417038
961343
-120682
-353396
91745
867838
-210881
-746347
-804538
658741
-136206
22902
-253717
-778921
273924
-983003
342138
623722
14251
-746621
-378092
-511127
-968761
909150
-223239
132794
368968
717197
-502216
-590558
-60062
969920
-493523
-355240
-482349
-203630
998517
26836
-125546
-668887
-524262
514940
-526340
620266
-648610
633512
546425
945969
-59026
-696691
93287
915452
-75786
-729867
-923074
988236
749571
-514107
627787
227381
-78953
400508
-600018
55755
682632
-840429
-619195
-370729
336690
-870396
-5614
16152
285332
-306126
790831
-492231
-380446
140075
670923
57586
-271626
-654157
-484302
367451
318722
442084
-406771
-572911
-966602
460947
195597
179128
705837
708011
96085
-791722
452076
560405
-761508
54127
111051
-97948
442232
538836
273135
776071
-713316
842685
-503641
167300
-310287
202692
474490
-749136
-76130
-145485
873507
-131997
963764
-607876
481765
-606667
375266
-601023
884180
456300
-92729
145585
-160406
-326866
5910
398025
-199025
685223
-608262
462990
843461
386032
90455
-682080
-339254
-410180
901118
723025
-610540
-657846
157826
-532752
-594877
653354
793441
-878438
116397
-296723
906594
-369428
-2822
204579
558549
-350997
841296
816307
44551
-18204
30900
-981073
337864
-457886
120556
962311
-627216
180639
879066
406791
-368806
-319529
216535
363675
-350007
454616
-509840
-848693
-520300
-166523
-238290
261647
-662991
-971388
-532782
452732
-631727
-324063
731129
123567
414414
-969116
741170
-58142
-834258
-775016
800491
-328950
-131218
613164
-803465
915954
59077
904396
-183459
-861965
-614939
859239
601488
257918
259992
953266
86675
21541
49233
140106
998351
450848
752407
723371
-92110
-396095
182321
16885
584323
-720693
-795921
-991943
-199105
-474514
-581680
465085
-476307
-571451
719820
-714185
221653
-589592
214070
-523929
-940308
-809399
-573582
534683
-931803
-829371
777938
935518
316751
-838773
-285884
-37936
-10872
826237
-26485
525758
954891
-627878
-642689
-101336
960692
644189
-345247
-897927
-37063
-659074
-861317
173422
959944
-212265
381618
-833069
-489582
549711
239808
-93472
489487
-97987
-758278
-878622
781872
791420
-893715
-607665
831267
-259395
316235
-80335
456256
746647
-284405
-609346
110808
-824077
888761
-560430
638103
-623082
-482114
-571395
707334
-349368
318330
-935380
-165701
209719
-595966
359039
-34759
-570430
626765
-236047
310661
451672
-992948
139183
762049
777467
54124
-648948
493719
-780829
-716744
638880
373050
-32426
595291
-2811
-446152
824878
-328432
933532
-682098
871102
-630798
69910
-697009
-684435
469224
-728537
-530289
595526
41717
195903
182636
-721388
-837176
-733178
-406508
785018
-960363
-850251
242153
892045
168381
-704151
592684
166857
239834
-791641
-798067
-208822
-444674
118310
891987
-75979
669481
344848
797867
47118
-255972
468935
-979869
468470
-238057
658795
-488696
910529
-976434
-799883
477765
11333
-154652
518859
890932
569838
511115
-166031
-962319
-182645
-835084
662895
372800
-694431
-711081
144284
-904752
930565
452385
650996
-68196
75235
191784
130670
234831
-231697
-59366
-374627
-714031
907726
-962124
237986
-265485
93744
-470918
-738519
-285339
857035
998575
169459
849632
-613152
902363
388813
-956512
-233418
95744
-862980
80512
346744
317809
497206
-651707
973147
-471626
585693
749573
-192175
435555
-972037
-719214
-309860
-12655
227115
94809
-863071
862351
210449
896826
-213368
-42900
602409
-798870
82917
930254
286110
-767323
951350
-725203
-643045
-932991
867856
679646
297504
954263
-339196
566558
898667
658164
-697101
742867
863489
329026
-19104
471554
-824480
77844
316534
-628884
967113
281985
-891495
-855071
469322
979929
-52758
-747077
-839407
-439931
554401
801513
-304277
-819673
-176752
-983166
252542
28196
724094
885701
-695974
834149
-43245
815329
469267
856117
-910749
-823167
-500795
-966530
-931911
-261615
999996
846358
211984
-217165
12862
146159
-913438
93823
-614465
814520
-598759
-200057
-795824
-93263
-191655
-835965
687374
766608
-338696
-891343
417551
-921465
699682
-36961
478265
-479109
-378716
668691
-868127
-77437
660933
-130381
793186
-294088
434251
-437739
-914698
788755
-530356
961241
-602647
-739223
-860970
914003
565840
-566543
443344
80862
-95091
19022
51640
-714552
700563
-660410
226539
-771997
582283
-107203
-459258
626926
535691
977021
-921801
-453054
-486682
-370840
833153
649776
996567
-821970
-778741
150681
111297
-443273
-366923
493873
771127
-754018
-543672
-713342
-220634
-898043
-975121
735383
-638095
209218
-845834
643519
274818
398163
-32180
328956
-970546
-87017
912533
-414278
-658240
660842
340658
-272901
391920
-678705
886978
-434189
830243
519961
225147
810804
784254
-994134
791905
343629
868226
-115834
295501
657046
552280
883700
625314
390420
43320
-125589
-868670
-71947
288883
-67955
-428357
845906
-190260
-266066
199645
-628193
-2696
-779552
-378850
307625
-533891
-194625
37517
277018
-198338
409289
171568
-775992
-183586
-757394
855535
-866238
614556
797273
-688113
953245
250410
-495680
-861049
-712328
-102104
324138
-337643
-654532
-275548
982496
357752
-860382
815633
-195094
-397159
-560814
-648787
-891090
-517185
883143
-399246
304829
309093
775032
744622
98136
-473548
962931
-805457
575878
-678811
327042
3066
417333
-4077
-127239
931904
302867
643211
17095
-932075
422672
-864074
556909
574922
201981
429765
226556
-103405
323027
660149
-54997
530682
924280
244789
494851
-888991
-169783
720492
-499049
183400
602115
-547415
-719565
-460505
-397223
-123659
-718356
-492900
39993
-511990
-652944
316163
705714
-24602
-260357
779486
485563
-17523
284110
-949788
-382624
-256129
417599
139756
-934191
59365
-206260
-728246
12677
-518652
-921855
-666416
51532
-902396
889870
-839062
-812648
287018
-557755
46552
-835028
-60699
-711306
-839408
-34699
339475
169786
-584915
757804
-410789
-48553
-225911
440291
312371
84330
882390
-233398
696128
49197
501095
854171
30214
63776
-129767
-575306
671055
-167273
-288096
-386783
-156287
95665
-516902
-889108
-976237
764642
587483
261839
-785729
956845
-225938
-190110
-629207
593051
-597464
177977
-72
756833
251996
-933130
-182532
-903186
315828
-305327
844328
-244746
-897675
-326768
874710
33984
-531242
-336004
320197
121992
63245
-974417
448101
-259669
103139
-216261
337797
370084
83014
-72337
-497428
287403
-356147
54761
-98388
-67441
-714919
-586840
153705
-766492
-147161
-752455
50478
901943
660639
-525634
-752277
-848360
297849
-938483
68461
-981437
-959854
-239114
-656106
789248
568019
-490651
-180569
-716173
-999167
528698
-570147
375756
890466
287345
205484
640120
-89251
79342
100613
789913
-113764
-15940
780318
-674811
818875
127275
-988170
-845494
-719898
623384
-822751
-369364
-141267
-186588
-739086
-380756
-407376
-891726
777603
449300
327733
-133711
310096
-100711
245334
927710
-863878
615140
555155
787158
568668
732159
489577
-585654
-10585
726360
447982
-710177
-855461
768983
-360717
123953
180371
798925
771493
-603559
-203484
589188
-603355
-578949
702689
520122
-864244
780924
-736595
989588
-70971
-562253
-923646
731381
575801
725169
136279
325432
-433376
693469
421275
-246247
-705871
740958
313603
673726
546801
629807
860585
740519
885900
-23762
-647540
-856005
-651327
-70370
-434393
-18582
250068
-66429
-248594
-891418
420352
-758963
-87989
706020
401259
-439647
-524029
276921
-4529
-271127
129236
-942583
-529237
575682
-936688
417896
-947241
-805574
622730
393193
832389
61376
-949064
-635307
826012
-764900
-277815
-282115
783639
-801836
307979
828962
-509465
-321118
477871
506207
25350
409404
954985
863337
952427
-594199
-242678
-370879
314273
457889
-771708
-711989
114055
33024
-125779
154510
876376
23924
-320071
363206
-61301
-510608
677043
-25130
180484
807728
-864441
123115
-674793
532243
163090
-888089
48452
-803204
849333
78292
-932864
384440
-782613
149256
228529
-672637
744870
-415613
380222
-192077
979770
923551
904536
-152487
303736
466462
32335
-177884
862980
-79507
630387
-967310
-715601
-473584
-360472
325852
-689899
-428752
-460425
-253340
-887490
588889
-353889
-497163
-469757
229438
92780
338038
-807950
-262967
694120
1153
-118933
372731
937436
-77533
-301802
-297577
-386652
472646
701038
-409968
-618797
574310
470113
-744827
235486
-395022
249160
-774625
854180
-1332
935961
-204584
222361
-742097
-973322
604591
-95196
-403572
-881361
-359443
-220338
-998255
-294165
-900325
314007
514171
210300
-805461
936082
460728
521687
808119
863983
-173415
-591287
130482
817173
32738
622706
615895
490728
537088
-108720
87504
-546476
-729405
135238
24096
-681673
-497299
707444
-509171
978787
441241
856293
-376921
99661
278423
-606012
485128
676037
-940149
-780238
-92054
412499
-700499
48623
380513
427125
-480358
153241
-912257
-155640
154802
-420132
88062
-981288
927062
-595739
-558089
-877032
971703
-255050
-222709
-312737
874376
-256305
461560
670950
499634
652545
-505947
-158281
-808296
-628053
964683
-793468
126837
-170836
-204818
-288410
-784380
-926281
308842
201289
-831309
335187
346327
-275457
-366901
-551871
-415055
-560502
-115261
-970708
965954
-327881
-445023
253838
-145499
-713531
820590
399989
-192968
-848528
658816
821158
5717
-441707
342681
-763902
-479978
-446158
638318
819708
17954
675376
203308
254512
241453
-619998
-739565
-540444
548521
-908944
-275186
385431
-587181
-238041
-86859
457032
892715
-634820
647948
-907300
263695
781423
-921953
-609877
-94514
-769107
230198
-358814
632971
731243
-225482
-204587
-24373
-90421
305625
-735957
-886890
442773
378091
-438507
266221
761074
856930
-825433
498760
743140
865249
140992
-869707
906745
160709
25908
510382
-124141
-829335
-241287
-314804
735529
-380074
655279
-781579
-743148
-536458
859046
-33408
-687647
551379
-57924
561379
842090
133849
385321
307548
-933598
828609
-738518
-538921
665442
-795754
469210
-580210
857099
890329
-396252
-609023
-661328
986212
498411
111166
109966
333256
-347953
521703
256193
896095
191099
850726
-174299
-437370
471654
-311056
-530078
-729644
743802
-784803
865872
-806428
-530538
364534
-382839
-522222
945771
890931
710826
506812
578767
345475
531051
-566950
-234061
574468
966836
-933931
-624715
-565849
659874
541753
209841
891261
-436085
527816
-840566
-200316
384259
660776
-612908
-939591
-160848
947070
691187
-803246
255616
671922
941710
-711771
359320
-306841
191153
692489
-197837
-479983
-202070
-915370
756319
-91794
416166
2987
-400518
-369117
-73755
688210
-438395
-378282
787815
372618
484334
-220755
33150
568759
811583
-561899
327683
402187
-748970
-616765
373461
-274191
625243
-101645
70878
496348
-634357
-885898
470731
318365
-269262
516199
-643307
-489800
-33764
323846
212547
-609175
36276
867087
-386505
-293432
686138
-498714
-153953
-891107
-189852
-9270
11103
-836240
283669
779185
364276
-537548
-324676
962107
645060
892481
-243123
-424935
891120
-876979
831229
254752
118762
577070
-649373
-292452
-116801
-817431
-803315
317385
-28109
835408
988800
-152910
751143
-131507
-267636
288854
266251
-354840
-795013
-666453
386524
4933
-469876
-229869
-891384
-10029
567381
-335310
-509802
583476
769956
787886
-514874
158867
-683312
342557
-638780
348026
-879960
-782173
-743295
719849
-244733
-704283
-787125
-373919
485570
816023
479796
-356136
790411
-94271
-932378
-605382
-454110
558246
-242036
-420633
199664
809580
55671
512772
-245860
939541
974912
400253
-376117
-238653
313874
975505
124910
802024
912502
-648486
954401
-86971
506239
312512
-570375
-755260
-629857
496442
-716574
-957477
457934
44256
717692
167754
294236
538769
-774429
-253541
916569
710472
-983533
450232
329526
772643
-509535
634613
-21616
996150
-814366
635323
-543115
-328683
801529
-222573
-253230
-413053
124757
635732
-998356
-951731
-721807
-284425
987967
-736738
528555
811812
536164
316708
-243047
-774408
-480569
489030
-200602
704998
220750
-663176
691391
466866
177726
-359474
872399
971386
-117197
992342
-8525
714470
-466920
907407
-280106
743286
-81324
959463
-350742
783742
136610
-7397
-565928
242662
574250
149903
426201
164653
-544070
48493
-384484
-162503
634051
316804
417965
-396278
264413
620095
974502
776083
925421
560593
-874833
-865949
348326
-8532
499161
852386
174543
-827731
-210973
315348
171185
-632686
-46526
-809329
-310365
212873
-693685
809089
-134211
828203
-690491
139866
-373174
377301
-377979
-417199
994657
220205
601234
-464978
664491
615654
-157276
-489652
-658587
497333
317669
312
820873
86578
-203112
-364598
-800698
-583552
874255
-111596
544743
-978067
-390303
160555
-860840
-480494
764192
285609
844407
828783
-849638
-991377
-793291
317110
228965
727266
453543
-757395
-79471
-519944
-637158
-654654
-810837
318612
-51495
-67338
680699
-155605
-789915
582162
-908811
-782283
467805
-71046
782511
612246
-455515
466436
-784269
-444513
-107403
229134
599644
-500185
-32611
870671
179297
-172881
-50429
-331478
492371
355517
-167454
-828532
910729
-830266
-643874
603172
982155
756091
-971605
679362
850981
922270
-118591
54792
356244
-952480
-444479
272869
394413
796771
635133
171473
-314056
611326
-588373
458760
-769609
40446
330713
814593
702249
999625
-123422
-444713
-300768
-190258
-296878
-605143
-750646
325692
79579
390015
-812920
7868
595152
582803
-345104
-643714
-350086
134100
-142095
-369675
-463880
-195065
-34849
377667
554506
759956
501361
-300640
213419
-937788
-723372
99161
725110
699598
482753
-860356
474421
209872
181835
294476
-494962
714427
-961680
-445274
655159
297272
-793174
-79071
-693593
535044
592092
-128451
-581101
487702
275052
779878
-797600
-573543
-547717
-81836
-891132
-100387
609495
721183
353362
705454
908778
-318305
640739
453897
-578490
812775
-417455
-887232
-370951
569040
149464
548243
428549
-268463
-25504
-136034
266838
533839
427130
361346
293995
734131
104758
-329477
-935809
-48454
464801
-93987
328133
519132
458926
-393958
-933087
883851
456318
787596
-487494
504468
-973938
962910
640386
-327634
198905
-445949
-514352
-707290
591451
-442205
-437977
492279
-620933
-982464
921913
29897
548787
158022
-147254
872465
921175
-115669
955395
-624102
-287892
412898
65234
780894
-261651
-997462
89043
620006
42169
139443
-773247
-363210
804401
-991431
-264801
208655
165993
467737
-374658
-690961
220536
-488985
241110
-704302
172260
-667170
600352
-931295
-168412
-537733
867497
-318849
518805
792170
-205444
471751
-424305
-40468
-36006
-537631
-793644
865066
-962241
711450
81727
-826002
-530088
959509
-794550
-515143
754807
-41100
25350
-616705
-319552
-458382
-952652
798653
932903
475064
-881457
126862
478727
-354824
-255037
294211
-356797
768895
734713
-702108
-301873
-524463
-485986
864197
66526
-762545
-16388
704497
-233731
-534649
596965
-463854
904328
-20147
-354252
-742655
387701
-550201
964130
-290944
-261632
-720609
-376476
670266
322107
165581
-946842
-860721
788738
-841164
-567655
-613905
730093
-309521
712530
940329
-953473
401413
589386
745094
-792369
-390352
-124266
-379817
-810622
810581
492863
-678603
-466304
-343305
903302
-156916
3275
-343074
336043
-951280
542328
-273898
-940584
-996655
717969
-832511
562413
-905541
-286285
716687
241025
144698
-949199
-76674
544778
-15546
134937
-790355
587653
-542325
1569
-807903
-233035
917496
-900275
302548
-520177
304910
-187682
559025
-303158
335848
84883
-83770
321996
-681508
104625
501523
12378
-669744
-376721
-275851
-218063
-754678
-283208
254594
542214
-791258
-103535
885700
763354
880961
-970054
-513873
-956185
610753
305057
669462
-137920
662766
-398916
956419
-469513
541924
956287
808379
272755
-626805
-323341
-162934
869267
320851
-592558
-70736
-256125
350753
595830
237840
-48180
564012
-82206
-493272
946424
-643994
-529097
156080
186965
-667374
-931160
283590
3732
-846786
-593098
-279992
761688
-550116
206751
329576
-203652
-229155
-596211
775653
-375603
-328898
-35553
608795
645465
117072
-279004
-870207
273801
144526
-591605
634753
108531
337991
-658449
-16042
-155930
184794
578434
440711
-226990
-319619
-82986
743591
-393407
-333853
191534
887860
33757
57703
644586
-142917
-615157
-746141
-304115
71254
-133088
-363023
-403531
782649
-2455
-440713
617796
-211017
-219383
-356912
973362
-880790
-648042
160041
-432113
515083
118745
307321
980007
571345
295408
548563
251164
176343
362004
-836541
-954946
139564
-389234
526982
103253
-705418
244097
977274
-296866
332594
-945838
117609
-963619
515497
-327893
964311
-970230
-780712
700050
387716
-943707
861376
-411573
-475809
-578125
-244138
-314568
-732729
868737
-514262
-277983
-302103
847737
-203510
-110877
224291
103060
204427
-773203
561519
26324
163804
-104351
-844233
257820
259251
257682
-903417
-654160
415416
-916309
596330
588118
681838
-274164
-291884
-8998
665178
494766
-268304
405782
-196109
-931171
440692
-717922
151909
-801343
940878
-283464
43709
960015
700344
-97769
-761502
-272982
142086
-697770
178165
-861283
352078
358646
590891
105354
-537326
-182804
483314
-223314
557022
-340113
492792
377644
-850614
-669730
-303398
651903
369137
-953308
590571
356604
436425
488509
-384944
219395
285903
-644880
795541
183841
432177
-395208
36708
673182
-272044
-487414
-641151
-941443
390470
756376
727575
204195
-819830
-353387
-746539
-766120
-176903
-833766
-183144
81646
262774
991853
-909023
809454
864696
-598361
241428
609281
-349663
-849640
252870
183714
-117622
-392160
825662
869942
255171
-26155
-747180
-616368
439403
-401875
-770210
970909
9069
-100990
-476730
-465826
930902
457652
-227065
-881422
-297265
-41340
-265530
-908532
-602690
-271452
-696056
48818
-935704
-631188
-450814
-972483
-239001
-181059
426065
599721
-574476
-116926
-500290
964343
489408
-463728
-665007
-823407
863124
-992953
-933568
695184
-32902
79732
94165
5569
971684
15812
-328419
-441368
782209
290833
-609350
748176
747268
284466
710639
915042
507532
-362369
368392
220166
630582
-401945
-336407
897532
-774690
981429
-229059
209722
535019
495115
558608
-821617
377547
-6
-197987
129738
324192
80289
888987
268957
95815
-738766
-669582
294714
659666
192498
701710
962787
-720478
705460
-364869
531018
-230940
-392965
-872513
-264608
-899505
-321721
-540669
689000
-112899
-535458
-433485
271346
-243914
-476751
-625805
53059
-586279
29920
-385349
542706
857641
861902
-444996
820915
-352130
49615
-78926
581793
-490054
-548559
-641552
706534
-86228
-215743
-972247
413257
92942
-122195
916381
438037
-256447
-92009
-78134
778210
-258957
-120688
905989
176173
314904
263412
-528069
-162759
-828645
746413
-709876
-118716
-195710
-231320
334586
-560747
-795115
141074
887892
786190
319329
826408
362156
692618
-138699
130025
-259932
249407
-899
662875
102455
902608
-236569
291516
-52654
501365
-283079
-712077
969591
-10167
125281
-616502
-384879
362852
-823660
815024
-63786
-628677
945422
-169523
495216
-888841
417251
-987548
620366
-214985
753785
-827913
3424
363738
-671880
991019
192170
-493639
350014
432225
-537197
-344370
-854710
586260
589183
119001
427052
-977609
-907923
-28036
-768531
427028
-3702
-134813
-445660
388648
338540
887931
-613261
802482
219969
-134941
-387780
-336861
19489
-317291
462141
321242
755584
116324
-947424
-605858
-30907
-543705
-335150
-70146
-753473
821305
-715462
-100825
-494114
-401555
404417
963085
332739
-738408
452736
156735
208913
208916
626443
512413
346253
-358152
303671
359993
769738
-418145
785137
300074
204529
602339
-759195
-602255
-511493
-440427
-908809
27906
-165261
-539649
-779012
591749
386002
-617315
555242
434101
-886893
-91970
-326400
122253
511304
408678
894930
-52904
-87735
-192509
87883
2756
-834100
-874011
-270560
-715653
687602
-445159
925947
-878790
409687
-767543
686289
194071
370085
-878453
-629245
700699
-86444
129493
-504929
724437
902377
-307803
-929512
-546627
-535789
-56116
-319601
262050
183047
-89946
141697
-366802
353936
-758547
-933785
927691
21851
-579453
782849
801520
6440
777095
845888
899208
-108146
-729539
993041
881002
642158
734558
567314
473550
392171
-966047
-703899
-829334
-445371
-446891
217476
-889761
671619
892008
101561
566842
-624461
-917081
734515
872694
-781529
338164
-720169
-97063
270190
905083
-735316
-732057
-586957
-199608
967202
-217660
122749
242324
-364158
-347657
943953
-469671
-92610
-337891
-83855
833810
-456407
-287345
-537141
977902
173923
-751119
-372546
-499755
59440
-71685
-525398
-838755
-713896
-225753
-629436
20690
-859680
35933
-435803
-101251
-160326
-708787
472491
627580
-608477
-366787
190155
-888656
774409
254959
-699571
745199
-427195
-988518
-102259
716193
-834082
269590
467021
852518
-795158
-370332
-124938
-288224
792649
-888656
-829300
878165
398100
830991
-735979
-740275
-671628
782420
-887149
-70148
254017
-315386
-423191
-351075
-100936
-17339
-273259
-32526
437386
-338898
-75219
290173
-458761
-287759
450730
-398801
71074
-322059
736226
-52841
717143
175472
218076
66893
672502
690240
-834304
-351496
670717
211097
-961920
189272
-672991
-584725
267664
-768894
-868887
-43570
726506
-906869
-774687
358073
-856874
-923169
-893407
628539
69151
667356
-325140
-157485
719456
110805
383564
713136
-783345
252450
-683573
-18673
904865
374834
26340
909205
851457
863962
797595
169519
-522800
778524
-501891
-167908
509050
111652
875211
-783023
582147
-645658
378847
627288
8254
93349
-541390
410749
-417116
-982556
713118
679163
-81570
-313446
-493875
49620
-641463
385228
-810566
-95166
-642444
-337035
-440902
452922
-12058
-344952
317339
-42159
386151
-985150
-139707
768515
-288947
-27895
826295
43735
995078
-514330
-609140
624519
128745
-479804
-119747
186698
-390995
-329502
-149706
814829
-711597
-173788
131066
-388062
-361186
904796
-451061
203731
884378
-817062
-309
925006
-652630
876759
-497259
-159781
-843316
697288
681096
-237051
305380
-475918
-216952
-784812
954803
970425
711884
439972
326590
-925894
806844
770333
-704776
762277
148072
-220666
643681
154417
574782
-359477
84819
-944987
277492
309398
-791437
-715986
592467
-751671
360520
-494985
582073
397525
-680297
294640
-977579
746643
-874179
843201
205561
257536
514696
238273
702905
-502134
226550
888378
365013
-735762
-505734
-43196
-375985
-246618
285603
481658
63330
31411
472988
53599
-983618
-404192
646201
-338695
755313
78137
-50154
578230
-640682
383730
-976918
-796090
-184548
-581974
-849839
30150
225988
360278
-492550
92836
823154
-975658
402179
588444
122384
690218
111325
428123
-276135
668264
761995
-294251
926491
-335081
-165333
504406
-957921
-804358
-227304
-578901
987868
235500
-290291
821645
-945406
-573965
796226
-915754
244782
128820
-669149
770662
-846844
-726699
858484
287290
135980
-280171
510952
-985961
1421
-151618
69234
-348212
310757
33678
-653701
683969
-763443
-98535
-509420
62666
674958
-460278
264973
-973266
912038
116257
527447
518386
-833063
37759
24495
-933600
433611
687611
-99255
-294694
689389
561178
825257
-506590
-536410
-367543
-84396
-166874
920684
-784479
14805
-411690
272122
-193153
968896
-161454
-221645
167168
-919176
-611558
-402806
985442
585341
-61899
967502
-719697
-308111
-194407
-882900
90052
42869
-262687
730303
-89745
-620779
-453371
-976265
840752
849694
-31239
-659443
653265
-963247
-284695
-538854
426728
968255
-509089
-508041
215
579364
-378337
653860
226901
358449
-868443
-147386
681017
255520
-700085
313545
529649
69252
-238607
463052
328645
26849
-26139
172130
185134
929150
-156545
-565776
-731538
-326753
-796032
998066
-638621
384734
-65170
-492011
963757
276029
976825
266466
250347
-135328
-851812
234620
422523
176724
-510729
-601565
682458
755212
-462194
-799199
-354058
-129864
343397
513984
784554
-744069
-79636
-458325
862848
614058
-233299
219660
555368
-990929
575700
-123351
71707
112471
635275
89914
-813902
-788231
-857994
-53015
755468
-710667
-211727
26329
-429026
-540028
-844110
-446659
-746413
-259290
749197
609339
-676849
866060
-539353
-944318
874456
384552
742960
-973577
-122715
863499
597407
-390686
26970
89944
-897875
-77616
-686850
-414034
-641838
-57223
672894
818646
-99370
663393
249146
319843
931998
-982848
733244
-110444
239095
114509
420044
614691
864394
52821
724439
-682076
79272
242010
-497987
500072
-8318
599560
-208497
527987
-677103
-558548
-121743
-839198
257539
172045
-277134
-634258
-484764
286815
954946
-201805
313607
-720949
-992060
649664
-966330
53715
-631636
203769
-802672
186687
517870
158126
701617
914531
-280859
-169070
-336221
151308
-907032
-387819
9065
-197873
431974
-817888
563352
185579
-763937
-582115
-2384
-947043
-533275
-11150
-617710
188550
803823
-933636
-507441
994074
-295120
681595
500916
-715375
509257
-104451
-372721
158187
-696548
-436057
-887829
-129777
608362
-953984
906587
-364879
-398119
571210
-19979
297993
357578
865836
-192444
-12262
281949
-99098
-159418
-805185
96979
-97290
152770
237080
-217168
-966474
243856
890786
594977
362876
-158819
776433
-663733
-300855
-493502
-840311
311795
-618326
208616
-346697
-174239
-610153
-798155
131610
-259654
-945922
27811
-411051
-794782
-622202
-683472
999498
657508
856517
-673195
-473732
636360
312236
-400382
223993
313118
-639762
724141
-300759
-425302
141888
795070
-901819
544552
-255196
349806
-303559
-65660
465976
-446666
959960
-716049
-528045
-677844
-131961
-234913
-573606
-450894
479073
471704
830809
384056
312775
220443
564970
562063
128394
565885
-299409
-738854
602415
310990
-590314
494465
-689704
-330074
-460687
-572254
-493245
255214
-475416
205003
723916
-575760
613939
-113489
900911
-629296
380922
-937311
119019
-153975
510559
-302814
576168
-658681
-371215
-905684
-321546
391462
800679
-521838
276775
419926
904882
-430429
-37446
-421036
-631771
-154599
-26394
-923147
-328709
-386795
-308335
-515530
76322
621369
-407080
376401
651540
291756
958382
-258447
728478
928928
-9804
651753
-874671
16826
-276282
-13142
-736070
689108
929124
-677306
-231715
-602504
-646510
18881
-321732
-58609
-616477
45444
391840
519763
923176
555259
6540
476462
-546478
230559
589029
-896635
-314523
672275
-27679
144213
-614222
-256269
258870
633817
-302121
946959
-886909
597512
502565
-68912
136346
357669
-473288
-541793
-271374
-186441
353812
699805
156238
-423093
356247
-886845
969393
21039
153436
-170339
244585
-933794
-316141
-294808
-929242
267243
-109267
258578
-347353
795538
607847
2558
525404
699775
330692
126921
404776
492168
-661889
726053
-845528
119632
307186
105780
302122
457025
88590
-345650
-838003
-347781
-275905
-205800
626828
-532568
-677853
996107
-833037
831075
334782
-6719
-5030
-599114
758311
174594
-900000
922841
-561302
27517
-808656
-435141
512793
-150807
566260
288163
-669033
-731927
-933471
-418418
-240082
-183434
-164608
484103
657039
173461
815944
-961121
49408
523505
661566
-741517
258441
-240863
-322121
-756792
361410
992599
183339
787932
-963613
-622379
874217
-752195
-409284
724264
-995592
774317
374348
595508
-560383
-540379
-652040
-151768
179390
-684604
528577
502297
-239509
-923362
-809187
412269
191698
916660
232053
-783708
890704
354087
-417834
-675698
969809
-381577
-4439
-670604
369772
-999949
-768167
380552
-434568
-890657
190759
-808657
532187
-653048
169028
206503
801603
264117
-209880
279416
-690982
-881780
-570242
-351350
-814415
-66864
-242353
430187
-76838
959440
-167788
207157
-696808
-265685
19496
935656
140561
635512
494797
875990
-738270
154875
-281440
-508328
376997
-637837
-734124
-475424
756104
-419902
-297210
721697
322063
529504
224651
503083
105262
195378
-274561
-615181
503003
-681049
-868604
-872897
-801017
293164
994232
-307303
424246
-883214
872781
289368
-837160
-47548
328067
-249164
787160
-164797
773353
996041
439760
-365909
525766
-674647
584359
-609406
354518
-887554
782982
-714458
-565119
-710317
141574
925736
298154
452763
792010
-235413
-522438
-597764
794542
-353341
-43760
618486
612232
-213935
462748
-187176
984538
-184097
358565
-269173
-180001
-377877
-558955
131801
-681476
86074
216343
516657
953728
983394
858008
-572247
-112435
734700
499654
323853
499320
-263402
-555380
615878
-601280
-906386
260357
27437
-633210
124881
680383
-821611
61214
-786256
-31543
842766
-40982
-319116
-367473
848484
-998911
-997006
701109
716919
-170970
988176
-619536
-608129
806428
-969373
651696
759567
-489969
598865
-770068
-782982
757571
-330217
-648258
545533
-694106
330808
206872
-995363
-792650
-362740
-617539
-104113
753333
-191659
812756
444735
11105
449782
-624298
-789903
530856
-327149
533505
312186
742994
-423036
-539720
-920592
-457831
-616616
-695850
-309202
634118
970660
590922
-245123
803256
354987
792185
-349033
-72780
-257258
-760228
-28387
410459
63029
-523921
790254
-49340
476546
760805
-110474
-135985
-488784
786878
168456
-84987
-128661
-627448
-539458
-439679
-233758
-721663
892165
688982
-335728
-757679
380190
-805976
595546
-409018
997124
322587
-920090
-948764
-591156
348251
-643747
-236479
-618783
-86146
-747556
-273932
-854798
161758
713757
-956189
-200773
-410333
-579358
998831
-186135
858458
132481
676391
-67814
-107219
-647312
-167224
-410770
897918
473244
-410188
789848
-916562
31963
-151738
-780566
724041
185838
485126
-334179
-551014
-720926
118067
249796
603809
714217
981133
484947
-753603
-695605
-288144
-432292
860361
724785
980075
-17719
-477312
-814891
195953
-91412
-216763
111316
-19855
941208
928852
-542847
643260
117259
965619
773401
-519873
-915909
840
-602540
-108182
123681
-842294
974599
-848428
833897
583000
720095
789732
237653
381855
-430392
-633562
-885370
395860
-982836
-262564
502289
700035
-111681
369662
580402
-887739
-694251
284901
464011
-219076
876761
-996824
-53842
-523749
469858
-972314
27497
-776071
315008
915695
539104
982176
855212
371913
534919
-165335
-488267
543171
-30565
470256
-306389
832257
297897
-177873
385034
105240
-401090
292564
195431
233410
458040
441384
700136
81891
-530282
890912
341137
-848854
168863
-201432
847895
-572127
-146680
834200
-974760
715761
-395572
-245865
-479838
-759812
-822748
87532
-642886
-249751
-778731
952019
297335
995043
6526
-699305
648951
-276905
-110886
-584639
169400
-361530
-683801
996820
-889205
-787006
-291663
-224410
-199930
-629625
870188
-860680
-828704
174046
-506102
491526
185030
-530752
-288655
946443
-995969
944337
-157517
416079
-816864
-732228
-643084
246120
866629
757628
685442
-666464
212590
-813803
430600
-816496
768730
-298921
-744982
-780003
-273321
-89739
542218
716656
304903
261913
-913896
632334
573480
-263192
-809440
525974
21295
-768333
-981982
538544
145829
278330
-844463
-438591
-652459
82688
-566639
-866410
921020
-789534
-980309
195448
-419785
-138169
654681
-460260
654562
699615
72685
680591
672387
-108439
961095
826576
-319455
120473
-833517
-853577
553248
282886
107592
569144
-577911
16568
512262
-608887
408763
-450262
513291
-87057
348015
411572
-569589
-820319
-616292
-132393
247545
895041
963705
-172534
121179
771285
795308
257888
606832
49958
138922
901005
753905
674076
-308438
532704
818770
494514
-400470
-725541
331707
-82714
747039
653475
93221
693821
-400344
-910961
-399468
220375
-532091
918686
228324
285332
269285
-37935
585049
-385831
772609
398220
-986234
-787338
-173855
-498752
667577
130819
118476
376677
836657
844507
521452
-836727
-196562
-867477
391343
-866645
-474174
-435072
29645
205899
208528
572605
-796579
-613254
-427571
-276806
-504992
401431
646422
468016
329482
-596588
-767138
-481944
213942
725789
-102928
614139
-482405
246654
-99301
906917
41147
961571
-763032
72964
439314
-311706
933796
-32938
21745
213993
-540364
-276612
895861
372207
-187290
187015
339834
457315
-590004
-129816
-190865
960090
-880192
582093
-91719
966655
-192684
-330618
359037
-411119
639276
457358
-833354
-523034
-138823
457946
307680
375239
895224
669921
-910397
328608
-594365
208397
-60335
659527
-534578
-776575
477721
-199943
848208
-90312
-111243
299539
-913679
299788
216497
840270
438473
-56551
-509009
-555541
7653
263067
655156
-91073
825348
566039
676688
-36280
-984043
750514
-267273
650919
727069
-557861
-575574
916768
-96294
918199
915134
802873
-433213
705488
-925469
-545604
-913891
-735508
628627
-207396
70255
-56711
210711
213538
-813571
247782
-595545
527371
873145
-900206
983998
210868
-988802
-191365
-534733
622239
-766487
-987808
-864795
767196
-35177
395844
-745264
134814
881633
-129156
-702761
-817784
-600251
-806386
133178
424353
-138907
-391821
513704
-446245
758060
594688
-669313
271021
-337328
868756
24908
-547442
753545
-246059
169323
-324729
-624143
-890279
-384136
399129
338772
828062
342877
-133609
90311
18844
-403881
-335288
10449
920035
-598856
-985909
-959257
-341882
986004
-339300
419043
799162
831306
310245
-523448
-487647
-902024
-648013
-101836
286549
870333
-179348
783109
-302556
511183
-33200
-836765
926945
-350208
-157911
-200207
-576237
-757510
-702869
746665
193962
643916
-692518
782506
106168
862399
-176333
906060
-612153
-411649
-634423
-15687
-256129
-533636
-66031
-818728
-229357
-965925
352432
929927
479947
91336
503014
88979
267733
394322
468942
-813553
228551
737692
894017
-677036
-642561
-756864
-783037
804681
731481
-461297
-834684
-40631
-293995
56260
-199595
-942855
848429
-596498
208534
-20078
-88355
-333194
564271
586201
-729530
-870226
803392
819722
38582
-362244
897202
-905369
508356
614025
508895
281529
-153338
-236500
-265080
423761
-662090
-310258
873355
795706
-992256
-452496
-547850
551565
377282
96190
-85838
-199715
-702088
-72235
777522
-522963
-65751
404474
-694490
-101239
104210
701811
-755888
-170933
-807659
-345141
207471
648620
-864831
-591998
187104
556426
132919
627933
-256358
260039
-533666
-453236
96163
441064
-471716
107844
-627249
-476618
330540
-153651
618765
242238
-998801
-767917
-358820
-717822
669754
439083
633769
285776
-373648
277420
-113354
-988978
984806
-62402
613155
616620
891230
904071
215568
-26050
108215
-84342
-872747
468380
808216
574557
789431
-405407
481132
233752
-103867
588530
-154611
677839
438495
941174
953837
671386
-835749
-612718
-697114
777750
-526471
42335
746262
-262127
-145441
-507425
231494
-574564
985221
-694704
993691
864764
926943
-468267
-477513
146380
604525
-961763
558809
-607623
-118701
748797
833697
-83647
266542
-724766
992943
-773995
76012
-919283
48809
409288
-337729
884309
-205328
-995721
658646
768452
-376304
-533649
-221288
397578
-42058
547758
-528417
-192301
-434032
-491530
-798303
-71482
289596
-756010
496857
126361
-526933
-170882
-549641
-591834
313782
-935657
23498
-364036
524662
350098
574713
-797640
-742799
461962
113769
376327
-666942
-600420
711841
-647431
-741475
-440698
616717
-233827
-463287
-776397
729359
559940
-280545
-613303
-387117
748496
-591649
-380637
-314082
-326852
599841
-868538
381000
-488522
-24874
297539
-827827
598767
-822796
-670888
477027
-814751
24108
-58339
831859
473066
-479223
421275
-376416
-719060
535871
-398080
-775521
954167
375770
-204989
-650755
27246
199619
-751049
-448726
928598
-461483
-874357
471881
-626700
420343
522260
486539
703679
-893829
960906
-544939
900431
-26450
206614
872691
-869212
-410171
398077
-592433
152178
36088
896485
-534566
-79128
-92243
728698
190502
-396533
-84885
34185
564253
526258
-611916
450388
305743
526527
-921630
543853
-114377
-106728
-544502
70930
-839330
357491
-378403
854078
-744565
-856682
658496
372965
122737
232735
687962
-77167
-403129
-533268
496853
338626
413404
-573079
429248
386323
814133
-797124
-228073
240778
392104
594662
-431286
-483772
264300
-102294
-278797
773281
702680
-4837
-40047
-93750
26355
-436036
-153246
-164955
433489
-387369
456974
-766241
668533
674013
-560898
-350848
-463189
987273
586470
23909
578440
661658
675031
178419
-241958
912156
-824130
281262
-611747
-245958
-213718
749094
-827977
759664
1875
406914
440736
-553235
391457
474279
-452148
385755
-352639
-506116
906994
536011
563839
-118324
363075
-98261
-4093
-351336
984658
-124048
-603724
419283
36333
-733506
277033
-290368
530948
-107994
-347974
707784
-223722
385633
894384
841064
129624
591918
893066
-715785
-534988
-207433
-409831
565256
449407
-328895
-576209
890487
95192
-453001
63840
-761853
-870585
-331434
773486
-999281
-9960
-541914
176377
756516
-341677
881173
840945
410931
-707050
-462525
-444183
567886
-680564
-34587
-790243
84162
-446492
410023
-954613
-11817
-107177
-482164
-193688
-517634
-605228
-103408
-849223
744101
403550
688006
927879
-46741
-571695
180980
981382
-788929
195788
-296505
-674269
-646400
-713882
-477124
-664071
-411561
654309
429607
52245
-988052
685891
849765
-192423
-40246
848200
-283794
145068
-241154
-125292
561812
-151232
524597
-946455
142569
-426417
176899
233655
-846441
-122449
-858938
-821730
571748
-243579
537593
997248
116082
-487303
-743847
182502
609240
858486
-648375
464104
238544
-868009
862026
145680
-975314
752982
-278690
444262
-26890
445598
-227721
123473
374686
117595
436120
894777
-56688
-954731
228175
739087
287930
-748322
290198
-446266
471348
128559
-36134
17198
-807955
-146876
-314724
308630
224717
172986
-688966
-779946
-385239
-424684
-278243
927637
590419
706017
-522000
178234
794851
857016
87017
505533
891594
803445
814077
-361205
977194
-932144
-941842
-103909
51657
-450414
-142475
532584
985257
7362
392434
88998
-370482
461253
-161467
291559
-769079
543889
-103468
434071
-799319
-200281
-311367
372667
94347
-836538
-810094
347914
-538912
-868366
58441
468711
-7690
555710
210397
913121
694240
-238737
381586
-440249
-912402
-283975
-786041
312030
166738
-436955
432364
59641
42413
146725
550416
392702
-60206
105028
83975
912931
-72908
-45488
-524288
10487
924554
203215
187642
478156
31616
-77056
-112304
746870
-565372
-762656
894351
-533154
461099
617396
-824954
967936
164658
463454
972310
393608
-181710
-446060
494243
829256
711199
137186
723977
-368142
833197
-571489
453994
411576
718060
-370239
457883
954109
256944
114370
66219
279244
708845
-413356
-896872
-462587
66430
-124511
-40156
-412950
749077
-854546
732351
-929897
584823
184806
385625
313588
307472
-43060
-288694
579250
889898
-592684
-303871
47938
102025
-412667
-400931
-333434
802647
-974671
-826064
346671
-880961
748626
-516899
55810
-380264
-16467
635697
-185721
-294845
-153706
-648434
867711
620343
924419
-397239
-860560
662061
65895
913655
-892409
319710
-992970
947846
-806404
634950
585833
-544669
656397
747426
849731
904658
160096
-286563
114472
128247
229840
255923
27566
-579559
-294167
223635
738458
-668759
115937
-523569
-980063
-839620
137923
-228006
-23013
611137
-976474
76165
977376
825362
359183
70418
-921498
-643089
-369168
-35292
-456925
-54659
-645539
60429
-563817
-93143
-755349
-888132
-298357
2708
-6834
-863542
513010
-450317
-704411
341131
-417962
959683
-240780
-649651
191465
-214668
475039
-833025
58673
889590
-782603
-733083
-892068
-161573
-91745
-608112
390290
571892
271425
374689
39618
-945575
226346
367617
-441996
-25289
-188051
-218578
-351742
200878
-223422
-389897
-142923
-143312
344264
-373207
672883
195480
-73651
748295
888689
-777978
-378247
792163
-919738
496321
-144593
999694
-27863
-205208
339097
922728
606249
23498
-269846
-216595
-14511
870326
186229
868598
-206105
-813291
-256802
936242
-182799
455704
-515745
1162
164304
-340239
591835
-273922
683604
97599
943828
-88853
-737393
-7655
-476693
-252473
-664012
603063
99571
721318
-758958
782311
-715036
-511965
-987833
-758885
293170
-801657
-247506
53305
-11380
-805658
-280621
101975
133851
-973770
-153920
364380
482691
-917487
864410
-751275
-683529
2617
356594
-881296
690595
-17336
-188463
97409
-877974
497420
-308087
-276161
-844534
11804
510694
364230
-179227
-597064
727555
-872276
-457389
-20608
-393141
-296539
300912
-685118
-81720
568253
339001
-991752
-490779
-105849
897164
-363080
-367760
-261347
210055
614361
866407
-471096
-241721
-642474
-42685
-886265
454659
-130701
424093
-631181
268176
801734
-557431
220685
-707636
311946
-686816
609232
-828576
-128889
318405
-903071
-871625
-387374
-297525
241954
-336777
-599489
919374
389374
-192622
938315
194172
-365206
-768173
-864220
-811444
-219528
-489227
-334542
-121401
213205
-413658
623969
609200
-10214
-335752
-705847
-657785
-693377
-119108
-827881
941912
-112647
748639
-508878
-615920
625466
-948855
-344175
-953553
939052
288983
540167
-493886
631526
-465142
804044
-701829
-144694
879028
535244
-71371
-207357
908285
-411917
666839
-377195
432313
-777111
959853
-428095
730590
-788616
972003
-262311
980075
729686
-257202
269093
-930666
400918
866456
-182041
-436635
748245
-482040
850444
-176744
985396
-545808
751283
215683
247629
992713
624872
-541263
-168039
-232783
-879256
-158271
-779717
322004
322372
-550988
767212
-864265
-587057
175304
119996
510633
-386433
-353783
212140
-690170
23835
908931
-404367
155030
318082
-319575
-325490
-685275
863172
-940302
523775
386282
143020
-548215
446530
15228
-45240
878300
879745
959151
-126537
-201292
800781
-236631
904551
-486972
604041
219488
-982144
991953
-756235
359061
985818
-356801
-429470
329709
-144041
431818
543831
-96205
100619
456017
770366
-275318
131347
233568
96053
-719743
-540915
550396
224354
-736521
-623642
-193259
-480252
955850
-558347
-997872
393221
-597673
-250365
530053
316149
-264754
-973980
58026
-674890
-384202
742837
-158316
-365636
-320123
948803
-976883
-43339
-886820
965296
617338
370120
829980
-853629
472509
481238
935913
54968
166772
-386143
903504
318559
-991104
899393
906796
-857353
758956
715350
-318240
-167764
473412
409732
-377675
891285
-679251
285984
-475908
742013
202121
-930792
822587
199238
144199
832328
113706
-99960
-616344
98027
-661008
574277
477725
660514
-968656
570103
-756075
444499
-651989
181663
321516
-629850
-200359
628136
260589
683125
-913224
-631542
-937003
523283
-320406
-554579
659402
-97972
453814
-107957
969448
172250
-587846
492854
-618667
-509506
913798
606784
644118
245189
-966584
134943
929563
598101
-838327
367481
-424443
-582919
-158328
263230
734549
-627532
-573433
-439951
-634171
-537052
-579546
-734955
-600491
-161346
657251
-338312
-163096
-225198
-229950
261067
644436
108554
376951
27926
-7919
147930
556165
-736248
-715133
406778
972916
670814
851955
149315
-836652
541378
-40209
672194
-80046
-527639
648716
459378
-963958
653856
864679
-660531
217033
-950138
-98992
-628245
-431052
801710
631641
450906
204186
241929
932742
-957697
-435603
967312
364005
-821621
375766
-524137
360662
148514
-822856
-293189
260094
-257933
-547022
-11442
552005
-138811
643921
402040
659067
-209997
756793
209785
-535579
-721895
836416
-545140
455620
829691
-993053
-730639
-249315
-657750
-578197
-782264
-632709
33334
532226
757200
-808631
-687553
182726
-658771
509268
667957
-298075
395157
736404
301895
-786871
621129
782755
125046
171496
-621300
-988747
-831399
602547
62752
516639
439440
454293
452363
-173548
912521
334128
220090
543914
-696051
-816800
134204
-318978
914229
-494978
697469
-294332
-420898
-31690
917888
617089
-770344
177030
-500453
717255
-795146
737785
756883
-306247
981928
258414
-770647
-350242
-253017
508365
-869246
259646
-127159
517762
301401
388049
-75726
947853
305400
529040
-456130
830155
975184
-782145
592124
-206817
-317790
-635257
-917025
-68522
-404538
862185
-69011
-130028
-114877
924508
-555397
-260977
179650
54922
-4415
675560
-945162
-656197
910333
-164388
188246
250659
462299
319817
904450
-919831
419030
450025
175498
-434626
668702
911027
743480
-721753
-11742
-85472
-17767
110632
-50364
-88942
-913318
-512100
666037
-775569
-308344
-622734
445288
-679479
-55689
-247796
-488997
-461039
194677
580864
862126
-274683
480510
79690
-353788
-261126
-864187
455633
670894
821217
673178
-802503
73659
-59740
393517
602484
-128291
758226
525422
886114
426662
-394665
122664
-780180
-340541
889314
-514177
-33772
-651525
813682
-442694
-209922
-679276
-757276
-166723
-474710
868268
-309845
-368575
282100
-310412
-36132
156449
-753913
-791963
418378
-889684
-438124
425728
381129
-709496
-859347
-43411
-88616
351966
-184808
-893366
21759
256818
949168
113881
863078
692394
231024
557649
670017
-726697
428945
278630
-537066
9834
-638195
927961
-377050
-489440
-678202
445889
770434
-670552
971771
-722935
-346265
156499
-641833
-809499
-341603
490998
703475
897783
241387
966375
629469
-197001
200139
-333147
592494
610172
654317
461806
967584
425848
288216
952648
798278
-836613
-80594
339689
679732
-281445
907905
-262962
-552924
172899
358431
-500668
276334
-926053
-915545
451497
688686
31356
332381
16294
-445419
708167
12249
-350240
-322738
-319899
-133630
755871
35024
904603
200333
888091
-593528
797947
667996
733086
-539269
272481
-553607
-388544
913398
387638
342107
158541
-760424
-132074
56128
-432923
914036
16394
-69608
-581866
680199
-670974
957442
-854884
-578402
540513
934219
737963
897346
-493738
-837436
-505359
366181
408872
22279
740716
-422969
-126044
853591
-908840
699513
-228165
-487647
-419928
-120617
722670
-300968
-484420
927947
-190565
967197
127066
-277757
639647
24353
858315
691460
-925076
996291
98080
-818573
-406872
-721176
-859928
476262
-629324
-394592
-548672
9649
-631751
-321547
301665
346154
859661
-226435
-508379
20747
-167320
-977633
-686167
-531910
297318
-228925
-175848
-939865
-553181
-102572
482851
722739
448345
772228
272616
769739
-527736
-942291
316071
-416340
-658467
372725
-126261
-161720
950658
-852750
946054
120332
-329444
-139180
-571518
-950413
-108781
71255
-510812
-702506
149620
532448
-142123
-728398
283422
-593605
-685005
699074
-843798
-511784
28501
-297792
-183405
-102123
-744145
74768
373824
-517638
123431
-758556
-600603
859653
752294
-414902
842517
-405813
-30509
49765
-414642
-612329
-322806
913739
706391
892837
108900
-557005
187685
60994
-549996
-119754
528129
-524632
-814820
993324
824654
-306890
124293
33698
477646
470348
522091
-466978
-316881
-456993
-804166
-423378
-299213
-801590
625921
125424
-686649
428763
-455595
378714
37667
569281
-764220
352029
-365341
679042
999269
997008
862635
-114674
617355
597429
-54157
227886
-8100
548470
-124710
-717959
771257
-461414
-384088
-605534
-779932
-34785
860681
-562672
926485
-712751
-599701
-335411
799142
-689385
177978
-926053
-75937
-839340
409431
716045
-182138
711664
-672193
-107645
-590930
-327566
903081
-188629
-849879
-721478
613269
466817
147353
-588706
405878
-812717
-101710
116752
-618604
404150
405629
-554000
441598
-133458
412963
-498915
-168101
-964473
255590
-963195
-264781
-493577
-458193
154886
-92129
615916
-912972
-228703
-776946
-942740
3419
-872013
246270
-658018
14140
-976758
-369538
254947
751277
-942662
172797
-521058
-180912
-623265
-584243
-259190
-145814
114385
682027
-102253
-439137
-768226
-227793
-566778
263122
671973
110376
347834
329724
-783142
312353
-118005
-280950
-999365
-435264
626626
574552
-133585
15266
-368124
-844325
318072
-786688
141853
-660459
612518
733767
431368
840334
363531
-880286
-141276
84190
-70832
753954
-300206
-184510
-251274
-867885
872423
966654
685823
-646506
-685482
-370740
107498
-171004
682586
-369615
268960
307955
-375985
-139131
340137
818113
969493
-295269
656392
646150
130772
-78148
-208334
-406
44824
-369910
-784160
-91656
477127
467622
-848549
-273487
-476333
132435
-525093
-392369
686406
978489
873304
-404904
32754
614696
-506188
-649058
-740135
-495304
180815
650984
409057
-209955
-170387
554468
-926136
257832
778353
-741838
-606293
-897264
20068
736022
-226197
531133
-792804
607649
-90088
948657
-469065
97563
167307
-377930
-682813
519178
195304
-335343
-60498
468526
-853891
143196
-369534
330854
-214496
-914539
-329896
551266
273154
-504340
-458630
897829
310356
-489340
662942
-586501
-348053
-887907
-78858
842695
851394
-820901
649462
94280
-244864
-804292
-20397
-96915
-779434
-715641
-118460
-971786
673004
524766
393453
-801153
838539
-608546
14054
564563
-471696
552268
388081
912879
-216177
772063
397414
-279111
230100
-43675
714501
-474423
-834711
-642132
-901822
95905
662312
-486435
145750
432454
-101317
339603
815404
-487439
336448
-573193
511217
-483181
547756
275143
-699753
-672019
-814831
-326523
605264
-83199
-788183
721877
-647843
693887
453458
986681
325530
-878968
-317441
850856
-558007
97155
273293
139974
417552
413778
-125043
979267
-55384
-80556
-779191
153945
121970
201360
591042
-826784
320554
135987
399086
-804604
-875805
977391
284129
-478841
237846
-196422
-918267
-415378
524410
248724
-543453
600832
-162802
-294694
644213
225694
241112
-278756
727741
-73172
-219945
806259
415091
-841149
7411
-23491
765115
233042
-116393
248538
680940
-172907
478493
-613170
-405802
-548472
24509
275845
-803361
-554086
844893
193544
-797085
-990635
-10438
-911515
242175
-164746
-461906
-901984
555765
944164
-701156
490274
-123409
537888
-744014
-276268
449258
698795
-528092
570683
142716
381277
999537
891901
253018
-746515
800081
-243276
4306
-15678
-165632
-668594
928671
-396357
189229
-454283
463795
-746056
-324693
548608
328180
493690
-714777
-600808
245089
681257
38024
-372349
888290
222838
711050
-933025
953857
731759
357340
-847268
613947
267287
407818
-306598
86971
-616268
-63815
983863
-3727
-345883
-931096
894819
411333
-202449
845123
-382456
-745815
-368402
774544
416664
-384995
-537531
981398
608675
85699
-67160
-213976
-545072
511152
915908
187243
-920207
-221145
927581
115917
508739
325807
143591
-802938
-705181
-529659
-49126
448464
421345
682237
94707
831105
-149307
903415
217978
-340830
-769402
71606
612361
408930
79771
597417
131542
-168003
-663009
-189689
661163
342940
288385
182112
450417
353649
-800778
889175
864978
205515
-904941
121562
-800696
267249
-421929
-158126
-833543
-185390
-677506
-548650
19193
-341743
-34133
494813
-571694
-74688
-918514
-892624
915167
-515120
-716840
198332
988721
-224144
252599
-882938
715902
-641770
557876
-597730
722381
562297
-532504
608122
-410663
412063
451692
-157869
-913303
300938
-16808
-341595
415160
-275859
-337764
737850
-129979
888962
838137
532512
-131360
121146
-458562
-269118
383918
-165451
-152423
-878942
490051
-393833
224874
420930
-946601
814194
528766
517747
-468909
-419427
-647415
-165443
-442953
568747
-196270
-457268
-443795
319346
-463371
-713492
821075
725755
500352
-59578
-619580
524712
-224275
-924560
-471982
-951175
-147223
300250
-19902
-752897
162365
-923002
-755855
656427
506390
-440025
380243
-184703
899409
868873
742564
925607
-318957
-993329
-346125
442218
953692
449477
618364
-57118
-419491
43130
184431
-760066
141892
358797
434300
641834
841822
-115594
962266
698008
-650301
519423
-671843
599602
537478
-617226
-728394
-557730
907632
-712494
834727
704900
-351923
-428232
106728
788804
729717
-854011
-674934
-520155
532500
-316358
-912110
-224943
476636
-244266
-592565
176262
758302
-373199
821329
729955
82247
99494
394079
232967
-373357
382710
924890
604253
453662
91891
343301
-394100
223878
-882000
-432043
-655856
781551
563624
3317
-82051
286705
-834612
318727
-975762
597802
139785
68566
-548686
4095
970548
829283
-904739
-644178
-110024
722107
57445
-305433
395324
-264164
353395
-915907
-216426
780090
-443482
-981557
-555762
889511
-268146
-95625
783000
119261
-202746
151959
-62093
-595281
243420
-617349
-836838
-747052
446182
-608759
795509
-866663
575968
716813
-838397
-979612
-502149
290639
-831477
-774955
-89409
288047
-731439
-636038
-896653
-466671
78955
-924189
616294
644980
-668488
367574
-328502
542910
-66673
140324
378356
-791390
595138
531462
942919
-570417
-235125
-874563
147582
753334
869834
-466417
918825
-866177
-70038
-889793
-797974
-818566
-110667
484238
490696
-559056
-781187
-960056
608736
686555
147629
990481
-774129
790631
-205135
381814
-81421
-961431
940473
-106156
963229
705270
-214566
-921249
-607794
31827
-298757
-955081
-804210
896936
728029
-651028
487826
-626150
274486
-186693
406368
-825391
774951
561229
644733
598586
-326016
247795
14133
-496567
16052
899350
-773249
237241
568759
-928876
348606
-846738
-729749
258971
703689
-715999
261225
-589229
556493
-252221
486681
478630
866827
-311038
392193
900982
-915071
-189166
-966775
-213289
-15210
-23576
484257
-596918
419120
-437783
-547366
-536434
-426784
-509706
670469
-507013
287331
-529385
343592
-28614
361952
-822536
-846995
677850
364996
991855
601687
-221400
-888307
753679
411736
229575
515361
-959118
231456
32999
287320
-268196
-522314
88875
-631612
-168018
-768959
-784507
-871908
983654
389283
305460
-726359
725586
343345
513162
149508
-225475
441600
296086
535373
-697366
251378
-191876
962138
-499416
-555187
729401
-20909
-560167
397394
-671471
-834243
-381108
-515349
-585232
651186
90738
955545
417755
601763
36973
883531
-495075
-324765
173121
-911153
-228861
-525753
-772400
128302
-726377
-833496
-697164
65888
-96213
-99111
-837612
-986050
57056
-469316
846155
-871783
145113
-751790
262205
641565
963950
-741252
37702
104550
264712
226216
821212
-188103
-677874
-321034
738420
776547
-376960
804112
-34423
-966579
-437282
-198601
329658
-518181
-563371
256865
-292516
728153
-960533
790845
243427
943560
17955
-796946
-864831
-772723
657478
-253359
220174
2303
651805
789027
481702
97630
609227
469090
867481
796875
792008
212033
568045
-324865
-701942
184356
226936
263753
471391
-608595
11147
-435708
-789952
-62557
-52857
-803776
676512
-143215
-318830
149289
-342384
117314
-256058
-6051
-423795
761847
-142312
838739
-764604
581362
-233770
566013
916441
208049
-753308
295633
-465576
394862
-534452
-996002
-471519
860786
253592
349039
-874862
325892
-506310
407017
-415753
836448
-206402
50029
647475
-272595
792702
-845769
799088
231849
774682
-331290
155594
-230181
221247
-844408
712338
-648921
-830239
-466763
903515
243244
393620
823415
460416
419101
263186
758916
-173292
181962
-444594
717272
-860845
-860394
579713
73918
-2258
567543
-599724
897699
-185493
521284
-596006
755008
93184
-447026
-176672
571710
-377910
384682
-758354
977585
-88146
-557863
-610702
-744883
-150812
-671675
-980368
-710797
1941
911326
-332274
-702394
-370880
36278
-691499
-551130
-75788
552892
-646520
-832826
-412665
-21589
-49745
-636893
750295
-779955
726256
306991
26983
-748671
572374
-261971
784533
-611381
-771261
838316
642857
-130718
-514846
951070
-565372
32223
-464861
64623
-397884
820686
312452
356672
505855
-202112
-957130
-686863
-868486
-925007
-729700
-862166
368235
-269599
807270
-996175
-605232
-856425
-337142
884204
886204
-741553
207656
333263
-818243
-302180
996466
59961
214902
759381
982716
995478
-433044
832988
-688602
509801
-786326
-557578
837034
933949
10348
648218
-975558
775250
645124
-636126
493575
-502519
773232
317074
711224
489796
-606623
-887889
-170843
-736985
552870
-539899
543059
-594884
-419732
-518378
-479116
607827
-489498
-219432
193105
263395
-979392
273309
-914328
-206533
-293737
-410601
901619
-756130
182074
69019
554553
982878
153751
803038
-141273
-517962
945003
844428
-359067
130873
-890591
755057
-78920
69508
145914
728211
-268307
353183
-451523
92403
-852785
798528
-938050
-68145
-141529
504215
-799246
203770
506157
912425
-400846
-895627
-917503
-887538
-873000
912931
427656
-440301
-326890
-698127
406596
486144
815650
928449
148564
644047
-110602
287734
-539200
278486
-2650
775743
-658486
937901
-143082
159397
977409
-726305
-705097
390064
-543271
-472577
-757181
-333375
695712
433806
-478832
892950
511347
-190326
914938
-26515
123499
288847
338765
950486
387434
121188
-470637
-658901
-729950
915945
-289302
65500
118599
-193511
-842300
-449645
-795169
-113469
-217848
804923
-158011
-426157
-971953
-990770
654234
377710
-702688
611594
-76133
692139
548425
-354837
-473869
-455286
-85362
-884667
118151
256248
467918
-584192
999908
34333
655736
-395110
-945856
-74044
146496
-305237
-495275
402572
-625906
230299
-359277
134517
691460
-962590
-191252
385829
655125
-686115
687678
-61162
-93036
585064
991594
154656
321851
-291125
-380172
795593
-504456
-854749
-368063
-979883
-797193
274444
21864
524298
-977872
-463330
247678
529485
-903180
431671
427131
534023
-954704
539315
-630736
201276
77015
22269
-51929
-304188
628918
-448288
-9194
664980
-3555
504901
197773
690659
-466625
-216444
-153890
-284416
764296
324855
-115593
339874
-838377
580815
687392
351190
20732
576084
-14080
-362358
489495
877332
-574697
313497
-730286
-652566
-711004
-946065
706591
967993
-155025
-977875
-892033
-958000
169848
-560051
80130
-133025
-678793
58252
604236
685958
-285748
58434
-352167
403117
-237568
-270727
-272871
-962893
116906
-126587
-677870
-107267
-934210
-348734
87184
574615
-362062
402585
833462
753080
-367879
470371
-514917
142432
-919944
-641472
559952
780405
-678592
-179690
371187
241204
517280
690081
966893
-585345
-789852
30189
-891147
-409824
-721198
-223330
164068
638650
578508
391701
-885612
163970
150994
-585657
137590
180134
979916
484814
177263
296188
-8428
-212496
888692
219352
-462477
743772
-236083
-6665
-467243
-227833
-322908
-765100
199181
-443312
-965995
-365076
775999
48290
-842808
650266
497496
769407
-7320
-691224
-746672
388600
-856204
8558
-807339
-416250
-489211
-544271
703415
823046
-455036
151806
-300582
-439490
-549385
-741487
302767
245780
-208970
-730953
-915309
660517
-48495
-533081
-284509
-451861
-345918
842047
703991
444606
-633970
338369
498952
900185
-166526
-369691
-660544
-64769
20712
343704
294533
-109670
13215
799944
123658
-527105
-439732
-671895
928067
922896
-939869
242289
-965352
-312661
-288740
-905518
728317
303476
158376
298631
-37199
783128
816162
959567
-316959
832910
-370609
920462
-411143
-783016
879445
-511589
964807
549442
-315398
677372
484377
733488
-246320
106919
-993547
212637
-250371
-428612
-171156
421167
583466
984426
778693
176838
-748385
966159
405761
153380
-45117
281652
539361
773553
270860
-375175
-245741
-463909
-746962
-614984
-92925
-568241
99551
-925697
-33654
-644491
845608
978926
495893
612629
835084
-796509
-81666
-176728
410379
-757687
406458
-725828
516086
-810687
343637
722441
-475379
907733
492009
332851
-513243
413773
-432791
499690
-264208
-168815
735502
-502419
-151264
-532619
743109
300893
798788
-290432
-995838
595492
991142
-418476
181193
18604
545059
48106
-5148
969932
-620455
-776011
209800
-836899
-135164
434249
401258
887310
474586
883808
-560723
-856306
119667
854801
-856143
-580231
84146
-990674
738424
-601163
17166
841810
-942262
181558
-586704
694800
239906
-905563
210626
-141633
-218245
915889
896737
-768087
-574314
608460
431027
-606843
-694601
-191276
-481630
268615
-99885
962241
-745292
-688536
-926499
-184672
965153
399796
-429466
-785303
474137
-484622
-129219
437789
-945407
864354
125268
828175
-726219
-973091
-96899
921643
-596942
-583512
801468
63300
-983147
-46446
276734
873298
-810401
-462494
-611815
-672960
-481527
-675213
-923028
513645
714221
-93039
-496240
91321
581878
476630
36375
529046
-779120
-774260
66628
-138966
-29237
580420
967187
-152396
838143
102417
245521
714374
-327055
960360
934950
499160
-327611
102753
-477892
-371339
317382
-522102
-692225
-91319
-754022
772468
-804750
-713938
887901
276196
626897
44364
408779
-549718
-358114
185707
-202629
375304
614602
591314
4547
784489
-480173
847604
-234135
25782
-242960
597569
-286832
-528439
414752
378193
552193
-39791
531532
-555450
268578
411540
-505194
70556
664856
-37997
-437265
-542967
-36924
361482
-475599
245400
-179687
-921489
136884
614213
595825
-787864
338712
-589609
-947573
-837791
29144
419688
-295047
397253
-20215
801875
434391
-876198
-395058
68484
224122
948798
586115
256578
-162194
-215378
-596006
-840084
216530
802183
349070
59200
469624
840804
406459
-299436
-434807
22468
832148
430958
783753
-524285
-479043
728930
-329345
-529672
672619
948473
-634805
84266
968511
-152907
954970
-21254
822275
385765
-193676
-477524
-458760
-560132
943331
59359
-737068
960269
498789
-574961
-389926
-119019
853176
-380838
-581170
-196335
-318299
375543
147499
927216
-58283
132823
616287
669811
388646
492289
-661097
748288
-349794
-219958
263493
550613
-100648
-277545
30177
-192227
993953
-748345
984499
717312
-245002
-144258
-324326
-708977
-948366
-580095
101713
-298178
275872
-929631
-91159
-908740
-469755
648016
-679941
-284087
539339
-314498
-530302
973284
-237617
-260925
-959037
641462
-914524
498266
-540928
405288
-739291
394212
-322769
-83539
660514
-631779
69176
-428277
696766
-32671
933915
-676570
-65774
445259
105607
-149315
-65688
281069
-175035
264179
-948858
91436
786034
-111508
-347434
-27065
291539
444454
682337
446026
-814806
-113735
-163551
350542
-377743
224560
738661
950230
-624897
926036
49742
909309
-986817
769376
781313
141123
16365
141721
713849
904984
101315
251408
793258
-932163
-839495
861110
248662
852315
-442301
682541
-725489
845691
-996775
-21761
-95027
270421
911390
-66855
-574854
333483
-94584
781322
-798167
-647178
-265590
-873064
241433
-654995
211428
960128
204695
-908712
-580661
-524367
693931
-483721
412838
-960933
-938629
109514
-635261
-925126
922750
-538464
-91461
-628646
-208564
-623441
-792599
-766792
-559220
-742151
-860754
955646
-8207
368623
997104
4389
-674419
958602
131615
139273
-839257
-224082
-494849
369920
-943873
687612
418821
-934807
-41605
788792
-297791
319037
489263
529001
879349
-920826
234210
44174
265766
-371770
-838787
-50343
-246065
-849790
445209
-496810
-644263
605470
-452686
-402173
-375624
830549
677619
816914
774356
864353
729030
-881744
524805
381373
-948010
878720
-337450
-100611
480034
-402996
420670
201914
-889670
574659
-789662
-208714
28028
-732241
-210988
199235
73130
-666487
-803269
-121072
539085
-83049
650475
-427968
878816
-729641
907768
763910
-27226
350059
195610
915118
560605
283320
387649
313264
-674218
154416
-651785
214925
818296
-828144
571354
-82785
40653
-629477
938013
-595474
227388
12342
98953
838401
-497656
571573
-338472
-313
689509
-84413
745738
-18501
-49505
-794514
336273
705977
106838
-892990
-399561
-251128
762683
-272938
252791
-459498
-58015
-438122
949595
-874593
783763
82702
410168
-888513
-187489
126757
-471901
870956
-466495
-866193
757729
-858210
840599
-254623
-649556
-968314
464344
952525
167431
403699
651757
577412
-577909
559902
774914
-504106
-648904
-566336
172698
-567491
131040
-201570
157049
-247038
325028
-394432
388593
875050
-156767
899689
-99768
757944
838736
-534018
880410
554326
-881680
372962
38658
16453
-200403
-307320
421194
267343
-204996
-284184
620935
815356
-279639
-130134
-242459
-685492
264599
56732
-376298
-480660
100958
864932
-244440
-545767
-217127
-462428
5929
-606926
281058
276001
764425
-222806
288395
-70744
-656934
123416
27721
812149
288327
-837784
717207
5140
948808
177942
571820
716973
-150771
13862
490809
-389697
-421064
878637
227512
180249
429318
672012
670356
128382
-30436
-110799
-859817
-121496
626743
-500156
-499792
271044
353263
-100271
162539
86257
-805717
341470
-253151
-427255
-622232
850067
665208
858239
599998
556274
-771217
-568167
-541656
-795744
-889141
650194
805656
989921
-331839
-293018
-186112
706873
965767
-871509
-961301
789070
-874408
998450
-329932
475417
-938521
-147433
-331332
22094
655603
993864
-661831
-604262
-391993
-864691
-753431
371341
-557181
936390
-519360
-76253
-492747
701103
-980022
-335303
28606
-730640
10987
-937872
-837241
-171230
-292102
724675
-98883
-274514
474957
-796008
-213124
-336675
126094
200845
163962
-321400
61995
909351
-100027
959837
298750
314835
911457
-270668
-917249
150855
-206523
717132
555831
-998396
-767425
782018
820862
754254
429696
-525788
974754
33053
8693
470113
863570
-403384
587804
-322086
-951428
406686
-335375
-227607
362654
-136892
229042
515632
492349
-613620
767820
-270876
143607
-877130
-34128
320725
4503
-812246
-911627
-364393
755071
-983089
933805
197981
-703511
-332888
110660
945050
-705492
-931162
208240
900593
-625299
-987593
-920695
-629554
-66202
-782793
255013
406164
-469243
-235595
-147423
-101631
-937427
696419
-909805
791246
-297304
875535
112221
109815
662468
247573
-647250
805753
-344913
-834300
860478
152884
-619238
862936
258141
-711649
646284
998786
814121
772679
-825301
-160035
161483
-692045
-475912
-945647
458354
445375
219024
779212
236881
539916
-117777
483342
-517076
-806746
-844260
951573
-112628
-490646
74176
391348
64252
-128933
-234944
-685071
796868
-647800
210563
-387347
-558188
-789751
-798017
-401240
-11463
-711600
506791
257017
285700
-517766
-5266
827633
-537462
750730
-530511
-178999
369093
455536
-854981
71971
-462724
233417
-613047
597602
641136
-590885
665434
102914
177805
-846849
-464431
-968653
-431343
-120127
910587
999572
852793
374832
-328234
-737270
-32169
672915
985587
-604491
-590948
6085
612738
-879669
-867050
979295
786761
-876183
662597
-45657
-851361
468715
505213
-547551
278789
-766208
146752
-137996
-545531
-591264
-9451
659065
-114747
763152
-925261
64659
505340
-39044
177848
-519160
836120
-587662
429515
175364
-997291
-59372
403618
-48582
-152819
-424638
-600774
-34787
-673846
136937
-336679
254038
984314
-88101
-381593
-508767
-763070
178576
620704
-642741
-836431
457126
621515
-470930
405986
480587
600058
90673
-481220
-602262
-739280
-913335
150693
-754796
-114336
604694
-381487
-897185
-915798
-33446
-651445
875667
257785
-951447
-608426
332198
913840
338851
-322362
-570555
823762
823937
993110
-299466
-474320
37556
-240218
675861
-968003
121880
517971
-515468
879490
746263
-893990
98561
692788
715276
923417
-204611
-813268
808692
-486124
-464128
312645
627150
298864
850026
453213
-277337
75687
-516323
-929444
-898513
744613
8191
-879242
-410474
-968304
-571396
413850
521194
-591361
-413175
578953
-12378
488647
-487508
438173
-367935
-80378
350671
-885091
57691
-23430
-518019
-614555
-136366
599858
167180
328413
196396
-826036
-422366
-902366
805734
-184089
-79515
409071
-11884
415660
225738
497599
-608757
-748136
-929080
-767310
744981
691324
-360397
977537
-282188
-838227
-430952
-178248
960791
-178160
249635
-171570
589782
-752266
-759275
-466671
949968
479833
-606407
-978365
699184
-724603
-825242
924383
783132
351141
982142
323711
-745970
573136
-955670
612181
-393217
-6795
141803
603921
-857648
752671
-565724
914433
-426341
355375
43246
-557086
227129
-480627
365732
618921
498411
792407
-915088
516462
-427064
-116768
-265522
687672
-19175
633206
292103
-875949
-223332
-51546
353763
-682636
556486
-559679
121717
-293589
783827
-971055
467969
-820944
881268
-31999
-107585
947113
-479677
392875
-709815
573302
764826
652833
-148567
422352
-729422
-833106
88885
-657461
388533
404888
620254
-193527
-817370
738298
-541529
517537
776039
-167769
108017
781726
-544296
-96809
-151096
449336
-310178
-746425
657374
-183420
-289448
281294
-676747
273519
9818
-405053
-732432
661043
343643
47986
-205753
-15571
676383
-806913
-26209
-996071
185784
443394
-950239
149377
32145
-514573
207842
-873711
116525
27972
6989
-212760
-367314
-696630
352536
-240990
977710
886883
995872
-172184
-826094
238078
-616939
-273592
-393778
248470
250453
352584
-167411
920844
940425
-613281
645756
104419
976918
-991299
-718738
569590
-632625
-343413
355841
913131
278495
-829006
187282
552832
-762482
-925317
-221162
89819
-211291
542984
-465865
430773
-852020
-261577
-721371
279495
762954
828562
-398243
-210460
-605076
562607
-89352
632911
857027
-789465
824044
890704
673402
-202840
335558
303650
-139147
-135232
484749
-615361
-250663
81193
-997013
528262
-586049
450445
-800036
-913836
-203176
-561521
794879
907912
187236
-315984
-735876
209703
-670040
-324716
460645
118237
877728
222697
-399516
-922621
123579
143638
434747
775260
-631462
346482
282077
906916
-418836
-474746
-152917
-363971
22179
-797712
-662346
-312138
622829
-258174
-524177
193053
-766928
-987191
547163
-919346
-292705
-559458
224742
-537186
-164940
-901826
-143305
-750019
578724
-276040
-666628
-699959
917721
-678507
-150677
-507927
722492
-394062
740652
-127818
954978
30329
544284
-820863
-986562
-866980
579849
277204
-627347
-689584
362595
-549476
267200
-138671
452644
542100
-897004
277445
-245947
607748
-685495
-576
-838689
-325300
-10534
25864
883835
-25889
-157837
342161
-341454
449230
665751
-182091
728563
-991028
836427
-536224
513313
-811404
-776799
97157
370268
994371
922714
-504412
-731814
-507105
608869
900379
767569
356180
-353002
823809
-58284
-540530
-539350
-107977
-532677
360082
-292772
-795678
535200
859751
-8175
78511
-724283
470016
603563
-599096
689685
-738698
-116845
616721
-667856
-334341
771846
-799941
579654
-545732
7108
876650
386813
892955
252766
40866
-84860
-157063
775840
88270
-704488
747430
-609737
-399979
961387
563406
-313726
-845343
299232
669145
-331152
-774790
-959243
-367666
826858
-644225
414736
-851052
21244
-170563
817738
494091
-595484
-22814
-834404
195117
-715636
-607276
692853
660369
-996828
-441838
-524708
-412926
-797363
634007
-186172
152345
123437
629774
834879
30696
660983
-854078
154098
741485
-453672
-209550
-120316
-480246
-684337
-388378
145888
-236536
-454804
656672
991626
-216135
-631486
-775216
716299
-623734
267236
3111
-761694
681799
-124241
124715
160802
-861356
-480742
768066
9594
-542803
-976819
-123989
501813
753465
-649593
57915
481602
-128757
699239
764805
-612681
929620
-977911
-732782
-373360
-66957
721797
205050
-815899
328010
811920
-474953
-281319
771978
-702142
605756
-260263
265923
922516
132680
-885009
-432265
-416976
111890
-711706
158306
-643571
26638
-433633
-703643
-510747
799353
-761969
673091
503493
582115
-10410
339215
-265422
54918
802489
-771233
-723930
183621
-687056
-498726
-672809
587105
-369426
-847413
507509
413642
749690
-994624
689632
-773926
-217359
-474717
856657
320471
-142587
902161
-907600
-449435
-9351
744841
-791997
533729
120824
856738
-678401
917740
390110
-778504
396249
-859595
-342953
452939
948009
-7092
465859
721312
229731
29429
367503
525133
969332
-350721
-971392
-753488
-355236
783715
-998248
-574646
218964
-38519
120206
-783424
-21697
499203
-823068
690991
131527
-647528
-399078
227639
-698173
-430910
504444
-236216
659458
245751
145047
728686
996295
653659
628900
-314537
458129
104168
-54972
-610719
-204001
-129894
-683595
-133384
806381
763353
41429
-315889
880787
-809455
791724
-308415
652652
956297
-357239
823511
398755
-93958
-963615
-196279
497989
858142
378327
-517503
320526
-695280
-60635
-688445
-897720
292965
215553
886003
-611959
-52983
404270
-660602
-892138
-739567
-581727
-327537
276090
109816
-991332
121602
-502231
-408010
-528665
-72809
-562041
-730709
20716
549099
34893
721865
-635454
-667498
906490
-866268
629347
-841259
-95529
209991
670130
487277
-257683
13732
-603854
-139510
-118140
84980
-644777
-396210
-425187
-765707
321671
-824178
-825616
698392
-355389
147633
685704
174817
297127
-806229
-851963
-578103
-257391
-760056
721335
-276507
-135145
-525191
-495743
805785
-400994
-541113
-357495
165434
545070
809995
-43203
-756108
878246
-893995
763023
819121
810020
494703
951976
246794
-633896
-255719
616306
279698
-974532
103423
627604
-830967
431489
-914292
561552
-69958
926684
725618
-102474
-625130
-284719
-582524
638103
282745
-822676
-597431
949900
-423921
-436944
-637325
480658
929042
-58459
397987
-485844
-431646
708264
13879
-727326
633281
450476
332990
179172
-357725
524472
317115
-448618
-106658
627764
-75635
554150
-668936
241553
-504325
-748908
383643
-276703
770251
30167
-82489
764380
-830179
255424
-838974
878886
369159
-284720
-581546
548233
-429188
508903
110676
642748
-781372
800911
-939666
796718
-843847
-489387
845170
-492946
286366
478319
915993
-895599
-877303
-359627
-560858
184101
-769028
309421
380505
-479481
-354361
-109315
523565
-43831
-374424
123879
-802623
-402154
-698706
993709
587882
-71060
40169
160284
160978
127395
175358
467925
376754
-976451
-997205
-702951
114075
717807
-766129
-774566
98927
-221316
585372
457607
-696296
640224
522495
16564
-1854
-559259
23707
187635
972994
928911
-534663
724527
-297921
255142
681732
-782433
88199
61844
-958748
516992
700231
588569
468166
538446
-599177
464366
517094
-297197
-981419
208715
-650663
-675781
498067
-171229
-341549
910006
-60674
-381674
5383
647810
-410371
113996
159330
-877545
-145409
717602
-583492
821579
-999836
-199180
402280
-838999
-179475
387611
976117
-710527
-419511
49319
-751124
416191
-685310
309835
179949
397
-295310
258767
-975502
768536
-52211
366196
-677502
-768439
-50044
949057
-242977
-359103
-860474
572785
-708452
-98807
838920
-78530
-849031
402183
530088
651785
35568
738006
838881
-808238
550112
-842400
451777
-444298
63070
-768532
-875832
17161
959617
-172037
766146
421253
631450
366800
418933
618214
435701
431428
-703748
891874
-760338
716768
-721486
613310
-293314
-987896
-398651
-434897
847268
768489
-670450
841350
874056
785532
-153863
237796
-346727
-356106
851105
-98949
-42033
-978812
752156
627907
-566062
935164
-737396
-243934
-621966
-345609
-600755
881576
32495
299768
-457359
23759
-211691
554576
778809
433395
-746985
270967
-622497
-790731
198281
936892
-199478
40369
693577
657499
-408063
-229568
697203
-144000
-527446
-959849
270717
843812
-72463
858476
628053
-960700
6505
716213
-688161
-600728
810360
-518700
519864
-676316
-718341
-10449
-205585
-486015
175036
402620
518851
151653
-165055
-455652
818232
785513
-439582
-674629
-923865
19555
-444807
-457812
-405810
-686228
-657937
99658
-983347
104390
-509419
-821607
-956598
568488
-791373
-403169
-303323
988299
-105118
641708
-487701
-17677
700049
167300
-840322
179844
-904074
291672
417336
130278
384741
487815
305782
-575671
-538118
-483408
-189692
-666774
-362339
982268
365059
151456
-474383
362450
-921635
-279645
-732897
-653772
360417
863739
623668
-183448
25420
229840
-78358
-549531
83302
-766098
35596
-316344
-573666
-741455
-661839
-160666
-976501
254538
230595
-593828
605582
741325
390731
802202
-3985
-207685
175305
-362732
-537994
-209721
-836879
549429
155632
279168
-897997
-926941
108365
-904864
-565800
401532
909942
-27735
790003
-161651
481527
136106
-341096
326737
-150604
130835
-254444
231685
688019
313454
-737775
4926
658743
-343740
-249402
-803750
-869467
638021
403744
-648668
399416
262149
-104970
216619
493549
56834
267649
275064
398289
157902
-869340
1835
-589688
-87470
-620695
-560654
-358089
-219195
-658369
133080
335452
-913565
806262
569160
835521
-642424
723373
-259856
-563398
774750
40364
538592
264453
357151
-599714
-945946
-201476
349295
227854
-564608
143539
918908
480378
297127
-463680
679865
-243026
-58421
698151
440232
-942308
89060
-250474
-923770
312320
-643323
613155
303566
-662676
-909019
-491812
120730
769142
245117
99090
4763
-12714
-415816
-87637
229896
93606
-333943
-91822
-708574
279044
-39005
301872
-197126
-167116
-902460
-939654
844654
-719173
-179673
697557
-54146
-530207
942949
-850521
703844
838848
560937
-830660
-231069
149480
-41894
365062
-859315
-381617
768689
-846617
416926
-118692
975344
-850028
33487
479056
474901
-707902
-282641
-976623
-512713
737355
870263
-819495
-218640
438182
470822
-663184
-127428
322577
-46911
-696343
-417659
392756
595041
-343071
424643
90172
986243
-634173
465950
-460198
707308
159336
-385757
374941
49623
554067
978634
954584
304904
477533
-551623
-197895
424121
-667268
-86711
230953
387619
-640297
341267
-551513
991029
861671
-822330
204386
358069
930367
-619351
-124568
710067
55372
-480794
79894
-629279
-211923
-210854
946820
-313640
481860
670866
657968
-10049
889518
-640826
446704
-683658
-345043
148723
-678460
432545
-658108
-199559
-962604
316706
553308
720611
164319
-301225
811901
-509117
-778008
-963529
-268132
-924814
448247
20269
-161701
-628132
674284
9980
886363
-106276
-473950
-802554
-622305
-773499
950781
-966917
863799
-126034
563837
284934
936937
349309
493432
806788
-276161
-542006
44085
699137
124847
-157945
315177
-781093
184565
483856
-285427
167029
-497448
199317
-141717
-542809
51064
249947
352252
-569551
-66395
51366
-875042
-583228
633005
-131209
637328
50463
-25749
-889551
730707
980454
-551165
670585
911889
793554
-553952
-21045
269279
-504567
-656150
995531
-879050
50498
-376245
207301
347920
-643657
-813087
161936
-330803
629692
399273
-325140
-409167
256822
-534612
-564651
-387937
-451741
623642
906980
-7413
-437257
-768943
-607940
510841
-38618
641877
-896728
674980
-781277
993159
661450
572150
490279
-710420
892506
198491
899403
786919
640691
535034
333663
-234991
136894
-828065
-427667
937597
169793
-161705
156226
-416329
-568072
-898328
-404182
477964
-808723
-331266
10201
-483604
-439494
492476
-173623
751894
837880
-828886
142024
-56783
-535756
-640720
379496
-596586
450284
623015
-587569
-1700
734626
-939195
-709850
-182124
-390291
630804
842377
260437
291035
-641969
-492850
-444415
912886
-190889
-166064
873570
-418182
950854
664930
-639755
314708
-296244
878812
-609502
-475698
284783
56618
-586732
-610587
785389
-776691
-999628
99934
603909
128776
996057
-855787
-622772
-808039
216590
-532094
194210
548769
193311
-866807
-123807
-810478
456149
399818
-152564
245714
-852459
-827322
-605487
682606
-241445
-39560
874342
-113754
899466
826953
274764
-970475
935661
700552
933682
358824
-561335
765598
-435614
-878295
815743
-534031
693502
197427
-403325
64454
-159204
-580424
203179
291607
891702
412253
-485925
346671
-379859
10192
-31010
752110
-141000
-23483
-976722
165983
417827
-29524
27340
677778
-829475
843974
-716220
-810989
-356816
304059
26789
957791
904231
147043
948431
-287211
-74807
864786
-898789
-452388
857319
901445
302659
-502641
633465
943052
-948575
-379634
-193478
7152
558736
-324399
-527421
858800
408553
440143
757951
-829439
82225
-51821
-906279
-757709
-500074
-87624
674410
-929101
947652
107597
896378
939719
-608262
85513
-932132
687330
-92747
298811
110519
-85244
576107
-618206
492144
-830421
458714
-123086
-345286
-571860
613719
744516
23615
-30124
970171
-994860
575521
688683
-521867
821905
141307
-346001
583794
-487059
883375
519191
983271
-147991
-593658
-325847
574415
543460
-563234
-875679
204021
406504
-610528
354892
-465693
-36275
-244916
464301
-76144
260264
40091
660771
320809
-649721
-415747
104926
-753558
951730
258321
54007
641191
799623
-364126
361124
-991767
-19150
-830992
-860114
-555481
896709
963074
955447
277686
-68335
220137
-615152
-525205
-8331
411286
-719146
898411
250302
924510
-182793
673929
44458
-769987
-616166
65674
-384514
859615
567736
348930
-953039
388141
-571911
-57956
-253163
890401
-10143
606378
-939464
-236624
-710532
-738584
-915479
360851
-540758
-156014
-668802
-31671
-696437
-712150
-444781
523583
-732666
-575803
-248890
-426310
898241
225417
488182
428200
-348084
-163966
-389402
-783216
89307
691181
-613299
570801
687172
429228
-952553
-307932
-445430
-978508
133641
-980747
309272
283057
971622
-334271
85960
-807068
678203
940610
-883537
-645266
-323876
-986887
-525265
-400227
-544099
-960726
129989
148110
-706721
-449956
-481046
-359691
670994
-897467
-12592
379964
791615
135232
654891
730193
-416941
-852256
265555
196248
793966
-776768
618960
647705
368733
-339653
315779
763243
639448
-331242
-670781
469986
27604
105278
304753
249010
205863
726030
956111
-971429
665731
-260534
-65781
-820601
118923
929520
-960988
639367
-625407
-631838
-542735
227466
289450
-796576
-269894
303772
-181756
174174
-128062
834327
-843025
821682
40865
372662
-731450
-964700
-557408
-945664
-316295
917850
780397
79658
-457565
142706
324247
-246298
229902
-162190
354667
915126
234559
-1080
-21512
-742456
295316
-444109
-997075
381041
-595153
906040
-270482
581209
880971
853622
-137487
13450
-354740
-179023
575712
-637401
324355
-969445
-580574
294284
-720240
-47528
-34686
827040
-236457
-647626
642002
-702359
-171723
-440411
-180437
955521
-519011
-119571
-141326
-540601
-12942
-178106
-283605
522871
131063
-507407
-795145
-272612
-82509
629766
255818
-748024
499860
831217
771921
720040
688504
-866332
-86012
-428690
-834985
-338096
-282323
-900285
996669
493365
-695445
430121
977181
792121
-599500
-731953
830918
-541709
-228247
-234639
-501446
57252
442714
463970
-619375
372879
717879
777889
-177505
-540608
983217
113872
-342845
515104
-452529
946797
-501967
534882
862129
512228
139068
364523
-899359
927469
-462960
300831
192609
444561
731716
-840286
-995581
992508
960409
896188
-219739
234029
-809089
322594
-948972
943448
120527
38067
566074
-120232
-124426
404776
726932
97998
-444310
-296305
577320
652605
-313418
-220623
155962
-558509
503790
102199
149503
21958
540798
930721
-712296
-581273
-127605
253553
-832122
329744
578115
616580
333885
966851
563797
274440
-546917
-813277
-188733
-349780
-674438
530375
941421
-593893
-102414
-985351
-2793
-254987
-219430
303028
-902728
-196744
-863180
308783
77163
-884906
350916
-234131
-20105
992686
-31283
-968905
431833
871936
-439723
-624070
793291
158888
537
965088
845950
-965195
555698
-736525
-541905
337495
257151
571659
624550
-456121
-711728
857460
574539
-81097
780514
146731
413070
20498
243120
421481
27163
669411
446208
-501573
-751037
-846658
-15608
205627
493424
-665990
-131955
-419440
-96517
986805
-322291
298684
609736
647941
-977425
864287
615969
-328199
10069
664646
-547822
713592
-147614
868756
11705
740278
613671
-101622
46711
522999
-285815
-230325
172098
992162
740885
339283
-573023
630024
-536735
233862
826810
315380
201690
-838586
415439
-255826
1284
547605
-440806
818608
80641
102925
-982692
-591252
941743
-341128
991978
-519705
-769639
-4642
-98248
-779442
502445
150906
391986
624216
607463
-566587
481085
-24165
-232655
484162
574093
239643
-854591
-434462
818307
-785989
-297553
-648661
-461243
73332
310979
44144
-320204
585157
548214
-208574
-356246
121426
-733589
-943833
-268663
588129
-122453
-983060
173230
-530626
-425241
466466
852743
-56796
-839509
-212460
-483927
935391
855546
-110428
-545014
-892137
146197
-504226
537180
186965
807364
-998491
472464
-966339
-664311
977741
375094
-733064
-164423
542230
425392
-959788
287832
702318
501998
838256
-520181
-935909
-928203
144710
3919
95624
-515709
-120328
890861
14876
-180108
-641293
-599192
180062
109921
-147958
-29052
48619
-432156
-96303
702163
-789578
-208960
-410012
278330
-338423
165600
-597
264354
342752
328947
-801299
-464924
464742
-614407
912933
860396
459742
-182383
841855
-727571
-601814
304236
486921
-141048
740217
-945903
853888
714845
-500207
176917
501968
-398037
620103
213961
694886
-331383
-972233
-935818
683487
914789
894801
565271
-722220
389625
-478723
-994780
654802
713875
-215412
-983625
745620
491559
502549
-928431
-834887
-342802
987666
-719610
917535
987039
224612
-887618
392898
930215
480925
984391
-176973
-717756
-983236
-268978
109772
-437129
-376193
527036
515735
-946229
-421289
757591
310323
-331300
99893
-950436
513278
102992
352272
-579358
211353
999614
-193581
573578
969068
-353903
890880
-101107
622371
861186
155282
-152553
955767
410482
572866
471028
256851
841673
720914
226682
-41985
312668
637737
745427
-948975
504454
-717068
681428
656012
-756981
462805
-330931
706206
327926
-425445
81332
691548
-255637
835252
-762624
-876237
563715
-195693
307260
165293
733051
650150
515696
-60737
-649273
-984117
571425
-606247
-577108
500646
6045
850518
610500
484355
229321
-144486
643432
87926
950507
757241
-471175
-715143
856104
-870502
-758028
-181950
-865997
-411646
21426
-467004
693808
400909
85907
-897154
-574421
669156
97926
359915
932924
561175
135891
-532968
59964
150180
524405
249504
-79358
-310810
283126
-790632
940727
-933130
767062
-896079
644375
686346
65265
-913000
-16907
-219175
-189788
-117833
-632776
-417654
999104
-26630
681611
103439
-484662
-680261
-61036
-295174
651422
-143385
-449118
484824
830071
-985046
840102
648672
731823
-594209
544686
-871460
-998196
289881
-562947
-133629
-382264
170990
971549
157285
-30261
-672344
218258
-388449
-170957
-23611
548016
-220106
999933
-944582
441294
-122455
747867
263719
-955296
-84879
571146
-690163
208518
881239
319345
-332127
656013
90930
-614857
-969239
-921706
60254
463919
522474
-138889
147706
-721099
951551
-356683
-394632
356770
-903118
-347540
631649
-188904
-253398
474111
957709
580906
-22789
-578337
933239
283379
-35948
-423187
-230632
103935
-192270
-412044
-406531
84784
-814369
-553334
63706
-470147
225318
-920883
365627
901902
-403190
-294649
-985742
-164468
-856196
-673852
-633856
-674165
552617
-357765
-292154
66684
457035
173829
-522122
147193
454369
-485764
-966362
-690027
-578401
811994
-715875
650944
-526353
-161987
-165347
692852
-114669
-515205
-128223
-64303
662121
-157905
-579760
-753683
-842910
-999858
-533430
658830
-896410
971058
-787742
-521742
347788
847895
657338
112635
-822926
-180252
403490
684441
-209774
-613473
976457
213273
-652328
991814
-824158
-228492
67656
-132048
354196
763668
240929
-711716
188156
683925
-985309
952958
906902
487228
261799
-612882
187570
873037
-333537
701476
557613
-134977
790162
-861920
-696648
-88142
193710
-947641
-918054
-72523
633401
698817
-477446
-303979
-233008
-75075
-766596
-31994
-83562
-690155
941663
-583401
327376
851837
166243
-465303
728862
512501
-514143
-927993
810997
-416429
529857
91919
51705
187405
553464
685160
264192
-142575
-830287
-336549
-331786
-752937
246634
18416
594468
-964748
-40356
-290014
-127661
-614959
367066
999322
-184119
-21409
-391417
508446
659594
17003
-596066
-329053
858527
953486
-430065
-446249
664207
601080
514463
-302603
-6007
782205
633368
-121730
185719
555418
-516765
640863
-719581
408889
678758
708342
-79269
554976
520117
669640
798294
-174825
269718
-697166
407912
426837
-694785
-994397
-213548
-75823
-525523
247955
-917908
-623081
-921419
490017
162870
-662495
932696
361541
-333639
925720
-510407
-199579
919249
294471
-792502
-754146
-75358
-168415
705419
-527592
551705
480320
936436
240257
339684
289316
36319
195800
-832200
-676600
367802
-532975
-950532
233963
-477501
377615
191715
118439
121050
-153793
-97238
-543540
76434
-356348
-656287
-153528
-142
-142653
864736
622841
-401877
-865098
-101337
-780150
151134
379367
-573951
953470
325334
-182377
-216448
508899
-861581
167641
-429395
273919
841193
18660
636232
15754
-495810
330162
724599
950738
542718
-714014
629146
-401649
393608
-746969
996834
195912
431955
-572628
-152387
-943344
233578
-328385
769144
-226474
479561
71422
937560
-427845
933909
-10372
845445
-324281
-509388
-329584
-820792
498819
864512
-146142
449107
-647625
-876997
-786946
-914817
-504789
50461
476434
447932
917023
-538684
-323885
19081
997296
-39607
-430979
475872
105515
-442654
86232
340095
363737
-637354
-351675
-534241
-383576
-142662
-156018
-505024
-564773
-576780
-397557
-363736
629351
933594
485002
768365
353510
906173
-651200
419778
-473329
-281391
-463335
255579
-896199
9368
-868456
193496
-11988
181444
952712
-304540
159232
947218
-761092
-206569
187379
723440
335151
423422
881566
356869
354903
-291471
-62898
-409386
-922207
-103501
423442
-139779
179829
686525
347342
88603
-713359
720801
-877359
-571687
825438
-253365
2889
-76457
675885
159170
868160
-229770
-994056
642513
-298716
728309
-674832
-943600
202277
508672
389667
326992
-10860
558530
-315261
439397
521662
-211242
-930925
-249019
-182661
958115
-36293
-183074
294616
-459419
-386748
-346772
-13117
371815
-151375
880954
600805
428440
-614712
167671
-971524
-755079
601905
-3972
659452
486759
8126
327809
-53003
-905383
-766746
983139
-405577
-878225
126633
263735
580230
-637188
-358343
-208630
628828
145886
974663
-967822
472618
-575288
-105062
248239
-810555
711368
-516883
-402509
-350726
532217
-110319
611293
-763022
-671499
330278
814680
-782412
905619
782611
-443873
662028
182633
-188124
906160
-610786
501352
965069
-410641
600553
349132
303320
-425652
-627305
522191
418276
223297
-29030
372687
-617385
172943
-398526
203916
-181148
-391668
-364985
-318392
104163
895364
-433770
255371
-424302
808875
552489
742221
-254488
25170
-130649
931054
78937
-838975
-668346
630678
-818658
-778878
-697147
352562
272495
-953040
-69540
953020
363379
355960
164573
799058
-422875
-753142
-117311
-188229
-33090
-423493
858304
-584663
550777
709523
-178992
-796941
-123369
168719
-897822
-190218
214407
406126
-174504
-951783
-986297
933054
510860
-586672
-634652
-251796
210245
-573329
768641
-746863
29500
409239
855036
-913935
-250802
73299
101495
478855
-543915
-67747
898296
-384398
-996186
-514353
904679
69290
-85619
444400
-684976
471826
743616
780290
864661
-868881
-39772
-152304
-560732
-202217
991628
777673
753188
-583900
117384
-890412
-573132
992212
191069
865992
459890
73814
881419
-75883
-392507
858165
275054
559048
398913
426651
234368
910458
536037
37195
-841843
-599606
-339064
513325
-199790
227047
-717352
-659933
182908
59022
-179940
-241288
882558
-717378
123640
340250
-195021
-744158
35039
-541758
884776
178321
33482
570301
165877
763723
152795
850507
944871
145114
-651860
-16618
229305
-267079
852850
-274574
201428
510334
-469957
-526212
452592
251743
-531080
980016
-234779
65079
-359866
-990121
380738
507271
176966
169686
354603
385033
-42668
523756
-308271
-236070
-199809
498929
-810399
-149597
746624
115008
531708
-803568
599375
-137470
811616
408832
464944
-420940
-891779
-583685
450942
-889683
950199
-491863
303587
-379306
710706
887617
660430
603110
-616257
-682356
366852
-508538
-920486
586965
956467
563119
-852040
793519
-571968
-376339
279050
-845250
22334
-718772
675584
-426310
619544
96709
515
64028
-857709
413204
290581
193638
176355
-766327
486210
109932
309242
-97235
-575793
-179427
-357829
312869
331254
-653289
-163565
-561581
-163755
-462331
306672
64700
177557
787232
-437676
-977904
283625
921145
394541
90934
606786
244569
-406357
-856040
957451
806031
144789
-738301
486947
744643
-460140
805965
-397388
-542201
-93444
-74773
-401986
993865
608822
-388033
-674314
806701
-355215
-847735
-706466
-329463
441821
-181726
-482959
307113
648623
-806132
-483975
-255197
-546694
600895
171802
-225696
-755524
-753495
301404
118415
-716570
-997751
798565
-778652
-679737
-287934
354634
895407
918305
-88204
468548
287833
847644
-60572
984743
294446
-396421
-481644
-519576
531776
966297
-644570
-476431
-862792
13329
-467033
449331
548403
-944250
162408
-538341
-327166
-482066
991904
-999991
387097
384183
982826
-273957
-57924
510381
-761654
-714461
624280
846157
-201417
-712206
328147
450636
-894307
751390
-435809
-66893
868625
-891225
465052
269436
415285
-992729
766228
526047
-943889
36583
-343658
783431
972224
354950
-711427
611216
-369558
-266501
728993
-954327
-756349
-47260
-327144
-481265
567585
111453
-743588
-859267
-832979
-224990
-569721
-233791
448982
-451953
-727824
-303922
99121
-619189
146249
725409
-827668
-638409
780528
771585
847422
-657523
185318
93941
-911624
-824747
957692
252278
-784031
-419413
325724
794936
-824572
376024
-93888
-625141
277441
824050
538004
688639
-866462
-699306
-893163
-642546
-224963
958681
3829
562966
-835247
-138842
-311511
952037
-580328
744629
476650
204495
-351147
898058
51205
-371944
476552
-661716
349962
409041
251331
3268
262421
-240774
-943353
-212136
229846
51801
452415
-334664
585415
-936493
-609699
-34558
-864630
-383009
870732
933325
-838643
52766
-71369
648930
-271594
316103
399066
782468
-632299
-181017
-640987
-460111
978161
-6172
-561272
931870
83138
897570
-387886
-396514
605807
189554
-158488
-430598
807449
336100
472046
-599179
-281436
655694
406524
-590708
-523794
678748
-633028
-143209
724174
-460643
-786194
79122
100063
-790069
-333419
-627583
548532
153149
871261
-357724
-935804
-53068
-42091
711959
-263224
-828062
898493
-125505
926619
230572
763881
484030
379592
-722266
510227
-257172
-77356
522647
-836542
841886
-537752
268897
-60754
673575
-935113
-507102
3199
677843
-731690
-373116
-499281
-99223
-199237
-430244
-763731
-753866
-638414
-477990
568844
931295
-850855
149652
366490
423857
-205425
-476631
-243351
532450
-829099
650510
-153737
979778
-20952
620340
48857
691309
358565
875725
194261
181013
-316461
-560259
669304
845238
-480619
-246071
789540
-560890
698751
-596271
-199701
-653681
-729083
597019
788547
780932
-494751
-199133
-348418
77612
460134
148389
-154254
97357
-623301
635048
254776
593099
-937556
612445
-124170
-770418
-364219
-352063
789999
-924354
923000
-167315
604882
138222
201610
-547462
471404
615036
-753247
304494
472725
-605724
-54322
-683932
419691
677168
730564
-285603
881782
203781
-821769
-626706
890838
-852782
-48357
508628
-422053
171750
873126
-191650
-99752
253354
-863062
-94815
-381045
677058
803718
-353642
405236
460592
741409
-992596
-753709
174007
974101
156299
706834
-298055
-404783
-512876
872286
-929183
-622755
954893
790349
130059
846581
-535903
604623
424891
-182121
760770
312832
-38936
-312907
106056
631873
468454
138174
-678661
145651
-536811
-734450
-931308
765916
-820343
300090
320383
-935264
-539050
88283
-807046
904718
-964103
561958
-364683
-250636
-841241
532502
-590780
366398
376113
182931
902178
-181697
-13037
-697900
-988796
-166073
-597948
-836423
769720
919556
-538320
414708
546207
-321301
-630495
348755
-133181
900708
-79075
-368717
-390998
409009
-860317
350383
378579
558234
631704
-28473
-248845
-664632
-845154
-514607
-605341
-164017
-656286
-592915
-944428
147708
923674
-611245
-911822
-638741
-459471
-998224
664352
25065
-822697
-325987
178534
615164
-657738
303047
11143
-498036
570502
-573506
418756
897087
-95583
-111064
-266962
-666907
-296872
-329742
-879589
-965680
-590591
-721584
545146
-554551
-658791
658748
157204
-482857
805318
413465
714347
313021
640089
163575
-106184
-617362
-168830
-761975
880287
739747
218563
262094
-607389
-859532
518397
262400
-482076
875325
-826230
-715958
-823019
64004
267412
585992
-922257
-781484
-883620
-856197
27949
558928
-400663
-392238
-213541
471423
293666
453816
491665
862917
639657
201528
-579045
-517748
-382438
-642320
227544
448056
56520
-798152
318767
36740
-92883
794274
-924784
-447942
-890314
-808918
10391
285370
-861574
534395
510921
994047
69405
-762220
-464131
775851
-140534
-430027
740033
-557803
-169173
-963890
173153
174302
-11412
89565
433427
481372
840866
-886145
-58320
143148
-575264
889021
-729891
-729423
-891260
829741
518725
395437
-613208
-260267
228230
302203
-440439
-48115
217068
219507
-159978
-954098
-94723
475437
-619947
413939
633554
-971714
-272988
-286966
287226
-719935
225407
-284291
-287105
-76094
625592
-416006
-860881
-487875
-126168
-610408
-377183
-91467
-980960
241010
-868188
-642036
-384740
142896
-803654
-835895
521962
-718057
-771398
-841738
-189034
94963
-450024
586988
-312221
384996
108622
-79263
-99701
-596886
899591
630
347002
-973803
-863564
-490754
-373773
422961
-527899
254237
-721987
269428
354860
261472
782087
-501061
115253
-593380
-825631
-142808
-282026
-904447
342377
-256514
972581
-348388
-160921
594151
-864384
-300688
-906283
-496000
-614709
421500
373952
437378
-753925
-234091
890138
-120854
64377
265785
-155627
-787348
-489823
-301877
976436
786056
-297779
803449
-82751
867545
-390298
-689660
493562
755175
716491
-823774
4492
-617065
-549672
41122
166129
-339136
34222
-986307
580954
-356900
822554
393456
809816
-777580
925189
807100
-698897
752538
684497
768410
-784304
-286235
-291803
-987889
-906885
307163
238930
525864
315366
142366
-198390
-929927
251952
-996879
-440868
917797
-29707
537819
88740
-845630
964233
-474334
-597513
230946
690998
99252
518321
713465
878728
519726
-901396
598625
-240781
-724659
-463274
669855
-310204
915179
-61346
987589
-961556
597398
-570795
995439
-812286
-821537
-228031
-33211
-957373
255330
503286
949363
-449618
-530282
356615
-929667
-466522
-601106
293633
792856
-147148
58409
-540469
767101
89355
795269
-497952
-241354
-895322
-949706
487673
-528602
471907
-335912
499717
-273489
16055
409133
582483
532396
-626129
723937
-418477
-408644
-628931
-496439
-428173
905268
-707415
-335591
698783
439908
-340944
-543295
947076
587717
917812
976527
-760177
-686544
-536212
860717
964161
-450384
641740
-987365
-621205
62423
-15664
95338
499132
630458
-44905
649834
324446
285760
-397456
-676234
558850
-252604
576326
-829714
-700423
-525581
-136536
-433866
263749
514167
751184
658929
699192
-912679
180202
-914005
-720119
520459
915068
684443
145834
679522
125124
-707650
-543646
391846
-703477
957905
381013
624832
801195
-127767
-379429
-350403
608689
714577
709039
-304762
844644
-257293
-55035
-859916
-461053
-30327
-466129
-897531
54134
966366
393836
527703
-118690
952749
374749
857696
-619869
972263
611620
-766859
-893487
985651
41509
-547406
514972
104550
-521950
316571
-267682
-284068
-891578
-689359
943366
272824
-859909
-275014
-174607
140967
-561603
84966
-974942
-228552
-498350
656321
278566
-815313
956478
-983991
202702
536400
-232678
-40386
188208
-318258
165718
522887
533577
-529077
-990178
281654
2575
563090
357700
-712824
-415092
345608
687455
-788914
-34238
-561825
-438003
-865197
614766
-472285
-421652
59892
-157365
-177047
-365856
-449617
-797956
-115223
105122
864797
-899597
626764
-654406
-851338
-909613
-135995
112812
-254475
-14098
-572550
-655687
587094
228726
-214587
900545
-781518
-579246
-561515
36511
-639990
-440614
-164611
817117
690377
-250284
-776996
-870090
660053
-598081
-293264
-236756
79688
-333928
-740704
533577
-847093
319885
-396988
453869
-790937
-156749
332208
-410917
131566
-127900
424559
556997
789299
584153
-802149
-905328
12161
864601
932146
544376
947747
-823690
575312
-91809
-11386
-673879
378655
5003
-143458
863329
-597753
34506
-253597
631104
831129
-176415
-514797
-465663
726238
-861178
561463
432379
-430647
-689416
-969974
-495871
-247580
316756
759538
-402212
618138
383509
929477
-503585
-576521
203932
698132
188308
-334750
-563756
634060
750785
141313
-608294
-165418
167559
-523242
-594712
14024
-765337
-115304
448032
78779
383894
-838199
-658021
590978
-626540
-755816
-698953
442386
-628991
983606
-768577
-721828
-247205
316035
-740396
-106178
-3615
-140599
506627
895218
-825554
603948
943594
-284907
-889216
-362329
-31797
522114
-780262
-915511
63532
-910934
-734174
-253079
-500100
-198765
-414537
687236
-436129
873496
626815
-585903
-562419
489527
52622
-305228
-210934
-565711
161656
355408
-774433
-476890
-653930
-830846
-699124
479367
-126999
-546061
38940
-545943
527431
359302
178872
511579
-120060
-25192
-784302
-533581
444205
-892678
931710
-434970
-36803
-193449
-784069
117769
118106
-350836
-593138
799060
266787
-91208
-730933
721505
672953
-822271
-181609
-706674
-817260
-91525
-825689
692496
-716628
775252
456562
646608
-888211
660530
-584594
829263
-226270
-752962
-326632
444520
-718398
512716
976088
965299
-69497
785982
409713
-217696
634539
523850
-94349
-682289
856020
381305
770863
584981
541306
894397
-336371
-7767
534336
-263848
-992983
204815
-157953
304263
-877771
165379
507080
913997
292022
-809973
-465711
-583317
890802
-53675
221303
-550092
-34304
824048
-279880
209914
200208
-630992
-152347
-515193
-852547
348160
16352
-566637
926920
-982143
-427746
794573
-106901
60173
-703098
-69063
515181
-676032
419297
-41327
993351
518769
816249
-930812
-40786
-675944
-478191
-723578
956158
466727
-472085
-896438
806962
502003
-547131
216931
392867
-268796
540931
958858
798402
-324333
-532805
566492
-856873
-453867
287893
819992
-31692
724988
387600
-46226
652813
-508555
-242300
844936
-391061
458883
-497935
722382
336236
634097
-227279
-824967
-50709
-445268
-393330
-713901
-91712
-953825
-967
-498620
270917
-650152
27008
-730723
-421509
-833739
-83828
898835
-467458
-929340
111907
869088
775467
470889
413349
-543723
726059
-911899
744640
433619
-16128
929274
-53297
-312572
-272979
206047
-660229
-58724
216675
-689044
-560359
339875
-621495
765493
-666239
853380
-305477
30569
-205798
143467
-58829
182792
142932
-909444
472683
-657953
427292
358046
587280
591294
455986
-258961
521903
950929
731052
378884
556166
412543
590542
933954
395038
-311899
-58781
-651148
907866
920329
818807
-125435
267540
-35807
364394
879733
-515838
-57492
186116
516335
-233750
559389
-633840
-855530
-784977
-34790
-644335
83767
471798
-873108
-252756
546604
-100941
613545
-103374
-895578
261862
-538228
6184
-206670
290217
93648
925699
830521
-756252
941034
-331679
-808505
242620
263122
-312239
176928
547801
-123283
-71338
666462
-726400
417536
-493387
907594
-823261
-559715
-803968
-936747
992124
-680859
-261035
647325
-514208
317254
36496
-975918
-333559
626924
-389252
-721375
818830
556330
51612
64637
-294291
-743978
550141
-370765
153455
898335
-208411
48754
-373730
590063
709457
-896559
333729
-243597
-409830
-791003
-387719
349843
-320343
508451
-505792
-348294
530540
-913160
-46722
-758897
-905636
-864503
248061
748022
519613
-468954
-525261
873502
798417
-126741
-540451
-394195
323315
-421749
245082
-38259
853078
229233
-981754
15984
466766
-304163
572829
-267290
-287769
872167
-150276
-491276
278247
-411336
-416486
-768413
393325
1816
-621329
-274108
349906
216281
-795750
-739808
80730
-347121
119015
-386434
-587443
-969263
-195013
992662
781768
625086
-388446
-2364
646321
195714
384283
494429
-719335
326390
757109
207505
-596113
230074
410643
-113830
596860
549688
-470666
710062
981278
-972180
495463
-64418
-523626
-773314
-739167
42860
-623702
-779946
930083
36537
-130637
562110
805236
610031
797419
903483
-758295
506574
-883639
-844151
923059
439003
-185899
587940
713178
215711
284103
-205141
-106930
-507662
-870292
-453440
994823
-711863
-307896
939000
869885
539104
337673
6894
-869160
-599352
-399820
-271901
778988
-866656
-506576
38863
-178155
-511867
548189
-596075
-573877
406330
-623517
922443
524882
-29105
285221
371184
-836178
-191538
-122313
-401180
-113265
-158654
196830
439579
-197823
-95896
-355473
825260
-243326
-818916
-895141
-929099
-870911
-831076
-80945
-987392
-745314
38884
-691413
970842
-960115
-705924
69504
-972984
419588
624346
153457
538632
-453128
-402578
583026
965311
-585713
550246
-328677
-190864
769162
-752764
783867
-228993
-486
-905234
-534134
-760517
-115645
-562777
-407180
718374
-41598
225376
-435813
89435
415139
387553
-483491
-440413
303935
235564
740451
-817378
846399
-811396
-611126
72253
-922576
942965
437844
-47900
158446
-49447
451318
704582
647351
-746931
-52350
60629
-331025
807208
-558865
-52689
-284243
-365550
-818233
-594257
-682813
275212
-348012
861231
-148840
-880475
176325
-736553
260700
646461
-134457
744376
-572536
-891535
-955779
-193199
-240314
144010
-991967
-551895
-443446
73292
-459237
939093
231141
-163034
266365
331875
836550
-790599
653897
-621184
181264
259690
364410
162681
327222
-162062
-85670
-410253
-696945
874589
942956
-604814
-888639
164173
73613
608324
439295
117889
-537198
574915
-558334
-408941
-448366
646747
357461
457252
793758
52884
177016
-520213
-697195
-211631
88123
-609785
-950880
608758
129967
635964
-362752
540486
611089
897452
153562
975387
94603
-909652
117097
-939380
917986
-433895
342370
996329
-532746
-495051
-756332
593691
226682
-800695
739144
831405
287961
257132
-422724
552987
43223
-199684
-560113
-974963
-464480
-190345
193102
460262
623736
-264178
138706
-326477
109119
265704
-145455
-562678
722802
463554
298133
-793900
751723
-395868
-336261
-970682
-831541
-864972
552154
-459380
-955546
-96422
527301
-624232
-152649
-259620
918489
-5911
650944
-310665
-200345
319585
-281829
-573992
720511
58693
911729
67847
896348
598260
454868
593948
693448
883509
-999429
418946
205707
-374900
256190
363243
-647959
136601
430883
472451
372295
127296
-767843
-247333
-226880
-473177
111994
302407
-250654
-237778
-296376
350914
-117087
230142
-182448
217376
-168812
149004
-555922
-52725
826215
-987003
-461416
-909468
995066
840628
642554
-428872
839345
-869815
856179
934477
770485
73831
823
-598861
-655394
-822056
792763
982361
345935
336868
755754
-547206
120340
561996
201502
286044
-590494
-125894
745808
-260612
-293503
808430
91000
-543566
-234860
-50364
293500
-416743
-79983
246543
-57647
424545
235873
-666012
-523709
-950111
695175
241865
-301802
-497362
-115707
-376531
-277558
653182
-964065
69464
-234393
667625
8029
231099
-284113
-509273
256035
-151542
533165
-14549
-106227
752653
430924
-399781
-101465
-486589
-477668
207961
378608
-336031
-551496
-66689
-888675
-27358
332567
-628815
-114997
-158495
-717513
-540178
5429
-668550
177984
596547
-238874
224406
-989852
961395
433049
355058
-767270
-186956
-194227
851718
444649
-540729
-591738
-553642
-297102
778745
-308403
386454
-871787
-159663
663490
-792480
698864
-948303
582418
272479
220373
-550127
-800387
634724
925407
612839
276412
-181171
-880869
534961
-76289
484949
-520376
836435
-970953
-401199
-916369
883927
-135680
-521949
-43527
-66180
-805504
-489547
-539127
356024
727097
668175
-281322
223266
-216244
344994
-771665
-748342
-585019
-223135
767483
772050
577489
-613914
40793
-264297
764087
748893
564917
284972
30275
-920690
-563591
-183634
-624838
369496
-917847
-192888
225962
-405274
463536
-459121
513091
-895111
370366
-759820
-897852
-228224
235226
593123
-659966
-167357
-30906
-791411
3624
-823899
259177
668176
474343
118457
-936981
-675852
-257133
100155
948868
401640
-125830
-559779
153480
681621
243571
398421
-328203
20173
127857
99635
-687429
-104698
881403
70022
-967997
434210
989895
263845
548859
89565
96288
668865
-641997
-582947
932939
-496236
-662596
-421506
-265782
-588693
-602210
-881560
-565989
589880
841057
-461046
-624193
-611025
-677523
-144905
-324757
140069
-677915
504789
-680154
-403420
972473
641756
510229
-272471
98786
98573
76605
67208
931048
-757593
587068
712432
425595
603442
47447
252515
-450231
878982
-965816
-918878
161466
262513
893376
-913112
-911308
-912833
635541
-472688
484005
-333054
-110197
631096
-484841
589557
63545
147788
-734131
-540762
105039
824991
211786
-906755
-338960
947678
-905343
-263757
761824
838223
-884114
-82243
975320
-168764
-428788
398265
-945400
-666667
578698
-203607
804940
-398347
643796
-127952
478970
357289
-945387
236069
-283083
-34688
-714129
-663495
-383884
-548851
-606667
627827
532525
-127335
125078
70127
750155
708998
-344164
-393312
186614
571457
289079
-474250
607304
-595051
737989
-357630
519544
624307
-523761
-147773
619148
124731
461302
-601170
-600658
187613
307163
845251
363747
856526
-258986
-474009
275067
-38824
853516
6431
796902
-405652
-757180
-873168
533836
-816263
-233945
743354
-377203
331063
253618
204519
-672704
669438
-612523
702234
44025
126771
777085
489770
-867283
810403
529860
940067
291825
499699
-942540
965623
773314
-300879
-308631
-448855
-741411
202663
-449440
-792278
637119
139788
477786
958109
60432
-222296
466958
536778
365420
955552
-672562
563130
-205987
-563660
508243
-312740
730228
-656793
-645489
-707759
-754994
481055
575788
-842437
-833860
992435
-903913
-295055
964853
-30427
-268519
-44094
690506
315336
573097
-524536
-935084
-716463
-139534
729370
-514441
-321439
951673
126073
-349372
-182696
-886870
-814162
989659
909833
-62330
-4300
-840350
156092
314225
910108
57283
409432
-356894
700669
708208
-801188
-684776
-662876
995665
-728059
-178725
852282
-596809
-766434
-624319
-687253
382127
-951178
-57141
584752
314317
130065
-401066
-576510
-754451
-770599
-754839
-202307
395643
10387
-69597
-403321
-475845
-139821
-627048
290816
-622172
-606181
-685478
-249216
831448
-708748
-655663
-38953
-246898
-331511
-623933
-622305
-225309
-867158
862262
-263057
-303293
278007
-615379
488651
-514401
633645
-374631
991525
-73054
914906
-982083
-896700
877465
-398827
95768
698243
784461
867587
289521
-430854
57292
-735249
-496997
-769371
-308968
947483
15692
918886
-606372
841052
-520583
601890
-726332
463413
389108
-894166
-593108
881402
79143
-710131
-175630
-24817
-851319
-543675
987585
-350532
-891532
-603823
-892144
328708
-548861
598336
798350
438070
279314
308522
87023
-253793
-456039
972862
437238
-911226
-118945
-372617
98986
913527
-288020
315916
-300655
-85607
868755
561711
-646468
432813
-830650
696474
-572371
130223
-576703
-677944
-33289
757582
403145
58237
-656547
-421002
-193782
-206193
-541236
-442453
-588126
49332
-166764
846871
-226072
-260348
-319374
498815
180917
-520655
-337332
51481
767111
-448752
-138274
-40597
-11392
248460
545626
323259
-641211
-740934
-235877
-766382
438615
647636
-690538
-97900
-620357
165525
510203
585887
-265915
-237661
734932
-337736
-188107
-682281
55143
-897635
-873952
167224
103356
-846655
439625
967179
-261589
-109886
-811956
890070
168583
-991458
-487215
-760123
40773
826801
-725931
975108
919630
769087
805925
-452211
26113
-289012
530922
856429
-525591
-492854
-381485
-64986
266636
-28061
298717
41737
215998
-92646
-396731
2871
372352
231556
-880105
-653145
784713
-53445
647327
-271650
-761164
548740
-174672
932308
-155563
-270267
-635569
-721241
717296
146833
-166734
-239776
-380355
549985
875620
-954759
233187
384841
-106143
838166
-702154
-251213
-526719
-867575
435812
-125566
-775771
-15624
177299
563959
372405
-735995
923732
-956123
297259
490262
293017
-707310
22587
-970867
-415489
-714819
563855
-273381
-102598
701358
-64606
206583
-428208
9475
563457
-912367
767887
337484
-487686
-383989
393507
-485056
533450
67855
529098
253580
-211793
516443
-796162
-165137
-982960
591173
-177242
370111
-246612
200432
473508
682989
-927719
-575436
-156773
677724
685979
337988
-460109
-375957
784565
954599
-656746
-54433
-861486
-876939
-120431
-586539
698544
262839
923197
-920630
-198097
-562025
-233357
-106841
213024
633984
611151
266016
673282
-732982
-690182
596137
717711
371713
-12707
-133433
-209662
-984658
860455
-714260
-222341
-838543
876122
-617076
715963
514097
739570
862572
473605
195358
-196451
968172
381878
-539274
48831
84079
870551
624406
305180
219419
887284
745426
789310
-565790
882864
-468168
802146
829270
607603
2462
278658
487409
984981
-888756
30950
448919
634816
305372
386684
902631
-257085
-491490
120463
-809912
-689294
-336661
932735
-696131
-18301
661155
-96066
-558900
-45168
491075
47835
675758
-705698
-641672
86693
178993
-729179
-701587
-106597
226627
-468760
-943194
-661221
699030
-242524
-546315
664055
110784
328345
-797433
-772897
-815645
-169250
-99430
-923528
16821
-188009
-680167
832536
-835854
-305156
303883
-672909
-591810
-871453
-657286
287147
848515
-194267
-206627
-200635
796484
-392310
516164
-45706
348560
-31188
444885
-121789
-365014
102611
-516186
647225
135059
-989188
74393
-211008
942880
653396
728875
494852
-173604
-899666
-471223
-157008
-349977
6844
-294654
506147
11593
821828
-61497
-2901
-620142
530479
864228
726866
-694981
-666538
-968099
-807971
-484881
61341
170920
-373389
585537
-868003
654807
810597
-244223
-858011
232770
-417926
-35430
668091
390593
-877988
-158142
-561553
-803966
-136824
455022
-741435
-628966
-198430
405437
200274
493781
-246872
862938
688488
-877678
855257
-631369
-36384
428113
762859
754989
-972771
830660
454908
-374649
-949013
-709144
617837
-186349
-324304
-102178
736829
62001
-176
344810
381028
162273
-594285
-60253
-471830
148721
651785
52377
493615
998921
123610
-182735
-38325
857497
-473527
-928262
-691315
-773577
294321
-386195
-3582
-863366
414680
62191
-103233
296489
816099
554162
331661
376193
-541411
593403
455340
355816
-714561
884670
-625649
838599
20817
-510421
-380307
501899
-380930
-305699
869973
873749
576123
107556
-995212
344110
-604459
80130
-26385
-888685
-339999
-335336
-425333
785097
770813
-123439
242042
463150
751615
-523044
-925226
-972836
901058
883236
314632
901533
618217
50023
575210
563899
-25410
-255137
-576193
913426
-887299
-683609
-920675
281532
-311231
678768
10940
382759
252837
57705
638072
-816524
-659724
778317
-815572
-538992
-702911
-620642
876766
339499
-869050
-604152
620565
-275897
245175
-950523
658659
-18201
-740315
810550
-198989
-882026
-498025
-876905
-939975
868891
658190
520952
-225593
600715
-561523
-895517
324250
323502
-805732
-434958
-948228
484458
937810
-130409
-369859
-712595
91543
450592
-862028
-418919
-454175
726353
-908605
-282887
555866
-248883
-231905
-363353
-173407
441087
987476
-216503
-992457
-736882
917595
-137980
-23377
394407
-82367
-423632
307089
425813
952179
823653
-747364
-456386
-250456
805916
-116497
558001
-282916
-520695
-587073
-779763
-619397
-76005
74513
-299893
-617195
522446
-736604
424040
701434
-135950
194019
-227572
976500
469326
-629194
247320
849
-790788
36097
-463201
904383
-395062
828605
291413
-364308
539307
-303731
152945
-215264
186268
-764217
-849248
682757
-957665
-299692
940232
424862
-928732
156391
-467604
-3165
-544004
740593
-915201
-850760
734862
-403736
113621
-623252
595146
167961
-15799
911182
220288
-882270
-11182
-649264
556281
-40656
-467913
-515253
-21246
14080
-141607
-906734
-400697
-349531
-253578
-513792
-362125
630636
329097
898637
-126567
665139
-485644
-895286
-218800
-805525
-648091
-184147
-513983
531368
68710
-597803
-326489
-355303
-958900
-514603
-375727
792685
243846
173881
894922
227394
-345753
-456615
-268928
479779
-20321
-484445
-225034
987165
-956940
855071
294628
-293543
-254062
159958
46298
-252538
-70374
168326
257394
480310
527643
-8608
-727362
-525496
-738901
-124019
418569
606089
-317099
-520498
57265
991494
-786219
-935723
446109
-491971
-157800
-308015
-620764
142737
-108110
176966
841328
226349
707008
558240
775591
646615
-26269
849565
-906730
386223
979199
378767
-406642
531405
557539
77516
-360238
843904
-590820
936210
742545
-658907
995516
994840
-757142
-637961
188902
633515
380396
998372
-743220
-162136
-469103
169466
-528109
350613
714763
-704424
935661
326764
-53220
-679068
128028
833440
106343
-163566
867512
-182753
879428
-843005
-220451
7634
280107
-68951
643455
143740
769684
558064
749229
-398956
172178
294973
-758131
-797230
-65485
950368
-72931
-213839
469044
-990590
417488
580855
-283710
752015
-340251
52687
-634870
919025
151547
295341
-640072
203750
-197682
699210
797612
-827666
-76762
-773772
625376
653508
496065
446364
-857005
-720807
-33295
324308
444241
842564
345308
673792
-701050
23456
424066
158167
-867392
-752228
29757
-508373
-175145
-606009
403339
-896373
-736370
-735507
217817
-31475
326529
-322666
-305989
447606
-391631
580227
-731150
733533
-638805
15979
-624402
-734687
-242377
-773398
325551
703177
501524
-701702
-343962
-939464
83466
755187
-190096
11770
356832
-942707
-705087
-477147
-318807
-695994
-718853
-833606
-726023
144921
84045
-411058
231127
509388
890070
407329
635074
-155534
-239181
217752
-347311
-208289
-743926
859586
-791643
481333
634057
82105
-490406
-122103
-201226
-673483
-35248
698490
-698031
838197
811117
-896338
-850643
-487237
641683
-688102
636635
270722
-466730
-331007
-706028
768293
-244716
-606955
322355
746484
866443
357120
774331
-281298
546040
-868792
-479016
-295026
-400418
-277221
255740
-758081
479030
490500
-526227
861406
-600223
-454300
-913198
284773
679334
-746419
-289398
684171
331533
-150934
-380915
-718545
-372517
434873
-942162
-641161
405858
-29407
348008
50136
-862478
-507824
-17536
-881784
963061
-962368
-950698
-574174
24706
497138
127952
357220
768341
8493
502058
-115505
569132
851868
879239
808515
643046
-73511
-462754
-109983
-168877
-499313
-876984
-298119
-490293
759271
-440226
279710
965535
-339989
507684
397889
799976
-596202
12922
-948887
760485
-892231
954166
-60746
-175546
-681688
-618319
866522
-397103
408263
-672006
-827215
453936
-382413
567967
-432656
999986
146347
-551885
-596710
134079
192603
651965
899240
210276
793011
163842
-606712
92446
-548824
397945
816877
-394139
-131779
-704283
759174
-349991
-336567
636618
-927936
36812
-656366
-368083
336286
-771684
-948068
-131012
-350513
874436
911077
783739
404906
-236088
408350
-569627
-367837
-995432
-145694
162366
447644
-991198
483536
251746
342724
752135
-631907
-946990
-335007
297568
954554
-322303
-38595
319794
-251901
482689
599522
-859329
-259475
-94612
7278
-108445
-915218
-702757
-556352
260648
637584
-398547
-781470
980853
528260
792225
620694
-417953
-817327
-563253
-350863
-769078
896003
775161
-217402
373445
-423390
-544819
884743
350904
-942264
-659579
219188
-465438
-289879
828274
849303
-637425
-955617
300577
-225712
420787
-199140
885443
846969
20619
654981
496728
108472
647395
-245274
-960593
220134
-518843
-331821
-808033
386018
279589
9282
500910
-332648
-473908
-333385
-614256
172058
-629202
-591805
-705244
223347
658031
-480075
-77569
-283717
22596
-56498
-14511
-438552
602438
522011
391098
259375
224147
660127
669627
-731550
-346099
39513
889710
624017
-373594
677727
-774819
416826
738477
100889
-732497
386505
-191784
-721347
986729
-179498
348443
-242748
-562235
-264282
-827270
-241845
-420613
-295418
-333419
-838249
-455785
459493
-986547
-538495
-247016
88141
238288
-487
-433541
426331
347822
633908
-904629
-203924
969173
917263
-371294
264068
545096
-658649
666109
-84199
342452
745720
995527
-907480
622424
-122190
382958
310014
-782456
202544
-416570
-893970
804702
-830205
-231345
-729821
-818427
-724082
312709
285025
-14529
967409
-80454
397804
-165063
730860
-13735
-531536
95373
375151
-881946
383715
608107
-846338
-334339
410252
-542224
-229915
-809468
858691
-30230
-105603
-634956
961715
-291643
302721
-264722
-644144
294755
-103062
772169
-846689
716188
862661
628981
-159202
-348007
716557
352114
712558
-716832
479170
-687929
-851674
-76984
855973
-144879
804891
-773462
215756
929168
171969
-218214
-442466
-315431
935677
688039
-985027
723304
873723
566327
-988666
895499
336870
-450497
994869
780087
-505354
873428
516011
-749906
-347905
660270
-343182
-441948
-2004
-400823
-113894
589742
-740516
-364072
639065
-849941
738362
-930842
42579
419576
-942308
-115913
55602
-57075
347556
106124
964013
534993
809968
494929
449216
887410
-253288
200031
-847811
109726
-294812
-152551
-244651
-615730
-220737
-342276
329648
-989213
-760093
-206866
119038
647537
796788
-204060
894214
-833616
552068
696848
999864
-186028
700316
-928003
764233
-733266
102113
927131
401139
810152
-709340
-703641
331556
-723472
-771130
864223
-412880
-54295
-115447
-27067
249590
-682486
173042
680123
-738628
199806
208858
-634162
772898
-683616
-670351
915716
626699
840888
-658294
-616126
-817468
-98163
270068
-673207
-979125
-50171
44426
-484869
-327746
-587038
-939874
-946478
409124
560029
502270
767012
303943
752805
53716
-6034
-342308
82139
-370365
-511590
597009
400606
371287
-497893
-376560
-61931
-523646
472266
-799183
323002
997543
550826
360650
-993587
-495387
-992329
-465367
944043
-425687
21021
575218
256382
-273561
-878320
-919844
-356374
-263848
431509
-388432
-159092
366914
676796
603005
-911758
-34908
541338
-692789
650577
-48570
748717
-363829
816837
-432085
267938
605217
-506053
-517352
-823510
961545
-307245
-657833
-427000
181937
542370
-970866
327373
905610
692735
-655924
339023
-796254
-340718
504256
-501760
780921
156843
-85820
-129831
831978
-947698
279752
-589238
-19164
465295
-922391
53595
625329
130893
-759946
855034
-130562
274057
695738
-563162
-706257
481406
-582737
174928
-201454
139756
-200214
-612713
637429
645944
-330568
412260
897419
725418
14488
976518
-334836
40947
-675591
602640
-787814
-769662
-801903
229450
-912725
-356555
-438544
232540
-838331
-518006
-155827
-649639
171241
-24083
102801
-740126
-612646
-94074
489318
990696
40283
370879
-173861
-796975
841382
-163840
-619929
-179093
-536650
528278
-353853
-587423
-574885
-460743
-459770
706131
-694758
241856
243590
-509934
13732
405349
-120773
-804339
854374
481000
-155334
444920
-575494
-73499
593992
-616565
823141
513974
954751
-231905
-526214
-949927
-418344
-532198
539217
-302408
984100
312061
255507
48657
-310032
-670730
424507
-398082
-122754
461065
904080
-813522
830230
-557685
750254
931566
17439
-777386
797353
358073
-673552
470258
562400
-670645
283726
402679
-50066
873259
480289
-340463
636085
334567
-599224
883230
847464
-50337
-954533
84367
480353
628162
-501213
920357
405207
-620715
-565528
-657639
475101
641631
-271511
-887085
998812
950684
155780
-681238
-904287
306146
-626345
38489
776045
-831472
-348640
-775377
-605269
262486
705361
-857135
319357
-191617
-925379
924329
37486
340489
-743926
-127963
38779
103753
864780
519649
-454870
161657
-812205
542033
-356791
475108
657782
-784131
817689
-54676
-458750
825082
-499290
-842934
-635057
-150147
-118136
975489
384065
245002
390560
705060
-606553
325144
-631836
-302576
39045
956158
134648
-526324
716108
83181
984094
102419
173692
98083
-538693
898794
498260
541940
435480
666884
677660
539604
187102
-299543
148259
-909146
-814748
-569757
-440596
-674950
-823537
380089
-525016
-563739
71592
831315
667994
-226719
-666370
-32961
226214
-191844
678977
422321
-706684
14445
641009
-860871
-683289
-994997
69446
-36759
82572
308314
-481108
465051
-347576
-730085
-80913
347372
-842310
674643
275761
-731773
-215733
-20769
475555
749359
914748
311037
-945399
740370
292201
926332
-978462
-42138
425649
-249159
-781550
-336519
535588
-20660
931244
784061
-276998
-491689
541493
-125762
371653
481970
706812
955917
626222
67991
164008
-652134
436386
-196480
31996
-435950
-45347
-495073
-685759
574432
-811472
559455
-871366
961612
371006
-399978
967497
-602019
-698432
-840808
-836343
-14276
479503
-540190
789258
370378
-342616
225665
-927493
782454
-65988
-439521
-274759
129340
987081
150947
708594
-336663
210894
-778268
-982935
-852191
-387090
430655
690737
-775236
-175593
901161
-337030
-965837
-242587
589333
-25009
853362
546510
904055
466835
-56143
283053
-512184
-275372
698369
-776738
-415421
589183
-523093
278075
638572
-808225
409961
-32797
-94281
883373
-297962
-689361
-619328
447844
263673
-206133
759943
-719407
-552098
-413433
391872
-643582
419804
440247
-694240
-141712
685408
229988
-11238
729445
-960330
-547510
-757111
11689
-595409
482668
-827558
359962
981705
-910395
-714512
294087
76931
-496368
493054
691274
-861948
290348
-785382
601031
947689
146757
671270
152654
-432064
-875292
-256561
-518664
-271877
-510988
857024
925337
-956435
716896
-155475
911095
652333
-476500
392401
-473057
483323
-433066
-642016
-400045
825804
-983615
-634330
-15137
-910817
230953
-170459
500087
-603009
960827
448674
309994
680642
298441
-576077
52706
500806
804411
-524224
257051
798440
205850
-989247
-411556
-95239
-960667
213359
713962
698280
-281905
-605516
587133
736187
-378258
-267486
-16848
286288
884924
640022
-625941
879507
186330
-997001
-157373
104766
148779
-210666
-144293
979421
-112218
-102101
795938
270079
-273746
313080
818686
-468244
842678
562268
-851920
577515
-66772
703677
312837
766916
-898921
809664
-23734
874183
-882546
-884454
-323334
-441017
519589
675016
638992
504489
-472538
348181
52154
616284
-115594
-872843
-463772
311719
600913
689452
-476505
-738578
-843191
-306083
245109
-31228
-82484
618857
875213
-601732
-571309
-945123
21742
-496430
-866417
183061
-50173
121471
-617890
386744
10213
517951
444378
-233583
605431
-105089
-188375
-426096
465599
-159302
-69355
446868
748129
32936
-646431
-108680
381729
639050
15428
363130
902131
761701
-607744
624940
765361
121898
-288060
388546
-412196
70423
-954087
-224024
568087
909263
743240
-938578
429110
-356132
984194
161038
-284421
-825565
906258
-42071
403919
438781
66818
996312
240185
-408793
779924
-284592
-220655
-453957
391225
264488
-338033
691497
-878892
568687
-100327
-904340
-375190
540404
817876
-712039
903986
-633565
888000
-600261
364
318971
-811831
-915289
244050
-345538
466723
-187168
63512
302207
16892
571798
138216
136512
-378320
157067
311281
738499
-582360
-531828
-236377
-804353
-160772
-857757
-948725
-957385
-638913
-274771
-47553
368737
541896
-3427
746539
986667
974705
45414
-233707
945984
-513601
857871
188762
918830
-101172
38183
148214
-134831
-548429
921329
-743077
-641367
55057
-570396
95863
-828933
179681
160987
168577
516169
-504755
-684761
301461
343155
625283
-658363
442121
-869172
271666
440865
143641
353786
915354
941122
-597668
984024
-903172
406476
342887
260028
-552461
-354551
-38207
-119901
-353971
645058
433518
-911417
362241
-623932
-193425
-795204
183357
-202469
-47527
-712430
781670
-728241
-530478
14248
204163
-928927
861993
441038
-916433
509143
570592
323823
531955
402551
138157
932257
727394
48872
358970
359086
435072
-86447
-733861
-917714
401898
830068
-929413
47809
197042
-709629
-15308
-62871
405030
-87624
195143
-517122
104660
730554
885498
-344389
556583
996695
-978175
-657176
124156
951220
-642972
-321259
648576
-973177
568890
897240
578611
-996441
-326299
312539
923586
587740
633598
706028
-594296
39801
177321
979502
-336663
-395435
-133467
841061
-929714
674756
536869
-881235
482005
-268772
-259871
-493671
462365
-580744
300729
-769764
-980903
506050
541172
-4349
-487328
-426128
-454312
-756263
133289
786078
514130
139497
976830
98298
-295735
-815571
-695140
744415
891012
38298
-648907
588370
-145313
-312410
-62180
254577
32838
943567
-95941
-375775
439985
-71196
-910492
24909
241184
346295
-652583
466346
-683046
804973
78974
-354512
-880289
-399015
973546
672469
272977
-930482
-384307
-441693
686207
-380636
384546
840765
694612
-492610
-722439
-135234
-157485
-338431
848056
962233
-579839
-270269
-277712
288457
884116
504908
383196
-757783
-17685
80871
-730037
-700528
-202188
486275
895174
833181
-551124
145281
219201
-703602
793709
-428460
875109
847074
747505
-722553
464532
-974896
-198725
778817
-386111
204498
214736
237682
203113
281712
401140
687597
611270
335513
419976
314332
147494
588215
-817895
-882198
-928361
-55147
-838813
-749095
801037
-150573
-258969
-973924
40493
953854
-176318
949032
317864
-852329
901945
304913
581568
-362649
-600559
-784622
-684389
553553
32246
276280
376453
939031
491333
-646747
-289237
-972357
519950
-686729
-541532
42202
-455466
-69009
-968970
684944
-989989
-767984
531620
-429510
391363
486925
976619
584019
-724090
609936
739559
192746
405032
342907
555114
779737
446907
609110
-340987
-379327
234468
-819134
775136
-854824
379569
-507225
702738
895650
-849889
133581
176318
988844
347076
331145
904488
-321371
-484681
340918
980981
-740146
-259688
-795969
-439593
972219
3690
199346
-121726
540887
-788621
955540
-860954
-287657
572026
-199254
568456
854065
-846816
569196
-21322
-623427
854264
417655
-589022
-539544
170008
-805365
684012
927172
880619
21285
848892
-560040
-923202
16019
-344728
911859
840275
896366
-59381
-460341
-493054
-751588
-334603
852552
-847266
-917100
-317555
-776337
469690
-455711
854639
435821
-4072
162744
-923462
-813460
-382100
875460
433122
-225609
768462
691829
-987724
988587
-639664
579473
-751890
722569
-809189
-568049
-873624
-804101
-257486
419994
723125
572871
-21463
-635744
-299269
171565
395353
591158
112536
-678909
-956085
20161
-932906
-54614
-292315
-262290
-228727
-493718
147380
361192
-251380
-303848
-528825
-843969
226318
-672015
-713664
603162
-520076
762835
587595
535349
-62139
831365
154809
497950
694373
-156066
-183241
531456
-496753
-403976
560434
-162697
597466
472852
-3107
-819498
-682178
129627
-876087
822609
-696720
139609
-185996
742475
489624
872290
869470
520002
820718
193440
458992
-901347
-942271
-507987
449189
-111833
-710905
-267375
225200
160636
440649
-959945
-115207
543250
594155
-437088
-838859
773091
557644
887148
230329
372058
-464219
625196
215803
157565
-714994
161130
-512397
619399
-718348
166594
-979013
-536450
512235
-897578
-337222
-82453
341904
-432196
-937048
202057
425345
464696
198993
806885
330954
450322
704343
152382
958724
-76824
566324
534481
875388
755631
822767
-452629
-411506
-521162
-291355
843458
-366992
-929311
-712200
554933
-24563
-915066
-805227
-744244
580488
-476431
-11771
-237126
-851005
388319
-97677
-917929
-121762
-453945
-90842
257460
-158788
-153075
195400
-945713
36144
-768865
441103
140541
-379939
57756
-420941
-614875
60726
626890
498729
481405
-78086
-190869
89849
-68181
-342340
349837
-473775
-118045
-621843
445500
636190
-815182
207575
493766
806343
-655766
-178447
252966
-908168
-301801
-579011
-659834
292230
528344
906637
-123229
825938
192703
-767672
-814935
-749410
493702
666543
785227
-227184
-403484
999421
593391
-398479
-647641
984411
-387185
-533271
964533
-221514
-700807
-80781
-77215
-88812
-723293
-235111
-135855
684245
-142580
-189187
-189192
930098
71822
-226789
328936
54874
-819261
506582
-195107
-855238
263450
-534689
-168838
391716
-236653
248066
-56553
323521
-782457
-932805
917848
872219
-682807
-969460
-824171
460541
605666
-784749
-165310
-831727
-447200
-784266
-906409
-655308
392204
377147
733155
-67668
-938544
303685
103147
-513518
862200
-711169
792515
-403204
-605591
-215355
-777359
684663
344155
175253
696403
429830
-290859
-384669
494752
621225
148376
-504076
-910151
276293
164533
64287
525395
-922873
117110
-75081
-263221
-7291
568542
-341657
-769195
867284
743399
406298
236937
-503004
-877859
641085
-627774
-867064
500299
-517475
-941708
-732585
-506233
731091
125201
558187
256273
780191
819273
-852533
-778119
874569
522472
-865331
837203
-209066
-282416
584265
-475261
379410
-733066
-996693
-737048
-301862
-131292
762101
-201486
765534
455243
-818211
11349
-103024
-799243
174279
-452108
-128277
-359543
-335257
986751
948312
-598859
505601
-578781
495695
-74842
-455136
51638
193915
88003
-112882
815246
420018
-852169
-799006
219964
515919
-677597
472920
-742484
380443
258209
-87274
-501864
-391383
738281
-177845
855899
666329
91739
-382520
-869201
-163066
-16515
-12645
-502894
-267185
499665
793110
-564297
-615207
-876336
910910
-447044
474141
-461816
-161645
-949191
441210
996032
810188
246748
889356
-914366
-193031
396881
-54217
-973143
345634
-939911
642424
-490791
889193
845382
-710040
-245788
382081
-310520
-247995
-660889
-373005
335764
-76489
747035
-375829
65789
825525
-679113
-607933
87886
393077
-723638
-939180
-868143
94946
853828
749170
-928000
-721591
18445
-646014
432344
-943409
972324
308277
-731955
224413
434825
919358
745262
31083
-293248
51138
287183
-996417
730553
-974154
-44258
-779753
404653
-642515
-803454
-253548
972299
-184412
618289
731833
-233723
25570
13214
-328217
-908500
659500
372580
-599786
367002
-516249
530442
-56255
237131
-644565
-463041
370747
853364
-301933
-739547
-347977
954938
-146202
-585623
-57493
-185363
-894910
-852940
-232673
-948962
-767247
590038
22774
116383
-601287
431598
709435
-555286
-213474
495903
-637442
-470170
767020
602942
-708898
-961210
-865004
16765
363569
-506027
537531
260806
-594520
477846
-337417
-270325
-977052
-441239
-341275
428208
16359
760600
276341
143125
826649
-810022
326734
-508506
104558
-162980
691153
810062
731246
151973
-711488
829735
-913486
311905
-263445
-878844
-820975
-411941
-316166
-477617
-469265
120337
553535
-866824
698385
-255448
-899506
-81184
900022
-260662
441805
-215967
-315993
835496
424820
-354050
-497543
-894135
-124408
-917276
892075
877764
573976
-257143
935714
652439
363131
660992
972444
504139
838657
-516460
-971269
-554612
-143746
915655
-55732
-133439
234650
-899699
-383744
532979
510991
-391984
-141163
470284
956323
-608119
-69477
-409380
-41445
961168
-125916
763425
7673
487746
206523
969037
823768
761426
955370
-97606
48243
-760350
576591
-844734
-551193
71976
-577815
5052
-366067
188292
-904259
135800
134809
916148
719448
-568125
739575
-603663
-120261
-633346
740620
-379823
-345834
-961757
233616
767118
-464166
-443523
465288
-251314
-248456
-444141
364405
-570210
-493002
983934
944243
-274199
-951803
-502530
866659
280547
-558065
-609724
-670100
-916944
501527
-423817
554318
516965
-122852
-922767
828127
966402
-758451
204020
950268
1093
-405313
189322
-223848
-202209
-894420
610679
-401118
23587
978552
-420375
216889
-462215
-435676
-686540
-544899
-969160
186023
245170
-942528
-32151
697982
-765089
742729
305005
6415
308474
-65460
-762474
299500
-576619
462184
-65825
7147
300494
-178297
301948
-726275
498383
139690
-135214
-889623
-828720
-158373
-192379
-488646
908412
-280625
579431
-827386
-252299
-482063
172032
663934
186762
-512937
360733
359958
-529828
-918178
-761042
-474087
157771
-821578
499113
-195496
-799756
762881
-252911
-431863
869564
474374
153049
563126
582828
-580513
31003
220240
581198
421135
128791
-627986
-130386
728809
145474
343636
-97649
351654
-555783
-372991
-243608
-298384
-30194
-951033
349262
-335417
390588
903161
-349766
-101648
858405
-822259
699436
-156936
-294153
815262
515131
-344323
627717
-156228
-12144
-566762
-830875
-309617
-862655
-955392
979703
178404
-577055
-731509
140085
383950
-173696
528652
599126
560059
391809
-943791
-55719
100723
-758545
-299239
630827
627274
-509167
-404134
859219
909591
183593
-243523
358702
84991
-484969
838590
85880
228790
197756
784493
-351193
800153
928559
616926
322194
984824
-536916
-731326
-589722
-341655
-571875
-275005
753517
-27796
-602593
-267384
938770
602885
654090
706157
380892
-431365
-265863
-474024
-418316
950117
-546601
-868778
-264237
5718
-151392
767761
-904120
-859905
-738795
-559578
215892
-489633
-69009
-59367
752528
297366
901521
-70524
-827449
-305672
-195603
318350
930370
-589623
-12421
-995868
51598
-330047
646287
-37207
520165
244674
-922393
-898419
676537
-7363
-753649
-508133
888484
-306377
-205412
16761
-202457
955303
677588
23569
751565
810651
-845261
-295
-226866
-805924
-199943
291462
-109917
-373610
-982495
342090
-645838
176142
572305
811203
-883234
-655954
10493
-425121
-317071
841794
-399190
-303192
-542970
667984
-529081
-311767
-599160
407959
942030
-175168
-994612
-550308
-944788
-494665
-248027
365260
-551171
-925247
-170214
-109800
736917
271351
18192
-286370
852289
-178302
785492
-40920
-639626
-47428
935850
799903
600495
248484
958481
296540
-782365
423478
-983215
629263
150720
-738051
-525393
304125
-851739
556775
329280
483493
-982934
-458484
-430388
156430
889896
889109
-433421
-203581
-618424
-993140
935798
647064
391621
-158613
688685
170540
758554
598419
-50817
-232010
-726034
-709982
653142
46351
564438
-432954
-810915
433070
203734
78497
447428
691486
-890786
889863
953019
-30387
-908143
-667038
-738018
540203
253018
903898
250396
956695
334342
41326
-192484
-949510
-589932
-240186
450972
203927
393961
-880672
-816988
-925965
997081
-358889
-409324
-712762
-689183
667417
259698
-156890
419649
228665
548616
272131
-413011
837661
-735398
900766
-736450
-545205
-323220
464807
531729
-754429
-832171
133242
-666008
840386
-124120
793005
-719445
427501
-874784
-576994
355097
-455471
-497909
752180
-515023
-449125
795501
507023
294504
-25182
-609352
-709442
511206
-441243
967836
-645427
-911860
108799
664283
-820896
-697121
992060
-943333
-657086
95593
-135221
917360
-763338
-117493
-867743
804830
-84110
-357126
70503
690099
837154
-825189
823750
-608756
-776193
830767
-607097
-221045
989089
713469
423610
301167
-626635
-860268
514250
937617
-406442
141897
-576588
-154335
156985
725556
366221
-541369
-872801
-980114
-652899
-319666
578237
-217553
-117300
-198249
151858
-832653
-630057
-12605
-813130
785972
981862
-903180
675987
-549065
984744
-895954
-187286
-143630
-620572
-447813
-374152
279264
-813260
811318
-577656
-280673
-486786
-297844
130876
-454914
-159137
-677166
-429838
-251939
441966
-688213
-34686
-182379
150402
-33975
-668799
516549
-201904
373429
776751
228740
489366
529996
-304262
-148669
-856091
863778
264337
77019
137203
209602
446849
637258
-966266
153032
-203496
-197852
561071
237499
-820383
206570
-713837
-416892
-381112
-126657
-280307
909171
289994
493268
-292079
-230963
-927932
171341
257774
547326
-1598
-76368
263367
-34796
589023
-305403
916113
-157787
603098
739387
-351242
-122918
-606875
-391685
-643303
161191
-397339
-187289
-67300
728245
-289660
-499161
750105
-743981
-697379
-659268
182830
-650547
919634
-355253
19220
574410
439617
-494814
-953124
-438451
751458
412281
456817
19509
597841
-946348
240678
-116422
746057
578233
348782
-169906
-510288
-253166
-952961
541446
-600308
137899
392928
187358
603304
876187
472365
-802402
89026
886366
741693
679374
553015
245133
563270
306045
103752
-682396
-86907
-605333
351072
-571675
882004
327454
596593
283748
-19136
-859322
26784
249104
-498984
-575564
244354
159110
-502622
101916
561335
269899
635011
-28902
604624
-790003
717381
-406565
-47036
-831729
145829
-237194
-395410
37028
-639349
-369832
139681
572907
-407862
119624
-894960
-988062
422453
-87774
851073
834628
-987667
-570226
713619
174211
-886955
-219285
260825
-479668
-638796
204181
-519603
761877
-339466
-174686
-892197
256569
2335
963653
475352
31161
855685
-403761
-86468
369714
-264795
-645966
-271160
79797
872607
770232
40280
-494226
255711
786358
417781
789285
911890
411055
-960356
-741532
-882286
242290
-205506
-633346
-70230
-187411
531219
-726710
-254069
-525418
-585971
325170
859182
-550423
193270
970315
-438350
552388
313439
-117988
-709033
637780
243938
678333
773391
200278
-225199
-320259
324049
792681
-584545
-945193
164278
362656
-82837
-547916
184159
-885962
726519
-162670
899945
-917762
-253572
310407
244246
-300714
361516
661811
-258514
-896833
602358
979525
-98892
-782211
223079
-379285
-415344
-975835
379293
-269367
913828
864435
-644475
125592
-430635
528856
-887087
-125955
-648728
-590358
279205
513613
502533
-685777
953697
744644
246349
-772527
354133
-757787
-152955
261471
70164
883658
-31949
164513
822885
918085
-715069
-911029
-908205
-804034
204106
-909896
-950205
-461216
530049
598371
-614620
-87900
-991372
-624334
828115
57499
918021
156737
-44944
-810779
525112
-132721
-368084
928693
502468
712653
635528
-877564
581722
-832702
-861985
48003
382136
-33734
246969
-973038
-394238
-404670
453369
106811
904338
-668386
-93133
-363024
-112886
-266475
-379764
428470
727938
327453
-200073
-178916
606768
-496671
-474849
83571
346104
803192
186300
-907553
944717
-469508
987366
-241120
352417
-851590
102590
-407843
849717
902967
87977
-210128
162172
881817
899819
-986922
806219
783396
-947381
-486826
-86532
-973018
708275
258476
-776225
554724
-825137
-966891
-445479
-842669
839485
-376379
-443725
-787526
-4799
90555
-19136
101776
-401555
-147740
859379
-832022
-706623
-564183
287791
-443326
-959136
129230
-738495
-681329
-207079
426587
-636957
-244331
282027
-796095
333635
692100
-307085
-241417
-437496
355743
966664
-334378
929906
505672
915194
964605
740540
951073
-125123
38846
-972213
-325897
738676
-313874
724358
117546
-831926
889468
-584282
-772688
-817118
-173020
-410369
674231
102244
-931464
21720
366345
707301
-940975
-743855
757716
-423007
491616
236937
249362
832657
501431
816353
-446568
397278
-509070
-196728
-859559
884798
-598868
633220
-154473
113423
-33056
42812
-13934
594657
-300940
76220
-286601
-247030
-990790
-344904
-520369
-815708
380255
-372527
218514
279745
-363835
-879338
683017
-717454
-966793
818516
-310211
-881056
-830952
-908493
-417423
-130098
307398
-702719
219509
-384361
481149
574437
469704
-824067
138896
-152710
971335
-897869
634209
-913801
394165
536964
768665
929446
47971
-672187
671345
462398
-572330
995717
466560
-461882
-975505
845903
936285
437820
-668790
-561345
-796708
340308
-92948
-330063
-828993
-148274
463233
627223
-532738
-287257
-519276
-312285
170639
-57456
-918417
717251
-483690
518566
-118763
-965990
-935900
-302940
751211
-261538
778599
708721
811555
183526
312563
-386915
-413824
-625679
842381
-486475
551360
-859029
717071
-757686
-716118
566221
-889443
-491309
423282
138841
-135652
-937190
67403
611446
257706
-183139
234398
-705407
-439614
491705
-618002
961560
-466918
-383742
-853662
88892
477845
-665896
56349
-581758
718605
907927
98492
799589
-385642
156432
-816726
-583728
527734
749817
-938209
-111078
-1920
500212
-866374
-275962
324657
613785
452943
69396
656540
342609
619313
-887203
-532679
-127774
-353623
901122
678590
-648711
417089
-722642
898075
477249
-127145
47090
707145
478335
914358
-851188
770159
643617
-498114
37617
-860053
-673848
492213
-203910
-916286
-301389
923828
-383027
986341
-960776
432599
-2632
800383
-128889
381551
663364
981242
292133
515811
-760658
583200
-203181
46498
-369289
-453024
211806
47627
103822
727947
-61918
-149146
471785
700303
148861
697670
8674
972199
578788
780969
-245057
-231030
-81332
-980534
58702
-621175
332322
41033
-178228
343455
-880255
-701906
950553
217899
-885857
88541
-6890
-465898
430672
34487
-516255
-993947
973923
598624
-334094
815477
-702233
181892
143621
-740907
-295395
-205450
-112540
-983582
533393
494747
-729475
-49154
-439156
241392
441409
227419
-829450
-764847
509995
447292
-72932
-410794
-921493
65333
-576028
-225337
-815990
43111
-411924
-840447
-615366
959614
-671221
916417
-470263
-535089
590977
909907
858531
-356442
648420
201448
105569
788776
-174666
-94329
27151
42039
988093
-447542
-371174
-234232
321971
921924
594294
798026
-914264
825926
859051
280539
-365130
165198
77710
-580787
851788
-391965
241657
99913
257197
355099
325938
981226
-472790
-182843
-680912
515327
-445978
463449
870102
812189
-863944
852787
395959
625219
474462
1565
780350
533483
157957
44853
-83149
69225
-261210
-809299
-100300
596027
928233
-946994
163373
-212780
-108808
-522530
-646466
44766
-109139
495753
-766839
177140
-240152
-237074
646692
-395363
-840227
-469866
-115119
309389
-340746
-437892
840804
-179998
-628603
-642217
392943
929860
-535152
-845882
-494001
-628787
-210074
397706
365027
711979
-550184
189895
623239
726214
-960741
396551
722300
-615796
101182
-321831
179154
135661
-367808
320954
917169
746676
-938932
685844
-395508
226324
620177
828768
972989
63302
-598229
-717561
302110
-399358
-864727
635152
-901454
417296
968775
375264
-869944
445599
-288358
-48639
-330004
-462151
817955
390298
-22959
708539
253782
-227140
-965428
63242
667189
-980550
-455999
537499
362214
-693965
762256
29393
-65082
266082
20873
897099
818978
-345395
-380616
449068
757541
-468487
146101
216485
-367694
-765047
641719
726469
-246570
-63798
868360
-486996
340154
-318487
494472
74519
-351916
-661152
-763147
277665
-733980
60587
-127898
952784
-969498
-558229
-373838
-415513
246004
341990
-145142
-516093
-192692
141466
-30425
-607483
138202
858100
472195
817881
-417273
241045
-166548
10153
294193
91947
879806
-993175
-944109
779135
-577022
-891457
745768
-468860
-944590
363390
438893
294186
-420690
608141
228846
-745634
762102
945132
-684979
-607230
354447
-958395
505092
737699
476885
-125822
549867
-863146
471737
-222375
688338
268433
-417948
-917092
-938815
-933936
603680
-841547
927414
370982
-698718
740918
-88756
296823
533138
-759492
-204310
-420124
705584
213196
113119
-427582
-844134
877793
-735781
914329
478132
992041
6617
-975272
-77508
-340326
661392
999172
54992
293915
-32984
-247672
-137577
748946
225932
579811
537469
-207888
-491937
-233875
-418111
-748605
724502
-361447
-638383
-24602
-265522
-264691
-519098
-991897
-451857
806763
845080
-903993
483918
979040
27335
-121145
-510555
665780
672327
210372
850003
810270
586025
477205
225100
552411
-555421
769094
-431950
267667
805010
-442781
43693
797478
911080
-749123
-856345
-148318
450896
288040
780838
928178
439746
350980
253145
359929
828204
631820
-671193
783254
-893207
-208827
533057
-565748
-250841
196698
336632
-376775
-13313
-59479
628133
-638959
586350
-788685
331575
-906098
-324162
618037
-58383
-533530
142057
690062
-563287
-577089
108557
668062
766125
357635
489709
-598088
552349
-499239
293315
314842
-847649
-946483
358199
190842
865908
893006
-260016
-842390
-597227
-443208
283400
-939620
-389656
662486
383220
119906
705330
-805001
-102216
271719
564906
-509315
-717796
524104
-119154
-762347
297972
661837
-279517
587438
224830
-656282
373571
-815957
-281462
158126
-849975
-813466
-568800
-636152
278648
-259138
196835
848928
-509757
-316815
405515
562834
-195903
-13169
-738156
946910
741382
-167739
-176286
859884
-239346
881064
-803066
-64650
152222
436513
-501038
599980
419660
382118
-246784
317466
999620
-858146
-401123
-299814
316116
622393
-310706
187556
456564
-179135
-894851
-449119
-485531
412542
623526
422462
69686
-799521
539580
-210958
-452541
123739
533933
-681509
325733
899208
46957
-263639
367605
827337
-768812
-766681
757740
600881
-8018
533394
-388041
408440
524412
751185
207412
32367
820428
533148
-409078
536793
278627
-576668
-887023
-879052
124046
-643212
396266
-614719
-311927
-609369
-198187
569970
-741495
454402
-711476
-578968
491048
-252116
360881
713864
388154
744350
-805244
-352543
-191783
588282
-986326
669078
-486054
-33215
221629
-937380
704638
-518046
-266842
694817
-185570
-697927
-672576
411680
783373
473077
580995
514414
343386
262587
536697
195820
-543301
-302758
-315560
626569
-162784
-516844
284382
-996148
-240724
958369
-227381
-528547
-108971
-577301
-380004
-563019
746248
89697
477713
-997913
-842368
489573
287182
946290
-308765
-994294
966267
-796107
-886050
279723
-94792
-560572
868925
524633
979724
436410
-170087
-372860
628651
-542661
-115443
-639814
-493526
-870589
-87052
-648425
159043
886766
-302154
-544954
-478616
792541
-232284
691318
639270
-959707
-632416
-728118
829248
379118
605701
719098
-784249
135563
-991880
-998475
847726
-441285
690727
-48343
-676378
236000
-454462
-458917
688394
-744300
186236
982085
16052
251851
-860690
-75527
-540770
-455956
-542518
-208000
298042
-71182
-554322
475989
312577
308745
693901
665037
205735
-340965
925195
892166
-739362
-710239
27367
-909062
-21064
980140
457577
-19987
-957943
871235
387643
-755846
890975
-385763
-384118
-155009
-318726
-911395
254453
823291
-629483
670584
31895
163721
510764
549937
627178
497891
-857607
-371504
-353499
-927883
-312703
-289619
-231263
-909180
-781575
208935
-893552
-402497
-175420
-701104
-186115
-99909
770414
457686
471534
375693
-884723
599520
-601318
-484040
-43351
674241
244336
-49089
659435
856490
-629301
883895
241299
885734
-22357
8976
-292231
-234930
-563547
587821
-873411
-166020
-997776
211516
16892
-13271
-990917
109060
-581326
-851573
-16312
-84608
-510066
-495021
-293314
-753288
460826
-216004
-938823
-337406
-105712
-306265
221703
116937
-157111
697149
-461005
-868829
-8929
-356407
691114
308244
-838497
-444008
-508717
985145
639453
-90322
299576
-278032
326537
950532
-467193
679399
-757415
-857799
-112902
-624718
-367459
-809906
929031
851712
-494405
190788
-755124
-383865
-330148
797612
-880405
624494
-770068
178678
611479
-309200
-105174
606465
-288668
-102619
190517
-217580
306010
-628741
-552840
5154
340346
-996459
-648297
908304
328746
873415
748518
-152398
292543
218265
-649457
-126616
837711
77433
-9677
-181523
-654428
-885843
554348
639665
729572
-541546
-999882
-224379
768073
983740
-233563
-731707
411872
239212
-21984
106131
-620119
90497
245442
-114715
-295107
552733
9667
-976863
263945
123615
7178
-500070
12305
-531695
449681
-107920
-834963
246965
-511083
-823071
296592
-746488
882011
531309
-719735
-208991
150667
924670
-452964
-935166
-428041
-904647
-20410
34396
-213168
90179
376639
167655
194879
-783631
-273732
-749600
-963173
-716304
673598
791075
703924
-961332
858623
-200302
-679023
-137027
484633
941503
151503
-117634
467432
-598592
-984995
-605893
715424
-778974
-946521
-718059
423599
-104861
539457
862889
678415
775989
-418692
98103
336524
9349
-719383
618120
-289452
-784674
-907995
-502329
-675841
-260282
-987271
-966542
266086
995827
-451625
27501
774450
423237
-820939
-348833
48894
-153450
-695282
422328
4542
-875878
544974
820928
88832
-612974
985688
509319
-638148
652290
-62045
-901625
-514919
779606
960393
986346
718302
801524
-565290
-202443
-992154
668419
-917950
264598
-736958
263399
426237
320168
-445735
52661
-683226
583329
-828223
8722
-139953
514193
-570011
-549962
-752426
-688957
-914577
-529311
-185368
-835465
241400
619446
-63575
-949662
735841
584494
-679909
583492
-598513
164315
-560802
-864081
-784371
580738
366242
-155795
187149
637136
655784
-349417
-339334
155496
719450
388643
-478186
345658
847765
496985
66486
-601164
-355616
947155
-479368
521737
924968
-751800
-362717
-330784
-955072
185163
158232
-562162
730096
969147
387586
517234
203586
-969365
887018
550406
-663054
146020
609161
141854
64910
-840446
-273622
516933
-12553
42435
498261
-485692
-118073
-201946
-569003
-265667
160112
454459
-666463
-890087
597698
-612738
-908699
962740
-129083
-497252
570388
8338
332619
871959
828658
355057
-255609
-556187
-352714
-445334
-87263
225558
-812315
-870190
604221
-265111
866866
-21794
-326186
202772
-326517
191931
-955777
-992010
-872210
864716
287178
-918221
-481026
78886
841733
-856916
135074
959213
-207283
137090
29424
-753925
411615
154280
-383152
262358
493165
-539543
-129383
195668
624526
-770835
675425
240988
-550740
-363425
-491360
-433099
453765
-220959
-747474
-861869
29553
-636588
556933
314423
-400528
-191953
568970
-996962
-480624
-761573
-553796
-335128
-984535
-554525
945736
-868839
-159356
-293973
-921876
-674129
811498
-766656
-64910
346548
-246194
-394868
-891591
84989
728266
-590542
872757
725158
75368
-371447
-469864
485092
484650
-500678
-410900
687556
294356
213710
-913256
798610
-290327
606225
352006
238931
-746246
-469014
-136891
399616
373061
693459
566707
-766971
-43317
632759
-930959
-865262
-129240
-511218
-497138
-305989
140926
739369
342699
772476
-862886
326866
-524509
521109
24394
210081
160764
-343779
-996876
477048
-879284
-344022
604238
-897387
-597546
960001
325880
-625722
-192976
679594
535173
-945844
274337
719918
910174
485575
-849428
758398
377503
782080
251485
-445617
-545229
311599
45396
-246691
-861041
-931374
-594204
-974211
584478
428308
758180
293801
554150
671206
883591
-109688
-558090
-287522
-242011
927573
748404
541533
667258
54404
7904
-764182
830015
220561
309806
-276419
80991
45299
422230
44087
873811
774364
-678728
924253
-362410
473782
836223
-325782
161964
688653
479354
421088
-671348
410882
497332
-247094
-551076
210226
799424
-694394
-35885
844291
-696329
203407
-873215
215662
437459
-485519
-383003
912946
934801
-238883
426725
707496
348130
-79408
-21272
-945481
-497149
715077
563585
-937092
-718543
-779048
-946639
123871
177904
859970
135425
488818
-378109
-767329
85240
709258
-640669
-552896
-324145
73331
-708899
874131
-345550
966232
-599724
477468
-122798
643940
-847261
966490
-934601
558848
115767
301143
334058
-633777
-162103
616903
997630
-662645
751159
-439547
-670896
-139829
810848
-841446
-271711
795919
-21546
191932
-650811
409903
-733814
479731
-58225
142835
505631
104411
-501574
25445
-982889
-107580
-671754
-170885
-569551
-695591
-885248
20454
-684923
320759
-972280
299967
588771
-172738
-226623
-974211
-853132
865168
901903
-495546
-611811
73688
-397519
545885
-666812
-137765
-145388
557739
-879226
815459
-130050
802128
-690233
-597484
785479
-56513
-943731
-342787
320612
771613
663515
717953
474900
-418525
185985
338208
-798416
682766
478180
-981697
-19777
967375
204630
759252
600068
505928
-323183
236580
481646
-578587
-335336
-895123
-880073
123426
785264
481549
-330493
940951
217730
259264
870469
-883377
949394
752669
280479
-950310
482919
855718
145622
-936797
-622261
-994661
-45667
-578461
-187882
-699836
-100108
-626092
730162
40714
32592
509502
749327
-888421
84523
-599963
974473
237892
-795903
-71921
657392
575321
-173861
302194
-204122
737486
-914859
367350
-946425
-522902
332204
-913815
27373
842525
157454
355691
-865592
-396298
77003
-553416
728012
291619
-668628
-611643
594356
-576174
-826841
697196
-326120
719400
-350355
623863
-772677
-788581
-419076
-583852
385866
-572175
-317928
549150
134208
530791
748144
493450
-940068
685374
826159
-804625
584572
-643651
-941515
763287
326471
-617067
-626936
-198512
783495
815827
383512
176363
-270093
811502
493796
-704130
-973666
-10804
-160464
-272714
-400020
-871077
884152
832142
-196122
-622563
-129382
-603183
902979
-194238
659074
567224
-565834
638886
-645983
-404388
187159
712924
-585685
327951
449656
-967178
-697856
-617746
598036
-648488
-77651
-550727
988909
675157
959315
416237
-345307
-903083
220855
-232321
21272
-149869
-292721
540560
-313989
-807949
192184
268607
-688849
-435661
286867
686465
-157871
-85785
-971747
473785
417312
573198
882510
545460
-124816
-950118
-64780
-49180
400262
642197
834143
158978
527332
293123
-603581
-603595
29826
910631
884209
654874
-852750
677414
-581878
-576923
578305
865717
-860129
-21017
75848
793215
-689373
-905556
-837309
-284314
508016
-118690
-245012
581556
858837
-595748
-625839
-928633
76572
-570514
812033
764457
-868808
-549067
-734395
-964157
-365275
115288
-718813
-194620
-88403
216071
-77917
812306
-690151
-173790
-897717
-596554
179035
-118786
-433306
479959
-727739
316915
744456
179318
251766
-95346
733663
320955
868301
-123647
118672
853530
-191421
-19912
-860635
-182485
-807016
459194
689114
850559
-717336
-563564
234073
-114419
-616327
-67715
117349
-682349
826860
843949
775675
-33195
-313551
66644
697070
693540
-983208
-827299
80699
156238
-567744
530268
453248
571329
-118461
791134
-283498
625297
164072
570946
-706161
276920
-223974
175862
960715
221474
-579513
757029
757154
-544055
877756
722101
-208946
506546
476572
-718426
294916
-205134
895249
13920
-552501
500413
594298
402031
215425
709955
112309
444361
-343493
312852
-859854
-686987
-329821
-588490
-382268
877467
-79584
-286385
826319
-818919
-161109
-167814
-17349
-16593
289982
-103284
-609431
-386237
237157
199354
-477390
-315944
-660340
-832768
813795
-906473
247873
773610
-256699
408178
572528
-631187
-913227
25030
673029
935408
-878877
-686984
880530
75521
-791770
822557
864741
-500452
174982
-353683
-549918
-420060
-768576
682143
-408261
-762047
-391167
698467
-357438
89970
741346
95773
25205
-400430
812730
-895109
457383
303524
452589
789876
-864665
308099
-184114
-516129
14420
68869
746277
328895
809459
-995767
10165
-182127
961991
560007
634000
-300538
173052
-135738
518599
-174614
183405
-393392
-227978
-520116
104533
69585
-30445
-400895
-196718
-68860
919186
-540093
133542
473977
655299
-121011
347664
-469030
-693668
-44567
-52061
931597
40194
761072
-331615
-104270
962710
306401
-247723
-961890
222201
-103343
-299914
-5165
-135
352183
-791810
-230542
136661
-315915
-736359
-347167
-219439
546885
-176567
-578905
-201944
-36909
-887315
291984
824428
338101
-466339
-524080
-547358
58527
315773
-614055
-116553
404293
340429
792356
-131248
-635100
-812311
-855439
-433561
278422
-343790
-529188
149517
-89755
862133
-414843
536304
-732283
-714937
-763102
398542
969519
-95248
-48164
486726
-543552
-480641
-172042
93604
-39555
-381015
-583675
837713
187780
707966
-449996
211262
-983674
-597136
389962
974720
-998255
210078
797449
-223
-273916
295288
-896182
-224797
512244
-113779
-827675
-814000
691410
-113657
749768
219378
-917979
-861034
879814
-399658
598176
-653994
-222900
-127309
-178369
831600
471122
157296
774047
-569951
-865069
-349264
-91139
999329
-519897
5717
615831
-479369
817314
-649950
-892045
-972478
-35524
-458332
522432
-552588
-218337
47506
862983
760407
88057
-337525
-479124
988015
326462
181721
886928
585906
804241
520429
-894982
-82984
125456
-596943
606335
-331293
-449965
563600
-242443
-109122
-586504
187861
363900
-937658
-131062
485284
-423466
198935
614975
945607
481476
-210268
348166
-749280
993592
189934
479646
258423
-424612
-621574
914879
997241
-666081
93202
-133438
-349302
262548
775786
596608
223081
-87714
135395
-613498
917134
512266
-448029
519301
-427755
934147
155872
-652710
4784
331056
-61257
251627
975023
-646333
-733987
-800617
-514608
-917925
-411228
201809
-51202
709667
-431484
600988
873729
-902550
97032
-348657
-807450
-826611
221208
812511
234055
-498728
-17161
72871
-545987
-607542
944142
223092
-607217
81800
211346
-163009
391449
-28340
-664772
216382
-428656
393615
-493237
401743
-141626
824571
845101
806117
236854
-546209
-767708
-749839
-140657
877971
73154
-152643
-676994
266784
-742039
286973
529831
-410688
244428
-358282
946693
-490429
-977504
-986150
796054
-760141
-659160
-854589
901334
-382087
448503
-83804
669657
319268
-799542
516392
137900
-962571
128162
-762602
137770
37891
875343
580320
-424049
24957
436311
886394
52823
-225717
879269
61014
69600
791911
-623334
-617741
683289
326631
-933065
-70480
977106
-337787
300042
422093
356064
-573666
-588210
485654
-756728
541008
488215
255238
8927
-672735
600667
792109
5925
-840406
926814
887309
148068
354197
213561
-233222
218147
467199
608065
633380
323702
-651298
738365
-605784
-6074
-852133
655198
-908738
-160306
134743
540740
753184
-325543
458056
-723661
-945534
-451665
492312
75589
292831
-990561
-815321
-861612
-909093
-450293
-892355
11812
-830270
-553030
-97923
-482083
-934973
-39304
-432701
858351
863592
767197
402196
-235676
128127
904533
390514
-559447
123118
48255
-689661
-932119
-787193
-833263
-785277
-623268
193923
812905
-490739
711660
669595
-529493
-775488
-187027
425243
-912099
-563335
-742304
-224939
943223
668624
171136
-904180
-158797
796135
231039
-320317
-11793
-836234
-30918
-546830
461686
-397589
675383
217735
858155
954637
366225
-389898
351033
632324
-557686
862704
864762
307124
-59788
-619319
943015
-297990
-121749
-787280
742951
-397451
87157
764469
792989
954333
-105813
-106781
-50474
343988
-505529
-226679
791234
399514
61807
-855352
-435757
-544498
119747
-133815
424263
224251
-381
738918
48467
164787
-69564
-538337
483649
39896
870251
-658225
-963171
-340469
882088
686923
-126836
247123
810967
-29976
-898673
-693127
-658
-480768
366546
-739824
-950592
367317
99153
510073
247397
-558030
-380899
-691466
-294827
-574510
-28699
-718786
-856211
371948
-260441
655994
364906
-702219
49025
563843
37879
169769
207175
418700
-526677
-135844
-79160
-317684
662668
462156
-316587
281600
-939915
-721367
-908670
274298
-710116
717407
-180496
-485650
171540
-247923
727929
-482646
528317
345970
640604
842100
173277
683732
-905084
-318345
-510284
444365
13662
491424
-52935
-786477
304250
646206
76101
-842978
800232
941426
873065
-520189
221946
-723899
-771074
368676
155875
-363981
-283269
277788
202333
159059
293961
864630
41592
526033
465239
-384243
810491
-820682
-314671
-123315
-23967
-675639
768638
684915
259028
315486
723881
-200960
685497
-436288
852756
-790114
735624
-792218
-786200
432035
-622439
-810493
978588
-742813
314589
-102264
107747
-186944
-436366
-406122
-380473
-27131
-829286
-407133
641035
129838
25134
110886
701865
-777676
-897725
-745398
-426964
-671327
-569562
-703004
-759142
-817889
-643220
-145772
761807
304324
190738
763921
21705
-643210
137394
579430
-366020
-201301
-195482
544534
-724708
833039
-166921
812111
-726697
820080
327687
128247
406910
200927
-20321
-470359
342943
-495094
-594116
-233485
332923
-427473
280529
379911
298909
654030
65791
-145602
784061
647135
-958500
-281672
457814
-37837
53421
-999441
752906
-160670
-677500
-383647
778129
-944646
649948
-372694
-223029
-426512
281056
-433607
106178
223236
560176
-412737
-286282
-1825
15160
2649
-708397
200920
-977768
516057
198810
-547290
-46594
729967
683732
825385
399058
837569
-336664
-53056
857875
-251184
942551
486775
-189990
-951589
-584073
111032
943329
28949
-915880
-328260
-303342
313979
-927099
93988
-228830
529767
-967057
-402277
177068
999939
-290443
-914046
-36968
522255
651734
499209
-882652
824805
75532
-801697
-690493
-703072
403547
-777248
-344238
-463740
253837
-116985
113416
-602180
197134
356517
440377
649785
102914
-790312
694991
925893
-324458
-17564
328209
-721064
-353942
-124503
991723
705522
-155621
-430169
-585251
-436821
799927
296129
-955807
718886
-639985
50228
-458018
-498187
-495411
-153875
-806320
-91590
361191
926994
797256
385399
560827
-256037
-473239
-957629
-546099
-422999
951281
28364
719633
879074
574782
-892096
201039
-176713
372378
446568
857312
-528446
-892409
605296
-859331
-411165
44649
-301656
-917202
-138333
612130
479873
-179881
302636
774699
271006
-67767
91099
-70118
-336087
865539
-333902
-631722
507045
12575
-526099
-895991
-378464
-767294
314204
-916911
657894
602067
499490
-784271
-259608
-697037
916647
675311
81918
-119575
904085
901309
-61717
-337586
-43846
210954
731719
-713669
-781786
369516
358311
-839681
19351
-270083
582731
306840
121399
-96860
-391716
352465
295145
-452640
574837
-379680
-669438
-825949
-255311
283058
-35111
261958
-255986
959500
-640982
889254
-842669
-522130
-856345
-737972
746611
156303
758618
96105
-592321
600575
421285
-655016
476119
653922
-383741
-80416
479581
-823341
-955106
890488
854148
-507990
740687
825462
884162
450651
-850424
-988238
770725
218502
-906449
533231
425274
-215405
-989410
594657
560679
-514855
193527
739682
258181
554789
509009
-196284
-432835
39775
931469
-251876
49773
120313
-733770
-268597
-430429
72411
10022
627640
-915220
949670
-994755
-50876
-437641
819602
-946303
143158
380619
820765
282408
-516320
34344
-17615
981133
197902
-374135
952552
-697050
505514
-990886
739616
50520
-833662
-727223
-128806
531056
592377
-180906
251322
769662
785399
-81377
-328781
765640
-521266
-655002
883748
-515686
892367
-207046
830673
681937
-152978
396062
-73375
372591
645714
453671
-932101
970678
323941
-257825
-925520
-548385
-177206
-253363
217340
680199
-945361
606221
487773
384996
664690
806980
-837311
436393
107342
-701111
-826595
-438320
254419
128093
449216
638804
107944
806682
-415103
165889
-316662
297495
-313449
-106023
-845840
652141
426745
-846804
-72294
-846792
-465640
-865894
462609
-416736
250281
-896545
-484172
351241
258069
-879322
-859208
832335
-541676
-740990
-563208
-694311
-648045
214629
444115
-694582
70495
167910
-236796
610195
-390986
-426857
-99588
779354
99479
-516357
617654
-747227
-953956
656626
497085
994470
-913564
-243549
-734173
-449030
589238
371649
-533529
233144
-996330
262437
552265
-692134
-246227
632484
-27780
390453
-813510
896498
-92947
-637247
-693170
304717
837790
-981582
615411
-728457
854260
205495
599423
-737399
151090
35266
539991
-43581
735896
-854414
-757827
-408706
670150
-92664
-486775
105336
889322
-377616
-439920
779328
-262823
942659
540010
-560320
600052
-847104
319625
-658148
40832
-639606
148872
876371
277188
736135
737333
-476465
245935
386166
542181
-631072
-289938
-97763
-645827
-451214
-923023
-243967
-805762
346917
611990
-883669
-989888
915219
576795
-804160
-743696
752536
497508
-604398
16444
-142567
-825517
907167
-986259
-40889
-515956
597645
-281757
-964839
289382
887172
-935673
769672
854786
-486813
86231
769380
236157
-599231
-876378
-695051
340443
954373
597521
150236
344860
-792359
725170
591114
626731
-416648
314853
-862264
-134298
-44401
158627
-130813
-724041
-351953
-549398
383250
435422
268893
-753534
-722634
647235
552622
129686
-332703
-217993
-241217
-800529
205553
-658455
-289467
-183236
-774221
-672574
-190317
-935684
-377231
681009
-826484
-340442
429345
-485127
523750
-801539
-776187
-471630
-682667
-87779
590350
-657968
-471795
-887542
-956476
-276424
490899
-945825
-813802
-884972
729905
-157601
736303
-11597
498261
-484317
14566
231700
991667
-939169
104621
-295144
-171023
-564215
435289
-363391
683253
17065
526759
418858
-806381
-492649
982592
-330020
883361
915766
-651147
-473069
970704
-370492
105912
-103157
-462270
-508603
-45675
-850352
223547
-522680
-818838
-328817
194179
984582
-269700
564539
497894
530325
663256
-170634
-366249
921063
409185
189442
505112
881625
-101881
435805
-211733
181024
-923119
-848979
34454
262453
-388258
117529
901995
-97957
-804185
-149374
279748
-913626
851435
-668072
434581
-765234
-386317
-390445
-249953
-506114
888235
544172
44503
740515
-730360
-38152
983791
264639
536592
249062
-460883
501792
837889
-874444
317630
17502
-869731
657494
609182
773207
777302
917664
-981928
973326
-379172
592689
-447843
13402
-375601
-560589
-311652
162842
-638133
-529320
-246831
-279611
293905
875015
-349174
-879748
16950
716928
90009
-960236
871691
561769
-160376
-117129
-87433
-340119
-870441
898248
-129016
560778
-740947
586336
-762317
-860973
871077
4201
-534189
839122
-34230
523632
-790599
191026
-75794
623049
246373
294964
-538366
-444549
-705367
524332
989487
-366210
961419
672266
242565
-377694
245966
-806419
439070
-58631
-657195
-658135
-185951
-18622
201769
-253754
-518335
-987979
583323
528321
299737
98705
658883
335666
-928345
804476
-120783
-902697
-219199
843778
166570
-710825
-786232
511407
35529
-749908
993006
-136813
682234
-31553
318708
-739298
438573
-989616
-47637
431734
-733181
-675291
-314187
-677743
100773
507579
139868
38656
-886505
-450109
-467336
-78380
-902398
-218362
-189269
902738
-303795
172276
-476011
-170773
-65494
849835
615592
347331
301067
-743843
984159
-445103
-906831
-164687
612255
-451274
106975
842292
946098
358014
328335
470047
713796
-599525
596468
-834690
-363019
766902
395785
-321305
-498272
-396653
-357022
631273
-765576
-376369
740854
242232
-100409
-3064
-684700
-6945
990369
547191
-126749
37343
870356
-874781
218307
179048
668842
-580230
86241
-417203
150448
765498
-303555
736209
-767088
-691043
-954465
-90670
432439
378255
633402
24580
-562103
-99917
317601
727268
117128
-98532
-147254
-708542
53252
-974540
-569879
-487875
16559
-573536
-886829
-668498
-844120
885741
991778
-787305
-893241
490711
-177387
101393
-540514
-542619
194437
998228
-36474
-241169
-493915
365104
834021
371917
-645955
-489033
730284
-436172
-353060
958332
-297725
-127277
-190972
-96113
756233
-967763
360338
143050
-79835
917491
91665
772101
-302654
-144768
-31301
345142
747636
557564
-983967
876923
-352207
753707
-717836
-183056
168160
-335073
182456
-862784
-539349
-795169
894783
546043
425594
112327
-473849
-520337
-395021
-141952
-616948
273268
-704371
-975791
429359
275378
-503181
191692
542707
558663
470419
-419055
951181
-315904
-868991
-49297
-132015
-616001
591612
-328932
843973
-336227
-647881
275788
-786078
-871041
454211
-245078
-953742
985652
-625559
-773916
-958928
593672
725704
232918
-424647
-195590
-460792
-425628
276834
695439
-841563
-107168
-125911
592008
-135787
-752058
528455
751003
-896303
-920739
-501277
-14696
-500374
-801176
202686
170841
694210
-803723
-63205
-480925
432227
803928
248693
-544416
-728792
430855
-207217
179560
292879
-682916
-804547
-713265
868596
-461802
-259215
-769644
-708441
-30591
-289422
-567335
226217
241102
-501677
96505
220446
412580
760222
65274
803323
-234807
345939
-946452
-193666
536108
363577
253374
226537
-26525
-455507
539285
491612
-798078
336498
981995
961510
455259
-272606
665072
276830
-130448
-781337
740686
947565
-171097
-713708
356712
-282044
-151520
-199130
-625442
773678
781371
777005
200831
686377
122946
921218
-172935
546831
461839
571737
283452
-290212
864368
-367951
753893
-838051
-109948
684391
-490860
679614
478491
-687413
-869313
974744
-86406
936264
-531859
-439834
-216121
-833922
-627091
-809607
-621606
-163601
-231168
-670380
828047
788953
653357
774154
-61460
-531651
457537
-279565
691923
-9313
-604244
741598
956755
863059
595188
-361748
-188655
-721476
751773
-388715
-377335
-12549
-903003
554086
203314
-276766
-511940
979199
813268
-172986
-564731
-964840
-981671
927536
-549319
521886
-402154
863744
-815717
-619863
-438630
-488368
-93358
908451
-79521
-90375
858808
-441278
-722069
716768
-466574
-713525
-508947
-389326
220258
-193341
-410474
19730
30315
-481543
-262561
-661537
52353
-966146
255590
-97604
-892620
-52794
-676075
416356
414413
-798389
278657
-252855
851975
-553404
378671
593718
-580565
798363
594409
-323533
279423
554204
-332678
961729
502354
-455021
504000
-743679
-726266
-235194
-576697
878109
487663
369446
629947
182525
-410987
762503
-452838
-137039
825618
759432
-195820
354659
559225
-190181
799722
-763375
-584530
-701454
291291
673468
-983507
642340
-786735
-752047
-792359
756198
309525
-714944
-940546
-675937
-752029
333090
686981
-843809
562690
-570679
413201
-864098
409189
-764686
-64712
-700142
-759450
-426518
83903
-904329
-59061
-648365
387941
-438306
-750297
179345
365401
979830
-326652
968499
-165680
-929558
897889
-696452
-790892
-823365
-834817
-587846
581618
-714064
931147
-870925
171478
705836
184565
461649
-996263
-502126
215406
-919009
-68512
-942430
-81656
-721218
265137
-219280
-674300
-901140
-108690
467987
995635
829981
287484
562471
287245
363798
-883574
-446457
-641676
848066
-480241
-450610
648381
619122
-527867
-89041
52195
733873
-203503
108625
692992
-422449
385045
-402524
-323636
-596111
-269134
-394004
121156
-985908
-544474
-141116
631619
-240262
-273135
-172759
632462
-404640
-915451
444592
280040
-539845
-250516
430696
-879487
-492715
966766
234878
418190
-917798
-616050
-122234
292681
-350937
148800
-553579
-723587
729385
-929856
-708274
-661281
211434
-688982
784652
-634000
-751787
-308484
-910187
-436730
313477
67978
946235
-795449
-913627
833818
-112569
445006
314493
-520178
-118171
-335340
938579
-702498
-959650
-304348
-904480
-861631
-673385
104588
-300078
-463983
67346
-592607
-682092
-771782
-383421
-51692
-37032
581313
-540602
-754482
936924
-187901
-388601
-806349
831532
404053
740521
-685186
-14378
977994
842413
62269
-397138
-267114
-556246
-719253
-107217
-210657
-535894
518011
-678866
-493786
853079
776956
-133662
999598
853783
-351722
344505
-589616
399355
182542
628849
-480781
-141722
-85277
-989036
850151
-611688
-492167
162671
943592
170044
-792585
998015
933226
-509357
-832255
-81539
-955579
-830768
-34943
80616
974284
-335213
244532
-539970
-946692
-547451
902992
-8878
301946
-109296
-231125
-782834
-132831
267435
275888
71615
264031
-889731
-657694
366920
-328441
-520204
-275353
-392701
909306
-581906
-784252
-526723
-982439
383512
-640576
23361
666130
115681
-150801
891959
375645
481528
-164165
-833580
-701726
646057
208316
-798845
424262
187943
-709026
8346
-704009
-949079
969080
-555816
-261052
53741
625694
961473
-233668
-390961
-116550
620116
-845023
472891
-584713
193022
918451
638371
-537359
451274
1269
-354481
441710
752822
501902
276007
181165
-691841
-307374
-55390
44375
-547396
-392101
535025
-616564
-819712
128040
-321876
357662
668068
-122705
-620298
-323676
-620549
621347
417514
-173738
499037
388763
-893309
780450
-475421
-4401
612359
-460787
121236
-559883
-709786
893238
-581502
128212
-542363
-359694
-375905
465415
-295969
48173
607227
-282833
953178
456133
-821814
819266
-216666
123019
195590
-607750
-828801
-255887
-691146
709113
340824
-902322
311448
-123361
-561310
762447
965434
676784
122329
736496
246471
-662956
-688700
668636
59575
294305
-652101
-930316
409511
-841826
222434
-498879
-857726
488543
593727
-510208
-693736
158662
16869
-972093
-710803
-464389
380425
585994
-976399
551180
-459752
771644
-590985
-57098
985007
-150738
-167966
300885
535330
-727476
-260678
-733411
976432
-205782
-151382
463883
548378
478534
459195
-483792
28903
14859
313048
83480
250251
-489366
-184396
-911638
236044
-4677
-84228
442391
-738468
-550485
-990538
626853
-842044
-489737
124197
400323
-632817
186559
-577552
-728665
362855
-25001
-302176
-345133
-152815
-796747
912699
599944
868248
-707685
-5398
-416035
-16513
-52389
-160823
864916
-424750
-983943
695147
632694
380051
-986829
-562105
719062
438047
17607
281301
-280454
-720273
-454825
697433
16696
558278
360417
452102
-424767
-353795
-223774
790013
-1351
-820887
-426561
-323962
698788
-825559
-678331
-441325
-522806
651475
-114377
997851
396939
-470744
-609521
-270003
-140458
983749
656620
-469761
-905164
-941757
-250950
-641467
-346904
-293526
-982152
61441
50817
346972
378285
450050
342272
654777
91680
-860239
289540
376253
-100791
911078
135925
281313
538956
-296919
-516227
-317076
289578
183296
-861387
-830127
373410
562992
-167600
502105
-467609
-575662
-522094
98618
-613586
-937832
-85075
-793091
226524
-815471
-335584
419904
-577302
-624530
-650442
-712609
38741
-260923
-709787
-717795
-132254
-690437
-270161
-606063
-657882
139566
982296
527234
53724
-401880
-731720
-900740
-472007
494334
868128
-197853
-329778
151226
-43094
56751
-283356
-541161
40672
-58152
927478
47701
-152360
651822
594499
786434
-478557
171633
-420698
24935
-184419
-6129
-565014
850880
595676
-789824
-824913
-335662
-539651
811406
-165389
546744
464945
-839752
122103
-37980
222259
-57186
-594389
460085
-734448
-29857
-269699
900744
121893
822152
768614
708042
807303
718393
-50501
-647317
-821724
-787752
864276
-633553
671332
337598
828488
-743556
613090
-740648
-759820
842333
-899740
356523
-469169
619432
20627
297201
-392666
-218302
67502
-542205
47051
251467
-407997
-319950
225249
-811572
-75056
658862
-329027
-999342
-619383
-575661
493717
-709811
-961681
-437232
-886877
-305370
650629
526134
102583
-481479
-822113
-82261
144323
776017
102026
-614794
-335797
537626
680229
170164
926160
122541
982076
315146
142989
53314
-36738
926303
188272
825756
341915
877752
711096
-870702
562211
-196089
-430542
885758
-31746
658665
-379512
949892
-450840
-629830
145438
346184
-157559
-734927
902679
703275
-768785
346828
-408679
-574347
980042
-367756
849510
-65275
433463
-469910
125418
-746102
-255688
-47873
995142
469146
-204879
-909930
-251922
-741089
-468610
-72009
-167364
-509573
-648510
-740377
-609751
807616
-490815
-922374
286733
112611
-917534
720322
-866784
980387
5920
-564308
-3691
-259804
-346333
641357
851819
-307067
-658044
330648
95459
-197274
-125730
-458324
437089
769331
-466837
93688
884771
-839279
-264231
-294861
-276674
92264
682670
461160
-194144
892053
-50739
745847
709814
824553
-802582
783168
-168038
-999969
-989336
787382
-721816
63610
52674
-315991
499299
-250852
836208
329072
580527
-254038
815162
702991
-698355
-312633
664229
502832
248543
150861
-45957
594447
-389019
632023
409846
-781506
935856
373595
-484448
404306
-17557
241975
82086
-732213
845203
425515
605851
808241
156065
-569664
354693
255700
-304791
-258417
-292501
700800
522145
-182506
-599815
-44986
565364
-392745
-557627
-27642
-648119
98099
295878
34709
-169517
584872
849384
522030
-140513
-412699
-787307
249988
-781561
-510343
-299176
419976
-32072
-54039
794333
863200
-167266
-188366
318971
682278
613292
-440660
-62540
895413
781813
872359
-123603
-414099
-981433
-844152
-168302
842180
-613261
-407546
-101432
-886639
-425851
411999
-439856
-848975
-210617
-726344
265954
880161
308565
-926715
-178344
-592684
-159624
-189336
567605
-8483
-669921
231560
20203
359871
-134425
209312
519294
-791362
937742
838949
-655333
658182
628995
297460
-891432
-144193
-99037
-236001
132937
-457148
932073
-558387
-340842
-725996
286199
354454
5437
-823840
-703933
-78159
4428
-97137
441813
781825
-534834
798612
-227250
-170564
354425
-985500
-116627
-655741
-668486
610888
-436174
-35256
-567884
750887
229280
651015
-712117
743196
754227
639617
897938
90304
991632
-607920
950127
-93704
-839626
-344766
-321443
822496
-406888
927405
469545
250722
465805
-596725
953164
425912
-968166
-764521
-572754
327263
-671383
-916583
276918
122429
19138
-495299
-255714
-229438
-4731
-479501
83660
420929
661106
-276912
-77078
447272
-270451
5858
997226
47203
227470
-138891
416716
-846254
-978207
274345
-322549
-52329
49094
480294
-542862
-234238
517426
974101
823126
-547684
646226
250425
-302884
-441885
47657
-303276
95474
524771
-653454
-757114
-510140
591883
-72250
-413947
634574
859582
-212900
369963
973809
-5470
275081
-615971
-788624
-85561
32357
-84636
-760040
-936663
321943
-600833
845794
300301
980949
-687101
601642
-26735
984641
596160
-33577
-976363
372531
523026
345770
-459044
762506
937578
812812
-955840
723492
641046
-555468
291757
654905
826932
-532438
662806
205373
-828895
985178
588205
-96518
-974447
-492999
-23691
506368
849740
394776
991265
-794299
-795722
623257
284077
836337
183756
-286146
-135400
170749
187874
397538
144730
-78684
172660
371261
-640206
186715
-15287
-217668
-797608
318184
-514805
142307
12384
245150
-639005
-95879
-256419
-366667
-730299
-469624
-351962
-348544
941038
388181
-782565
-887611
776533
670863
938547
-574000
-349722
566784
-216723
-397528
-625727
-257733
-909469
940493
-827987
-113185
180483
-741703
12691
769069
-682986
-135433
680342
-782313
-381072
-288738
-22569
338118
385001
929502
-832822
339202
838269
171467
589399
126919
-110212
-217642
649783
734736
-881633
866314
-845402
350922
715693
-405190
-53644
-859495
-56305
-668303
103975
-378344
249099
154779
-620321
-77992
189901
-589656
283505
-626374
-201942
-798838
96705
-296973
235476
813194
-441885
-396685
974092
-666293
804335
559035
-145103
172708
151004
689136
871750
861431
-441756
-650512
-266303
-841309
111265
-357787
-908635
544795
-243605
-252102
331535
984608
-557363
-591514
956484
-93555
86327
-484251
-532781
222385
452163
-643055
-595832
-684537
-344655
-787792
-708841
-198907
617592
-401198
-401710
-20998
-623838
129501
662013
56882
722229
-132689
17790
643661
267127
550578
582955
-559027
-78499
-563866
341711
398364
-673086
-532184
-969948
757024
-630585
50187
115430
-170416
908333
-410367
-564613
913285
82841
-85680
553090
-670574
192847
461418
-197867
-956670
606030
13506
33917
-473890
-673812
-418858
-547032
391844
370562
188495
-67686
-794365
773293
-682578
651046
-607025
704680
27367
-715363
974256
264453
809888
691437
-382360
-580555
889406
666829
-318165
-360866
494995
-945474
-257507
227123
865231
-431652
979373
826111
-960209
-301180
701235
-710863
425990
-408346
550583
-318024
-821774
25354
580005
677883
35957
-502095
-121347
316241
514270
241897
99752
-184347
697271
757076
-894911
736286
484247
-393738
-860035
805097
393341
-98121
523637
645947
477231
-462158
227602
314305
-547749
-109742
357443
-577377
-536850
395921
-816118
-551783
471903
746688
-854728
246726
325530
722823
26315
737751
72619
344801
-84038
554060
-802279
595895
215206
446885
856265
151200
-601946
852059
-73737
372822
-652608
-431658
624041
-806583
415422
-292651
-124684
-395312
859341
507643
-55882
975810
728496
699194
-266049
671219
-73157
-753316
792399
466812
-419440
332384
402292
-847780
-182034
734964
-149798
692689
916229
-755742
-489779
-721042
2598
-482298
-825227
818217
-185452
29206
51521
-961072
-253134
-6615
-203868
-82561
209670
890502
-407487
84780
108730
675696
551024
-755393
114425
-771058
714806
77720
190306
-780782
-213483
-17624
-184108
181633
507157
-936725
-5817
-7358
25027
129901
402145
159680
-348219
-228330
-664152
-807102
623067
-540447
979851
-997523
778089
-427476
-38762
-284871
-544003
925385
-957509
144893
274359
-632893
469969
29873
1221
-819763
295141
-681791
-821798
-923532
-378988
738731
208135
218028
-103368
-836107
440219
610935
538221
-998711
-28082
174553
-43991
96354
585556
162343
449728
367173
993401
697665
-601641
-221111
512920
968354
-340916
325717
464057
367094
339832
90325
592292
223297
-237695
694267
27531
867504
-872128
301022
353628
-913010
3741
911353
195363
488878
196985
513349
354919
33509
425172
-479653
531456
-268617
545715
-959973
68375
-363279
-479943
-422321
816002
632200
734856
-92854
910646
-826083
650091
441774
-374953
-446260
393939
-319453
947206
887639
456216
211836
-943885
-277624
-518286
-714942
-963325
610222
-913761
398440
364220
-225831
450877
868940
-570960
-684949
247173
935850
-151909
-316889
431521
-118905
800923
-557738
-388803
-557212
-868369
604423
572031
319941
424272
-438234
-625574
-250598
-212924
892991
-48895
-99812
387026
-580966
-336526
918887
-941866
-899488
752550
191609
887709
542392
-186480
88032
977301
-785072
-777308
-161685
169979
-275173
765976
-341377
-576728
-859839
-306537
559150
22940
705438
70887
-129177
-423124
815724
-291762
961137
126778
-44021
677047
979321
-840089
-154105
-831130
736312
-980938
689021
-939594
477148
-231427
-951141
700567
-798117
271562
26272
86197
-658458
-688820
409491
-773196
-393981
-453725
-761043
-520164
499968
676641
-328507
-557054
-698340
-43306
-200601
-139910
-372300
-248795
805635
-799584
-880920
-188377
-637422
-30322
-287203
-719000
427918
2452
973891
643435
76646
-423091
-223529
-649160
-526018
-425672
-103883
46747
186747
-589642
410283
-739820
-881866
210080
590307
524672
-159546
-218261
350463
-16568
977985
-778019
1018
-213147
545389
232892
-804027
292362
-157402
-587128
-966047
-922894
588956
-994046
389690
-686188
-385621
-402387
277619
379530
514148
-321225
-612752
453592
951973
-84441
690417
-207819
165275
-410291
285170
-447087
-721921
-219932
871906
532918
-647547
767043
-458684
48134
-238955
-373588
-258713
989577
-382937
-900767
-683282
750121
-673903
-183501
-670337
12218
58396
-302277
-979079
-152793
-360670
684009
320598
118126
967647
18818
-453047
-76253
166799
473336
661878
-652960
372350
-547232
238879
424217
-979856
-580482
-77778
886314
497523
974027
444819
-300121
-487399
845885
24265
-274131
-599795
151468
-255063
-359673
356754
620275
222499
-684731
78435
142241
-854810
237632
-447507
-870236
874657
9919
333168
-697248
-162264
672310
-95550
514604
496680
-96706
374948
714271
-677661
652492
572339
542171
29468
760114
82918
-255323
509975
-150059
806416
-819709
443263
560417
-957207
418378
869476
-666628
-704073
-549855
-789213
513
554047
738347
-771978
798552
750771
655306
554446
-601813
350854
917510
-684008
-142596
637983
855270
660395
-280583
720347
438335
983162
684062
-283841
-483829
825819
448483
-625009
633862
947089
-785770
-225927
908405
652890
-566993
-255042
214407
-895830
-233557
387002
-378563
477709
936847
-434348
-980241
845237
193317
-17436
493068
954674
-12099
-576894
440871
771003
-847987
972833
78842
220855
656243
668788
-843451
-391033
153098
-698775
-732514
-760541
-337330
-628295
-532380
521492
468563
-670948
-812232
847575
601300
818434
869470
-726630
735398
964333
-710608
-872888
495337
18706
485101
287894
-971219
-324778
872974
-174996
-43127
367578
-243346
833915
100575
-49355
-836275
855385
956204
-458940
70376
118812
-577591
-19011
-387026
-313188
410527
796442
381568
256443
-25575
673022
-945186
-565065
644216
-416361
244431
-959485
-435004
-140016
537390
-439408
-112782
746290
610791
-324439
263660
917412
-8018
-809024
-304283
268168
321109
-950645
870032
-860833
887087
-386411
-289530
-648411
-14850
-648582
-473498
-427958
374395
113616
128045
172607
-769254
858509
-824323
39241
673842
878801
-723625
358585
-537213
956163
475710
-71482
-183591
420544
-492992
-369848
-117235
688
-702997
-623911
-93284
-242016
-567545
-815973
-775558
648187
396542
485291
456812
-11632
554646
-532882
642948
786170
-357898
-12519
585022
-411317
-582231
-161573
384545
356216
2913
433209
-400475
-298977
-821182
-803490
835444
875963
-301056
-556611
-457101
24410
-269039
-256469
-626075
-199367
-386805
-953881
554863
704675
-23103
315499
-335210
-826886
371114
-307037
-247188
-502721
937679
-245348
-489665
172319
894278
-703529
746070
901339
981953
468337
385830
-195276
-659274
101338
422339
-973008
234958
-188841
200243
-782065
857890
685542
-435760
813235
-636736
679929
646774
881547
10508
-172878
-622173
-599347
117879
-660934
-884875
-309456
-390571
352051
917415
322124
-865610
-316834
527764
-740625
54015
702138
-573467
-562489
-336304
-151357
-558931
956138
-399172
573322
-749716
-201655
37873
935481
-81342
-478947
-392472
225834
-874446
685863
-700937
125485
76821
-523418
860665
937479
616466
338500
169615
73702
-415339
951098
270736
-607423
292720
768430
-553158
-342343
370133
-748210
506440
825605
265379
883342
-384781
-145283
-250412
753275
-924848
-917
65626
-99259
-545992
-701859
514340
-903475
392660
-585486
-479726
-646507
-717209
369593
-446285
-80416
212047
507798
-52646
-673170
240380
733622
656614
672141
805249
375773
878805
974724
198125
-240547
550667
-958253
186067
421536
370645
-315972
-602986
363842
-964014
-654815
-410179
-546184
191380
198423
102122
127798
143407
191951
-793115
513537
535205
705339
-389079
-390094
-800698
185615
-927663
107677
672224
-73532
420208
-689306
160719
-837359
884697
-593653
-997277
-537786
-283123
-825198
303803
814350
-650781
-66327
-334907
186415
-63008
-606517
922910
-934403
-27454
567365
409162
-899961
-178679
236477
879942
352211
539702
-116655
-523885
-928154
-427226
209414
867813
-241732
-38611
-537331
151322
-300104
-35539
-123415
-300394
-339068
355311
-535792
903805
941039
-687072
-194000
-119509
249583
-319914
738720
-433387
-59620
-857545
-288189
-549468
805614
-82381
-266813
548680
-861647
-838291
121322
483958
586520
-852277
201172
668277
-865501
569891
114324
799425
-345373
-457036
-651742
-844302
557299
977316
961351
403830
-721307
506485
158654
826282
-300753
-268383
-449948
77947
505225
-412850
-8099
-247497
-630501
748116
716719
-669486
-751158
964096
73339
-572209
601322
-231425
482453
-278057
-589537
-206032
596156
897072
320763
-912965
450413
298148
-478077
615159
-871739
787380
946510
-830395
254879
479657
613824
937222
943074
584867
465025
365837
-596657
-552606
-188380
-731991
143401
-931051
-168200
-685468
427664
-835448
321103
872696
-110526
-729641
948738
-868432
-450419
-302185
52079
-962771
-803829
-353680
853878
5061
718442
770116
-366831
629360
-254476
-571477
-208400
362220
268643
592222
267251
563119
-811476
-889222
-758804
-615636
444593
-150563
276361
-913241
-527312
-402384
756415
278668
-518756
370318
671170
-894449
-435108
712757
220231
901645
819209
956897
-551665
-265999
-521182
-503934
29228
537965
977747
696950
-877550
922785
734394
-635616
-458557
-943806
917042
-293223
167066
656857
596651
-640637
476797
606756
-699796
-29834
-193541
-898680
-200874
808632
801847
856498
-253873
-205249
-483183
467603
529000
323828
-72715
-842451
-305911
137633
770278
98647
740393
-871738
-32286
-706294
-297086
-303387
-805020
471604
262154
561635
-958299
410056
312170
-229776
708825
445270
743210
-291411
-238624
632226
167804
148439
239071
-617789
24706
-982502
-685748
107535
-285413
434277
142680
195625
128946
-524009
153459
202355
-434559
-152434
-159158
-364398
767510
552711
574379
-541086
-887958
213758
905277
61811
961661
944048
-206750
653885
-428658
608835
880481
276845
-127818
-619131
250442
516550
-238125
-703171
539163
24492
653096
-450397
395505
-540386
2893
-173490
360394
-710792
88544
878285
256969
782824
464269
614232
308843
-128727
827242
368650
113598
25439
-659006
904769
-550925
-164014
-121381
-470932
166950
990200
-647565
-783345
-663438
-73648
717368
439177
176203
574579
-124615
-252700
-706349
41726
490154
-540296
348284
-549975
403512
-34402
-384397
-336391
915371
-108740
792135
-663177
-887713
964504
-721237
-732255
-558481
-525136
-569223
-541860
-28643
524370
547884
137500
742114
946578
-689751
2328
497176
475602
390302
658861
468728
-500337
-800010
342272
553536
349004
-441053
996167
-95107
-564542
-612076
-842884
-118321
-25314
367739
409318
821619
-210181
-345753
-979061
-508070
513236
281769
-522598
955080
-57030
-368592
-48973
43726
-517635
72710
-301630
-981390
604761
-284122
-370456
548182
-453859
-491461
-709427
301859
-200045
865236
588370
746632
-271491
-94354
619327
908531
732778
-798028
894349
490856
772458
760324
545686
-738831
-752533
536462
-710404
700445
-829072
123973
-996776
851604
425276
3229
232191
706714
-957050
-564805
-735504
-310658
-272228
366875
-943429
91324
-696466
105065
-999568
62000
-154415
-36725
703602
320873
787847
859198
-428596
303087
636578
-317661
466308
106933
461211
-121962
-504326
-342302
-157998
384272
-135854
529515
-166983
166931
-308814
524837
-456280
-238921
-630638
778967
-241227
-264064
973866
414170
991400
377349
-845279
-71141
666686
899402
-370987
-735863
-255863
159039
-664545
701266
-533832
-604287
-413709
-1608
-773597
22990
631285
655089
-451444
-723207
673137
-9946
156468
-368157
-105597
313652
86298
868346
868091
-77878
-505864
912177
-105232
-249952
-207567
734787
-302137
513329
368195
871921
-37538
-380226
-813342
89315
-44915
571668
136791
427720
622510
301377
534046
-998919
385779
-145010
613100
277956
-568145
793237
-928579
400165
800147
-313263
385573
291467
-250365
999805
-614222
-810665
562376
-920339
-85837
110105
836606
680183
275238
756746
38703
-892911
-421297
-495418
-537368
469613
-817451
-273933
-169438
745379
-152326
-515808
-809613
613472
32712
-136674
-687838
346046
609485
409377
-547990
146196
524715
-512957
-95971
321581
-226155
711245
-707123
-351813
738512
-355694
-177164
166350
-148354
592442
486811
-230321
-837053
-852792
404274
-706889
-943413
592014
-134511
-392709
-770370
589517
-215406
612312
675716
-264472
138689
-659607
538052
472604
667700
529731
920782
-221526
654208
563985
-43078
601518
-563447
-801866
-340823
-171449
634991
254182
929907
861813
-544200
-466969
650670
417063
-494631
-949186
-183501
-230287
960371
7421
-182108
869155
-636621
753522
217064
221118
-821847
-806091
813394
-439027
-837734
868589
-559531
-933640
453350
157635
428971
982804
105927
692798
846745
215976
-144633
62343
959727
-306889
-767807
220802
776269
703762
485369
69294
794956
28249
-143273
828499
-488831
-330163
146970
444720
554365
-168824
-409359
598190
-860238
549018
379831
-166657
-518627
87639
-894657
-186690
-456710
951275
848892
-12155
-893822
-555388
898107
-65406
656520
-914264
528361
585637
34115
944397
-358790
-562749
-902049
176332
-152413
25658
-732178
617358
-881946
-349291
670133
-925447
283047
-461282
-923233
-459808
496122
221012
-133823
-644916
804617
177416
396810
-856471
501489
222536
696040
-95767
132673
-609532
962721
614106
550261
336725
-752282
841
382989
665186
386936
274384
-481239
-66874
50957
707955
2662
-511449
-75472
-584075
-619785
25431
579667
125530
-882472
150113
-214085
11613
-961707
795421
-902789
188364
-180494
721629
72488
845030
266103
850315
-841971
795815
-942587
577659
-199608
494989
609900
502418
-381623
998888
360714
-266094
-767757
-899657
-74940
-57923
-568478
-217984
595865
-146313
536164
397898
974805
-378210
975362
-994918
-253477
907680
-894001
234380
163003
-456443
441315
506177
13355
708087
189449
32929
734995
65069
-265613
-645274
946320
514887
-427828
-987920
-148081
138130
-883936
-246236
-483239
470877
699496
815058
-598691
843947
-739911
627492
-183125
561370
104670
-154739
-802689
885184
917708
-594502
466914
-48766
-83042
-780312
54017
120524
-173932
-428424
881816
987900
611898
100722
-305328
435064
-94820
-16600
-485400
-907438
71670
738755
-619365
-142052
-553571
553465
-722491
992088
-917055
-392597
731959
-324195
944940
645332
-116233
-680082
-631491
36954
-763150
686412
42806
207991
282686
-393459
840405
-208756
556721
-535245
-111993
586737
-315786
972938
224494
926476
186186
297310
-898414
-972845
906233
-79053
188813
-769139
611543
901075
941320
-997818
193513
453586
-47582
-828090
93804
643768
-887186
600561
-929440
165403
-185713
178919
762405
-623444
-612105
977602
-883554
-90706
-638380
-482531
-343265
-576024
-966463
-609875
607780
-417616
-548037
-51074
-90397
280925
-419650
632889
786247
279485
-612208
751466
575884
-741107
152663
-603885
800823
-101027
912589
-984603
-137773
20556
-892779
-842662
341542
359178
-627042
-253647
341355
-940823
874072
25523
768517
-768071
291333
-121896
665762
-21789
-589347
330356
-213278
900544
439147
872935
803240
-366426
16867
-857121
480408
-561365
-117858
938416
-305632
-736407
574041
73502
-45358
-105966
322305
978967
644800
-163269
-44766
108651
-138209
-87620
272419
-903740
247994
-746756
-108336
328919
737068
510088
-385654
-45886
43484
-76942
922694
824835
484246
-790919
40946
-430578
-187631
732626
122291
44500
-667983
379120
326274
-942414
440251
-443758
456711
558456
92231
190756
-792509
106059
-672978
-654310
140274
558710
-975814
-979396
-503197
642253
108896
333374
-740844
931010
-849126
-617169
550269
151059
283931
406479
980490
-875259
-536230
264518
473815
944330
-825207
-960849
974303
-133170
-780205
241406
-359604
-121354
-550241
835839
-911503
417901
-64032
257977
-881844
702490
-141865
-447944
-960099
629230
705913
-450332
91519
-331817
564705
844328
116008
-42589
-743966
151355
-503101
88609
638879
21250
-700598
685268
-78818
880491
96279
-128022
-182588
608211
-600361
-227845
-119631
-874787
443055
-744968
866780
794649
483104
-633696
-108500
178961
398332
153735
-128863
790196
-546161
-68392
-227398
424284
293531
-914528
-542498
-696111
971500
-27485
734616
697221
735475
-128897
-556434
-863308
-666086
-781205
785159
735397
-846981
-626843
-118611
-269714
871002
-678849
-482452
-339836
-305981
-580273
528156
-896352
651733
-555157
619047
702019
931324
-99265
114162
719373
-214194
-322378
653948
-864917
727561
963341
285810
-468653
636777
-958131
-185776
516090
68087
-534942
-175950
-859637
-878460
-464794
257241
400125
153900
237064
600194
-391217
50547
-118635
237344
-418357
792836
-815741
-2914
805816
871026
631283
-697409
-2770
614554
-400830
-961984
-25424
-491943
620260
416119
918180
-274051
-469823
414036
-412836
502316
56545
201228
-983133
268875
61310
-187932
558300
385421
483674
463609
-629070
-991047
-981134
-372457
927179
-908983
-245815
-129046
-707583
556822
763658
-406804
637489
55658
-617779
112879
238002
-759188
326167
-261800
991200
800161
-854238
742578
792665
513650
-729994
-880703
-874912
-151558
-480418
-281943
321017
-924107
854987
-967533
-50509
240979
-529925
-755071
-847692
-206755
-187880
-445836
-253723
678992
-423159
89389
-735874
826077
83700
478723
9252
-676815
-957721
-689295
-422233
-803652
-896884
-646588
-176497
51641
-328365
101046
899914
742114
-999034
-800188
-93266
-500146
340238
159571
630846
-180959
-106304
602306
404046
-49718
367895
-263416
-682316
177821
-195100
711043
676948
677302
946522
-416832
220982
-915014
-542183
931373
479979
-29713
550984
142430
302843
775790
-74802
861331
-400683
517
113397
-699449
748750
280924
-682253
-136788
-767631
-938278
-266569
804091
678190
-754255
-343511
293790
465574
748398
-602215
-562436
960305
-711531
179143
-117586
-10624
921955
655082
526297
20628
-747562
-408555
-497692
746216
763821
280557
-706900
-128841
393080
-302536
-910012
317260
-836210
-663193
-63708
-800733
-328076
-165417
78011
-271599
-757543
22129
-137962
-287318
988694
650224
169768
844210
-433282
282921
-362087
806346
436424
426746
-667743
-542578
222254
710269
903966
938194
97408
744231
-641090
121408
336221
-681288
739184
-232226
-766296
-796901
-894771
-567693
888771
745075
661012
-783301
225907
427898
743174
243129
-589768
276353
222909
-326600
202203
-227287
-769835
915051
788456
-202339
-303614
88392
-485436
781888
-433814
-398584
-952285
-977475
-687739
175135
-530554
-454625
842539
706827
947690
-178905
567475
-841720
-81566
-612652
-930955
-331764
-134070
605204
789374
681253
-317080
199019
-924040
359286
-158839
-809159
-618711
-854342
-579680
512380
-950599
-287945
133711
-582546
387712
123219
287585
-594705
227746
86454
730023
-952033
-281577
-812168
250724
551307
560372
-922328
-710499
705851
-168440
723768
59999
815602
375751
273988
-279036
-314044
197695
317760
-722791
-424348
93627
-850692
385260
220326
739813
-408438
77650
-395036
216088
-726673
699682
-792397
577224
761871
-310950
54846
588325
256141
-975441
-466325
-996321
-719894
1482
-671450
-785427
-889908
973196
-485208
183868
97599
-370958
293820
285816
-328268
-980843
-320312
-6283
271364
260335
394588
-19088
-906778
781851
77340
-200577
-16517
413384
248037
758213
-452430
-637059
-468864
-694518
-651762
-182856
407377
-654780
48334
-693284
-572633
190549
16067
-683252
-336882
-95786
822265
-972740
207703
480198
26147
406484
714794
62959
-308872
240147
-281947
403109
-508057
-601484
-244598
600483
154855
-997069
-592311
331800
369784
-734871
633185
-189790
-515311
-403597
-319145
175907
-7512
-488508
-14826
145953
-28143
848818
187932
-4373
-38084
-879775
-891364
329724
363222
-168424
-267063
-415658
-373071
42402
-870420
381280
-233563
996983
-288058
-430728
313411
-220342
-932940
-950981
241094
655638
-482174
286474
-636493
450661
191588
344965
903036
407101
-593135
-239042
-979438
-130455
954258
766256
440030
32070
-262770
944622
-403765
-81974
-459060
-230189
-965324
-314028
-135331
876660
-404255
998349
-196014
-676035
-16162
633574
450141
-364857
983532
833487
404305
-603635
839140
904596
811859
193719
9674
-342220
584786
-261172
888037
-220922
-358747
-457656
737167
510787
843748
790301
-449283
-9680
525064
-48077
-853254
-522844
387971
686915
753851
-787020
-946632
-106528
248191
-714028
413560
-50125
354380
-488822
698678
980531
-390099
252775
414854
496831
668677
-635690
331289
251080
-541957
-63797
18559
-497097
-683968
560641
841187
-775896
226633
408586
-33195
866027
652721
-721039
-675445
-955251
-22592
762536
333242
-490462
-197184
-512565
52102
923807
-891870
-110029
343917
118220
-550590
514898
748716
-94686
-318987
116521
573789
-554572
-951531
319604
222189
538156
-709120
-38609
387837
210721
842794
515066
-830700
854639
-609347
-464912
-989910
-406042
-786800
-317479
-104838
763498
-828126
-782246
-803695
-394385
-343724
895553
-344118
-641441
15581
606862
-783000
-977285
-180899
656186
-249873
-349513
513612
-756639
-896281
-437798
700597
-401173
680788
-674182
264337
119654
17944
-811178
78432
-871568
-267766
811565
-673631
-913868
608859
707319
442883
594650
-588341
956358
-306043
-941976
-972476
534314
675415
688804
197548
-495098
-836007
351435
-1574
-311754
-545302
855307
-51310
-253434
747116
-634110
964768
873035
105298
-867016
-60941
512154
-582475
-867362
295863
-757414
-437122
238117
120050
-422349
670498
87929
970941
363409
451265
-812741
504143
-465071
762054
-771848
104044
666033
647741
105399
529407
-629473
-279843
-759576
-939446
-817884
-700821
-944645
-77018
-872569
-490877
949793
-653226
592619
65579
966933
-816248
274104
-560063
468460
-924630
4178
-825591
617089
-700804
536906
301528
457478
272296
-970480
547522
-490130
45315
-431502
453671
-96453
252746
-213696
-892735
-708843
-751521
799515
-154588
786638
-512978
5691
-447811
968211
-133024
186491
-394186
530361
-706076
-224390
612873
-321349
-86460
26798
-501913
875128
-608669
170592
750428
-85330
-30750
-468615
208337
-35117
764002
284104
918698
-554290
798965
51939
-911214
-722828
-658772
-685777
-853742
-596976
-530421
918628
-945935
-703868
201291
-231462
-569166
-442659
-20411
354021
-3990
994294
820203
-262562
717004
380693
228496
-871803
-368173
361465
76548
-952520
-522724
-313728
924087
-294709
-937196
-225784
-794450
325640
-606370
-875514
-766825
324809
-699677
-164917
-245021
-341474
105054
-204129
859296
-428315
-797833
-243167
-345274
-404289
-142499
-92375
671386
-552510
824339
-636869
852246
-744367
-393427
108658
-481794
891699
297765
-703711
-774509
971173
873324
-572958
-661027
-854070
-968345
878391
852554
-823740
-406458
576855
853751
-761209
45393
-322305
301622
658584
385967
-164341
131369
915856
-115223
921487
885035
-207588
250938
600629
-249659
189172
-528967
329893
104773
-226227
282386
-135893
711720
-789704
661749
462307
867495
-161475
337855
645485
988616
361647
25248
686701
402807
281717
-902686
-102141
-831174
-484992
881843
-713814
592582
-502452
-194433
-507834
815450
-253025
240869
212091
99095
-55639
76081
9845
216193
-231520
-332688
-630029
75696
468290
-725373
166009
10575
720353
65288
-634369
462597
196665
-827585
-98365
-551974
-557772
105193
63119
-855280
-113141
-920984
-730732
-814126
-428435
225895
725941
609541
402200
-823057
532541
250476
646868
784992
69428
418868
621348
-140715
-946864
-444887
374905
830476
734797
-569728
840822
311669
-307056
748889
-122448
161361
713889
574562
342824
-505079
28536
829432
-905548
130323
935206
973046
-435728
-136067
464831
112123
-553971
801205
25833
102183
547848
-327517
138389
-577921
869339
978115
-176730
-49414
-43956
785036
-506025
-293752
-822769
645806
746076
853908
559113
480212
857806
809341
-833595
-27975
468226
210689
271350
-536193
501934
-401364
-143843
-210340
-946653
-953925
879298
343651
270956
-699191
717938
132400
381321
-983181
-160006
812353
-773322
-925127
-203928
386045
-186105
398224
519424
537208
-191786
-638620
252998
2029
-291127
409021
-378026
-636684
-913882
-607380
913944
567040
13760
894344
707618
-672545
-66051
-409047
-44259
154206
121238
-589006
682119
396765
714362
-783364
-40953
-660856
-16427
556530
-741968
-281516
-807948
567524
-623869
-147726
-686916
834034
-807102
-544275
534203
202825
847000
-371095
-7773
-494349
-138174
-80228
-748740
969229
-686874
622593
495170
-656320
177598
770124
598246
2856
-966520
-570525
-277901
729918
830030
-308915
-254042
-361476
327556
-185374
958235
210045
-853758
14260
-642586
130938
165093
945416
494912
88981
556779
249964
837843
-535775
-921901
-578854
-75235
-102735
-25227
3747
396527
-433303
-682010
308373
832163
726534
326135
-67450
-73061
-458879
-396438
-332376
452881
-477193
285379
-872960
-557339
475250
-772735
-619927
166366
-696
-784965
-98492
-602130
-833350
287563
942260
489350
-763085
792184
-615707
-973288
-325619
871555
-267918
-546355
142070
923197
-44935
445057
-733584
295713
-607304
-699720
29963
350001
968445
-302506
-995132
850579
286066
-84193
193892
-668356
-176129
-299615
303150
-518119
247649
-714741
-487404
880292
-634656
-65329
-577020
44993
-37404
-697079
-747958
907732
264905
96867
-957315
-549815
22552
-42451
-790944
-265410
-890167
-577051
-676220
520719
203396
-157419
825292
-907744
-895747
964475
-370781
960469
-742416
52551
-358719
-533024
428094
-245944
-15378
768361
338248
-462952
474556
146
-160806
843880
516689
-917430
-810871
-697585
-884494
870402
445542
-446108
-165451
356563
-24451
447378
447366
465993
791405
567405
169448
-704694
-521593
-6415
-103424
427997
158159
320759
420272
-580931
3019
776248
149678
885319
699472
-32267
802575
124800
-311385
-63761
-750403
-279779
971895
-981069
744652
981301
721347
303873
-733086
-371850
-396471
75705
550546
-262687
-317694
-660439
566590
277611
102625
522022
185935
806125
933027
-508976
-338970
838461
-73220
-994983
-454373
944348
878738
-547104
-806595
-232169
-441253
474939
-285773
-841965
-540649
804337
371069
585013
479987
683295
-680306
-169846
-893008
-791351
-759784
221925
-621813
177392
514347
-709177
510482
-424247
-854819
24360
492979
912625
323486
742653
954481
432173
-503550
-555391
-258975
-206
-396070
-206713
-919118
625508
-447622
-408581
425053
-602926
302505
-270796
695862
64492
828812
-769435
727725
-554348
-960372
171561
-392354
-170212
-688630
-137000
-920635
488517
818401
-329088
915990
931790
301945
949777
345418
-205259
-877564
-947043
254162
281887
736647
-798473
-500995
283097
197057
-895155
-386837
-521306
598554
974390
22818
-674767
-557205
226577
-822497
837724
-703384
-84924
-573393
949694
524558
-991255
-797105
-347075
-306291
-217379
734048
-436600
678866
-895781
985168
311690
-829054
-403906
-730305
768007
-969515
-481007
370090
-203342
-55747
-213409
89961
885012
626191
-379454
617502
-944152
-240042
817423
-120931
320744
680711
229840
-981327
877725
456092
-963178
744484
-476685
68368
444702
982682
-228981
775357
57020
70911
-805023
-608588
-301795
207531
427431
-294539
-733564
-406064
889320
-763627
173170
702643
-696746
-118573
538588
582147
225682
861412
-762973
830799
-285758
890133
983913
-591362
667807
-123193
-865071
156614
201383
-642606
-966580
442815
-69717
328025
-415576
923227
-227234
918292
-482187
-2707
93806
-944523
-451854
-147260
307126
77731
628991
-134930
-526365
-782839
-804573
22808
344063
892360
-945071
686979
543438
-537900
-348146
-606815
941037
-938696
-893114
-126133
119789
-688200
665531
11156
192889
588034
-527980
860712
270630
-53454
19337
980547
-432227
188649
-475957
-371843
-9010
620193
-594431
554418
960975
87754
-513138
-633707
603296
214458
-795862
-157969
-249238
630310
39198
-965851
775013
784103
-804420
-796197
952239
-388517
162369
-536816
-852627
-658512
-760747
-681165
428263
931253
-776057
589236
-790901
-598033
951716
26753
637231
-209653
687716
-171072
-698206
-543873
723172
728008
-846672
917799
-193172
348134
-246759
-136023
709634
-82252
324882
490171
852050
587547
203011
-455374
-559347
-294877
-910999
-660221
-529196
398893
-564691
-56491
-803204
262882
-435584
675031
193537
-998698
-902229
268046
-648883
213834
-301722
-917793
-335579
-179370
-526110
-405087
-172465
-250698
-791094
-718026
501497
-77440
859432
171122
67454
-952734
299728
87349
-872975
39166
330871
126162
300697
-51766
973668
563490
888185
-391302
777124
586780
-265048
710897
-636085
582723
-208315
995504
889151
470972
-904369
631245
-484517
-601864
-808075
-269204
751648
833049
-12902
105311
308025
-344859
596250
-619866
-503804
524168
-519703
-502295
683539
-769724
-643120
-141262
796830
320981
-53287
-906548
626836
-456819
-625745
-56337
469358
-550964
-454366
155027
-318631
-852005
-288060
-13249
-366120
953508
393984
133993
-585942
-431954
-459318
-578780
950855
234958
24192
-330802
384833
852328
484811
-595675
-490849
-21337
783313
462916
192267
-598750
680060
-883390
897619
329647
-840662
-405442
425889
755401
-238951
122106
-479509
46816
-782851
665329
405341
245007
-644021
-991073
380203
-79646
-312907
813721
851743
-892184
698636
34166
18281
-669783
-216311
-634968
-779061
-879269
-842313
242973
998704
433433
-89395
-774058
261528
-702326
-938339
-977055
-943571
-474092
-230041
517404
412596
644192
-884295
954488
-376967
130167
343466
-538979
999616
396303
504219
821367
-788397
-361438
579184
269534
651396
-533368
-238132
-26537
107133
785512
881224
794786
-23384
-228647
-102028
309748
-912867
-430505
-544588
425947
-698541
502777
-503885
383809
-613822
855358
104273
476981
864993
435522
-525729
-75034
-840584
-638650
-976947
601552
-725532
342687
957043
-491147
185559
912596
-400285
-88197
-299108
103717
-106255
-709328
-229329
-767689
617616
17650
988236
176192
-194932
-727738
696288
51312
-44173
394033
909391
954826
-803922
72236
-101120
-135515
755627
255443
768038
130966
-616176
-326929
690332
-562345
-815610
234693
-762865
-276561
797150
-931999
92288
320498
345814
392693
-816344
553258
-933970
994072
107776
421499
752579
88299
605830
-115719
788793
-190153
-643451
-29208
-187975
-367026
-117872
-775099
-371679
280468
-453966
-213495
800926
-217976
-21008
-504498
-357791
871985
266740
837500
480741
-809727
-148635
-407510
-245091
107052
376059
-26604
822348
530241
-751625
-517745
-902785
480198
-778518
609984
547256
-482191
-714523
-798559
-68613
-87207
991516
-118575
876573
232910
32774
-132758
-994097
-748227
906001
-230248
-504177
-451179
634147
144724
598458
-934183
-163559
466214
285161
-129044
767867
792344
736796
-409176
980431
669492
-732156
-829323
-597036
-660225
-449046
-583068
-298980
124885
-551046
-725354
-900713
36835
620094
885350
-87231
-371553
836428
-51859
233889
-598080
-998564
-891523
800152
671648
528925
632655
718260
823223
458149
-99219
-317366
282923
-167084
82895
-834753
-766434
-792418
-231703
-205409
-927490
-535010
-560412
659571
550543
-258115
675648
-536218
-883380
-309363
-518123
-841819
-639471
-882247
148379
847390
29322
813636
-861965
-347624
-483554
938521
754642
-579060
-478380
-169389
159186
-145070
-262604
690581
-339641
-755380
-926559
-987717
-524318
751124
-276370
-454776
177984
-832427
-49661
68349
-336297
918152
694980
-802720
-704768
858750
-887215
-639787
-917204
-677682
-914797
502818
659497
487656
613364
497518
454082
-778851
464445
-559698
480662
-528311
-589410
-166833
-131698
-899884
817203
-342213
495121
-606449
634823
-630201
-570321
-50913
-364747
-677451
-349076
493418
440907
289780
-616260
-150460
157279
949789
635464
849527
950764
763246
-395963
-8527
-197102
977018
323166
287138
-84505
189164
-463140
-767803
526455
294544
129468
-599163
-408112
691506
-897149
170503
146393
698139
718624
320906
-507363
-733477
265633
-6382
2917
-75940
-326061
-966703
294587
-113480
-228851
-930457
-396989
-592955
946817
-381566
436076
-64906
-321844
374180
-871516
708769
-153623
-602227
-622766
734537
595584
83881
-99531
-696791
85576
-105501
-189299
-461630
-73752
-941573
-263749
578107
613826
309388
-842142
-309697
-190564
-365092
-268602
848010
-653896
-361756
684272
-146629
491847
-948713
702925
-405255
-916557
848579
-741385
150338
-229679
-411680
728131
879584
187012
-777142
-147322
-316789
467348
-471059
18009
525356
939793
-100013
7557
512312
-436116
982811
137304
567955
-969112
736790
303876
306846
367531
786558
462341
980612
48523
-875182
-601947
962125
213867
759996
-43214
206873
63443
375267
-64865
-123230
929033
-177561
107891
882872
-995229
21676
-540128
218003
357947
29988
78507
-410000
-683808
584219
-983170
-874764
-172799
64457
-656377
-347889
794629
-998109
678434
-192628
164288
-24369
786789
304938
624512
167283
-473321
699455
-936911
-247999
681932
-943127
772564
-221172
-477854
354821
-97562
-480504
99142
751888
463952
-595950
759899
-867199
644601
-401224
-942695
-496082
223866
-115696
-449835
-732381
893255
-646649
341271
-655544
-261378
18871
-944576
879593
907338
706174
-364681
199912
-649021
619002
-491971
87344
628749
299837
-246983
131828
32002
379132
-875874
-293295
-314889
-998896
731626
250302
-178775
89643
-404925
297889
337379
-406352
-873061
-545487
-803989
-635956
103866
111490
332385
713238
599596
-438138
-465318
-15727
219865
-424043
-256527
644219
-317027
314604
-158790
-293711
664556
-778259
-20446
-840917
-414623
-243570
564784
103870
331596
84241
201510
-691437
-29525
-142022
613169
726582
-382300
-601934
449428
-721999
559301
856276
497505
317494
-831644
-636865
307228
455905
517344
-199214
318817
673514
119427
-95887
-25159
442349
862334
363807
541651
550679
558051
159617
914640
892194
-467385
-292909
874260
-714018
518557
-239807
916474
-682917
-446165
-408427
474349
594020
-101588
-439816
-542861
283692
-623322
318147
-424772
-446128
-923695
606540
340896
-197692
753796
-616553
178021
-356631
-461902
780375
327523
256354
-672797
-644324
792871
447712
-906399
-612631
861226
25257
612622
86944
-281332
777699
99265
-980077
-578004
-139802
51865
655145
-751714
-808423
429414
-6363
-429507
753146
-186714
-28967
-47926
-929352
-127881
844168
270967
381276
-14899
-223563
-6824
-608440
-862891
-895058
979738
500469
288853
-957931
-814501
-979339
108766
-587047
-778835
-442454
35943
590919
-381646
-6225
609433
53276
719822
-86432
171035
370899
964125
698970
-839060
555768
-387753
-620554
587601
-929505
-484032
-607930
859087
799661
282362
-951350
-559904
-740511
514706
368259
-658428
-205735
-374622
902959
707763
-513891
-825933
-457342
943293
-24319
708183
-363440
930581
-533356
-957272
126280
-66111
425844
-791652
934342
34070
-657983
740619
629742
645720
-591798
818320
-8154
146099
616615
5345
925447
-689038
-135731
-90484
692422
-678370
162526
-263385
-648906
44878
-551373
-749245
464264
-569825
816134
281593
862971
777183
824841
74600
345332
788588
920236
-611799
57613
847242
625643
-207468
-894316
-281538
-798981
399458
-62663
365517
7817
195911
-79595
706225
326912
-625334
-121066
270569
-789145
643335
-281340
-242755
-546809
802086
-18057
-361526
896550
-123903
875616
202832
-312150
938884
-823794
69219
242037
-707679
-460659
681798
-211890
250962
-987079
-35620
-182676
-455108
219851
-256264
-310035
390540
-544847
957101
909001
-752777
977319
659668
-133776
-240753
-429753
-383293
361343
182089
-50311
578959
-571097
-140184
333770
-581811
974639
94176
-786346
710256
863994
692757
-123920
914709
-972517
885112
140779
-413022
-778892
86892
210494
-665606
332286
700884
-143418
-390890
-847465
244990
962997
-362820
-11387
-423844
453286
911375
16572
-978430
-696099
436110
-654194
-600823
-352013
-337847
-129016
299820
959712
-911194
729358
809843
76629
878410
-648825
896098
-760951
131867
618453
-78131
248901
235356
-6075
-173405
943428
-194805
-283654
108264
-340079
857666
931989
-974234
-642678
788048
895363
-662565
349004
-595405
-454587
-275059
-623512
251208
-938044
373588
475957
911021
-902310
870899
640513
576220
980427
-687605
440525
335036
-532157
-440685
110420
977847
867691
699965
783842
27937
-349122
65297
113947
-246484
708357
-393962
603179
-509833
799667
671468
146458
420404
945831
-89954
264302
-660011
-319729
-300972
240555
-228260
645679
213874
-448036
679208
-20366
558365
-380444
-786009
292308
-868358
802066
567328
-33601
416652
-329365
337644
253039
96199
311585
-660800
282011
644226
746425
-58268
586489
539141
827869
-420928
-416635
540738
725694
-200213
-844217
-83013
439568
-617645
-897687
-529035
112434
-230769
-943263
696136
-654880
324581
-916954
226152
-700308
705805
924997
-992954
798982
470397
897444
-669185
868461
917619
292604
473441
-111917
360432
-600797
-971541
-752863
727081
946079
182607
-154544
-641326
-122670
14627
347187
-307496
-338461
418052
-715758
-426562
928403
-783477
-342696
-330707
299868
-128257
-884254
122258
-319939
-877212
-246783
644674
-596009
607866
-15969
-540482
800664
66936
-512680
77088
-293136
40527
543675
-208716
-265900
649924
584913
585936
-748511
737866
-256822
347629
-766509
-60924
421530
494878
-181945
320248
-986495
-596068
-332152
910490
259058
-462602
-830059
187484
924053
675634
340455
-39486
-920171
-787400
982097
730822
-783697
-203711
-560169
-324315
-351085
729386
-956115
-606492
511293
776135
-587603
514679
-728984
-900399
176948
-241942
760944
-157081
-746261
-225458
-83517
-859043
828537
108776
708858
-92432
770223
373727
-637930
-994450
-844986
-508292
-757303
-993263
-421902
478686
-629801
106984
4163
249164
664932
432206
381701
-557852
557102
-948559
-462049
-49471
-671568
-265955
17493
-728393
497700
-134608
-819011
660836
-329289
-712512
854738
617926
-816331
-919686
300774
448497
243035
-598268
61739
-676189
507154
-763488
681655
160678
149918
984112
-990276
-677419
-128375
259305
-527072
640509
886596
835611
-349888
404269
154104
-44839
377267
-188074
799054
-821319
664284
606462
800374
677254
-119177
77206
-777122
34464
506513
-974259
806195
978082
209748
-342950
-766267
437750
280819
-819869
-76344
738470
52257
-773700
-492368
-963967
-530618
-160037
-871719
-807556
105471
-127632
791459
819128
282864
-557003
-824864
-514076
-300411
-794362
677463
-36210
792731
816054
667519
330023
-971066
139327
193001
765301
-216589
497812
-685882
-846143
-955937
-226183
-702435
92679
697553
-670018
232929
-757708
-470902
824072
198277
-90755
-471767
-17295
-794715
373012
91951
813758
168879
-880969
231969
-470131
-768362
23498
-388866
-842085
-963514
-157158
49953
325382
441630
-819931
358475
543573
652134
-43346
835638
146784
-614283
-316918
-146444
-824139
551087
90342
-581595
186234
-580661
-781826
606485
-324486
50929
168456
440250
-995323
-356874
-837691
326986
28449
419404
724076
-421674
-500142
-77992
-721804
-310596
-663359
-664129
-39139
59156
858758
104568
-698719
-165910
337282
-803168
999153
-496395
533607
566566
-401634
745265
-900816
317305
-691690
-760081
-826752
-382174
-573712
969436
-379045
538480
-474449
646593
513586
499161
-952779
-941518
-974452
387151
-256408
187552
-713988
-835615
744527
-87533
439222
-789272
-517949
97506
-193642
-767943
5444
355043
922335
-462361
463750
-924084
177975
339045
-25843
181877
116098
-394534
792601
-227819
-366988
908994
-638169
-865143
-278447
-306478
259456
185615
-112565
-775921
153697
28781
-608582
-171276
-98073
-230333
-462630
-723070
930208
-180964
-990588
-655919
855854
-503227
-430286
634225
-137545
119350
-17021
-595555
577644
105338
67556
145916
34037
-609838
692435
306536
459953
374446
-46837
586192
-410616
-894690
-352378
-349155
633195
668316
-671919
645571
-327323
-532970
793079
577943
-75296
-798435
195503
-379180
760392
473669
-609226
406927
-905562
-561479
-993302
-639440
695625
16133
107472
837438
-937938
-52869
612981
-987935
325032
-240222
-933785
767089
-728622
-911638
-716045
265191
588408
-9072
126787
24384
-298185
113846
-894804
-437681
176001
890708
-602318
246684
-511281
-79711
-231575
21939
613976
-326288
-343739
-206121
-489959
-385951
-662931
945862
133805
575419
-546408
-899349
877200
-40602
-725579
-107158
-260512
218866
187095
-443680
397273
-768281
-426644
-738075
805938
1869
558983
-748543
870471
-430099
935842
-964026
849057
774523
-315969
-261269
-397282
597310
-637896
-895149
927288
335799
326503
301209
412369
-725497
-284964
888764
257266
811730
235168
889793
-377976
-640068
132564
568260
575282
280645
-603901
287433
645773
-547564
-715407
-77155
370895
192871
809156
-374092
-402520
818460
-245544
300484
193010
-544312
-7644
-670115
497424
-154808
319296
339938
503506
-453062
-621428
412440
60964
-820994
26159
-693759
851558
305819
232028
731752
438804
-120804
244606
-59214
-608939
-626467
649006
145426
126475
-91763
189140
677188
-689562
-226959
20427
256370
-444844
685884
881499
228234
-794005
-233437
85339
-170363
3163
-884018
581044
183178
824802
-409434
-862055
444370
-669652
-298432
-673630
-275756
686435
508562
710530
920512
254433
415391
-397422
308458
475398
983846
-153090
-104092
-134415
-588785
-102036
-101257
-506024
-872014
215471
12505
902463
-365503
-976056
67192
539019
-797532
-34573
-371572
349123
19772
-254817
200259
-348478
-769936
375311
-773308
-882172
437693
-112217
-563219
526885
962183
-64066
48312
-790937
-311978
110567
570190
739408
-736694
-517651
414464
-962391
-893911
-627493
-404944
179040
203699
-192567
-729393
55466
147282
-860228
658337
-908943
-585615
-168412
-291049
-577221
-900510
-482969
-843847
253142
781899
3418
-680301
507233
18868
-548205
786513
-396509
-87085
500206
933390
854203
635877
313641
-938610
628971
-998194
812330
-389045
307612
-876481
-899790
323917
283834
921088
594981
-91086
-147231
-862342
-75106
-90309
-467727
605849
-753929
634181
790330
506581
-836797
246911
-792358
-578120
419357
-287437
433481
728179
-601871
-992334
-773658
-700898
58287
-246574
609671
-391178
-864335
-129874
-512245
-863134
-416581
-710659
401523
-584441
475172
173885
-35757
-348555
831248
-877765
487644
389441
-28210
645662
-422687
-188401
-770040
-864546
-466728
273891
101526
-915051
-689954
826380
269799
390201
-375044
640331
962221
-953764
803549
-543255
986861
-782621
819820
-19721
210094
294407
453399
-886888
171156
671931
-6446
989743
-452107
234065
-378915
-970712
330567
857068
284136
335638
663771
631835
741021
-400000
-544566
377695
-660467
192026
476174
-830043
-659540
267588
-1006
350814
113834
-369836
275780
434890
682828
-464442
-558365
-484992
492793
-180152
753518
91545
655111
598802
-427930
458977
-600585
-936887
849048
477155
119293
-464267
-721507
-747411
-794866
-693371
-493512
-145532
-694489
538151
-933952
112108
-483181
-178711
574617
-136650
-237034
-210309
768492
502984
789948
449313
-225585
-228174
-792232
638831
-163025
-723640
-664283
-602065
546745
-795089
-765176
-199242
605049
614734
-943730
226835
-955342
-110424
467563
756309
-18468
746641
436857
-288227
494278
-463039
164018
413831
733063
755174
374205
-186741
778456
407470
-740987
783001
-226074
897775
815240
-129939
-589813
792783
583511
-386866
29009
-460633
-130275
-363251
-685762
95307
-106968
-193270
-498304
306205
-450821
-706067
-664402
-761270
-343541
-426205
-764585
504194
-794262
-184920
-239280
546689
965690
-825165
-384752
200388
843930
-365999
-972667
872692
503127
-377956
-124838
-783170
115811
307797
18714
785314
588133
-10772
-197575
-991838
-730164
543155
-61643
996481
309674
-600004
-630088
950920
-527931
-85366
-159789
-90706
27048
989084
-728901
959300
-792359
977213
-472132
-715835
321890
510726
211708
-647617
769270
-888497
-492674
789640
-942631
-893984
434297
-148908
424342
423079
698376
-970717
780973
-875681
-59812
-539619
91375
987795
-658201
479334
-860765
-311587
-253279
-392900
-692838
-641469
77170
-486442
917466
707881
843761
-389474
-927992
-306030
94895
482051
356289
-508157
435518
802553
-32953
-512841
-310323
-223055
-602586
-380556
648300
511367
496163
185322
552217
-60675
401862
861340
-606743
281028
-737071
545069
-708203
-678372
554755
836171
430374
-536615
803733
79859
933697
-419574
39187
-810980
895361
869644
-910095
-195278
-175738
203989
-50277
-997517
720687
-148843
-551262
825126
-141984
-73508
-198887
-991030
-771850
-592651
25244
-508381
830204
991569
189226
808815
340269
-975052
121595
-391539
-929855
-394484
-141004
-540701
110168
-811797
-798170
793937
-125723
98943
-403854
466636
-231912
450421
610790
841194
-256470
198191
-853017
-236542
373120
61838
472261
921594
-359323
622612
438898
212591
-34215
-798061
-424529
937327
-197437
-453122
777701
202316
784453
190497
963265
378440
980746
-304165
36426
818620
-975644
-865422
-692928
35452
247619
792237
-718848
-480333
528074
-555443
-277786
-549995
-271686
-898124
442044
-819265
237026
-142428
-392780
-529529
-275252
-3437
-632799
502636
-713026
854865
982513
-592486
-564899
-925239
794991
-128081
-742000
511257
-464540
-881450
63989
-204465
808413
78926
-666071
-51207
-445075
380437
836503
172793
623918
891721
318355
587623
-459506
-302782
649601
981515
604143
-855853
407404
677325
-228934
168115
-390536
949588
640989
853649
-743833
613377
607014
776722
932872
-187682
974150
-975405
495108
-69841
-749099
187244
-173192
-392815
319949
-723168
496450
-522106
730484
-485998
-255104
-966726
882422
977826
-705698
-326214
-989933
-821021
449767
-492772
-57619
333573
-902403
-621449
-792974
567581
579786
-445342
645499
-584120
702598
66746
109938
-752053
-951349
-813705
-171006
118477
-58119
646991
-901595
-720728
586897
642422
160131
839864
170756
-787678
-160797
907603
645059
929581
307974
872555
402708
-839992
-829670
-8449
554058
-631275
296674
438412
873891
-43318
237929
369358
-644977
-445541
-403864
317774
773013
402692
-742326
-206659
-779282
-847891
305648
518105
387750
219408
286684
-165863
256545
-35118
-813723
-234651
402612
-755627
432920
884640
-786536
-133399
35806
-115718
832949
-434179
-411431
465010
77092
-826641
-104138
456786
-358032
354618
-932443
-950810
-882958
981408
569754
-706324
-575251
-780862
-996869
-188294
8795
964505
-179935
-697444
-975044
747609
-874942
888771
108366
-939494
661200
433011
16577
-245893
551590
-247416
319206
129300
448758
191867
-364405
-716542
-316460
-115634
78787
-173545
-377507
-10854
-414248
590028
47478
-468411
-259154
400564
-572024
457941
-40804
-178455
963540
37226
-22417
-539880
-193084
-833724
-15195
-382385
-183319
-564072
-16103
790527
78427
58646
-917015
-313240
989079
161317
-312301
401310
-208523
-711393
-657755
-817469
-862508
282411
-585533
-571825
778560
-605779
694494
-58103
227573
434849
-241525
610708
-604728
258629
-446767
-442429
-809174
298330
-990758
-776614
-17903
176735
-10529
85277
-995768
540861
163829
822001
76029
672340
329613
706974
-258205
-156616
373906
75632
771262
-458318
-276940
-927462
-196069
9437
675607
585494
-674618
673060
880233
149745
806847
632268
-967268
-826284
748143
-858477
455765
199891
631553
-61373
-345285
680653
-426604
980965
763871
-175019
457747
-10166
-779126
-300887
-274805
805523
644796
-376321
965400
535126
581596
-657554
-954834
173370
-79743
-484594
208094
699301
942168
373777
-365872
-230471
-200932
828752
255450
-475871
388493
545529
381967
-14669
341889
-841602
582139
-947558
195812
985998
859607
-643849
-354760
-302528
285934
-402176
138942
413755
660469
443615
808407
-287317
-981243
-606255
-41017
641711
-847207
-10686
928780
-924789
-14479
-75042
-76768
-253226
901885
-4169
-503826
967648
611800
-755908
762184
269618
-138582
-436045
744098
881462
458980
-138338
-186267
-386362
290131
-973872
333121
676145
454384
664613
594008
461424
-246659
-164766
497191
767137
333608
-531252
774486
755337
113077
996183
163184
475460
94123
-107901
-73748
392591
259608
437139
-810896
-774252
-63655
995904
-895416
902959
893874
-175444
-192388
-858902
-513156
699985
647514
-751088
-438569
-30356
405106
-361865
189693
-774781
188722
160229
-291957
-656127
668267
869420
891634
-865934
-159273
401811
373067
-497261
-422413
-385659
848305
922799
385518
-124944
-891078
-822769
46562
710088
-297692
-849038
996689
-760059
-87511
-68662
780830
206128
-348449
-252878
-856968
-622438
-282712
-761639
-435608
991962
-694227
-439042
351355
255905
-46189
-51363
940684
-949551
-824621
-926503
-165021
560564
-148842
367953
-340994
-813705
41668
378232
328031
-563628
-808287
755822
625099
604746
635607
212848
343285
-102078
-199869
-784607
187964
-991021
-71351
487484
-708061
116938
-2534
483385
119391
26542
153857
421120
54805
-63661
-833165
-442100
420010
-404082
311995
759341
91512
310180
999970
894329
-161861
-884286
938156
-110764
164296
423535
753629
711246
-457866
-964454
397937
-787913
-471777
966867
-488789
-326634
-444656
-937739
350763
-460604
-458212
133312
784613
-771757
-326403
-491241
550653
-634091
225615
-409752
312330
793331
39408
314798
-838189
-651375
-187440
93697
49214
558357
-110841
-82579
758151
-285260
-473302
537445
487495
234871
9236
118136
410371
-343790
312627
-506684
-405507
158427
-202625
182847
685462
-59268
-70001
-418079
550172
500614
658567
-41530
720902
438631
-443828
-6122
-416999
912201
432086
368589
956212
500294
798662
217429
487581
927060
-286871
-53980
476896
-640023
-186952
429724
165952
-388095
700891
653635
345238
-851214
-507798
-397018
-197062
884450
72051
42552
644904
507720
-192160
701261
138551
808282
302317
728724
837309
-720947
-305355
319226
808044
-752283
735532
-636395
148492
364997
866801
-906408
913114
771057
-445048
632980
-94108
-561363
-621605
-935517
408853
-414183
-499234
904738
-423027
-907107
-159393
-905955
-543675
406318
-912771
308095
-982887
335478
975864
-890096
295729
991854
175127
-889083
889490
849537
92516
581941
970643
-488646
142997
81821
-964092
127983
559103
-206718
-641153
101495
-14548
604067
93757
-184677
364079
-324431
946405
69200
249105
423524
252103
-762574
928913
-769888
535799
226179
-672273
906961
131449
-443904
177682
244395
-175791
313548
53764
-945691
-774940
-444477
845449
-435133
347434
-328395
-672880
491869
467634
-317100
337759
272286
-428466
-843798
-662954
-638998
745626
-786291
-874912
456833
-810877
882673
310263
-669586
95756
-909437
876497
750140
-491088
845897
-189648
-524196
-727241
103146
-22255
93453
75046
381961
656582
888860
-912064
-544022
640830
-422368
512294
-887820
-59322
3371
713030
132093
877536
-277997
-309314
-599257
-336418
-975532
970968
701946
-469908
-91922
-673590
94124
-279936
-452757
-948748
-484075
-359983
922478
477174
-292615
281516
579477
479533
-963298
-961160
237966
-992972
-502798
-546368
953338
-584835
349434
-355500
-406361
-211042
-995833
-634044
274563
219642
459110
566151
279112
605714
975178
-401905
-902151
354754
-742968
321969
271703
183661
-415439
630548
712052
-433617
358055
-606630
715685
691251
-187981
734474
477735
441254
852306
-927697
878870
261613
-57541
-632514
798502
-989229
-986095
-47678
-137090
910246
-219907
388825
-428425
-84332
-336065
-910087
7437
-67512
807096
-349470
336146
-810347
692078
769038
83832
-117796
-284769
902065
408174
647331
-631066
177240
949585
-558874
479185
-675797
-567366
-462050
-614674
109087
438666
-903533
137271
-338175
222680
-355307
422776
-536749
-865673
-379167
-605602
863703
774039
-474171
-313345
-250686
424838
294691
-218045
-229781
498144
323818
-255245
-182706
81579
-214767
-34390
-550221
-276640
-980916
-230380
947301
683966
252864
899201
409135
528760
-69414
310781
330083
593802
196212
-765790
-631002
940770
-856479
-692973
149002
470965
-280955
-396973
763822
389866
-539809
-572763
-555298
412377
950045
244846
-643005
-426634
179062
-356845
-989240
111136
432344
652325
394467
858317
686593
703469
-294983
-838218
-655609
-158998
-330653
53918
719687
602403
970582
-812004
-867677
-953979
-559661
-64494
377484
-962835
-185640
109584
324904
-965095
-552502
-993562
143421
-253162
-118863
-557674
-670795
304625
-73135
-29761
-822130
-879909
-166582
-480399
560022
-505531
584510
-976150
-812064
779531
489740
-306902
-126582
725587
603937
-634132
-786222
-457118
-564496
-60665
-486212
179893
-795152
-879525
-653198
-500132
-270664
-47115
-488097
-375906
451903
205490
-513609
-225176
-118022
-504333
-991707
-180720
-962504
-517685
-175488
15147
971292
-324943
831105
525853
-914264
743134
578310
-226365
363189
816438
-568463
985664
-939540
871974
237765
546906
949244
-655633
409755
891034
-249303
-484972
-914231
82506
894892
-77751
-930613
-92459
-827769
360554
-729644
591791
-508049
-432466
-493322
-584720
162466
-8973
-535271
224034
328719
128937
-964342
463070
-919570
-115372
-381201
362598
-516323
374846
-876204
855385
-402914
863205
610394
-797565
702079
-158391
407020
375777
191830
781492
296204
19158
-993546
334649
-835565
607858
148213
-80964
405104
-659523
206455
320349
-955988
30831
420480
348614
-41038
-114484
224733
520899
773331
-871822
-443407
-853887
-438401
307895
-214935
28967
17669
671676
216890
-711994
-33576
-92744
-50602
-140136
-885688
66850
-779632
-57177
-613492
560715
132430
-44403
504251
-512046
521588
90258
-506274
-260375
738179
942458
799129
401818
-391151
987463
631806
238846
480018
963267
-878000
-784749
471003
443497
58910
-673856
958707
-389112
252681
-405754
719426
-441353
945675
-772915
652187
43879
-895538
-831213
526929
-8899
-88561
-112855
175268
-52430
-277822
234546
-569843
588031
-546359
379411
-246453
27848
-679929
-611527
424560
-260109
391926
627540
608537
-408695
-966894
-995106
-319983
622634
-270795
838356
-712775
-83146
-206929
-555645
106974
-800494
-978686
345011
-366402
-314955
60669
801558
711953
808827
576653
-505386
63853
-878589
761933
-298899
559853
-246697
-601262
-163782
481639
-151396
951442
-700082
106838
-34134
-530045
975735
175068
-288390
421691
307632
-522129
-153749
670412
-672264
478224
754736
377484
-935818
446189
192609
322280
-490917
108974
-103212
-483932
19999
-128203
-269566
250672
-625433
903806
770883
-944877
-105442
401288
-675333
652586
-645070
-82743
153063
-500946
727072
171286
643742
222999
255760
-704362
-371123
-452706
430862
298
170049
-433704
299337
525686
-657920
855700
-50656
473406
337280
959140
205705
388212
-370135
927781
-196095
-629232
-74363
468655
-710399
670056
-671519
-268940
-197728
-302576
83752
-51713
-562432
-250086
956587
-973029
-491129
61635
-116879
-342332
-529972
419914
438993
768717
-227525
-91984
-862898
-865587
632303
733931
-666927
-332869
54186
-568754
-375400
-261214
121676
275879
-792183
-40316
349929
-903140
833903
6810
-732375
902762
-523492
971298
-659324
597861
-919323
590700
-16282
-585547
-159409
-659296
-183505
-815842
362503
-497890
984545
272879
561494
862906
905724
382860
428863
-780833
-96843
489263
213233
-409268
-109898
295246
262087
-120475
743474
-612804
961233
466955
916865
886383
994458
350760
-458592
729997
-643321
211211
-645962
-581864
-905484
-843215
-269131
249594
-422137
-246055
672253
-737637
-143551
243160
95069
-414681
-209531
-934260
-228783
-921425
-847648
629173
-249495
-619185
123649
113345
-835852
-300383
-702532
756069
593826
932522
-553235
65627
-546458
229313
-63714
-150043
580140
-12471
43723
-783219
679264
-364367
988473
320183
-462412
-882496
-396344
-300714
849595
-687386
-315533
646918
375879
-832408
685728
407358
692561
-323833
-134901
-883277
-232612
90347
-441415
-485024
-34360
840431
-155998
-90713
-43038
-495962
-279722
442869
-169608
822768
-415791
509776
327724
-597936
388378
280868
-836434
-37132
-286988
-52086
-959379
-714270
225069
33751
52497
354476
50896
-167733
-677436
660521
-856303
429717
56440
-221853
824477
527500
-941306
730242
-244815
-473194
-782947
76355
403108
-128296
-263595
170432
47763
648094
493567
-188624
164762
556657
-767012
-466884
774318
-548807
-706550
208393
153554
390588
-437929
-902996
146143
585856
-487725
106917
239180
303955
-596410
-89498
464331
720392
26127
-305825
895648
-521126
309060
-551181
-259151
546011
-705158
-704380
318504
998126
279982
570396
46390
-196177
715901
-558665
-243678
-540061
-959027
-291600
981613
-764190
-528148
824693
853203
-319961
341725
268148
-174176
-901199
-95524
249438
124798
-678733
736306
767964
660316
-522533
93376
266701
60810
-804863
46693
-897463
522248
-739325
953483
-667144
-742062
36194
61500
630846
504710
-270251
-296071
-294320
-277292
-580051
-903738
-370616
357372
597833
-788510
-996639
-713851
598956
-87673
-597886
31308
174852
-921355
-462535
458399
-270219
234174
-167048
416007
-445378
-133661
293997
-979296
-167512
169796
183103
-314937
281240
730807
300717
-225261
735021
947393
740717
-527208
-402683
-492554
-349962
-972563
-777905
336062
-409432
-110797
204948
819978
665032
929639
-212283
-717294
269608
-838245
-597766
-995803
777990
142128
653001
251836
-663940
359281
913028
318550
76382
-402332
307048
310458
-142818
-705425
274443
-210113
973768
-200060
553227
-89419
878223
-652608
121929
379149
-295983
-545223
575366
-117388
-72204
-56869
855156
327878
907858
62291
795665
-862129
555154
-513004
-97060
717303
6268
-380763
-237402
336369
183552
-608077
159544
-959842
859041
674045
-768590
312298
-773531
-846075
17615
-29577
-986875
702295
458678
-53231
-366611
-403906
-591631
912994
736431
352788
-352511
-166317
303229
697764
-866264
-42161
-1465
-818292
-834840
12171
-756562
-803326
643940
596089
-11947
-227734
-716893
588681
116151
206176
-92161
-323024
-705482
982545
987146
421623
-438423
-350050
189321
-981282
186360
116651
-592296
431146
782590
-833132
-236777
-875755
-455158
-107516
-374579
42399
719816
360938
818627
412690
855825
419569
616783
-566297
-75765
222407
-491227
-480270
786705
-667649
-223045
609677
-619701
253270
732094
-119468
-34966
865524
-689368
-540066
424471
-594503
397496
628022
-203966
-325534
19003
-633975
597190
185198
545148
767672
631391
-795690
674194
-905112
388450
641788
246556
-942607
-613023
73131
-374350
751393
-975071
-392276
782447
-999552
-805761
-482639
580105
-194563
658947
-762151
-368496
208788
-792515
150412
199513
874228
-512321
713493
551901
-704367
-64866
103293
-398080
263155
688552
671639
-175754
854008
-528272
-194216
39658
-574267
340757
581001
-6022
-367026
-913691
-298975
-673510
846226
332441
411721
-556
622317
112242
-948330
-936527
-139081
611893
524842
678831
272876
579133
-579556
378813
-253547
-392428
214438
-256887
-818748
649106
377504
-132532
-736609
146992
-65873
-930246
622030
728813
-303551
561606
-747199
-130135
459596
-921859
783588
750936
236333
135740
511558
314262
551966
-722157
-277679
-333474
948427
-28672
-371162
431200
89816
-724944
881056
-428296
-961277
-651893
39878
926821
-676424
920858
418192
318113
969879
-590348
-315432
-345446
-570394
-649789
-917679
-806273
933939
114929
-843234
-707748
869039
727542
-978201
38829
210170
-710525
-921751
-263336
228593
572557
-568182
-177992
-472474
726619
-176371
564486
-134733
-487923
-801006
922
289719
428876
299418
775759
-184492
153190
-160780
-645726
-132199
-430138
-590444
-525540
-496975
-362200
-651268
-881805
-746591
778082
-975259
-845931
271349
792905
-330143
627095
982129
27232
154905
-230884
-889451
567671
-923897
-454545
109360
471355
899446
-921210
765659
128965
-395597
339842
-468470
-601056
-396817
373738
747606
9732
380138
-457945
954934
-599245
-601155
-869219
869375
-83860
202399
37617
531937
-63222
-237689
-803224
482830
815653
277147
-483012
661218
-848740
504683
-724730
-53350
-393599
312670
-45544
-932962
114549
-933930
-120159
-267158
-35215
-429281
95548
-332045
634551
461308
-764861
544217
-116658
980709
-710397
-960588
415001
-208684
765303
-607408
15243
231282
914207
485170
-623963
449183
69378
-842851
985348
-611477
-602645
-301356
83704
825652
-786106
-642000
-489189
849694
134454
889146
445466
-75963
-913922
-915538
-904012
366001
980942
-558756
-458926
-899118
991069
-438787
98492
-650230
-360033
596107
-719582
930359
6811
-514559
-710587
501397
-600129
185363
-545983
963887
363242
-293981
-236774
-40087
-277842
699343
568427
900372
936159
-46343
-162928
-776886
-553734
-741555
-66624
236756
-920997
-484955
-738154
-420441
662035
-341571
-845669
601136
762175
221218
101029
819576
-979082
880311
-221280
892257
880250
238551
225147
-327253
515016
-924640
690364
560634
859796
782858
13869
-344220
-915432
-578716
107822
-56640
-961067
-671788
-589153
983037
811639
-170009
100341
169534
386002
-352
105330
-406214
-292485
-747156
-524296
-678847
662694
-208905
812051
-825111
155871
615991
585750
785354
451071
-468426
680835
225108
-950657
138367
-295423
-91382
-446225
165813
561117
417719
-813151
-468583
877242
888867
-623647
16559
860960
-439466
-671674
249276
808863
637263
823563
-423336
-214403
777782
948785
573242
-973008
-341904
-428751
588493
729583
320278
-580699
228112
33116
317040
185027
372645
272269
652978
61246
343911
957273
-429024
132204
726731
162423
753034
-702639
551631
-86707
-251023
957215
-78201
512247
75011
634076
989087
218462
-698300
583877
964946
790871
570149
146071
-418881
-424940
-978034
681751
-568535
-152127
-439042
-26038
-589229
-758731
-588124
267239
-539980
16637
32465
-675421
747772
-848713
-623847
-452611
475618
359163
322929
213445
981190
-917399
565479
367315
-109905
312454
946894
408535
-269936
-946564
-204625
-318207
573662
79134
211660
-151539
-407518
367270
594381
-175278
-975172
394390
-770656
888610
33478
-551348
622883
463742
-625055
176401
-176563
729430
651755
284591
-377089
868041
-637041
885604
-529316
-311253
-615535
845428
813550
-988038
20251
-52951
-942126
-312675
32159
356272
-463773
730333
-50170
-149566
-19477
243217
-262879
2578
780124
-677176
-18931
-96130
371581
932255
15318
-302075
-457311
367505
-479805
-800312
651753
705795
285792
-388028
-798381
-999979
-177215
325686
590389
-73870
-987482
626139
803878
280899
600829
676101
-282107
-879548
-477703
-225000
-585867
615820
-66741
-134809
-666064
427178
-322821
554901
79184
213653
2579
-999222
467147
386366
-560078
414003
-926093
-990016
143882
353964
204472
825972
909994
959467
-270597
438646
5088
443865
-82516
-184517
796423
488724
-322973
52645
889973
421317
-909058
-224060
-212086
188884
619446
-882310
-447330
640359
-839599
130361
-687364
653636
-94332
-603676
-911344
-992218
-438719
-79435
542277
388973
-182085
-588755
662339
465782
235329
-117287
-82127
-176076
738672
-984140
-621850
646383
301443
330077
673100
-259612
-533538
-502944
277690
-105022
-363112
572659
940947
-134279
610168
192467
716688
-607364
238111
-360561
-485167
-478614
-741608
-832944
819769
427701
604397
-563347
-72729
-185475
-154758
984483
-778869
-176907
156079
-708870
-1339
579125
-689078
-337163
76062
-206049
-818711
-220994
-511743
157424
66551
-16822
771971
28769
-72653
-980571
-46119
87082
606498
813882
71961
46995
-533922
-845522
391706
-34455
-531310
175359
-303392
-921302
-587619
862843
-573421
-753421
-659516
-741433
339917
-313740
-414960
877281
-946984
759970
643710
488100
-1056
-738551
-220819
-382057
-864287
431885
250680
814598
6314
-828461
152928
904216
503015
-594524
328368
84096
216279
944147
606030
-102334
-837502
294286
-125410
973002
984314
-120735
-946831
13109
731373
64824
-187312
366534
242749
-753565
-957334
652857
-330673
-124417
778439
-15422
50085
-223577
-267013
-209831
83219
104317
933176
-325653
869803
772972
-665169
-585144
-727215
622928
-214953
189935
571267
-472508
161367
-382257
37632
-800384
-162990
-367984
-890365
-662519
-304154
762154
-519309
-432444
351532
165484
506296
296117
798858
-791441
-315205
562990
-877860
597127
120040
-731378
613868
-159954
655047
-971076
-72888
-138432
291959
474336
-506652
-133954
886746
-712398
488481
-71476
758156
42220
-91361
208715
217491
624297
-947465
653589
919540
867692
-229088
-616001
157707
615853
-750190
-414921
-918506
-814364
213170
-380592
-895104
-673897
694060
595730
-154209
-346263
53578
-687729
-413339
542213
290783
608869
-621040
203508
809624
-562657
-735182
491966
-301971
-502767
-148691
-58745
558696
-719727
-223819
388824
261231
-882170
-860230
265336
-364571
882471
-262928
976718
465961
365346
514373
504619
677014
-45441
706292
230202
-107239
-748256
-972060
-481827
126550
284201
334518
-379376
-628976
208559
-83917
-468939
143900
-663983
298566
-320011
-987660
276862
614460
-652849
896178
129107
-906847
-643667
307713
-707358
27477
-679720
-841112
-691080
524956
366395
-803322
661914
982245
779081
585490
817709
107728
-961483
-397677
733779
-372656
-852372
38490
95655
-971209
-60642
463524
338727
23701
334861
-257289
34986
95983
-935390
-680198
500132
-970311
-215640
491577
923819
-722045
-628822
857104
8433
842732
-336666
40844
185643
-18427
177494
684089
569827
-702947
205077
-398271
134061
-688282
-21741
97662
616856
-987433
290411
823474
554629
433317
-836986
-93413
-312175
489946
-962535
-554095
-544207
438066
215508
353706
178693
715580
-392810
20484
-608485
661646
-464470
164946
731392
404001
169168
-91086
-554641
490023
390209
497570
465081
664171
825249
-24888
-77386
973448
-429682
-876107
221254
-840280
715666
277780
386219
-77989
-116130
-199967
196775
-207827
834034
-391582
272946
-795260
-471739
-403073
424262
-226338
952548
900392
888923
-445477
579015
432282
254482
817882
-12328
-424930
-886697
-404440
506650
386858
-78708
455387
-442578
870280
186376
-11103
933494
-11269
200910
-123350
394242
439558
-942132
690863
726382
-642624
211208
-842901
230933
112880
-978622
-876409
333678
634215
912286
278437
453732
646956
497127
497606
-89797
87530
965409
740616
785103
-657112
71677
78734
-797970
974082
-653537
-439725
-83426
213223
400877
-676764
-62279
160442
896585
-567175
856377
-929546
234863
828882
-28739
995505
906838
912866
-904031
-41476
-633967
-817183
-430433
-175707
-676709
672650
-437442
-279370
580743
-352996
-458505
797963
-979092
-764407
-722393
838588
374180
-604394
293109
-706766
-688675
-831059
-151941
880617
-475576
-479396
782297
626210
683660
-336654
849830
-249040
-397210
54673
-814526
165738
124613
-164353
-636145
884677
-574975
173370
269283
-79115
142474
309642
-990079
-648218
758045
-644074
-931215
-581684
197029
880561
-521994
544608
-201224
36741
-958559
-684836
632638
631841
165297
674397
-338101
177600
-702801
-735215
785451
64589
360729
-981722
-756256
-200599
119883
-180855
391771
-495363
458618
-654936
-26001
-432285
221494
-635824
-299476
-122844
179871
508531
731148
199894
932536
-904403
135271
-202660
519860
966093
479202
185514
806201
400616
-196375
508794
-285172
-892064
237727
-166367
934122
-820136
971474
-210200
260310
490530
-653886
-596521
-920253
-700442
554909
-189705
379406
-709179
-285180
-443012
-583449
666863
-405698
-969456
360883
156851
-443527
-812368
-182363
-410360
233057
296933
-803218
720532
-833680
-31708
-897649
352910
-288949
-968719
-188766
-410321
21188
736364
-798201
-683191
-401592
-630093
-383995
-267259
572498
-884299
-528293
550674
343576
403366
461219
213807
385873
-871311
463810
177987
-627307
645087
497323
123410
662910
-207988
-556258
713898
394083
264174
636318
796560
518907
947815
-216531
969611
-138832
102904
94731
351113
976795
933837
872730
917266
-340354
-704896
-399217
672391
143513
-134053
-795163
-533842
741241
211800
349329
-885025
-508692
-389414
-904402
48253
518488
947076
-97375
-533149
-837709
962472
399045
413197
-534037
965779
261418
726655
-332416
-212518
516603
763821
898769
420316
746692
-759541
538303
982864
821057
497522
11100
-493134
984429
-288917
-433192
-264095
351810
610551
-215450
-98171
998455
875262
770196
-300679
833201
629886
281880
984117
-804702
-296134
416777
136641
-7295
-92988
-306420
209439
917161
-442674
898441
283153
-883647
522102
-406707
606641
-798702
-322128
942588
712234
-544250
929067
-585618
-947421
-592976
822780
-332485
-317420
713714
536770
492815
-680216
134815
-243527
351449
641633
41949
-149701
-559288
-510447
-901146
-43680
-374595
-850559
832961
805622
565843
619701
941538
-978204
-133619
-567767
-435555
964368
987191
-752862
1602
38007
670155
-893607
608797
-115211
491520
603201
-687879
-1796
-960499
159924
-111254
430230
-457886
-973170
-342718
140254
288343
-517084
99646
162899
469103
-905197
857336
322120
-754346
-48845
676617
-437636
486919
941658
-479198
-539054
-944052
-96455
211222
-884574
-455983
-964900
372977
-599755
-668505
50960
313748
341399
-255373
292304
595565
-474470
296228
108567
-290696
-502343
-622846
101579
-395937
-473384
959638
496345
344316
535748
601058
611667
333309
-190706
234400
-165299
893341
-275754
-345010
44121
484142
-645965
-442774
-655002
-572445
994657
-761538
-668134
339853
-264701
236392
880774
609702
372888
-960235
40649
953326
746101
-598135
-598049
-321996
-392020
-184678
571485
922340
-67365
123774
221596
424476
-132030
712737
926689
394933
-823975
755302
291549
79238
-11791
129096
215315
-180975
432518
785749
-921920
-274997
792552
800428
-430881
415526
299771
-498539
854455
-724947
-817127
663007
-88967
-513888
343165
-838239
-644808
-747717
-764866
-606424
-856477
728652
323889
557540
844292
188014
228526
-231995
383161
-245839
-949845
-733456
153774
-296966
-695690
-971382
-75203
-114862
81751
-401057
-278402
-716729
-803227
-68977
-655179
689644
-709101
812001
589688
894284
-217954
-985032
-896064
394892
840531
766814
51837
-548154
635077
231311
167878
14951
-841751
-443419
890869
214161
534393
284452
320256
-87758
-620273
821910
591152
995147
571000
-412530
811871
-731586
408763
388168
300132
586203
701812
-484947
768822
-587943
-918094
360038
464378
402243
602509
-477357
-657900
656257
592096
856821
-119533
-869371
-263314
-378310
-208041
-795049
877328
723346
47458
-991006
73631
987786
-773997
364961
-230814
-320104
990666
592525
-774139
-894783
51734
-804300
-660288
846295
832621
779855
-94833
864065
233431
-692790
56606
-489871
-282525
-827254
-772510
-341654
-63387
328749
602088
19041
-443931
371490
-796959
860677
-539408
793324
-701909
485469
-457980
518376
-869507
60670
-272670
-217306
850476
-210556
-966769
395943
-850787
430943
-967978
-147256
813754
-938085
-177805
156323
-798873
295678
931773
539918
-984301
994667
-620250
-110346
195849
-551448
159425
-484306
244446
-256110
70781
589550
-630314
-622063
-332760
-39962
-968328
668086
-972298
403499
-699948
330244
-7039
912054
-294428
788296
376797
-510925
792244
295539
283679
466894
865114
632738
-508164
-945663
226619
-20015
-165819
-433816
843817
435975
-187404
-165198
-238305
-198178
296425
67463
567692
-14323
-323078
-662910
369309
963966
-530310
-815541
494741
778321
583846
733325
-246168
-575149
-709013
723118
-102464
-157532
527459
169965
-325805
-103019
210643
442667
54231
158425
700063
577680
-87753
-526205
206854
396573
201977
283584
-384709
-964060
668026
170572
-996140
-120862
271706
101988
-461951
-571744
-442320
686241
-789108
-915144
524097
399333
-370518
-334645
-271441
-110862
461915
-38022
863391
384777
62362
966205
609272
-565421
-400922
148425
382997
-597560
-847608
966712
239661
-404334
522209
479863
-331464
265969
-770845
-155951
-67456
-341154
915640
282158
731535
697309
-108666
-266093
-755520
801593
909876
8360
281449
-45186
-392791
378873
918641
422868
516137
690355
-402870
-83280
-515621
33863
73269
-761867
506642
658462
922803
761640
404635
-450939
519206
256096
-692102
-765769
-446217
106714
352469
-149492
915668
-43330
-242337
-175203
-948037
637552
734040
-502088
-102635
-372273
-251465
-96450
465586
224726
-908626
-46642
209091
429521
616345
811192
-514079
-551521
-75869
-201618
-390750
-423990
-405834
470782
392063
652298
590237
120094
333266
781426
559527
910492
-863161
199519
-23699
823267
-832993
335
592219
880432
-246695
-771073
-225398
-411128
-63126
-784957
653109
-566155
-55191
-47057
856242
-844317
-682367
508344
567170
-283733
-719905
-102806
575838
767164
634989
494814
-557721
-296433
-925593
690644
-549749
7304
-804967
-842145
-441647
-541906
-619460
427211
-494457
780916
645943
640171
-929646
929770
-607784
967943
351444
-99486
550579
-918945
-819441
-110999
905586
176998
-329015
-311118
-432678
144507
-752072
622101
450471
713238
236499
-643998
-976807
176336
-442550
-117678
-301445
-189175
368492
-446194
583872
-955802
788148
428887
-519729
686107
992770
290486
11780
-402675
838746
219774
166668
734436
320735
-815737
-227131
-803985
-95322
815837
-468868
-963607
-963256
184197
-142795
66630
-244409
912306
-763435
508712
10830
-596597
-436965
-146255
737837
-772048
-435388
959523
750228
-707950
555990
-592337
893032
796234
-315935
59111
-296056
182774
-760942
302975
-258191
503640
-246978
675899
689145
-937069
833899
255183
51689
-873577
647535
-979308
-630549
-898557
-634249
550740
-80253
-730042
392589
-987084
-412567
987184
-249364
57142
720608
-684303
-595873
613263
-541335
-130866
-514603
492414
-857772
458499
319762
-35865
137604
-697652
-649792
639513
252611
-703501
550468
288621
-883364
-741504
324045
-99934
-852596
-767128
-678232
-538731
-820436
328117
-490579
346021
-807530
-340677
-157619
-929190
764803
843794
-302934
540596
61201
974329
-851071
847274
-396575
761470
655279
359652
872364
-158229
-103984
183734
92380
683441
696694
-564491
-654110
-194865
-965356
649099
-760092
803908
-68815
654424
-601180
-590234
73946
764246
-667336
65674
16437
83807
-520588
-273125
-448319
-1505
556507
258203
8803
-769476
825183
-605146
-247455
-899150
480444
-254606
-339078
-728652
-632294
678416
263958
-709900
-882313
-253996
-688206
78290
-946320
-350846
-437128
-769790
117870
584275
260251
953895
-28250
-777249
929901
60883
852095
-888000
-699610
-264663
562772
732031
145893
-612836
-156544
-934455
440543
-384162
870658
636332
842740
760509
-259885
542131
-952916
-388171
-933161
992724
436580
-443364
-2740
537161
807746
-784120
-979678
-804346
-449034
554312
184438
869173
667480
-804374
188628
897461
-25384
623972
388216
-302612
516099
921209
-914640
-109825
-353727
441836
425186
-152771
-238578
-100673
-39494
353012
791746
-257436
-858619
41811
645104
886256
-469987
-833684
860109
737174
-411123
-989167
672625
23237
-184446
449904
622767
-633290
-230851
394210
-30649
309431
-995042
904426
-108732
860334
438550
-365722
605990
-634898
-330120
722974
801790
-650890
-373708
647947
-641885
-956207
801520
53593
579789
-176377
149013
-272467
-347856
727904
-603066
-47585
-220259
106390
228433
-685239
-887658
-964783
805383
162988
903383
-9016
39890
25865
-289752
149906
410375
-192076
977782
265896
-800527
-690714
298837
260141
-464417
-466204
-178988
-916198
911867
698317
480380
666879
906971
-145341
-241848
220184
63793
761047
136982
-749901
-732758
555753
-655
382777
-446670
706332
-146281
-48951
-515512
-178283
-870587
-897761
566168
211765
-511710
-725982
-867505
236528
-216709
292494
-802456
593583
468141
-532264
-372578
-268740
-880011
-11982
-944584
-417626
313958
993233
986450
630435
994692
25477
565467
582108
215873
943709
7789
-595038
-312486
-495495
450770
87030
706197
812613
825471
-481218
-53570
-319361
-857643
-975604
-247124
-234534
107678
-380778
329625
-6914
809542
882238
631890
-118739
181244
-575160
597341
539542
813664
-955299
-536091
660696
-657395
316140
903076
-213551
-305407
-307651
-367916
129986
-86281
190557
-928898
-971075
-895829
562171
365782
-858460
428397
-544000
58905
979009
848017
155243
961734
946198
820803
65983
765238
794948
30088
-552943
30066
-272791
909696
735121
378257
180610
461973
-989852
35611
-425071
-457616
-521080
-731482
-154354
-207131
443322
-810980
737668
-647547
606657
-315484
-126657
-369867
726330
-569723
-554087
-57143
-818042
154792
-682587
-743465
-292520
-546601
-498139
894594
-659552
-226826
-749948
972119
-105320
144541
-514598
-578159
-280015
988350
-168013
-652974
71880
-210147
-542881
184494
-390763
738226
-316008
782240
-714107
25439
-492450
-254318
825103
841421
409087
235998
328683
-568327
-523208
-619954
120523
-508181
-915913
-562272
-125355
-643797
863550
-545902
-919125
476281
737319
-107219
864556
-637317
-576070
203329
349779
-615300
213907
758694
-358457
6410
-578231
-387082
-341288
979815
-600217
759658
417759
-819289
182104
-599210
23173
-552260
808680
736687
-940315
522159
-82544
881600
323076
772545
-705351
960095
-900052
-61333
205227
-792748
489002
833131
-683544
617590
794288
-409943
-103747
-914375
-78637
-436071
440507
960757
129108
977454
990387
-775710
-287959
-209318
84054
452649
324312
174037
-589351
-473000
624158
-402660
-320869
590405
429917
-995033
-481131
-323759
321768
-965255
-305424
-496912
114497
26167
826615
-264625
915712
144452
-429836
408609
-267768
263228
-815281
389644
-819862
-878258
218367
935087
647987
294955
-796886
-103061
-309068
117000
716689
-717877
-452122
360675
-111457
-740168
-103709
706275
-505287
791594
-857106
-955558
435985
718363
-942088
-411562
313129
784985
144163
931777
-380404
-568120
569033
-195443
-821192
448245
217814
-157500
628287
982026
673800
238123
559814
988558
-649192
878368
-173722
154427
449713
132036
-803084
-507799
548865
343102
-162864
881878
-457986
-83596
139945
91993
235649
33371
927169
27855
-647722
-373732
701039
-177292
-716558
-227461
936455
986292
8168
671998
591780
288247
-756543
702674
494640
-890953
989760
-726549
477391
-853514
-305667
-177144
-594523
-816394
-418527
187288
409584
856991
-893240
-129263
-669204
809857
15483
448636
800030
-497557
63705
801651
144790
-300714
-579972
-489910
-923483
918582
908570
-190272
-174116
630625
-576524
497135
498327
-376218
240507
180277
-468825
466190
-100164
-524974
-571893
305224
722523
-2264
580061
-296502
574818
283400
441146
576100
75480
-132641
-559322
-989933
649635
-574893
-215108
-510266
-369597
-821737
-687365
-752181
-4322
-109373
-811323
547354
403239
-864419
-801959
-402878
512816
-231026
78089
76878
835103
-657549
410885
999089
728417
-712892
851831
-531009
267159
328461
-983900
-336698
-754484
-821437
-160081
-992388
666488
-928098
673957
-33706
447645
-312979
-123135
148979
-838760
-690461
-702515
724907
552742
740396
516131
-778058
991780
254199
-111913
246224
641751
-13350
919295
-834852
-419518
57917
-671967
306906
903220
-234194
644752
-938533
608166
621336
212940
-427017
-933171
-507512
-900593
952410
-463187
-86706
642188
936282
431799
-321397
875227
-157717
747722
-924955
-721414
148525
190486
-21872
-478264
-180257
-610330
79027
350565
-433122
826005
633120
-110904
-868800
925098
1931
112612
-597330
-692067
894295
-922331
202455
-681999
-891310
-263622
-402634
-750231
-935970
-330137
-840969
-978069
-14577
829408
-417071
82068
-569213
397878
-147848
-473449
153025
896523
669468
-564274
-124208
288308
986227
611242
166831
127870
406769
-816116
808936
415105
773946
-840661
534966
-69210
465340
-120862
470744
662199
-42844
625224
952963
871801
512646
135172
-177153
247414
-547949
483219
73366
-15357
-79880
345011
830426
-397232
520034
513609
134654
975816
833590
552117
747659
770050
683023
-203619
144233
-454499
-200022
-53552
618768
-171453
-800278
-65898
857206
-105614
-209765
-510942
-487557
-851651
-148945
-182927
-305034
421734
963774
449196
-252942
93365
935054
-322084
442235
301261
-771053
-949399
331587
-186029
80372
174362
642423
551167
355572
-937743
724745
777991
-217356
-263648
-460150
364098
732227
638411
738723
-357606
130948
779160
-69683
540438
-134897
574914
912104
868068
-85979
-513275
-916882
877447
-818956
-961699
239729
-657062
311437
-410488
871504
-620370
605158
50115
288914
891092
855143
22157
-560280
331250
-781985
-973405
-281884
557644
-363921
-519118
-597110
954110
-941257
688520
-857587
334833
267616
-628145
183839
-969267
-250075
-450876
742273
948211
-553592
-762714
-613237
-931318
196214
-96055
320155
-826969
495544
213638
-553453
664874
752312
-319882
934544
-823356
983676
512080
-907481
-245166
398198
-190916
-842399
800152
-18941
311972
-22987
-720531
964329
356491
-445565
925669
-4392
883559
-165516
-584443
346593
-563021
564990
-275921
969407
-334588
-258062
-603974
833610
105857
-342862
88489
-804399
618853
717169
-712725
819681
445769
-542146
-875473
13536
901453
86327
8339
677245
594518
771862
971831
796357
755939
595856
580920
-626222
-171996
-58388
626503
357629
984776
-164804
253151
977787
-959470
-278063
-456531
608407
-442832
-55766
-118991
-302921
305143
530434
-75964
159764
806911
275322
336353
779496
-687661
-397714
-600986
-899876
948833
-990522
723022
-739539
-844513
-672527
-992152
546203
236665
821857
-624481
115802
-689919
-202958
314031
919472
463231
529255
526224
541434
514287
566193
-164723
-83948
-243889
687393
-834083
906816
508639
787609
101959
916896
-256833
-904522
578631
722230
-428859
112541
92805
553248
-655472
663791
141601
409108
-355693
422539
105378
981610
-948269
-378803
510132
89743
-548527
773542
-997024
-648099
-214583
-181784
-66451
-526599
264088
-911687
934010
-675992
970844
405092
543493
-514317
-204330
-629123
27368
-180930
526185
-674474
392313
437981
171236
959609
-975519
774403
-443213
139219
853398
-410290
259113
-626038
737943
683749
237465
551864
208704
-700740
-428762
-611440
464867
-718179
-904892
-173480
150469
4986
93578
375682
903079
60440
-309511
957125
55882
-665626
519920
-6221
631781
-504417
8389
803017
347526
-787193
762577
-296018
-634221
186456
732512
304392
301277
769490
-8585
-467895
123396
987029
-965410
945989
651263
500641
-211635
-632342
-365348
-318088
-548486
441334
503444
576822
507635
-447090
-48206
-848954
-831322
346159
-70298
342091
721430
-531987
351193
-561182
-454697
428291
-528679
-972395
-672648
782242
-335656
-456246
764842
177016
-760304
-709278
316737
-873817
675900
-557784
352525
-450013
-29145
-943607
635653
-76830
153820
-251067
-101116
-134762
-250087
6463
426024
683937
-290569
350306
-893449
212569
-511010
-441617
-617840
-266035
297932
729201
24317
-800787
-570725
-9682
538801
381857
-755692
548404
-334702
-934428
-361876
335171
278631
-779955
684005
824163
107027
-701601
721726
690966
610300
208049
701326
563379
-334803
848761
-389584
814460
261625
228649
573576
840152
54404
-345685
844899
-614725
-419863
244063
-53119
-103384
247223
-565953
-4301
-860019
-743558
-753771
-560133
172457
340651
797062
757311
-684975
-56149
-337620
723581
51594
879802
-560165
191978
356542
-479362
539992
210579
568383
-858720
51133
588102
246649
522110
676365
-222684
-135686
-539970
-595039
-953810
413284
65097
-431352
-709557
-547655
808282
674789
553029
279109
-424965
-918396
-448665
-21611
292584
-313663
-926412
-127011
301209
-384247
-949951
764382
156171
-820019
969060
923314
-939220
83923
410593
438652
-119022
-88050
-543136
16760
-263985
-218590
-96895
671037
-977583
706526
555352
984311
-412639
193787
173918
-769066
372298
-692794
604792
-152888
397687
942415
408376
-775833
867246
-216525
-320080
706881
-143685
205584
-198305
-609930
-828528
238871
214550
358482
-778187
-636100
43544
205668
893328
-759294
-641342
166340
575561
-749909
-351295
-640453
479434
321111
794866
289299
986330
-162485
911181
857585
-594926
-532195
827344
-504613
850797
-379644
514432
937275
613375
579286
-143370
-64709
-212509
-789778
-742352
822684
-947254
159655
-561862
26608
-401414
-779362
97106
-205030
-391037
-918502
-599845
140616
237718
180548
4941
229967
776311
703410
-904546
-908679
433856
41036
500106
226494
-632511
354162
851986
-544386
-941
880276
-879514
850901
-16410
849769
-572145
-503249
-52549
243903
-516482
-514502
-856248
-749849
-257787
791027
-352220
-708802
-805479
-109751
-84133
-360647
252621
772354
-112118
-714791
174168
-58672
52034
981738
928763
883314
178306
-525924
-509180
539254
-135533
523235
93174
478662
397807
203964
350323
-817695
888210
764968
782145
149995
165847
-685364
-922796
-541263
654125
310173
-183825
-998063
316248
216613
-964747
-679492
-9283
-781680
38745
-657653
825992
543048
483384
-162178
-472965
-402280
987897
-855370
217466
-448001
-452238
-888424
910202
-835456
-577470
-683132
-557417
225776
248951
-340338
538344
-741098
251551
-540914
684258
18946
415782
993720
-175127
-964000
-557368
-903545
566597
886780
-91329
476073
746705
832269
-871493
-899089
417302
-474694
-32465
547425
554744
-367727
-204056
-745601
-25238
387137
565804
-155531
-788959
755076
-137458
928337
199772
-21580
520321
47286
629158
-965731
-404794
779483
22723
-296094
-254011
-448412
-322756
875072
638520
461617
-200049
-827697
-811431
623759
44393
145315
-579058
-296163
-257834
-422144
-19751
-966198
802081
944145
276270
-704376
-330298
-478869
516676
490246
61269
865059
455005
281331
-815281
-959179
1802
849575
520000
-599474
623695
173287
-266618
-185950
-376045
300091
312177
953035
552711
867667
-937123
-567648
-143040
-126907
-135226
901395
-533804
-587608
-581690
-807283
549776
-495909
167774
-207944
808568
-385792
-817833
-81438
-844173
354556
-671487
685938
701417
370986
443201
-490282
193132
738509
-377744
150438
-243579
786250
-604030
486283
999175
651269
249120
374115
-453974
-725670
-941244
-409135
101161
-850487
-907437
-612632
-624421
-613107
213593
-494350
787548
844571
-511585
287133
-976495
3620
691087
-103092
820994
-322104
561335
-690251
-963096
719870
190881
-757752
-862066
664871
977282
30133
58551
784902
-268919
34619
-643658
675666
-386061
916442
620420
-70594
449170
-400956
493807
-779470
-916113
266569
139995
165391
483783
468031
-75775
-801767
406850
958572
-540264
195930
276241
257228
372151
-673859
31611
-809585
-446179
-716529
688449
884266
-904559
-346219
-539882
247666
-647630
-102277
-855689
139772
769607
-761537
-837901
-384228
420496
-13978
680458
497696
577923
944647
749628
-628736
-208365
624120
654005
262837
-720998
-840938
715452
-314385
-144540
794210
-721216
817379
873953
-431181
380638
778915
-235899
173484
624655
-113166
656920
-312516
-843331
762227
-619525
1766
61222
963058
-507531
851453
558083
-192001
288394
738092
-66257
-671746
64969
497903
-10259
-168045
-651499
296409
476082
336390
-319505
-331560
847428
-248593
175958
-77306
-764471
-969252
201984
-922352
-881492
-870182
-428162
210788
-926423
-870099
-889532
-761151
312272
-457563
441062
-644551
467609
-752458
-686987
332728
-544330
-518938
-287077
470394
697609
-835401
374652
-173429
965133
824924
-516899
484599
-701654
-556802
935192
-659632
-12254
-566301
-460068
-990613
-498454
219847
-577465
828141
666271
585763
-291051
-491420
-560526
707513
-279944
826313
671323
-529506
597593
-146382
-424809
829786
306654
-554739
197651
-142135
783912
242039
-83476
-358600
186118
648277
195592
996510
-490912
680690
75567
510824
-346709
62407
226597
292376
-43937
47911
-951427
-118953
996607
-871135
-144540
-489980
697335
-942273
645311
658240
-819455
-748414
403188
-556535
367298
773970
438794
759340
888969
-218846
-850964
-409083
-490380
881718
-153657
-865593
-347963
-170645
-502030
543006
-671306
-792300
-83195
-219243
440229
-649083
985680
-529757
478052
-302142
-129764
-644923
408234
-467142
925282
-748256
-151512
684998
-629674
872609
-177091
169236
370072
-675380
412060
-362365
-884733
-780146
497918
-208669
-234593
-398077
762374
263201
-118968
-796900
-993501
-857356
601194
-160772
-26544
240817
-101972
-165798
329760
-967182
886391
567404
132029
75662
-516851
133491
-842853
388725
-971464
-850177
-363335
262640
-468332
-978707
219976
-793866
-53014
246337
-406244
-379812
-87748
730902
-391231
193295
-153977
542107
468990
-992974
93687
-385540
813023
654226
561645
-648896
141733
709474
235525
-544927
603142
-39342
-817116
-733851
-494426
110803
984683
-124894
-292534
718447
243692
536215
867003
-628355
352041
437768
-269272
881984
-654473
635111
213459
-665367
-155070
-380572
-753697
-601289
513648
205540
-772044
856009
-101357
778511
-200048
-752501
-317699
-440158
-348788
-571645
-943018
-244123
-43982
-40574
-876400
222175
808586
-764031
-291328
-448463
-704324
434340
-340151
403919
-80598
828989
-894116
-308768
-414534
89418
524958
-670939
90449
-3488
-489259
-791908
-837304
-832478
232282
305771
-474547
-234043
900223
316161
-935500
-881662
-395557
961062
266915
144747
767316
-608573
771284
178435
537620
-696296
-948234
665132
-716563
659217
-350655
316020
-721003
445572
-546718
604001
-407678
226468
-798113
800520
-539027
-978905
356150
527499
-868222
707072
-220368
-142069
696473
-86512
180035
664895
394118
-353911
970784
-718913
688231
551048
-691254
769581
-155504
-239238
-953832
554914
-613919
-85990
486504
-535401
225734
337292
467549
-665965
-828168
230870
575632
-719433
-298563
-982563
916127
-500370
-981515
-103577
45073
168374
-154229
-111303
-610859
-287820
-368548
-343379
102907
-806192
603409
662659
305325
-639278
-550522
700786
192473
524037
-227245
-893372
-619398
-33510
-955925
108450
560442
307677
-750295
371596
-15696
872694
867104
-984059
-214031
148662
-186736
609165
369208
559086
294749
-393694
-61418
-104418
521197
-79414
738359
-680431
-261171
-202633
-262404
148185
-506012
-711281
-35901
545978
-684908
965286
-671423
361566
-718956
-21881
672015
96278
562403
324932
167231
-981684
-163630
-136748
-825462
-478666
712232
-285113
-607353
840067
43673
-624499
622251
799585
921265
505259
341657
-175830
291709
-36663
-681817
-562096
805845
-706867
639434
504328
310326
-743568
-906961
-830735
-47161
-797116
-56174
-459400
881335
-936190
619811
-765928
-628576
-163067
-778029
548754
770355
57832
246890
-755208
615628
116768
-166989
732475
-496769
715639
-390038
382564
558749
-936864
-220420
472308
417534
-916033
40848
206465
748249
354390
-563669
621135
222584
736401
-648896
960049
452818
190738
-388593
-573479
263122
474022
370428
-123308
970296
-161745
-914858
-382127
-7249
35287
-55468
722437
-927460
-210244
777698
-964187
-982971
-554587
-718236
935654
-775980
-306251
524652
663132
-271699
-774671
-322546
382782
22438
-381461
-829293
-449432
-232216
50505
356323
938086
-27698
-331453
421973
-981169
-546563
512877
502318
-146340
-738935
-211526
-676192
-698621
-264921
871563
923282
456139
113581
846285
-851000
-833210
-220435
129799
850876
-662183
152128
-346869
90308
374089
-70398
33993
7657
830419
196216
-88379
301225
-261146
-651775
645086
306694
-881905
-925527
-841729
-623438
-454951
-395211
967643
555239
51763
-417851
-441407
-258943
260521
531780
-916529
-531054
362830
-161909
157324
-841860
-144703
-574834
-165259
-787681
977639
-141914
630165
857718
453712
19905
-243114
709291
389781
799352
-897
-664488
-978155
-758965
272827
932700
-379363
113841
-664413
-497864
-593742
124817
710378
-662463
-864856
52857
-232430
-809839
-174206
-528673
114196
21875
-474391
826467
-700259
330491
702059
994830
858603
-620600
820511
408080
-447318
605960
-847462
-643663
863739
-949356
-831716
-786784
317044
-607939
381927
-496593
-480002
-143770
609642
138117
-653882
480830
959416
-709400
230784
197184
775114
210567
121135
-114669
259648
-59768
970007
804409
325705
-625923
488576
402622
721656
41733
125857
714145
-888628
623696
705046
-595148
-542432
17087
497436
966293
-569474
651319
-903111
-386257
-96288
-691525
-875201
-554116
622367
-209495
117207
-836379
-959679
-492294
312942
404220
27754
-311943
-961396
960309
362190
-257036
897066
-310050
176882
-95621
-659224
-253226
416153
-548759
877914
89256
-639109
997466
833434
702329
86227
-446412
-430429
873073
-366637
718887
537877
369655
619875
-848326
512785
548740
-99676
158613
245279
-161544
922913
-588735
626382
-234865
-781670
976373
-786080
-385500
126158
-913624
849665
498419
435630
122119
224048
-369113
782639
685950
-997748
-257217
563427
-372593
66037
-426167
-99935
-919489
69119
962967
-789702
-709495
-75196
500729
936694
403256
504991
725863
-748621
290045
592848
147790
-989705
54567
-274419
-67211
-517336
790313
622440
-414133
-770779
-902312
918
227358
-212
-761625
-112645
332593
754358
-179086
-986440
-117197
68293
-985078
-301315
332461
-538323
223766
-371306
273324
-847295
-918643
688118
362376
129842
-425840
76272
-464578
-623460
274218
720284
-234334
-799572
352503
-35900
557573
412556
-898298
304108
-894537
742523
875289
883194
392540
-495257
-392483
147111
-938056
330408
580175
-83531
347990
-916448
486503
-457684
-736211
742916
758466
48378
-539930
-195850
962001
217045
763001
-247842
-217782
-24309
834955
803279
37773
716841
-75072
-943572
-667626
-983443
839173
337655
766885
-293995
-639970
-48680
-453426
-545056
711450
-634399
-546246
145162
642714
609014
-635343
-241459
392861
387476
499515
484967
769569
-319676
683780
681497
-166397
763837
-433016
853730
-5307
940057
-647611
680025
15233
966439
788463
145841
951872
-145525
-289707
368101
-470764
-440883
-933574
114364
352434
18268
-943116
533085
874999
-938015
525568
-72633
426863
555771
-965566
-819758
698422
483011
554055
577539
-830556
-526680
978773
136673
-587878
-410609
-75418
979302
306480
894371
506088
397244
480245
-255008
-208765
-73800
508122
357283
547446
-195565
469043
-751568
207907
685517
-937404
-790709
-770541
404109
91702
-863963
818776
441230
-103474
-749636
555337
-745783
707047
353301
-96180
779765
373581
-261672
169892
-634933
150777
-586302
-518166
131125
27653
881829
-997715
565150
-917228
-774107
352782
91438
-787883
260012
13062
-698096
407179
934165
-371753
906130
-756896
-615552
-207658
-4855
733614
-147987
-977285
-180476
488804
131987
923345
474893
-657852
-311784
280242
819403
-354023
-254425
-927837
-607126
31628
458785
685986
-422614
-696299
-801320
602022
-639970
-85237
658019
315036
-818124
-496986
-697322
-924691
127601
-797428
732027
660541
-151186
-985870
727582
389667
-767380
-748453
490981
244409
659376
699056
-192678
421289
-473149
-228385
871054
-553838
-215525
-798275
462014
973028
460757
-750961
-903944
-485723
-635818
-578778
640517
-143708
189830
343090
746863
-720491
735193
960721
-328976
-268815
852300
-171983
-948223
-386563
-172452
318677
-146274
-570102
-715321
576117
-858216
-252992
-470006
484011
846180
699283
-83902
806116
-165653
-806001
292186
-926677
-540767
466251
-921832
533853
-883432
252378
-674563
-402989
-280466
-511541
-567367
528080
485467
-485497
308431
-353508
-603289
725735
-233605
2802
308643
-976198
-422308
-390555
638766
-667335
462297
601830
408677
-281624
-369547
138135
-605795
326908
630840
-880480
-893684
-974586
644918
990822
-21769
553995
551794
63957
-860427
723474
660194
-693041
422546
887903
808830
384774
608505
309112
-456971
-107245
594330
626155
232411
-797548
120821
958565
-6311
-538553
31961
145069
964350
-241946
-43244
691729
540609
159822
230424
-853795
713494
881994
969299
-115727
-580888
168309
382690
-475409
-576544
-636212
249591
-193706
-556571
-98026
454496
-843889
902476
612084
-138794
-348029
-379825
503006
553671
-645235
-419716
147508
-975511
640471
545931
973941
437818
-288251
780526
261690
-733448
-836780
-337549
-978902
-827076
747821
52541
46294
484652
182735
432137
-952181
-548732
-520210
500907
200497
-647639
-165556
-29524
-493961
367380
66989
-330277
388397
-124838
290244
-640866
168748
383530
-819537
126147
837487
548398
-151243
972307
762313
-157449
-719940
-745338
-417712
898099
760521
747192
-697288
-765911
722615
960818
146227
-934968
-488575
158747
786921
-878603
-177609
-599806
-83091
237187
-903773
-747732
529614
834439
-734282
968425
850950
460723
-768034
708794
-995747
-88443
869019
-77330
-800464
-862677
764662
502644
-840148
629696
-533712
610015
183184
628664
208359
40937
-521059
516276
-95428
-671945
57865
-149354
818235
136367
370698
-186817
8770
-677293
-345795
-85638
-666278
-379960
-883881
-608644
-755364
-811229
133469
-679683
836049
-193906
-648293
29484
-695297
-297899
-989991
320995
371186
59981
-444799
-695253
-379854
-116494
-974676
-724898
-364102
972994
-358083
191734
851011
-380204
-415530
-386601
285563
-502408
991490
50
-841286
295110
916344
-149288
-241256
357780
-912517
-688173
296014
-952996
412195
79801
821795
143456
-635167
-314616
748859
937106
-791197
44262
635572
-360424
540800
365765
999726
530180
-219924
126272
-332823
-935212
-826651
-414350
-291051
495941
-960791
222175
300590
-716450
-739553
694147
-395684
702113
464724
-996152
413267
-838597
-393108
692521
-334368
-190962
-152212
840905
-885574
-837557
-258698
-951336
737456
-862305
29092
66828
875108
172086
-549708
-727710
472903
-431918
702485
-567419
-223396
-243455
680506
-25932
-136228
-561384
890737
-739350
-180443
811129
24126
147668
-640206
-489256
-394765
-906040
727220
-739904
740488
-154150
446540
-867050
-745376
179602
935116
435038
-379387
-888116
141401
47572
108239
-290599
-685556
847287
-60318
326401
153873
48871
577307
338036
251250
-554716
-403390
688722
551589
-277696
-951625
772257
348016
660002
110180
-148090
86232
-506119
-485191
19896
161098
71707
9061
-322344
987835
-372352
-503055
-443231
-625727
586561
191970
574470
167526
-669478
313791
-351420
272081
-729742
-179557
-308314
75309
-72191
-337965
-482187
-48579
877519
-346609
-757313
260709
321187
-609231
863875
-112289
-635665
-283291
355608
98156
558699
490556
-289035
918504
641361
-484257
-512872
354262
-388451
301290
-49188
-600861
-805574
554174
-279422
-155286
-101501
818125
313432
-671513
-541216
-939438
-316311
-93844
-510658
-886584
-813693
952317
-510778
611827
420594
329874
-656158
-508567
981716
997942
-374248
5175
795335
-159465
417482
636500
87413
84110
-959672
-566460
914343
639732
420978
-880076
651067
231293
-209654
-487186
788734
917899
-905037
-83280
445371
-950865
317801
221356
-138396
-577079
508063
-941897
86503
-281295
-940533
539012
568350
-173311
903760
-253084
-451444
-684265
-189144
-824523
132959
-582993
815209
-675048
-558742
-442589
572249
515001
-658405
861578
270204
146368
258694
632296
-524051
-455467
4504
-546100
-211053
279015
140105
795173
-265613
-833509
673241
781143
104711
-594240
101779
794156
530648
161875
-606120
484837
-436630
-364485
-82038
-509818
611359
-403625
-863617
-839166
-64314
-833782
-58576
-618658
819892
-861891
-37140
-852271
634497
-918769
-979104
-945468
606458
714569
658742
-603546
-923281
927981
-953086
-209564
861198
-19767
132846
997311
-488323
990268
785005
180306
682084
-893192
-675312
813332
579899
790045
-296503
-440941
-698029
-444182
535393
-622746
-605821
-186723
462991
988462
688320
28525
820479
-233538
-375256
-244829
62346
-378323
-374896
135579
-754618
851289
850111
-727545
-336434
-720808
-862113
408316
-972426
-991845
11103
-9649
684013
-418314
32107
470781
234688
932582
993505
-523320
-156694
573970
462259
538921
434693
647238
-851262
909408
723523
-694056
-181612
643897
975315
340234
-400020
-2258
-405791
285387
114750
879756
476644
709660
-568594
-621415
206155
-825358
97164
-314693
-532638
-435069
-10393
598323
-341604
-14579
122234
-810131
651723
234923
-764019
533750
-214547
596301
382171
-457822
920169
-478299
953277
285795
-194728
217818
900855
449965
92249
509017
896503
575237
-710070
-266267
-246395
238039
-267549
817065
642678
6598
572500
576181
-757054
300666
-405633
-972282
-929868
-745946
-714109
516472
-602376
14512
599232
630451
874294
358572
25288
730502
629852
-628156
-990738
-480056
-780004
273332
106468
-786611
785735
-792177
-446893
-110036
62189
-526108
-127948
536441
-510219
-928955
-65532
975824
-307037
431138
119236
-301659
96804
-181933
-198180
-205288
578923
-251544
508890
-815681
-565682
284178
-633274
-263618
184583
-718175
169712
602351
-34650
749304
-850979
386037
-797562
967473
256733
-299105
-804091
-130521
-198490
-55134
144522
-452128
930172
-790300
-6108
280502
394116
918050
594024
-162606
-352556
-797412
353000
-253648
677086
-183367
608140
97146
-185174
-947958
-824533
970058
201967
-712882
44286
-525373
221320
185323
335042
79359
514694
854392
-982938
-274288
907059
575017
680441
963875
404318
611490
587115
175337
958276
111660
-599092
601849
981503
104751
715993
-46109
-447313
648985
798505
775701
419183
435473
610582
370394
-383343
-220428
360313
-819288
231073
122146
-664607
476747
359084
143279
-509328
-459288
522455
-134521
672936
-321835
-899831
-670769
46236
-851837
394670
-853915
-153366
-814413
254283
937644
987958
881828
92927
129934
487967
-316001
759352
610304
203576
830860
246997
-188212
-795760
163622
-758163
-234388
680906
97454
-821869
-182897
652835
-343877
696155
621163
268425
-733417
415447
847581
-412006
-831601
523848
-668500
-805405
-361365
-16832
-308460
-373440
923810
550243
-327628
-371737
-358358
-914224
920007
164090
192600
633729
332972
545423
-240651
478032
-889708
-156615
498703
507705
-985911
26049
-229793
334475
-656051
515856
798037
133339
394252
-354374
552603
872096
-390933
951713
339302
-110821
535257
622927
-878707
353106
144996
244143
-580133
-106576
602740
845954
752236
-956639
-930725
959521
-407174
724340
-105456
-904714
-857760
-901017
-387214
-555171
-198740
-12315
692390
-637169
281762
180723
-454471
449079
995146
377185
-244363
901919
-661072
735449
-143297
-365980
82649
-579558
-878338
-248931
-747211
266647
442217
739262
-652777
335066
-140894
180900
37443
-27246
-468044
-285350
671947
-408535
264318
994805
-552248
884392
131768
888618
-211327
568683
309565
-18015
-656233
-665159
-461319
377256
456389
-390146
984026
670440
281320
-932232
57581
34741
-89290
-116383
-21363
617653
86212
750715
-369216
250688
9252
232487
-312265
-85603
436085
548277
-730151
-819120
-735302
-112205
733735
230099
-144382
486232
89977
-748045
-351807
212131
150736
69857
-193650
-551005
-254808
888315
356429
-284249
-163877
468378
348729
545323
422766
-716570
-627211
622588
655903
984034
-769725
-92059
501356
247607
894091
-286554
742314
326165
-161337
-462221
-942180
949109
-304890
-594906
-220155
145785
-209893
2476
947538
-22899
389038
-48703
-764708
-994717
-686855
491858
754049
-419056
992025
920597
-979316
425047
28341
398381
692370
842201
-669686
148280
-64746
-678920
-266944
968090
-411212
593093
223345
915962
-834402
-938253
-333752
834279
598743
-215327
425802
-749061
372217
550394
-925295
921099
477356
-802884
-325773
301340
101239
-578581
-35708
832662
-288570
-640304
-852960
6516
367400
-669746
-543060
-401342
-143866
-818768
294868
891225
531121
405254
929537
-599474
-487439
-793787
637891
250021
628031
-808409
610813
-927866
-402123
-626812
805973
256418
725314
920077
730029
340085
343578
-530268
968873
400051
-55418
274558
-449269
529432
-988376
607343
-300939
38277
-57446
738142
973217
531601
-349164
352104
-694943
825108
-192073
421547
-966565
-311906
-609019
-633711
-437235
639090
881446
495726
-88725
-194476
-458263
-470295
70360
-286351
-172713
-105208
937885
-153756
816634
189650
-180532
-775388
978285
-938507
450848
-88349
912879
-185467
271991
918537
977835
-33124
65605
491264
-515820
-406663
-9492
141080
-30533
-925306
778089
-896799
-345628
474007
-769863
-603459
-49076
624893
-949957
414842
710003
198481
151710
-224613
-662815
-79640
-463491
926521
-348741
115396
-746817
-715705
-676094
555123
739582
797821
636425
458083
-372107
257177
656834
110975
-153029
-567617
889439
-819359
-235213
829342
135662
518440
-123790
-633793
748276
235511
804201
-928780
689175
-565698
-216699
160737
401327
-924563
-139250
-400876
-21266
-412732
-479604
-5191
-981689
648641
-946900
521507
339548
244143
999741
-604811
236699
501177
332577
-181360
791600
-309494
650921
-784061
566255
-780494
63849
-466
-962987
-949077
374749
-144777
-254019
787538
-824734
340219
-469093
-741624
-738074
902304
935444
-356503
-99351
692659
504722
-191256
-827607
640468
120152
750098
-914750
-886968
50451
-309589
332022
608479
-981983
356054
293212
759640
750705
132401
-768360
451110
3469
-211729
-194523
-403908
869926
679095
-320210
-954552
555507
-913456
-745200
-339963
981632
696746
-395286
123065
771529
1124
-125943
-778017
376350
565545
-519299
264323
375165
159989
118570
697009
969827
585023
684364
394750
523822
-591598
593350
537348
3855
-313419
15085
98019
-847873
-632703
715144
-937152
823981
-186907
-793630
901529
-538256
-554425
178088
771838
572639
120542
-835470
752596
25780
352821
-873383
-353163
-770657
412751
-559468
-450206
-884998
331121
-777580
-199343
496974
81607
629971
833691
-536856
-837300
-815172
336500
-465444
-879761
43958
-420724
321126
-672906
255124
367228
-742058
116378
482400
922437
-366348
112432
163757
-846079
51476
-8137
826846
445849
46361
714420
28622
-376902
664197
-761417
-933110
363629
-20190
-94206
920229
944694
-608938
919543
875581
-617899
-162962
-633316
-748405
-822052
-131845
923454
-399706
-526421
345748
957810
586878
1136
660374
-815124
875327
707729
-843865
-394358
425434
369568
-366328
407584
-300788
-117007
539120
-422176
-632834
339630
-472557
-596878
296529
563014
-16486
460715
981375
-565831
-575767
-270027
-861320
36904
-154926
776500
-212483
195141
930346
759594
-163035
-507411
369097
163096
-258384
-683017
965234
570189
-474185
-483943
647101
347668
295046
274361
-506461
-263104
546184
69862
-448900
581194
703848
986678
764880
-474906
-329717
-297568
-610824
-254297
-131993
-890129
976038
965264
-454135
-109878
-860192
650739
330945
-971221
772230
-406464
296687
-597268
608408
58018
-265473
-313072
76347
-565948
-375260
293424
681607
865708
-497615
-136642
421214
-341160
750298
-407563
-978321
83423
434051
597860
-837047
-738144
611549
-674632
421276
464810
-520915
-451672
129865
-572295
812737
-8291
-784319
394885
933287
-155266
401935
-537508
-294165
786213
357236
-527479
35207
-484259
-753167
315869
828287
-321732
778551
833076
-97577
-603513
462306
690891
-976394
19372
-833138
-84848
533106
282806
980750
544673
-822685
-806627
-497711
-834178
547199
-102240
134045
358567
952114
348594
-447091
-459030
-510376
-205104
-384325
-670743
750201
774493
511317
-969460
-99596
-908170
-343523
-347429
-193943
166979
403754
243654
934988
-448190
-581679
-924623
393326
-339514
-428343
-516302
-964129
-241617
861207
-654050
729573
-868649
-548088
816886
35025
512191
759944
970053
-652768
802381
74125
-695739
254887
95400
287776
-801638
322415
657027
-891725
566317
-79324
-650138
-35483
430238
870496
763227
-611121
-536391
-176499
-770624
-87329
318942
68751
-602732
61712
793691
-499839
-127884
40721
445769
232487
-567126
-18687
-560791
255248
337614
939545
119057
-702070
702306
828797
-954124
-919831
-523242
-877421
960433
-204780
286663
-85670
942016
329413
196838
557279
-473821
-955206
917860
27442
-181112
-321283
-858844
663308
635998
-442494
-23031
-798411
176321
-316126
-874459
67495
207190
580865
146390
-795932
6958
-235015
153653
514768
922116
-633352
-459687
-872348
858707
-467711
-492100
-777342
979925
872261
-791445
278390
-257790
249440
-161494
-833825
-180715
-607046
656549
487409
-515239
-898095
-982832
-975271
-881798
423048
811590
413661
-312028
510379
604041
512926
-34535
721958
223891
-647486
994866
-914941
176500
-269426
310848
376878
-247457
602764
-16983
-869477
-531887
-240502
-884339
-721988
-942794
802546
234200
-230781
-811768
79411
917780
-102890
781236
-166629
100044
-856289
156819
-810936
632307
-495965
518213
-134631
-310232
234409
-142475
-460675
-722841
-139023
-762702
677954
-954745
-596871
-730151
754149
625483
82656
-736795
-242708
270519
-161872
-360753
969255
-138149
6284
-132478
147965
-675495
-78295
953794
-935720
929346
532025
473933
-484491
311366
667427
128344
148804
-879921
-418707
195596
-943824
-971333
929078
948389
356744
-432822
-528499
588709
-181918
-429797
596977
147855
-169927
336472
987731
460514
-120602
-768652
-539851
407962
509316
369576
-344571
-870632
415654
771218
-370417
-180756
-667722
-492931
-393558
-154905
-969710
-860611
820906
-993732
249998
39420
471454
142318
-424871
-724079
-623988
-790015
-506011
604965
457698
-264943
-994991
-7871
-619027
-82601
-234196
-633152
-273747
-181261
-258236
-443965
845203
728900
-586122
-460353
523744
-979795
-610242
273475
360086
339041
-793867
-970034
20919
-496751
732469
-851549
555467
206338
-474166
-195700
461356
442634
-56799
325215
655866
140284
469386
-628238
553594
632456
229755
324246
-388712
941043
387120
516772
-556645
-947978
-175108
-394856
32016
-887478
859643
-90088
907391
-439807
-75253
629681
106208
-710198
879239
907727
911466
301830
-40568
885709
-472374
618947
-438776
-164630
931480
39878
26850
-482625
-290410
975630
-15043
-867804
467572
-342651
-482535
7596
36437
-711654
-884504
422452
84464
581103
491587
607964
392855
-918312
74133
982737
313034
361491
751913
-987513
300318
-865413
-20303
-31623
60711
-227286
-232328
908239
-862154
993606
208371
-79168
61553
-35651
952336
550373
-470265
806717
314208
476826
79370
14663
750255
341862
-409538
31836
-205359
889670
145041
-523400
-708390
496480
810537
-166062
947580
-968627
-231107
-216100
993739
818192
-816496
193537
-997981
749213
924359
362538
-13071
-967058
-716938
-487344
824170
14288
110601
252194
743706
-512891
146757
933567
-411173
145059
-130124
-630453
-689245
-966864
971079
-929474
658009
676918
582506
-72358
-168414
-326016
169898
757190
-800235
-599800
-475723
-331688
58053
314868
-114041
900119
878437
-729560
484978
-117010
-941340
-987137
129097
-21926
903477
-34327
592269
489894
163374
444299
932163
-754128
-267739
963447
497118
806053
690776
-726963
-474632
531575
19786
-518039
-234160
711710
-977147
673711
-613573
220418
-381684
-367419
-186799
635103
457179
-582908
822064
488390
298
-783780
-79999
161249
80403
320024
-667211
-591357
-129874
-127401
425777
490175
248325
717108
176110
-649362
429009
303270
562460
964658
261457
-662968
-288442
-811297
-978090
-210059
585455
-285579
304448
-50043
-916314
-573960
-266475
917114
996645
-161627
874100
65091
200619
-469946
85345
757121
992821
139878
-735261
-403954
218839
-7404
29473
-839941
-542172
592135
155440
-168459
826756
459744
-971341
898261
734900
834545
-624629
195479
-419146
754948
-772447
-526272
-25844
-935798
-831459
-158945
-327317
-257512
-50696
633593
311287
-441901
794291
6875
721569
184910
-938964
40214
482636
302017
-502944
972410
-574649
-512624
1964
-870248
-511360
577401
196896
756694
272059
-266661
107976
-735245
832702
-464159
-176258
-159190
-628648
-85714
-765506
-846949
-421231
785760
280741
-414731
-905304
294244
-887673
470588
-68085
168483
778750
239739
-846218
553463
930737
-469496
-343416
-511708
-793242
-880926
497819
-794819
991713
575612
162867
446672
-577046
-226391
294072
59095
-875861
52303
-549061
227340
912157
257837
816238
231759
437275
352654
-593739
-517638
212447
-122604
-214904
973478
-477854
-772261
-51062
643447
-929204
672206
-795505
948701
269823
-360694
-746464
-933259
539621
-270114
-738297
-341737
810081
44572
610108
757244
-805675
583366
-241831
-287340
-864202
-340922
431604
229431
-469902
462727
138466
-217030
-394614
902971
842656
547299
-990861
553731
696875
-684987
670815
949983
15866
-594340
-373811
618476
900517
99856
-745839
972818
-235043
326826
-204614
-562211
614307
-627835
-776955
93470
-984463
427930
-593089
-368658
705212
665165
-468730
-284984
-97312
689734
-223001
303083
982892
621956
811496
-437194
-925412
-479222
903633
-621164
-807926
12474
298155
-659911
352063
935043
-556049
-352836
-147398
888108
451468
-903504
-624339
85682
709451
-293936
-736034
-599430
-901392
517994
-753060
-419433
-726728
-363829
707020
-983644
526049
-438663
738549
-490689
109522
-555540
-22373
952986
553750
-268783
853176
-579794
223980
-441720
460704
-348530
-447829
448756
-655301
-741310
930171
854664
-517586
-52785
167713
261293
97064
940400
-409517
595032
-512393
-346629
870409
-758657
-234319
238979
-903910
-461602
201170
-388926
-856026
-759497
-827518
-135222
569176
96197
-588306
-832800
-114150
832388
-341458
650268
278824
-692176
-742935
292863
600574
943150
511431
-520275
36457
740407
992333
-492209
147447
843537
605846
-259704
-343701
-431118
295681
897744
-198195
-610570
-124410
-973732
201772
-373590
260353
101562
-695141
591704
146301
860834
849870
-89674
-434953
202969
-624334
55923
941171
578823
-406613
820838
-422346
255338
-243028
-594034
-844400
-23638
-193387
760252
-143580
497169
-326790
2099
664380
-661858
989537
727767
342907
943370
-967921
-967687
691634
-321587
-528625
514569
475298
530581
-473342
-586579
563484
-109591
57887
-115275
-436241
-330152
94302
-789043
-605991
-729912
831162
-773529
858646
-385721
960887
458516
731814
-437305
852815
-136383
619018
550411
-840461
836900
-632913
-573508
85802
-340833
471410
-423979
-437923
255578
-301879
-878013
-623018
458424
181859
574923
-963119
6384
-781888
940958
-605564
64429
-924299
-36466
487717
-315632
-203460
488559
351201
905493
-192521
-134853
-998800
752546
-618567
912672
-86934
-242280
-729610
739456
-897448
-247575
104146
-139467
503405
-430759
-419947
595673
-942842
-433509
-886260
699506
-850862
876711
-956087
282266
-146895
-134412
-183719
497516
303375
642707
-395935
710895
-427591
-255451
-693857
112553
616429
-690565
-413476
-78755
724685
-596232
-71767
750734
674485
-384947
643968
726235
-904186
-153116
-776796
-727826
-229746
-684543
686395
637441
-701148
-188679
-352676
985107
387117
305485
-593482
832931
-290510
-365253
-633247
-396873
-454520
-446956
140877
-812584
-518881
407877
-173901
778680
-668267
427604
86963
900625
16306
351707
217136
792205
435745
-964954
-845432
504755
-362612
925723
-784604
-648716
-403869
-416773
-976960
339608
994880
765015
-934669
669182
-697648
259719
233451
-960279
-418710
-64435
-846876
-452861
-824401
70714
-6471
-687585
-191876
957995
638927
535610
538360
-830751
196878
-871103
-689783
47497
-982774
-92181
-346274
-769351
597826
523987
41288
-640052
963039
-806872
-228405
-419088
-701538
-178514
-981723
-495348
965007
793366
-682067
364490
-325093
-327701
730042
277269
172654
-181446
-364865
-442181
121729
-303527
291735
977821
-777029
658837
566250
-865144
891671
-424220
758083
731851
-799690
-95471
-838244
229306
395017
-932727
583990
-171286
142726
881051
-179771
-297068
-93238
994425
-831923
235064
-764122
-576391
-7136
-203431
286730
36167
612512
-152585
-223687
728933
-740726
-766925
-58082
849135
-984530
-11652
-664322
301790
-618454
811197
-146748
310645
-84626
-961958
498931
-445266
371471
577752
-198553
-916782
346946
-320791
42138
-364903
878098
103992
496183
576295
-168094
301191
-782240
783355
-925490
943103
-340515
-655353
-649762
175510
-457798
-301130
604508
789345
511437
-326566
40811
-418033
-95619
889672
587571
-74347
314398
512312
111067
-720781
-792881
628441
-105165
-114474
55010
-112813
-900923
-135760
-161527
-817001
-894216
-691357
-281683
-126339
9944
-580666
-109913
538571
-658202
-299725
-365564
531014
-285375
-999293
934720
-600660
-700780
-169508
-540670
-358254
-818814
-964260
-82789
309337
402260
747913
-277508
-543003
606629
-340458
-623510
240991
-136133
28244
-843312
-318006
-3598
270123
-96948
96874
751197
983962
-903075
-25519
393693
717892
875246
-687540
-746694
768697
87752
-819127
-629540
-349290
894804
178020
880896
949086
72533
818486
-505669
687585
-793013
21441
759334
425416
928601
-877360
-142393
548268
525648
-802602
490592
602398
-518729
-889177
-245832
139575
-982208
13681
-90007
622728
-461796
-838318
197052
83191
667113
976175
-992006
751733
-406143
-196661
967786
712836
945377
953442
901397
265649
302261
-278760
61426
93541
722236
117232
-624093
-831176
-76046
-53072
931597
58225
-26025
653981
-930084
-667088
-785693
-959467
-207998
-175975
314721
621207
567921
411764
687895
457041
-943981
30741
-213238
126082
983083
277061
-611901
844107
789171
574271
-525833
-672433
-30158
-381238
-978399
423539
-968709
-211324
-280620
174895
505866
-724896
-53312
-526271
-618708
-210078
-31072
-140507
888587
105739
354172
318656
580507
-379634
893258
128195
-20673
408663
-553141
498981
-338205
-844670
-290953
-218584
-79333
955992
-720948
-397723
-780110
-994590
-291778
979796
847270
-96237
985993
644739
-784161
-894336
-186311
861213
-768137
-490604
-218471
-508836
767122
556684
20214
121069
602117
468886
-698506
831810
363652
-529172
-245076
-647486
365578
362162
781359
676827
230844
902890
441146
648929
-143112
9044
990365
57107
-931399
-406447
-276633
-335592
728213
81327
776693
-735649
596630
260270
385073
-437931
-493668
849274
776040
70586
49880
241186
921472
30868
-989650
972127
53920
-168253
306411
-590272
166468
-949901
-58061
-259566
-439156
-840852
-890423
-376676
42472
170422
719268
-438820
70601
-303240
413119
290283
483125
750261
-64402
202897
342262
189963
-80870
939113
276035
547275
999135
379042
351221
907845
106430
647695
169120
-514814
-594744
-897317
809498
-804934
292738
-845992
-807969
481372
587534
167739
238297
289355
103530
999066
-323650
265024
699104
862227
718732
42236
-472187
-230720
-396253
-551250
871746
-144082
368969
992579
-816252
32932
-966926
580840
756726
654935
-924418
-708112
-868599
160829
-461614
804791
-627110
657340
524405
798735
-893745
-23543
48065
194411
635845
299697
282419
-848325
-913785
882758
778597
795140
-966977
563637
18380
-806037
707460
889552
547762
557035
-535461
-474202
-241148
135022
943911
660689
-26551
-236300
-989995
-843282
199196
-408822
849886
401526
-773579
182226
-22914
-71893
636507
-148130
-871342
-171600
686457
498487
-89345
-168459
451136
-980890
973954
318207
-413062
388397
-830915
346985
-207363
98793
768544
916620
-850179
-673029
636280
-745796
-972517
-949091
-885434
-247453
-739001
-303144
740154
-639561
-167110
-835601
-161645
-663666
-724079
416337
669585
317028
-940983
-878445
-626960
-668724
-8566
-255599
149990
890386
882221
-336901
-845076
495755
307834
165291
84779
914926
623018
570886
737353
-722346
-110720
489730
757677
-507467
977215
-87744
53141
901743
-401071
131028
967358
-181943
-876403
597728
70314
-684271
-895642
532917
-249462
999481
335413
-26668
-816931
-688813
-587859
-377028
-385346
292089
-128748
370979
43398
-534734
98246
360608
573216
-590460
-906848
878953
181760
888253
61372
139454
372562
684929
178033
-968049
-247901
725916
410258
-918229
-387728
-946102
-713139
-627457
-656761
228907
-220055
517759
703693
504465
-586492
111462
-639796
-99556
-752141
-980947
-594335
144743
371045
463406
-633216
-985859
393331
-987235
484211
922539
-274810
-755832
435670
304473
43814
-905151
-338721
946986
654595
314792
87031
-701918
457508
-923350
845828
-33325
805637
816938
995798
889189
635421
-35082
-260858
-538699
738596
-740287
-819112
-265407
344936
-95005
55845
-734777
956470
383831
515923
509540
-531721
-698747
-995937
-654641
-959918
-975526
123747
-199909
-351113
745995
716674
-636241
55763
564720
969138
560295
-900818
-351950
207209
-98456
114835
971738
-18740
-517171
-480965
-875232
244812
223027
961218
998624
655875
761346
-996755
803844
331173
542776
485519
668776
-868052
-335742
380341
591409
374096
524972
371190
716420
939601
-476082
255717
-884230
-601815
157959
-292429
899908
-960218
-534769
-723408
170420
-302746
183945
898874
-953770
597973
-892388
-788516
-108249
-594217
632887
-973029
300726
715280
-991165
-787507
578085
-574134
290131
207823
576889
-421492
-391350
642116
51001
-866962
46285
-849906
544403
123009
947920
604562
-266480
983033
837201
826197
469975
-394925
-906369
-177660
-772427
-164400
47521
-457878
-20735
-378780
954567
158222
476792
89378
679354
-414362
928068
297567
-968353
-157439
937809
-822576
577845
-253622
667525
-810054
-38137
-929545
924717
101149
895385
-383935
532671
-13829
230306
668956
207591
547616
-686526
-912216
577020
565017
889834
-304646
-586710
-254060
974740
975368
-998613
365933
-236980
243727
461344
830644
-326000
722455
-155190
624834
-376301
-885083
-366232
217724
-610518
-479748
297471
-365465
-39266
864668
-507327
-228870
-980599
-185904
-806942
-510262
695141
-37640
19863
-863305
191669
-14156
-712956
-365674
692424
642506
-762618
580518
194266
559864
-198894
173206
57761
882626
791977
-475966
497514
312440
648314
600375
-250865
704302
-476197
-963160
-532882
-174924
-402407
655551
-250464
-26154
-866454
363285
-947759
500963
432329
983474
-692453
-40315
-593459
976201
-530177
-863760
-545367
-473018
237687
-270761
427399
274072
-278642
-253081
613955
938748
988049
-350017
264822
-193633
-599431
888262
907936
-558356
306580
-940712
421644
779281
-174577
799334
561197
-351259
-341556
-492312
-434425
-808039
-655297
-504325
-129257
-117759
-525087
-493033
884393
364614
193405
611694
-724486
-992208
-827468
-584095
-866136
-880414
314402
623607
675122
-899134
315580
-439134
4419
460766
-941105
-727588
212038
222668
967924
931967
-135266
-712928
483457
-816218
47317
589746
-279036
26809
883289
-835344
210134
860834
640963
-359898
394359
-202858
394210
444752
-839922
-191038
177498
-63412
-927868
-837176
-568061
481428
-363075
810620
-872954
234101
355628
-648261
-83948
742867
417541
-505607
-365502
-775354
275015
-770537
640589
-933545
-252117
228780
-556388
-522648
-329912
-515469
238365
263270
-222976
-455245
225343
187469
474112
-432998
-482006
-449453
697514
-133828
-381631
-513450
-459761
-841004
290421
343500
-174875
987064
131876
-401169
-915876
-900466
-779284
-707720
-291294
-212427
883229
-905479
710989
377833
569576
-349529
-988162
-907001
-769072
-680591
-718197
961766
-185587
-466395
757639
269866
891888
773898
-201571
691553
678431
-362788
-331679
167700
140396
-842791
616817
937893
-126491
885858
-21065
-200016
-621580
747302
89897
486973
541144
978671
391146
-410208
-153375
460989
406668
278086
230411
843252
-899452
229845
-829139
112603
-134572
379285
783842
-212759
776513
669144
-960903
741957
-51268
216573
709388
661040
4230
129684
968849
-752230
89140
670992
706511
968761
-928052
425733
-142906
279006
65440
-141768
-373196
170145
362417
-667748
-437722
-204275
706946
178252
-183619
-181247
624691
-845192
-133878
-756344
300439
489246
668020
71288
96859
-258454
-487901
-240139
3425
-588960
-741327
823254
815317
-185492
492431
63037
-657207
-377076
398102
179556
-880126
15050
-91710
-190095
-443664
744725
696636
849192
-962966
-400855
-707641
913826
-678135
914266
-794785
490475
197184
-597240
852006
-330151
560684
-161323
24032
-95493
948921
871592
-852188
-116910
-835823
851250
322871
834147
8081
-664977
-307725
205502
-267880
-813273
349753
-289550
-669876
-339059
-489371
441370
533045
813796
-394268
984517
-464821
-512606
542378
688559
-340109
-491950
-30969
173584
468427
-153917
155253
971889
-788874
385395
654782
-941476
153714
679989
22060
739824
-871305
180694
965612
-416740
-634162
24385
981968
-150579
795763
-912390
-566816
-60798
189840
183144
-714989
-770549
702144
381492
-691906
-876496
664158
-984806
895007
-595996
740623
678545
253855
-318908
586733
-303184
-102263
-741801
891626
523499
253987
197296
186178
279739
245145
356387
543231
-358289
-735246
-509783
234163
527059
625429
789123
263060
538686
515322
433976
511553
374725
-910428
-323682
-226084
-281698
34372
746097
-499425
-973510
685002
-776808
647302
101304
-439759
557728
862293
878590
-369525
-434308
864511
-82283
-361172
477645
318824
929159
-199690
660568
-398741
-452117
-207318
-753567
-435726
-320760
246812
885198
79488
741891
-552732
-220399
-932293
-825587
-765875
-214848
-399305
131459
185975
-865344
250340
118540
-123354
-98774
185803
-464340
965549
219701
889661
-670869
-313236
97138
606781
-754874
-121617
-668831
669915
-279689
975985
703759
691419
532610
-892186
-322840
-398057
-954694
483528
617982
-651102
130186
-77648
-523964
-139343
-86240
650436
-146011
-507507
-105044
729374
-609973
631278
216654
-877861
26299
-4997
-13909
-584081
945549
694282
126576
-289164
-740278
-103914
800421
29159
-395889
189286
-142514
616336
902370
132637
-229339
355805
-961897
-397276
263391
914232
-991979
725482
641426
-287118
361551
-801651
-465116
-228846
-634228
263055
180039
-97655
-668007
420454
996700
-50928
-629568
452733
-700532
-435827
568377
-16433
246125
749016
59906
824149
-153612
159907
531014
-419049
626470
695567
-431031
550084
-650939
-199941
155184
863532
761492
-953479
-632456
655349
588180
-584914
520946
556933
405585
290443
-98984
-837997
418013
-320007
-604307
-893730
-90399
-721466
288562
562297
-792262
93679
-832217
-694767
-384667
-161706
-570302
800403
-547900
-181750
963009
151657
52854
-912352
-555239
-957446
220822
-884176
-457836
873133
-343464
230382
820535
-384934
52836
-907544
621237
-135960
86984
49310
-107806
265126
-725782
-242516
-825324
-956444
200245
503077
-733786
2123
-160117
800
465612
240220
492227
13569
-924805
660096
-936057
493498
413361
39920
150185
833084
661194
-449142
486117
644950
885521
-883833
-981
-673408
-762458
-768315
985578
-472473
-66300
-349528
-864182
678334
830859
653299
42708
956066
-648920
-633577
-955364
-571482
-973395
377838
-687050
-277002
168233
-833364
-243041
-294547
352564
-834068
342374
-131597
-267349
311883
-192559
-140483
-742496
613496
659584
-667972
-275705
-187952
608064
-441889
819306
312589
118019
-208190
-822519
376570
-400856
-61547
-999010
444471
-8429
728730
-769994
411628
-381192
-302487
-463902
947181
-702239
471420
374201
105223
-915873
276861
-775863
-193171
359498
-655342
-730017
688221
-668296
164927
-274505
373936
-221638
-676397
-434081
-499581
-517142
950293
42107
-349540
683884
234896
286641
-244498
402531
84521
355766
295730
667537
-479553
437232
-646478
-315465
798289
546040
-323160
90721
-791403
-278742
824810
734931
-671144
-472199
698035
-249776
-452945
-952917
675530
163717
147246
-756953
304911
-130000
282881
-239280
450148
613482
9194
752718
979077
-719723
744496
190471
-283228
883493
841634
-165232
392720
257701
-740409
-97135
551960
-950283
-645844
493848
-186021
809698
301934
110051
355409
362688
-615377
-518089
276156
-834483
873763
-742763
-210682
159488
-284595
-779694
-292289
261556
546252
-137747
350800
-115413
749564
-418372
-25888
-36087
516542
246367
265932
-545504
88075
663166
882167
808222
565042
200905
-969828
-623138
-121144
661632
181487
576460
-574696
-332642
-148031
-431807
-709479
162647
493153
356032
440759
610613
-881009
-989733
883543
-680674
387676
469859
974710
901715
-453503
43631
82415
-673270
310851
206285
238358
618647
625256
512211
-958436
-19805
-586201
20033
-464580
-578653
-333796
451811
-411474
429065
-332104
320797
-275054
484358
478216
54173
527822
-752471
-745649
-348941
130760
-863903
146343
-948973
-117566
-686369
161706
589753
-659638
874999
-685039
-853985
-607703
109932
152472
-406507
-136569
-896284
493325
-908970
-856193
682941
-897817
351933
488529
370088
775342
-152582
-146142
422959
779849
-998634
-19035
-642235
-964034
536055
-782103
-485192
-908289
370944
-412455
-975220
-79336
-996347
352520
355551
-182895
146839
790377
-184777
836186
89257
-72126
478026
948642
645740
-603796
-87018
201879
358455
626182
-721911
-128599
-296543
172956
-685944
603753
623281
317763
270701
-859568
-517338
70821
-41751
-588638
-729304
-901561
582726
596423
-926424
975621
249254
-291539
-367190
-495241
24101
437026
-640866
-90710
-393777
-425170
451453
266522
41669
102905
-618805
-403840
188562
-157823
-833833
707878
-688072
-178303
-766570
-965931
-270616
-153949
-23773
-353817
-691856
-24232
688916
698186
373884
-903787
251912
131096
-143171
32004
535220
-943165
720435
848479
632193
735211
501813
-570192
211202
-865600
-260020
-345644
-933920
-750807
-635523
-574594
870708
96188
390340
678437
-248869
-443019
-328993
-848540
881101
645227
-295651
5432
-894160
-496161
133119
340930
-797472
98395
-714578
-238950
-848046
-856022
972867
517718
-696375
554186
677773
262486
-575060
876067
-237562
-724112
-353597
-946209
-310217
442822
260849
-263809
14724
506498
71916
273399
397299
-605665
-904956
-256849
-596685
381345
669311
-648833
461813
-395964
668048
-383449
867917
-846424
-393807
260431
989379
-919798
-347094
-285258
-773021
-613798
187516
-842251
-794692
518149
-808669
567949
-186882
-449803
-379775
793238
431602
408336
603354
-338709
616674
364926
-76608
136503
283171
567001
766284
-523694
-703918
-338730
558898
964485
492411
402770
403217
445394
-616602
-539737
-427280
58657
-92332
-431361
203285
-561677
183860
-947832
848786
-688835
-843475
-457883
513582
-565437
772280
-499682
-507223
-147711
-463789
829879
877084
-180318
215346
71474
685297
-129968
880419
264545
-890297
425050
260124
410001
-484089
-275537
880220
625297
285602
-251102
651689
-216654
-773180
894017
694545
-888579
888195
-425165
518149
640250
-942890
-668727
149043
613180
942838
466082
-72587
-242052
23428
-951456
90684
-760625
935779
900281
-949724
-500335
-630127
-246124
771184
979840
-494870
-269162
866249
384942
816249
-554439
8513
694336
749803
850296
-800573
-907015
768375
-734605
-116174
-795388
436654
691989
-996074
19024
-297979
-406166
-259911
863539
-953137
-85943
782683
-635571
-820721
822273
-46558
947115
788167
966280
-519317
314220
-68563
561112
850971
-250359
-891738
-375845
419485
179874
-338403
-375491
377344
-926960
-262684
-909446
-752322
848992
543211
-213440
-239270
188099
379793
-595132
-397432
-407027
157626
-17632
575185
-694399
-682002
49847
-952966
172743
199033
-972012
-322812
-321440
-593377
-843735
953535
830096
242518
-770322
775548
562118
320660
-375092
-118580
567944
-973380
-629299
751953
-900455
262780
-138797
850719
726124
-883245
-183855
69676
849272
905319
-606487
983272
-144222
-653652
-299890
718431
-49459
96365
563448
-869877
362005
-100550
-697852
-432463
-661422
-844237
545345
-338588
-345513
609711
-378203
930023
963599
80246
930886
12038
452769
-537877
903374
182453
-247003
-200040
-867844
563307
-439807
543961
973672
-694129
107525
-304174
729358
190658
-206144
973681
-53840
-924424
667677
-861131
852865
-207356
192830
773562
764898
-276560
13071
-428432
679658
667526
630788
-767866
-429663
-992579
-683618
-399487
-343698
617105
98495
-861013
853822
-173107
-791816
-951500
-108237
402668
-329718
-886024
-311470
-698184
-201137
469145
-997181
732078
-602361
-330160
-55315
600244
-221825
-186725
369836
87136
-713953
92572
-762604
-720435
824057
791162
451079
-874519
207923
-595417
-207468
578365
13213
-896196
-423212
-752266
-591261
-860984
652227
-671512
908421
-892799
238427
416223
-995192
-838287
-60817
-851426
853626
60850
878122
758493
-173398
924101
-908164
-494184
-888823
-700436
-226455
417802
-482488
750686
194117
938409
503974
706676
326199
392952
-618107
676339
-556135
-530349
287474
-439576
238630
-641400
980198
-793155
-668365
-716999
482177
150922
9439
-525696
-915619
-113235
-973768
-704117
-242010
-98662
640203
-536537
77643
208983
987926
-605338
-473817
454723
228447
-410776
-840092
275263
76975
-589114
-858330
466972
-896318
586470
-994914
795615
-911814
-895008
775961
-388903
61662
-894262
-590820
272620
613687
-546660
-550342
930788
874897
-653963
81925
-41948
645567
492042
-122760
-748265
-354010
-698079
637083
-658060
-602225
474829
-821847
-12071
-449904
-972903
910661
516939
258401
-858231
163296
-418212
-215432
-65586
226930
200700
938495
-160639
75334
984858
183562
-504624
-450489
886173
-494606
794844
-709668
-710290
-470096
-163712
324070
-436526
436921
797551
543060
475394
564108
965508
-64377
999017
838232
-741668
-648616
198277
-619475
-176227
59035
-510189
-113760
431859
-549814
-889065
-829640
90476
-220697
771767
-969243
-190242
236647
-409983
580739
-104509
-363634
768172
122068
524653
-824103
-781359
571161
-859189
73566
-797002
926419
-872271
-26218
978680
865120
-823133
-224904
-72549
410280
459273
-848974
91136
-891058
513086
42623
-375105
936764
692450
-447275
783746
492914
-451146
107170
687944
-854561
-801528
-969419
-264493
778840
-615940
-632753
-749190
804538
166550
-343540
-793653
-157583
186814
790342
870188
300822
116542
-552675
-214917
496163
448062
196253
135984
891499
298058
963708
116718
647924
335009
-261669
519202
-466965
18704
-478715
348267
-457762
457461
391072
367561
636932
-88341
170250
-667315
-586757
975032
708753
-799603
363310
419431
-467136
580314
396833
-137533
-471988
656040
803023
94679
608206
601342
-460499
37939
205395
-738654
-190862
878714
782650
-362826
379397
-882492
-129622
-809099
-312577
914735
-437515
523520
-938893
-273481
639344
-742246
-246431
974429
-74235
930793
545762
26452
-425439
-817576
131021
-64371
224353
-59818
-474825
-45275
647071
639785
-510541
-36826
216290
-414482
-556342
-811880
992512
-268804
463100
155203
54353
972888
550608
-141590
-747863
21681
-770178
-950766
-338045
247925
864677
505645
-827137
-370957
-281224
951348
-206301
-134012
126356
642927
29486
-290390
-328329
-607768
-972091
920650
234317
556549
986016
-760765
-516997
-560719
159045
-181639
612799
-78885
-563281
-706117
-910630
-541184
-926039
-76359
-675464
-235449
-532263
485689
-18755
-652597
921015
790693
-734225
-652223
-439943
-169993
-840272
146774
658324
-912802
-870242
-405072
435418
-79946
-743271
-663821
-787461
-363688
-283909
801138
182942
434706
-217260
163570
-653988
313109
-335923
678390
-674880
393037
427341
-263862
-389083
-338836
951050
706817
903452
467543
327149
287106
-238508
-552995
50740
-909321
-970686
-645346
615154
840559
723288
-824581
-77073
-842629
-509150
693604
-284848
-904054
-677831
-22268
-524418
692713
420190
-222835
812116
63895
641821
-192029
823335
873588
835509
-3494
-134517
-97073
-490308
452852
-298080
443509
-465379
-254991
208126
44237
-454810
-775467
859639
-151037
531113
-873642
848405
603658
806265
-509355
353379
7009
854223
-743391
864975
-931864
993922
675924
-481569
-685819
-119649
-627225
67683
370530
-68839
-180174
801949
-492040
-731063
222463
-564726
-603739
-87649
-135538
-718346
820011
340825
452186
-381354
-722903
985351
616767
133632
-916208
-602344
-391466
-634600
448901
715974
-51578
-904311
701556
353245
-161290
457420
304181
-857116
-531500
-861265
640391
150085
-163315
-191492
-349928
414770
946983
271905
-680369
-265623
-373438
-759861
838845
-365678
926410
-993201
242174
954700
367622
361819
552897
284781
-982429
957583
115875
-451138
349716
800613
327170
787044
889408
-168683
584733
-560457
502813
558658
872764
723521
893181
968405
139192
643638
-243499
353793
246762
81974
-942323
179006
890294
-507154
366983
-411468
-709536
-96186
-686406
165784
-489078
770842
-420242
-324744
-408875
-247790
382033
-11547
171109
370082
-307304
465997
379728
-852917
410402
-418582
-153168
-436919
517515
339321
649346
-41651
78010
173127
-203517
-798962
-725934
-878269
293422
798332
-651644
239272
225744
-822222
818147
851852
-346134
359194
138005
-548903
163817
-506248
145346
-398473
950434
321842
420685
-767411
575702
37835
727969
19791
-500149
-704710
72708
-175196
-66709
-375086
526346
825061
-829016
-837716
987022
-448683
-128075
-733284
-305436
-11641
449457
498940
337787
-404954
-260230
897798
146391
848155
263003
-405975
331427
618508
-514955
-306422
-131073
-416323
667278
408576
-64629
592254
-387041
-633613
-143166
-18900
-664117
526121
288137
-113027
-667240
-522767
-155123
322091
-221595
-318931
449480
162057
587861
70951
765867
90397
103951
527013
-981886
211313
207123
736035
576253
474444
-310561
577401
44379
38093
117547
925487
337881
43639
-16613
552078
-706320
-109498
159385
-212292
-58270
-726067
-471968
-759195
-293007
-163728
-619648
271884
211359
-123935
-121061
852358
924914
91593
-313258
446263
-86306
955095
590270
-618153
-105250
-525969
-669926
-484100
642197
-889077
-68852
500715
-449737
639707
979580
-880835
-839986
-139210
476040
217838
96038
-982429
922113
-774808
-427702
135937
127162
835053
-987328
763016
-934186
-244393
193094
180031
-100091
-604103
755430
822373
-30116
-311708
-103199
245824
79247
248483
-675940
-994009
-342787
-609569
-582414
215441
889122
588574
171178
-492438
547172
157887
234802
-78997
-862773
913836
84781
-376040
-746309
-473911
405265
-136846
67589
956780
570721
175416
236683
927137
138455
191558
-918372
296464
-570113
249383
-214348
796341
884298
991649
588073
855322
-110796
-629697
-273059
331778
-642097
-705344
796615
-176241
-560260
791051
-431837
703991
358074
-525668
784368
-44469
985746
519839
963862
-981132
-150669
-404612
-350055
676434
-942908
971158
503373
514804
-562539
-862625
-913533
-128874
929906
192850
308090
-519718
82726
-463951
-426938
-121976
405995
-996315
-653862
-800375
-564887
228070
-931683
-509217
-499149
-230660
973173
69165
41563
-107801
-570387
-165529
129885
745215
667465
-430852
-862658
555591
377201
323765
-853043
-217821
-624308
960326
959680
710161
-394024
356344
-972549
840423
179131
-115946
-786782
136082
176370
424410
471144
-181487
529310
-743771
-116648
274037
742862
-199659
-280370
-588268
439055
972658
789213
-35003
-87805
-870119
-998140
-276327
-370628
-73567
-57136
-750313
-772693
790888
99178
-707468
894786
237065
-211875
-654228
-195049
104861
470174
813940
736493
-802944
-783497
694234
653059
-575812
323045
-723538
-37209
958812
-79434
443170
-474521
645552
-612135
-394105
356305
-540133
-623056
-765864
-539091
-689718
-780224
-849078
-57786
-77970
-670433
-603654
-5614
853301
-166920
-519218
-664154
-683076
-551304
6621
-440842
-969790
555090
-161781
866300
214900
-648401
612729
639785
-367053
-276902
-383022
630639
-416853
-248758
-956063
-779407
-409065
-167728
-246420
745719
-324893
-114351
357887
-626297
165245
-362431
359518
497863
-711621
-879198
216754
-4640
-297862
344407
-241441
-951660
-949565
366951
-466841
-915106
-291970
-397367
-129496
882113
200156
255040
486128
958358
-837108
649679
-349472
-299375
-608979
533502
768383
-487260
14426
-170578
-722019
769788
-216494
-240666
870934
590981
-340969
134892
-799355
-473752
270343
105573
-291724
632886
-778733
965541
666477
-285534
-541218
141845
450955
952134
-40629
220463
-230662
-874287
766424
291905
919528
-658861
-769558
-179655
520479
-689259
-922156
795342
110535
-635180
-906816
-194450
739814
505555
394202
490233
-3751
165837
-236465
294017
-990722
55927
-184585
657790
-116115
462753
-16139
-782376
173348
-92569
-781861
608547
-761267
388260
221889
212298
593312
239024
-775084
514574
-241371
557351
-41087
937281
225046
-327614
340434
-181380
-259429
-562439
36855
600322
175131
-620180
864375
930607
483585
545431
607176
-390256
845688
-854640
-854291
191457
-27703
775864
-896293
646492
406424
69131
-230772
-435967
-116946
158177
784802
-254356
815652
-863338
812346
-194018
-1820
860259
-711371
236217
-342249
309300
377643
-239129
-60122
100909
755168
-944015
-664518
177440
474578
-979186
-702137
94430
-933356
284869
400410
222168
643130
-475932
392115
-641279
-570672
732026
-263017
-608295
-842748
-230291
126875
-638311
-20230
-80733
-680991
-914686
965538
533042
771799
-922083
360191
-497990
804354
317310
-657028
88031
436050
-499070
-73501
886052
444665
959627
166188
59592
112035
202771
-748924
525488
-219885
529313
399407
942682
-294309
-43825
649807
-561292
-892759
-99371
-522950
448143
668259
-285562
-239651
516070
-471858
392978
271187
-737390
820248
285895
-666831
-670209
-746036
-245218
-412057
907572
985080
257347
-571229
608332
-590323
808812
148802
492967
-805392
-302216
-196258
241643
-924340
-524534
-160611
68379
-730580
-766752
607922
-802067
50446
-195382
531689
354526
-497864
-476297
-550569
-259365
-280660
276809
762239
-157544
-748664
-9886
-929426
-175730
45263
-244881
-77625
-813363
-118791
-176351
-124040
-730701
40853
509881
-161341
-863872
-969100
-159976
-620391
614175
-926932
-727847
279141
-525327
692411
-363819
863388
77991
312562
262988
558509
946535
902826
59662
-81359
267625
938506
601467
-31013
845661
-269877
-558102
723244
-588671
-112087
-71660
453057
924662
-948197
-57549
-757356
271570
-912396
-775382
-14412
976856
-790860
-975953
-219823
-585256
903922
-962473
-13285
-247602
535974
774611
-855082
324976
-924610
-952609
-767469
-683103
940560
810907
578221
940731
-134219
717668
-323577
622648
60390
-965043
617476
842934
35030
-253883
-292391
985258
-908278
-83650
437389
-884609
175645
-97139
-1910
767410
-505570
-919283
-462427
-706300
-432907
-85415
-833662
-862813
220081
-582488
-209524
-482548
-508004
-358035
520830
786384
956651
848991
-974818
327384
894554
-943299
667302
-314119
863256
-789846
400236
873275
499753
742675
647639
-333147
715406
-523854
-170642
916278
249955
-966616
-863523
-773496
-114301
326099
-369888
442257
-996744
-508374
-916905
497538
725869
7858
-225535
-27908
977278
870832
142270
286589
-636008
-216346
-227294
-431485
-216385
9347
-613123
191809
-880233
-131670
464912
-276732
693763
982971
232300
24846
92732
421560
372567
-48703
441977
516864
219454
-623687
217014
82637
-215882
-319840
445063
357380
983987
189203
752853
751998
-117998
863803
-693072
764903
-979074
-15072
-289219
97153
240998
-68293
-593057
232935
-810015
632467
-236055
-11771
912862
859062
462963
-218763
818469
-441288
65606
-425190
-601670
-948544
274412
363679
-724069
-46074
-135657
691269
975289
659837
-603565
-695682
398854
-577989
-805869
-564310
-659966
-57595
348714
814497
825791
541324
394339
-841972
-171348
89339
-715657
822803
-197867
567886
-91755
-707190
897306
-35261
453242
-622640
209778
-11985
-118133
826586
-717107
-118969
228521
862278
535171
453973
823616
424249
251133
123021
-609686
852905
-263842
-960911
-857164
932515
693772
273565
-191518
-369876
783652
692171
-552376
-795447
66897
-487622
-622861
-544958
-818957
-236221
24169
50368
-421538
188203
631631
-440047
944576
-875954
-833669
194288
-702461
-27463
447077
190863
533
17148
-638542
509770
593887
-257052
664575
-814587
720156
-875541
277692
-235615
-952965
-986189
-409664
589095
24952
-434305
-474168
-454640
315430
-929938
436751
-476918
516207
243186
836600
-378636
723382
488548
-106120
362955
615068
-849040
-798444
-498019
156043
-703247
-567203
-783093
-467755
879625
283630
969571
-121858
191108
-607644
798295
-170194
-320926
409495
595157
801951
441135
-928978
-708017
-804814
-256165
-325513
652549
-864664
-982256
319816
-184506
-666094
294100
645288
-274199
-338837
328765
787581
318872
-910733
404738
-326383
348667
-179518
-905579
-745634
-927820
922943
924345
9206
-997916
952983
-297469
-997561
-637058
129099
-222412
-786423
-291004
207359
-443424
889103
281965
-117607
-695375
-570725
6561
182995
-610913
-642089
-380690
-236553
-86222
-918050
-820817
-251839
342458
27533
463550
-509385
702907
545889
-115500
-425426
909482
-842079
-480252
-629026
-284247
324555
680328
617040
-25562
-132208
233046
-292375
20302
-787323
311067
341167
-209164
-214401
974386
808097
-667841
-791108
365568
-158481
780187
-293494
-855449
-896674
782012
339573
-264264
-487345
841437
683626
188589
-460941
947342
-453424
114616
-722205
813696
-652276
758118
694789
-23089
-17213
-365746
30149
286875
-92678
-814858
408659
-920485
-156562
-822669
-143932
-22882
275243
-154319
-636230
-900420
-675773
-726043
-992082
-579942
169058
-228853
391036
-280388
114347
281067
495159
-728910
791768
18661
-456846
-635862
-604181
468533
-657541
21979
-455128
949791
-531126
183405
275161
998884
-39909
606208
-950590
-21933
74939
-81833
-194490
466643
-204136
-459444
714275
79743
622378
976298
202480
582715
-298042
927586
-542734
198393
-50172
642454
638257
-58326
-812006
93124
-51259
-174680
-990964
393277
-575
-196057
813360
-47959
-482571
958247
-904612
984625
-284338
471851
205810
-284760
-301591
982178
-307462
-69102
-181488
90605
-996771
136151
-387379
-270673
243105
-401107
-151260
-916637
-289189
-169915
-758658
273940
819389
815765
520774
-820237
977212
804945
-425544
392125
-223532
-649145
-728907
959490
-681552
901343
-835843
-673764
29171
764702
-813711
3071
-973129
-817485
731405
51472
-104710
344573
157884
248283
-190226
-332740
471797
338637
29862
-630467
974561
-496467
181250
-908057
562567
-731899
-811718
-225352
-420760
706276
705112
556384
190653
537387
541584
182298
912321
-746387
-508631
-191752
-193347
-473665
24315
-395804
-392561
-312296
-549762
-662482
614110
16635
519863
-667718
782901
688690
-584814
369363
-417452
698947
-571853
-432523
-857207
-516625
202893
163417
767170
596862
703894
909303
-734817
202947
831561
-76677
921325
-182764
24066
847326
-246483
-240390
179416
-607080
321315
-460615
-20155
-550841
352840
-468599
352012
-76987
-225327
-23711
792038
-905284
-738993
464037
-394078
773014
539473
-992768
447124
-119862
-909500
-933009
-105959
-933636
278816
-899276
-235457
687791
-513427
-147665
81901
-79892
91094
-299222
890822
-177870
284263
-913285
118548
213238
-816760
-454944
93621
255486
-495835
-178596
-639037
-203916
558663
-236386
-84324
990147
826583
-71038
559156
-912976
-844649
-268973
440515
-79934
525029
49249
710273
697
867655
-179939
593704
778347
337700
752597
802950
435354
-636798
-783127
760096
-402051
-901014
678576
321434
-675457
-132265
-719826
859013
775995
-788765
679772
589702
-793430
-338069
-987983
-466550
-108244
652106
967791
-796384
-677381
-57675
893987
4346
628567
128597
644637
516891
304459
358482
841950
864382
-90934
-47208
271092
-830531
-976959
-104844
571379
947812
-369682
202714
567174
497515
-516994
-249030
-706806
-97904
262969
-407761
166182
574440
-397116
383785
937111
666584
788090
-744753
-746521
-972558
-286941
-478235
-301930
736395
924684
-741246
-967677
50542
889522
813637
109732
-228482
-37140
143399
-994796
-18847
740525
-760991
17588
999686
-23665
265803
-523087
157303
346814
-149327
630379
129209
458632
797215
-817998
689623
591438
173031
579330
890679
-668890
-499001
459319
646021
-861811
601007
-46002
-746478
749694
719557
621171
959550
-201274
-111962
-777442
393182
389636
-352367
865704
-302868
-60209
-621816
548544
711699
560066
-285569
850330
243492
233516
-342174
-3012
-659060
-699010
-482004
250056
192571
563259
366834
69019
-796964
-158306
111944
542221
-73637
-223072
-888902
-620231
90781
380432
-345232
649695
263170
-115611
-531854
637981
-399227
422515
660156
-740503
-415996
175013
226505
-86962
-946397
393532
-38
240441
-52704
83546
-652647
923424
-668321
-245979
907738
-197680
353420
-729023
-102713
-191292
-658435
-680731
-508447
275924
-855467
105888
57849
322112
-986354
-371783
-904154
572583
506569
-445910
-697800
627008
577006
525698
117723
16466
-241157
-239944
655188
-475913
324909
-767566
192044
-173362
168756
702709
-348727
-721135
-881109
358650
-483298
959403
553500
-987321
-408224
-404562
872102
-472554
553450
-556696
550154
-38924
-277845
-122103
747689
-194358
680577
-578618
170410
-231730
-523544
887582
483225
-789410
-368052
83501
584929
998798
524558
-417508
-735604
-777256
710653
918016
7773
886657
481730
-204431
418705
-999778
112235
895285
-182434
289561
980672
609253
415600
-898683
722163
574902
750605
-955315
89538
290018
545055
488445
-71397
322977
555990
-637743
18859
385277
-758040
-746616
-304127
555116
-950289
-625194
566300
741370
445921
983698
-493227
233145
59936
-761263
-176387
70019
-658729
652304
-642133
119696
940280
-753193
-670708
375962
-505974
-669361
-233240
-87468
936666
-668549
-618355
131065
-293125
-452775
703322
686533
230645
-428165
-918235
-592938
421668
154414
-868457
-737420
-155009
-618548
780388
-557712
-353353
-915240
-877627
433830
-828466
437973
-281208
150837
-468853
-846457
747494
-12398
336461
-553664
-11535
513250
59416
-979076
-827744
-13801
-657788
-943709
-885174
-914514
694404
-52443
-755154
-954935
-285975
-814554
-954748
663975
-41495
-829420
896670
-992406
883633
253485
24687
-17630
-219154
82238
809082
-740488
-442054
-515814
35816
652069
265659
852885
625135
479111
-38916
-703937
452712
965556
-293316
770214
-28433
290201
142528
774869
-900668
597718
96045
-321941
222519
-331075
639659
-151435
-56489
638730
-525403
870951
-954160
955492
374215
-721932
53403
-979521
-300063
-722193
474860
-693550
-941210
245126
733410
-32173
-535265
-950093
-606773
-752618
-504435
858851
-557489
-34974
-61660
748117
749056
850856
570594
-942251
-800721
-668602
-90417
497066
519206
-159356
-492034
96862
206266
-838594
-382556
822593
-913081
960434
-166269
737280
-285430
-389971
717642
-107646
-203758
183698
-826156
-983613
890316
297549
-104087
416352
80820
710965
-504135
-195776
918066
435759
-369771
393062
-794178
334390
412055
-653095
878248
-885112
10521
-504156
-311972
-126825
28315
217220
130202
49010
-824546
346028
611482
-318465
-755997
-510609
318610
-383130
-312315
-264460
-80948
-828110
-222761
-986443
616426
-78735
-342652
-758183
-560666
-300954
-56103
-593655
453634
41212
-269480
-46713
-635166
-551381
-378257
-701471
-299395
-175354
502668
-866982
-854764
77293
-866408
810315
942168
-556456
-493174
713236
536455
651165
-196464
-14908
-278035
749166
223355
627801
529051
-896363
-951779
673279
-753698
505890
783611
-590946
473179
-288939
250915
-801352
454338
724977
636001
282223
-42299
641471
-704693
277160
881454
-693533
377956
151
-749847
-436524
775811
-821523
861400
-519409
557190
-868284
-642973
861685
-879986
-264624
386413
-461266
-787313
425637
110516
-693879
-164733
370527
-916478
-552784
-909841
215753
140431
-808660
-751415
627146
895241
637043
758018
-982868
520976
385224
-891558
-248613
-148105
447724
-720577
217418
503331
-611749
392904
-207221
-536727
341734
-625124
951455
303369
283137
182129
486431
-769893
-449704
-291450
-894385
652513
-970214
-179079
-234211
354644
-282660
-373702
483456
463449
-270318
-700882
42802
-575504
250422
-7256
682435
669776
-842557
-363935
-929373
-757159
-33290
197415
-743586
842384
951170
-838780
-874041
-693691
628031
-129963
37343
357449
-936281
313535
-326883
-624177
-901232
-664343
-295025
-338690
-200195
833883
368041
818973
788989
329635
-384083
-913355
142826
991031
546467
-802183
784486
441399
-54696
98464
968961
-133125
606735
-111573
516511
662692
957904
550212
884641
-432684
117947
-778295
607248
680513
-568828
-452561
898670
253407
-42149
-908875
-213675
-755598
-794810
11202
-697188
50808
322697
-359430
336300
37627
70774
-455815
-572613
-674681
621009
-705306
-471672
-569570
-100947
300372
539289
323158
-875797
290275
-156060
-490658
-491998
-609361
-706804
178131
663221
535079
-379073
842198
-684296
796593
40510
90903
-437753
60534
-483167
214736
-285248
660137
902421
-634540
155061
204621
-537103
-716334
-756338
481155
-116725
-119739
123826
646188
727800
716159
238195
-918751
-934253
178131
965173
26473
-570673
-140482
-821032
-393484
-165946
593217
638246
551888
174672
-630297
-205366
705502
-426506
-975384
-606073
213833
-383401
-577845
-659578
676480
-465671
62870
-495956
-836670
867301
479609
-573994
-497551
365126
-829101
-448740
-955647
248645
393891
149318
651844
833538
-352627
884857
-153321
246782
-211705
-358974
-632841
516960
-118923
-811215
735194
-667736
554233
806769
419131
856845
-686882
943240
223591
-972519
994000
953185
516640
210369
817593
-101051
-143480
-65369
-350385
-236160
106482
-481078
957645
106186
-639919
940942
-103651
-363742
-935304
286690
332633
-587960
-728428
358874
-205831
69569
24039
-733323
-788413
-153750
958572
-576185
394910
-712090
-257774
-257049
362724
-633518
-817885
-433275
-521070
-207602
-81082
-963575
-951017
723644
-812647
-663270
195944
411695
971802
783492
952509
688382
-189709
-511710
721897
-364423
191037
921641
-549869
-964684
-336506
-249355
803584
344073
894727
-392826
388354
57866
15254
-142204
727822
537900
129345
822530
196696
-580817
534250
-254877
564265
654975
-103805
-957744
-941175
-445677
515893
-592891
-723010
-165961
-228729
879788
-247739
-465392
-562880
-462224
-430240
-885222
367644
-845907
-373308
-861461
-970998
41096
-320767
131246
-525926
-305370
-931675
766629
227046
-986548
37630
14352
-133426
-352495
-487553
461935
359035
-712597
379800
-338460
968474
-81191
424300
-116643
358439
-802654
634905
-368326
-333314
232898
-693444
-705211
281814
-165322
181081
635163
-532028
23712
718024
-125203
-103776
-949311
-74307
368432
312693
376787
584157
89119
443024
-291183
350014
714674
863430
199583
-763132
-737549
274054
682289
436724
922422
-693373
697463
243102
224385
289945
197627
626322
-809808
-801515
899850
311137
-483650
-989081
-797671
722603
-77406
753842
212772
523278
902455
-444440
-384502
-958684
307704
388595
-483552
-239973
-370215
650762
-315401
465036
-791257
-693580
-819672
-546855
-931478
207157
-391640
662286
643265
-309751
325528
-248610
769965
-163644
-491334
-222012
-296557
-576857
-169299
57309
-603452
-258524
-218718
-44451
391740
-13817
-243835
-366668
-591498
-802226
-567451
795041
859028
-669534
-611237
764074
-568581
-170884
91456
-988074
-825788
-13985
-317560
641938
-294632
-589418
-478082
-188150
808382
791511
664205
485862
-770524
-971823
-359809
-100201
-993939
-961786
239711
37652
82498
311946
-221227
-739352
-307976
-133173
691774
-213769
781590
284992
603110
329388
-953881
-400546
-816893
-450415
-78814
731781
383115
7327
-426962
-256106
609502
-939705
208352
-515602
-72833
39170
-406536
125032
-652823
928756
204047
631185
756596
679683
891377
-4228
879524
-320157
956343
-785902
-954405
532316
978743
751143
935469
317190
311077
-810127
505887
-177689
-320098
840066
-832746
-351687
780201
-95367
266271
-490372
449630
616384
104436
-598940
686643
-893020
-2858
99116
741414
378120
73542
563487
576587
-827075
-63057
-424030
-463168
392561
-748723
-417591
-181836
274806
-489610
426884
324201
683068
401697
934236
232085
139945
-418685
845218
-566457
781545
469489
-100277
-467439
557291
-351156
417238
606360
638748
-980242
199573
-562174
740958
-509806
-756342
-71318
-144316
-597004
839698
-946978
198084
-968755
-897059
-647712
449326
-612530
-682717
128167
-170930
-508040
-958534
487372
-716163
-102695
-746234
601829
909113
-202661
-442928
731219
235729
74296
-922407
-387911
434412
-893876
-623343
769135
-682430
266347
355428
-575107
-895968
558740
-584609
400493
-545948
-869872
10685
-957431
465238
-411768
-455271
-595821
120541
913422
893039
402955
198829
-489334
-686819
-597547
-333501
-30472
-95627
628573
336740
541230
247337
-170714
-142574
518603
700918
-801894
134231
143225
700179
-153099
-365492
214290
805417
-788390
244486
-403748
-148989
174469
-270136
214758
685663
-362456
-482205
-43603
342512
405227
377610
-49458
-357632
-807948
-11190
558555
-82080
837132
-883346
-267034
924690
-269434
-272650
458442
959090
-23816
243794
956914
323625
-941906
-715563
427506
860728
-811649
-926022
-622887
-607585
337511
-896277
-229812
-737139
97289
608383
-568770
246371
-486635
-354607
77936
-609224
329789
365304
-247759
-674435
-458436
363847
-52382
-401501
796023
-306193
-807597
793036
370419
-143213
30322
583656
-340651
-917570
718810
414584
-543283
561927
-415905
725366
-555122
444138
-213510
136871
-512777
499155
227127
352824
-371166
-215919
385960
718759
145174
-653881
302779
496472
792166
-382126
-494925
401310
718129
837506
-40022
717863
-331309
106944
18347
62282
-121280
-79273
884426
-14729
-997625
-73996
-230744
427941
-492732
34511
-715224
836044
489554
487761
828899
475236
-687580
765349
-205930
-870842
-209205
684527
-416727
988655
59697
-295422
266514
-102872
-341744
-773489
-573551
-8780
628768
174727
-91253
822383
-40966
726816
410355
679983
-404796
375755
-426755
-83405
264699
512753
755771
-520990
-574356
596994
636935
86874
880744
960285
884557
134423
301346
-988487
-896605
807139
-255668
-770848
659088
734228
622656
-576663
-16822
267089
508609
-958318
-3743
-31525
-88003
999707
873872
67242
-633142
-220826
-858240
-4757
-49489
103739
-552201
506690
485365
-113344
-750912
851021
778964
579282
726776
650140
41056
-369076
-82733
-686302
-188595
588419
767563
772910
446941
-473051
-366349
872565
43396
-403348
-732638
968872
109697
439116
-992790
-376770
-618488
-791468
774330
755379
228103
609825
-512221
131190
-325561
635272
608890
-763860
783001
-737644
-816832
-683817
-334720
993150
-594458
618907
-643488
-982557
821540
863520
211822
684044
437039
728241
-131718
-727091
-207189
307864
-189847
-343824
-184215
344796
411514
-456806
-155548
-520088
197418
-133616
213009
866101
836411
-887102
882317
-814761
841157
924007
501433
738386
-318937
-436073
463833
670698
-863647
-955407
601308
-692090
247584
-590865
238404
-334858
979603
728221
667114
520191
-513482
-242901
-766303
385450
-43398
768353
541818
157786
-222103
670528
78431
972630
-639530
8084
677051
246858
-129766
-880266
-573732
-732296
235665
359476
-152847
783009
528070
-921127
-495648
978906
982952
110156
706069
-447493
240167
-645129
937449
-419154
-460824
-850644
337470
930156
798964
-83337
268829
-502283
393343
-494827
-403316
463488
-347038
103784
-666024
579819
646422
-146136
-5652
673248
-477318
-823640
-417832
368303
300819
754203
481260
385107
-546928
379652
-97693
-915405
-437491
-716650
-999122
503205
-609330
690424
512974
-944817
833225
12820
518462
-761414
-102339
514318
-149084
-460155
-932513
-667283
773721
41666
-873568
-309268
-23213
815197
-215585
273292
730299
652353
-644926
-515096
129360
-756220
692049
873535
-890828
-333099
-101632
499631
591394
851101
306030
-524159
-606345
-851765
501361
-964873
-80981
256571
943062
110542
865055
-665196
-465574
648204
939670
860073
-352830
661189
-495845
-111076
-241226
592265
635059
-10263
644395
-430051
709779
-835967
-625741
-32720
-472112
78328
464650
353964
-496436
565453
742098
555602
77236
-221000
-84059
-121767
516435
-750175
-947279
-995369
-865295
-266322
435995
678479
-227135
-742854
219796
995656
-177169
-35669
548997
623582
971197
-904159
-19605
-980781
220347
982498
-71166
-90006
872918
985939
-15056
-333644
-829843
575473
978479
84386
-127091
565831
-662521
-68547
767070
618595
4349
-984749
638864
87327
-292508
-609703
982989
922145
381934
475611
530186
-182912
-436398
-657649
-852611
-162939
859069
-184257
904218
-983435
-319642
382997
-139266
25421
89839
821555
-507181
693187
-267715
-278607
81638
-950897
-774401
-515746
366734
859683
261691
121084
864776
-134882
281389
290854
-974509
-992728
-140782
-916088
-716086
411645
112056
925017
86756
516726
863044
795413
673889
915466
848328
-567084
-145623
535219
334944
776844
-321647
-210306
-52849
-514051
-584013
-210249
-260075
-757293
-674910
260834
-12658
369142
-579188
-464028
-632245
-548666
463872
692401
-680203
297037
15793
-640027
946410
838263
-178057
-740625
-444019
959498
-568350
-856773
-590764
-265076
-434155
488338
406849
-982320
494114
-163650
656729
825367
-783373
-818092
410729
-845041
959148
230718
925858
287460
868991
797415
-671499
-29138
-473372
-26175
909844
-777463
-508952
-496269
249716
-162597
207196
-376218
-685563
842568
-960339
-145319
-749478
-9187
-201589
-387758
608995
724459
-442671
-55893
830815
-10997
-915465
502170
947069
-957488
-593595
-323125
-905539
11905
325705
-90390
80161
-287946
198635
-126368
-602766
-572442
913477
595330
813186
629789
977323
-812398
-978266
199032
-810475
-60170
-495750
-782267
202880
-851920
439999
102253
-590450
133812
266279
337730
-28751
-714667
353040
79626
-951933
970006
-254401
-109034
-392206
35998
51288
393464
612225
889181
605569
471246
-912120
-172775
125725
542153
-407641
-754722
346934
-548750
-364339
42920
286720
776318
978453
-952353
-296909
-458374
-497133
164779
396246
884636
-539852
-505061
-475066
-431096
-306852
-491551
266835
-474370
699923
-381793
-333174
-376967
-912574
774379
640985
79315
-826523
-465597
-517327
949242
-494979
735805
97961
-328717
-449168
797694
-176973
335662
-597403
-989741
-498713
981868
593431
-965458
-353945
822712
-973540
-643060
14774
726555
838297
-34180
729851
-983752
795802
367900
-297342
-883889
423756
666416
663357
691849
860295
501815
164818
386731
-974442
-496198
-59785
495110
-66769
951521
165505
-523770
-876380
-203525
-408493
79283
663568
-856315
772781
-937844
834524
-414632
-118655
682603
-884088
-223269
-107496
544275
602756
-431306
-703681
526985
-970621
486831
678597
185834
-525932
-246781
699751
-584906
-604524
671102
42390
504359
959249
-475732
737955
748274
-624654
-431293
-518613
-486410
-486981
986462
584173
235242
-779208
-774452
168637
-588046
501364
-790545
573069
-500524
-763638
-138930
477944
189493
878812
715820
509059
-908176
705228
918507
7966
-332615
973332
-415874
865320
360559
829354
-474025
230736
58982
535791
-526750
-998316
496495
-287891
-296640
-700981
-94832
360303
94994
302391
988102
605399
493748
-568873
-73775
141285
-990650
468188
159699
18777
-195308
-473491
-751959
-23826
341190
259222
281294
-798601
-577811
-27277
-817430
-967921
-233022
-233490
-249281
-408012
635411
998826
504602
421591
-990898
-53371
936980
832347
-586289
-418640
204547
552526
-882582
549851
-978733
396114
76572
-398922
-440060
212367
626475
240996
-714670
-828097
360186
104093
765512
984605
229795
-87481
884630
78641
-739613
-788485
-483754
-93194
149634
277158
-202838
-111286
461293
846659
350009
998807
909198
837882
286871
-548990
396730
382034
398548
-342148
829018
-112305
761991
-229333
286070
507155
317842
-853179
228976
-993881
161977
-7614
942005
758324
874640
978506
-402936
6587
-40701
-673871
880594
-251638
-459589
-47866
885076
913617
331404
-504842
-992204
-195746
46214
318267
-661750
565818
52712
-947036
-790147
338405
-274228
84031
-250983
14785
218157
153885
979990
709050
670971
660501
-752845
-965700
543724
991882
-724857
643954
539057
-119282
350656
992694
353430
466287
-637648
570856
679710
239559
441071
-984037
460415
414988
-567667
755259
534244
142482
302900
-232697
-467305
-490204
489878
-987455
-113538
-400573
161170
-561531
504065
837563
555871
995931
-258907
753732
-788698
-239001
989865
-428254
-592114
-339343
-111716
533633
740163
83427
-848879
-833414
803211
47235
356005
-442434
838175
-692540
531164
-127324
208323
328999
325828
602973
-32622
44676
49023
-933720
270660
861319
-945006
-553404
-823082
567903
286145
-712877
394938
-949333
-426849
529752
-631924
835763
829319
-972650
-844695
-568005
-212267
-168077
546379
-242961
359020
-505591
-230123
-626216
-683125
-586368
-704060
992983
-32176
59692
913132
851978
273288
-913584
-833259
968468
820703
484989
-673759
-225638
372788
-495228
150598
-846393
-558733
552195
182203
796053
-733946
415408
-56012
-48964
252570
979177
-132311
-287214
327244
643209
-746780
974916
188208
187250
587112
-669430
294748
212450
-783710
943523
753427
-502982
927528
-591875
354441
627349
356205
175479
345421
851844
-188855
266270
894260
-610044
625302
671469
-759699
898921
981286
721047
-700116
-200749
-449167
188387
581147
-556491
558699
409594
695771
-597428
504543
126143
-963548
371056
-874765
-735637
-403625
-40903
-960576
950128
-462544
598479
558015
-988024
643482
-872178
-542267
758440
979274
-63682
-599166
432684
-517401
628252
-324053
-609652
-530833
-599964
843656
-540428
850000
832735
-204497
-966310
-81171
-27029
604392
-489292
-589260
97401
-969321
281159
190522
-264985
-394872
-552635
856804
801148
-392831
827347
244758
-59240
389709
363234
-620630
-280895
839955
397130
-281809
176086
78982
-491452
-750840
-581351
-791123
-41530
708670
11327
-341128
-74610
429869
-405738
-350316
857834
275837
-108580
460927
202553
-547909
26037
-708856
899395
-957338
990366
330560
-536063
53959
-982359
-46605
-9271
-661922
519478
-773227
-417592
-875338
-910362
-249110
453069
-442979
935113
504981
-190595
711
719717
-772783
-59986
626741
-886471
-879073
917946
904443
-135063
70860
402897
692340
-735163
-488768
620458
-130510
208701
902099
235253
863885
490970
180101
-126780
-805898
560053
-107995
849846
-495734
-576819
767548
-348717
-828350
-771789
213773
88540
168975
177488
701764
595757
675469
901832
-351164
-7158
403208
-656872
-883676
-852146
-860595
126382
268906
-666462
-349149
-158105
-22079
-196195
863305
-907026
-990581
-831344
665296
-123584
610103
82876
982297
-285189
388429
-458484
-51016
-677726
-194522
-451658
-751995
914647
252799
951949
-525089
377560
-903842
592103
381133
260974
-120270
63521
327159
-296913
67856
380725
263799
-767332
-638274
268837
-310016
-983677
728749
-167538
-448926
-475336
-593088
-531279
794299
450846
583777
571650
100927
-555987
728694
210477
-408384
544874
-316320
-792123
380471
-258015
333324
655205
-317603
-916711
291841
-90060
869021
165626
-675617
236279
-371247
-947165
187644
-414967
-754261
354513
736983
-699592
-662746
-690482
938393
639876
465578
228784
119869
841329
553211
885393
-719617
432077
374051
-518420
513705
426901
454660
11717
-738339
671313
-377276
-156299
690671
779275
39227
-578123
760122
-314792
972756
-115460
775659
491294
-563254
-307319
-793092
-791377
-200983
-328558
720010
37546
-366245
-798513
-354008
-26158
539255
151779
396325
149139
494584
-563716
634059
-56065
419046
-97150
241613
-726870
25578
-185560
246902
-189903
910540
142355
-706748
751846
56015
-232575
-751231
958197
790887
-235395
834649
589055
-607654
-923540
4746
702875
63304
-328649
40413
220736
680597
-874188
-724249
-11441
-768796
366222
-662788
250120
-386916
408192
-232887
-671674
-526440
746686
-496511
-332175
344517
-180054
-266880
838193
469724
762335
907997
-915083
646532
318195
368068
-839171
463197
-482719
651998
-395862
19481
814014
-47886
-399414
-993796
-140991
875760
-631877
-771781
977927
578048
31422
-329127
-111619
-336502
-945148
377927
-615437
65826
434932
327287
116614
-251694
-363173
567348
109554
-307118
-7950
-259088
-677868
-289634
650877
-600205
983172
295511
-856684
-506320
191824
-232981
591055
-354437
-548786
961822
963221
-351993
-417483
494761
-395179
-833251
-98513
366375
549753
-639066
49348
-628917
-806244
335937
935035
-233787
152305
-390392
444594
756014
685280
59377
-865916
-143812
560473
236679
-872477
-942593
-553220
788133
402092
-98267
-334054
353865
-811983
-59390
292418
466094
225765
541893
-724387
190613
-167864
-667115
-310095
353930
-101986
-376919
-359535
-847828
-517393
398395
551372
-552003
549181
355278
-762842
-343783
783221
-885809
-882652
-297677
-546473
696970
497195
640857
-378435
-278549
-196402
-472242
232909
221628
398915
-496794
574164
44927
-758571
-327251
971992
-665044
-827904
862727
920621
304762
-924825
85783
-124988
421808
273348
-315252
699562
42533
677088
-902742
707365
-880197
-19256
840867
-496948
279969
-425909
909401
967212
-980633
-376764
-565890
171886
-960577
67504
221743
630762
186375
-849637
-533853
622661
458758
573597
613379
996724
-930244
-616520
300552
-673954
-545976
664345
-715309
-404369
899229
734630
223025
-20358
968549
-14240
318462
234413
476021
682402
428362
768283
-433291
-397977
843277
-409032
413988
-145806
806346
922805
403213
-485499
-460560
575917
-660456
883641
-63953
-320682
-499716
-239909
-356104
-113594
-83170
-494651
-347163
-20865
470688
992974
-86816
-762277
-555860
212876
-190329
-959424
-177734
-16615
24833
-784480
622965
106114
-358623
-936024
653739
817105
-854041
452407
554377
-144613
785238
776643
-989703
-791996
71187
740816
-481131
-489556
-910378
-841906
35177
-807941
714261
-25837
441386
628349
-231047
-844305
163233
471366
-399052
436751
419983
188654
227521
721670
800383
162496
-138047
-276405
-743872
460546
30552
-754887
993093
-338056
-268497
852729
-658990
-56052
88883
189019
633309
925273
543092
549643
-842435
-635988
-627367
960353
751404
847768
-618995
732047
-639355
-266738
-58612
-240073
758790
-617278
38961
791904
-131114
331568
806190
-594340
370081
-975881
782987
686410
-763477
800871
30753
-500548
220682
367166
-172211
-472812
-606044
873394
-218219
747621
376311
-163853
129362
-164902
-215188
-349512
675897
929182
-24112
-590118
978137
13362
-457900
-974354
175905
440485
192743
-493290
-995998
331914
-62814
-836676
954895
904229
248059
363710
290994
388675
755332
653853
934490
-700966
300032
939806
65273
523122
-939894
-979666
-522379
-252978
891190
-119638
-756697
308250
866915
934235
-311689
622607
-392326
-359011
-766394
-203208
444163
564553
796981
842463
-356606
-461191
229132
-926284
785913
-656423
-332623
-346624
49814
-583348
-516410
-386410
-809658
4719
353204
-670904
241102
-353341
-507513
58233
559256
-650258
157743
-831124
-195617
653817
51140
646304
140286
613859
726452
324273
910431
146423
392192
670018
-490437
-9913
-50779
-133470
-39322
88489
-382894
243395
345371
-344858
132927
-929403
-648103
-657590
-143977
977513
702178
-690857
537803
-35862
-312473
252039
995791
-285111
38597
977656
-329165
963782
593001
500111
887786
-583668
-341261
205258
407648
-77063
850727
-652054
553925
940854
247899
132785
194965
207813
-121073
-880446
16251
883081
-752381
754851
-326771
-56443
-659668
-571860
849019
773615
943618
518850
-288690
522659
608336
618760
-208660
-755700
-340661
814227
-417787
685014
-497431
-741268
915431
-406222
656027
598123
816273
-30579
-980098
-885881
584428
-580829
694964
-929035
-797241
-882348
726677
-324099
-653575
-989127
-348837
152811
-189731
825737
18233
-823616
-878725
-669873
679921
53102
-650019
-118605
551298
801929
555971
297077
353453
-124328
291139
-249914
116240
-89973
-357247
-23605
-289603
887344
996402
-622477
-565165
-28807
212131
735763
-827408
511069
-807776
-390548
95418
-380542
-721312
487202
-703454
-86049
-479909
743950
-250952
-325085
456286
-375967
313708
830713
-391984
334102
-145881
39500
209174
-601854
-241231
835597
-741737
-291680
-304982
-625448
843111
236728
460571
-354550
894038
728944
920845
962241
-697445
502002
-551662
-151113
452446
924821
-945824
-607659
-262068
523449
638592
138279
526601
-659520
441957
471875
-502478
-637451
334940
597024
-830163
-987674
717435
-426731
777885
-782499
711131
-430447
-136927
-310275
-847625
234715
-427099
-561968
-48687
126940
-43937
823546
177176
-679546
577190
89043
35385
-777970
-894623
92153
830703
-104322
-859594
152538
-148972
81604
804319
-987456
56542
901826
-325602
-448311
107424
575919
136753
-437519
463784
-939952
-160518
455746
-871153
-459470
447084
286079
465557
759035
-480028
-153548
891896
-590232
-779849
-320269
-136952
-87246
-105330
630766
-795734
-799268
454770
16530
-176325
147474
487088
-704986
-354467
617998
172582
705878
904329
-411873
655770
-503808
2129
850066
-257386
403671
-999611
-221056
912338
-187833
311830
-763225
520815
-112682
598191
-933802
-567932
-518189
-632682
-713100
553580
103085
-130250
-48924
229932
34825
-503337
-212292
560602
-200793
-616210
639019
-865188
373561
-295785
12189
378949
-563889
940802
804915
-72361
-235626
901044
-298449
805684
452500
549652
-118337
-381100
-579734
966464
-154311
-800659
657491
-107856
-687259
622194
164100
-598070
113703
-32934
-332798
246533
519226
743263
525452
652688
-198410
483333
-615967
952937
797035
-591441
966863
-133294
-256277
-865555
238743
-230263
-900446
888436
-754446
-162220
975027
-304507
-68223
-953808
947407
382940
-975618
-834600
717328
524654
-631292
31556
-243014
-818389
867376
458141
396373
848385
-862011
378889
565627
492132
-306716
77097
398837
241864
-379690
-138681
-591442
-789689
59721
-747104
618451
151109
928140
125837
845341
790940
-591044
-81634
-216527
-489061
-549030
626475
-243031
517022
257903
740623
-954327
-352752
-358528
756142
-101202
106132
42508
-752110
-810517
643920
304495
-902836
-102997
-467532
-764412
-679479
474613
-160828
-574850
305250
148978
-432765
606132
622753
222753
370430
-970014
-915292
158814
-108139
129775
777616
-318114
-861837
-104866
-593324
-252132
395713
40584
477233
984203
-720209
1468
320831
744118
658148
-724315
456813
926212
-499091
-338106
512785
734432
92787
840939
404687
-709274
453973
441821
810068
14261
717374
838554
-764447
179857
190757
-871384
-132053
850919
796723
-451528
-178333
-418224
761001
-540858
263967
-155425
-927678
-485553
833844
625383
-181644
479083
-434851
-499645
-478555
389172
88595
972641
551093
906973
-185442
786524
-773673
949368
-453655
459007
490158
269553
602682
427697
804095
542676
249275
-725130
914520
-662294
-114759
-465175
-665282
384755
414500
-946515
460442
-94483
-490959
-154602
903576
909647
624006
-516978
-184400
691022
370401
108724
-329678
-84367
-982733
-520655
-685385
691391
329527
-778991
485398
690539
311906
-780234
223559
-309056
-141993
-572012
904663
11633
762590
42530
-750367
-631752
970095
141014
-700070
11380
638466
715772
750167
815447
-500200
-83775
-574019
-884143
101601
17862
-833385
926547
482066
838021
593120
163998
721021
-309198
-369288
-370194
742123
-50456
-673763
-310749
690119
-980115
-187552
546575
815938
386987
465491
544687
-662128
-447130
845455
292349
764593
-476713
-171228
459841
346329
331379
551891
-206729
-780776
135184
-806834
133557
-165874
920985
-142488
-448085
719604
712199
-316309
-437977
-8798
24692
751774
-377839
710813
47262
-806656
-205359
-880173
363970
334777
281961
496561
477812
-988947
-66580
-9953
223896
69949
12946
-972943
-859798
-816727
-449679
27981
-995056
-320205
-532891
-913426
740045
-907334
151306
-338257
-434783
-813188
-533350
908134
-524722
-336435
-793944
-139258
-836252
718749
204367
-804986
768502
326376
-581698
100030
419294
622428
209708
41942
239364
-857166
440901
-752390
-220985
-975460
-578029
-922903
-312514
-360402
-700239
389240
707261
65089
872851
388455
310884
-395877
-63040
931113
870512
323019
-51533
-501949
-501573
773749
-514851
227149
-905494
-597497
-735910
201081
300699
899632
286756
576297
178696
-137150
-610030
-693580
849531
642258
-994266
-872451
946628
312348
-697808
335230
199877
-503650
920310
-492921
200070
879111
307171
-834116
272557
-521490
-398838
696673
555308
-75601
-226265
-718472
27671
976761
486945
-133392
-486800
-604353
-658377
977941
497653
-106950
-957510
-369293
342645
620309
-479598
21518
-35090
225660
-64654
866480
231327
888599
-353218
-894602
502864
-772638
-69290
797095
651413
-649787
240784
-221154
-872437
-274745
-217987
-311029
327596
-559742
273784
831732
-519045
-287406
-801201
685772
181507
-592210
869313
-647097
969635
-633669
-202805
666879
-797078
908089
256318
-903776
168703
-765362
-892219
723801
-56698
792462
-305093
-48947
25505
-845389
8687
-622499
488839
229888
-793492
-664230
-659256
999926
574661
805601
941947
-553898
368561
638088
-740679
708646
-136217
-853879
-70595
620720
-844787
999971
-234720
71954
-987956
-521381
484905
449200
-52118
477707
250322
621387
-500285
649059
626704
-816196
185401
-335221
-208621
-591371
768303
497065
966444
-402329
276349
87418
-749207
965299
401415
-709645
-976277
-221424
733951
-478215
-918475
-330131
-763688
-381975
-668102
886879
451634
-219644
-713584
-451734
-594192
-800197
409457
686947
-82707
554326
184504
948793
-222912
835564
-877364
562113
346592
-168102
281682
-441714
-278783
-149384
-972530
600933
411347
-562076
-71638
-428145
-827076
781178
-933361
543022
692016
-958575
-43651
829218
274692
439177
-215282
-252511
-678495
829317
-301446
997961
397805
483837
929699
-234493
596589
598651
-552657
222003
254210
52076
40231
-897585
-928679
273736
-475044
525281
-899675
806085
771740
-260236
-127335
-870232
-754850
791497
1477
209918
-912065
57609
-244785
-855408
392752
428387
561203
-895683
913143
-296744
-219214
40943
-403090
-386462
-337957
-261641
125373
-991950
321702
-509354
-731676
106902
-179016
687989
-463801
143086
518732
244151
-39326
561832
38424
-772462
881187
974475
-38664
136773
-731129
-109162
139712
-615442
196136
-960577
436827
-366019
510471
710159
-248025
512251
795885
510900
818379
-432222
-463758
-747960
980150
968689
-478540
-203838
-132814
-158853
-987715
-473788
-149842
320928
713645
850217
467487
-30040
483124
-517589
132484
-298037
903970
-21462
25361
853392
-457048
-579078
338353
792487
920361
194708
306113
-78873
-160821
-997171
-366361
676145
-862386
196855
819696
-549641
-719755
-220587
431545
170172
272551
-895811
838342
-616183
247942
111723
-100566
666186
236855
-273457
-69239
-46960
-899042
777390
-37220
210469
-336936
332115
-435105
950939
89011
396229
463877
291559
-572617
-930783
-272270
671204
-548630
328331
138097
55573
986351
12329
-760414
-91257
-121061
547950
156395
14259
-36725
976545
458346
-718273
643016
421492
786220
-265036
-979968
-251429
279577
469106
289055
-297870
-711549
-774421
-262337
847215
45443
708266
152849
-644354
552170
-32022
-551003
958744
790615
-957743
-198945
222903
955360
-574893
-292445
514060
596334
140823
-567278
-744251
436617
574512
-94362
-466562
-308109
758202
816869
382670
-86136
-452147
-825736
569724
-434173
-762892
-875698
850531
-112908
-720152
-762068
-815792
-440362
743229
-204264
-387976
-822750
-336047
-771294
-284204
-388152
852427
-801103
-223139
564305
-883765
522568
-955117
125927
-775250
784564
839533
294652
-816721
-161912
-584704
919653
-111759
946448
469353
-380525
-922720
165769
126974
153582
-242728
54180
358615
-710428
517876
-764963
627213
700977
257885
-17412
-262135
898197
819200
-737593
-144566
-875670
-850160
-740652
-362758
-297935
-724482
-73015
371987
-168630
-647095
541556
178858
807522
-560960
-943180
407104
180679
-753855
211989
637651
527768
-430619
135250
-673227
359846
-988417
-962190
-82247
-175770
658934
266004
-356387
773630
-560803
172132
224410
-628140
55420
-239970
917152
965963
-82092
-601248
-430006
-695545
329705
-156465
608757
932646
48742
-88654
483326
-104075
331015
-252513
364430
969775
-949574
263205
17208
288051
323149
-559304
-954215
-472695
616871
829355
68049
-443661
-375070
339574
999369
-990702
313629
-748516
-705944
707925
331151
85881
-512538
-623388
653704
262951
-885806
558213
503756
-642243
-700701
949707
671670
-479540
-10408
-292417
-590779
91591
-547463
469592
7187
958972
-934232
349521
-911980
734831
-303082
286945
45342
-247369
-819655
-392976
938297
854672
-529543
-655371
721127
232455
-863368
-317321
943784
566711
959353
-617685
-233197
695968
581202
325135
374520
174455
227059
-575753
-892078
-762962
390956
66754
552755
628246
188284
628254
-354490
479881
930182
-893430
-708049
783633
100729
359497
81120
-724029
952859
-157162
-315347
20688
820387
-613343
251531
575246
-533786
421838
-811823
-441726
-307132
896416
324302
-471008
-913331
-787729
-713993
-776395
560507
-160530
44807
-557928
-109040
-763524
62450
-418661
-259768
-654402
517251
-666902
-420927
-889665
-941985
-15289
-671383
566757
232343
659657
-382760
617890
962777
-136881
231492
-269216
-157358
954459
-835935
-554465
-526905
636832
-186300
758649
-992353
545692
847870
-606410
230467
-37515
48268
-330849
448810
599134
348164
-730106
514515
-956936
-821408
710976
-468143
-465783
-820836
973290
780867
-378211
-742409
-268423
-695415
239774
-731953
-237018
224965
-526283
791269
515521
-74152
174498
456649
833675
-478411
-343356
531279
-801978
695214
890496
-170735
-955140
-218752
-272810
597250
868631
914722
-741785
631030
-622255
-150218
324043
-446425
-424489
-590447
806199
393682
828829
-371247
-789739
-996972
-919993
-961999
718653
-179784
-322429
657559
603769
795511
-480724
-791228
-28048
-993096
470783
-37394
78840
-983370
914603
542188
292913
96861
749058
-571032
-505846
163643
-642963
-179461
652167
43560
-58046
920864
-486631
-611331
-928620
522879
-600987
604950
630006
-760738
172596
875828
288152
499055
-850785
-985815
-146445
670557
-73399
35470
-185636
-168404
578391
400205
375172
-358070
-374502
-531405
-767894
-215434
-455287
581386
-904431
315660
-835800
450514
895037
93977
146428
-95245
-74573
771628
515119
685871
-880650
522016
-261711
-994052
-212407
893268
837369
777372
-7886
-129650
344161
-726487
634804
529836
667036
-497029
-660857
697638
915591
-851464
-956109
953926
165668
413145
-838091
25744
-792425
-56763
977081
368428
-143059
-831176
834273
-764218
594121
-803531
-605773
-54058
-350102
780891
-701584
894892
-215820
-179901
174279
139169
506268
-628741
-916296
290964
-369571
-349447
965989
880123
-23974
781328
-956525
-539214
191293
418021
56938
-918940
-399027
-857742
113789
339254
-159568
39530
-630352
-469405
-144719
784351
-151539
-790831
972791
135416
-204634
828082
-631185
270176
77060
934978
-1121
698127
-593167
320608
684642
592494
755941
389435
-272433
-441054
-84653
-74601
297218
571546
-453060
-813769
-821357
806949
-227175
-718082
143678
599408
-125781
-68719
488684
35339
957406
207268
-682248
84702
-71817
545552
-348723
957190
-209598
-823889
-27967
-333524
196103
-810934
-994787
288651
473413
172368
976622
523491
255384
859198
-158338
-971303
-876795
-379179
-652432
541446
52302
-768188
-627524
939692
-213583
-680613
369131
240460
-355839
769101
667442
446768
154612
-454985
-353239
-461650
-683745
-367079
801526
375006
-130455
-166339
642177
-537266
746468
645862
-575713
-466363
-780123
-837626
391585
-367004
577525
568920
191194
-647505
-848897
-287230
-409399
-223777
414971
-764050
229501
855195
-17274
-83295
821709
-518391
-837834
-597292
452282
-950882
-615729
-554824
620627
130777
177569
203629
695435
-895350
698819
-333764
66806
-779447
341420
-615048
584961
961760
7869
617512
528229
257878
864158
427456
-37337
630513
711832
-227267
769904
-198191
233778
469184
-959574
876131
-816078
-392641
776119
-442727
-840768
-114913
58810
892132
497570
-205733
-182402
751781
-958873
-217031
364485
550809
-886936
54215
232095
710509
-333568
-361784
916989
891447
931681
542562
542352
798707
40534
274174
-317520
-724873
361660
661101
-165797
-594359
13238
-164004
655412
736534
-491526
436920
-961185
-835992
47022
133310
-914241
-802418
433340
-379948
-215117
-589529
643312
512857
656452
-749902
-37654
292274
-547009
-785169
498131
171142
25009
629229
-231700
785693
-91107
-647829
-438792
296126
-191323
-284340
500402
-832507
527123
735310
895012
-111718
-592204
-177171
259378
-394891
860675
-28153
285324
781925
-478380
300972
573062
-669448
-279408
12823
404084
612717
-911826
86968
333872
-660911
893646
277057
-994248
-265236
-300927
-987239
555208
316129
473224
1205
-925888
-910480
198038
-862290
911220
-946560
-413689
779297
570451
-595205
-287788
-258517
209397
-292074
-208628
723628
604968
298980
729821
19568
-472239
548059
-341243
-738159
-226125
910781
-543575
331163
972913
273277
606867
981038
433485
-218400
12369
-995189
-372108
742387
606496
402965
-400035
400492
-248169
-933192
-5392
-820713
-600219
966858
577807
624147
-34283
135612
-244624
-850462
804687
63949
-521242
610190
198201
11688
-298312
-632134
-56111
850166
77950
155811
-601540
876246
-831595
556108
-320678
188624
-994159
-319886
-65725
984522
-605090
617036
-60852
631110
-553388
-775990
124309
-709688
-482608
-647926
-445171
259704
-826903
-328359
-157864
-640800
710228
-921454
-739252
894079
384675
-896156
30021
-6820
326961
-979825
-252171
781027
-800919
861928
299739
-207742
949780
672385
-579482
710992
580352
-21970
-893689
-761253
-599186
232066
468955
721299
590343
888430
-474376
265996
153153
-249906
-334784
-748103
-545063
303773
-879126
381630
-48857
143718
-402141
-994553
-576234
-816836
859757
457267
-856981
599472
3426
414770
-985173
-504529
-404220
-628412
596057
-995362
-43693
-998880
516678
496743
957841
-123881
170341
-261092
445213
-81342
-129350
-201274
-328414
441506
-949130
-879890
-409001
765082
-594286
474117
-636158
-378633
490706
-487348
448875
279114
-803835
837143
-584595
-959012
-574878
395083
181342
-901810
-112705
-205570
605173
-19379
-977701
63651
-441950
610052
-992362
556123
-268389
518512
-310999
-284639
706525
556111
-200717
-509317
-382945
216830
36458
344167
972860
100590
-902479
394975
267631
899716
112320
751644
-54439
-378990
-376071
292423
-991414
742081
-938538
-993883
783785
417463
258354
123693
473642
-960518
921463
-756764
378537
342463
-765411
571519
861327
-283467
311113
-467549
386830
879993
985312
197297
-580828
39892
306765
-169497
871959
-514948
242870
-65642
-72468
389403
322204
899229
889122
777496
-392839
269457
-817079
-610400
-3350
450210
-932651
996417
699984
697366
-602054
-453093
-969608
128622
-93022
372172
-28681
-944178
-396657
612315
775846
-405664
-915599
34726
-130710
-726046
448737
-276935
-643094
-820707
-738463
-180525
-735258
-591261
-364863
-218025
-664403
-710242
175016
674914
384345
-744914
-597742
-485571
245410
381500
-106288
325397
942973
828043
-294906
742291
-22227
53371
528520
-760920
433791
690721
-64471
666716
-484717
-918347
-313639
775531
369975
571276
-129572
551066
400348
-505579
-909020
-178593
95462
912743
847356
-439528
291923
118793
8749
-917124
675181
-284502
612019
-252236
-145491
239766
-838699
832116
471561
-550432
762262
-534794
-934289
462449
786836
-545413
-665909
-566332
443547
317563
187965
615766
-276507
-717147
-511136
915524
-802227
760833
714315
-251496
-605470
7790
25453
219255
-39066
257519
644331
27198
915203
-922601
-662245
219880
-630653
717788
-316386
-329778
912661
-712535
500764
-276448
-53289
-127733
-372759
-541350
912416
577320
715477
599192
898453
382376
-604007
-651662
928479
752806
-206595
83251
-82802
-518531
945887
-247648
123748
-287491
512965
-257207
-351951
-810512
277390
49708
-317392
-732026
845538
-38202
-745274
-527285
990584
873572
-155117
-421509
396214
-374645
-874046
-970150
-8070
961130
-639827
-798362
367591
825846
-49305
595485
-424425
-422918
-724410
260516
-835198
-442924
122892
-942918
208636
248871
-96761
-544448
760057
-201122
-822586
715814
-523330
375021
-874347
-360021
-704659
749427
-814145
-338352
-38789
535268
-475859
705042
271654
120549
-953604
-90242
-898342
594024
975859
900065
788675
800611
-602224
732162
-863263
101857
275333
907523
-528853
853405
681561
-769698
-566521
360840
469617
628583
-586360
571118
-85278
-640769
-497488
-984439
-437383
809045
352971
605964
151241
10074
351811
-627572
86530
-24657
217205
487424
992339
570808
390115
848787
-239486
-592317
707622
195663
-273519
354243
-852928
-290341
735277
-269217
441172
-242239
-540846
-323326
527271
244543
-886702
-534903
80806
-311301
133933
-552650
-22808
158517
688547
-269263
-376528
-618996
-668035
-362461
-98538
772161
-297835
158092
-659890
-51747
-401803
-90908
54334
-600879
708628
-493087
126500
61790
849187
-790848
-238055
-687359
780470
-143798
-245737
963177
515941
-506317
-810766
-877368
559895
528764
480731
899515
-233792
983808
685097
267684
-26016
584140
959546
194441
476916
-358337
-430335
-272973
-794952
-110118
182278
59138
211216
-302080
-804254
971239
728831
-674796
-631752
739596
-98949
-902865
109376
-675123
853199
287822
557655
62762
-851713
-588435
-475588
-894034
-583973
-77463
-937003
-561289
-101061
21815
-515751
-632960
970177
130230
982391
63388
2920
610127
420158
694529
959108
707891
510140
829429
-518292
-51488
880249
48672
-939980
466410
-983615
-201277
-541714
-188909
840632
736936
602737
872527
913693
-509237
-282112
-309109
-711413
-326459
-21006
-735322
914345
656540
998436
255998
-787234
145978
65187
464992
343612
733285
184676
-294593
-911914
883341
-393041
108054
-244052
-345133
541281
-436388
125985
902629
8649
260957
-345406
-441395
887464
528370
865350
-611627
545814
-493240
344146
828233
958146
76154
242620
-786909
-917393
-936265
-818707
-829001
361489
-341125
-878524
-825591
-342917
112128
739228
-518767
-1006
205631
-491919
184215
599701
-782374
425372
-998790
522347
99417
-695031
-163385
926892
-702718
789779
681107
597534
-905835
-145252
192778
-331311
-296990
-92664
222584
545226
-565729
709411
-357091
563008
-926083
82145
-651776
-244917
-579635
344455
-981014
488242
-690056
-525348
666953
-153568
-785893
49146
942553
487963
112399
464284
-324832
20039
443859
505620
-209275
-785139
-679508
23085
-807557
-912059
447037
331309
-980394
913064
932347
429209
109624
393528
935337
-704216
-387888
-699471
9836
-60493
-283931
610608
-120781
10705
-925001
-782836
951804
1
67570
-297521
109685
-97617
-289939
334482
-381286
779390
969176
-840524
31577
707422
311996
215097
-975409
-233683
561829
444327
714086
79298
324306
-484432
547581
-167591
-75792
-421889
368559
-101247
-838837
269604
697667
336156
-349763
335405
894018
630270
-73824
-231116
-914531
-643504
-606422
-164049
-676578
458485
431225
-956697
665267
-966898
145543
812182
202735
98186
-543774
691005
896943
-233038
-585046
43777
208332
-379917
352190
817574
266158
443686
-868634
-356459
-292907
-927690
-401280
761575
226294
-382388
-477750
139496
-843297
-325083
219464
-73924
-928048
-710309
-542778
628776
662579
81804
924873
237082
-158181
-708742
958136
182611
298709
834445
894879
970669
-794111
-585644
-160737
-972799
67409
-871753
-433824
343006
908792
274113
707810
636024
-430309
-713889
970875
-779594
-804124
-220682
-318312
-220513
550008
-97255
728083
602702
-497805
-588671
-79443
513586
-153127
-958034
469250
-198361
-74471
688589
34619
643412
607961
-516836
-84491
-566314
-691004
142531
544064
-725416
-429930
875918
-588232
518682
-485663
-347786
-837387
654577
-880946
-125212
48900
30018
528338
27946
422985
-212261
-793520
-789677
514020
-52314
-296284
-627594
-523707
-466837
-255882
-534328
-248452
185204
-538364
-174772
-83765
734708
935927
-126080
791430
-572475
596941
-154474
558017
-400379
-407393
-780382
511725
-492318
-547593
-190464
25222
250529
127993
-169735
556375
25335
-596923
-567956
-388073
922125
433849
89330
589582
-285931
53487
875158
130041
647343
534757
-65235
-123735
-909525
-207465
-539405
-482086
483473
-121786
-178124
957774
675818
405532
664861
-6075
-420977
87982
-711441
-563139
357270
-157874
984205
992116
-139183
889725
960521
-351155
-339909
-275178
-148673
-148222
-58091
571483
-984971
754999
-187008
-365280
-388827
-44767
420223
-100939
146371
-505574
778085
545471
231038
-679709
289018
487104
63329
838817
-444347
-630023
945133
-107132
113960
642385
-409884
405653
-767665
-809399
765600
168190
-691803
338470
-151312
-682602
-109946
-470014
-420058
910243
411982
415337
-128897
569915
457778
-993375
251451
-259281
927642
-303112
721950
898676
-304793
-994252
-717124
-84931
-560741
400893
-739347
837532
511191
-242750
-641906
897551
757732
87664
544358
474328
-122240
-313461
-894079
-827809
-274243
-599850
-59078
-247662
-996301
-642300
-938468
-221858
-459769
746028
-459868
-421128
-108963
-927118
45866
-127360
-518052
-967423
681391
855850
-749111
542565
-28146
908978
997583
828833
411881
213408
58355
-339548
-814068
71609
-281654
273047
-200164
441063
-1112
-349213
972451
525609
-487905
-163009
938159
-976645
-24822
-979181
-419693
915620
202850
891578
-459863
-679612
-548914
849983
279600
901199
-835924
634318
-933484
-673192
-321380
60269
-833857
967389
426516
-839098
123647
966348
-111267
487837
39050
-491701
210377
720464
337223
-417188
-725056
-261541
240607
-190123
256740
-259656
-406242
793558
62195
653016
-848236
265174
433936
-900754
837554
281257
-671933
-450520
-419760
703872
342836
421313
-597311
-99597
945994
-373644
764659
-603177
287060
974520
-142689
-350008
602281
-610138
-2094
-604060
-888079
-257655
-597323
434742
-445257
-317273
775043
106392
-714089
-448733
-662626
342132
765866
716912
92409
-102273
996016
-181781
962708
411993
416662
-249363
565602
634666
-82331
-568125
168481
23714
503597
160755
-323649
426726
-371701
164872
-429833
518391
-904128
515690
-564277
-433041
-618503
-198193
310255
906144
-15107
203831
258101
56080
-224674
394884
-354213
-18652
733436
-750088
-293519
22048
-808494
864672
647832
744194
-558322
-735460
104931
177896
-576513
182858
291936
-301332
857151
462084
-814743
-757256
-688479
-645485
-866840
-992673
788512
474639
-400875
15499
-473857
123734
552285
800302
-90772
-524908
612019
-704028
282088
-850366
-54070
324815
-230828
-207716
889289
868275
-205257
-2345
371089
339604
-971234
-373244
861646
-378265
759457
-55473
907693
-429094
41307
672130
717319
-765801
-645208
-583217
-750340
-255728
546461
-216219
-131565
-611153
789885
768758
-239820
-646384
844474
-809969
267671
-510254
34067
394429
-421649
139329
325250
77688
-669984
632196
-87828
-997999
-235383
90651
883044
-505690
-2555
924130
-503244
766616
-49556
-410235
638828
-795837
-880910
562600
191888
392035
-851379
910632
419403
187742
-860777
-532735
485753
719901
767646
-226346
-356150
-503434
747370
-905042
633501
-303489
424488
-632997
28723
497796
535655
161659
351884
-19121
-771824
121809
-78146
-850261
225108
-622078
-300638
-943628
456122
259435
196223
845071
-485420
821419
398830
948051
-245320
-376490
856402
-633185
-57679
80925
492845
-442576
-487699
510677
523240
-580922
304433
-99078
-579828
-884993
-161187
636483
817450
19516
39343
45571
935520
282509
946891
-45837
152960
-77194
365901
704884
49864
121261
-131932
812204
517032
-723928
-997384
390284
784695
195458
361929
651289
935507
-160406
-656676
-985573
-312550
21684
405177
723576
607327
492580
-455720
276731
-741459
268842
-741080
900654
639427
936745
400734
-631693
612797
961698
945574
904863
-931279
-364137
366964
-480177
38027
827155
-833961
-860399
-233434
-932000
-321205
215323
-667091
67162
633740
120150
-344396
876641
-773980
-371448
-774735
964018
-752886
682201
735971
902401
745148
-425536
-84541
4237
-718856
279376
707088
-762169
568573
-120842
540403
792314
646736
-781702
-556100
-379630
-884887
-534077
-629336
698793
-816028
-110728
207181
363547
-571295
690064
910480
521535
-988669
219311
538680
-392975
-973166
-548374
-403330
216829
-142861
-274165
460993
-688681
-801105
527099
-137881
-116462
-868267
769985
395423
-193005
401779
688336
-751246
-711405
-281445
-332331
754428
927149
-892614
-805268
-337648
444339
737004
89473
-621149
-575332
427262
976163
571984
23680
-694109
-50655
126343
604955
407421
-437714
-119145
-280233
939591
-407053
-278959
116207
768447
-781467
-867501
-583356
-223548
646743
-340533
-602012
100347
6268
-442495
-673800
176504
373501
-531888
-504196
142395
-821140
37359
-559591
-418805
-708231
937235
-561269
535185
80186
-611270
-597870
295793
-130443
177468
-900344
-3903
890892
-648255
-26932
941418
-125827
-945669
404141
164940
-474519
626167
210476
-258204
914569
178175
-808929
-654328
-132573
-394789
231396
-397997
919848
-90046
-751301
-510866
-172438
936858
101379
262314
106779
597628
137708
615898
304107
-795240
952421
-571338
-258570
-563386
827964
-539796
286083
114971
-633971
-781507
-822900
700126
-637582
540404
-250805
-833684
-229731
-876200
25935
-673200
-891486
869375
-285254
399134
-349084
-136289
-984003
388250
449931
454991
715815
746428
739741
155176
781187
775797
-217983
557522
-110082
-149156
-678796
613116
-29657
226509
656130
-999275
564807
-882558
591382
-741649
491619
-914761
-837632
538869
-321947
437840
55691
-717700
343037
836201
401526
-238139
930801
-983970
735660
-736188
-501967
223083
-478840
-221265
-331237
152107
-413393
-172823
509330
-629390
-685119
395794
57433
-713346
-49917
-645730
-705546
-882100
495529
36255
387433
-452323
-111110
4220
584602
66858
-937127
357060
481598
841240
541727
-243945
-860430
-492979
819980
85477
-780321
844141
-859006
-186137
-552237
925270
318140
-189039
-711119
667406
413474
-80694
-92004
315124
-223348
-429103
672878
895838
-113764
278584
138387
-599201
237621
-396275
-980609
299748
518056
539382
774280
726538
951642
-826007
29718
278628
-145652
-764766
465073
-90726
-361014
-241984
-176885
227842
285816
-298894
73717
262921
94037
-943707
939517
-95801
648642
684506
-146113
-852023
-648267
560400
619100
-920013
-800133
-622022
378887
57967
396400
-453498
-763854
-659082
-338859
486195
546030
-89246
-701861
850824
59010
-729348
-458306
-482502
75667
-549460
491094
368714
19007
-78088
4015
777123
721365
-313127
-234966
-160243
-255228
-676322
382201
-822963
-658746
743707
398668
526451
-70067
-745013
178298
66137
246191
-589697
-798568
79446
696469
-788642
645456
173923
414356
500564
-270202
-615935
-90796
548304
-111356
-256053
948167
575701
-651445
-741474
818542
984745
-898684
330041
-988092
-544055
-766630
-251955
-246379
291429
-655667
560111
779303
335770
-339261
858497
-924475
728397
894747
-854773
-53629
-354270
-615393
703612
751237
-489629
-334296
-60606
121996
890059
-985493
-645896
-135598
673204
-32676
695458
-591751
-527685
416288
250059
-191095
-897825
-245736
-340043
-775738
417070
-612413
835403
406368
754560
626
-667492
-321223
-228707
304902
-983155
595615
271768
-192054
-936216
-595229
-664579
-617378
-776342
-538406
-34022
151453
431287
-676393
-982276
-35958
323272
832716
-317777
259571
-274816
959191
616852
707706
866764
-515035
-975615
241885
38917
992076
-171192
-391908
-438752
765931
475080
-652937
610876
273054
-193695
623844
-154523
757091
-839530
-706273
287759
-616858
-981298
20147
225415
-715246
-922985
-230365
238920
-70048
-422937
-670750
-102482
219169
-831844
-245755
-596316
867851
-629431
-914893
-521259
300223
-354104
132143
-455252
480915
96469
886898
707675
180167
-642254
-934119
-823151
33670
58429
558226
225821
693048
184153
-841472
373758
202917
-480749
-523710
-224105
727843
206832
-736971
-13645
518970
-795804
119151
125349
-523425
524877
-676492
-557999
695290
-861412
696547
300817
58849
693733
107587
346160
964631
-937775
-610267
-762382
-884790
-398553
357586
51392
-612300
207418
122946
-937163
-747288
-558225
-638109
361071
-953318
-608919
-665814
848577
-353598
254270
-788249
494559
-357643
-283388
556107
-303691
-297995
-864196
30706
-297507
788207
-406077
-360633
-390890
922821
426174
171281
748049
-128396
232670
-884174
304891
-510691
888067
-182309
-460419
613986
642323
936247
-468714
771135
628051
-677173
547329
-121751
344498
833876
-165592
702243
-384223
-877353
-967795
-271982
238350
-986583
-894515
-216429
-945957
165491
116617
-946474
487334
153722
50982
-736342
798430
387041
-103913
953402
810122
-639248
-181425
898691
75775
-75839
-870084
-707869
276043
-180820
-551091
324510
293884
985790
-445442
71224
-875227
-904407
871128
302316
540026
-302183
-491661
472433
432239
-519260
-521031
281284
-910317
-525148
-553046
-485318
14232
-964735
-325943
-232008
-170519
277627
-458377
470383
-844679
-777748
-112271
605169
-305272
-979232
260466
-471894
220722
-127522
341951
682216
42793
-994942
459663
159087
-916402
48896
-918365
-503672
403595
174389
-107519
640020
17268
-696201
295648
238265
-670445
907475
-953116
552810
-118178
-959708
-411728
245001
826269
569572
273821
-141276
-764656
-997492
-269801
-109777
-178386
351957
-235011
-649910
-899343
-209898
-384596
240644
489859
-65222
125358
446057
-938669
889467
739312
-165823
-146461
-270360
664617
651634
-864093
139144
-59445
-136320
-653503
393187
-804004
736066
-500901
-355141
298896
88084
-305463
-856498
839315
452854
914159
-431306
409186
-215878
-337423
-339902
529771
-1664
-470639
-279478
-619938
376694
671429
93833
-755968
-877973
-584656
-397532
88625
-291447
710061
-373894
672936
-522483
-625899
92768
234078
-246673
-744497
604304
-191151
-602615
-461998
-50246
178134
668432
299494
-759716
499261
-618267
321575
-491729
733439
-186951
-708119
-191409
-559207
337769
-652240
-332882
-215519
833115
217306
-743783
-698973
-950879
-193987
-478050
-353591
-594302
265652
-921913
-530522
135948
230065
-718049
207014
-499413
-483367
-809221
77130
192700
754657
-532035
-892301
-876527
-983121
52220
-199114
-677382
877528
36244
-392950
197237
-806699
-251418
-292748
-163597
401957
803741
-454729
-644490
386906
852943
281302
253494
-3341
673533
-429137
44785
-58453
985079
116827
993377
311053
408774
240427
660769
529910
-956994
832013
803118
-630302
-404183
559836
231159
-641681
869461
170286
-489425
37088
617846
-758268
914499
935496
170793
386331
-633539
-655957
384161
-649312
-489239
249667
527469
-783446
434871
314276
-933536
-30104
901135
-120153
375418
-186972
910990
-84543
487018
272437
21465
-177834
-970423
-697592
-262313
-99375
-44114
514596
31929
-889524
-878918
-789942
-705607
-248976
-236080
134716
-83095
-41561
-763775
414906
989829
853427
130562
732809
286942
-576507
748476
407850
-429028
-70087
561752
887182
-995193
-92677
-670503
-147457
-957177
-151684
508650
-38529
-39067
752794
625829
-177616
243933
465396
795767
-853217
313344
938785
-763432
-438181
-69012
975354
172760
-987284
52137
545308
37806
-194378
533525
-296528
-314795
-410410
542930
738012
312739
-844198
-812515
626945
-237763
128493
-581870
446586
-356706
407326
-757300
914945
837841
-475395
941416
-475498
407092
753819
372884
190868
-883463
736817
408007
611263
760992
-700729
-612132
-589035
956730
805447
713680
-790844
-150176
-947190
343135
-565819
854140
106390
875941
479563
-210579
801838
-165484
-839439
175742
627098
877921
924121
-799126
-285786
450879
672002
-324375
-642561
-138913
520133
-887584
835969
417676
-479866
786020
930637
862158
-762663
-539324
-12297
859178
-181957
907032
514516
269915
-82449
-913734
101292
-182149
285747
-129365
779708
925091
199980
415302
-425031
-789509
-37230
537988
935826
830559
-825284
-564772
-242864
-426201
-645660
752988
-571285
105771
643587
-600901
242116
877727
-402855
-741843
4985
422285
-282487
678657
767796
-87695
18129
122180
609177
-364229
951230
-819874
616010
-890649
-22931
-697423
-969204
399463
-669565
84061
891625
502333
-981068
996686
-639586
609928
53018
487187
-122308
6861
-903878
48734
-90799
-313469
-556340
-823359
714645
-518572
-151570
-60818
198594
-4051
817232
-132892
-224038
-40484
-621794
-805189
-876122
124123
-666134
132670
-842636
-715713
628175
-49354
-784689
873365
321601
-307682
-595552
43721
470349
99341
174467
211531
355993
-158069
-253614
-351553
-459814
-313776
487307
403327
53176
-555143
462664
861784
405206
-486317
448392
-520460
-644143
188065
-606167
-689640
-819969
-934583
-94366
880699
828618
-876754
434362
380905
52617
-910964
-445710
209243
-759851
-604758
680694
-893784
239099
-832119
-184742
-783308
-696602
905268
-57965
-300913
-622492
-437554
-639907
-743850
823347
250741
228364
939231
468830
-791811
405226
-526092
238384
-567867
384054
635721
-382275
-977768
-674497
792796
-774241
490747
-461418
233572
863377
-565319
224024
-296961
-286549
993482
505513
-810437
187624
591752
-465791
-216970
613414
228047
-807740
786932
-273671
-795328
366625
-206642
-421922
78690
-362067
952654
-603319
166148
-208144
598603
-587797
-275889
157452
-604972
417316
-540707
-685542
-566127
-596023
138931
167667
552136
-406704
-606551
-950778
-519103
-209879
563386
618726
-261490
421742
443714
930924
734041
20465
-362251
753726
-319992
-321733
884417
269595
-96997
862075
-308171
-605967
-274021
146963
-564000
355154
-445946
563882
608388
921546
554032
-298237
-108441
-997823
900833
-625035
316354
222617
62074
766478
-752787
214975
295339
263782
26273
-474288
898623
927469
-844302
-507404
812873
884180
-726287
-162777
-273990
355733
-157836
211215
386868
2219
-579268
-416799
638098
946051
-708915
253497
436645
48209
-335371
875385
895819
-361529
574031
786282
-652459
335645
677919
-529420
716148
983371
464095
-784307
814550
371210
-238234
-486125
970790
624752
253382
473190
379351
437621
-783685
-973158
478215
-609984
-165375
21336
-876546
592656
-402423
-129958
-99936
508198
-172436
44530
-196899
646146
-530655
-482172
-317015
541853
-774896
-541075
-652615
-512536
-781571
907680
825659
-967288
-681321
-714882
419585
389429
-85836
17495
940340
44658
710798
601020
453343
-333691
112865
-112510
939221
494074
413903
756859
868862
535448
232331
991883
680630
997736
-926880
840945
184438
-191956
328268
-574683
933
-942560
-671960
-543722
-363603
-345614
604823
-761293
-981476
-283985
-267579
697644
-161044
992203
896733
-62517
-401777
-846948
126924
333859
-785944
-966034
889022
-716412
463909
-508062
-383271
52050
-68863
691984
708520
-43068
-219356
-924222
-972040
57543
710930
-612996
63632
-601484
874792
452552
-420984
-837350
454192
219106
909643
-572323
-806816
-177024
-451198
-352033
77082
228983
-431797
886062
240999
-386625
-623810
235672
133798
664963
-971584
901153
-917502
-957884
-978763
34817
-169998
-534023
-581502
-971094
-247656
-477248
232503
293336
-335368
-810350
-732406
-611731
-313161
560044
289605
861394
716646
178653
-211876
876342
-890205
-963269
368538
-619759
-908627
521854
-648807
-686713
777364
-138615
-347124
-604276
231197
504998
-653310
-668807
740640
-465888
-125225
-601757
653950
84491
406704
-392879
495412
614283
722260
-250990
-980594
560125
-244533
800576
-839384
-829456
831828
-471980
-42240
-56575
647759
871598
-699904
-896168
195431
142987
295338
716703
637654
-582865
954997
362484
500206
30686
399080
-169708
-282835
-158208
704522
-811896
-371608
-907644
-674762
-551644
905746
-586025
719700
-775341
-36649
-977522
736685
963356
-393531
44755
-310710
874233
898280
-280344
-17870
257394
-416191
259755
889125
897808
-413534
66658
440155
436703
-454705
-342306
-533272
-605465
52772
-61535
-916364
-610797
-360482
-277343
500014
637497
82447
-282701
233737
-714165
900550
-440752
266376
-304794
172203
829841
881450
-741204
-694081
-740863
463003
751024
-908910
905919
-969655
-504309
-528051
-506080
-559589
622202
-59983
257933
-105638
269210
-389761
-345034
464235
-765030
-398890
-535818
-615296
953168
292341
691574
-781090
-642604
-806641
167769
683790
354754
760416
-585655
-154116
-792681
-279136
-944420
-668811
-607142
889639
-647736
890420
303804
-901534
-763032
701881
-833251
554001
-697188
214165
-933863
767124
831507
-657504
776599
-349495
214162
-894272
470860
41671
733525
-469762
16542
395648
654134
-702464
-723712
-101400
258528
49739
782000
437041
693361
58064
-206464
802969
299020
-407661
-363825
-997492
179660
457050
-745732
-396988
-368236
428236
161270
569095
25117
752352
-358038
959911
192132
657752
468123
796827
-372196
169471
65709
251665
49738
2971
852526
-576224
774227
122748
-462249
-218638
-988807
893284
865729
989013
442377
-948166
131025
-112062
226610
-419056
142892
293613
844501
-730152
75358
888036
904326
418033
-608811
89820
-313119
-847731
-10610
872202
-415482
497812
-736343
-506256
-16725
834184
-661062
-566611
745460
-376893
-351377
-284127
-765926
-495030
-209066
-425087
-460213
660803
469298
-922276
601625
-706549
25844
-284037
668123
-238043
-652627
573599
506720
-216383
-567642
880323
211048
712680
-320649
-408245
-511666
-332750
-461586
-275536
744504
-598355
834063
-714048
-131580
-756971
-851178
-612477
-344129
-66932
905919
733185
790126
-681278
107176
345985
404307
-795548
-281096
-282103
376493
-373934
-542610
251155
733368
931415
-145490
822558
557716
-870326
-206715
-506198
183579
-732480
-92157
283327
-139355
673666
187722
-935195
450667
433780
995135
-59950
-620796
402643
-248040
465856
-88517
-564799
-296233
827632
34036
-606212
-850826
285359
988084
886005
968679
313695
914812
-418223
-606865
314304
-880094
57248
-914464
514652
285743
667288
-25995
-754595
-534843
574232
-538908
561966
-723871
874498
471749
-512213
724390
871005
563049
-9531
-913572
-466718
-278281
12325
259348
-396444
822851
634874
-936976
-592332
-973919
408871
797499
734780
136947
992031
511448
-877313
147315
-184461
461428
-188782
122693
67322
-692470
643845
-353731
538659
925323
-870874
-388011
-594692
-803734
568659
716849
297900
714087
-474028
-450491
-281
-18229
-102898
-851647
-481553
442426
-353595
744931
786971
-832440
507704
81209
-297532
-357502
-987224
-896408
801697
826188
-256552
980631
851843
405069
316494
196104
860376
-724891
-266347
-88870
396380
197184
-459046
74147
-581857
-276958
-818220
920062
118509
607405
768591
130366
250003
-798401
-80713
-403917
-3066
-811530
-371262
80570
-920113
551803
-104079
89040
-78434
-819073
-535635
-442055
84401
917214
195599
93261
235226
-886778
-832722
-738482
370712
-489353
236562
649838
-928341
657703
203352
-946431
-354733
419554
730625
-520008
201285
875709
-749178
-66372
-582133
189618
884915
-772371
-165619
654783
-742934
592060
-447292
367766
578805
302430
270022
-635820
662749
-338427
-999771
-417928
209775
953420
404726
-261235
-703146
-933954
-205730
994870
-950996
-749872
40503
-75178
543779
-17205
-368811
-440592
968839
172075
21936
-167939
-254445
953092
-659176
-589091
524889
-349996
-894979
-23393
-128504
638950
584654
979780
920776
-609406
-67556
854246
801218
205028
-815368
-99792
-816450
715670
-318152
-8873
895962
-106816
911290
-126726
448459
921364
318832
-58899
-275787
-521081
-334996
672435
99478
715665
-626312
-619618
96694
-77002
-992942
709728
-246138
-596988
111427
-206735
-630400
-584064
-478111
-595758
-281036
728035
-155222
698031
411484
-738514
-221654
-189597
51870
63399
-125291
890100
197297
307081
-634912
313103
-837476
-989067
-861452
-539164
-455310
217150
-854368
-119968
-259640
-313859
-340297
-310463
-615590
940069
425439
485535
-238720
832844
-988827
-942524
634501
-376174
793912
-85637
-753611
-829213
564119
790100
950027
670349
13235
-870450
953722
-689253
955797
-651931
-724177
324930
385286
-430273
754240
709577
-255969
-4183
544899
620082
-961349
335391
-906749
968506
31149
-782106
588048
746719
790837
491686
998316
533112
723714
555339
642106
-191306
848276
184371
-567806
417414
675691
-416703
-354939
732878
-736731
-281641
352080
-800187
-867459
64430
968430
-64525
-426986
-764438
-302668
-333270
-863515
306196
655510
-48096
863111
603067
-884713
918108
-340209
-860123
-620747
215479
806531
-829657
-304476
847627
-461132
188056
219860
-528479
992418
-985545
150744
-44910
298768
-150384
-16929
806628
608997
-255780
-703338
-765165
454241
299389
31661
-157062
489916
976532
47879
439558
-117100
757170
-737342
828599
553877
-63403
170067
981730
-405036
-264923
945890
370052
221655
197271
-214528
-837744
78518
626985
-861800
76808
-999758
-390870
-55174
-519753
-409107
-370803
694862
905715
531521
-580151
-155949
-938425
149795
-681517
756323
-584568
-66388
808594
762172
155175
923927
53622
10038
593958
813496
47636
-391182
84026
467425
-881192
540865
-657159
952563
-630951
933089
334946
131629
71015
485946
-238283
-513573
736806
196983
-78569
53587
-960345
-533697
-457391
-638922
-887894
566775
-646990
124847
557270
967227
-84630
553158
-291541
710713
418187
475651
238837
580421
697515
-157600
989766
-539150
267001
305650
-964864
-90958
-535326
-125974
281574
-518375
854644
39330
-515724
-173523
-704135
-80352
281920
-641888
-950931
292725
-157736
-340363
840397
-903040
-630761
-489873
327627
2561
198550
-237993
460926
-98848
-554119
682986
795285
263949
732514
-347737
219653
493952
-546965
-498230
401185
640459
-264412
654921
696579
-822830
878045
-388370
692298
-973446
-21503
958405
-944929
-784455
961338
771346
491660
798614
935513
-395410
62425
192196
944028
-43035
-972589
-752556
849786
-996376
677528
537801
998266
171032
-522553
-566544
-219194
-103708
463380
-25671
614448
-575572
-478709
-649060
-144905
244218
-198422
97785
258562
-835260
327089
-376446
150150
907345
-428106
-708769
207215
-239197
366003
285176
-499833
226605
401752
-608918
-512485
548682
248394
413514
957783
-208011
-204189
859906
-187915
140738
-545532
-539251
168060
681601
409914
939761
71970
-742063
-497946
804065
64877
230430
-890417
-992093
-389142
-817465
811741
-127452
-771962
317996
-636930
-359360
-687868
-489932
-430547
988018
149288
-869812
-871200
675403
-388268
-342408
839023
924263
-846083
92719
-772024
-507878
-254983
-505159
899387
-142404
-991731
-270824
840091
-48592
-147318
-361792
-305953
-965815
-115739
-268792
878090
88016
337934
823037
-114176
585867
-103534
950721
152743
-509644
33091
-23743
-673215
563678
-534651
-197584
-365624
586732
298517
266433
-293959
-217749
558245
621983
408735
898900
968963
12646
-775814
744525
-842779
381187
-586019
871999
-524543
949287
-337123
-133030
-803640
-354844
733492
-641938
458692
-750416
773051
-644017
-721799
-594190
960481
-819926
-900320
-108670
-859501
-816098
243672
-162628
-940527
-563443
-771032
-882011
775237
614075
-61362
158022
649667
550090
-70019
-910665
153656
577150
-569654
-403652
-434605
464609
969765
510052
469853
-563709
589759
-355889
753501
348461
-495357
704935
716563
288005
936549
-84
-66723
-927309
-878210
855489
664366
991541
-507281
855340
-489304
-186435
-56452
72642
491071
-723981
205295
-906040
5819
856059
681996
-737094
-34201
-472244
302172
995068
-679560
836587
557246
601848
-147433
-477900
-719846
627168
411433
118521
479060
-321180
82841
-99268
218687
125765
-388
-125766
-77173
225192
-487869
-125531
671272
-873778
-184182
722772
-712910
-190827
936699
814845
725098
-337172
54446
-836773
-3637
-654141
210180
420238
262950
123530
-20533
655998
566224
224549
-616001
-547194
139234
928016
95848
-633236
16864
-897285
828020
523682
-943240
730056
-2440
-757069
455906
708055
224882
699380
319833
-586829
-216288
67580
-191647
786553
744310
74869
586769
-845762
422562
-532525
460488
816411
394936
225941
-519437
264096
78470
-144595
-812346
-351601
660581
575322
-643699
-337834
-790660
387607
-990391
2651
-864717
164763
567197
-869390
311010
-399310
521694
431948
-155885
527921
864304
-699807
431040
-154830
926206
-143695
-518542
-626268
600159
938466
704272
183698
890888
561163
154612
-564368
688579
982202
325586
446944
-222616
400693
-707770
116388
563817
755687
868930
903514
986367
-237116
659797
616241
85732
-9048
-879915
-669173
463247
-494696
-540892
318505
-651963
749868
-739763
662314
108300
692342
-946778
833043
96159
-563954
-958113
622247
-268517
564136
619792
-611542
-828565
420568
356387
-379209
-968359
748288
-38366
-893582
904835
-519763
-401826
996210
-746041
-938413
721026
926254
196795
-567783
-772140
-395586
-722445
416382
20625
-882957
330395
-629379
-45567
217052
-964047
-666066
-925947
-576355
950716
217895
-226270
-583604
278579
-663176
785995
-396107
262643
617065
-476868
325105
-366790
-585838
303515
-174939
634019
-954067
736528
878007
21786
-970546
157228
741616
950032
-219630
-467560
823118
-966343
368391
-977362
-135265
597112
470857
97706
184823
541308
-632147
-963588
-262953
44881
-649166
272350
6515
-695945
-780085
-666182
526466
244353
-101583
563934
85753
958065
-515809
-674666
-787117
232100
477168
-138877
-148205
579161
-543553
29274
947366
-57001
335513
667280
780987
434441
831828
-149254
-413371
964607
332625
308537
-464710
413611
357389
-260852
116233
702444
-988502
287934
-504636
90260
-648534
-601265
-302627
899750
735966
-961212
-740128
333893
-228360
-614112
-407430
741552
-200266
-467350
123233
660909
-394186
830835
-385453
-588597
-971880
-863450
357097
115610
-136528
693149
431819
-32767
-105341
-338104
-857977
470657
283519
-408861
242137
-4702
441845
841520
585304
67869
858388
937813
-697932
-528544
556627
475901
-857033
-975092
-81049
948088
-652474
69533
123346
-430882
747945
-704699
862654
604777
-871917
941722
600509
-523059
396410
357900
-167485
165526
-913370
479709
543716
-247083
450986
-410322
-994483
-467773
-948341
-743651
283953
-887485
974346
82788
855056
-321372
-982760
-312579
-833435
333863
-941282
-74710
605945
319462
321300
-892168
909382
205015
-275915
-393098
-143528
-73728
247877
-851136
-384762
-5180
-528455
-981865
878787
-828738
657051
259233
-393966
936793
-737382
812272
76502
150849
-990361
593606
221610
634805
-86284
-687389
-544836
-162302
828027
-500043
-818878
153780
-448243
422750
-397656
-309867
-631802
433669
-203171
889120
762385
-821846
-570050
969573
489009
-199698
82017
-164477
558897
-948050
229266
-973194
-62870
650226
829776
-495720
329343
789915
-950494
-987186
-669317
-323323
53287
352695
-733440
-927968
-311464
-471031
-295990
109510
290916
-966726
776403
119118
382383
728421
-754999
459184
-100225
-962690
-281726
202210
189575
674057
910767
-225594
354471
842771
748801
721358
955943
-318661
29136
680940
-808045
914130
941632
-607493
-541407
506743
-292176
-259888
-926967
-519676
517896
369704
-375881
-847714
-590558
976232
-253480
380469
916136
842349
-6455
399454
136469
523051
-171708
199463
-484088
68851
-943326
-544202
902587
-731544
-208274
-595825
-132737
912889
-585375
981750
-627983
122520
-443208
602876
657047
-627394
-953306
-39530
241410
765491
791119
735060
938642
-402320
-498984
178718
275700
936239
-796750
-633736
-653514
-324593
-623993
-610840
181397
757130
-325853
-839571
-109074
-246069
86776
-921276
993201
-821658
210082
-478829
946591
260032
134629
353685
292068
290794
159933
-72841
-565127
-96622
-760322
35119
334876
46826
-273128
501323
69540
657197
31642
-753290
-132028
3663
651384
324223
764169
-484492
-701153
106088
983160
569661
-559396
-8382
775714
-533884
-91396
327009
405331
571735
631973
-463511
16110
-407649
456860
131638
-292947
-996430
506747
-259201
363764
145993
809160
939292
-882077
606338
669273
-881904
55523
378557
-906536
-337269
564011
-446871
540975
523244
-218733
272955
-451909
391740
960050
99655
-231474
-40287
-53318
-800442
-116505
-962944
156553
-540078
-62270
-986969
2990
356136
-100197
-647172
-482229
-280046
855909
192829
63952
-274541
637170
317651
-907598
-256366
614740
-354851
-300502
-610014
-505736
-878127
522356
-960194
-196754
262282
738696
-788064
146837
821448
706755
-875826
190974
417621
781774
-397468
629144
93597
-989465
-842965
-223537
-125613
-806916
-35273
-736614
767276
367823
301814
-153571
-251953
-313298
-348318
655498
11563
89283
-105669
-164624
414749
-808919
-665529
-462776
156507
-562528
39893
23005
-480657
426877
987962
987989
-497648
743058
10875
568452
377800
-519289
-458704
359696
414715
637529
758552
-196209
-659130
243173
-532876
384825
146046
-550007
469180
896617
-464122
-185277
-444369
-735779
579015
-257334
-924853
-121125
-732019
-4674
-770577
284899
-296000
771556
-183151
-659324
-635854
-915126
-212141
-274643
-882745
-743084
828494
509649
767806
-625072
-883349
698454
-841084
-3045
243376
-598836
-514480
249662
637610
692163
-589438
813834
-21936
966821
938065
-70088
223213
-903460
-258021
419469
956451
736508
-193877
-945073
242976
-980608
135069
-4420
-419379
781746
-303393
-36315
388277
-816983
-695053
-82292
-336851
154445
-254298
607662
-293637
21365
628649
959274
53326
-916224
13600
-155740
360688
-658815
185750
-320347
-940669
-825717
360956
-866259
-3430
327306
960083
493552
-697808
-132189
583965
-268723
-281323
-92086
647106
928296
-117739
-611160
581721
873648
522024
20898
420245
970294
-696936
558449
440143
-859981
68257
928843
-939286
-744672
-812028
260284
921420
139825
119667
30685
-149461
470034
-717495
-601256
-598057
373090
755814
847519
-699203
175502
-616541
207506
333221
-86093
-733700
800354
-504101
-947896
588293
177701
-224380
-709940
-247507
594432
460893
312085
816854
623842
-548267
-138609
539341
-639865
-480584
666003
69116
520503
456984
882610
-330443
-929941
611823
446425
-17069
-936608
215050
63017
-894258
-197459
860691
224362
535113
-248137
-198180
-135636
-722944
-72120
495923
-256398
-443276
-474024
-358859
357817
187170
-197683
-148275
-320281
-945836
-965405
-242614
884743
-377135
883797
-815873
-368843
-781732
-547182
322544
744634
-857273
48199
469667
139360
611112
305952
-449988
-145580
-262715
561824
303514
769833
-54631
-981875
855707
199401
1466
-212013
-669572
-151631
766457
-356179
-761811
612863
866412
-758113
60279
-528042
50440
-201348
282884
690518
-213419
-934383
337820
759060
-648486
481299
-743428
634557
46284
-47691
657522
393066
77453
-728610
-785838
960601
-988347
705424
-113965
-480591
640752
407602
-500269
273976
271937
-780656
676770
-385658
-287741
-305638
-561085
-765987
697715
-940975
215729
-785141
741592
796315
-303890
367982
-778918
129465
-480491
-994651
-975230
93448
-856258
45078
235273
381959
466825
324707
364536
-837655
404155
-915096
18258
53730
914026
724060
3374
-531183
801901
732065
-445182
-16050
-311993
-727018
-309335
254142
18750
363393
-75332
-829903
-660957
268105
-376879
182560
270315
873557
-643309
492418
921881
37236
-141133
-541199
712211
733570
-894792
-702324
519386
-397112
-547773
984095
808392
624108
862337
365758
-202516
982864
-943027
-698919
-980329
-782834
-56202
-343378
-556432
-749420
-268434
97608
-99543
200814
623248
-163772
512749
697620
406429
-68873
-263649
-613348
374823
-680676
871293
-204039
-563045
-6913
464659
416956
594091
-590194
-356578
864745
193928
-646749
-853111
185864
-667915
-401007
-296141
640078
379073
-325541
993920
-511410
-45011
-806287
-438635
-675604
652896
588094
675022
-932434
642844
-378147
168144
749201
77371
-276462
69078
570556
916949
-361836
476405
962846
-240967
-452280
905881
-98492
-867178
-984526
15593
-364316
417287
-434162
-515270
42266
-721266
-852001
826629
886063
49025
-11669
-400776
-420763
-298504
-895366
649919
-943827
-819042
-692559
-500968
938839
-366949
-562457
-991704
-811087
-182369
-538123
-644747
-633798
492161
-170163
-84573
781069
-239166
-581476
-825802
647044
-506639
930525
-423371
220511
-132632
-19290
536927
-35915
-666429
762384
754883
-933158
-332866
836484
124025
762686
996138
958501
910343
-558934
585823
918595
789939
94223
-645515
364284
-341641
-746914
-817600
-324345
579522
-763900
-785592
330922
573561
991643
644532
-685215
113205
-19273
863077
-865251
-325307
509574
-33140
-438896
-537012
-319085
3352
697203
998031
693079
837459
-6757
-696506
-950142
114066
941032
730752
-552971
584242
-193276
700048
-969444
-251450
-194974
496378
439158
-467213
-886181
-360741
617921
-321341
698525
-103143
95647
-413102
395599
-426027
-91980
-138391
-415588
-908095
400673
-502137
420268
234683
489710
614966
-409881
-242955
863878
-173191
-475556
-561235
924480
-221707
258010
482165
336709
-399515
-183847
30474
-209025
-984917
798591
-467832
-74273
-896157
585629
-723250
996608
-788792
-597156
132644
936280
233420
-554552
754616
571392
600857
-431070
186965
122780
259712
-109591
701262
11704
410320
371991
-558667
358036
74180
538496
-118288
-306636
-50897
-241841
449392
-422694
228926
-46618
-333353
-988553
-240899
9750
-744511
-314809
-764496
-4242
-53085
108536
-870113
-723984
-768071
490099
21374
701287
622712
428640
543574
110728
555745
429953
-327536
237444
783009
-185729
-257083
-389444
262172
684539
-191093
960260
959334
-455837
-265005
-200810
-249592
-882876
-326870
-698166
943659
-947052
256430
537443
-436296
272456
-43734
438386
393194
-447972
-951422
233944
-66423
-881992
422649
-499444
363756
932710
-510042
450942
-706520
805863
525276
-159165
-129319
397265
-962684
84365
-853735
-608449
-668477
534314
-925774
964479
-586690
403829
316204
-277607
-788785
856598
217660
-470981
99078
825718
26703
937929
187045
-518768
-106829
812433
-454262
309964
-286975
81151
73543
-784675
144035
-473192
963324
-768682
427467
828175
145263
-522236
-733488
266406
-70813
805029
-832373
264678
-964557
-721343
628039
621417
131520
-926550
-271966
-599853
583564
-951087
-542831
324842
632254
315793
174411
-960549
-384661
941931
-836345
223191
959194
231920
-775193
-313332
475818
-502094
-709148
-375646
-953540
-135287
-448406
-730088
-870765
-214131
-783715
-95490
-574251
-740161
-88860
553387
954892
901042
-157916
-928569
215019
432723
-858131
908627
993634
-596266
-840196
637912
-151808
334203
511214
-797408
-369974
-893191
167432
-437590
-870255
708140
-582683
121526
736694
651644
315718
669882
769412
267601
652909
-708991
-53653
415938
487444
-327988
848602
8635
363639
-908016
423314
-933857
775104
724654
-894336
-778987
-15153
-266282
-465436
514513
-972919
579922
27673
-752833
385728
659141
-513522
-306040
302910
-43794
886234
949869
-708957
-623197
496329
-406460
-137580
887790
-202740
-877083
61370
-395654
-996819
932607
-104387
-932897
355875
-239493
-911088
-181141
-599967
996363
77151
532817
437069
-469401
319030
32378
648170
949974
-652461
-540979
837051
375303
-524040
191711
387128
174887
861939
535444
172084
918624
-648053
-638796
352907
-119466
920295
-621928
-541300
-572226
322985
379858
-248446
-58241
328494
-329907
-725184
999331
-917068
-761513
455784
-7073
-536446
-780947
962475
654964
-909930
166544
105904
-260643
44005
-683808
189011
220071
-387321
-874164
699815
-741616
-824929
-843409
-582803
80071
148081
472108
587149
-467256
-871766
278047
-118463
-796515
358073
800815
498042
-595591
-480759
-262477
101450
-170434
-370988
-571586
262673
-933739
57557
-108256
-878053
-761983
768032
-571240
-630383
-642608
827302
-138524
318981
-395363
514728
77313
193584
-286973
287298
-796347
-763077
666259
369800
-621722
406737
666115
434978
457995
283202
-440103
167974
-775063
435449
-840371
282399
81905
701510
-315758
524766
-251639
-407033
-962711
-922696
888667
-624829
556113
316756
-501994
-979342
-974934
-461992
738494
-430160
764034
-900503
-267540
-885725
705560
-530768
979039
-336813
-179876
-39768
-887574
-512342
-880912
-64748
-265002
521412
-430228
286237
922105
75480
129506
-22951
-812296
-84921
-459618
-37696
-870069
701269
-453680
308814
-92349
254909
572226
109165
-899737
-967953
167014
333354
599558
826275
167590
-475087
-261972
681505
98054
-584231
280304
765535
633442
267262
-81349
-985645
-759765
-470558
-389964
-298624
-692570
456584
-114149
669593
208065
748714
-463323
251183
680739
98868
-886201
-266435
171291
-928948
-891888
159128
59024
561388
437082
485469
293683
204123
-684155
959985
634408
897942
-209632
-496403
-738409
883943
-167436
-284784
-348054
-969232
-122753
929040
-91671
917396
211244
-530805
-505894
-409392
42965
-842012
563105
-667771
-250649
-79710
49265
97981
-830399
743326
483674
833653
76141
-53549
805400
686904
-705189
250367
-245244
660825
-264349
-456786
-922510
-427890
-451392
652960
-53966
-769745
223664
-939438
-903689
736063
-841399
-90172
735324
-440383
-323702
-593525
186573
-693514
57579
-783182
268923
-300047
-40785
-372393
949053
471488
576054
-998958
-195862
570889
-46816
483526
84078
-832365
-544939
28384
-318210
-299961
199224
913832
-329098
216306
-622837
-957654
484026
243648
-33694
133793
-595918
145489
-740475
230631
393394
-14824
208364
421744
300586
488560
-481832
207829
-794918
450589
840878
238698
289099
639299
561605
675595
326293
-798098
268737
436053
-739944
648486
-433552
191415
-748844
-219506
677576
-498886
-254993
296220
-127737
-107119
592965
905509
110004
879803
-889484
-173499
-504700
539771
-896435
-216498
601752
-870642
-430405
978221
-856105
-46832
-194115
557890
733179
-707992
890127
393431
-191190
444259
640283
242259
-68600
-795554
-234259
-640756
249350
827215
-420238
-168796
950048
-680675
45034
-161761
-65310
-656068
-765550
424201
672621
777689
-203262
626284
-508722
-432540
506778
-343798
-912519
427707
-803574
116714
-445554
838947
238570
320387
284324
-235809
64691
-608518
75184
-674702
-257812
928674
-275197
-329036
-353768
344771
947495
-755214
834217
-752042
-484622
-701811
987274
-38718
746706
-148568
843741
-8391
-500852
187359
670234
-670079
114997
798944
683145
-326685
-680195
-973646
639272
358965
-397776
-292388
882634
272864
-688926
-217812
140697
-871735
133997
-782575
981849
-804743
-222061
-592005
19446
711967
301410
-724522
-381476
366179
-392418
-413572
-363832
500988
421090
-477563
385117
-353927
397048
179597
-75386
-98947
-393343
291348
404511
919724
576859
-568944
-15615
-402525
-696193
897345
282936
350275
971305
302059
31520
-865279
421452
-910100
-177595
7507
-254916
-842281
91464
764519
881983
-435325
544986
895780
-779591
-757925
-172364
555193
183247
-512191
-668904
-78302
359270
-338370
8318
-186277
-724736
-752267
595699
825291
-712771
426108
-577518
908503
-420729
52428
705920
-546872
-650157
-31774
-320991
830504
-973551
493782
-496738
465219
112187
-37372
433711
-149026
-38629
869447
-154422
222748
-122421
-520342
-770620
339880
335806
-273022
440921
-120142
777605
373302
901864
63739
-548624
608274
-710765
-251964
-191365
-597980
657934
-503230
62744
886249
279457
951230
497287
-300008
447524
552655
882956
317464
-566299
-328130
869527
635392
145440
-790194
634707
672283
-439298
500515
-910971
-223915
268557
-90761
678283
723584
163161
-910645
435147
782155
-76246
777008
-730888
452344
555674
-743480
48822
-392151
-102742
-954514
-88371
515260
665640
-763478
-141042
919130
-718121
202855
264782
-399845
646991
-810694
762033
628942
717329
-478267
-574247
-193088
-501248
-977808
747262
94933
655598
686874
873745
839784
771524
-463999
-391701
-945174
-171146
-232663
262853
889585
-757270
-385271
-720431
622144
-482999
126777
317541
915660
685437
99364
80394
-238484
520525
-485554
-389368
419092
-32656
-220084
-542503
501171
-677524
-293717
984486
-725474
-618847
333534
-997143
-465826
616204
330881
691528
409545
-584378
128416
-831190
81772
-498490
76487
-799455
201545
-708560
688667
758383
808417
-281302
-819670
725931
779364
644927
-798075
607289
71781
17319
-258149
316587
-924403
-743117
-849293
-26998
-665818
-456292
362325
-316193
656935
379810
241230
-599461
-544513
514167
535712
-453847
-418270
792131
621018
-408488
883297
552806
837336
-815844
993433
552488
-103750
-929699
-273055
195456
167362
61961
-765943
-267698
968762
608441
-66991
652537
-886618
80165
-25662
843521
755252
671757
-866459
910843
-601376
-920716
-736913
894389
-670234
-493526
416996
-365844
291459
779287
-682340
-835669
-244642
-242177
187717
-657344
693755
666157
-946231
-707789
-299736
924039
126154
-56401
640459
159523
883611
748302
186047
364847
693445
-797161
-588882
-149096
569778
-443441
503634
-532426
-232281
-486550
656777
-611605
41098
-850980
-945869
575387
-795640
446200
885733
943169
-720688
-705809
-45934
618790
-197802
-38735
539326
7906
-855345
619931
-557240
625614
-650029
895663
193827
-909246
607136
280416
-162337
-925352
524160
89108
980338
-929378
464470
877271
-391520
348772
-419172
-696970
635260
90575
-396136
88391
185144
751862
-209025
142529
493420
346865
513052
-260546
309042
196168
-737902
84032
-557258
113997
876110
763021
-523718
134852
858802
918338
-123437
341872
52629
-614064
-940193
-674082
107968
89772
244019
-660131
-453859
703869
-366517
-143853
889410
-380452
-685311
888248
475788
700841
-676671
627680
-331406
-957331
-655702
-294978
-705830
-847765
-291138
-355984
150816
255005
972901
-500917
652275
400458
418809
-626390
601199
-85766
146544
680105
-623589
-611460
-817542
428441
508186
462567
-810574
981416
3970
144830
-468146
176251
837915
729401
212373
-769908
-828256
-371303
-214381
-122742
-963998
282179
981141
-335558
363787
284074
-764124
827892
-744949
913424
-855610
-804155
736568
-294889
-138087
486430
-907101
114488
237866
171383
509738
86167
-646292
663378
780471
-374806
-706027
-862644
644070
-420050
19043
-83331
-57023
-773446
555646
309443
-642975
-759177
-102567
841424
175790
-562957
877241
-550213
179877
101308
-748559
-973772
489752
314524
914482
-598473
661745
-530463
179679
-698192
378285
454121
-379077
-114094
-792848
291898
725297
-960197
-970496
833948
325514
121609
84874
-759485
-895247
10861
19248
-97482
926470
-919148
-814322
-576668
-339354
721908
-536310
738299
-335253
917142
-324423
-311635
-438877
-78401
-738724
441429
-810031
368245
291280
-456718
-689469
-784103
655439
-945751
-631150
-865163
-24830
932746
-950447
-390852
961862
6296
839655
422399
284531
-279245
770828
56071
-36382
360537
-865569
822565
78153
-277670
-339968
25626
-416416
-936472
-448537
-468605
727393
774592
744476
836998
-881338
4935
-238462
862426
-333463
606243
832254
308678
51296
-222488
-542674
-282070
179958
-590568
389255
-597814
-226033
855234
-613344
-588368
-333849
-14832
-625778
-862554
-117422
575565
-169722
-531952
-697699
-999233
212417
-864505
-529252
488939
777554
-919450
-230202
930402
-730981
403022
576665
831199
-855673
-640355
-622979
15610
-116996
-147422
350375
889196
657615
-338229
815191
-804613
-575360
905352
631010
-470901
-764839
955987
-737343
979611
810025
-508849
-692994
-534391
70643
465522
-192963
-711947
647959
-708470
664372
-20512
996069
433608
-708456
-801845
605861
-393581
266679
642922
503027
294285
19806
594709
-59400
78315
86988
641219
281910
664475
-55877
-665305
951687
377919
85631
807065
-364787
-648438
280919
800536
-706606
-202732
109677
207961
704069
685048
-377482
-347750
-51926
525887
379402
3955
468782
43738
731019
444970
-221953
193020
-977033
-944751
-240559
821981
187829
177069
114267
-480703
380186
460523
419741
658120
399460
613151
203981
-283737
356513
-573972
-897856
-725773
976410
884852
-916379
-771568
319069
-530081
-403076
-674929
-490619
233649
-215870
-793781
-481064
-750155
979240
-653465
484681
-558424
918187
-341147
-161827
-679155
-117007
592520
-790443
340461
-315310
733742
-869042
206355
279005
-462080
577361
-190932
987379
552198
-824738
-232705
-538984
576616
-695180
106224
-559583
991402
982983
-865290
-41906
152640
-194826
-402726
270908
210515
116738
263595
-403018
-77810
331948
-808239
990166
-324617
110817
-114935
-813454
-643854
834966
-140664
239960
-958202
-17864
-732053
-953226
-142606
-696591
-150204
-861030
-939488
-496162
-342312
169998
295975
852247
684151
218276
972535
140977
-838667
-655500
975987
620168
-770301
68896
-254289
142155
872706
-101749
935327
-472314
-132975
444544
-848850
-231310
765992
-363412
-621283
-188818
-453730
757433
-702834
82624
324871
139963
348089
-819065
-498930
447387
447105
-638946
-177672
928166
-867938
-935253
-544916
321873
-609735
906937
-512766
-805232
-923949
-766213
-633864
-110869
-854603
763903
302899
-681246
617046
-784227
-342023
-350841
-225280
790770
683131
-932767
248828
-357576
495503
74403
-47054
-674940
255563
-271755
-966801
-604225
260839
-215607
-955519
463678
796579
88539
998929
-520320
-264721
987076
54945
-28592
834353
996003
-978067
-396719
-620842
795569
4246
920760
974975
496833
-549475
-435340
866996
119217
406468
166338
490900
-768497
-697471
-292387
-832116
-625314
726549
85536
-361713
127324
-944519
716665
-886459
317497
-58174
226718
-831574
873532
849725
65123
-12620
55815
-176962
-107157
-563423
-576868
309755
-305102
-584937
-645287
-973408
475342
-947985
-799222
760373
-544529
-357676
-55467
629240
15062
-701132
696355
-102853
784555
-565853
993512
-837205
-425917
311570
-741129
-714851
-729618
-649709
-122517
-790439
920511
-172446
317305
-7231
-108351
649550
650856
-574253
-427656
-940124
-696795
235528
-967132
-352448
-779395
344394
689375
-484455
319930
136034
157427
-270096
-721663
42047
181446
-334207
-508722
-477887
829260
979677
-824254
355890
-519973
-66085
-879107
592409
-940704
-920738
420777
-167425
513494
715844
783579
-192741
34639
746548
763553
410075
-247539
854982
-958805
-558172
-140332
428864
406963
704400
-192722
-429135
742535
-422641
636360
377402
512723
-415489
145827
932098
445446
522880
-984185
-90857
-866174
974720
-720918
680082
-839237
-750144
-338299
-620432
-458026
-702403
-954469
-22658
-353226
-720072
239482
967583
545155
906658
-771302
-684126
288280
-48649
140613
320698
970160
859812
-571543
-431989
97184
378647
338213
-253788
-757260
-920211
370144
-198934
457257
-992359
-638582
677288
-61891
298666
433607
987539
810270
166862
-824553
-753511
480614
-930889
-373482
-651574
-355965
115162
307094
798508
-739923
-217630
984256
611206
-165826
660721
912285
30857
350028
-650293
-757159
945334
-692091
340917
76578
-330496
-263982
393599
837745
-675744
-878762
-234975
-147511
-196784
-348480
613064
-941330
276648
841845
-696820
-286527
-638622
-336632
-962516
-209979
-588672
108793
-830595
-409382
777168
-705202
439452
-108391
874162
-976371
846835
609426
-388950
43341
688173
-130839
-715475
129216
746431
239753
815858
-178113
-865091
862057
-313773
-962543
61724
772888
233562
452159
-724496
484096
489102
-185736
920
-482591
-991137
206139
797193
-985903
-866139
635388
-131551
-280818
762794
936126
843579
710044
-885018
-189169
349728
86331
-383754
419354
-759995
-451655
-102800
446967
-251071
728352
742922
993881
134100
-529496
371989
30986
-941356
-11892
-367454
-759143
-989143
-619365
847467
-48431
24928
-349011
22301
246697
-770665
736133
-696178
33240
-483215
-642867
-637630
-988887
822388
-913917
-344886
635584
215408
542618
-909730
811157
-695701
107219
411953
446079
-609186
339042
92080
-787308
846423
-150696
990112
-662931
-64364
-620282
-329972
-887767
-225307
-804546
-12298
130440
-225345
-656843
-526924
486627
984458
301440
162919
-450575
676147
-561733
953583
-687080
546351
-186097
-356154
-501004
960130
583905
948052
818254
58477
669414
-658887
-943498
601499
-493483
813372
559218
-405210
115213
-846811
-192840
-507927
-616226
-159429
-726100
-439798
929404
-151100
877090
-602269
25311
-247273
-301978
522799
297874
797923
-563726
-380171
-934624
397107
900873
-202227
-106356
758304
-816665
-21864
370518
272661
-815828
797079
-945586
805580
803431
-5057
-398908
784940
-691644
-771445
-65326
624464
174903
871688
479544
-524001
-273206
-506120
993820
-386863
681056
-724722
231029
153190
-69359
-957898
-386284
-477865
407151
758437
228666
974551
-229068
50533
-835350
284925
-818160
705113
-565237
723097
758695
-713088
-535228
-299838
797700
-552221
-697919
715431
772519
501771
418219
-779316
121087
-953282
643656
374235
69260
836869
-799995
195017
-560432
507781
-688260
719138
-895850
-847943
-163768
-351499
717196
156902
65926
900760
510221
341543
121324
215207
331778
-223669
-94182
-23989
-823236
464884
-789644
733379
98301
-336323
-219167
-294177
-804513
-930639
515436
-219740
159947
72043
105449
-745083
-389593
230375
188495
281230
40033
818994
-830881
-236577
-402708
-193014
-260386
618760
-439498
44912
696130
-178399
56207
-40575
-108896
-602874
-460291
-606713
-991254
771886
533825
513094
-700129
-319866
122591
17802
-19652
742060
835903
969401
159623
-999240
-756345
-238415
444181
-310823
-729094
-879334
-568736
-82564
-813789
-29775
976777
-354707
-916020
414244
-258185
-277985
227430
150011
130743
586641
-600699
4978
67867
-875199
900634
-191385
-542019
-209894
398261
158820
442407
-693918
113164
970349
-10110
2696
24762
-384294
-303740
-944603
-129279
-863377
-504400
-2083
-640901
245423
742179
-810176
960736
740027
-426973
-682524
37076
-454767
626563
398476
975825
643090
-786989
323583
-144707
360263
-57408
-903885
-533655
671823
-109823
308428
-38159
470991
726370
-235849
297557
-39927
706643
196182
-863427
478997
487184
-892001
224942
-906050
596784
453499
-246454
110165
883322
229667
134381
-229628
865839
-190205
-125112
-768213
84107
-342844
-849340
468312
-674534
580109
-445688
31873
942777
-679818
-143362
359677
763938
260033
248660
132050
534515
814120
-855925
137496
311905
183223
344920
-248854
542601
963758
154770
590992
962384
797019
121746
160519
-315102
-120733
615059
-975259
23733
-495742
809202
462974
965327
606767
665049
-857376
355361
133791
-808667
-820669
501604
985587
224872
-187740
-400167
718713
-165807
-555292
-546926
-729949
-315612
-568995
421475
143637
245667
-910184
567900
169135
-712296
-302155
571490
-253636
978554
-70039
-52004
-314248
-977613
230711
-563476
794967
168583
-616511
-825079
-861019
758445
695002
-853646
61631
991495
250243
-250437
-658809
687296
527977
311031
-902738
-796718
811095
830261
84608
-651537
628906
451897
472649
-83996
687129
-723463
-241239
153333
929284
613465
-490023
-216424
109085
90133
257214
814466
-711918
846194
51591
-519601
196259
70327
119566
293385
-22894
-442096
431327
-205912
395918
497626
968804
-856416
881874
933206
702218
-556291
-811546
112508
-359122
641827
-108819
18651
-496919
-923052
-497962
-760389
-208391
-349515
82646
-132670
258596
518673
162485
-151103
-12353
565260
579772
181235
-252682
-693063
9737
720451
656386
576425
752366
384103
-485737
990289
869224
-744122
384668
588319
-25714
935625
325867
503597
615245
-272312
-234572
-33829
-329536
-991277
-920057
-808600
625760
-63694
514677
982088
-761275
-237922
874261
586473
-312510
-858376
920638
54669
250837
-495083
484924
516183
-867583
-404341
804722
463892
859847
-236736
438090
738041
254128
-3351
-173293
-81302
-89841
159417
880651
277610
-776051
597748
666780
-136418
-418744
646619
123973
339129
-816433
989430
-41710
854890
-82075
-288501
705262
198403
413381
508141
-464360
628229
790917
159771
921645
-999595
-679537
-494485
395728
667790
-986366
634446
-218379
94430
688949
494595
312312
374553
-404759
986788
-909185
-450284
-652460
-391371
-579514
-407818
56028
-347734
-121003
458610
710199
195021
847573
-598261
844896
-712694
807170
539346
462550
-102127
157082
-969979
-555923
-383082
-947873
-27431
-5491
846438
-842046
3814
-515115
-56231
362650
-256645
62942
-379736
-689564
-604457
-975190
871873
438949
405911
-117722
654871
-205769
981317
-622598
282996
-715148
584836
658095
-412994
-530418
133958
164616
-232162
159741
469286
-723881
-134750
-496882
899313
991175
-759944
253428
-41916
395533
-714442
639758
-305878
-51436
-213648
611275
-634141
-573031
-596674
-70623
-179518
642518
447232
103729
-688476
862679
626839
87033
159306
60114
-963471
-252976
-730150
293936
859745
417538
-505702
-708413
-379874
666966
-556485
280670
-588940
-858816
623085
280010
689026
-392310
-646804
483689
416592
235939
-479108
183970
-469970
-660765
-871831
-176336
66585
-173718
619351
115302
100431
-18459
-238687
482025
-617507
-66623
-593244
-133260
378029
633906
538235
-696384
995925
-217149
-127602
-141601
633959
-368620
-869964
315981
-429279
723308
141226
-77848
-925791
980749
-828645
882554
480513
817201
781821
-70013
741001
84494
543347
-97223
884421
-884482
18808
-961862
-462439
-107586
482646
735429
385057
-710990
-379530
294922
528720
123785
538974
908178
639700
972280
-851244
-30262
697854
577563
976198
-776037
-261936
-553032
840308
769266
-530846
-899904
-323118
662525
-351389
928503
-711526
-242253
-864022
175796
-207774
-753961
841014
496103
217751
962267
343580
-936730
-100779
194069
-29834
194653
-88966
759591
272406
-443912
-777327
-992478
-201251
-75761
-544239
-93870
-851698
29251
-790832
74978
44734
674554
931463
989530
887029
547913
-575799
-674742
-622049
-873275
-888188
564348
-372089
401424
-895912
30934
730842
-221836
983076
-88758
-551631
409393
610880
220830
481758
705298
783495
474474
62118
-493379
694994
-918518
-959842
406527
-212704
-493262
382531
924991
-71368
2296
-533233
-15785
857229
-90296
-725171
914003
-227186
816154
787882
-646380
-576426
259488
-959026
-210102
-425755
-317594
-721219
-270208
482581
952644
-744673
838878
-752593
-890388
-296657
71700
-173202
-854466
598380
422206
772065
-248661
802674
-34294
105298
413693
946317
653502
207382
946240
124201
296254
-733143
-576565
726044
-492675
887351
225369
921092
798212
370028
-704247
-867530
35611
-461006
-179271
864455
-595114
871506
-994550
-813999
722344
526075
645578
-377750
23533
515902
-552905
-522238
-937331
-295928
209562
837739
-500283
467949
-949578
-591388
19802
-50010
-889779
-615801
629742
-765643
-595914
-295320
546180
-232380
-288764
-185933
148
287763
-683980
643983
165390
758404
-706413
295245
850818
-321855
-835594
663015
-3143
-94173
-296954
975995
-96031
48558
730735
-352746
-405808
-504955
795587
327023
-442285
220865
-494233
59090
-845847
795427
519802
430839
-739744
854915
-243609
-415668
943237
786368
36094
716445
-766452
-349082
616647
-650586
774173
325485
-557313
-677828
938581
-298610
-527046
830651
-778031
-18875
-324421
-415291
885359
364182
-37605
11583
51276
386812
326366
668416
773862
873369
406111
-622962
-873400
493755
-423472
768872
-293048
-976307
62335
202416
520870
458438
988523
-889947
460626
173182
-827379
32029
10132
-484096
-624943
-561354
-631615
670195
357897
686897
696180
95114
55938
740251
209193
-532117
-809226
941750
-933428
648830
252816
200984
-169949
146750
-670992
-961936
-297346
355945
621883
474564
-795375
18026
-397728
-296231
378529
-340658
-679968
83563
-320454
-482229
-270682
-815668
-747251
353788
157362
881562
174009
-769197
-619975
-719998
-699552
-15761
759123
-672092
-420932
265874
727720
539644
597805
-934822
415330
98838
-733350
-770277
-82190
938613
-196088
858076
843854
-849737
-863691
367121
-752632
300347
348375
-667437
554193
961670
616801
752410
-596415
438921
-201258
223685
107258
649985
246774
751886
668258
388630
257659
-950078
204008
956158
274469
-198194
599391
-621058
-95852
-919703
-906297
93829
879996
81294
-537958
787690
-826452
965888
212855
-290468
-759818
598725
-984189
247453
134493
-566044
-792413
13709
-508061
-563143
-101842
194633
926411
-510073
10598
491710
443388
419313
-548291
87059
-881110
609925
-459781
-12850
559821
60435
-43711
452870
703656
-927152
-727848
-6747
288325
-628518
678124
-57813
-919420
-648034
351828
-608939
-556864
-492645
-833975
337751
914071
-422445
-403611
497012
28955
203421
-44970
324698
-472783
576233
-452454
-25926
55343
-402422
334089
-557134
896154
-858624
145613
-624688
751740
-640475
-420869
-832200
543281
76031
-255455
-371839
302672
555165
-71703
-80282
-133036
350516
-473788
-330353
964391
938735
-294579
-864187
411001
560919
-537483
900190
248556
-948855
641059
400826
471005
-119720
-85452
-742798
694604
783546
149948
354957
870167
660464
240191
-635732
-286702
953003
-507005
331330
-972530
513249
310936
306352
354713
557986
753353
-40919
-737508
-417084
-248370
-710864
98138
998476
-856489
934678
589229
-763469
-27334
738201
-100383
525240
43058
692226
86193
359701
673140
337481
131344
-193413
-430080
946737
637107
350594
-964146
483772
630012
-584734
-322224
-614014
-770786
480889
-882173
999103
836309
-152229
164799
581198
840325
-886682
-48080
178242
-436111
929977
539153
68447
830684
217358
-807676
200881
-664491
970433
133340
848952
821640
128404
-605925
144850
-689673
-679598
-414020
-966592
-906693
-87079
-128839
-394736
302100
-66721
589846
-698306
711199
985519
-602490
116920
-818379
-979114
-497075
105360
-260096
352665
-761070
931487
423781
222504
-738184
380824
-561354
-320109
579686
-996824
-454368
833733
792281
-351251
-28914
317802
253786
-891608
732785
465085
-676250
-221495
836977
901938
-445916
-959842
-540559
-499783
-446790
522948
-620380
105575
314977
252751
-222238
-882080
-748310
-794448
-398599
236286
-219267
414012
131740
-371989
-634512
-653698
-660510
-348590
-526742
-73576
455529
415619
416351
-879479
-876227
-967570
977469
-424597
894691
162228
484332
-647670
334380
-280096
909275
314072
493992
-641267
992586
828402
254373
-404752
-881567
341708
207279
-346924
689066
179958
46951
-578990
375495
756003
-158696
263748
-321718
-745180
163062
-180427
6944
772811
771947
421948
826376
158574
-786396
436020
492126
-698044
-660895
486518
-923176
-63692
-626844
714783
-344692
-284252
-320967
167012
-614245
50979
423068
-270470
414576
902688
142083
997494
-631441
-809790
-393862
-329084
560626
201983
942861
-111927
16124
-159125
782703
-408354
-698200
29928
-789811
799016
-746501
354815
737272
-511181
897495
-169197
-353152
-20324
682947
396840
758641
-92907
348167
-215580
623690
445722
-966198
326449
-654579
-831210
966103
-208162
805764
175334
-616933
-45940
-931971
573859
441158
450335
-578486
663688
-832276
749090
340229
-104369
936708
-307272
246160
-554596
233016
691792
-731793
430507
667415
886448
966970
-526483
218344
-102414
-204504
-861647
453022
-371829
-9673
35787
-817870
-695481
760674
-669899
109580
62049
-778870
-115508
317930
850711
405728
-132137
599148
-23559
-369009
722421
493933
71567
-329963
161412
506081
679301
77030
-788030
-632200
-302282
612050
326317
768563
616487
530374
-855506
154057
420956
-570458
-764451
-988446
-336178
-790386
659945
850506
-145132
-105521
-23207
698795
589736
725934
444669
-95359
-384862
-581160
520899
431440
-793991
-164285
699469
-628418
115699
951216
-41636
146052
794315
373905
630284
831641
-278770
-380350
483229
961408
825107
103246
689206
-69425
47068
-391513
-840748
-819325
194294
989509
-596882
-493707
708892
-433760
-387811
295653
316046
-398803
-161427
152528
910310
944056
-681595
-853580
990228
804166
-832212
103801
-467612
-694738
779509
29937
-613010
-104055
-226062
943369
-67048
-840926
-905058
-577986
782060
44227
390699
171768
46168
846236
373141
416995
40468
-32462
-930201
-887793
-442463
26702
-93631
133885
903440
-453845
-309690
-727030
524278
435335
787880
204505
-904154
-746789
-58484
-623405
-86725
897665
970831
238114
440555
152194
87207
-651930
56749
861910
-550409
390639
-825757
324469
-973009
538628
-599134
-604399
-318153
-764054
-157397
541116
438775
-713178
142820
447078
376103
-353482
423769
-461965
-917581
-832984
-691826
-414775
914586
542320
-352036
602969
118001
601643
908172
-966743
941597
-864304
511990
-800067
-368197
53707
-20750
-464968
-367570
-675175
-90121
317682
633045
-326035
-646406
808746
-964491
-594130
818387
956398
-889521
-61160
-205978
-128088
-986482
-314235
650590
-94196
-307255
-447486
-491087
876621
-634271
780192
813379
-141919
-458080
-864421
-190697
407565
-251078
-659465
-665021
-444028
-87131
994735
-675156
6212
70596
260839
-913820
-746333
854491
766513
876859
-858291
-928026
827405
-972404
425958
978454
982391
255930
-217431
88746
-303677
-670859
316254
-757100
712881
-431757
-498084
-561540
-800112
-282342
492025
798028
745424
578162
904414
406490
967706
433571
-551321
-910333
-823336
67826
-290276
-177366
-339369
-483060
609555
-77783
996148
506837
-314693
732135
-371007
550285
-435106
16826
182600
-326039
-603975
851855
-624018
-927956
-426735
521013
-564132
670907
-336379
598635
-711765
-433114
104338
551677
880026
864440
-829683
617107
854045
-627254
134431
-744830
480603
898857
-983055
-15811
-276602
-237955
475392
604654
-116437
319070
-800344
-13548
853309
-280364
251736
-629297
407105
-102722
-715107
813481
529640
-373003
195298
-958725
466866
464777
632637
-384057
259869
240614
513693
-35408
-75412
-171605
16663
-960519
-535509
259203
52826
-416118
72682
131784
-450665
349215
-951288
-681948
916151
460677
731878
-321228
-273426
-189433
450387
202445
-366744
20998
-630516
435509
604592
-124406
-31319
170004
200565
864351
451790
-870333
386537
57675
561610
130793
712063
-967956
872951
587434
723027
-235685
-320758
-926403
108481
114147
-649488
-159973
544142
-431910
688266
252703
471768
943064
-467885
423588
544678
979472
-192987
867513
-302692
-355542
646568
710214
885088
-945495
214815
391733
538951
686370
96338
389027
574462
-342603
687780
807808
-732926
-317083
781541
-140313
-547433
-794915
-888019
-325955
229163
-918796
590750
477798
465598
423903
-247630
261679
-535252
-687874
-934159
-315818
33984
-621502
195777
-184330
895065
-875608
-531683
-773098
-111867
-754725
-322239
821999
-905917
-882634
-772465
840472
-801322
-132718
497241
-886014
908319
-976511
855267
252955
-736262
-374310
963189
-632016
339439
84494
48449
251131
9600
-151177
-905734
817606
-576946
421707
-248003
937679
566973
1717
745271
-98563
-386684
939866
-623331
705764
745282
491989
519494
-859648
867492
42220
225316
-484613
595693
674587
-3879
-504762
358981
42389
52541
589826
-305133
867158
521615
435152
566849
8804
912403
-921228
812539
753553
-330903
-320704
892998
766096
277842
833269
494055
110712
-862607
721622
618134
-889041
577536
762278
901909
326140
-146376
-214122
-692041
-113923
-246747
-199655
386752
184015
889462
-910157
-861887
-744096
-839286
981205
37566
-941638
-413464
-811415
912085
-828459
-897632
198048
734599
-565639
181025
4927
-1231
-860532
286772
-708210
890103
300844
637679
382355
422190
964672
-654595
718319
355549
66918
-172303
691159
167476
-187302
-772169
698848
-827201
288932
521676
-99399
-742134
315809
-277698
-346867
861018
-453279
200658
794908
325917
-621401
-856576
763650
722935
-270057
-804409
-817737
679374
728284
-202797
-311894
-443316
909973
-220522
-522551
-203131
-851242
-619364
213432
-794053
-494298
-180814
-310581
-120436
-729836
998321
-939529
389419
242527
676079
186292
781667
-924080
973201
-181154
-857976
-677030
-668039
-460897
-510270
-850436
-704911
-261574
-835409
-476340
439766
758713
218477
-651123
753685
-781713
932544
-238899
851584
-661068
-195079
373008
-957123
999025
944192
-168314
-573307
-285128
-646822
107988
605236
-369044
351008
-253840
-549770
999238
-340679
763197
914717
-630833
-331172
-241452
443152
684245
-595250
992293
-885196
-206954
786131
513047
-570802
118754
-652742
861208
143593
382305
-768297
697622
525433
-861028
227872
-953649
590763
-207878
-394793
101477
-619807
-970999
557254
-768525
966514
-935177
778191
-260218
-862627
-814612
812993
699028
-511232
684339
748480
472043
-60130
874325
-593202
-894348
585515
-524111
-436813
-340253
-885202
615028
-665102
808424
-616954
925303
-978362
-858328
-854670
353691
-810618
-435503
-413302
-166970
490412
342133
400389
501460
292188
-212792
-924968
490180
-940035
549107
837374
225525
152699
358306
-758991
-434269
-190269
81792
-932027
-639613
368124
585447
930644
512518
-559853
566065
954020
981808
883529
352298
970357
100638
505541
-136101
943092
381193
346917
231185
-861339
-325506
-516416
-996956
16121
480014
312527
40749
635599
-984108
-262093
-587899
-984227
-275714
384202
-278723
457308
811717
-545851
51726
994513
-889499
-965629
-406457
606297
322541
-966395
-718427
-982210
30860
52685
-732055
552675
351316
-983717
529469
493976
21381
-408259
198798
75146
-40834
-486800
596605
408856
-8621
390895
375482
633096
-398736
508619
312194
651670
780626
881714
218068
757312
-520870
-643507
-615737
-575484
402257
531528
-249921
125635
903405
-528671
-240847
-654701
-571237
-244864
156102
284461
461547
721707
461356
-446971
-625399
-230600
281449
186484
649285
35897
419111
706308
974662
629130
576593
-180484
41733
-992121
104235
-15108
-209429
831851
933650
-573476
286028
-351060
389063
-649148
536921
-357937
-925742
-272639
298755
-689161
-297290
-317343
-955468
-359511
-749051
405353
-967041
-145254
-133968
289551
705846
609795
-319396
324741
-739817
-831912
964741
619050
297678
688203
479162
-748000
-535070
670373
501552
-491247
10000
-221231
-970781
-185204
699922
-19443
626395
710841
98453
-130285
849554
650140
291344
-308872
-653794
808866
-968515
-710871
-700698
-198994
987667
137484
-2877
330534
319486
597421
753088
846911
-136178
152924
184314
3123
-418494
-833390
157308
848578
-951284
-901964
208051
29396
-119219
-538600
590020
-244741
120381
-112224
-608077
-113311
-995134
-90084
-260
78081
244645
803520
-786388
-225797
-129521
342841
406509
921600
438929
-197258
-449828
-20671
-97305
-295177
-970998
91677
531451
371190
-112468
521243
-14632
-967533
906558
-512618
546862
214497
452566
-286550
665735
751167
724316
547038
107746
457089
-304510
-38200
309338
40921
350355
-340579
-272536
584929
-433688
-253442
690224
-210062
424256
-803762
804574
-589080
252574
-104283
679622
-796156
-490946
433548
643689
723931
655030
695738
-534790
73128
450138
-786804
268036
-558149
43396
686592
-150489
629956
-835990
736153
-72293
852161
-475414
-117540
997292
-333697
-321480
-900704
577078
802533
-217932
-744275
192081
-889352
924352
241028
980961
-150998
980032
813883
822874
-22936
216285
683117
-979331
-758116
-83547
480634
-330925
556989
332273
-678828
262614
501375
-282366
-123622
-66257
567220
-783467
-551986
52091
-808956
807893
340100
865679
-407018
159065
-250755
-85625
169471
731483
-910882
309199
605820
-939037
-849480
-813951
-49344
-642832
257399
401017
-349685
141028
-587721
115031
667167
-116275
500531
-844097
802790
-492079
90980
519712
-578823
-891954
-457100
29359
-385556
-839058
-621473
502791
740416
406060
411508
172589
-842890
51244
610689
-368288
207239
-865852
349963
-220711
-155185
296431
-909754
-710323
-981034
140675
163359
845076
480102
-362627
613646
906130
-935987
-963830
-101148
-194751
-678600
642228
-471716
93037
397395
415305
-745092
967255
-542632
999988
-528356
181097
-739430
-54351
-510235
-563300
-583108
396805
112084
279697
109565
-621606
-888316
182691
-825285
-695385
605356
-12173
-806807
-199948
-293815
168878
327551
578610
806185
-786578
423433
-865641
-174661
-460466
-23528
520477
468766
28942
45218
-240381
-266321
-682058
927167
-497369
857265
-403041
-871891
-331118
-24894
-768964
148942
-25344
311120
137401
-725998
-741439
894181
-850191
-421234
504358
21174
682129
-919343
-972550
388019
-81030
661877
-874471
-834778
-870147
-762978
997355
-442522
-109136
-224514
493492
-571046
-410541
453788
347110
-504930
-935145
764477
294792
719038
-807208
-17295
-220377
307470
612413
459516
-109467
-76632
936679
99622
-855494
-941299
207660
874893
919970
-697736
-190527
380932
982901
793673
709446
671231
-409956
305809
58422
-566551
228857
293245
-589961
341281
-373103
-169120
698431
-234925
-168025
939056
27407
637159
712053
-676044
614985
380742
700887
-913528
-770331
-368710
-727970
-608731
-997516
724881
352667
-667273
38147
-449160
-638519
92283
636669
814536
-271916
-997964
-630951
293123
-508160
227265
245856
432201
-474409
-603609
732785
-369680
888151
863916
651395
-393497
-20342
-901934
955435
-156790
623397
108749
858875
560649
237014
-522543
915167
-779390
298176
823245
844260
140180
806993
810839
140568
192400
893185
-577133
265126
-774433
212434
503547
421687
-167800
693504
485664
-574966
339277
-349434
-647545
696886
-499471
661954
440808
381027
50127
-461558
-457181
884305
-146031
-660971
-712181
688059
-162261
-550675
-385005
398036
424010
-336791
-137066
-982125
572926
-71601
-535068
98237
-412480
-634178
731807
116717
397694
-100310
-919619
-79577
309202
455270
-340964
-86371
585149
-624365
721882
-325738
-267100
928895
982591
-125230
-724459
653390
-108348
-341287
-854002
-959218
576840
-527414
857669
898258
788775
656974
-237924
-818925
307546
876196
-50247
977094
959503
192666
-143172
656276
-536373
-753030
-632017
110402
-243563
577309
667440
756832
477630
-863128
-180345
881983
670669
454762
696853
-820022
-657814
71767
-773849
726967
-305234
53273
-296091
-811065
-484414
187126
-972677
-397314
618764
440653
347459
-623612
572768
552282
328834
-431864
445131
839470
771556
-140606
53881
972765
351171
-603389
303678
320893
-982936
-844755
-663483
-234133
-482335
6861
-664643
-969868
-673547
955046
-664163
-75804
985283
-446105
553948
40738
676289
-881545
-956832
496317
-459
-384581
92507
136443
-307046
-107317
26426
308293
-197518
515901
-942909
345987
-18565
-594879
-191563
729112
-973819
199903
-137191
-357809
-549548
563167
515500
930661
231929
-926940
-542909
-358603
962534
-892694
4251
701958
900793
-153714
-695853
-621322
711065
373189
-729736
967820
921358
-539480
-534619
184142
770168
-371072
-959752
76477
225432
-669794
11711
-561540
-672314
526713
-164189
-963765
408724
890151
973333
489659
495027
-772100
-850395
238936
741407
628066
777036
579182
34618
659765
-439084
-957311
-742504
-569533
-402120
516794
-977895
145637
245151
-758077
-588468
287462
417217
-663355
-975325
968484
870508
-86321
-189245
-52276
800481
183520
-135336
-745787
959518
-912848
146488
236868
975231
-336750
163601
-666344
661415
855469
384752
-452996
-27918
364121
-840357
-543168
813877
-756951
302120
498997
-899310
311057
-634378
-733792
389340
-446742
-255752
-801419
937967
513572
419555
-927827
930875
-398389
647752
346865
54750
-730088
-549410
-442596
656202
-259556
-561913
-966741
870451
-814174
-314732
-442116
616165
242670
-240732
-182759
309667
752635
-617361
550790
599902
-565554
216550
-885798
-349637
-429531
-386340
-723963
690043
543044
891809
-624980
229764
-771170
74143
-630405
-326588
797327
-506349
-602807
747335
-263222
-693035
5068
72749
861173
-730491
-563394
609963
277299
-181243
-950660
-420385
519236
-508316
-874642
-48247
849011
-675342
-930645
36399
30696
-846560
-945498
-403570
16905
830903
923259
491926
550559
230026
226806
879736
-49950
-792884
711388
-44122
-474673
210273
-820891
543219
-147555
623399
-225651
840560
-41745
-296183
8719
181908
729483
-627948
-992525
-707103
63893
327440
-494967
161362
-854027
-57056
-801892
-329933
-21952
-95579
-182258
-341200
-219365
879570
328546
178698
-869567
369717
651559
-177365
603660
-456360
-28713
-89180
-15096
-940473
596317
-507666
386651
958320
-700715
443868
-300076
-183392
-859814
-180541
-550322
778240
-313291
711097
-26558
-987038
-267027
-155068
-637858
-477283
877607
490688
509389
-267472
313571
579405
865375
-987583
279799
-625649
-849659
791586
-283231
185252
575220
-652846
-490789
-966152
966115
786711
666135
-657062
-891504
339841
602008
-888143
590937
-947277
973609
541885
-937469
-627469
85425
-959311
-978881
489389
-880772
-721896
-460074
-344653
-568745
910672
-344808
-691460
-694875
-455394
256453
-215271
945826
122758
553842
699811
-418636
942028
-739213
735838
-574088
979617
-501769
-198993
-238221
913666
-916667
-144224
840871
583095
-868655
566312
36891
763873
181892
-740474
-125742
543257
626270
-461272
610986
-82111
-724151
623201
-65034
164484
524935
559040
-466977
28358
246410
122859
-26221
-51940
-316687
-950815
-993709
-973061
764113
-965643
473218
623587
-981063
-557657
-812833
-913585
291399
451929
-110370
35791
905825
-519777
857239
-4980
74632
-414592
809688
-743086
-821170
219721
81697
553146
-548882
-598579
660313
-434642
-897924
84400
-576718
-40044
298800
180449
975476
-650110
-954596
-429644
-188575
256045
-740478
-648203
427138
818293
154136
823595
-20803
404650
-612470
-707199
-639440
375570
-477350
-671348
-626599
291767
-443747
-453919
234306
673717
-628547
-791973
-765174
350428
-858639
953915
-757716
-260197
-947282
883002
791043
757310
959627
619283
831964
-589842
-111060
50447
931191
-287374
940921
-861888
868100
-478358
787394
993452
766055
270423
-618228
-298279
-142465
-519085
415745
589048
-319738
-706710
212829
-988701
146584
-473103
293821
-722502
-396620
911474
502982
-978006
-340370
348409
929854
802177
978634
275118
9429
-363554
695501
695349
871331
-473670
-43138
199906
-575230
440852
362559
78184
-985551
-491405
237422
-958075
-487702
116987
424784
-699330
353772
774538
-218606
-178556
-712116
486189
-235496
-999213
-669436
827005
-717156
600273
210186
509291
146967
928625
560361
471637
892726
-699735
-703911
881617
215373
197977
-63429
-966479
325809
724623
-307752
-783001
849271
-966764
982330
554210
-454465
-291136
742242
-922282
-483983
-977084
448588
-779973
298157
375951
-643147
996950
234025
669560
-504634
629164
-341143
-782476
-158519
-996477
221392
-841732
338787
-900873
62708
-438849
206424
-261152
961400
-241545
889703
-109101
-356100
-455482
785679
-773351
-905719
662750
-430486
576248
-787803
-400941
-466868
587306
-98081
289162
201880
829641
491559
-33159
-833080
-77113
-685171
-348488
865903
172385
183001
-940695
-88427
258977
228456
-513077
-534700
-510913
-513906
-516368
-631719
295685
998650
-145625
548213
299774
-624282
-831962
283478
-110470
-504137
-386928
636739
999962
329628
-273947
-612938
661185
-453327
510327
224184
-702863
-603733
-563428
-930827
-471414
37775
37400
526048
-879410
221646
-123605
423649
-292907
-455835
-930186
763075
-569951
115971
-638970
417317
-446848
-749024
474843
-216594
628889
-576557
292196
885078
208325
639975
978853
-981228
500250
655162
-919851
-416905
370665
-699974
222506
-951013
367679
-206259
-163649
-227122
654588
521681
-841136
219352
-229685
-915062
-794739
818391
778341
52074
447094
-597422
-683516
-822471
242834
-811613
-524287
-610563
-467761
-696405
-98562
-905924
614401
-689697
-70663
-539192
-985718
-27423
-507265
892789
291577
-906256
676983
-110139
-845675
118771
-965343
604227
-345800
542977
932215
-851177
591686
-468000
739021
-682512
-688605
575282
-527322
-422423
-664534
-30364
268858
700141
170346
99967
-148706
-360584
920253
738216
-763634
681439
-908355
202309
514518
-536391
-438086
961016
-211879
-547827
-478298
36927
232695
-696299
123783
-788422
-657903
946174
-209863
457936
347061
-869977
451575
-572619
-527548
500395
-157723
-384550
901450
-877163
969143
74453
-807413
-308980
-517499
30838
888848
-850713
497599
-666778
-655171
-619900
758324
-812745
655917
204626
-940614
784296
428691
-308991
17916
-928840
-362942
40072
924296
-937636
625672
593079
-853772
-651942
956637
458884
-719303
-740236
568090
-81615
770133
891494
-347071
-562633
-759015
918088
-454998
954242
51842
462483
-208412
483768
474637
-509424
326725
132417
907054
691007
3257
91440
-303166
956916
199675
-911483
891362
-734
436827
-705711
-925811
-340898
806366
-914604
-706297
-153840
-57933
-764832
738262
-685869
-963953
-293380
-61485
-713172
323467
568806
-122933
-632519
402299
261158
47873
299147
491533
581137
-362037
304258
336535
430393
-777061
-749324
-12148
-63332
333052
-519147
-605046
-483685
279530
944545
-712503
-155753
265500
-364964
-343640
914061
-271213
957835
466246
-985311
837175
-730148
662392
320753
33733
103042
-953683
717591
-306240
-51653
-787403
-403319
-373619
887983
186044
-874195
-902306
44117
-983391
138873
-370716
-95815
833458
-104990
-8431
985540
273492
-313669
-440207
-634139
263076
-737429
-225222
789305
-864211
-625757
-73327
-357638
-77501
-54
741221
-482248
-522027
757983
900383
-491753
667419
-482641
811515
787607
-916297
-658470
-583389
-511872
432685
680728
703136
442769
238558
-185064
-327190
-333991
190639
-251740
-108246
-369307
562341
-809168
620215
523466
98278
-653058
745244
68426
202847
-679785
107832
559695
615344
-854661
-397620
-976956
517274
-759084
-814432
213396
-802362
72853
-168461
-906755
-746877
-580884
389584
990836
756361
975269
-528340
293462
512686
160649
-429398
689122
-899684
343139
190704
-593212
-505933
-322246
-945209
-152727
277667
870811
-100285
135319
-694166
-975330
703829
180391
-747338
-624445
-564270
-629726
-617639
-599705
502199
934593
-525077
-544798
-800810
-320820
-872639
-398456
-738879
404682
-190220
763482
-756525
-674637
896674
-338936
362838
155699
-475426
-517424
-837638
422582
-482692
-469482
-53649
-915624
-623481
-179770
838981
597613
411163
562425
-213640
-419157
749234
-90687
36781
580452
-524645
-141194
101810
578408
80416
852960
949642
-955979
752765
288589
129763
211635
-490046
280086
-565826
-977319
-645751
-802854
-186732
-177327
477512
634325
-595176
965415
759215
-906403
931775
-538827
-729079
-411597
-541903
636281
-899224
679794
372764
-139072
-270613
-498661
-471577
-537371
-945237
473860
135415
801082
-462251
-843128
795511
848919
83664
-243982
748124
902673
-931386
693664
-17061
-382858
313065
714948
131358
233326
-957727
-602899
-381902
-548801
804756
642165
404328
-209944
900347
460546
-364117
-53026
-426846
826115
512191
363529
466441
208184
708929
171710
786243
-194347
946768
-781254
162021
-686408
-806281
-953099
-455426
867454
641669
-531349
-904561
-799146
708396
582532
21618
784065
948647
707625
144281
272109
-677748
617652
731925
-302441
818853
-160293
561319
572317
-644043
-851051
-148695
444881
-700346
17496
-438151
782544
680668
-3131
-326546
552170
-782868
-973781
-275359
802389
-445419
359363
-333763
-495495
-74880
-652514
432898
-134882
622089
292152
479550
128074
-743013
394719
451246
-4432
-946375
-273475
-547144
-936920
-390562
124246
-175158
448329
814508
749486
550553
-687643
-328139
705819
631786
465463
-960712
764115
658552
-556939
-756138
-960676
-284785
-670803
-727896
855761
366925
-484374
-63903
358628
-108405
-965883
-636453
-748330
-756450
934124
685185
-247560
-528472
-230995
254440
-656219
-875242
-193728
402144
4531
-428608
-407447
-643551
99747
-472157
591482
635390
129903
-486925
-421475
-645555
-680868
-326280
-73001
605838
-101758
215518
89750
-771947
440390
-207222
-8373
68470
424072
-256113
763918
-948946
-789753
939819
-919746
891332
945495
-733390
429470
-315944
-846503
842315
-883654
-737079
-797033
393706
-637046
8178
-331655
-507924
200476
259665
498990
-340501
-72087
800192
-676735
-302249
282311
788946
410433
-707252
-70489
-345958
477815
-299565
-47973
903395
-679751
540600
-88082
-845966
-396704
24665
882967
796040
617526
376056
662623
-647494
-475880
-58797
755901
-692890
-189678
207079
-758218
-118109
-541252
488443
600871
-642854
668309
-320600
562773
684934
939258
446182
804569
965122
-699685
-705288
331469
-180837
-611275
-93168
626081
-707640
-921610
-278363
-736254
-851164
-585667
883157
650851
-100990
-906513
-248187
547709
948570
345311
824782
-114935
191394
-379841
219006
690758
67085
771400
-205932
-835067
-182306
-419675
-486262
-586207
454529
-514009
-230401
775030
732625
-972234
-637242
-259845
-547927
-840200
387762
151621
-776936
623996
-287244
-979741
-474532
131868
840963
139152
-568054
-404346
-274934
534676
154554
-773571
139377
-851562
64162
396650
990137
819683
-172949
203539
791869
-942672
590272
471059
742886
323464
853265
-123937
-887027
-734932
-937100
606991
822463
373889
9986
-482730
-674710
687730
-234173
-779354
-283328
642713
436642
-916816
298259
507355
-182354
-548970
-959540
-836090
483485
-199644
-139043
129252
-976136
256457
-578486
-226466
796145
328884
467790
239037
-549680
337420
615482
-120115
867085
41548
712329
94489
-621673
-53141
-192116
827031
430786
-863569
-343576
-881281
-230854
138963
-908673
716742
905992
-701841
-955673
-743245
9077
347292
985403
-179403
-210961
-149926
-54474
-266286
511967
-250557
423058
579194
-702496
-45394
-879490
-381015
-377986
-279219
661255
437265
21277
-139667
618745
442150
-738051
-698431
-771319
727951
698354
-572673
46809
-948988
488506
579681
-855795
208382
836545
-623030
-364106
446170
-32642
576495
167727
253358
-610448
-123092
-856311
632931
-460204
441312
190222
-800290
-687719
-854703
-231717
-956720
-691887
-890227
660805
426685
-527145
853338
-388072
-32326
-771907
-901823
-561158
721124
490449
-567650
-132386
-544891
362571
750848
-69646
-151269
648948
633115
982849
607525
-772813
-234519
453898
-928398
255170
681352
341381
475747
453958
-387630
-965555
-41861
-234932
-282997
372641
120265
-48441
-560039
637782
260528
87059
-468750
377352
-858228
-962236
-296224
970797
667146
962005
-257808
-202205
-181315
-765818
232961
-361380
-445715
275390
478121
559831
-36564
810772
622074
356521
-48090
-330953
-651143
-473766
625576
617600
-626313
353118
-217969
-984574
-984357
-922747
359956
142083
-272063
834300
252814
566612
-985679
-564628
-338936
52870
-653125
1863
-508292
71904
211073
992983
506009
-597736
-948790
-100739
-14237
-627418
-969182
-928763
351747
599722
376883
-703691
-789432
-793230
-803649
338538
617736
144467
576321
-366414
-683001
-646301
662929
685807
-735179
-955731
-705511
-131696
-387483
-191219
213639
-753260
-327494
837799
-954672
549677
-484866
-864204
-32267
494630
660920
-28971
-257346
15848
-535916
-78198
-373346
-413676
390362
-150042
-548609
-581392
-562529
941538
604604
-879631
434266
-463753
-755721
349433
253126
-827939
-859433
-124049
-252405
-986284
-918113
358332
-357755
665052
38071
-749717
-964419
-160860
-456467
857190
496974
-466053
513135
263760
966985
264391
-666243
98102
102146
397264
500521
-572211
87134
-348963
743577
-282903
824713
978705
846331
818129
-929110
-332328
-617629
-951307
-105994
-712131
-250223
414490
892320
195941
-575127
-176505
779404
877523
-963491
608079
736503
-243893
989199
601400
-88274
-950690
764187
-271172
-493202
752935
-932443
890248
987903
-468773
849315
465619
261084
170780
-732106
68813
801879
-288259
849893
-181907
-699154
-408435
-377699
224535
526406
-113788
281105
5234
-915316
-81125
275343
534225
879575
642542
690351
-621849
112456
104954
141578
834552
640073
-203789
842809
-814025
-141317
301459
-625716
-418874
-546503
-889492
854451
-237164
26447
692548
-497080
421001
274154
-144619
516275
891741
508457
898722
567802
331949
-125915
-432222
569202
930160
143004
-256649
788418
-369881
-44753
260982
614918
54989
-703638
967504
264719
623748
454499
88552
-496485
582864
668934
345516
38161
455245
-869225
-328644
62150
-565497
-316823
-786853
-560388
994006
772639
-887384
-699561
-307178
-865283
80351
-21399
193071
-809759
463085
-10976
38714
-625468
-599160
238448
-98278
-642143
-331093
422026
-690258
583240
687909
-272267
-596165
-223318
-794732
-300393
-665174
359134
886951
872771
-843289
10911
-670987
-120182
-391143
45467
-411075
682611
221349
113926
551656
904994
-384449
300696
140013
-634290
555628
579981
945729
54266
-146459
672344
34170
-351474
444639
-951282
-20556
-314829
634638
-69678
-738292
907178
-935368
-9986
-84392
17381
103983
-360334
-439775
-555492
656039
-60213
225668
80413
528709
206071
678745
559887
-760877
-822037
255802
460126
70580
715208
-899749
474372
407466
615865
711372
40418
-775353
-14636
-713841
-569205
941053
-710183
777556
112527
-795305
852226
352974
606599
620351
221822
234336
-332767
437714
-190511
-934350
-752462
608147
77701
-986478
-108276
83709
163764
-64939
689262
665086
766918
855660
-327248
-644945
932216
703896
-428152
430156
446380
-732257
-693788
-84457
976114
919152
291277
740006
-799823
700033
954943
801591
456950
722308
-920319
504294
-793101
-536731
-595769
290005
-811608
-109185
25031
-374203
-981629
131451
-52990
291056
915630
-292279
-56175
-990960
56610
-773064
894288
692046
270751
-713437
-655640
274343
-292512
377719
951923
-142494
-694833
-805959
-837969
-163294
-392955
-717803
329222
193369
-920488
46324
-53536
526083
-624083
67301
-741609
462454
453985
359584
-650158
250755
-899313
5410
-104911
13953
-947293
-31952
-160408
419494
-129884
211911
567333
-411103
273418
-872355
618349
844881
-413742
834872
605480
191086
375349
638407
-999447
-436177
584252
611178
-709663
344617
323546
166469
696434
-470781
523042
-114376
-122373
551679
942649
452190
393625
-148054
-156069
-467284
-603986
-118347
-442230
-517378
418501
949493
982804
-568927
-136038
199405
70391
6315
421460
637939
632350
-421949
-205912
975117
504871
860726
833945
129617
899602
-656527
-610274
904039
483166
-922379
-354021
-861644
992629
822368
-507600
484332
-882216
-627015
-58371
-857294
-153955
133980
-368733
-793921
-884113
928077
-521812
506303
166898
560159
-712478
-699598
535650
-693123
-824404
777385
73219
-934214
779110
-20758
-433666
618980
-549621
-116397
628211
-854419
668359
-691809
849405
-51869
456573
-752859
-604081
-893504
-331334
-508118
-312680
-841185
-161966
307838
-339920
884222
525412
-407369
-185956
250359
-421206
555458
516920
147321
836858
748987
-599531
141391
747745
-383005
76245
526453
881692
43462
355739
-993679
9466
173979
331811
352557
228267
499400
-234582
-866862
32912
-104993
234589
590455
-881844
883523
292661
255438
199901
-875528
-145160
-251176
-154277
525146
-328163
202429
-756962
248110
111131
981613
-505105
-674316
-745259
950642
393658
936713
203034
48412
29021
837140
118319
-741064
-306424
768389
31996
590335
-516108
-711594
146197
-424509
-649340
843112
-205366
180348
200187
-463917
-983116
-72217
75401
-866220
255377
165691
-236581
-656489
-120019
-786571
7579
-585950
-258477
665726
-578122
636852
299145
-969058
-508699
-336425
684864
-821943
971226
-616603
-602692
-829454
-985154
234931
950718
879348
-961205
300496
497295
999173
-482468
505248
-307891
291635
278866
-649104
764736
65280
611759
512490
782027
310797
-778855
-470230
613455
-848624
-743754
-208794
627176
-666354
-32842
865980
-308721
-337398
536219
-172775
883080
201473
-833252
333663
654627
816268
-114681
557322
948116
-905773
-784738
-7307
-733205
197893
-217620
583664
-639364
-284862
-259258
-903105
288856
-201104
517678
169698
288928
-599514
-851774
-834635
-728935
-284777
228064
109870
317132
51287
248439
-864086
-104041
558042
919395
-990007
-208338
-990345
414089
-373499
128398
841301
-352144
686191
851703
713551
-770394
528072
668411
-921650
386868
-779481
-909210
-344224
-430546
270691
81877
442180
494493
435508
159138
-225241
710002
58779
117301
216430
-265736
459202
-305366
942160
-341683
435252
-561929
-214251
960588
-262632
-255494
-761954
363516
628710
-917713
573238
258660
106288
254718
-149894
155508
900058
-299032
522487
850023
248462
-846838
592415
510582
202913
-154435
839028
855193
504112
-591289
986784
906222
-496764
-611536
60212
-204989
876628
741970
-216151
-866056
220178
96796
991123
97047
-190942
-795052
982243
16934
737621
918619
279559
464811
-292854
-314486
-366160
-944267
950255
-211286
-931516
-700627
13473
14215
-475693
474612
-487016
800842
-66700
737800
-226060
425705
489636
819980
-422745
-362368
-643308
-768861
-862286
-509012
-409645
-9787
-827017
-614131
-332578
-144227
-600414
701391
-258056
989042
-83261
554905
612258
-765182
-944489
-863082
-935720
-711708
-829505
124331
490166
172196
402569
823947
-350453
510078
-221180
728340
-831062
-845295
819198
4091
-157369
-830129
708057
132872
122620
801990
-935192
-581079
997570
605150
-504811
520293
-254082
55257
-452580
-452268
-874685
455651
972534
226411
-35146
650780
532970
327597
-616370
-895763
910306
59437
-809949
680924
379524
-121536
169425
-869564
-607347
935543
176465
802322
-887178
134653
897950
518386
-231650
595974
951702
-829873
-56570
414149
552615
742773
-993688
-309145
768885
-647333
-901465
-87276
-7863
380326
185453
-784829
-65124
-446339
-991433
537102
-142837
918358
299948
-845363
-59236
-5947
-814573
912589
425695
622822
-555012
-857217
-345509
-459091
555937
716388
633524
-808099
999640
-4013
-648869
-180959
-195156
-790557
-905641
-249422
-822438
-3244
879105
727916
689255
838448
613961
608947
283998
417571
-551876
671074
-290102
-18682
-395938
746539
-32277
298215
628074
-510209
306463
724090
-276860
-686678
659201
-809681
103156
223842
993862
558582
978221
655552
-43072
133017
-729289
-669393
615203
68097
-176161
-878412
-495472
-115225
756270
723436
-244117
-411122
-261422
481967
968137
83868
-908737
697697
-927205
537450
917396
474241
592868
-387525
-642298
937988
-947251
-53575
-245998
172199
-862874
-360719
109028
358066
290072
170055
133602
277425
354463
942628
353542
404409
267565
52205
295741
184770
644213
604075
992291
390522
309543
117416
758383
471517
342752
205466
-408731
599696
-109086
-464294
630559
-288501
-784700
149039
-285333
-322869
736688
-7401
-587457
351362
-970973
-502574
-414315
473984
-142221
577563
24729
-848400
260500
251899
300644
135472
-759209
-560891
473158
704050
-900792
-248485
-218962
-688024
-781004
820425
-451209
-531917
-605950
-848458
-984311
-462311
70310
-241159
920434
-22729
184212
-107560
58484
803187
-789352
598615
-311986
842966
310488
-393057
152739
954687
-826164
170223
997497
-253997
220051
-12395
-274307
520362
-622064
-864870
376692
-291461
527132
-477538
-945425
-419352
-848804
-780312
353430
317046
999510
-779953
410706
-393817
-704604
-539101
-384282
-809829
-266682
-570753
-610394
-7633
-214527
-534441
-101936
318994
-731581
638195
178050
804093
625298
-281725
-869163
-478285
-63223
152009
-629523
-792622
594825
-8753
-670392
-829189
153339
-592560
574745
-92039
745353
371594
355920
-871686
-209625
558937
-714105
809952
881453
852483
224815
-571951
-209566
-510323
-209948
-22515
400799
604543
781073
-936664
-519783
-380228
678056
-675220
631458
372833
581395
-72115
-828790
9505
558591
-578274
91537
163494
-430910
-632771
799624
-263783
184842
885206
214576
541782
-354594
-534317
-398374
71598
-949660
-240890
470162
-304450
-381859
896527
-287061
835323
-856063
534236
868073
729979
673684
762808
-287405
655494
291893
-406866
-180735
-931205
-645671
-611721
799641
-358625
610182
127195
592572
848051
-581318
768355
-147744
831529
592231
643601
-512886
-546481
-133963
-656791
-627039
430822
-123209
423387
-332191
382951
-412501
435210
234236
787901
845303
188134
81226
-710049
-537703
301452
-359227
-690326
-771334
-52082
-545566
126174
832852
-553403
853028
-539328
711858
497273
236953
554464
173804
-350679
-738408
852077
-691831
52987
-267414
966019
479056
406380
976703
552278
-742058
-763299
439149
-233501
-729499
652744
-974725
948951
749925
-858784
385655
874842
384366
943972
284429
-688857
-4986
502018
-662762
-232881
-167353
-826109
-252422
-628123
-235570
-688624
662169
-341656
-55623
-880920
-783889
113036
404291
156000
837455
-424153
-817845
-475752
940017
905546
800459
-989157
1008
876287
947592
109862
461022
-15986
-398437
-688513
327700
-543719
-73045
391035
-176525
425708
-838527
302083
-622453
1995
27282
-611238
-999031
119188
105646
-948049
-810782
-666869
-893836
785014
-105048
-752870
-210530
-346209
-186954
-340391
453188
747791
-224483
627821
745195
-452462
842350
-562445
-78973
-645467
-98707
363499
-313521
287388
-250699
-638620
-342931
557417
774918
362065
406088
220300
-220439
-616713
167988
486910
-30962
621933
-491919
-770172
-583957
-841455
-136382
-436761
-880782
538146
424437
-639745
-74316
211139
657150
487238
-187532
598034
-590246
639873
387496
490901
676475
-732375
56727
-436552
-531048
-638730
-601768
853673
861890
-724199
672072
226509
-606111
-671138
813324
666126
-657790
-282823
764260
-809464
-675146
-825258
705535
-929571
-246847
-623172
543166
-419298
763680
602100
-752476
-317968
-98791
-723945
-279941
-425623
-408706
-809892
316913
824009
274247
-570027
988498
-991174
997716
-744819
-589101
996897
698670
896689
490046
-159432
106135
-323652
-56421
730928
-280048
-919711
-754717
-303993
276348
757563
503583
-945893
496000
772852
-187339
322858
126491
909542
619883
-647537
832216
-856768
-72849
564080
590351
500993
192912
57055
853194
327369
881219
240118
817029
132443
663100
-473490
804285
302104
276605
-722493
-648820
-16529
552120
522957
-172366
482451
765562
11945
-550620
-895068
-173924
-294713
456015
844153
126880
-357069
-166842
-988247
279974
-598852
-431556
-963306
-363163
212770
136154
-918014
-170848
-662030
396926
387982
938090
-675677
-26274
38769
257595
766117
81314
305829
-324877
24165
-358876
685655
818866
655878
739161
339647
752217
-16748
356241
692865
-573597
168797
557955
-136578
-829443
348192
-481862
723424
-623934
-164066
892597
-352891
-409557
789582
-347202
7851
-866382
-622063
-806661
-992887
-197470
-587958
482782
339873
103219
-287373
560036
194219
-325172
-896103
-904274
-943595
297982
623232
-258482
700771
170207
-916960
-660728
178909
-451727
-382228
390775
-815414
708900
911778
85621
222148
-930170
249860
-980049
-131544
-783158
-956794
-561717
-128916
-751992
463896
958270
-306199
-724954
873848
-364386
-761519
111562
488315
958495
-648031
-658018
200068
15251
-884350
-440130
423398
940474
-845463
-861869
768830
-157839
-104775
453980
125399
471684
667761
-324888
-554968
615610
-532034
813762
-569988
-23941
315299
874365
-605008
-638061
-315940
458556
977092
-114504
-725927
207742
771415
14015
529672
-699411
513387
447307
739323
887702
-719875
827179
201149
855830
-195365
369565
-614986
926226
501580
-742941
498503
575530
274572
429784
-456501
-194914
-205589
-721534
-698910
-785493
419315
970603
-842963
-93133
-46731
707802
-331731
-430530
-770552
702862
-552851
601928
752572
37895
-344751
-613836
-732393
-618552
-414963
-496345
-424628
-997860
460304
752445
357384
343082
532021
28950
-242684
554845
-998025
675445
-288615
735943
256054
569926
-847437
-182043
616376
-889401
-203694
-201148
-508363
500566
167014
398640
-591690
374846
-340059
829728
-70658
249035
-750183
981445
-141240
670398
578406
-194135
-257764
-568940
716822
-303312
-338944
-377779
-261881
-749878
-797898
-737212
-441651
-493942
243902
930447
171677
-677423
572084
-141256
-272500
983119
100538
203614
766904
-826767
-364422
350667
632292
-398973
-670890
-511526
-649092
272809
649954
135190
-434022
-199871
-256656
94276
-732499
321881
-91127
-631408
-557687
-973016
783416
600762
-405372
927018
872884
-153961
-974131
734692
960924
231994
202146
385193
278634
-888425
-132298
647739
280095
-362274
-671596
692115
256196
310154
470809
-169455
-981305
568532
292447
-905204
-545312
-75311
516009
144988
-720619
-335073
-317169
-442105
-375079
961051
-715134
894216
-866727
-788017
-172579
689822
200061
328752
316837
-296317
-700641
-417894
740205
-788597
410834
519413
-446140
-953306
763246
774102
871460
-265077
165448
841960
200095
-818827
995023
84542
499906
80620
551241
-185812
868659
240136
390169
672339
-707144
955579
337902
-440118
-7221
342527
97737
183364
310108
-92342
342171
-354521
-708875
190632
-954409
-422819
-288737
358064
-684716
-882237
207951
389201
671208
-789063
12333
811661
128520
-77608
-811734
-947252
138516
799563
644033
213234
-802788
-917323
-750232
167798
-714430
-152958
-582187
937399
-374282
-194887
-856905
-601770
-571336
-77953
60433
-51218
474286
-534748
-793383
121067
120561
-900229
993534
-797298
-288755
691737
-11918
656803
635450
-712410
-866516
645469
-120389
980510
243291
893157
-902257
-22103
-685010
804408
486398
-707639
-575309
561076
148729
470275
414448
486863
262091
-77769
395325
-883459
-855077
288878
959795
616647
803355
-815504
-409621
-777000
801248
-105753
793828
-459912
-431286
908381
-55302
-486979
-506811
-218078
83992
261316
747856
486648
-101802
-555874
-415129
-779234
-949797
754764
-372193
-117415
-754021
-42849
-146290
-642467
777052
761277
-492202
773827
-265069
247187
714885
590420
-112494
503028
598266
486303
-408457
-608085
-294128
-373151
314435
875938
-839634
114651
-161154
844121
697814
-614954
-474895
10759
126215
621163
-788577
955793
-211511
-270406
-954922
-930464
-324396
-665948
-518505
946652
636259
-294857
803268
421027
-738276
-2965
421128
444699
-96594
-680050
-996856
375868
412227
-931253
-494570
599544
-325722
223077
-417330
-95056
-750875
117692
240126
-990624
-693035
552143
602316
634505
-749850
-478157
943162
-935434
835978
-400306
-810567
1652
854130
-777981
421179
-426847
-690165
-774500
191930
-238226
96549
971488
444302
-984223
-31030
794559
712959
-763328
88070
-22449
-101976
-181876
134935
285334
514470
771492
-85569
-760061
-500399
477992
901738
530586
429740
-904184
371268
-36246
351021
-461855
630488
-266183
-178619
-357735
-684085
691246
-175487
-265233
-444943
688153
-54573
786215
-884572
224996
-979977
751068
784810
192949
-638464
222182
-899140
-846727
647905
-547891
741010
705538
-244051
677326
178338
-930034
-120192
832601
-424517
226246
-637316
977278
76532
-696957
24871
-443995
-791648
-847816
-487066
-747947
-794171
-975934
294596
-624434
954730
-917541
-354554
-898894
-257837
936190
-901438
10047
-900792
-663808
973166
615798
-837895
-359676
706859
-715723
-83930
670912
788275
-603434
404469
-784680
330573
950697
273166
-207437
748294
-162638
-789950
-762264
390865
-787242
-214664
501057
786073
809077
227921
929903
-309204
280462
-767414
134467
857075
-137495
899307
314606
-903271
-561311
-617921
817257
27417
-523159
-528998
-924266
485017
-101905
-205286
190971
52606
-882890
61690
-586967
558079
-389045
-396351
138223
-19835
723014
-303012
8316
-628675
725640
-463494
-487513
-504171
-230721
556600
-433058
-46523
-329352
-848810
-790035
39278
-48830
-378364
-224094
-269503
-670855
-321924
607561
995409
-844632
-48328
527770
852042
97918
-19560
811184
-629836
787197
675258
-501688
-383170
431358
-87042
583413
564677
-198586
993763
285703
-823472
-401650
355043
-824114
415077
716612
142688
404560
-545705
-616081
543565
-753145
-703707
370373
-384770
13992
-830617
-575189
693528
745479
-999032
-784847
970776
-235786
582745
-824869
856247
981055
-409318
-657236
989797
997319
-220549
479585
293215
-962807
737767
-7263
113881
599757
990988
392647
931055
132761
-879140
-485710
-151372
684952
955138
476325
-775812
-166263
-519597
-17468
-916298
845479
861955
-679090
-972911
-873981
952797
194277
-121360
302067
454022
-309481
-275206
-973067
198560
-520827
-3370
-837794
284286
-901040
-500480
-456512
-363585
-526968
-876361
586119
95358
-115885
-702597
-747848
-403915
35062
3327
-634970
427440
-822692
238880
711865
-504234
755690
-898450
25380
110461
-977234
-216498
-306725
412871
501883
48491
147446
-646836
220830
295515
-742387
-30844
688990
-173974
-883579
973749
969165
790994
-983641
415952
878437
616395
619488
706394
-806646
-683851
302825
361260
-722408
-536602
-808464
708987
-920691
-52088
-640936
84207
353736
-375511
-140418
365743
-983313
-682320
-83723
91806
331718
-63599
-24495
-741192
-179282
691222
-60371
36457
561488
-425041
-989727
181995
-535690
-780108
881473
925322
-751608
-323181
974677
641953
511088
-807582
-874895
928485
284821
814220
133516
190445
-917977
-509433
-854568
-65294
-421345
-24697
508593
968690
-766723
-473081
294716
293209
762718
294371
980013
-157102
546062
-385495
375321
3619
701339
826217
912832
769815
-992617
920690
-731330
-66293
-216073
-75547
-410559
-603068
704814
272463
263392
-921835
3690
742429
561016
570125
763091
-181491
96759
-429551
497068
336573
-479951
-980536
-86930
828839
159687
370617
986598
-774879
-369496
-989839
-347988
90401
-886766
-821774
-182643
662320
45711
59653
-38405
252259
337922
-490593
862473
423519
-765152
333695
518187
711778
827846
-40900
313529
-688041
749965
906634
884438
-656412
693692
-148376
266931
-751923
97984
-623376
45085
-906438
-181621
-446064
-94723
59815
-499435
-493635
-962106
-372366
62585
-168979
-245365
-745488
713780
839227
-627564
245288
305031
845036
-894891
-538520
471510
-299459
947566
-121883
327772
799822
-314892
130614
178591
-562044
-311198
295924
602017
-723625
-642973
-486568
-430927
150122
839950
969466
-856085
387236
694474
-136323
-991201
-731317
651217
880785
898689
-153331
13559
-212656
-172399
814573
-144545
-904062
417674
-280395
456534
355884
255799
235752
766261
-325415
239207
-852753
-26332
267925
-620355
443183
-905024
-623452
811986
116432
343554
830894
-844939
-187900
-428459
481122
-821665
184183
275741
140544
717215
241071
190313
316108
40645
582364
-775138
618871
-260161
519519
-965015
-539938
-915518
132422
750566
-323770
-426928
323209
565768
676041
-780101
321519
361047
-658925
710104
635939
-834780
-677249
421277
-549884
638700
144080
647457
137280
231593
-953029
246810
-105966
218498
-260071
-54953
447506
-97180
383294
902340
-526715
953071
480286
890397
635685
-906214
-143403
-817010
361258
709057
200419
-571671
-64792
-705176
-219000
580404
618465
-49410
-511626
189381
918489
-972865
442328
261262
220099
466190
-287643
174125
755343
303657
-910027
-175003
655265
-894883
563543
-472532
915134
-48956
786444
-327274
-469207
412144
849480
949116
-893916
165395
-594203
782309
599462
339499
248876
648396
58466
-68330
606018
-114225
-806875
870057
-418920
727510
646813
-721906
865125
101258
808682
956443
-324486
722417
604899
-672664
-670440
-957272
954408
-522611
288622
-901657
-502161
640023
-804685
724483
-565320
871831
-316118
385958
658218
-239042
412594
-716416
542745
667077
873581
-381048
-156047
140138
552080
371240
838134
923926
-107625
579537
457828
36829
-613446
540583
-881354
499559
-222518
593683
216137
-268408
616247
-791651
242290
281464
336324
-485348
573479
661899
-786916
-902888
620154
-274637
386204
-417222
549366
-760296
190745
62316
133744
-584867
628436
923806
235933
-698689
765075
-671235
917296
64595
948396
-674832
-484938
-208803
881643
72652
-281917
-84193
990936
-431096
-75219
-871212
-791917
-629360
-10805
382920
-249496
377498
590861
-940433
-216091
-640738
426114
-289793
53320
623882
-171483
925693
-137483
-560576
-16978
-917637
18163
925875
476651
-127236
966641
-347916
360462
872675
262345
261106
-622064
822430
646206
763375
-475833
513301
360653
9341
763609
-301825
316882
-909186
898659
-643474
-825472
548888
855920
-332273
402352
373187
335670
-118532
-728248
74442
-234976
900044
-598085
-387732
173326
-388534
278768
-347216
-927595
507636
-917159
-308862
-346379
-491346
-253340
-148161
95538
-841382
472550
-850542
636091
110493
508216
-101313
925115
-986210
-418758
337428
789032
389833
541235
-265644
-943237
246861
525275
-569719
996864
951374
267828
610834
-381587
-193134
426569
185410
-389876
-908063
968922
601667
-490054
-287556
-880573
-979691
-338467
716363
898613
-415685
216622
649450
-5051
-109241
45278
222568
225229
439413
43337
377643
560857
-198097
699548
-656128
-980425
483197
-277768
-441830
559917
668801
-119794
-431701
-428727
704889
14202
544790
-555613
101738
-842652
773034
304286
526436
758343
979753
510691
-554921
431628
-871425
-906412
-335138
-745066
-44696
69836
-228060
-739988
-250124
-935463
-376770
943868
-234917
-687560
-941696
-530784
-943905
-953949
-219551
365586
359954
-286435
552484
-856510
42664
-924154
-466581
656166
-504443
742947
308261
-245052
444385
-835332
-642540
297659
985167
336683
92359
528379
-34558
141123
47989
307832
21251
-909355
-135516
575353
-175088
920533
95923
989305
-22873
-920710
603913
-246436
-96372
824327
-151724
-609461
14796
72826
355342
989608
-421518
989699
-399664
76966
327342
-386834
-856389
888457
28049
114601
-906984
963504
125875
48050
-330795
968330
-602420
470488
172046
-604343
-928089
583329
67498
342805
-30593
-819988
-371421
230761
713923
-45854
307091
412393
-362324
778623
201622
172802
909726
607292
261738
-724859
-671879
-321549
525470
-857472
773009
-306846
-793938
-251745
538937
817096
-824863
767620
474497
794471
-579774
-859903
530830
238889
-16985
719
406794
401294
783262
-443064
322095
-484298
495661
-666463
-931950
671196
-895962
143615
-913007
-664319
551052
-412186
-62990
942224
-301695
-312909
864207
350920
-988924
-177120
907002
426606
698743
259550
-370028
587542
-505478
108132
-63920
713502
822278
539195
827384
-67312
-73698
138277
-929994
-368213
372084
46174
-54360
-59212
-835348
-624910
-683101
220955
342242
739044
-904410
-760533
-20137
-389361
-968916
-225392
98854
838268
-853655
-698570
165302
547787
697536
58348
-501423
-186162
-667532
-185028
656656
437474
-20453
641889
-478187
217192
931497
-15813
-457279
627644
-237936
97213
572977
615806
-338265
166415
-524007
-455745
184491
555146
465085
-957317
-825163
343179
-104468
194215
-939373
-686129
-971598
-920282
324810
813503
-84046
277742
583203
576596
-491661
-258507
437241
-203767
775569
726974
-823626
-951751
-380906
-302306
648139
88862
666194
913962
78602
38401
-7832
202401
810570
35043
911842
956076
-873597
290816
-301749
-783031
-758886
18153
737509
341733
-510146
714038
379993
166472
-1408
-587055
663795
-468006
-243827
-935129
936192
979853
-184585
-900980
-814203
1310
614076
-86689
-610848
-972350
-122138
861843
67105
727055
242965
227420
-862143
415136
-120825
901730
407512
138360
-358627
296694
276231
-952922
193578
957561
451055
26015
314462
362224
78073
45233
-577072
486614
-663110
-673900
-368385
-568597
328668
-446705
581446
429389
-663525
-569942
620217
-282276
-646373
987451
990285
-196296
291203
-765654
-915825
823763
868741
-493168
157213
79720
773452
-291487
-803377
-364171
-537022
-906997
344106
808033
-663669
-233203
592682
-991611
-736002
-567695
-40857
379890
648022
-580732
-673559
455867
79426
940032
431186
-736556
885390
157929
31820
731195
596231
32797
-616939
538599
25272
352926
111907
-979058
-637476
223640
-33183
342775
109445
357916
101261
967245
-329247
363842
521682
-977858
-756729
711027
249076
667378
240493
-381256
-417630
-570768
-851628
-246899
738522
8579
931982
-75697
-640761
906600
471649
-273614
-343281
-188447
-424714
-38115
914285
-529945
-810462
-514361
-694607
73719
949405
365567
-949144
307315
-551865
427962
503058
-408
692192
80917
-197976
130739
116611
176800
-107070
238794
454735
683451
-116985
84364
37523
-990975
368334
-344924
-162169
-593160
19988
-678145
634675
-256087
558090
-721864
708322
-651221
49805
965712
594771
560165
225645
94931
130975
731709
196353
762061
295719
128073
477878
180811
986302
-55300
-33718
915057
-27559
-172991
-471463
-684117
664729
-424760
702285
669448
839507
654619
487130
944578
822665
868774
-49019
-120281
-416550
-792303
-173614
563019
-713622
-710285
33596
-261684
-37468
-348853
-102331
193770
-206659
-246042
507049
280958
-516980
-255330
-581579
-467492
528574
46245
799539
512852
392862
-656228
-131068
164945
-945640
-38846
-736769
-758390
564486
-944636
298556
-522894
-891485
-417421
-974568
-840634
-207485
378811
577806
-970094
30688
-755723
-996741
-701097
93481
-715997
-756576
136738
417180
-620570
18700
250251
-224953
-237723
70404
-579316
607174
-600411
-120867
365823
-458867
108878
-982000
728906
810008
351096
-102875
585543
-843872
-108606
-276356
346185
572399
-931658
-939545
189159
612773
-246515
202893
350115
566068
525058
663644
-953061
391250
794129
387941
-113884
244997
487059
-712842
521413
-705528
459135
-697550
797203
-26348
683063
-837970
-880749
-475663
-482877
952281
-244553
-495228
816165
-117990
293145
-939534
-110098
-184114
25392
-693306
686550
974940
-736475
-435137
-917209
265075
735365
-800304
803479
-166834
565343
-804606
250259
-627771
230881
-669333
-603068
432702
-930612
749074
-725661
-478909
791138
-817463
159018
500490
-768283
-884164
30532
397717
927324
-642660
292307
77285
-282573
-298963
347037
707218
828876
76245
-408023
751298
-86400
634927
571730
-417879
-295090
-192705
349112
-557557
11584
677
981076
-58236
155684
450117
218431
689666
-362167
168145
946711
-745868
-390692
-83895
-650879
977746
552869
649948
129287
-204500
855916
521259
-205073
225467
-491153
-520336
979296
660923
-362956
-752986
382771
-381932
328337
516226
-274804
928344
108264
815792
-210877
233205
-451504
-447887
-361392
-873220
-606551
240635
193401
882134
-986392
-274957
-451394
734833
-523605
-546948
886526
114716
-38258
842852
949161
-130765
-303402
729273
901926
554420
-989055
-938045
74426
-144160
-502856
166999
74595
-115055
-526835
-58109
592877
932006
581801
249700
-680143
-143584
-585031
-252750
-170125
193323
-929664
-8927
-787258
418480
-898045
98590
594665
825492
-373926
-369381
-454529
-131704
-86264
527303
253724
792158
-961665
-507681
788670
77714
327991
-626006
370822
633742
-165371
-773610
770875
456528
-686732
712443
50259
-134452
353241
633459
64118
-1900
-715308
272011
-232238
27631
-993656
562457
-373515
861673
-344821
-93892
-496436
-599354
505102
996980
-44208
691438
-141436
-623213
-748131
-588554
655210
-873535
568241
-476438
391642
-612242
587541
-901030
953759
90523
-664501
-415036
-544418
109733
-919712
-4517
-71183
956353
586529
-271297
-985190
-157097
-191330
423327
570428
-327678
-727913
-701636
958177
-124602
41744
-168524
492715
868344
-840664
804076
30747
-200548
-337762
-68662
532137
474707
491335
-997370
587584
566109
-964726
-958476
-277627
-798773
219133
-701677
899733
275593
-141947
-991843
-738580
-579029
219268
642525
716151
-139084
-916211
687418
-962418
-344308
-310335
-210579
-982674
943643
422340
-765552
-736859
-160084
499797
-417934
-769594
413577
671532
626963
-90201
-980410
-57242
92490
600736
-117599
411744
662941
-832279
733703
76336
-330794
-575645
138281
-5971
846977
-289740
881067
-681814
561557
388373
-344270
-885460
-338746
359725
226680
-345032
593197
891281
206151
3675
202576
-539830
585681
-191377
-250109
-868197
-604607
600163
505016
-512702
412010
-29283
-866627
-97656
-884103
-603786
-528253
561703
-714774
277732
108402
-139021
599865
910023
-232283
-750671
796640
-614628
-677228
474358
-821250
592744
375775
-512714
-145265
-810506
-844857
-25148
976277
76772
-141370
-301571
-630647
936393
-80367
-75761
979042
752130
639902
-407996
-585427
-821612
336944
326101
265229
122093
461466
28000
-377395
-901370
-194180
-732451
-682645
529630
-239647
-560891
583759
-595726
655030
-333472
-12828
143893
-53677
-322328
-1266
-156832
580564
640855
-277619
-929984
213644
-827119
-255614
342099
-793673
-30233
-696308
604648
-88253
874794
836830
966306
-608321
606671
879915
719864
264344
803819
709850
-430647
72342
165890
-72816
964622
201026
-276887
215647
-874676
575587
-462267
-545714
-168905
208799
-467713
-855025
-51808
-811733
465336
282778
913880
47671
912391
-653978
163052
-965084
-538136
777636
597048
-972865
524285
119615
432412
630105
-23442
-303151
-570576
876535
-337524
393042
119378
81007
901102
-734718
-798762
-99436
-912152
-163290
287211
-303423
-735057
670826
61705
-513672
-804763
-687913
423389
724932
365441
323012
-742614
455598
673401
-422483
43299
-318273
258278
-543480
903219
671930
-520848
532206
-632485
121669
-866598
-546672
-726131
579241
-795270
203498
-882904
968679
77828
-203120
-802334
-888944
248559
212520
-196254
-831044
-595096
790305
-363420
-828882
-8451
-121018
694876
184413
-961489
240785
896400
-249743
983525
-249372
566456
91160
678169
-897625
-965691
-845380
-303979
-219622
497542
39641
-485352
127133
676792
-922512
-189597
398251
-12784
864757
880207
199255
-740370
286550
-773673
-207003
-358103
145054
583442
970000
-317536
848426
-662254
775732
130725
-976990
557924
422438
922914
-943764
-869234
-659944
408580
-144208
621075
209426
-618519
244073
660866
-875344
281015
-841983
296547
-775493
110003
-233422
-42218
-524890
803807
-338867
-700502
327668
159803
789765
560689
-42135
378447
962850
-108581
-326367
784442
-599022
354054
-497329
936777
-172036
833699
208243
535109
-963615
93949
-81020
602971
614458
-575572
-914359
509927
63541
-820561
-405431
-586400
774830
-978058
-856932
-756894
-758342
86694
431654
545250
-271817
-621256
621527
-201716
-289876
397058
160986
-898375
-979058
782266
12968
207303
514064
305767
-982516
-340729
-552731
155709
-416519
739983
-86841
716144
952789
-864395
-753701
971795
292385
-92436
-216848
-466046
-520548
-180688
-165123
894214
-599495
846633
-139194
-903723
472236
-935789
-313566
823009
303383
824311
410317
677625
-775708
-669895
759399
-532594
260398
975202
-918943
-398865
-751269
-395894
435147
-144747
585854
-681891
954910
293707
703253
-394866
875293
149055
-84213
-653303
10798
29034
-341119
777862
-1347
-230832
98163
358753
-813103
773990
-871984
42847
-334333
689994
-479547
940512
-139737
689816
-277034
-237094
-525960
-584400
72968
-401661
-550385
360848
114253
397180
386043
-754192
-331289
545170
-405343
296702
22809
542881
564683
758402
64377
111677
91831
387384
451788
-887484
-761879
-868155
-70511
-376738
90631
404191
-152488
128638
312433
691005
132126
575655
-585962
-967970
190164
-140012
-470413
451124
-942627
-39707
141706
-600920
-377124
-791897
-903180
-464096
12107
-350091
880372
512465
-255144
567373
-647447
-166418
62860
-711157
910028
-983852
545275
-787391
690862
-215177
208583
-607429
499882
521654
388094
475909
552912
278594
576541
404886
13865
-177872
498577
-378356
-704962
-346521
-46970
257135
-661450
-769927
-785225
914549
-339058
239402
778213
770294
794967
-411326
357451
-164370
735037
-48148
661544
-604650
101036
-791676
253012
955704
993659
-429128
-652534
718464
120595
335867
933881
-910416
506980
904577
271192
-362013
837777
-845658
399302
-935044
344147
698863
591245
-840026
510083
736183
-434929
-958688
863526
373455
-803687
-600987
-713160
779802
972153
-878821
-135175
449104
-837409
778048
316714
978911
-752792
491150
-976613
461934
-739382
756891
993226
256423
-652485
240775
-481466
-322060
135020
52282
-918032
-147172
-349636
-59168
-152384
-967628
848078
-502618
635318
262768
-256091
717010
-9378
210401
826778
674294
-780806
713736
552222
395740
603249
-230787
-349219
280185
-481449
743716
-59256
-367634
-882682
349003
353013
147478
385134
406265
106799
447092
902378
-20272
-217818
-666360
-856028
-77176
771519
661595
-165493
-418406
-594771
-885642
39295
866851
808947
-746156
-519481
-456213
891512
-259425
668637
-777754
501146
-106320
771306
-500552
-651387
745608
-469613
-239994
-277698
-895034
-802659
26868
87879
-956332
790948
-619894
85743
563693
610224
856786
-425846
619565
-16073
631163
-33597
60383
219595
718424
-436469
-106744
-838056
-244850
911881
10507
-792330
323176
-379551
-615149
277579
-357143
-266840
985910
-186822
243766
502308
-541958
940265
-835707
971032
-150755
-273627
-186301
424873
-304299
697195
284030
412834
676938
-430492
146990
172210
-74107
-494487
-196631
-681670
-684237
174787
-972360
899127
-304442
114889
46046
893110
264327
-868312
243057
432799
38309
367600
897998
725649
-422941
124570
-959980
-440572
763374
585069
-466034
-824404
473900
212627
975792
-756618
239683
-566670
850956
-287911
888940
853496
-236790
436276
-933076
420050
-14458
41841
253923
-564696
-88516
604597
889534
-168928
982261
435156
622640
737696
26150
-310791
202234
-267252
149305
152283
24703
493953
558902
-179019
-532777
843605
681019
882441
-605870
233722
-378217
-954347
-166150
890788
-828165
-282082
840125
-243027
346390
-276940
-740130
632022
749067
816789
501958
-97959
-400521
-38419
900202
351347
186065
-33995
806754
79159
512932
392860
353533
-425173
132311
-751356
-615168
-260157
-443979
314968
-383021
794767
277236
-936282
72006
-445916
-107676
897005
60196
-6267
-42998
-992356
128274
-783493
136064
-71340
590419
-43924
44259
975124
-644202
-984403
-406134
-843053
483731
-729472
766890
-919977
968663
94394
214048
-721279
-98630
-991169
291449
-343144
-280428
945076
-993082
964467
379147
-662267
-994723
-30604
-494096
-939673
423579
-137153
-528672
879605
700644
22436
96594
-235900
611740
31741
-173208
723355
-903963
-783360
-377567
-869077
-801914
-258695
-308422
-648849
-881572
-537898
861359
667198
980654
974571
-388622
-821262
650819
-113195
-178084
-877648
-996628
641216
938025
850709
-457607
-274899
314508
921711
196578
353626
-45156
-608643
-607836
191464
-521216
-338558
529893
-914339
687758
840302
-464246
-161622
-582186
-985283
603472
456062
897304
507056
-917777
320092
-817475
-887324
270559
-311836
225873
-382998
275222
405411
-541779
-999680
-291338
449237
-104461
-956026
-904101
177985
-925594
818448
310029
-93498
394857
582498
-117009
-585865
789214
231441
833160
66271
178705
-344469
251879
-212562
658648
583661
-950935
-48318
951126
475142
-177300
-949921
-88089
-943600
659133
-123525
-493676
-150184
-77291
701719
480901
352749
-248639
-566376
-96693
-966901
-122462
855364
-416605
-792511
137401
-266540
386520
-25316
585941
881490
891404
-825709
-110502
-211043
-404210
210286
-159812
468786
-449121
-48357
-913699
602230
974669
-885574
762683
-492775
-305654
619917
-536429
999388
539610
-971955
481056
229379
-741592
662135
-640103
756524
-748882
-889249
-988391
800427
480876
818490
-924012
-177458
-278612
189897
967270
947053
218597
-613037
659461
486183
889109
-64108
223033
953326
426724
-825610
-734923
-8072
-503346
4351
382880
855184
-387869
-966056
-75125
584728
-95428
-524331
432965
412993
411363
556277
406473
254193
-117197
-929340
508884
628124
206404
-983151
-379322
705484
-762547
827355
-403218
844390
362214
529380
-850733
-172791
894514
-495125
292303
-342935
-857140
839125
-973700
505131
-116391
661830
-578849
796116
-791309
330616
-944570
-727293
155765
884475
3227
-917825
938348
658206
627440
301824
146909
-842459
380483
759441
-570399
194175
461114
164183
-607991
-361522
-554336
-184472
286067
-267921
922336
303454
-249837
329780
-469382
-66230
411713
-341566
-237569
-381316
-161702
-559181
-253975
-737345
196060
877678
19908
745016
602762
-902374
-940085
839484
67318
-956809
956985
-101786
336313
-476654
111218
624176
-629391
1939
831472
374249
-751968
745662
564480
-645768
-996248
779904
183166
780173
954186
801111
79833
-468640
-759110
-762953
941437
66067
879441
762951
36731
24847
-237639
702786
-501285
205207
747502
-730172
660221
-454449
-648932
690874
867099
571069
124145
-84051
470236
358024
533743
-824701
434948
901088
272633
-963869
899226
723437
-265328
660727
270685
-621940
-325492
715343
137923
-470889
499378
-791239
993044
836173
34523
955934
346022
582420
-833487
-575630
-788548
-339169
323863
861626
171015
-920274
-992417
525225
-954912
214386
227251
710811
809570
927523
-132383
-522796
-688465
-283025
-706810
824157
677960
137634
-480831
-7963
-663439
870026
481980
-514399
-533268
-470920
286271
-287985
861839
-512301
-346984
-539590
-753564
434576
692713
-329696
-435118
456090
-381656
744455
-948003
-530441
-466049
-888421
592335
-362002
-620170
384917
905778
-194681
-431827
931096
6112
920208
142393
490322
-798097
-200241
845883
-519340
-931074
-839622
-788098
-718681
-155605
396542
-760470
-472737
-171887
53667
61371
134926
-202278
-940026
-259271
-281037
-892007
-381407
-318162
421069
97568
-293201
628660
-432037
-26683
787605
-295150
445532
941714
711568
-249898
-943970
-274078
-899673
130575
2717
-154279
682373
-756531
555568
-822972
983258
-244073
825679
469165
65421
118095
246928
-574848
-2073
-593425
776897
-155640
753262
-957156
720004
-126538
351091
931589
-267562
761987
483702
188313
-806647
5469
-690608
595077
570708
-46034
-829528
-286208
-428021
-985430
45542
77066
-819620
-248009
-180251
243255
484955
-549845
761217
-595761
983186
-328596
-595303
-947029
-49103
-872555
-523293
942922
-862300
950532
253181
192101
-209729
698105
75682
754063
-557786
-196246
-707707
995819
723980
500492
535647
141508
658619
345754
318400
155089
809170
678266
-961412
812355
512123
-305646
499973
376200
-252274
339840
-238002
-275788
-67085
382001
719272
474245
832896
148570
738658
-183871
886726
187806
-563340
-787117
-83362
-755439
345349
929334
-909513
-807597
763074
785544
-941148
-788642
-922018
-387885
-69726
-701117
520596
-977425
-184480
862233
-125062
654634
-55811
227002
-336626
323188
39321
-172288
-274923
363732
-727098
-309748
-927087
191946
92264
753595
-376458
379069
-570766
44617
689989
-123428
129502
664162
31429
713325
887469
-972237
515216
-626139
-86334
771624
-502041
-472915
-964668
460138
-381034
-994083
-886763
614759
807566
-687132
902655
-864758
-4729
-943166
246181
395020
225005
142678
810997
-938359
181715
390007
-619573
-266396
599428
-106870
-838369
-106930
537948
-259802
-15215
-690529
105101
676441
604337
460918
611885
-506877
953855
966921
-166433
221596
19701
139975
-248829
260551
-378584
836997
-388014
-535301
-277308
-735059
-64004
276020
388118
-725454
-863994
233822
667289
-311615
545044
-793186
-381286
409217
-974501
-400633
85521
-312248
-25259
718060
-53767
161818
-808135
20426
-423654
925387
979979
-917083
491631
-468791
425646
879450
-719508
943121
-781409
-57958
-598294
963320
808967
-655794
502715
-707978
-797590
-835900
-492751
-808300
-32925
-8989
60588
189105
-268516
913370
-709087
743213
-272451
-431876
-824703
423424
-328550
297919
722707
78604
212065
-323295
626001
641673
-270229
71096
-986066
534797
228583
712142
-840234
639031
113835
124982
-790502
-172009
-334686
-532119
419478
-375578
367851
700092
-809244
279810
-927456
157889
-47066
-293409
204063
-20166
-775959
-873955
177809
-711728
269794
-341364
-667570
-84699
-787119
581707
-96748
466379
374663
278514
226965
-327799
75645
-242379
-245652
855735
-568020
-854489
241508
531129
-50475
110533
-303659
569220
-550258
-419857
-803563
-492566
524300
713518
739495
-144112
-139330
890884
763310
-133264
151567
573354
-135714
-482091
836081
535399
822030
237645
-253056
686846
-124514
116401
341261
-550234
863341
390253
81547
-154047
416081
267347
526534
-651156
-667744
-688623
843399
-528502
29574
-514134
780549
-799248
-30318
-232282
167809
-727475
108735
-74557
-465225
-631208
875281
-813500
-85783
876217
-864035
24177
80214
-734342
834581
-263272
-964290
-313724
694214
723280
698378
998299
-439393
-841821
368189
640663
-952106
54200
616170
-850579
-825102
185498
-583660
114742
-113512
-54124
-870382
641877
-590508
-174481
-62209
893174
942402
772192
593069
-528422
99462
-420770
-756969
997477
-905956
-804457
-11132
523533
-42471
680403
-468777
-218212
-886732
-839168
-123738
-961263
708943
606916
618400
439720
-67815
-513321
812744
-314402
257516
326547
-16984
410763
911332
814218
-550159
588566
-732800
-869905
361304
-80775
187259
-373342
-37629
634283
719017
286172
-589885
-192166
912827
718743
-960197
288727
-131970
139124
-376594
-420373
-779744
-711051
-961423
-913670
164287
301877
-508203
-294883
497678
-335535
-757647
-239832
-473790
-769397
980696
-897717
-103597
-755210
-977684
13382
-155917
-431708
-968627
419534
957877
-687747
356697
814137
760151
845855
375231
-664184
-237566
553955
497738
607919
-591455
652482
-54011
877451
691542
-998270
-806791
-511728
142469
-455053
436849
559961
-980202
-898709
900230
-326276
-720553
515892
-540126
-303519
958328
-682275
-870984
558110
37866
918355
-758780
634200
-924817
522322
-22942
435858
96016
-188078
955806
-176243
-950417
484934
-885327
28931
812708
-553058
-491794
-423614
-135841
-34037
-515222
938905
877588
-653860
-363360
436537
-306527
550394
141618
818579
314985
-686666
626088
-49503
563357
-221586
-933449
257519
433726
238621
745978
-138875
530174
109283
836314
-182824
-981150
522558
-267818
-375123
-794116
785032
-765822
101374
754260
-682968
173679
-404884
-689128
978779
-829571
124268
700094
220702
-520488
-817660
297120
695122
69768
-923249
-651641
600603
879559
796986
602576
-807868
460866
196231
49895
890821
401219
-566944
904139
764793
-21934
160868
-46884
-197126
283695
-433457
-957176
-566924
-32738
-439475
-12699
-110069
-268507
-28286
-925494
610235
394229
-101651
973827
576581
974098
-259436
-911119
716283
295447
573016
-337700
-842631
581091
73268
-754056
-807016
-273989
342509
187706
-774677
336206
593193
-712340
-876121
-492194
-946996
-16953
378723
-122987
-268822
-753471
18199
-813750
870255
-568956
-468275
21026
-643782
-836448
266228
-461550
34366
477073
-860947
-849678
234922
141484
-394579
-429101
930589
-1966
-618659
91354
298097
1127
414277
484286
-429332
-490057
-658009
-66847
446683
801257
-884741
393841
-380549
-680941
-929566
946746
-4266
785370
-650442
566232
-481352
703985
-566786
653565
137078
-528301
-751067
-103291
-81072
-147635
293972
-734854
737779
305207
-336612
-856993
-695166
-966485
-935737
-500128
-232073
267369
970720
-334717
-504997
-627273
579512
557843
-363762
401133
518914
-66404
762489
266715
-889637
-662529
732176
748474
-949213
-461735
86850
906794
-579894
568239
-328790
-393732
26422
888448
-51442
-978152
49437
738147
-48355
-168685
-362842
764787
384148
-763601
-588386
-437148
-602345
-799890
976551
-858811
-948068
780667
411200
-159143
746731
738282
-998792
395517
-415424
643904
-988198
-245212
745485
971625
-230214
171339
-770878
163423
832102
948297
-902152
-554789
-434518
-768659
-715060
-33547
129430
500002
268536
578408
-327138
218550
-567439
-767787
104627
-984637
726363
572604
698473
281285
208071
-123011
-294602
871771
907480
-388090
943983
895026
-974303
211367
960402
-781677
689347
-728146
33413
-269770
263932
634632
543894
465458
431338
996617
572433
-499904
38282
531538
-944515
-183636
-229698
-553630
-900407
-836716
-681615
-574729
-539596
638920
924022
-26578
598026
-500079
611416
-323406
917302
646704
388517
307627
872381
-42046
-444180
-920838
-52201
451407
475900
-403361
121135
-89267
27220
171194
798086
64485
404894
-903750
378256
-416517
689414
866373
844904
-601229
-127419
-700978
696984
-172900
61273
-747736
572146
-566762
-23703
-423957
-471396
-677049
-208393
-294094
-625687
-599207
344399
36596
-508157
741993
975130
622666
-744221
646579
308442
391458
585288
487564
971426
-990475
-947309
881624
-279309
201415
-795561
-980229
792464
262267
-420356
-559291
654728
964761
931187
719763
247489
785158
566895
702817
-205883
833935
-208918
731732
106297
992649
-127664
722329
641539
-483539
736282
-288353
612816
-64920
-426717
82161
572712
-105866
-469132
-637783
2772
968756
280622
-454729
-89510
520807
-690022
-576726
-168625
707814
473724
-973669
405937
92310
-92509
719387
18739
584262
-614331
531623
64467
793059
-113711
-920514
528657
568304
-594063
723082
911693
-130333
-966228
709412
-630480
143897
408296
-359161
-215540
818324
164233
-705841
946484
115201
-618114
286363
171676
-737186
-24647
-12645
-380670
-830198
932742
679178
-192761
-901880
-939085
-608801
-195607
868706
249316
-140901
331205
580254
-319101
13308
-260911
465515
721994
-131772
167257
-312117
10478
-919592
821090
857889
306625
209869
-16715
-583640
-741155
58193
-487439
-999841
681048
155851
306616
825722
516614
-111560
-343833
57418
673113
-939875
985434
-867372
-471551
578154
-761319
198719
-982461
808408
188799
-600748
-531823
130671
19062
80999
-165468
20662
-594720
-921577
86550
-873491
-662511
-803704
-480040
-949965
-245403
726824
97571
593798
-474291
-679026
31020
-424811
186685
393367
362618
-936140
-297570
434762
-653163
-9717
-161125
-956194
-676236
-120906
73040
-66406
-755118
198164
-936502
-31068
-624708
474590
569751
228861
-99094
563341
-100026
354160
-879802
-771951
204110
223708
288033
492322
-429792
-181708
473156
612867
301445
133035
398719
686812
-659870
-429166
118388
129765
753711
-941377
-626881
880019
-530019
78384
-645241
900735
234904
332963
595143
-945376
464883
473695
74343
242153
187716
-29372
726096
502019
-717829
-723264
-414518
-867970
-293634
462878
940833
-275959
637464
956349
-195906
514262
721806
-949134
479290
512818
744114
736468
-774018
330598
567714
681959
-752025
626139
751659
-593971
-89716
-698990
-173627
-331722
-332447
688068
270693
269942
-298455
-720996
382147
-485711
-590327
-261770
247688
347818
203385
-793035
623609
66645
-664569
377678
-247651
-236141
704382
-511287
-633695
-156579
753845
-526017
845732
-124650
531797
-990119
947261
-320807
716607
-37646
232864
-157556
-573618
-522265
-717181
-442284
728225
-841411
-652206
117785
-35399
-882178
807839
751925
546031
-629342
-214236
882403
-554786
413012
-121541
904190
299798
343572
-470311
-971444
-849962
-922265
-769326
270579
-77671
592738
-198490
40196
-439751
580976
86276
-209275
-82123
-346448
711985
733418
999158
-463688
-126277
347407
877035
918231
-359862
-378117
-766178
-97142
379309
-421298
-929121
-600946
-133681
-949114
-566454
-320086
669367
-280710
660746
187755
-126547
-435265
860250
-494032
129434
-633999
332904
-286601
-525329
679100
-261542
152155
-451973
332865
983607
-518986
771811
276848
881110
640031
-154876
137007
-458877
894883
336573
-752569
-493757
23825
-73843
-332478
523936
340963
853880
-406048
-178667
889272
-784936
-314216
-147036
826518
-370727
797045
41776
-277875
-368205
321660
-82164
-126090
-114292
737770
297204
574351
931723
989461
-987289
687228
-543227
-910123
-282799
-265201
167567
137265
-873736
-596553
-740154
606497
-53255
53987
-936130
122751
921541
-195981
713873
-70731
-33245
517693
379894
-636694
-136365
684329
-795839
144981
-678559
-553399
-479846
476674
-118912
-846855
-405279
-390633
677231
198318
337397
901946
78859
-622066
586689
303802
923728
236395
-844226
-500604
930508
-307627
723534
-119526
-458178
668519
-41323
612949
-279141
301854
-319042
244021
767589
-35417
-491541
956740
-238085
45013
-867719
778726
697231
-542209
243308
904960
993904
-703009
-947565
-571645
37881
636114
214080
2589
590487
965244
526815
-142786
-385879
410020
849146
554211
-357734
473876
-980308
-105817
66841
-776335
-274398
126209
-483646
622108
-756864
224414
937142
315221
-196056
-245190
-521360
452551
321122
790043
415628
178360
542298
-363404
307574
671025
-840070
-862122
14726
246752
-902471
-118921
766108
480572
566699
494926
-296272
-191257
564094
-686982
986694
-163554
379352
-101826
-215532
271610
-36035
-681469
538763
629802
857537
-295545
845014
815013
499898
893941
151488
798394
-596094
-478428
-398511
787079
648979
161480
63509
-209373
292397
786393
-996274
-766912
780641
-762192
234686
-51443
-931058
898889
-303921
-966027
33198
-65951
-689259
-475154
-216350
-480707
-215651
371816
920332
-823218
-576155
473793
-146438
970062
-493535
-271398
-648138
-298728
-220806
812302
-637894
388499
320665
-308109
868968
-522328
-830330
386897
7157
-423781
973266
236884
-560640
-260333
613235
-709728
-241533
-22520
845383
798648
883812
-987352
365739
-572786
-184103
134812
434683
814295
-827356
-624018
172414
934577
-795047
-253252
790196
-787043
-140202
706234
583876
-46936
687377
-882157
791720
-2459
-19448
-619937
-622150
376730
-116059
687281
840679
142858
-716494
-863103
542990
369961
-935862
634698
572522
-6143
793010
-735515
-808828
-877349
362171
766529
-854693
723306
151637
-685465
-47896
948717
-926477
287277
35032
561159
-990950
-896020
722598
-854329
418806
20422
-935557
583678
-225513
-523159
-637816
-550888
-281787
-563041
244935
-584777
830524
-540284
-872594
-528471
-137911
126596
61173
799000
516376
-612716
741382
-513778
920969
-291105
-281826
884653
210639
616677
96059
-29288
383258
86070
651630
16280
-56430
-2714
154702
-58203
965552
-277241
840313
-522696
887138
361492
-638702
-72607
705211
-299738
803019
180741
314315
-803306
120857
609793
820229
-694391
-503722
263948
-912740
-70857
-295375
-69579
711160
-118990
-518827
-903001
41738
520126
-571251
679628
-327481
-481689
70060
745287
-992129
-882281
139082
-915663
117196
-739716
990267
-935151
-335520
549639
43800
-79734
917659
-2547
186871
-353140
729695
312408
-833851
-871171
869579
256584
-952606
517992
58813
-413932
192284
-119301
-24481
765433
-572871
-104267
-256701
-250561
978519
172421
239886
-404776
813503
-165627
-970248
-135324
434908
-298119
-507526
-402917
-887681
817296
-361297
803786
-723883
567951
981227
747206
-766704
-795848
215321
-391532
9733
-745695
227105
430832
-463163
868702
593934
-334210
-830093
-889880
-629752
354154
-920175
455137
621183
60175
720272
-390057
-37097
-175885
-311290
-310602
-470000
-442382
-615605
54974
-688839
666922
-858444
-187919
-49845
-22400
-856115
369087
-781330
-351307
-215819
164740
-362468
-743264
683819
588942
-478269
591665
-735014
-392357
996082
133720
52938
700711
-713508
194277
-582401
-728466
-7431
994345
-508160
888771
-923351
-297912
-817753
823178
-444478
224656
-902905
-561566
-96172
802836
605457
-126386
-202231
-551577
-57489
-84095
-103007
525126
-716879
799936
-305340
418421
-191594
-549403
173330
-728925
146160
-118516
-524236
-171501
-536880
-714751
403108
192696
857130
-410633
-390809
442872
-977854
142600
953420
762409
-169886
-156629
213822
-726262
747351
-91198
-95231
-448981
-349244
907065
612871
796685
-489281
-430453
-820485
-146246
371030
245371
-530966
-653248
-894744
121969
-229137
-878849
-509480
743575
835711
897790
307003
92578
-607772
-224478
486935
-41616
583717
59530
-869474
-713899
-657785
-407704
-578090
296109
-871104
703856
-596852
-827518
452348
851658
-498431
-422631
791888
-467867
-483083
-434445
340561
-400466
693251
227296
634195
121766
-432045
-826339
-383218
151595
650681
40611
103027
-84456
-679783
956022
553474
852410
-772795
357573
-507655
241192
-192232
-56360
656974
442606
108414
-897217
-5816
820955
963458
966064
-871243
-924956
584754
721794
-246812
57310
283324
-227471
-643735
-238916
393768
980365
124287
-563157
-705133
-317866
564291
-388644
249901
-302283
-405579
32214
-407816
-543137
61096
719457
-910921
-775338
542904
-458258
-841128
-942187
-853784
599606
232273
-258297
973856
691593
485384
714967
873196
17680
994602
-512639
-42496
442635
200506
489479
-971674
621098
731789
-99854
595228
-356792
982360
252430
-963387
50768
-372745
-467010
201189
-274975
-927940
-816399
99143
-828618
-633307
377874
-334144
-235879
11384
901285
526750
-716429
852788
-120159
10304
-10723
-227221
128916
-534246
986046
139781
984751
187082
833805
-673333
-80681
692494
-400853
-849631
-332979
-246233
-524207
555641
-723515
118626
-555086
-449205
373233
388291
-208689
352143
-770332
-608038
-616413
21963
-69065
-339794
113166
-158926
-43011
298265
583594
190447
-216434
886844
-854669
-6049
-427557
844140
505027
399583
725483
-132175
-652685
-872845
998683
-897182
-985485
887988
924723
26961
-417187
-310027
484173
884292
31752
852050
898246
-434625
-213783
106064
686966
-192643
238796
-407878
-554109
-554529
535021
712822
159163
694176
352181
694169
363360
424965
380129
447702
-86596
-510837
-419902
-77684
136508
168987
778549
138583
-399584
496638
-59722
314260
-961370
-460456
551320
-622511
-449439
879701
-817879
897967
163889
-493858
431320
150820
870352
510221
-607535
-37821
-39710
-30447
728074
956112
58023
281376
105658
-726085
246736
-610478
102059
734349
-286708
883425
331688
478802
792015
-812713
44006
-374158
537418
370457
338325
515657
794859
-265115
506560
496243
-985161
529915
-487708
-242317
-335160
-500536
153553
731048
-241136
-226973
467579
-892385
779037
-528281
-780211
844072
656625
-297356
335728
-322762
-331557
-769602
-649990
149115
-383787
-103958
-618692
-264412
144988
613477
599516
-62207
-42288
-319321
-656976
225614
720126
412783
87080
-766268
273212
880404
-781996
-783601
892490
-320202
963204
435988
282165
662451
760487
701617
688985
658425
848047
803090
-342135
-415810
655072
-945943
-129980
-758179
-537919
-505518
-556492
132437
769136
629665
-837021
-330934
452958
-463983
-144266
-266406
83337
138569
471244
86006
-423414
459063
306853
193536
-883367
446231
-169481
-636254
129655
39503
-547329
616304
200626
-503249
376668
-144746
-506516
-107991
-720938
55682
96309
-147869
920837
955851
500056
-172908
-6872
-314200
764742
-763792
-59465
455344
-802903
-422928
-757819
431558
-774615
-176962
-57018
-481481
643149
722995
-898058
949180
-556985
-106250
154533
315085
524526
-889489
-919637
842563
-279315
-997238
-49192
-601904
128513
605121
30296
226754
394709
857653
508092
-242246
310259
994296
583986
-325074
-342172
467919
-392216
436418
878793
355373
541709
-920945
249693
-873823
-428500
-703886
-441909
-731913
-423582
388958
-206190
-129439
-357176
-630093
-359571
245429
975682
343839
-929004
336589
2015
-476164
741536
500983
510161
-527515
-727102
-193648
312383
597698
-288314
-641887
870439
347708
-379687
-456446
666939
-264004
-764642
210103
-991125
98415
-367492
-332629
-83196
777903
-884198
701037
-878918
-263106
-587178
509377
776114
162912
104457
-159737
918218
497753
71620
-793253
-808161
711291
470218
-979000
696558
-788506
-134738
111786
358403
-89750
-775029
-703127
233553
-942453
910052
949963
267136
-317603
-945463
-763118
-29776
401867
676267
-508403
189900
822576
888428
-189562
760237
447049
-245369
454113
73546
-254973
-641891
-306137
-750802
641477
494582
-752790
404513
460104
869790
982751
-792518
-422696
-430892
728311
-163814
356347
334313
-840073
901631
-749531
343595
-396869
930475
770092
107074
-932963
324271
-807767
152601
-427421
-710208
-350795
-483672
623517
810494
312091
369604
-202291
-104734
795212
-636189
-404832
-375871
683789
895558
926665
484107
886830
-715145
-102223
70291
-312355
800651
-545341
-644504
774838
90875
-636657
-716474
-887448
-898251
-114280
387000
-179636
137328
-29913
-399113
999525
-60947
-486955
-807402
480513
856150
346195
832042
454508
-919270
-810640
-667993
-803531
964512
-931294
-649775
460150
612215
281857
717935
-169609
110152
813531
202425
2173
-889239
94781
967273
-198132
842446
-411138
622096
39652
732
-940884
212793
615420
141491
543009
-457095
-553275
509473
625461
-122951
537830
682817
-520048
-413453
-394159
298938
-60337
-300633
-539515
770670
-61238
132825
613550
12425
-55396
-848687
-575432
412533
146959
-998977
218503
184174
-853964
-293272
583531
-940494
4604
985008
-236764
897866
868213
653754
393129
386729
-203747
568745
900675
-824982
860253
-325349
447391
808904
-267730
-467507
53592
-304391
-606124
-579688
35747
476769
-626210
-734796
714589
381231
315084
-407410
-845633
983519
-364869
-404497
-248500
23676
748774
-577522
-515928
86058
-296543
-852875
616667
-251704
850376
-844530
-771161
-878492
383852
20421
96621
-663145
155790
627895
-498929
381439
-331574
159828
902061
-439189
68781
-324567
953792
151763
-546367
145795
-884878
38208
-818755
133276
-239643
262787
-697235
-323783
-115154
718401
809437
582709
945843
-864725
638381
104340
365628
-893462
-916523
364256
815378
379125
-149041
506466
-122070
-109190
-596779
-183007
-683792
182018
98803
615359
878008
42117
-4356
-616644
-964407
740470
711895
-810092
-142599
242826
-614556
406940
347474
863680
352759
480839
-992551
270564
222701
587103
-153555
-680631
606225
-828920
583911
67094
203736
550230
-760097
44525
-163478
-416825
190871
43244
128313
-848065
131561
-158952
-294982
7098
734683
749540
-377494
942608
220165
486314
897555
333837
-44534
-391660
192862
211648
-337198
725716
928350
231898
-7163
-17307
103132
119015
-383098
-62095
211033
-519356
-892513
941831
-905196
692192
647563
-374625
-645515
-993244
-392378
-815196
-612337
288048
42620
853397
357889
494220
237948
90981
-197810
320742
-244440
-692381
-313338
-358570
-861438
39852
246307
-194675
-220548
-382749
914947
301288
124468
689787
518954
-204403
728967
-162384
-607227
-368989
439043
-426368
67211
280809
691357
86544
-779046
-480787
-168215
553161
-313455
396400
12083
-273763
-223007
-450002
-390619
719904
-137591
573404
373993
717397
-688255
-916055
-540165
932317
-944010
-890549
377250
278046
-192010
45895
-299993
319729
-299252
750435
559722
333877
-12417
-341201
-395602
982878
360938
990889
972568
597275
-36352
961296
-858318
-998348
685355
78917
958362
489710
-460424
-73550
228283
-850530
-445899
650965
314954
160457
-412360
-620865
-7916
-917928
-254683
130333
992687
-775607
220850
555987
834017
248650
-724120
-308766
-397845
180935
-153501
-819270
540493
148613
-188643
956827
605464
-295597
-302659
-523399
-933140
265565
-635091
-627103
191974
505965
-817866
-980916
-752714
610394
-262655
857902
226067
783544
8017
-588982
-797151
-819770
-516130
-914434
-719423
758189
235985
-629827
-390603
-397771
-133466
451785
-888600
687522
-844689
172283
462006
710345
914188
847595
162930
-555550
-866412
475520
774441
-123167
902813
-536092
-846913
-515347
492757
172880
283851
-930951
538285
519860
921065
615143
-344477
169969
-836198
-156983
492397
756980
176538
-686476
-333412
803881
884612
173741
-42982
-36268
-331000
-256442
888912
-80815
580830
369627
821367
174777
277024
-166174
-355944
191746
19590
-898696
-602711
458726
-117748
124021
-139015
975834
-596138
-960510
-663875
544869
451375
-986568
56091
-420870
-812736
434977
-726783
823023
18405
449795
281004
718946
-607073
-830381
-908848
508596
-312496
944502
102350
-844532
339706
-106144
513337
490317
213636
871329
-691074
926427
-522352
97495
541713
113405
723986
-191382
50020
-733124
-15931
173631
58433
48968
-361683
187666
-119329
-723080
-340055
-478668
935097
-18914
-878838
437029
108700
-607331
955814
434921
-487829
611557
-28962
-254484
930747
771744
613326
-748198
734583
19440
310935
-900876
-813510
439758
783992
-624100
-774562
-856502
-254092
-934177
367976
384182
-981826
894838
-543877
200882
708143
-577599
-69917
-386872
-324477
-478508
-107135
164000
326921
-157345
-748855
-835170
301083
-456666
-431800
864665
-144887
-225274
425100
25793
340518
657770
476260
-640536
-301891
-343561
-814330
-227664
-389673
-722447
-462092
992966
-228369
-340083
-317434
727852
762276
966041
-937094
-112513
-576317
-776100
819945
-504204
404049
655477
321444
-140593
-316398
298817
-462558
980358
522305
987012
246797
-147737
-831096
-643998
-278803
363347
788796
281239
374275
657871
-944609
849984
-967528
-241347
95851
520402
661346
-11977
221103
-682086
607143
-154369
-513907
718808
-119397
-107340
783545
-864808
96564
306488
-523738
-894102
-153694
-877512
-235649
-521898
-912120
390452
841163
958136
-437977
788784
716127
-511721
329803
-211820
802820
446495
514219
-769982
-199654
789763
-381261
-617160
38448
347043
-5689
696302
-11667
874266
-265817
238856
737197
-470164
-122440
-58450
-276523
-290237
-640764
288657
-966105
953101
-324999
-797048
-615301
-978349
150226
-718336
-577109
745987
-737444
-788736
-65593
-181174
981422
-490279
490933
-97600
598456
-36185
-856923
316416
30527
-588197
-439745
-184741
-501249
715777
158627
-20989
581137
-51949
-244414
-70341
426210
533905
815814
-806919
-782045
626420
-335848
-439280
188263
565580
40558
826757
-435492
732229
506957
-934137
834346
-839105
-74079
-752018
-744170
803649
758329
803214
-278744
683283
-85691
564704
377941
-996746
-565959
486784
566874
-262384
796433
821572
-468805
787959
349925
524602
845965
104870
-372097
-326580
-693306
475034
504891
815618
984445
-908584
-589639
-435094
-170366
155271
-89853
-431619
497709
515464
-592253
265555
-178521
100548
93809
-937196
-220676
-935307
-827131
326931
-453217
-139011
876232
170125
-292330
-431937
66026
-115461
781682
-18124
-844736
-861090
618760
144988
747222
675437
-775913
564508
970934
573026
-261775
14412
617037
583563
448389
53826
676720
-656901
-738249
645279
-755538
730450
-831657
-169988
-499200
-393277
-155386
437462
-886416
-129379
-542284
-416219
-125687
-70085
395365
411303
528486
58256
-100466
910749
738930
783002
932060
-927751
-512441
196378
166516
539431
689067
-918899
-305672
-797233
-369840
-193923
-889105
-485997
496337
-938866
3593
827936
-484421
532632
650431
593086
-790313
366858
306143
632854
146969
598984
-618231
-190552
634853
909429
568605
-420490
-183571
458122
-423040
581433
-15723
967844
-267603
-503181
296161
-729771
231703
-253151
-957151
430414
-68843
860296
219535
279312
678487
-40774
266081
849238
741355
-572779
-332124
-759770
308609
769059
103153
384816
389781
547273
108718
-575885
150646
32044
662581
406419
-646364
277660
47380
-755422
480173
-615330
-187426
338376
-683944
221544
-188980
914899
-849732
968740
560853
865411
339688
347257
-787279
-462940
626134
-957589
-970540
995338
-818725
152187
492219
-544984
494829
-216985
-321247
889641
-544067
-514763
-627886
-463854
-820477
809917
963344
29781
-111411
-855792
-967049
-611524
-149592
134439
-275711
508974
-839493
302350
195694
777772
-491958
372479
-515584
-600489
-368751
-956165
231379
-838939
-812140
-979526
495642
-834431
703718
-124164
-8521
-322761
-32402
-356636
551263
599265
635466
364010
-498299
-421264
792379
736404
87317
759941
829053
-880371
711714
-776236
707049
595477
484735
668568
110837
564221
802197
-780657
-943847
993185
-956864
-229173
917650
-909628
531894
-506987
701412
585796
174176
-399401
-989343
196957
-912482
-182623
567198
-321885
704408
-612062
-85511
-51792
-347700
730853
-640819
-832270
84768
-914679
-24907
791217
390625
769302
863638
510874
-110459
-325814
-636166
926523
856309
-211053
-376214
128780
-939839
922109
536430
394698
-553182
661831
339932
-395378
111930
-287372
592296
-526492
450026
499578
55330
-711807
366199
-457261
-216238
477909
-790301
-722447
152379
146472
-206145
484480
-114363
155533
-745084
-661753
622154
-130913
-507242
577799
226339
916873
326609
106206
390258
784036
796779
-691805
-237765
782645
877301
-80165
-906830
652114
-817142
269869
-996223
369719
217922
-737039
16179
-823206
334216
-898623
552676
521963
754995
-108284
-533188
452497
-567983
-320805
869536
-311778
242895
611351
856080
-847449
-855667
117745
-250950
-913287
-729508
-373538
58852
26740
-171041
-751248
-126387
-715505
835497
171269
570411
-690298
550031
557889
882242
910102
-601988
4122
753350
-845263
796478
-399922
-234260
890982
564429
-944437
-827165
-745889
454228
-373592
-133195
-990059
91808
614164
513102
234412
-867424
-947626
178802
427377
-417514
-312242
469574
289397
-575416
122440
857605
587535
-220432
571714
-645156
-468291
-140560
617936
-650299
559875
296919
-650755
119849
-478773
838452
477611
422967
263681
-788374
-575488
801456
225807
138600
316434
437422
-877582
271289
348851
525389
217770
789103
-290183
-132721
375857
366487
-263712
846165
-793591
443154
871558
960026
-36089
471269
-444465
967414
-943017
483478
101258
652327
-483674
496524
-725876
676472
400516
-83413
37692
307424
803204
-643124
-296215
-253643
-802846
-463997
869548
-63715
-566850
845263
-813431
590065
99905
805426
480444
563254
-746732
-734697
879147
337608
-752425
178405
342203
540706
-505301
-304976
-516245
-696412
203633
-591357
-560826
-918912
581729
736168
-999002
316931
49201
308249
-83143
233490
952722
878991
488009
283587
607008
600625
451441
-578529
181584
-156288
576967
-343393
280078
171537
14567
554966
-38727
-509327
431913
-25538
254709
855156
-69758
396534
220255
275634
-633476
-385507
697626
-690647
-570930
388753
-923472
-478452
-464412
59665
880914
29448
671309
642431
-183563
-727146
396819
-167798
178554
-230193
-646611
-23436
812844
-758852
858670
-890202
-798738
-686508
-522771
-189004
124288
492724
141171
-298212
203236
-190374
-811540
767373
-891897
680148
-293651
208559
828136
837512
786649
824306
713376
-249627
225514
149921
604683
-628087
-211972
812814
433145
519894
-926069
103841
246292
958813
-433301
612553
-142206
314138
199832
-798082
386966
33656
-538378
566723
-760760
-757424
-275420
-541767
-646553
199107
724396
148957
679950
589485
-615180
637058
-3324
321559
-828994
472015
-942431
-537958
-857082
-437691
587262
70330
-340693
-155056
-193956
-144545
960154
-707540
-162656
-56042
-995709
-75250
381660
-227122
556805
-107869
856769
-827015
753403
688354
-303711
-468148
-783732
-568693
-422088
-644803
-897285
-540605
-496619
359916
-863175
-255754
-811206
-859020
-414703
-277255
800692
126416
-880862
186583
-72364
328970
729348
974775
33440
-761822
982482
661676
32150
388748
683865
318255
826119
795273
564064
-466666
-744549
-608701
41421
854398
-725989
742365
665866
911800
438303
533956
-667192
-954549
60069
685917
198023
392553
-929248
-693071
-356128
-155149
582717
-27036
564800
417580
-187998
-987109
-572276
312962
-395638
-607363
357877
349945
-984870
505017
-91909
-455987
-428541
842530
527148
-486381
794284
-264651
11963
-284697
159079
828106
542349
991349
169252
731181
-784276
471205
46649
436081
-709950
780529
-268115
-234719
591490
869486
383492
-413932
-454226
-700594
535919
268527
-13035
-334739
-735363
911661
267026
902037
825403
85555
-790726
-760034
-253946
-372487
-32199
243947
403825
-145433
299611
-405669
-194873
580901
-589641
235196
462870
-188411
442488
655004
91000
-922340
609698
-992316
-750298
809154
-832699
-67565
-519060
682427
-670676
-426656
681266
-458935
811528
-651732
-510718
255277
110466
92769
228073
-739265
-528501
917506
-936777
670238
-387794
-147615
628229
-553165
-155596
-234045
-677980
-622854
29014
245440
-115876
-819241
329203
-687064
-417866
-894699
670926
879539
20202
-153269
-28392
-648472
681660
-754152
230751
-392196
-692193
-858463
110291
-745963
518518
-675652
166983
-39512
949157
-399762
573122
90304
831489
-839821
151028
284404
878595
431007
-476111
-696626
418768
243052
250873
384532
546744
-974639
-801526
583602
832383
45111
627556
-434449
217304
-819259
-846144
523114
-354344
892001
-616060
135790
-423815
-557954
-537492
-505066
-627244
117299
-917484
453443
-816805
438348
-985492
-537291
-346181
682773
183342
-622682
-550901
-849866
605862
-438222
919734
904615
-177663
-378327
-753441
-60961
381451
-659671
300676
912002
-710648
543262
-371474
-401477
966630
536052
815369
-523130
647685
705942
-26644
748903
39812
-292156
-789663
-35597
-262490
-574690
801615
353620
-310448
342289
896392
876836
123242
914578
-652412
983723
311458
852724
-160353
-97996
654709
-46315
779101
719887
72849
-688877
243443
-555298
-747520
-549101
-310794
265333
962243
802701
605191
-841880
280470
-620396
-695328
-845905
326024
-508107
-867156
-414814
-153983
16409
-449525
-157308
-398188
-409865
-398136
-323261
32601
676319
753838
-885612
563589
-285916
581810
-395604
-941142
750297
-222743
655373
461327
483070
107026
-103252
923993
514819
-291541
-889173
276752
902329
29401
-951034
961105
788450
748722
-417411
316246
-412114
806416
-544108
240422
-479250
-53409
-454981
-963528
-653132
-736526
-4126
77196
-769415
565721
-161832
470895
-670541
-527393
22507
478081
50953
4767
-215908
-461963
-836156
-942501
790740
-930199
639550
178143
-159202
932308
630727
-317926
138745
-669040
-795135
170226
-221030
-580518
-573307
-908088
377758
-400035
439206
495943
306157
718774
-544858
146130
83355
-985883
844528
-393299
152832
724171
78017
-128348
596543
-51342
-551088
-839396
-665704
-165904
902359
355172
663378
137452
634291
-526154
-230873
155451
406957
428857
-131487
759031
22365
-46248
-414107
996487
650817
-867617
583739
608403
-668504
991071
312513
-203526
368608
-509002
963116
-159359
-890104
20291
68591
898196
282425
-271851
112088
513673
862363
-776057
-37048
-288017
478971
784904
561646
796285
351760
74670
703998
161219
697883
129572
-462572
692928
287849
203185
18571
-694698
-52079
-283678
-810248
579054
-178397
-645510
928926
-547091
779799
522645
821339
-873142
991384
-474509
-300471
-999651
-156453
-633056
-877532
594913
69399
980589
244
870111
766993
-749261
-662578
-39317
116800
-87983
307698
-221053
947740
-310847
-211431
597544
-641959
-444458
540822
3460
556378
493501
255458
510578
-429288
-628701
353120
859619
-12206
-582982
281221
-613171
175243
422543
-430791
785064
-226501
522084
154928
883887
-85439
-680653
432016
790514
-436166
233496
-717280
834871
953210
80870
663104
854879
-525047
-148858
-974087
221475
-423515
-974921
-829932
880470
705286
891140
-148281
-761260
-991801
829226
-225649
2944
996694
182296
-399650
311553
152183
-633773
-792797
-37334
-408597
-466917
-783765
846277
496038
-270288
396615
515348
836249
-472465
258418
733843
-487567
-859422
-803975
877240
-364646
-675698
604744
149863
-924762
-665061
-826427
88305
-746164
642392
312484
-45318
42540
136329
353179
314883
-290074
-859641
942560
-934043
-551
145898
658397
602959
977134
-571711
151006
757497
-909161
-74110
-596890
-767562
-463439
-541702
268236
989219
574669
57817
-680461
-748959
573148
795497
210846
-952494
-557124
507387
129295
-77409
-621407
678854
638481
-618490
193129
291331
248577
558930
-310428
466084
-648947
786330
-104077
-717465
716161
-665089
556101
-404719
-20556
-905226
922823
452705
376971
-452646
396149
792587
711059
585450
-469368
-148953
-12516
857094
-204341
-501755
316492
-105083
-364146
-139599
-402881
310353
535786
-58651
-987533
903592
-866277
735673
-16361
-306886
723366
924391
-493056
-37880
915536
373902
951717
362548
363110
118510
-941041
-864168
357587
264089
231266
-373655
760443
5635
394746
743325
-5671
93099
827607
-413847
-495513
66398
326438
-544548
606808
-962787
-393015
762972
-771470
-435713
821242
127136
140519
-980853
785633
404235
293016
-618042
-848808
845826
142159
458833
858628
735477
-769064
-445213
948942
68864
-747552
-677391
-225723
465612
370150
320535
743424
110056
-510790
156574
531887
-839796
-146804
-860290
-109712
389003
-416732
-352694
38236
730694
523834
-84337
-317907
38204
-724930
581965
-858769
-796210
625686
-101400
362854
-559804
300192
-63403
868499
201029
821228
-217741
-567009
905845
944233
-160350
-279044
583801
-458877
-174447
-594479
256028
357477
736487
284819
375777
-869129
541378
-776831
796989
880717
360114
16063
339974
-170365
-975887
-959790
74114
430497
-325136
815394
-577966
-962553
-64541
-885190
28682
460029
-952874
629029
-97865
699044
-268442
607842
124887
265364
-423549
-361791
-140893
951706
507882
-418348
-420517
398216
849086
-581364
352620
981321
-466675
428716
283707
857716
-464768
481578
110382
-763378
-419002
-485420
-185997
-154226
-93217
-592676
-894791
129188
-69961
-610033
-421602
934348
880723
174834
-843492
-61478
750603
-59556
-201135
136668
-685591
49947
-479185
-967820
525579
701659
-673795
721341
-744756
469433
474134
813023
-749265
-586506
463093
-535579
-378059
403509
481111
661085
403736
100621
137325
33696
-818387
786387
706099
339118
20851
745499
408966
-683309
826479
-95969
-549153
-880803
803390
527725
-97875
-462457
-914928
-716478
-118680
-486327
153626
662723
241805
905482
574308
141818
332263
411053
-259633
133018
377280
55621
556022
-943910
-516120
-155334
-216308
904392
-965235
-38374
548468
-519428
775533
-792608
432831
-878534
321412
448784
358005
961917
501844
-178732
102966
-636982
638930
807126
-927398
-127648
656576
373012
827830
491472
-648258
-986371
807128
-1722
-716205
-971040
-876444
-362571
78499
731763
975351
178826
287706
-163508
-451392
210113
30633
-29721
-919786
-727987
-403302
625717
-65695
-655442
-953512
-851975
-342417
-885358
-358640
-706954
759977
-401220
220817
-919120
-654541
466600
-526990
88948
-555316
62853
-552271
-246291
67846
-423674
-154252
26885
-174362
-375867
-263316
-703141
-216610
871891
52267
524588
196230
-28110
402583
-353127
-537900
507835
916477
319659
954020
627877
-654037
-710466
-272671
-528274
745139
613373
-477048
-733946
-686357
450795
57855
-378455
-769317
-831605
-947270
774185
339624
-190910
-672122
295217
310027
864789
-808546
687622
737121
-214736
-10312
-408671
-857515
782903
32535
143021
747798
-765555
-723626
554763
52436
66676
-794816
-609594
-569883
-341889
153294
588255
596465
-882932
-923203
247157
510128
206843
156015
9916
-522666
-33486
-301461
632629
838896
-23733
-248832
-225394
-710734
-371994
-303659
-863160
501988
-214478
-213558
-806768
660637
523709
652724
-969883
-580214
-339119
-645231
-556251
691766
-72942
-691464
-661981
-739634
613607
-916487
-834087
569046
-468062
428509
525104
-481300
-163542
701525
290095
589940
-170071
-156254
29943
235615
-103349
-997764
287928
794755
-378353
-83572
674235
-477278
-514114
-51909
273332
486574
-858565
538939
186712
-140770
622785
-669035
364949
-189477
771305
-340503
-546732
495780
353156
322910
-348231
-997078
437802
7590
631319
800902
603564
-57197
786735
86089
-906508
-643520
291367
61807
619330
901790
610407
-572209
-800553
-480734
279306
-841187
-7850
-47850
218532
875024
-905065
999578
708864
93924
422640
-548045
-662915
-955865
-594346
-1467
-862024
288075
42138
-507070
-949368
-257620
298199
255011
-225983
75632
-545382
-522448
-113818
117502
247522
-769949
730298
618812
-605142
551299
-405070
775207
-846629
-285787
582413
-938584
473460
238702
470109
-677502
693243
630052
584917
-661316
180003
-194095
-63501
-831593
-129899
-959195
-336814
402066
63605
78857
-576645
-324484
4285
-237740
-88616
555249
-621264
175838
-926006
-865408
389063
554365
-269594
-193850
-93164
142802
222026
-248919
663918
440738
495769
322113
30028
-229406
97927
-889988
-647076
-461680
-811718
16982
487379
-259069
91516
975207
-589356
-917020
-133266
-530362
-339533
729066
-323834
9645
-203874
-280585
468889
-938047
601505
748267
715706
-836594
676672
688459
-255033
-138651
-223355
-666041
-111922
-331264
716522
850048
948439
-759409
321431
-764369
-660173
317969
-571888
97639
953187
-537600
163601
-719591
-94439
-709347
879721
358663
-800787
-173054
447041
304863
-693284
707465
158112
-593002
875967
154200
625859
360602
-12045
564855
-286431
372897
623803
-945304
-126584
-719919
-39537
-624313
463350
-671234
-461158
-439256
960018
622495
960903
363918
498405
-525674
511413
659943
-576921
818362
-580980
311921
194051
45689
-549475
342963
394400
-57321
-222124
329441
68336
928493
-883352
-137537
581943
-26075
-281442
549912
-489937
-211538
-490367
157146
-712324
-101950
176816
221125
-360634
291566
477293
343667
622141
-67002
673445
310213
-364930
538038
-440037
44435
842807
736742
231118
-992282
-326558
-919791
81397
897046
735377
80320
414752
412255
383255
684052
-22280
859150
-239003
576554
249503
-32031
846117
-716535
-541928
462901
890881
636423
703718
-34837
512629
-221104
-540788
755639
499783
-924874
-339735
-128257
176141
-2751
-237752
302590
104785
-440773
-914728
-427971
306696
335391
-691379
-468618
-316287
-923027
588479
906329
-287596
-452311
-60428
-831497
545178
456077
-130974
-535473
239605
367307
-268827
456401
995299
-968784
131174
-881991
724331
-549275
447844
552262
828871
283467
812529
419580
668201
-128618
-285210
-904576
-922955
-880649
378657
543179
-533068
-947494
-599947
-225028
-698231
-796611
-503463
-18402
904737
-420134
-883761
-163599
-475210
637167
906523
413233
-954722
-690638
818809
64890
-69376
680542
865050
-200580
-858696
-369558
856499
765405
195945
-548534
-660662
406374
306796
-306238
901574
589303
-183032
-543455
-729019
695650
807026
-229913
955912
589370
50095
334528
-237750
538484
332945
897543
-995784
-785757
124394
306546
842838
-961914
441588
271624
321512
802246
-915308
-877147
-763526
468699
-295185
-384180
-962665
-56217
-763409
-223693
492212
-178000
-104903
941194
-309600
-420993
718725
815764
848494
-782921
382595
-468316
394301
309678
-297754
469553
-450492
285801
215318
917630
655506
362522
-968327
701316
175297
300418
-387686
-230284
-561750
-517967
780411
321763
-662483
16817
938826
515574
391193
365970
204104
113758
602143
-272252
279460
812500
-208120
-17714
-164786
229921
774475
963635
-85809
139714
-506667
608294
-54564
-160393
14796
470807
211253
-804850
-757501
369811
-824131
135650
-368571
-175633
-682649
291040
-277378
476389
-36278
357276
155129
143839
-801495
-37745
474221
-661794
143086
-857980
821907
-361229
312167
745425
659567
614507
-314970
325864
67855
-569182
925652
606616
384527
756865
-10039
-709880
-122628
-341773
-129601
934407
-727063
-411626
-366563
157803
35002
554075
-431724
-254798
708649
-311775
-826117
357173
-27858
-428783
-905161
-44038
600324
481855
-557004
-899752
-277111
-267953
240673
-327349
24583
-995898
-600895
773438
785049
202330
-141296
-516589
-195846
313544
-575971
-566703
581198
-976276
206656
828262
-733593
39076
-415122
-68462
465758
250991
-406006
-839687
-5624
488193
-859241
-138630
-759431
-260092
-583479
542158
-767591
-644053
314907
307695
492597
-460318
-30458
336438
292259
555352
327213
754944
-691071
-776744
-30456
640670
-913394
-983607
-205986
-242172
-975916
740607
705323
112950
-881747
393094
830437
769277
-207607
-369234
-429926
-342971
872144
-872988
141827
732102
-519490
158773
16404
338163
319942
-223206
-860731
482201
536413
-482920
309513
-544842
935167
783597
-866213
695689
850210
941652
925873
-176214
99249
-576492
838279
-708031
-724328
-367864
-216270
193341
-510508
-961602
-645362
-355767
266884
-855117
-932347
745027
-520748
-999020
595456
364547
10764
-936980
422249
-370385
7506
312275
663882
-150982
-192120
-523347
529891
7836
-502798
-584061
-948737
-531213
-359850
65211
650266
-698408
-500792
700994
659513
715773
213141
153471
-860560
860808
-146929
-793727
942019
549279
97208
-418740
-328877
-729277
-127264
670795
-420136
350596
-329605
684319
693909
-908432
-809217
-586758
390451
-22417
-419737
-648886
229700
178595
-757868
-864107
-424850
578673
933623
205278
-548673
533445
892120
-440947
689945
-458818
-199353
315685
529605
312005
833967
119835
554850
-298709
-587555
687149
988433
-41800
-309338
-577006
-906493
2654
-20651
-699171
144099
-304836
-349833
-606891
298232
-913227
-284314
905179
-279092
577937
585238
-952075
545514
67431
541973
-738383
-30706
-871635
-37397
625886
-200804
-687914
-793916
246694
831893
-919988
632594
257501
-305368
425472
-451345
-93199
683551
106149
-815070
-103800
571783
-659374
589168
282943
157355
109565
508031
-225660
406074
949728
764604
-745450
536261
-850297
-510881
710247
685997
957384
695796
-945685
254929
887435
-828113
-965068
556421
621907
-560235
-624650
-40952
866285
747646
-155227
-202707
-633566
-984411
702846
466055
-494881
815703
-968362
-426714
-631658
-163048
207318
-9405
164491
-326139
-855729
-292653
-682404
-539849
-731039
-378321
399430
-768285
-646666
897976
80106
789014
-164252
-89151
111146
350965
778836
-497483
-432406
542809
-89686
-760890
-392244
957859
69188
618049
262999
255628
-959905
127205
-905819
-232266
-792308
-192235
-795517
-16547
12738
-988365
-344226
-411541
996162
-688645
762326
476225
-482059
-92930
419898
-782517
-51620
-806314
47092
672844
550414
-366318
-482099
-547635
412399
578249
-521345
-728015
-258176
-716468
99104
130168
773967
-876762
-616969
413895
143847
-456158
-432907
-858044
-125805
-710037
482046
73109
-171614
483660
311875
750766
-496731
345332
668481
643119
-573492
-969599
748226
668120
-944628
65047
-342220
-325926
551558
849567
382368
-164600
-66862
-545013
-636598
966541
184066
115122
954990
-350507
32281
377288
665804
-818128
397711
603948
-943087
963145
306243
-773036
495022
-999626
-943887
-545955
230196
-502461
-687119
-560797
-608815
213364
227611
953675
-616251
821760
-310007
-859778
335181
-158943
-420974
124175
-106565
762917
-105476
485363
930131
-464880
142194
-211158
-819999
-118299
737214
531943
456928
-396230
-798939
-491053
-514360
449381
-667225
108124
916074
244591
-141794
-489242
-568784
-267491
-26003
-551975
397027
-858753
-773667
490153
-15903
806693
913299
-427729
-895864
-24142
-854293
-559159
123006
-595104
-371330
-737896
-554572
320792
-116878
-88916
-903189
-442209
-312259
477684
363856
98999
586548
553057
-750325
811810
-104135
646489
260060
-987366
-939040
-54882
796407
538158
-993499
950995
838540
-617147
314816
-311150
-902161
-735400
767644
-529971
835106
681779
305168
-834820
-142414
-930353
-870595
57581
986179
49528
-510076
-946831
245589
356665
420076
391568
-250334
932937
482479
696113
192204
-616737
378533
-25166
-484066
-217179
273928
-753993
956329
117670
745793
910940
158966
-459799
840443
-394405
-670944
477493
-317258
-919988
-35932
339789
657055
-220982
-334505
109397
594289
-457313
275368
-638133
301884
527951
509542
374338
371402
9177
412297
89888
983883
676516
-882608
-736841
-105613
638962
-950268
31021
990671
-961641
26151
265609
645199
362120
784519
314633
381440
452456
-882423
-942670
942422
455695
886186
-479645
-76070
507452
707358
695129
-868437
-559843
101420
-356230
124978
451222
778813
386381
-700785
-132279
139496
597072
-997569
-997172
-732096
365547
823577
-676875
-917285
149333
185193
364169
-725764
343132
-193950
274006
-69795
-308898
99437
225535
845495
-6999
844487
-335561
573765
937231
77719
-625423
-757290
394884
-17294
627536
-525961
-331981
-987787
-107088
258245
12717
-253586
202639
-895716
408751
693009
-374708
416297
317615
306448
-18925
-118429
-586328
-475663
-409105
-246137
331602
-732059
-472595
-170673
-814521
-931064
-601310
903903
-38443
-806219
820037
-834086
-889028
-57081
984594
14122
-104233
366832
-64472
-521328
-369807
21990
-813729
-456104
-978998
-732231
740587
-905449
907729
-412305
379569
-426039
-89348
854015
-809291
-650105
688231
351557
158790
695867
-239161
856882
-68964
-225650
219389
-554148
33698
-664410
312359
694827
-664343
133633
-535567
-884117
-705174
-70930
-276973
216436
479421
-545169
417322
657307
110700
687813
-935097
571601
-384939
44802
-733135
-637622
181826
293004
-13678
-93354
-945679
-746100
226481
959167
-843333
-855146
702542
671713
725181
935525
-825459
-967198
3596
681130
610275
-472444
-611248
154809
-335802
-284718
412060
-844268
-198618
-325025
-96155
317750
-872626
-787836
-469357
-493849
782556
-686089
246739
-713900
181338
-987531
736859
-451650
-925099
972141
-102261
-31517
160297
370409
-551395
865754
-166368
467298
704131
-597750
-414986
-638354
225416
-314611
-571088
376564
23426
182218
-636938
-800079
347838
169410
-605215
-769883
103184
783932
-530944
-884975
-663667
580170
589159
-954297
-872504
-971162
-569229
745425
-359136
-690098
34302
186471
-429423
353662
-433866
-546694
-164942
318120
-651245
899837
-211346
325582
-174189
792402
204468
215306
-260779
-794154
-326044
-370694
404531
24716
-106721
537832
-86100
-812142
232698
781743
458912
235491
693931
-774100
-83672
748205
151479
287558
-819451
-168642
234176
616379
-176429
-982341
-152400
879406
702524
-64285
-272241
-349024
683109
761839
470648
622925
-288828
663590
-728151
870733
-994693
-214311
-320320
535587
187151
-917124
347115
569574
-47606
864048
-107330
850596
-858966
-378402
891883
-333994
-887783
-458786
477781
223961
914224
-338099
803783
303406
104268
709037
-287457
595258
-122504
658488
-985448
-469818
-776723
-231133
-865150
-284402
-310810
370763
933616
-684167
358654
219412
-625256
-879348
495848
803107
-179151
296746
242279
-848327
-947342
-829062
-35705
-505927
-787398
531050
283491
-236253
-49282
-739471
-33959
100430
13992
-570432
207700
208034
-139354
916400
195089
-160784
-314366
-490725
93523
-628764
977056
46227
385862
115494
795367
538986
-701665
-538408
412374
864069
767931
-530789
86323
26143
-940155
-763719
985497
-527313
350190
-1994
-865503
-159136
-100728
-734743
-889150
744118
-312248
795337
-761911
512342
-532135
413370
-480284
668830
-193886
-543458
387297
315952
463342
897217
-32135
930911
-189516
606555
-223384
-371191
-274871
-411807
-100366
69020
287929
-826764
866556
92351
-49362
-836898
289374
536123
-914248
554384
-982852
-312388
-292307
761928
226249
118729
709446
-691214
916543
5483
-389818
-694842
188276
664307
-225452
-609998
-914928
887205
563305
-356381
115683
-440592
-333511
748284
-784806
-27210
-628508
-700395
-740202
547733
-147084
-303128
-464959
-32672
-665526
110584
622461
644433
582625
-239945
315151
885876
-584196
-412990
-694650
-104464
-73390
-224427
797736
824028
757230
541299
488879
-736474
840174
38603
784310
659198
-25847
-436462
-304420
-946605
-924713
727720
-908411
910392
-273696
912569
-447633
687427
-521130
-712269
-569101
-534794
-393129
-469970
-330181
-719279
-960843
124827
-29463
315005
501895
-761440
-150949
120976
-861295
-408818
-690929
313263
-823385
-323246
331912
-556803
-571614
-435883
-369156
556381
-712399
314699
-998632
412450
824403
765898
-646299
88983
-664755
-684394
-22178
-769611
-105567
686419
48155
206521
643027
208150
252152
-901550
942813
-434263
336500
-531993
-309001
349866
-412358
-78031
712550
-944909
-941213
-896315
-265089
-360168
-762543
-181484
202187
-713884
575548
-902184
937027
-812782
-42621
-782211
453118
-875977
750160
478489
716429
793943
613672
-59739
643317
569878
-908546
728060
-580260
252993
192413
-665140
-174327
83972
-753234
-340986
-232374
175300
-482392
245597
-13078
847980
-634816
78703
581039
-184965
-503690
270027
-966831
-416966
-70737
21164
-123782
-270130
-812295
570134
621484
-187400
27424
-769974
160548
653857
200776
-704394
-555813
-749206
710653
-367833
-452429
-243897
741378
563412
-153520
-598313
-830969
-388311
-303805
707422
736134
-52180
215891
984000
847377
-212736
635230
809805
-684239
-804830
-690233
986897
-863484
971525
-887988
833698
-907857
-861571
-398489
-542131
412972
997484
-901484
-61668
264597
-774095
98128
-409408
462421
985155
-542316
-218269
-379156
-801659
439086
-894306
-273474
-690186
939100
-781533
635159
-362366
457255
331105
161406
-166996
-454115
-153836
-899049
110158
510086
-613731
571214
-34307
472854
-155136
-91894
-722488
398781
157698
375323
-136211
-796230
344243
-528985
-804591
-140294
13344
-157942
821558
184386
613555
-891309
955521
-69090
59326
-691354
245175
905785
-21354
-179182
-98057
-554965
52012
748633
997686
-281840
-509113
-443483
357636
-345961
-285526
933218
483536
-516158
-469388
-855954
-896167
-676753
-823940
976073
-240447
657094
-553656
-96635
-986587
-303521
-625615
346530
-463062
613932
-51387
-624584
69873
983206
38666
-340305
770561
697765
709883
435135
-500171
661858
-609108
264561
865762
-437185
908287
308661
-773035
82047
91965
570320
-715270
-535941
664462
103972
6248
-519379
117943
882282
450889
119452
183744
-39227
-874725
-504794
875145
874984
-625806
-113651
904312
637249
294794
-603716
388692
-734837
703233
-68434
-548377
321126
518727
514604
667
-276474
165093
525770
-870978
869390
-113355
310973
556560
459736
-863688
522386
-228261
712012
-897957
11660
20658
-349786
357240
-816950
-272327
600889
281970
94516
715900
179830
-965334
-49036
-881504
555050
684570
-993436
617009
-660706
-614484
562036
-478570
-992236
-641648
464230
-204085
-25463
431456
-34958
-860887
-337449
596780
-823151
840780
85359
-682587
-235370
962594
56432
-322823
476702
333309
440960
838917
-211487
-849760
80876
-621737
718466
686067
409231
-386211
401436
828935
206313
657094
277200
879587
122362
435219
-545043
-702495
-335169
-113580
615612
743974
618084
131401
-674200
609310
745284
375443
508215
-514453
96719
-920150
-156627
-787145
-794250
117357
-44889
-186524
752397
433728
867546
-907812
-777867
-848173
251198
654191
826491
696140
791230
162104
-26510
227163
259723
891682
-722641
-994417
403604
-257583
-240694
178405
696161
34476
-451891
-508596
-459596
21213
385309
-275937
179462
-137183
-856736
222207
-339360
-338352
-377285
122728
-918075
378077
-815775
621264
-521589
-39899
366058
603834
96162
394929
-22389
423105
-20264
-369825
-657907
949291
874946
-945942
358770
-252745
487050
-527306
-409485
-838496
399539
884128
-388479
-261761
-549469
480051
-650100
528147
-195296
642989
386344
872173
153138
239602
-877658
-213860
480009
-129154
304704
-139273
599337
841780
348191
-965261
34067
695598
810234
971760
796228
-756338
341267
-288899
-575487
543847
945986
-97475
651799
-407268
-148762
469796
441724
-138544
9479
-455458
-41872
894076
-813938
147993
-412338
22952
549122
-511796
-793130
895677
-385992
-403336
765999
18093
-812647
8289
-649808
-600122
-68611
505672
-908480
640942
-272836
-954404
816967
665986
-813677
-253907
526829
316380
110671
681602
562109
927879
-660327
865982
136624
-285665
458740
231627
64733
581349
-107267
-390672
994035
828927
705555
-184398
-31034
559223
-750375
665268
724345
-377554
761974
-757783
317100
279342
798028
-81343
655101
-496118
-915267
451060
407307
-892279
337860
-970697
54671
99366
-441209
-686534
-28253
-778770
-253719
128906
385881
195507
563778
-915992
-4435
639912
-278626
-578744
475831
-676541
-17097
757321
287068
549150
800077
-39696
927606
-149641
-532320
-169936
206536
-57732
345884
-701812
-350672
946049
649982
933386
159151
-470436
503922
-841682
-803294
60335
-644411
-844300
-66790
59765
850267
610484
-791540
-210008
-538793
848375
-87108
-999568
790695
-825332
-647049
844771
-15119
-853912
140361
528619
-133914
-740558
-108093
-206926
756743
681745
509982
843357
683623
-261265
-218691
-405468
-242252
-694375
-473777
-414465
185701
-588155
-400314
-334309
749828
-413684
-278725
-528044
406957
-388323
460094
-895260
70666
-468872
-920601
746662
580376
-205187
-282107
-530754
673849
-852620
914042
355580
248618
-43953
301184
-931222
-89787
-113175
280172
-170563
-345553
-341247
-936396
-426933
692692
595496
609410
-402614
222751
-58394
-112849
-976494
-793190
213314
-128378
115795
-304178
65607
-44384
115288
547431
766655
953305
-512203
70369
-939944
-604819
120611
692007
-653407
698045
625307
-657096
-219483
876784
2133
945259
-24906
52830
847324
-551477
616444
889358
972729
-498
-229582
114860
-721446
-515382
-888941
-286262
-978083
-142387
-886108
666676
-573309
353757
131242
105265
673582
145221
-344821
903244
115756
28845
-285343
657724
-603228
-250738
103070
-748565
419155
-851164
-262534
943592
793207
236359
346652
287770
-486958
821355
482252
692141
-707482
845325
-647955
697167
634229
-119505
-34316
-511980
-222957
223226
625746
-841611
889798
629
680720
-698923
835502
-429850
571599
970341
17366
-659359
724800
157015
627834
857005
12708
964402
598478
-172174
-140904
-309892
-602096
-264638
-567882
553841
382307
465012
-720973
432725
313643
709416
-599542
-384079
-428779
-665479
-562986
-30904
472830
756236
124891
-909646
-202954
-371463
-838560
-892996
579709
-438722
-897598
346798
-123797
30322
392116
46464
485324
-220340
546095
-573771
-297703
-407317
61221
562977
660821
84986
-289767
995168
271107
-310052
877375
-614790
19066
-767803
458525
147779
-128774
36607
-862113
719603
-628541
532485
28776
324038
14377
255778
-647971
409228
131398
808335
-224746
567734
916519
-465651
-459158
-864736
794457
-21156
-976823
-812261
-904139
-389751
750616
171303
806161
-236971
-979172
-302811
433188
-540614
-943025
374801
-95568
-81311
-397228
556788
271986
763576
-180216
-185538
-433169
-769320
-211811
396448
-468603
-548888
-650786
285460
-372350
937011
637030
71049
580157
-227464
-618047
441666
664571
-147693
248433
457224
-894814
-768102
688840
-539008
826060
923255
-6917
-622023
912541
-934524
261298
158774
957299
391528
288176
-750659
95051
816822
470095
195641
-556681
986816
-211907
-353848
782425
810595
-647889
799957
823661
-901383
-35988
307308
-542259
-842373
32773
-735277
159545
-843942
69113
534670
679685
-606632
-354037
723694
445879
-61860
-292784
-168607
-695762
-875276
8419
-273564
890417
705050
-47726
-746905
-475573
260980
802486
-677782
-268348
-275525
575381
152588
-375886
-627940
-254469
132894
-937258
2268
780348
725792
365880
-391201
-836886
-48095
-1360
-798623
480797
-599328
-843450
904014
-47325
-827261
-245898
640933
855046
-771096
-263892
551102
170288
413225
38644
774817
844590
-615887
-759036
791719
199777
200985
-413129
486194
38937
60204
-620734
311946
-667713
571182
-222608
-640264
408680
819957
-305059
888521
72923
781439
827690
890664
-783245
-347519
-738416
-909379
516648
-931677
-916655
-672793
521580
898950
160631
300882
875519
-996084
790413
64794
-220904
353932
746875
233757
-178072
-700701
-843272
-129268
774428
214204
580536
-346208
660390
274747
132576
152448
60309
-153879
-87552
69720
598339
-725419
-206346
795377
-703955
879367
153599
140230
956559
564513
-898119
394188
-225999
-3259
-278370
-222735
269802
451792
-929036
-652936
-881155
631432
-824605
87055
-685310
-868675
867552
974753
896894
-981616
782784
-696456
-545798
436088
-299253
464284
586933
781961
113127
85749
-960167
-721935
1636
448187
-435786
701445
978290
913926
756876
494477
127032
-844601
-498423
-808699
514491
119305
-532511
-830446
662226
120925
-170157
510054
-87545
676329
910037
-742594
2430
-203449
959379
-220470
-206576
-591160
-760388
-82743
-850610
470438
544019
-129722
376786
190828
420908
-252751
-38861
840450
-518634
-337820
136107
-218315
769450
631415
288751
645119
396308
939188
8647
121786
506884
826032
445474
-584394
812351
-662603
770973
232149
128020
-318955
965719
298035
119270
-972424
-713644
-483206
511301
-137058
-333352
255142
632028
-598562
72150
-669233
-968798
-467430
361166
791400
-189918
601380
-37424
-241449
-387265
-262488
-626810
553052
945760
531140
677552
108391
320609
-252251
-491315
39390
761770
-75003
306420
-755072
643501
982862
618223
405427
-792397
-730349
937953
-596435
-875304
-138452
-747621
84286
-950901
899436
809082
-5589
-871823
157169
-650164
119503
-629138
982323
-620584
841985
-107683
-213311
-543918
901182
696373
-529692
173842
-514346
233087
-860838
-470422
-194578
412262
85140
-143570
-383082
489077
-412900
32872
-356858
-424601
54332
-886642
-91659
-27926
-692323
-909597
735
-163230
-157933
137998
-390055
-109095
-765295
953844
207806
-286481
-393854
-482007
-761793
-125153
-705463
-452591
703878
5655
283718
131759
-174153
57183
128780
-571221
149410
-660975
419708
480471
873325
72473
853862
-518921
-440840
418993
-398301
765170
193798
-65623
-349518
-567074
775613
897499
574152
864727
-372392
-239152
-700791
663455
449305
252674
283653
-752149
114316
408028
-466024
-851582
-998432
374891
78290
-721894
-688778
275082
769894
-335360
392846
423355
64769
294870
529040
-81405
-74446
-670992
-785601
936348
966698
-248139
614554
697588
-684965
-118678
180022
-734106
414030
-635529
-434812
154637
-954806
431093
-98720
638447
414557
295226
-977945
559688
48459
658362
405601
230599
-852416
86705
-395521
-745365
335541
-421517
813249
884615
413608
-531431
-815191
-517188
712164
-549234
-907481
-544317
-856892
-969702
919534
-996563
-836446
-805635
-902811
259997
-215287
-128047
600518
160221
523583
977792
341433
-48038
-334045
-69701
781227
-985799
-29175
760142
-917894
-129829
412974
667052
587570
-371614
109669
645827
827983
-946082
-576625
762776
-761376
-635829
33527
-376558
-962100
760143
-962611
643233
-727692
79086
-751160
138428
297871
160641
501450
-440667
148446
-612586
-402303
-875854
349912
-271208
824271
369943
-960740
-717325
249489
-265367
-416626
-184082
286053
923156
-918282
704898
-198115
-181121
671556
387424
56952
956254
-378070
-946351
257216
-861963
-299696
-116962
-962353
-69684
-865824
321302
683422
-526492
38322
-282668
-985037
334066
440055
-364311
621734
905056
-696882
502865
514599
-221738
108151
-150721
415643
474400
295989
795693
-37064
-628572
368291
46889
-797788
134984
104232
-653612
-226041
546575
328432
-692754
-795310
-724627
-635247
478493
492251
-835595
866940
-498615
-305379
-811611
90803
810288
-766120
453948
709121
-23869
-154519
838033
319287
-373295
-331451
-86240
-593395
-390295
479317
-602630
-354173
-399219
905305
-876439
-803748
947358
-363482
27255
-847629
-234003
-905870
-576225
-140376
683639
651399
-752937
989069
908912
-554345
-8973
353678
130123
779216
-440072
31043
827035
457768
-655464
338352
-705540
-973561
720648
-41259
576493
-377200
-651557
-731562
878311
566142
-53084
421622
149553
-652422
146171
-105244
-130093
83350
-362103
-116113
309816
423746
863582
637903
-445598
-26127
-35903
31311
-978871
-922848
-500085
763368
917764
182256
914048
-392578
657718
-28325
839943
23066
918271
553833
986549
284659
153794
770118
-769312
653116
-444577
-574264
-942452
-453223
484809
-960245
-455912
179374
304214
333061
-701737
584869
-226604
-769768
-428729
-51546
-243360
-3275
538119
-933433
46763
193490
139820
77854
75103
855762
370819
-951348
730762
956760
-893137
-748678
350802
-709596
360818
975980
-514170
460848
-991022
-510357
501429
56348
539855
-672491
530061
929308
-518344
-970697
24991
-562201
969764
-189015
-71598
-608869
-571768
44930
224293
911460
-254684
-746620
-188296
-167257
271734
-808531
-147064
464426
-339603
-598696
111135
-71727
-553099
-99556
999511
-784185
-759730
777536
-334470
799481
287142
296111
171233
251251
-979773
469161
506855
-450581
-438691
278759
227293
858088
-345358
-846579
511548
-536897
589067
762356
-835978
263580
67028
-620293
539648
765242
-186399
167084
131688
203992
-121257
92600
-88348
-733215
362287
16051
28346
722898
-871805
-872412
455844
-312186
151586
16873
150520
717887
-688551
866063
783415
-196187
918849
-907212
-401316
658493
-691648
528537
-782677
562556
380483
-983261
109850
-493347
-13749
516151
-985645
389085
982268
89276
-901249
522449
-484086
512803
-52849
39919
634441
-495513
-737518
708640
465636
735217
430357
-175856
-617566
-831891
210467
-93425
-188439
-484076
-424547
-827706
-57598
-89951
-576401
-530707
131279
-209505
978840
427792
634621
-593947
652580
262913
670740
402128
878920
-832725
-214404
-652265
-771281
-828981
-581060
-442273
30302
-127189
-637188
-96114
598986
386769
-572242
-615003
763354
-713288
-108148
174998
824657
776620
488125
-172689
149412
337990
-742399
-594099
-983163
402649
-35249
-353651
948914
119900
-199311
-581388
225825
27520
299915
813071
-765695
-998338
-732173
-360641
-241542
823818
736851
-537867
730109
209400
457040
709533
-197702
294576
563256
907905
-439681
917688
-311488
-471661
-76968
-516903
-706277
-286035
-951790
380378
825240
-630081
183873
800635
-604661
374174
-66278
-902137
-214280
-847503
529351
-920911
-41363
-599261
418035
-936664
-23428
-174898
-573972
191429
-975635
727530
153725
-130833
-232612
-813775
-479283
593101
-835553
-271023
372575
-574933
-258726
946902
543884
930402
-274011
-744525
981643
809749
-338992
916777
-990963
-217366
944737
739027
749818
562979
-376029
703635
802974
232794
642062
-243215
-647993
-37286
-23694
380589
-655280
225309
268127
500885
-582788
-970815
-625730
-599156
163315
92496
767384
515446
-538855
485180
387900
525803
-322625
810288
547367
911872
548718
-270222
535607
-967443
-204909
-488629
888741
-13250
701149
-35879
573299
-931288
-79431
-568632
630897
-688573
-109777
729005
-614324
527273
-139298
-448334
466414
192532
-351816
292142
-475610
936425
-197533
-277962
-922514
203482
-198211
638256
475541
-246652
517996
-460609
56429
728620
525586
96895
-607996
860853
445099
996533
60123
-421604
-843115
480472
-966874
125302
-498004
961713
932655
-638776
883206
772929
541972
-435184
352282
350667
-795705
807908
822809
-71477
319851
-806704
362200
-95332
-275469
146415
753981
-344077
517377
281010
-374616
649333
-651056
230096
167820
788863
-5926
-853311
902072
-680869
-761281
511157
549922
640184
45867
604004
-922835
-888447
-508343
215483
751332
442602
-620968
-805821
-55189
-469576
-443090
440476
-975581
651324
-790500
-710775
17680
637430
-546166
-606924
852444
270362
-495402
-969028
229320
253146
973773
288483
-394185
-232529
-924885
-308769
-280272
-375056
969020
337327
938843
63879
98298
132206
289558
400593
-573439
386037
490315
857159
-648007
-803396
522696
-329860
663246
-660408
-160841
-321516
-815091
-794870
312865
506832
548696
139806
804992
-258347
583097
870005
-33565
583844
-747149
-963486
-59901
-596710
-681911
215096
777919
88781
805131
-298257
-600823
-203821
928488
860366
144977
778203
-415389
-226176
40990
-249263
200476
745155
-528330
-616435
269314
-193675
326452
-568689
-150014
943708
-361424
258797
796768
-570994
-778772
-973918
-337035
485996
965995
-780575
246220
66921
-473917
240158
224483
-373012
-453125
781718
926124
-514443
-490939
-286615
958637
307492
614464
502198
-909610
431251
283851
296503
-200656
354318
67928
222065
595021
63234
869882
960607
-293469
521928
797040
-923347
165496
-820858
-755452
-542225
-448768
-67916
790664
47850
817370
698119
-393132
-852967
-576011
72346
170303
911840
-666773
234813
-104324
171439
168009
-723550
289017
-736617
187664
-395073
934814
614666
227790
-275134
343502
180277
-283497
-632025
854706
-796148
103389
-404457
831368
-983989
668819
-167561
-844319
-496741
358947
601503
743598
493547
-617283
-509718
-733785
-617108
876663
-531612
543291
476185
83031
629431
555595
-783066
-120903
519692
69168
-687276
-723274
-325947
-803854
-748785
-989138
153133
119635
-539860
487236
328839
-45366
-760297
-620853
-82927
-416474
119068
311545
763062
455723
420766
-642163
935295
883943
-111122
-645476
-508958
778201
699190
-789448
-499432
-226156
-812022
202959
80694
413096
-454136
135598
-889731
972465
546103
322549
227394
310668
874126
243994
944339
81209
250890
896415
-581009
-741274
-523031
-667904
-612131
-906084
-925689
668077
-420415
506426
-62484
-227110
800786
-150240
37016
801164
428651
-105737
366479
-119264
805255
-931834
222254
-671885
-233184
828148
926502
-143089
879294
478509
53413
-825521
-432315
799537
-139425
-839827
666212
945732
-151052
-137867
897373
-305708
-198410
450302
487769
2984
-110138
-751864
-459904
795543
795599
931485
865694
-723138
626214
-771867
202203
720916
439627
460066
-294462
-379614
530318
456163
-822273
829072
-61338
-522249
614866
-430213
684259
310958
869667
-538339
-100158
8871
-682096
-476176
760700
732170
-262975
-158632
-810364
900701
272492
-649334
191035
508079
-112187
-88452
-963248
27534
-666093
952137
925196
-358023
-569915
137720
-163677
-50546
-375416
-722049
-539012
-16159
536532
-246338
835331
497199
-155210
513549
-663520
-569822
106287
922838
-692855
107378
-134210
-891492
802395
724185
-410504
-761849
-352940
626993
367446
-290449
-214438
209653
-846504
-720895
814638
-457618
-9028
-542683
-923066
-938438
999478
559809
-612413
642431
-907775
-140460
508937
-953052
520148
-638590
-207781
-142004
-760000
632845
79717
-420990
-694686
394331
847782
987133
473451
-914169
267030
-301485
587903
960176
176822
-877899
-590278
314320
797225
-715025
991078
584708
68840
298606
-147937
101863
-721216
-722448
-449595
453021
-800520
-689827
-113996
-193128
-464949
552014
495858
-18776
51372
-597040
-597369
-402680
5153
-376773
868370
800555
226471
409385
537690
418514
503606
505895
885796
-242730
357921
94579
469296
211739
-639653
893651
838620
674964
327522
-514222
567689
-360625
787030
821194
433106
-366584
894331
-754278
93883
-316381
346299
501579
264708
518811
229312
590783
387967
-16995
304020
-421362
-681852
-759745
335728
892400
-254018
-721627
583859
836735
368320
267548
496501
484740
559387
110680
-823455
-643093
-434561
-293566
355425
804967
-107332
-280166
-465587
-993110
-258419
-839449
-334276
186327
560165
-890817
856210
307584
-498008
-65628
-898718
-186617
405504
-554741
-466227
-433871
-548595
723027
-189177
-650623
-424832
404079
739206
291044
-18346
772024
847154
-140436
664235
-364578
-211409
788965
994264
315383
547061
677927
-20379
394669
-39210
847666
-883846
-422052
-22324
-911233
551304
-589664
-821368
-755954
886213
352919
-873701
-732691
618298
481152
-819152
284877
649019
-292094
-187119
150642
-463726
63507
-97652
137583
438110
-465471
972014
-571780
-217854
276964
599328
-662654
116284
685481
773983
835782
291738
-473869
804825
-245219
284387
434254
933217
-764991
390270
592598
-828471
566613
-970484
-345411
400851
-528166
-209289
-544579
466065
-510511
-454791
-672676
443312
-744542
-6398
-568634
498640
48483
727604
-573535
788254
-579821
468376
-481883
-346351
790950
215112
-719080
-131943
624481
95281
-13664
-304389
-460468
271601
-385190
941404
-960305
-344574
155696
476922
847612
-675256
322446
-607104
437456
826272
966300
441141
274260
611188
-832389
-931743
-830610
-608973
-136300
-360053
-808117
-777774
-614980
-153294
-580605
218138
-280344
982606
385394
-542865
66260
600812
-199792
-570906
-530268
-664521
108473
12871
670338
-400635
919580
-128912
813059
-452965
-458893
-194651
-873125
352708
-697280
-738479
589108
-563484
647964
-987595
-321330
166307
-871174
920366
-636480
307475
-654157
442254
-335091
-73084
-253253
-372174
179361
437461
21119
-852112
-783676
-819352
496941
168767
466851
15193
-351260
364792
462479
769702
-340844
-239412
-483115
-18516
-655342
-826792
-961921
-47479
756383
904134
-775687
-859534
146551
574038
-55408
-718828
-731336
976750
-494463
-929656
-9692
-59331
568184
228505
355354
-449653
58994
834874
-244108
-960687
918019
516507
54058
206594
515763
663576
-930620
-58304
-194788
788016
-695502
815461
-467127
608929
784965
-581164
-29058
-804822
-276189
-535428
-12617
512547
-902264
354511
655388
932981
311511
-859240
-621988
534397
721937
321438
356201
551839
180907
-597225
-431201
-967620
-532135
121963
510209
-432958
-960066
-501527
807018
241610
904183
-350558
-899284
901610
900525
-125285
-16484
-294027
24947
974047
-334087
-978110
735073
717097
111900
-799060
-759912
698492
886249
-127983
-156588
157997
442155
972921
684938
862943
276061
691506
895228
851685
463837
-784381
-133335
-650648
477604
-695525
596375
94498
17013
389392
866508
-297544
233886
-402114
-444600
-156891
-776397
379875
977518
-446229
-730078
247421
-774541
304169
27693
-100698
-412022
-353232
-712730
680081
66519
576179
93464
-295593
-878984
758486
400347
497074
-163937
-40998
991715
336335
217430
394479
577405
-182474
-910771
272818
-700531
-468284
-887936
90609
336895
191223
93040
-252337
514059
652237
69312
716567
668907
-286621
-250225
-329324
947620
764027
830844
-448050
364107
404661
537223
825491
-163918
350961
-722993
636696
-323543
429765
-343803
324979
668564
530992
277465
-756319
-767333
61124
-335427
-714339
451204
-680699
660747
484344
-788952
-917821
-598877
972372
357778
-423969
-719783
722333
222137
-969855
423661
-294786
-998651
-961994
577109
787098
796980
-550516
-325839
-826393
-54506
148207
-670226
-758374
-249424
-985515
705644
-419278
856415
530328
-537315
-426207
156571
854802
-608495
800543
197922
-981095
156351
-687938
-447467
283365
253111
442780
864787
-896922
653074
244904
-291443
864217
987404
203694
875330
-707410
-10464
138014
-517779
-173130
-399266
-953019
228935
-799116
623913
-900520
-30267
890997
781527
-434751
260179
-677261
160981
427699
365440
614290
975759
-791183
-184211
242536
119474
502623
74532
-934486
-35234
-405155
669805
50675
535797
572007
-747628
41951
508311
-213246
-295819
-675537
943678
-835524
820128
-445705
-332702
408904
-324283
-279712
804765
-695934
-993513
605416
4982
-955950
-328884
713037
766798
921249
218678
-308184
949096
-507564
-649761
463929
-605112
-708271
429935
-336906
-635081
-623602
961323
-192256
-201543
175254
-967987
523177
-471559
-968105
576923
271061
250887
-912180
353880
-918375
-354940
532860
-364938
702794
-544477
-465931
96838
-966559
-75873
311012
-801789
-197316
383594
447068
317204
66229
33465
-111557
-250561
-393525
363282
-863217
348146
366979
435412
-942565
-725349
669048
-464162
660998
-491585
-233546
-165053
806486
-386692
-791906
126808
973651
-600096
-179847
-245479
-122659
879147
712001
309407
773109
-322248
-568595
-104231
-20265
-158587
-64803
88441
647326
276728
-671811
226468
981739
532604
-450363
565697
-707723
806846
-616437
-733186
126823
142051
563577
-64265
110283
837697
-571434
656027
-566122
-503603
-101064
-847283
-449682
593542
-43837
236385
-624430
922474
965049
-802547
-626106
376251
-497812
-173831
-719653
822070
-99323
-228382
317000
433528
333511
-33641
959502
-660171
564751
-671834
551519
182186
308883
-365661
-983471
-111442
523883
567900
-69692
-699388
-436316
-609360
339357
-807662
675595
-846498
-273441
598194
71417
-788157
-271544
481357
-623465
781891
128798
818525
-952902
-926649
-135103
437420
-253808
741384
779972
554117
-229690
53673
5236
906576
-916751
352970
-253892
318437
890842
-990697
-493913
-220253
741858
485150
-970259
-506379
626695
91549
317931
-122552
439041
-833985
337815
726428
-99224
689807
301508
149427
866772
203313
-588480
-481766
907370
-177394
-973285
-705959
-544445
-111666
-213574
377909
810142
217574
244
100936
378455
-673373
636874
-2205
-768368
-226320
632244
-635620
-885147
55730
-108975
723593
268752
-969926
622620
-670646
-393513
-607684
-994869
993770
598789
-12455
860187
-666115
-223171
69714
-455736
677641
325674
822700
928709
-571444
313688
340438
-766047
-551429
-393949
-73599
-546804
-822685
461817
139466
-657695
-748199
-572016
-901198
-585164
551131
516197
626770
-228333
-452772
-425932
756934
-703034
-854606
-650035
-5836
-36182
-353659
-898337
-884799
918476
-114652
922676
108077
145460
-408372
-467668
-198482
340345
324464
277844
434961
167649
-424895
-41726
943603
909607
120787
-732367
-174129
-834544
-831665
575341
-40129
257857
-504744
814370
-605370
-534415
-598158
785107
295875
895994
-453228
-327455
313349
737822
-392037
-527076
674684
760211
-154066
-116202
-717996
-651049
699081
-135440
448883
605455
972643
-799176
-283398
-299773
612807
-66693
241488
639630
-146353
977030
919002
-150996
354327
18021
-707233
589926
330968
-918362
-378119
322427
-181045
452260
139927
169690
-73914
-112010
-822484
209760
815735
-549141
899038
196517
745879
-421374
-838890
-642013
236285
415204
-355045
638395
-747465
363810
-988041
-745914
-316996
78023
-430464
-500628
-591944
-305552
997922
559685
-23368
-230489
76838
-88804
-125847
-989404
831443
294049
-110743
788292
617309
24216
-705886
-212719
502907
361393
911539
625641
-495379
925542
-537719
-714931
-188203
158862
835130
-137755
-261331
364129
398944
-766643
-4742
-252347
-492097
251737
-769310
-775188
386542
-592594
966476
-241091
612973
773871
-622886
-825419
856731
297743
-648626
-795286
-442477
269602
-622781
-694169
484057
396253
-89767
356224
265508
207915
-694923
-668579
428647
751230
367149
-646314
169069
-445509
132169
-720157
-315742
-351243
-486582
-972333
739148
917323
-756075
-395729
291838
-817461
-498338
767763
57515
392610
730142
689376
-556549
459789
-11080
952076
-442794
-184564
602722
-490460
-264765
670047
457024
-499190
337191
224981
745116
-398308
305831
-535583
877240
-579503
859978
484283
702800
-729907
867490
-30395
383179
900484
-198864
91071
787518
-166913
-968104
-30106
-758349
-834699
906520
318456
-931743
447574
-486420
946602
-783981
-794255
-996224
971484
-984806
-20564
-973231
589254
776431
414287
-540284
-245540
799348
-843179
-465410
-374095
-522192
308012
745042
416105
935615
249761
-696475
-928069
-202722
-526833
866090
-681727
337563
-819477
928490
-609049
-197404
812224
-702466
-162982
-396652
-155401
59682
241356
837734
556153
936799
-438862
885284
-318069
-594665
984522
-710799
152295
787910
-132529
-810221
-30927
349829
-329323
-893595
-515068
-864409
-397955
-913392
-371232
-831643
239814
-284253
-100979
-740100
-83915
-400413
434965
-931686
146285
-176238
-398606
232462
-21837
-907519
-296235
-427600
-903930
304696
-473155
184204
-595846
20125
951778
-630680
-528807
465737
758988
-293862
-345277
-552359
-181094
-452900
736545
-635003
974949
679507
417683
799722
-532167
13194
503334
-260874
541175
69971
955965
-49784
-655006
-972938
666664
-401252
-702174
316085
-209200
324749
-313164
-626641
20160
759363
-794708
508516
49387
724947
880834
588521
-185175
5933
144237
586015
-506217
-579805
-605939
-216380
-88496
813851
-275273
-902380
721800
33541
811444
-387975
-419030
796642
826313
-956721
-637682
324820
-621539
548379
922624
-519689
646012
-658443
475043
-203687
566662
931296
924431
315678
687268
-685377
185844
-216942
661372
634728
-367444
851965
326682
467756
-835691
-524941
276798
863254
725063
-910652
945271
966656
36312
-923924
-581150
201826
930823
881636
758906
493288
-105593
-957804
438777
-232851
626582
-44660
560310
915582
582085
732280
434916
247664
-333447
-60076
209801
-338721
756145
140523
-628644
-873658
-200183
-857004
204486
-970620
214160
-477726
716269
695930
129709
710436
-926060
-865483
363427
-434043
589113
192909
-127843
-757987
-395523
-862382
-58361
-651609
408542
-684595
207835
867268
-955260
250717
-959363
-503771
917756
506251
-959775
-691436
-803218
-813967
621928
-488476
-655019
420825
727793
-548441
-773573
-16466
-753545
227756
942902
-235180
970140
-467295
-443894
657627
298841
150314
-306178
357755
-870494
180212
148681
162473
-911407
-777781
250063
82462
-250063
-761821
-528919
138858
-262194
-885158
-413363
722535
707879
857615
-700840
63621
743749
-420432
-28527
109973
554711
105974
-587512
37989
929937
494727
-972251
-220708
557806
93476
960780
199801
-390653
199173
239356
385784
676855
-182512
-636300
627715
269360
-370194
-538927
-52144
418639
-952272
-782791
-583731
-87870
113193
-163567
466596
-436822
-23859
-413999
-467103
-652880
-420707
804601
287792
236796
-127895
511106
-330651
-599403
-824445
181109
468332
555031
204675
-31938
-227550
-976294
-518243
940068
388123
182430
-858673
-4360
156505
161896
81199
822963
144861
254071
929721
386448
-894724
-508093
-735100
844693
858019
-452256
-970099
294564
555057
-282944
900247
851191
132570
461450
-387502
921353
742251
-836598
403415
-58136
733825
547009
-209896
-930444
-215081
573722
398657
-341346
-188661
830343
44400
970742
-383308
-817340
-80858
703990
545395
-899626
-573289
596578
810797
-629108
517513
-763965
-997532
616145
745732
-428782
-441256
391747
439761
60386
-795603
525430
-872101
275432
-113274
-698316
485769
-873798
160267
909345
-216319
419349
964811
-467045
-733272
-731132
969976
969795
-709158
57712
-801086
81298
-583954
-611092
256655
437393
-893946
-242465
-696498
-184160
-876013
-755962
321229
565919
-470998
-354934
883225
-473443
-257352
-777969
717643
-176074
-379693
174210
530722
-937691
478600
-980798
-108666
-730649
-506319
218100
-600392
-297843
387443
-808876
-389410
-97084
73139
588425
-869106
26631
141119
921595
-795258
424782
871723
586781
511529
31040
-589476
-810132
895937
291983
395149
-186486
790203
828273
702553
-15169
656971
684019
820364
-920722
-859057
927423
993329
446261
474740
-715256
34013
-261200
-96932
142396
62103
766369
37357
-959341
965500
593789
808671
-584357
-907690
710864
198445
-727155
574905
-649212
265902
197751
-694111
-437976
970131
-959135
-284736
-530305
-334544
282905
-32243
45480
-914746
414927
392993
-358205
-894517
-723727
338399
-454208
98247
-736637
498271
270467
135233
10195
-61312
-922585
555678
883814
207929
619216
-184347
173480
732518
4042
-654784
214588
-569076
365959
968803
309915
-358703
399526
990962
-831605
-757333
-602895
-135980
50301
-368651
734885
392476
-490329
-222773
830123
-42783
588272
653691
-774372
460895
-301993
576673
-77952
-636405
159455
-46198
552533
649082
333473
813567
947564
129612
47328
22446
-860559
301550
907422
-429085
536945
384165
-116048
111388
622528
882887
-730135
-126537
-164107
-320719
-593416
-75964
-578803
162369
143235
436061
-344367
-584107
-937514
342113
423286
-673563
-267838
-362164
-935730
453871
-489497
279546
-702387
879019
206540
344017
188180
804400
-648619
-512662
-747773
149119
559420
-699423
-382145
306280
34157
964159
621191
38381
-201769
-55179
217006
-476090
717788
-513055
894793
-997424
-332182
-436121
-358110
751618
-225261
472645
249543
-710886
-575594
-906808
-93452
-311592
-753093
-998667
-13443
-340970
303370
-776237
390297
508953
923935
293176
988242
596464
9140
-635670
646815
-603669
207213
-64520
-298812
635171
-937953
372885
-746264
726587
228627
54961
-115132
690843
-914672
-919969
-220348
241362
-888476
310661
438721
-579051
-133481
931769
-278543
-69428
327682
137654
-639463
710800
-84397
-450755
-291625
-583597
108966
492090
581439
-110929
524321
-486120
-985565
968376
554078
579934
425540
-683548
-533671
337546
481980
-585365
-782258
2482
630668
-297397
397832
284046
-313983
-249618
207322
705156
-688457
-251538
934476
-541860
450343
-32507
-648317
-578366
201292
240074
-113817
841543
-363500
-984630
-672879
871054
-211867
372006
-915561
729988
583620
-512656
647709
-110862
975916
768856
192560
433100
92615
168561
-866717
625760
-242975
69637
304544
656796
565704
57391
754301
-127803
511554
-753830
627815
957776
-292408
-799547
736269
657232
862252
-520709
56264
-863957
368180
-116054
960304
-943157
-984497
362973
142043
-160339
853425
-214783
295932
-518917
396631
-637228
924157
-693847
928293
-585901
768788
-347135
-897066
91339
15879
-258098
799648
818871
72866
-754204
-67620
349805
62197
-172786
-661484
-450334
-355725
-354064
188401
-385411
867506
610309
90808
774655
373016
533311
331525
485608
-454872
-962703
-743169
321399
647874
852089
-290247
313316
-109740
-799731
-968182
93981
984053
67573
917673
-19776
282693
-541213
-303243
-363325
-168380
608264
-386368
79194
-956687
-941564
-511252
405425
-485905
-389951
192251
-9155
-478331
-397242
-142543
420374
424138
-851871
607877
680324
-864381
-86061
-332009
-799396
-459391
583234
816594
311213
499892
849451
175468
394832
-473407
-783354
208929
-680520
316465
539172
-220992
308797
-816181
-229840
33598
794362
-873278
-251594
401232
-143238
-122788
650602
-602139
623888
-38251
-372398
-130213
-886079
106547
-937582
-563604
679067
207059
469557
750205
224839
268122
-954323
-202603
312521
-462554
572688
1366
196249
-451876
-547038
-809441
-299902
292800
497810
94262
780925
13738
-715447
861557
-330327
609285
94273
701106
186011
-654647
264724
947577
179710
-396959
368663
556443
-577632
146405
-146512
-355811
-606577
47389
786275
222400
148481
-154293
-669319
960214
-994681
-424587
-603925
533427
995559
-188310
-394093
205838
-803756
574897
-570707
-464113
-199603
775227
913801
410273
-339264
-73635
615275
-673010
-731794
-741696
-998996
900690
-35202
-443210
-795436
856903
168525
433168
419184
-973593
-3212
-18531
660634
-180466
17635
152382
-128744
151102
903826
937820
-315030
-351206
-172769
923275
891952
430428
-504680
-648791
-982482
-224671
981633
81312
-485180
871832
456054
-899973
101749
-937756
471956
136089
-203397
-182954
534310
-930727
-506267
-119423
-719860
961579
-848840
865976
923705
-935408
674173
-58295
332612
-986647
863921
721463
377128
32188
-255711
443386
-412376
846890
865999
-320598
463979
895711
-626633
403380
-680897
-839556
-309392
-137462
812563
-428895
973669
-678860
9062
-413433
-354574
-232850
94626
-345151
742497
883871
143483
-252697
-347088
-97572
-334829
-481151
226286
-672331
753731
949429
-416120
740349
-308676
559228
113384
-423945
-414698
359210
714035
-74043
-905938
-509707
-425311
819771
-666854
329920
-987309
-34498
-250595
-136062
-210226
-251402
-159241
156624
-498836
-926369
768791
12485
-462196
680387
-42720
-522556
-81559
-826466
-719599
-655899
26920
-57867
971799
390540
-472914
990146
18108
-691259
-520678
377343
676698
-462079
-811081
-954097
590950
662697
630666
662797
937175
992296
-744313
-10984
311139
-409829
-710229
144518
-478393
-292832
-390265
-173911
-957074
-168176
549389
928917
-141212
-199207
83195
-597100
524372
-191988
-584028
919971
793136
71677
534637
352314
80264
475059
920984
88386
390913
-210680
-475636
811251
-412176
-533833
799420
853456
414888
724559
424230
-21547
-241017
-475433
123911
85367
-511015
-177021
-828215
106812
-419657
190608
999057
595195
186576
-836491
-62197
164366
-894556
269944
864633
-626413
-744421
-222743
732119
32085
-920791
945366
-147063
-911142
-789924
-263106
58272
-233101
-428852
-604067
-602262
-19781
215736
-386043
329986
224082
257883
-6119
926978
795457
656247
443414
-621261
98207
-774908
-173713
481185
-666245
483499
878194
-189410
529814
665022
945384
123433
-453658
379740
-508831
568408
-661131
490237
-68386
-188696
-201759
98300
-713094
-921999
-954235
-737309
215689
-5589
-978595
176878
-155444
412584
56899
833910
358837
309370
986848
848658
-749841
-595283
-517892
-420042
574895
802891
726081
-154157
36000
761598
446220
885931
548610
218388
-35322
956144
801630
-183698
-569427
-370620
942512
880043
-210656
438089
-544804
-570424
-166811
936819
-44476
427403
14070
-418972
882829
169923
141022
482323
656172
-136465
-587948
-335034
-345966
118647
-741647
-95881
278601
-985820
-756539
-698086
-510995
367945
749166
-794084
-246797
997398
943633
697588
-183948
437191
-438259
-916807
-223607
531688
537988
787698
-449733
192987
625574
559683
369640
357719
-830120
236838
-34891
46373
634321
859406
-933798
837990
-979688
-378631
936888
-504303
-88807
233685
-340137
-949104
-966687
-978380
627133
-803703
-225641
726605
-429370
-906585
950154
770237
-795701
-409230
-721100
-115189
75269
690594
987359
819733
968897
-177896
-729446
-317151
-182016
91645
-214511
515510
-517821
309668
-349881
354720
328480
790574
267862
845298
624704
7585
261600
-798660
-702054
-359575
404190
-24614
-799603
255896
-404215
-995213
-569746
318513
783375
-10493
835215
-977713
300905
811044
507557
269014
-423076
90106
571195
651602
929976
-762668
320026
-57294
106118
642200
678136
32397
824433
617542
-52409
536278
107690
545850
953625
-837660
166752
860525
623143
-761720
-564096
-119349
-448523
873198
136243
687442
578187
859808
-765962
-301994
70353
275980
472215
89537
-412241
-345979
-347711
938989
-285775
-84467
-319295
732609
779512
-265081
-961060
395
-595276
-124997
898892
585758
-885209
-16704
-449858
-760493
144388
-430398
-521262
790639
-376998
423320
-18628
462640
917282
-566881
-4768
-950238
228087
871353
-28537
-241048
-699840
-556536
-446613
-860607
-331662
695519
792645
-101007
501827
-307451
120386
364112
983793
-498842
-616526
31255
-808350
649011
-834403
816597
627461
895351
520687
-197727
708344
171621
345254
21408
438250
-652008
220656
-194908
696964
-522982
501119
-337820
584329
383925
599967
-804258
-566459
490869
337314
-492384
67026
-235596
-877337
-944618
-726429
-767989
950842
824395
824848
-741555
10473
212674
956730
283426
71317
631276
292386
792028
79442
169348
746411
962674
186119
-330597
957358
835512
-377016
-158783
946892
-935218
-682544
672163
746080
-86378
95716
540066
565048
920066
461
211092
490105
-954632
-598995
-859773
-659089
704448
-122537
648878
-26198
-161743
238835
-636801
810419
574812
-881362
-723721
-674752
902055
-439012
-142873
-667961
-68295
-943781
-661990
-190001
835654
709387
-683048
-169715
-607523
-492703
60425
-33643
-906994
-224520
-276924
-579581
-97103
-558416
133654
304523
-137658
115666
-696948
476824
632506
389753
156032
396460
-298341
131370
-903706
-454885
802187
166116
108375
670927
272332
-56124
456295
202546
-191497
-932233
341907
-239328
-846235
-923452
-136627
902935
-850095
-693762
93948
198584
911897
-51672
121694
-145546
-22699
186809
-956824
737410
852395
-123112
-918826
202094
-664881
130072
-727989
800136
830242
-150993
533415
352618
-150167
-601060
-932165
539128
339312
-467266
88000
-188781
-73411
457754
-290292
850191
334644
535714
566898
155164
-739532
-410728
-850094
-302885
-312049
-867268
-182097
-88152
-681534
527848
687391
-169168
165553
-278075
-656449
660683
848208
848566
-660110
461064
366765
-200764
99426
-131458
-376901
-383776
-907037
-106172
151053
-803032
-355681
-676242
-189246
-39402
262965
299253
-799195
593011
887626
652819
-53044
452218
-880155
-582899
825973
-702040
-272495
437477
120468
-93898
-763808
-883463
-383404
-428308
960347
413925
4171
-145340
-1070
205239
760113
-262153
336570
24035
-898218
-376010
168873
-660589
-385033
999120
-985671
-486829
-954295
-971208
698375
-608640
792159
-808450
-221127
695738
99690
608110
922125
-692989
-152884
-560152
-996967
-193285
-418677
257715
-580688
-509039
555478
260030
-829846
-881210
255510
198703
-46054
-842381
451674
927248
-782788
86623
277423
-664759
506975
-327506
-681243
985004
207270
-160754
-971477
282722
-605591
339524
-966925
-696348
-620518
876139
579506
-612378
842701
-712268
941863
-621196
-136332
823863
98601
956457
-541888
534594
-978828
-413294
-908520
-644938
-726141
36479
384726
474985
-628060
-235471
-743486
-666527
-568808
383570
971520
-303013
452520
433382
-708435
992201
712953
349830
-916322
779156
444350
800431
458740
708945
-515813
-912947
390871
-227119
-718397
-504516
587612
618311
1086
-482455
262123
-480423
220906
597673
-913199
403149
-555995
-506614
448585
-243703
28439
-485023
-229400
534331
11773
521634
-174607
-426542
-561294
607856
-358392
628345
236613
-219628
-380841
580552
-159395
746176
-916698
-647698
626875
431412
513376
638009
-123775
120935
-249112
946886
232502
-58909
-325851
-323414
-542490
178529
-705082
-847879
-595395
-872541
-105214
-866186
-781335
-37365
-515166
29932
775328
-585178
-84726
-989499
595848
827139
560650
614735
364879
392420
-933542
-463130
-457296
-460151
-144550
-902168
361404
-826813
-168906
-294542
-677132
-122866
473077
720335
322393
-208848
992579
-262062
847575
94645
-475759
-553221
-831558
763653
903507
-69676
-779365
-211038
19739
-946689
128670
817621
-854328
258670
-157876
-778424
782105
363704
20712
488078
311162
-270535
-114595
392115
-86344
580291
997193
545521
904283
736171
-376383
-705354
829250
491809
-177923
-486914
954075
-967725
402976
800990
64453
449838
-767778
104307
462122
296044
-103518
-239251
-961708
-379231
722602
5017
-432659
-145422
-1571
-411475
-731906
795463
125815
164197
-631765
-771084
-772080
-409082
-523107
-464352
663041
426425
-493372
-755230
-390166
-758825
500708
114917
13341
-481732
850057
-448394
956871
-585199
-101617
145317
-34967
689691
-73975
649197
-279536
229452
-350150
-536136
409556
256548
115318
-140666
-56677
-459005
461352
-96393
612709
-645987
80177
-794692
-249123
-782887
-159932
328148
-997829
549899
-821599
-665499
-734762
638233
-463776
315882
-49966
-641679
-778994
-892720
-597714
487844
264787
667239
-70454
381618
-588945
-759632
-152958
-737488
-570318
-361175
-908563
511415
-387566
-670066
-583886
-543363
977451
546825
613662
-382039
605930
22479
-451896
201500
-655923
-574915
526877
256728
-521581
-330974
73723
-159431
943345
257179
31650
744878
526461
-549648
330927
670172
314463
701626
-200900
964345
-563139
-65084
-878176
250837
-391123
492534
393244
254296
-627098
-644432
698813
-997054
-828672
-77939
914043
-491254
300415
960098
-250761
705889
-476451
944070
-114991
118647
-130318
-550493
54370
220279
842812
-972152
334341
-303410
494717
-372163
865883
-912420
-745247
841998
402281
440236
-942543
-595332
-748804
333043
126261
-872412
-334418
886708
412966
-501390
-896450
922084
288508
998257
699423
959022
375740
166217
527134
672876
-864438
-860343
370289
-711374
-520091
570242
-128697
395943
-8538
-32852
361214
-395661
166941
-479299
-896033
294553
601481
-734595
-954658
-201265
415949
463164
307235
159596
677087
-394588
824881
-747704
365510
623352
542941
-979181
472311
691609
143683
-550943
18542
314649
-938177
-169001
736228
-51463
133929
-591550
-744999
968471
-955901
116724
618561
981538
-406014
895051
-417329
407253
209228
89452
-465358
200700
-207574
89006
-697551
711140
-482390
694947
762355
-396890
-133004
920414
223461
403176
-253588
-757946
514561
-590838
-724712
801014
427037
279991
64553
-908980
305163
273127
978628
783671
499772
-393566
-697196
139409
317002
577799
-161766
-102259
709633
424163
-513390
-220855
-300371
-780634
463381
193693
883521
-238380
-231603
124770
-419891
-914592
-522481
-752553
-371206
224729
388511
-516022
663499
-354264
-401965
309898
-51278
398328
999712
-90779
518757
-805425
-703386
496828
-379256
-267168
117999
484144
268626
-875133
989257
-908224
839439
-947697
170562
741130
-243208
828893
-85161
-936403
-901414
686310
995941
8722
-247093
-335714
979808
-419510
840703
355913
614136
391012
-436308
-646484
789269
-282540
286834
781779
-285010
-948161
-326526
59390
-77369
810099
272181
101281
403812
-371187
444886
-190383
-877607
852312
241223
406174
-670809
783756
165076
997275
764381
-636585
667033
-819166
-72049
-953469
725122
-964462
-576524
-329898
976366
-98047
-486201
-772214
991838
571781
-47087
155518
-115750
896405
-317231
-196367
-134668
-18937
-271924
-215814
-305868
-127408
-513850
-209369
-265970
-797119
895629
-224572
-560173
156441
-849845
110526
-997238
-126886
-971085
461073
-735002
-491544
323533
-705497
852727
-623532
560754
-453461
809756
-585185
-781580
-464394
-362226
-78610
-919177
402066
404545
-242568
755946
-440547
-726309
399581
646426
-984026
407971
602923
-432273
-995310
-108619
927898
-135168
107979
311051
48333
-619102
769070
-613136
25091
252930
985420
47788
-871917
-20805
958050
731309
307495
750761
-311346
-578651
-71705
84754
288767
948626
370242
79197
-306801
695805
160541
905903
123583
115802
-716443
652820
524938
972535
-221563
-670567
997542
-974618
486313
-790529
-584246
-781903
553540
106998
-19615
338274
-286302
982909
-336708
-447857
148887
-140006
-599223
-931736
393370
-318557
-507256
-93217
-419793
65854
726185
186268
399281
-781598
780124
-750657
-92232
-946711
795345
-713950
28606
997674
-500302
431783
181067
940325
223673
-220351
813739
958984
583169
-122777
144487
493595
497007
449868
-298313
818371
325943
-186225
-119793
610016
929609
762614
85169
455225
995183
821721
-175396
-708807
-717136
491804
-494988
-270901
375515
-462595
884194
247993
959749
308623
-494850
790511
-890145
317213
-575779
692248
-625906
318625
-202061
83674
-378486
-427897
-902816
714032
125362
483783
993022
-775873
-658190
-427165
269473
181404
-497049
-251366
591823
-126261
356201
-592709
-908228
942324
52238
-9615
-273448
290056
422491
-216226
-191204
-877542
867121
384249
179133
-828665
-381792
634447
-457016
-353384
393059
130906
-70681
-423440
264798
-535400
-480837
-641409
67627
-93481
731617
-784179
-464405
656673
-979073
623692
-108432
-544341
-382139
-866378
815291
-608656
-879227
663591
716041
771187
-895117
-143119
-391359
165802
-362276
737059
824723
668793
795654
707939
678620
902674
683993
-24228
582044
-775228
512559
823746
411250
86134
935265
279449
933212
560248
-871385
962499
-321593
886086
12578
-27182
979906
-413081
666645
516673
673413
466290
-607434
750296
-863357
356224
372513
168767
-509652
913471
216497
-951047
-733077
633153
-331099
499946
23579
524879
-313170
-751470
-332314
861453
-943182
-296282
686012
955228
914294
-283613
-648671
-972939
-653872
295725
730814
81750
-598323
254334
32601
360382
461666
29866
261593
-743001
-95246
451974
390418
604694
-138710
-73139
-875883
893809
-443182
925648
-189835
94204
632925
-816107
566688
276572
142096
-459831
-247251
243610
992597
-457606
-501147
785841
-947532
955465
338859
-267570
68253
-340061
-255105
-591999
-125344
-547171
-697331
-564637
-326844
975685
286965
431652
443458
586776
101019
-363512
764722
642679
822426
-686427
-855241
-986365
669673
-205460
996050
250108
486525
923514
499626
-391961
-484537
449692
537566
303208
813355
-565895
253567
447812
605445
278028
772876
608262
939684
972264
-354750
-868942
-686150
446605
798338
672650
249853
719404
231423
693699
-537846
-65651
987387
360499
-172901
907394
323293
-885858
824952
-364461
963356
604980
679100
595913
309973
-739963
285121
440756
-703001
825717
281462
-484404
-638930
-894249
-987109
12986
-405938
-899691
770060
-952758
-58506
961743
621024
573852
-258398
-647130
-452420
-592848
-596557
-348185
-92110
678054
-268695
738218
293847
576479
-646152
-594854
-319912
-106254
487090
-406247
-288919
76878
305104
-362859
-319080
-495731
-396871
-264326
535884
429388
355985
611000
290276
-128030
160875
982176
862130
629633
377152
-152569
973065
3044
42019
-127642
53926
-291361
-105851
327829
-381550
-446501
-508355
761437
453502
709424
964354
963463
385494
382016
-255534
-952961
-621749
588993
-712514
369698
994161
-144783
-231948
793904
-531581
-539291
-769733
527818
723742
539996
773893
853854
-157869
738053
-561327
-303026
313287
631552
-222178
219375
507754
179264
-416937
-290467
310434
-817259
-493097
893476
-973260
-514713
665504
906543
290118
198163
-106432
-647773
759912
944320
-923458
236527
-60497
-228591
-610624
-520477
430040
-307665
-330703
-826298
-36628
-11573
-763032
158838
784592
-976344
-345926
-959065
111074
-943773
-971833
920519
7914
990816
962275
-387012
-32434
-782340
-401452
-29127
121065
192791
-902735
-573607
567209
-398503
-134939
500383
281306
-727845
517912
798977
-793258
184786
182544
-153687
427421
-59652
-90770
604340
702079
645796
811078
-284889
-983307
687606
-340046
-764879
740556
115187
495429
-248066
-385861
40006
-556238
439347
393421
601952
119974
-373665
-923742
-564945
737047
-162048
-520467
-255151
790600
-325476
-861077
223646
-594945
755130
59893
-468382
-750070
-589185
145198
-147070
33975
-631682
270604
958619
625539
-495507
-857054
-780848
306940
-727128
-709464
-985775
703436
-248585
159178
417843
831393
-778840
-780652
765327
-638078
-776839
-672801
440061
969489
-418438
267579
-207491
-488454
-730220
46457
-714910
744225
774267
-173394
-793617
-708787
-480976
-741909
-120621
784076
-782237
639693
101229
-802736
555648
667084
919364
-871907
893480
322004
-442261
-773122
-967787
788483
674304
625257
-619603
656224
105642
838033
771090
-869335
997636
281797
848996
-383270
-412093
-886960
704072
-249165
3655
-128416
-835131
590024
932411
426183
794992
-961213
-357903
819076
537644
766818
-787574
893490
-105264
894619
998203
155930
796312
-71745
-729796
-714460
-699138
-687557
-939178
214575
770656
163888
311192
-313951
-100137
-10818
-512080
413887
6564
-863818
-587888
733749
862862
-696491
6382
-98857
-137578
416751
183191
547248
174653
-806185
753565
451083
975990
-157754
-935919
405854
558590
480060
-114235
-514389
-666882
77935
-531570
901663
129307
-123925
778822
997881
-748881
-317322
-493498
-100660
334643
-263344
-224316
-110430
506935
-184167
-476323
153278
-5019
796249
87006
-256746
742285
-806904
-640585
944765
566650
-670501
432386
-792237
-600893
349801
676788
165752
413747
-255337
-420623
628985
-294391
321240
-117269
-456077
-942008
-609421
-152657
-409082
-930269
-104370
-204828
-159022
-490975
941838
131824
528058
836254
428840
324575
481187
-520863
-819229
652734
698793
959454
999079
-443940
938391
267026
-99788
275708
9584
504022
-644516
28309
481037
588748
710559
-875693
233440
706759
810678
-995054
74847
-296158
939219
-923668
367908
321281
371980
122523
361071
-122390
801613
-582066
-649237
-297566
-540308
331643
-861200
585145
-674151
437033
965427
-864398
627565
-319839
-819431
-149113
581120
832380
-894324
591578
855802
-391723
446242
-256839
-164931
-657519
524214
-623439
-762149
-571304
-949412
710052
-293785
-441983
-726446
37889
-676443
437836
-699512
713650
-486484
-358878
820970
-472749
737748
777211
-2925
-458273
847944
-69935
-443203
155588
-964958
-508801
-153868
433748
758564
429615
-967472
19485
569502
-212097
-165309
548217
394680
-477057
-923075
-319686
538216
383197
239024
733561
891434
-462112
-490402
-702124
-372859
602130
-916509
-501311
-691962
-947699
-244230
-472700
-829537
358431
285084
-563955
236247
663183
775266
668694
568055
-461585
-414467
706910
14771
-669769
634418
-327512
-508579
-974458
884403
-844225
-919915
-834669
182767
-755310
-732347
-315216
119415
150264
-763616
-674692
-171156
656276
678319
599339
-524018
117061
337449
-155632
-594259
-898964
-70286
-21296
-748074
-68328
-192960
-194610
287720
200253
-353538
-596647
198672
284388
434129
784126
-811777
107730
640935
-719246
68293
-25890
-344309
-108498
-242124
-637064
-475260
518264
577769
-420829
-720236
822162
282233
732524
569071
7033
-171760
846136
-444873
784467
907420
692945
579679
674827
807647
173262
-643582
522113
-909307
-438552
-70780
924027
185066
-131612
761365
871577
-184855
-952077
-229764
-984771
-830720
156132
388774
-884601
426193
-142475
-936213
-899545
180830
966933
90131
-441921
398480
-254431
291931
340359
850319
497476
850657
-628915
933081
473300
859311
-84727
389943
16720
-812765
110268
984252
653164
-975118
93620
823432
-236330
558038
646615
-395620
708734
-944855
864969
-486557
-718662
529000
674154
25724
120412
5774
-216164
-350009
-256144
-699449
977312
-525818
31439
-131926
927821
796370
-595419
406452
625726
933152
763607
708597
-192325
-665061
-887119
-899878
805659
-945548
-472625
532835
-318375
-48079
-15096
689030
562768
236224
-975441
-484349
-571205
670880
-715025
27280
-903984
254733
-720286
76428
-832801
600562
-6457
-985612
-630049
-494523
-478012
-127261
758860
-677646
731799
-327146
637241
125957
-800704
-354953
802311
-513751
296674
490408
423752
802067
867239
-752057
684858
-704443
-680661
704686
-638981
-317616
446384
-315656
-325536
7886
-116541
34120
-137951
-254991
239438
-552931
-715839
-19143
941746
811782
-760086
908737
537384
-731322
-184908
-143951
784082
-359437
-825391
856346
61587
-286560
-927668
116614
741547
-464344
-736163
-837007
944410
485101
148917
293569
-403523
-847507
-12299
780359
-446780
446893
615416
263892
509227
-712065
-929829
162615
76019
314450
-468869
740962
481439
-906506
-35319
703150
-790244
318461
65057
861273
-763628
575438
123491
335253
-940773
136518
-987607
-778136
-326392
126554
-903002
607266
310103
624981
-209787
917269
-227574
289426
453413
-522767
-379133
-664379
262601
578227
736853
103607
-985241
614155
-576222
-627861
-931416
359669
-811429
-756791
906924
-104670
-765544
662612
-617877
-389280
-52058
-830761
-479404
962288
-854237
317191
202394
609370
356584
215819
292551
-902877
60551
-411592
-992525
-898063
914231
515376
166320
90706
-114549
459519
-537771
943628
-893980
482685
655694
-606991
413434
636864
179683
-88424
-580987
-134957
947282
774820
-377785
606605
-127793
-987629
-301089
362849
-901598
-377616
-196029
623693
63751
648951
57449
-340494
647173
162677
-97416
807865
247114
632065
403167
-837627
672636
-847081
92863
-314434
656510
684841
-544150
-4683
786421
958191
545803
-953301
-216590
549885
-309446
-249814
623166
914988
-445283
-241896
-745793
437029
960579
-205418
-437621
462611
-655927
-565772
631990
890565
318872
-635921
-705884
-368124
-593798
-381299
-344776
-265021
-951604
-891348
-384952
154317
-876339
141171
-811045
104778
-405160
-868167
967006
539409
-705489
849610
-227187
-809871
-923228
393231
-257273
903380
235129
915836
895988
563776
275954
-311878
64213
929049
292845
-279675
-935551
-348154
893137
872381
-532761
461141
575765
975599
-39136
664742
266805
-662505
285629
940380
-412677
-335092
-575120
35398
-745282
-351790
86637
353135
992548
-939917
-55716
-471902
-524337
392154
-676309
572109
-203153
865873
-704833
171169
-858049
873830
936623
68440
-764923
-124566
-407834
-6642
917590
499429
-688148
-20130
971395
439145
-958051
-265792
340382
946423
152204
-738378
332352
-380653
758477
-167447
-432219
337042
514105
129656
-704481
-309053
-842434
-618113
-45363
-965642
511882
-315993
977176
956768
778699
-43776
456489
-914940
-521220
-725957
879264
891829
-911460
-347940
-22989
366921
956896
-511812
535308
360711
-58405
694080
185702
-756419
135207
-962416
177077
-941218
-900329
-394895
-262601
898599
981570
215465
-992468
-789444
300393
-965546
-688620
-57184
506138
-114522
-857324
979961
-291169
-543741
-557788
83572
522974
-429236
493676
-816628
-850684
588002
701412
-351165
707342
106523
483060
318833
148482
-609704
686760
-632932
393779
-115347
859120
591798
781981
-157019
-491893
-416467
-115279
-331989
779325
700794
965650
749867
-703955
-422980
903045
15513
-852684
274680
-687068
-612791
-161378
441434
771719
845836
377835
-738
21482
712615
-290349
958307
635234
-837188
724192
-171319
-148954
969437
670705
47358
-174223
-655277
-724567
95278
-503681
863403
728139
-509746
766014
713238
913547
254646
254145
-719430
-899376
44361
-48440
-646413
-383441
-216635
-894903
26341
-872056
-633187
591274
181175
-569470
521954
-587694
729327
978597
-10869
-128173
762394
-414584
653322
-313724
-193231
-473625
582638
171018
811949
-626250
330921
772673
-663483
939760
795944
-260460
491854
-662344
989741
206051
375426
488063
782
-98294
-103702
-188650
436707
-941812
812679
324007
653454
725990
631646
-941757
972133
428643
-967947
-418874
-390946
-807254
-841692
-542946
-202643
-194055
501634
-602164
52970
-719528
418826
-224587
-941523
486666
-934024
-566283
329103
866388
-832945
545061
23088
533768
-373785
-308619
75826
-277143
-788720
717545
-564865
899375
800902
952411
-871749
-707592
454780
-180629
-481190
-931971
-871278
840236
-193412
-973771
-906070
-73469
62996
117158
554053
693753
195863
-587821
-284543
429461
-330207
-339303
-212893
645826
371071
-187799
315976
-79619
269209
-536295
-576986
326488
-861462
39472
-801123
43025
-625477
945916
-564125
684066
887876
165371
-866108
471109
-186782
718126
315163
848941
366448
-667849
84309
-766596
390370
-632537
-222680
-644658
-224907
20460
728215
499679
-71725
792824
577720
-400262
-631007
610083
509856
-174452
816351
-246025
915875
-819999
-321166
633336
-336061
-693312
-185426
599081
4043
-574040
-38507
220248
-838260
108236
52653
-536229
910173
-806590
-379827
742412
579274
546048
222666
-75440
-319643
120762
615185
-145850
-625474
-415239
-926749
468357
-38314
357987
-973662
410693
642935
119738
634212
194528
-49519
-723130
-414692
651362
427321
-22594
814772
-946218
-224233
599521
895912
-954583
229482
-938256
538582
429161
531160
235465
-919077
959670
-997146
870387
697258
729402
817766
94264
61628
-922407
-866184
703079
101240
632046
496086
-701715
-342001
568814
-171598
-61713
-899506
132470
329210
909673
283183
-334242
366052
-122882
280663
918848
25382
-185099
120151
642396
-995662
276597
386585
-760188
804512
-108546
-141772
134582
888723
-594487
-403018
739268
122604
29441
-647642
-722406
713211
-356089
-221197
-69010
995991
579010
-566867
293749
-263657
868691
343170
-78736
-694784
-978188
872006
944168
824811
22701
-787840
19479
827683
-712437
209284
-684922
-442291
223766
-604528
-516210
899354
-399760
-5035
-830811
-618785
151574
797331
-371266
-64707
-39768
977026
-445981
394936
188041
-967193
797584
818004
-165696
677181
-973269
814656
-174515
775150
-740668
-86671
-524450
742280
-713032
521331
664372
68747
-702445
126165
-490850
-726436
-896515
436868
792277
425111
78223
-881397
-108214
574615
-245974
-4433
-264212
331950
300627
-131665
153512
-703781
-989956
802085
-574016
-353366
-592403
833301
66723
904528
149038
-774948
241872
456477
398028
-882385
-215044
-969307
-1914
-977348
-711627
-971682
-416844
-509952
-41829
488574
248837
19318
12584
-222014
178725
372565
-167881
-44809
64029
-366067
672795
647425
216063
18748
-424840
186130
-497431
294000
-26102
-346619
-851027
317046
977254
-566729
-988640
963409
-888666
-312114
-662583
204352
-325273
275660
895353
-120357
658422
3806
563739
-670618
-632798
-284159
-819122
444825
-954522
-230703
-568309
-990446
218972
553269
499691
-979689
705194
-28712
145831
281272
-814688
826908
351024
755234
-900420
723766
113464
659152
342295
141917
908529
-802978
25224
-947987
705327
-732472
-291643
-239155
833966
-640840
399769
-174134
-565509
516307
-427036
833335
-164297
-395742
257965
933793
-467151
554988
-228269
-897236
426135
-875464
-930476
270105
-979935
-810060
-711845
747041
-121924
358933
-280397
581510
-396174
539406
870127
175352
498871
-399471
131059
-779791
-431079
455930
-194287
-37356
-452278
805200
-127698
-666405
-378913
-823731
352337
-752663
699167
-263792
788217
663118
731367
-115019
906323
-530370
-891839
373371
-541900
-969361
633813
349061
-27010
-93647
-680421
-645558
114126
834118
479497
377298
920970
-615304
-160303
64624
-456453
-460540
-47169
832764
-59571
271185
462482
678
-740920
958580
-942413
-120131
529219
669805
531020
-433017
-152391
-376551
118603
178553
-432134
-117435
-536916
677367
271887
-826190
617556
-572654
535612
-271627
-791036
222664
-725053
-152479
522841
-460837
-310623
-135770
-670898
-814474
-700080
340345
632952
-24372
-557657
340193
940228
991423
-789713
-983772
414510
-552909
440233
982122
930164
839601
217237
-337449
246257
-444077
-859171
29045
-74917
-835080
-748572
146826
-320000
-525517
-370327
-848888
991582
-441932
-675080
341711
243784
-49255
-22059
-18204
670936
311526
-568286
-117783
572176
-66622
673476
34801
-33031
387300
-809575
220424
751539
-705595
-758471
442357
558903
-694652
127487
-302547
-502063
-982932
575845
-501191
491903
-26163
-899266
61238
325621
-984421
-479757
-128303
479641
466332
148640
-935336
-825369
-202416
-376300
176469
309513
-841915
-339795
721917
159810
-562356
765838
977923
724311
-43592
311980
-282750
102301
-312554
9892
-667139
362012
-787601
84919
514049
-835647
691736
-944610
359745
-796497
537711
-980345
-964339
244483
-741910
738332
-868041
228144
-484722
409914
570478
-429854
946269
-241082
625031
31370
990632
-176326
-830007
65304
165856
131048
-936256
-111601
74265
-569512
896906
404692
-162750
743046
-234388
-886088
-254576
-449314
13056
-141028
-873097
446334
-457017
-897413
-942962
853860
895808
65604
306652
-11862
825866
-380013
-251928
735440
-507943
-369044
867836
-891988
339449
-361781
-832830
-600248
-290571
234203
181677
161332
-167186
670641
-414404
-450540
-88638
-42989
-817842
-371349
-944729
-585015
-965405
-324468
-358241
319353
945618
401370
977632
492772
-36383
-60425
899405
535190
-25689
-316630
122668
309277
-498870
-866430
637256
749430
-211809
-181599
-650203
792626
444655
-185096
-815867
-389027
-503155
657406
-436032
891125
-735719
-254533
117564
-716361
-984120
655528
-93681
-960611
812170
-602335
943685
-883674
777149
281290
-581042
823084
554008
511711
-666494
273610
826579
285514
-7957
-625344
-774928
913746
-545489
-685322
675525
-624214
938852
-877050
-767337
9588
585884
675178
810201
-180040
-145411
268592
515092
-18298
-868573
-203549
422658
44049
-390084
857426
-909714
-270032
-575891
-461476
-839821
823147
363271
-262349
-968298
-259663
863539
855306
-205860
480722
388152
-358626
58430
-832075
-882981
894076
-45264
434824
-88614
42215
-318151
-639202
974598
-887039
173721
-462060
-9280
-627292
-14997
800674
500871
-87738
386884
-29929
-206249
657623
998992
-726311
948669
-148308
-160355
828816
-812477
-679608
213372
90635
339992
-292783
-288006
647222
439120
992827
946194
604686
-63375
-791187
311746
-264795
222303
-133899
-827476
442923
-933336
-654944
-882450
-399308
-171047
-688806
377229
939532
777314
706237
-479928
-866791
-535536
804709
-765542
903185
348751
258836
-607080
-45881
544550
948978
-569814
-310098
153014
-551247
358903
-75808
163193
-896531
431251
705256
-476760
-2526
597939
-13563
427375
-613906
591871
-798039
-119983
-976124
-819725
-570655
390138
-676828
-408142
972954
-707254
-854251
-241944
-217219
75336
-861434
100956
148499
-26145
-269623
981874
-967713
287707
18632
-613706
195301
-508204
-633809
375944
674186
-99895
-449913
493927
-835854
326229
-601468
63496
-940849
303827
-597921
-358434
-771497
374734
140964
-145584
-48957
251452
757123
-340670
358594
689522
-61355
-951671
961319
-94365
83190
480611
265778
-695467
2527
-636528
53644
-69919
322137
570853
756204
274570
-468585
-85886
-394170
999115
296507
-947663
-503420
-656857
-546029
-624529
923100
-539999
968711
-530192
-523536
115336
776749
-326527
625781
17192
234156
-164617
359942
-431219
-890423
551564
-917236
852369
222057
-417258
-352477
113030
444189
-737240
136105
116894
-245900
-275768
-37642
-521913
193572
485079
10579
66608
-968205
-957666
19609
818856
455643
224194
-185848
984575
257530
-860033
-587542
-806291
666291
798689
398714
424125
-205816
-34805
-477253
830183
983601
-567108
-718558
94480
-565219
-943928
302436
797575
-986714
998673
-17005
496562
543295
-888460
491722
884323
-557365
498499
-569882
93270
-417719
450154
-311258
-3004
253371
-490169
511127
340499
555810
178245
-129119
181528
-225820
-86989
586782
289626
951082
-860530
-127191
626401
-731900
768070
-151090
-257921
-660919
-610303
247096
-938661
884127
-66713
-157396
918831
54296
90774
518436
738255
872474
-375993
-230804
254934
286196
6729
-156197
202529
-873690
529853
11658
33305
880937
702206
-671466
646952
435070
918196
822687
952775
-176574
915427
799553
642847
11940
-954833
972613
-617502
-341127
472764
-451991
709682
823866
825037
-525925
140689
-905364
-967900
148635
476768
396294
861097
719443
-859031
28677
-77722
639512
317336
-615305
-83220
-342272
-469589
-958468
405728
744079
-3959
-954563
56700
-446371
949555
165654
-516256
596862
846700
-174158
66457
-100468
253594
9985
54777
-596024
584482
244508
-636791
477855
-753603
-195512
-698608
-738393
736764
-500916
133163
-917740
-321119
-346900
604610
311235
-782301
-371100
825638
21506
-700572
521163
104304
260865
736907
-659707
88121
-966811
-252299
546836
682423
-544290
150326
-665213
327494
-359577
866042
143370
-839524
-92998
-305068
-451995
485978
-15923
-990220
35773
188786
89260
560569
35106
-503601
973072
-714590
555999
-612716
-383701
711174
240155
939796
-65362
-591193
491765
-460205
288011
887824
-902695
-320244
435012
-70662
-170964
-310298
-30254
554038
31085
345744
-945222
-683555
537854
814659
907187
-676796
453038
354245
278949
529594
-466226
-900397
-705550
79606
-715124
-613036
247893
425259
307529
-559995
704507
-197577
222870
-447372
956250
620103
593464
864401
302721
315471
989368
355169
828140
646206
120972
35205
-857198
-137642
-883824
-310307
-683922
-635973
-740255
-138168
-447847
-195230
496130
-397906
-795614
250693
-35287
-307043
-748986
-802682
994020
-754929
-305451
-128766
115634
472828
650613
-865059
251218
-161190
-647726
-968004
761368
-188632
798110
653231
-555031
-479232
21772
834895
167468
31359
90652
664651
-792951
799639
460933
-691223
-795074
295756
-18278
877220
-758736
836813
439025
-21241
19597
627716
34423
-42359
364695
908537
202632
-462093
15154
857660
-549009
-21734
992382
-444817
589981
-9460
-563633
312338
-374418
40550
131465
515946
766461
-200650
877886
428030
-28358
-706519
679072
-513366
-636540
-469782
-474741
-741085
-515195
148228
90916
-419582
-738961
224293
275494
569761
-11241
-184554
743987
-320637
407583
-125766
775404
526576
-496335
-412704
-400770
193456
-416731
686686
-110783
-317741
-605864
-236444
-614182
618381
-34510
-913735
-299085
-940896
484993
423928
639220
60017
-49374
439593
-97331
-899822
315817
-443081
-886081
220364
-727003
-853238
790062
-686383
761153
861655
-262975
463714
-475752
929601
337414
843474
-517407
574223
80297
839201
140602
-514353
625603
435019
-617028
-235632
-428666
-37253
-475975
939865
-614305
-48359
702008
649207
609927
-773092
511137
-132823
733484
-355479
-670318
474657
-340521
409645
380440
-607706
213391
-721797
-668655
-337035
7588
-690910
-866603
-32306
-719570
-803273
774411
946341
167992
222726
-701705
-451062
591062
-228543
668822
-490272
-514686
-67596
172775
-952891
733087
885913
-724742
-550511
-229097
282810
-428152
282358
381197
74879
-636578
891663
-41500
-300576
94831
768097
-250631
-189162
-296180
-409916
240610
-127933
264665
-4657
239703
-18338
-320530
-242311
706118
260007
-52445
510804
-364961
664114
-772252
454905
-193943
969579
-199996
213532
-745993
-519130
748734
674471
415279
515244
-482797
577126
-142474
21232
-370294
192772
-313243
-259638
-118535
-511039
-990879
-608508
502704
-346913
196038
781657
-26272
-807051
-513916
-315734
-918940
614110
-884362
656185
-120241
810916
452997
-705625
-283816
128603
538176
118548
-265748
998124
-800560
783322
-666724
945567
-507843
-42383
551336
655699
-623945
-829862
222588
-414116
542355
-6816
-759349
-499984
-591502
-856432
-982943
763932
-127753
-449707
47039
-7813
555253
-994307
-978342
898086
-782632
-674952
614885
360672
-898142
-796176
-877764
275593
859757
-84040
-582843
-742598
334516
-433534
869963
123369
699241
58120
-153299
172693
-927658
-685154
-311025
-789754
-765330
-307186
533659
-759988
440255
-257526
389432
490042
-822294
-37520
355117
-563852
990471
-31357
543847
129816
495002
188562
-490089
36684
-810851
833490
272453
-410877
462563
431772
-689692
-203194
-901687
-81200
-209534
168182
-884328
637012
847847
88040
295983
977943
321397
-857584
976130
-132822
-369693
-851752
551396
842661
-923922
565922
-27548
381130
435511
-354406
-233525
960599
-388168
-173388
-322152
873064
-97602
-144635
-561235
719062
-938847
766259
898899
473510
-614061
440127
469600
571126
196948
234303
30620
57408
349092
-756059
-406332
902915
-997822
-948979
481280
-789776
574209
-837601
-340637
-227508
-925786
-571422
-709756
544126
81068
601806
505370
-21326
-676371
234085
663601
476636
355974
803127
615428
260027
-634632
-630310
-780551
250417
-227397
-130097
-279075
987983
779016
-842130
959102
-733128
414434
553055
407386
-503084
925226
183471
-119696
798035
897565
-413786
-247992
187635
-715691
-189489
-914146
260926
-697913
827022
-999477
230215
651519
-159910
-29762
679853
-87278
104526
878714
-878883
249434
882857
-388611
-436518
-595647
-582955
788320
-864102
-767013
-408289
679416
-579011
771840
-21290
809127
116701
-631415
341751
-569462
-699956
-702513
-340073
979221
703363
760868
295572
780199
-967591
267526
-421964
630946
-851831
778510
-197193
-984140
884962
502329
-983790
-870584
443560
-375260
-967438
-754523
-642647
915091
-478139
-171690
103952
664653
529746
-621108
319294
23185
-295901
-300134
-505187
304844
-342442
-981492
375367
-572946
-91454
-825379
-154641
176176
339457
338756
-795812
173449
-304265
-981137
577692
305116
-616513
-832433
191571
637958
436147
-67486
-917653
827267
861992
356797
126021
566281
-950867
627206
-62226
522768
176325
755017
-479820
559976
353076
893466
345119
510676
484595
-364421
-116474
190161
-970882
-338681
-735102
179080
-501013
-435161
-900443
-723600
-832049
530624
265813
374019
-629927
740185
-379745
-98055
-565051
-692343
-502260
-314158
851492
-42761
-184836
467337
746423
-528604
179114
-943003
971524
-375129
-307593
716065
525548
299351
798419
-291322
-462152
-759967
-867606
-588888
-899399
93287
-233965
28539
-254071
657052
523929
-287671
692410
441433
984792
703554
311026
-373181
-651906
434575
-334796
-441871
310347
319830
-112828
-568869
628954
-878565
-500211
-763251
-5970
-470107
-866175
732749
138260
837766
-902968
668867
284967
34071
677890
-582916
370156
691565
816646
-832070
-148405
-467327
877537
776480
-947057
-604132
209833
452804
396369
689724
163615
389645
-886635
-975308
-700151
-508469
211305
882420
325694
-344409
-86515
895903
153166
-121350
742137
-751554
-543503
886336
-683339
316162
-264448
-66524
-127202
-94374
451973
858445
126156
874453
822210
362076
67891
333463
121373
64080
739048
265182
595556
-139207
522792
980114
-669227
42442
259612
-756666
216722
319779
-682450
-764312
-568766
-202700
943239
249853
-140889
817763
-958847
-102742
-46369
121085
404801
839139
-875898
99756
683036
-392030
-245834
184595
-824482
386620
402259
-230798
463253
891746
-429580
-748230
-173343
306564
396193
-437041
984168
541502
130242
-144877
963280
-386718
284678
552808
751609
272246
-977375
793053
-51453
196954
-447053
901223
-474134
437764
-290302
-414697
219899
490144
-952936
-370567
293070
36430
403850
602176
-664704
733156
-229153
-805263
-130782
-92253
271070
-556143
194183
-65766
955270
-109299
-341673
193511
-957272
-318139
-888202
961104
620036
-82805
838133
334453
-71030
-241828
-647518
246446
-575860
959682
648870
-515293
595716
1070
490486
410842
-336385
-751969
98324
595449
798912
188328
-179958
-312583
262957
494973
-643668
454866
780679
286425
-801263
949868
-27105
801437
383039
592081
-22682
-710483
135586
-196957
679870
-967435
931921
-60070
315364
-830363
-582475
304126
247487
193351
484669
-264469
903079
822787
637702
-824621
829682
840632
361726
129833
-334025
434712
-401439
210184
-40290
-686349
43296
-249471
-482106
586330
881467
-791771
-613793
-179767
-510754
-267234
-732247
62197
-116187
973917
-731499
861544
424900
-40868
777166
533779
615021
-686176
-16856
-641636
739768
939386
897544
-576873
-506065
546794
-963315
-911174
775132
-110763
-265056
465980
644230
727886
77835
-894157
128738
-313895
986830
212957
-926518
179533
543178
328109
-516435
-321335
398626
657267
478686
-181408
-848619
-236713
-800394
230001
363660
249004
91409
431686
-160279
965437
-593485
525937
-997593
265319
970700
-430624
596205
-537243
-342313
-158681
-478867
736375
-815637
-691434
77831
224877
181637
-111930
884278
594557
377807
118708
217761
969614
-992251
448116
-762481
201094
357142
-312952
449282
110846
873823
-512284
399168
-637374
-399300
181213
-184662
369179
-35642
-493561
830229
252966
481349
-660619
170125
920872
69220
46403
186502
80742
-43242
-901365
-271526
729003
-304953
576008
-746751
919331
-601100
776481
432616
113073
-723845
608633
402097
-88549
-850254
-406506
-631602
-317716
-436129
826823
-163887
272311
243134
504667
-504737
-3121
-446735
-65708
943102
885377
-945331
127944
799646
-256257
-668246
-354868
855402
-309242
-251937
887779
-583173
-122142
-333807
-809317
612880
-526204
-615921
464413
-712620
-998817
55309
-865594
-800804
-201898
-703672
152293
510665
525551
-269143
-12968
-732134
-469102
340086
929434
665533
-471354
-383217
-670161
-688782
-826930
-960553
-627979
290866
-582918
-444598
641113
-879712
224415
668612
563337
-758217
-125193
-117916
981739
-620970
-456926
-109814
-447291
675462
375695
-973396
125167
750973
-361496
-847425
-337759
788114
-311228
926127
-314291
63172
-494109
61665
-454786
78288
-746676
-661052
544168
1834
-416011
-395552
-401976
599461
-111013
-532748
-981029
189388
481706
-350675
-813352
857676
-141437
-508441
-7262
298930
-256813
-368289
917427
440030
-228539
309620
131460
-238074
473754
831793
-445908
819521
-151590
-16506
166877
-929217
-710363
-725571
374018
639362
385900
-100264
590953
149102
423397
-190461
-756404
604245
-978846
951035
-482979
157997
205555
677448
-78113
814177
-212632
860290
465729
721518
-340
-997479
654951
-740328
251987
793778
-193393
-177947
-663870
881872
-931680
-88183
999181
-146494
840203
-827822
-136479
879833
-224118
-193789
-202497
-824893
-37910
375957
364819
782136
77190
725735
-214527
-351718
-137529
332950
89079
-314583
265855
776380
-318224
-829534
-840100
32465
-880255
-620820
-679293
-592187
-418973
-914170
133035
335873
-852275
8416
-974985
222158
-541068
-605501
-956124
-98622
-50336
-213424
-947134
292472
934733
562451
787067
-835772
463829
527282
291717
-363228
865365
236737
-485706
-857806
432391
-54801
-108964
-777531
816588
-844902
687547
239607
-232151
-93668
-829835
-444977
-170090
-481244
690504
885275
372888
-993108
-303100
976434
-518433
-924885
-357937
-931944
-78171
-621160
-135287
-873522
432451
-402918
-917934
-470872
907346
714392
769913
226350
-32599
241742
761179
-482149
-968784
-711830
570418
210940
-219884
501508
-705360
-189449
661469
-993002
716492
-292760
-927341
-966412
661364
-153830
-76220
670172
773644
-898623
-27435
-668465
-686969
-495716
-807254
-711447
560937
505489
691349
-411970
842768
-981756
-21392
818962
934401
438015
-895157
892771
899790
-934
-980752
-404345
-41408
271400
950987
-217610
-449046
-719901
781285
573399
289804
-848487
-778392
231900
-17895
-40653
-122081
482318
-939200
713119
-965590
412460
830345
-443325
346955
306125
-492749
-642793
-170138
973923
989344
385847
739187
-473697
80104
-346168
-568730
-887599
630399
-123500
852213
169372
-583876
288024
-55120
-969169
796420
-652251
56746
352683
266515
36889
-37599
-976869
-707532
-484562
194249
-560574
307153
-272998
964276
-707107
878586
-123680
-735834
284142
267865
419304
-325739
-108969
-85931
397927
-336548
-101955
-774027
685539
-948477
515728
88458
-938320
-796641
-813505
326719
-785152
393932
-51500
-891972
-591473
-539464
193419
940265
530050
-226981
-756592
425033
-335748
882862
-539726
-776735
-981221
-210840
-213022
289167
-932989
989653
-194285
-851328
-891426
-612891
763707
862129
778475
-850557
-42116
907950
505061
-271594
296326
634911
610156
873139
-862446
616264
43881
-703712
-860793
942502
706463
411276
175094
952358
-543466
425281
-265927
511388
284951
873673
-198106
-891548
-32408
-769388
126291
520113
-429639
429109
347145
105492
-546443
-175981
-532351
-316653
855880
80201
51938
-696211
663034
-278601
400598
-533710
798523
759171
780907
-359677
156712
186425
212254
994733
348337
-564641
91141
-690430
-602425
-830954
-192816
490265
-552485
-485449
-254978
85575
800150
-646529
-263139
-900465
643885
141636
528400
831356
957120
-443084
92645
-783523
-314887
627478
417136
-375267
-945823
-421522
-306698
402711
-841122
-922534
-284808
133100
946121
-995306
540046
-606053
-121562
-372217
-726613
-736459
-974639
441694
733660
-295942
962394
-927559
-432173
103510
-25446
977795
-105202
769353
624554
466168
914273
21008
245621
956031
-163353
217660
-91870
117419
217410
959896
-660269
-641040
-954927
-429954
688523
216157
741681
-795045
611294
-238741
-265561
-467449
-846139
250758
-179806
740085
-58839
659524
-881182
-715550
765371
971703
-740587
-727073
754837
-499107
-728272
-526630
-949660
498081
-364356
-812341
718728
-390718
296313
-244886
664562
734246
525694
666673
-150662
-181842
946268
560813
-716357
-555471
-783359
-487713
710516
-344136
931510
188316
136598
-503874
-40865
638439
353770
848284
137130
-743575
-967271
866255
335667
360519
335673
-253562
607027
-234283
380339
71092
410519
540521
110601
-353542
-906805
584709
794517
-315775
-118517
145038
954781
569137
-627109
-552461
-913618
176127
-474646
-679565
-472409
586712
608977
-376072
729888
-110084
-59839
760388
439788
-665662
-686120
-950931
-693428
176780
681626
-398791
187202
-33803
-377089
-77445
506110
-754356
-532988
103674
929724
-786555
79713
-836643
148684
-996808
796576
-557661
-537166
-583031
320175
-260491
-963197
452666
369139
-614515
-701276
878554
590527
443274
873606
274162
-869736
824448
919004
446950
364744
918555
-169491
-586923
224186
-415633
-117175
-425069
731703
556892
-256675
-63856
188880
27776
382215
-757111
420708
-947358
280789
-602444
856526
-823251
-809403
443682
111774
-173007
92541
704596
320273
-630538
284669
-487475
-863533
205638
995345
766174
-382193
-637439
-88387
-621231
-872545
693999
597582
945008
208265
771037
181890
855561
271749
-592241
-511342
-582584
496420
765086
-646026
851538
652321
-991474
-804811
418473
170400
-943939
-407845
-215418
384696
-600778
117800
-736757
-832073
-681868
-802016
-858210
172523
-555660
-678952
-995418
273813
-280476
-61299
356587
822869
-860988
-391332
559359
127526
-289523
-801794
365474
948030
-95543
-575104
-319697
68512
-438975
707762
395104
951359
-537154
-186999
841664
459967
834221
-252728
-441800
210186
-760260
967279
331788
-760948
701563
862028
-892074
25050
525686
81249
-231039
392419
-807903
476294
-645406
-900263
697300
220149
-927130
371841
-143036
482241
-310551
14288
622534
-350736
646137
-943248
-183686
976560
728326
-547424
470883
390795
411939
-874128
317295
225190
854917
-732839
-846458
128635
-164571
485164
-486964
75706
333154
-758979
533588
942326
-909303
538376
-892382
-817491
264438
-639312
-457434
600365
775238
-816755
330995
-215065
-531433
-503805
673689
-994901
-865845
-313130
-745649
-825309
645198
749608
212018
-504204
-992628
243523
49658
-24572
-115386
-148798
-493897
185609
634285
337653
693091
-947777
-269855
215957
183551
291729
632466
-499892
245824
-267513
-2199
-207870
723647
620004
-508471
-114399
-606431
-553009
-732271
-499749
496787
-445706
427821
50977
226182
-677604
661466
848106
138643
-792117
301213
-661424
89088
-763539
-514282
-506870
68000
-462552
340839
-332179
195774
-283527
-580936
-160080
-153282
464754
295190
570972
-733142
834036
-197929
-914328
-629923
642929
-237295
533154
-137211
-990569
-473028
-10580
372200
710110
-834991
-339182
565421
-4327
-376595
-932100
-589686
333207
-615284
-865278
7912
-321258
38154
-500440
-228622
319434
798417
-689680
483584
29724
466763
511447
457672
-296335
624224
214246
-580869
-87247
837572
-121875
821294
-186008
240514
79832
-218992
-337266
655134
-225309
-861625
883258
105180
981854
107492
43505
-602488
93180
171957
-237895
-787862
-593346
292996
-524484
-168038
222562
90142
409769
591163
-978157
-892221
883399
-926051
886101
624211
-801991
288859
-972964
-892922
-300583
498259
43279
471081
481134
-487796
552318
-47136
129618
-36376
100845
794321
-495405
548478
-743358
597185
221327
-74549
-10713
191641
-715715
-454235
914530
477867
-588278
237354
-361939
565401
111847
-664955
761005
-531985
850781
-994854
-82617
960134
840925
409925
-857950
619959
282032
932723
665064
654907
-727041
-879383
120625
417059
319149
514200
596553
4683
374232
-588886
234848
-551794
602060
956021
-158086
995832
-188444
779418
221894
-82584
-965922
607308
-933740
-60833
-577807
822992
112232
611514
878662
-616184
769174
619017
703336
-114042
-649292
-854137
355211
735989
592956
837777
233845
-267576
-179904
884029
575570
430368
257191
-199942
489701
-78029
114244
32310
-120668
-824092
-913189
927745
123275
-68205
563181
-958261
273238
-620973
4054
917717
-924913
181376
735871
-32861
401796
-479792
-776470
624339
-960021
524821
808887
-714179
-242907
992748
914139
378509
-393549
-433914
326297
414872
-233655
-794240
320989
769795
-631647
-572611
927772
-569846
-649284
311627
-662756
-52037
422156
-986922
-421047
-391240
-445244
-497345
612000
-763342
903363
-327917
-755222
689866
180900
-325490
-183308
-629995
-52537
-51094
129602
-179495
-505429
-773009
727516
343886
183612
-159715
-362953
295237
539584
394146
646738
-558359
754929
-77168
326179
-185760
-117729
-296548
271272
-322074
390241
45172
723963
-291140
-917666
836537
-839333
380728
293168
45613
-384466
825249
674670
-470600
-780347
450127
-157890
-827442
92113
-923788
67390
791538
-284931
-84390
-685798
-397450
-312296
-970011
-279932
-267637
-557989
-595715
-775018
565751
-598420
-710543
503135
795099
-612323
-888972
-77325
-216162
-856378
-268333
-491033
-104295
-168522
827405
-638870
887233
739237
431098
85953
885079
-834381
248485
-937166
505143
961747
-705274
-185367
423717
-10156
692261
27813
267266
-970246
-54352
-373067
-156593
562539
-926588
539720
-145696
-78916
801049
-606185
-403231
852404
-407961
171314
-300867
-229458
494810
81707
615608
771773
-710787
-317184
-19450
441126
-131419
507582
731415
963838
-215829
-79238
-781142
-913352
-681001
931803
778324
570702
524823
943368
-93505
520960
167298
179100
-222057
566660
-230985
-919647
812926
-822954
-747343
-1405
768469
-740042
-95007
725362
935051
-1672
-491829
229012
-641864
656179
-787264
109180
36233
333419
435651
816448
551954
-717064
146428
482691
719674
-722425
-644410
-604141
-80800
925821
425661
-514672
-563117
1100
-15842
497748
-823477
932459
-25095
-204963
-915730
363563
810265
-233522
-117715
-250737
61853
-35759
887488
-619639
-273491
678225
595897
-876433
660690
994241
684719
-358901
580534
434650
-624065
-448898
200530
-563589
62282
-271454
-757378
-583484
748240
136023
-911552
369460
-68939
864711
368631
711286
325448
799245
733549
620743
-797109
-360199
501926
-778732
-778932
-697802
70232
958292
829555
117789
-839074
-890202
239251
-378287
-602674
573678
-985371
803207
643681
-733502
-612231
285281
130346
-189890
887825
367565
413777
496362
475241
474078
549153
207855
-498528
-658140
-750740
835803
690782
81164
530274
222135
-246824
713825
628217
-515087
-315562
751776
-338126
627297
881846
496315
863266
774483
273660
-439977
-219275
-494089
-336149
-487311
507960
-283041
4669
-172859
-165237
82917
643801
-869746
481844
821510
-120523
177815
706103
126448
-391165
-272366
-35379
-457019
-252231
-392163
-666063
-883693
-591806
749906
-281137
-335339
749676
644331
-708582
-699440
440411
750941
-414630
-150499
-153291
916210
116101
500873
528701
834887
-164049
-16968
-921673
717833
-361695
410579
133268
497219
-653649
57391
-944636
-245487
-976228
566131
-33739
213703
-925214
537416
82628
-378651
-416415
838097
-439121
603170
651620
-168402
-327475
661992
150904
822387
-543198
-966268
553496
783928
-680593
598145
-578772
196587
-619750
746690
-451987
-310075
-936197
-1949
319737
-664389
-474011
382538
-430474
278518
559981
529167
592866
673508
123705
-366794
114474
-389723
608578
836226
-435427
-218334
-583555
727962
432156
-280041
-316632
-975383
-152284
209761
-45455
-695105
210632
-110467
-2619
-911469
818217
-653349
-354983
412713
860447
390360
-105232
-886275
-291848
-455636
-64065
615560
-550547
-841634
-722991
-445376
728203
436065
-27331
961221
-571104
-54611
195209
-357666
815289
315305
-289668
-189482
35341
-522000
-315768
-944528
713198
-314610
-94602
-59617
-361513
938097
-831985
946170
-265807
-299536
-56394
-177099
-967024
-996525
26043
25331
-186389
-44394
868344
431172
320446
390860
726293
-384926
-354134
-945185
556595
434156
-264541
-394484
430749
-530220
125036
-578622
-783764
738832
523837
-65702
307626
-18891
695760
328392
29312
-916334
-116307
-223130
584242
10588
273640
-16692
995983
-995902
419264
930911
-397493
588785
704962
413330
-691014
-66475
-112560
549914
252583
-558160
-340655
718092
-395231
870038
-742617
282387
-529093
-507354
659778
-733559
-85977
-709062
-23311
452218
333548
-46709
760540
983817
883513
72441
-293906
330007
784644
753612
761974
-224341
-867717
-364134
-187738
-100841
875304
-282745
895327
-626507
-111227
-619936
391064
854154
-359644
-433338
-400196
883766
522013
-870019
917249
-390115
-347226
-68514
-83446
-436977
599836
-422016
966103
956511
-599776
677707
-981820
916255
-434132
624223
-56523
964370
455680
254317
-673851
-19589
528108
-981617
977930
-27540
263635
524358
-989839
-369438
-989228
-376614
349141
896590
144981
-718496
376317
458300
-260705
353793
-700528
-937183
138625
-809862
224669
-689914
62931
34889
-111836
-820465
-830323
557536
-177444
-414572
561327
845492
614226
-986951
-346800
302187
-165232
27864
567277
818710
-117338
-169004
-414458
-818343
730483
-207597
481527
-102882
886426
305294
-742843
750738
-701653
-82233
-265752
-507744
84300
-597803
-900182
694076
342271
917054
780357
552969
-846536
-26995
-369080
238418
20583
699055
617172
-440417
478578
-734115
49832
-742522
865825
-479748
-988338
-126360
-524157
-593604
667961
-666921
-478384
-717681
-158753
-167705
761445
6621
-313419
976521
810975
431896
672021
131027
898519
874903
-304761
618579
598836
-302926
533481
-48613
-500551
854097
789485
807380
-557580
252587
-516791
553151
-907009
-327249
-858367
898909
614438
-663987
-668098
666766
-61639
490454
-602905
991484
-625202
-871825
247205
-78669
-488675
-78307
403537
625311
506765
-630032
960648
-295530
-844963
498974
-855973
-343999
930842
50709
-921502
-693857
619455
-706198
967368
780234
-653755
329285
-160889
-437045
-767497
-877145
-124689
-124555
-286503
925224
-433350
106103
-633327
-936703
861482
-4956
550079
-858659
817540
-659225
803582
-126296
316458
-581863
-425748
-410218
972516
359195
-676209
113638
744152
128433
-734024
556821
-767824
-709253
-386252
36529
-980248
413201
-958981
-860039
-732228
-165624
941975
869066
-750154
441363
553317
381358
998165
308488
-469092
-669123
-405933
-337754
-443493
666247
459249
-313836
-108049
-77468
-552391
89339
-724145
-755759
359296
817977
-394618
963356
-796577
-815260
-368840
-185979
88838
275992
459285
543374
-81266
47288
828031
-668191
65769
-830258
-201281
-318614
-989844
693540
-840436
613290
801339
726579
293396
687583
753493
-1860
-814854
-760450
678967
757457
766921
-945350
887312
-728974
-981511
697621
-104931
-190888
-305619
610664
-919763
203550
-370865
645297
-720716
-972327
962278
689270
207489
441470
388115
-789007
900554
-901276
365127
-511165
-566527
-603894
790361
-183456
165085
-474150
446767
801112
464944
159985
11135
574452
-732409
706952
703947
702486
-221980
348297
-641213
243664
686858
-699956
914950
-827049
-379596
-58137
-404946
-40943
699673
-948058
897092
341263
221115
478575
-523170
-546116
387642
265539
-571317
-15561
-215526
448390
250013
-237357
866570
-217635
-862285
-84277
-752828
-573927
264809
574998
609497
676292
-496472
176524
939861
103486
-109829
831775
-154430
-712251
38270
-120438
-440483
-652257
976328
-184789
14909
761340
-188012
49214
849963
256639
322197
901983
-708481
-325712
-494343
-481490
-847158
867512
-291092
83068
150376
-980936
-187122
-936921
-103969
-141085
-687246
-844001
551093
-875546
-905726
-713193
-419491
289546
579335
806391
-232777
-388356
-134813
-900334
-318388
-480351
464188
-196792
702939
876818
252236
811988
374350
779414
513762
784088
604509
-317901
-483270
300052
-332088
-38585
-458441
-582935
-477656
489042
778381
189598
-944254
88406
948431
-782026
-653256
-663023
-976651
949806
365071
-704486
-574302
-394454
-213014
-555774
555199
399074
-466312
301722
255238
979107
773735
396852
-743394
258956
449630
23467
-455317
177200
226784
-16275
749327
-840380
592788
-64549
-376669
-65107
-497396
778908
552551
399947
-861986
63006
-319853
-329708
-542058
-172173
-829210
-319544
-909327
-970137
-508239
854240
201963
-966489
291014
874451
693590
421009
-749204
-163521
-2510
-599255
-432888
-137462
969390
-447593
-296907
746541
-399335
-158049
647426
308118
-546399
-278328
-136730
-244659
-651565
843897
-136775
234048
-221187
-645910
-352720
22178
576150
-970999
308021
935159
-535524
149793
590976
361735
881396
-123219
-710902
432200
801876
487836
-532156
-962027
407850
179314
-342866
-420010
-380344
452586
80080
-822257
-684094
345969
-20880
-320694
-699301
433222
-774676
663481
707668
-138727
980276
333116
-353908
-841203
-686587
-568658
995516
-874488
669420
643105
18248
-446735
231885
791672
192019
-15332
477563
180566
-764775
-580470
-432196
117560
-599605
858851
-247317
-109714
87734
-531933
496552
-728546
376914
-670943
887709
345328
-743938
384302
862323
-677063
-240232
-910852
348059
871488
705185
14480
-656731
-54517
853766
-28059
876
531587
-227901
149697
-656497
679423
648114
524820
-950820
-354320
-267211
-886927
199979
181840
873760
647722
-858244
485814
483283
-577833
-659578
-710900
-942035
-348835
-433728
-133562
319974
-717515
-629301
-746452
-199032
-552366
255323
-700467
-381323
-78412
449162
-129531
80858
19850
104846
-669323
-838746
-126692
-807827
-545891
-428748
-475903
775712
448860
920617
14457
-782297
372872
-896584
624598
303689
-564080
-603018
177296
-558512
645924
-606514
776315
108521
426398
-902842
464801
-372545
239516
-89422
602229
787723
862519
-281979
649054
665952
-545323
613509
-180547
710882
286693
701881
47974
26299
-447064
-767268
961322
355321
649122
-218040
794131
932990
793910
-672457
871652
-773913
850448
245170
-632518
-794909
-999522
326069
-394863
448751
-790325
204359
361114
-866990
895980
276579
684152
809555
-646486
696737
-71769
-66414
278141
23550
-485970
759046
-575831
508672
-363931
-393346
-351294
746985
866987
28409
660438
-855831
-748871
-426189
-307358
696960
-18028
516175
948867
744531
145654
-539136
-941392
-298283
-425908
193089
-537775
92477
748722
-820155
382210
-123268
-22626
-430964
-212458
957168
-872839
-499526
-64541
-146101
-452163
646415
111233
144218
-702720
-729823
-740939
502610
193062
642639
-761954
154800
827801
75332
541803
654632
100088
912731
-913599
153462
251980
-597093
-87730
984234
324346
82747
-834954
-424994
834589
314868
909042
-503347
23699
-745204
933966
-783855
-585247
-254315
-330810
-993344
-997200
250245
651598
751785
115005
661067
730870
-244028
489706
-820941
568037
-68844
-753590
-754413
41342
471043
37334
-186543
669295
198919
-103070
988249
497
26689
-121714
-38396
-247165
27322
-42799
-963012
745076
23825
323415
339842
505618
854427
408507
-139869
89136
-55893
-340159
913335
-314382
-412929
-260558
-153770
-367529
-383831
808331
352452
-565137
855686
-736028
-928941
141716
-871964
427239
562255
136654
-598261
-400156
403180
831767
-675900
403849
547719
-910873
-381099
297942
-299579
-468979
274359
539435
844586
139229
-753036
201950
80223
-488087
485401
-17790
-871726
-824132
-226054
-218851
458119
-474829
851482
-426064
467668
-505897
520493
-31600
115741
529796
33136
-521964
780654
156844
-162310
257077
966712
830150
-733948
-829359
922507
250855
385174
93451
574016
-344515
-888798
-808231
-698770
-389253
-911294
-932646
-407135
-607293
125904
-783131
302581
497493
-779981
-798559
65127
-303110
382591
70399
202779
328229
565578
370021
-603863
-466632
-819414
782988
-993606
587978
-694853
-858622
-108553
144279
-621759
-598649
-992289
-852656
354853
-545771
390813
-354490
597310
-32685
-612935
78918
-34491
-934127
-775672
618319
-24373
-136824
-101908
484495
25994
-536060
-829653
-553091
-631925
924378
-288189
865567
-869162
-871137
-766517
-66705
-230085
487116
-110859
943982
-205305
341748
-308133
3060
248001
781100
549130
-862344
804327
997300
885083
-967149
807479
168250
687046
888239
772670
-998123
-158599
-884360
-320007
507102
-183537
191874
739911
-98013
-225829
-666211
188963
952080
-534078
-14561
-98759
918700
985725
3715
260170
21741
-12977
809402
781049
698422
325097
153789
-7083
-344139
-492669
95277
-899466
40000
726205
-539428
388171
787711
-724586
-326181
251579
76762
444571
450093
-341420
-619550
-348482
-228428
101238
-675027
-633096
69028
-173144
167500
-654305
-44346
833247
-283705
-493957
511178
417282
-441247
-960761
659280
-313823
630935
498984
-3365
452104
-747863
-272338
-72773
-910865
-661457
-549432
-626000
472897
-54763
-909939
-71215
-611094
-482849
-378555
150385
224147
511631
879209
-393257
150437
787117
-366482
242992
578335
402695
-403564
174318
-728404
666737
-515972
-761225
-704419
845579
-216560
342260
370588
-824011
841138
-16014
-308563
719174
-299722
613975
-931850
704352
-249544
214811
620982
-823707
352774
-707018
405438
253773
328326
-486203
503759
-831183
253790
302411
-640774
-507461
709579
66497
-302705
262339
-316769
19517
974172
1024
77475
-719470
341961
716819
118759
-186228
968312
529246
-618012
-491255
-402967
821062
-650160
144418
143877
982986
-441829
559421
-107737
134348
304219
292323
-620975
596193
837701
872153
994043
-948745
365058
-368755
-198422
-973133
689983
-950915
111368
-640582
206611
109562
933262
-481302
-425283
897647
-924387
655301
-187789
84570
498396
562017
-787595
540908
54218
810432
202117
88216
-277112
-949166
-89987
612113
-879074
907917
692318
214636
-688789
-929291
-767799
356284
961429
731294
-573573
956438
-763637
982045
-808162
-705768
384496
-185179
263870
-257480
-179861
-831763
79395
104847
131840
-572177
413487
-849384
69764
-256070
999392
830295
717109
-894446
-873634
224771
370568
790289
-578612
-778603
-603302
-888747
-720220
744963
140310
-327793
-118275
-466834
-198470
-132799
528743
631211
-334592
272834
6722
-252062
203511
-108943
-809184
605206
-618677
282743
-902731
605905
-336445
-370904
87091
802932
416279
103746
-779666
-944340
-277417
98396
-751771
912098
-762813
-309145
-776804
333636
-383061
828341
-488398
-448747
-883767
279072
518824
-90858
92061
-764889
-96552
-634441
-614668
388349
559119
852823
841269
-938145
-987515
447953
90562
318537
-989696
-919589
271730
550337
982393
-326459
455244
374083
663224
-968136
145836
88584
-598760
-162545
-647412
-152001
-221828
-7704
533110
987644
336622
293532
-506464
-494141
414353
296082
754892
-312882
703560
-568953
-785307
-326989
-81245
650782
69106
-327924
463651
357016
194340
-656187
-502415
-530085
-638100
324359
739773
-717360
555640
156703
408498
551725
-907516
622301
301433
-570161
-684997
781635
758920
-724908
-567536
61318
872608
8825
-549882
-515139
-488265
-779563
780723
48530
-252366
1012
254206
-681809
-517118
-264603
498525
-917447
409447
67456
-765523
593222
296716
621467
912565
289731
-689270
158673
443713
-808281
943042
368054
630642
521550
-178544
-348761
193885
375925
-269181
574890
835107
-885324
335063
315019
42534
548648
-64724
-442458
764715
-684807
798367
-384346
-838043
-632326
587978
717768
498607
858444
-345366
144821
-296301
-630617
-815687
-308219
199352
-327779
-123044
-158351
-131283
-474354
61150
-459828
570481
455259
-729892
-554677
785646
529595
184826
936674
653039
475079
-502744
25694
-143770
239476
-615644
-756178
-269883
628139
201477
-578697
-229804
-65004
-688008
-894490
-281764
-973123
-143980
-201452
864811
-34656
360212
37497
744119
-492421
230533
233140
195837
39638
507294
-620221
335123
-912067
-652396
-234237
-666965
-88824
760778
366637
817588
-148850
885527
278488
-132309
-661835
203389
-148428
588326
-892448
938808
28558
304306
69534
352741
745924
-937050
320229
-845047
549356
174182
-584901
461433
379469
87328
-406347
-888640
-233935
-106015
667133
-213266
-995051
781129
451272
-508583
-599290
-983321
38439
-181737
-423890
261830
712264
259624
60398
-946456
259510
680478
-154612
440773
34050
29100
312390
-383793
-596006
-106874
-730647
946826
834170
690197
-323264
-364439
301951
711449
-692227
654859
-63048
44959
129370
-166607
861581
-621194
-427278
-127228
335069
-548396
619564
-398215
112279
315546
-918538
-396055
-583302
99923
-405687
554601
593280
-26502
705592
21340
483356
-276255
467277
-747856
716882
-282097
636607
205615
-937129
-315860
330554
-785288
650177
671297
-537396
-271930
514796
-827870
-743295
-924779
-896762
-370277
-14320
-537128
-728148
518791
872612
561413
-498261
515905
213121
-295480
-519388
453610
277396
438802
334013
-626357
105097
-879416
67005
-470521
-546380
-927385
-377158
532406
-546037
-707187
-128103
230968
-470441
445152
-128116
150817
-473540
-265181
-903292
168587
881404
321442
-456490
-957614
194759
661802
-812584
-752477
117369
247464
778782
-626344
-758166
-4817
-250694
28022
777421
394103
-279803
315344
-312813
-935340
850133
887552
12409
-284715
-792457
-483226
636120
-545967
516700
157193
-616346
582812
-343912
179034
908184
101217
-723946
256221
-248724
989638
-613689
-23677
-479283
-727637
211271
661158
-910979
-9512
529533
-437397
516868
-479436
-849382
592522
110583
-553275
-189626
360389
-166844
890787
421961
-24673
450941
-863921
495469
61142
635715
-913115
564221
-36721
-508083
160697
948438
260582
958800
911825
-40894
-644546
-55268
-317977
512041
42019
-892705
864842
-914414
119382
-930256
-254152
-677404
-85324
338360
757146
787975
219645
520718
-852534
-510559
737512
-706005
-101296
-470744
610605
581672
221623
-824506
-474968
821198
-439324
-851937
666086
-583617
-149390
206938
-792984
928980
186480
-652345
-56332
-886400
-589239
372052
425059
-971716
79779
573649
-204017
218584
-230413
-867945
968331
763716
568207
844529
690582
297673
-487899
-873703
119035
-295772
-816850
-319057
-662792
-409346
630415
375168
807800
-40247
-280214
997200
579624
954815
-297945
63951
-153378
852582
26866
-99867
-396691
809782
-443010
-596568
-500988
-272632
486762
-254557
-106176
543143
-366825
-59948
-988941
-363565
891930
150174
-1808
598237
-571032
-644301
-56684
176574
961813
-149179
599631
-759479
-586129
-6436
-303231
912182
-531402
117644
360417
640271
493469
889182
-816147
109569
-70072
570584
-16237
-555388
-254565
771320
-4247
346207
-336753
858973
-750173
-121094
123504
999105
-420404
791966
-375523
-883394
667466
-465614
-69234
-382267
-614473
781106
491650
909614
749224
618983
-542881
-172461
192388
-171011
-38351
-267615
-995246
369045
433451
-652177
-686727
528871
524225
858619
-717756
-737165
180618
848328
-958711
-462126
-508716
-941825
-952086
-779388
871986
580689
-519403
-879017
558626
-835861
705201
582740
739671
-346698
336314
40565
895960
988673
-235899
-471278
-98182
-39318
778259
-301070
-348109
-811743
513843
-222292
625643
-229264
-112892
-129862
-821647
260054
160854
-636954
-175243
-757192
290024
-562716
-138640
-841663
-570895
452039
-95210
519056
730225
470605
-74765
557823
-212592
344788
-426395
-799602
853022
-777163
432771
-343645
-166391
765540
-540483
-766071
706360
657126
902416
-604720
-715460
880156
-270061
267965
-179789
-774058
-912958
-153980
295157
-669982
-501545
-585591
850251
-163249
-465783
693417
-403736
804742
689584
-613329
-613012
-306002
-712529
-817334
751383
-836445
386231
897514
342398
297442
-260811
451978
-962870
178446
31021
23060
-603007
659373
901327
-846327
-152814
846619
552376
122588
512113
803720
-350147
753612
824035
-383148
619466
284992
592997
-543148
999117
-308984
-39998
605839
-746389
46570
-254507
-588208
-675244
-899582
255400
820220
-807939
-115591
-14431
176315
529207
-253336
114560
602533
-871850
-954505
-392015
-565188
-665647
-548869
-80496
360925
1536
277645
-638249
-704710
265825
363392
459708
216590
196096
948883
995955
23167
671873
-477577
588158
-145640
933393
-523364
707400
-300582
276042
113555
691684
-827695
-890389
-205572
287671
136645
789283
-527082
125394
142631
37541
851249
-978674
350465
-906925
-452321
200990
-880627
-965717
945262
-709341
515866
259829
312803
924358
749432
57329
-593570
624606
-564300
402408
269116
918781
143515
-744418
-142534
-831870
-18564
377781
-101098
286305
-61098
215859
-276082
659672
459500
-718026
535004
-759455
-310745
-614454
907993
437551
29512
613852
8008
-800494
787508
938765
-397007
-888597
-791362
63640
660021
803821
-859676
615130
-548853
537601
-930658
424693
-342848
-786764
-701235
721103
-240243
-671053
-853762
839094
-489236
214491
850913
910834
328904
266561
512936
-439299
-832025
-437096
224948
-383803
-374395
32531
13367
-578999
711677
-477271
701369
-419798
-122925
434142
-338452
-807493
-762787
174367
-454227
245562
802214
643660
741530
-193686
-431921
-433028
792935
568370
-291150
451696
597221
-76162
-541627
-406493
513261
481999
-379063
576804
-470364
14852
-635095
403986
192655
-548232
550032
915553
-882012
10202
-890738
-756913
-678975
394172
-909175
962408
547935
-453649
361982
958336
-268237
253185
843804
110643
-717706
-861879
391352
-249497
48064
658463
-320958
-24195
-387495
-216392
-86909
916280
974041
351558
563286
921537
-868819
-162975
529616
-24334
-577114
529337
922013
160562
-580909
-232240
-594322
-545030
562473
587434
-829878
387136
97388
-968434
-666723
593507
-896204
-892952
-80910
-941791
272449
512338
565237
-917212
-547043
906897
-962604
-881927
-225665
-571971
-276686
-483251
-618038
881548
-5606
256325
-492810
-783680
-288988
267205
987477
-139664
281179
718488
20920
-154829
360959
-739005
-513164
-744858
540459
-108184
-83229
-254251
337802
267064
88827
-998371
-283196
892166
-461029
-908814
-559268
-682966
-648095
836493
-782745
-857072
-150871
-745184
-272390
387711
-887457
957585
719627
263317
-556655
-643460
833779
-235482
-337595
-587833
237532
669840
413941
688236
926619
-181754
-119100
-481445
-28622
843598
-267840
839694
-873226
315508
-941817
-516819
-272303
873020
-990676
871902
440329
925487
699450
-693921
815830
579564
282845
590173
635379
-406876
-888712
-228089
-393224
402081
-596319
-204639
863564
227085
11485
-741077
-610367
-393232
-339278
9807
118602
569080
196192
514711
-829177
85243
982123
65086
209346
515996
-557828
-995017
-308889
390804
-140951
675017
173292
554380
628931
-392918
-707670
76219
-685292
-248973
814401
535437
333234
806434
245681
547964
-329502
264903
-142724
-346449
658150
-48129
-20885
429485
842747
516974
-510626
-556883
651622
-56787
-499264
594796
-161919
-310679
311736
-613384
796568
-222898
98716
-979208
910627
-356924
-673350
622745
135777
-990412
-460509
-79594
-405365
-199451
597533
990104
393410
137294
691910
-576881
-945237
67680
291733
456014
-903210
730617
-410502
367430
-594717
-940936
-143139
664646
315582
-320386
-44117
548314
-497759
647265
87229
-549610
568827
-693722
-366973
565950
-373044
-913475
-263540
613760
-116212
-962287
-70638
290952
833882
-435657
894468
-601072
764312
-851776
942750
-528342
-157926
-18395
-891918
900639
-640790
-492565
607660
646012
986179
-399529
857176
482377
555988
-565061
-45233
348343
414482
-476198
-753247
838353
-35123
83650
-123255
288728
-162209
-779912
608639
-836377
690684
-311178
504601
439935
-671376
473583
101798
-920735
-870975
-576726
43479
80020
759048
100992
-38147
661760
637038
976057
-753188
362967
339876
-50761
-888538
-927216
595965
-742800
-706867
685000
594210
529939
-569028
-173000
-119909
-866689
913808
178242
-688939
-596938
-625785
948326
600016
805577
-497776
-572972
-285039
894315
-19206
-894797
-135113
664932
-878956
-714571
-485
310412
-283656
-958363
-914984
-546244
539085
333000
747687
-366490
693634
91601
-588917
429849
877857
-546274
935848
9715
-346504
86209
10909
-311400
124229
304464
-714208
613367
-317789
-220385
-770277
-259843
-906599
143634
-690143
-729002
315647
-415206
468730
-713488
-872658
-66979
409833
-683081
-535259
-754456
920360
-225978
-966188
-19109
-729054
246563
760260
-506512
662617
-956140
-119546
806255
740792
-995398
435972
-351064
754711
257316
-625234
-38029
444413
-943369
517659
66844
792650
57043
-229995
-978384
81107
-499743
910970
-727665
286861
348282
23542
-197086
-760119
910000
-823849
-96791
-272264
954399
-617110
-839768
-333475
-843123
-446242
264479
-482098
-766798
623292
866707
981917
465562
-756792
76906
482520
21284
611268
-128479
337196
983131
736836
-60748
751132
650235
781577
5096
849414
34890
-401244
-964724
374068
-517471
-692401
-107094
-716618
-241690
163278
48639
-855186
-14811
165472
-222164
339206
-962589
-298753
781069
-486855
-453406
271779
-831429
-101131
-140194
-256886
-124211
945867
816939
425339
381930
996570
-430207
-445849
973528
-657694
749152
-608081
-702090
-854392
-829759
556209
244359
505572
-204437
-451782
-997765
-610187
869095
269844
240341
-627705
571575
960252
-443732
-671926
-162867
755160
196941
-245925
153925
416993
474290
-718189
-655577
119434
868821
-198891
672025
250510
-384585
-948742
76218
-418927
965950
-335167
525997
69523
845726
-905733
888078
204303
-618668
91566
-314714
453888
840683
869805
-914133
380398
-826210
185379
-75358
-654659
400022
-800977
-99058
-422624
-979519
985000
-850899
543579
-397931
351021
43013
-549602
-914285
575747
-123586
319959
-4416
-603469
-171244
-678419
-222509
-215620
507460
54603
855617
282328
-864493
85395
-734827
-28398
801786
-616099
-796301
275714
-974614
-4374
69155
-818167
807390
-960685
247146
-698596
861591
-845597
109953
485109
-400333
155050
-409477
-559130
-267532
969383
887297
910742
790587
5894
154690
-197835
889593
-897033
729214
-544138
-974017
-517617
872955
555831
-320758
-699761
-993782
-115056
295031
283346
-170415
821125
-352989
748277
337319
305125
860680
-330488
386924
-307001
-597126
-408864
-422632
213980
753925
-82317
-736774
-218628
-685322
-809851
712414
-658039
-322699
830367
927442
-965386
-397636
-333836
-404243
44185
-928364
-309668
-586913
-270703
137349
-661414
-11060
-486928
-892275
930085
-52226
-459987
154573
-110799
767482
-458585
-708873
-465854
-129772
434749
-576195
-654470
-834641
-272277
-329196
-965465
-592066
-753957
-703725
603202
-163755
887271
-934116
-984544
-981990
-28416
-239396
97050
495039
-888452
291203
389150
583278
-412348
-454937
62766
-672208
-99551
533701
-596304
-636823
-387922
-672487
502756
-885466
598183
322494
285002
-291554
-641009
-673857
-508652
825535
-927387
-993140
-509176
746556
-805321
450769
36780
818027
-519253
-292969
-813976
955607
960328
-784745
640583
681442
795899
447776
-127163
250074
48140
-269740
-923077
63118
-779452
403611
875562
-132437
-475854
-550708
-484109
-254627
793297
837249
-966871
422535
-569064
-162912
-898536
-645430
-712131
-953086
705070
774172
781449
-672533
-600065
-176356
-416139
42844
-399222
-121125
331726
395529
186851
354300
185520
-18426
579679
344178
-851936
-302359
153456
-767884
460582
51348
931156
958529
-624774
-525629
94851
-284476
814840
-506759
-722219
-275626
216959
-197937
-222753
-199447
63667
41060
863153
-656008
218366
624081
661223
762706
-104771
-928673
605321
-8336
-84739
394065
-526018
-492481
-688510
158702
-598091
-394794
-261938
134874
-8112
-696537
245791
-337732
700074
-418818
484751
-579389
-349327
220025
311324
-701816
324527
-121356
719141
110830
-378130
932352
-520474
249929
-359627
598374
412380
-905081
733399
-402510
617990
625678
-777297
108722
928689
-458284
-183924
414742
-805230
-467009
-687176
360630
242337
550136
-38474
-481577
-273604
418197
36509
-315628
-391482
654891
168889
784382
-729697
-265081
-835166
-388563
-450468
955859
-208000
-470295
-71498
-452860
15593
321359
-336128
589157
-892318
-471203
518343
436984
342720
-245930
-353965
617600
-399315
-568742
212789
-996276
460763
355735
-577605
-58557
-370435
-452605
934728
-859779
50558
108922
500425
-691433
237054
132176
-644800
272873
464838
401777
463726
296923
225957
-110263
765665
938835
-494361
67918
635037
39031
936138
-508614
-929804
274667
431711
327181
919875
-162611
825680
833940
-834997
-572150
-699271
912096
-16894
-840257
541487
-878868
888646
563616
302532
514155
393637
865453
-565061
-61092
-484644
806918
-231539
-404079
469954
-275984
-464389
-892484
-112452
275986
-317258
108528
369313
312785
547070
-545962
277756
-640904
284031
-847631
604559
-331629
525410
842938
-256209
18948
-32751
-432760
-397004
12549
921726
453762
351794
815359
-297462
-69311
-644442
-114431
349492
-106438
-755507
930746
136828
168629
-787618
-453549
-885724
253903
-773839
-940480
-468304
-753596
-950715
-559422
115694
-811846
-983643
430170
-203890
417580
312079
734457
-406916
-295188
-737099
470531
568042
997180
-571852
217521
-858356
-838460
-337737
-822975
-796093
-108276
320135
-760208
276857
-320797
473612
85462
167955
-614090
986662
-332716
295937
-504277
-630355
499327
-470270
-403080
-460644
-891823
-250074
-177789
-690500
-552896
695178
690032
-551380
468793
-226670
136355
626488
-283228
-934099
-452134
-690079
-318591
184224
-406433
750910
-126319
161027
-980184
633813
977258
284134
159743
281270
481400
-737198
755955
806764
-155594
-619325
448805
-21249
-657140
980753
-592705
-23907
-282750
850640
232982
-551255
-886023
561526
-701290
-706890
-384357
44268
349085
796173
-215326
-163756
220304
4297
-28084
-294830
-713559
563312
998292
44353
239927
-804900
-312506
834421
518448
-954156
715273
-752084
-675369
-106649
-17482
650793
6780
-575322
-254948
298889
182886
-406832
588778
443363
804073
-412486
-688498
-709080
-528781
115306
-369761
687895
600885
-845132
-937415
828540
-814784
688509
-324533
991874
-529558
-229381
39153
544240
884015
-367108
-517302
-547012
721859
-436098
597023
84248
-209457
-177410
-401780
-827762
691389
-357938
-2596
903212
876488
-96030
-544176
392511
-588374
-135367
407952
-559366
-315219
-210997
-165008
32697
-114006
-21274
-551203
-391765
906249
-549449
136996
-181695
-732136
574637
740132
-453446
-515671
221824
678700
144818
288373
999409
633555
341731
165207
-534139
960338
-924996
217068
716834
-485275
-913612
-51490
365183
954716
-742752
-983435
-87749
-12935
-993384
466552
620572
657790
-181485
979558
127347
273970
645716
912915
771196
482663
471192
-442500
771215
53099
-26944
-242133
-651622
-423542
-623571
-394954
-446503
-965571
-341178
795131
659125
-549611
919454
328908
-814747
70922
638180
-124613
915243
-935729
-837225
434056
465229
-834594
475834
-521565
-472807
-289228
775507
941338
-657049
-322329
-147933
-337025
-172575
571476
578429
-208368
6954
-808550
873554
-371456
898279
-166259
245953
494438
573266
-483971
335946
336811
653815
-829432
676124
-73907
-160650
391391
871011
963944
-39058
-261165
-723439
401058
-38958
-533635
-73957
599470
444351
-152431
511881
-239965
-712170
772249
-484214
-995876
-531119
-393555
-833341
405828
25612
-909139
39716
53176
626482
-222351
102912
666082
238152
739864
162611
-454684
-573698
-515989
380673
-606997
461977
-598964
-307359
-925986
85049
-898885
753880
-120416
-787521
-945650
-526319
-177309
-609461
855054
-436287
-216393
82580
-720415
-772743
-741226
-828249
82818
-472722
4125
445804
-501213
-918004
-580354
-869927
-627913
-922113
960493
991675
-868678
-276065
750620
-358470
-789331
-999233
915731
-401007
-529106
-262935
-130430
-329941
-274865
557156
-902454
-400868
135191
-639866
-971552
582563
792735
656860
-292837
240780
-891291
-393421
-206185
-482670
-150395
-99165
808956
105161
-296266
-567024
799659
-10940
94578
-719326
-127234
2623
282967
-463396
-173973
-330943
-314730
-77994
396964
-975977
788252
279003
-317726
789233
-847810
425455
-359946
126770
308848
904630
380869
-801755
214860
-255096
-446861
410967
881040
-857032
-814066
624208
-947436
268307
721083
-552595
-583790
-830366
711337
210443
-848336
346175
877969
-8967
469162
-180372
-763517
-905998
469677
137593
-495318
229794
-563105
789324
341791
-793581
-896810
169464
-367229
-528695
-143914
-165972
-224000
-214769
-617396
-419868
254961
-284403
679006
282515
-938953
-613161
691764
-736240
-88605
388693
-788141
-558864
46206
-538806
258066
-908324
122453
-118689
-74013
-310022
-900753
-243713
-730938
-327911
631502
-752991
-865118
-707257
-460153
-537884
-398393
-179085
-620760
89305
435544
881909
-938916
-376137
462536
-447432
545650
248459
321217
-704773
990972
347869
-759153
-744095
435756
818391
-985277
-268060
570002
424411
-632060
703843
273084
639805
-137092
-629879
115570
598956
694001
-909163
850752
918431
-75462
-28374
-286427
-758400
313150
985262
588187
113262
-245264
-782125
604202
-649284
-81632
-201058
-177204
740825
131922
-510265
-883711
-986895
-408050
358858
-489193
-99303
-611678
-479739
588261
-507250
582407
-942794
-155901
-493479
889941
-729526
26923
19192
254281
130478
-787745
-195813
888128
144686
492717
397890
-441091
495171
360311
-87499
430734
795228
640887
892143
-527376
867766
-555514
-621540
-743760
383017
454690
49985
-816471
485340
745943
74770
-44806
-283954
620885
186690
-106216
-930325
-784938
310944
690690
441379
917849
132923
-841076
444380
-236896
-28070
757417
-567566
429571
-354097
835244
964937
-159682
86049
-809205
-430495
196653
-858943
18455
40796
722262
-726531
479340
346198
551402
580149
118871
21976
531340
-890079
190425
959131
349492
-427323
28644
164717
737752
909390
669576
-932745
-181901
282984
-94701
-60608
333041
-652901
394206
-960116
-706539
970738
-894558
-907593
-224630
878022
603331
753165
-758108
-527468
-355837
-200424
-988072
-551906
233328
-334950
-588686
-185711
9097
877260
-558747
-381834
-150866
32550
-492469
889343
-774588
636968
253484
34318
-763248
194907
784952
-430483
-148030
749235
685693
-817310
-558721
280585
-185329
220710
182664
-838586
-993426
701314
-124213
797914
292512
-615264
294191
-559527
-601528
555169
710078
-140594
38008
-960919
-946599
685927
-842484
731318
-685031
693371
-208247
-366963
-285385
358555
-218694
-870880
-606126
809563
396954
-399841
-612812
-632686
143378
-146903
-919921
17403
-675864
116809
702103
-279975
-872774
214485
342081
215425
38602
-16673
-843923
305818
699631
-473420
325018
-314864
555972
789101
959150
-446383
284570
689896
-786872
983058
805904
77029
-397658
-581748
-322502
257114
-682462
-122911
797775
-963030
361303
-718338
276623
-275967
-784209
-484598
-965237
964772
500035
-894915
-311248
71622
373869
-224841
-610968
882162
601707
113764
-847128
476137
857137
760886
-419890
643871
275085
724374
-331295
-451987
-994683
-784964
-948835
-506330
262251
87949
-862861
-841196
320741
14594
944759
-843397
-540171
955055
-371188
-945787
188222
498709
-56536
567691
304304
687324
125475
252464
-92349
748807
624430
-529365
-247063
-589789
705295
467062
-126265
-952713
-703874
511953
615176
608315
944636
-780994
-741273
922220
-205178
224193
201181
172044
-304426
75176
-354029
-605974
436993
939049
369169
596749
-48750
-954506
-728626
-746885
-442697
-899226
886872
-533705
-658793
-512314
216230
-801734
280905
-808461
-279686
-433916
214676
689060
-695799
961900
96589
239658
948775
-892009
395289
559797
-294304
-383868
-746057
-968603
948864
-576972
411618
710904
-88130
894469
769059
167037
528303
-982072
-268097
879745
340743
-586001
-85060
109537
-587191
-140435
325220
194037
-404340
-398488
634391
-440872
-172975
-372152
-275150
-63527
920204
401714
877206
-651996
417375
-939423
399565
267152
261438
-532090
21028
-720560
-475666
-441877
-25895
940145
-563258
-397901
163805
-446540
-306990
-539301
-737638
889494
-824589
119958
496121
-601086
-521349
-651910
935673
-722281
-776963
-182804
-340815
474102
258743
-588135
595601
-859140
255692
936421
-490252
-266240
-528929
-444619
954347
-780347
221824
371482
723367
-936285
-219515
399552
-839354
-496939
-924707
648473
-718669
120937
211085
968080
865558
495975
109851
-16558
-721588
-6959
184238
-579278
500280
-463077
138313
642076
993645
-194908
829134
820785
248977
598734
450989
-418474
-595729
265278
-47585
687248
962376
-750811
667399
318271
719941
46365
-901935
-111183
-617821
-145314
-732821
54773
-783784
-940010
492227
-30821
428035
-763255
952585
-272245
-808886
-55220
978851
-588114
115416
402339
-778477
913457
196264
767544
393569
258963
-329044
-39157
-231088
830689
-219905
-18093
-773454
-532053
-629914
-799599
213404
-90880
-380536
-786211
106236
-393272
-505661
615075
-890852
-30771
111553
538706
-520424
-389926
727121
908356
-244777
533749
857169
536973
401260
132804
739457
-72261
-345550
663957
-50638
229072
-326436
784811
-186151
89783
76016
-915457
52329
849140
294769
947386
-871480
-280073
-799447
-861525
544196
418410
-801048
-879411
-406015
-77352
-255802
-930907
-50337
-783400
978397
240463
-590581
-65573
719998
90504
294124
962825
41317
326707
109108
220810
559719
-765093
-539705
-144408
157978
447368
630208
-13963
-554512
-112771
806589
566383
-79321
-745313
-920213
-656484
-254193
-437615
240811
628772
748983
456955
688817
428528
581211
-909321
-16683
844840
786157
397588
-986678
660259
959946
351585
-469940
-855632
455797
-434584
251413
859874
658929
-876396
-529326
841436
26013
-912811
-729966
946392
-212986
-983447
154354
678348
799440
980711
-87376
-39977
-195627
-68799
965990
-130419
469112
-679833
181578
623968
633332
-367408
416909
870766
930602
-430315
459627
963140
-708413
-784533
-847506
435460
613326
295925
-988883
894462
-787816
-826561
615859
-597382
-267993
175664
280827
978755
-688323
-375108
581509
794968
797987
297504
-48155
142638
778508
638550
680835
-588376
-776173
775283
-4501
-420192
-933593
279471
393015
-691947
-192756
-666034
758997
236916
-893168
335855
-632053
-44709
-559096
-164419
-910609
214563
135852
-200862
561542
-105037
506276
980215
713673
312540
595186
99788
-322666
-297745
-226134
-541607
-644506
-101474
210032
268032
-629886
-2843
727149
-216029
557188
-403388
-745620
-236698
952665
110834
-22998
-126635
920338
923273
591091
614369
-587617
-8147
600296
-259929
589556
-101837
-157316
-135069
681874
932963
464999
180247
-600024
-321097
320166
-385875
614712
-208054
-988677
862311
-552514
768336
586194
838829
-116995
-449427
431261
657937
894961
979306
-97044
752616
-880542
-239617
-432882
-956893
-371847
-467519
-534775
133768
178387
-389349
654347
554493
292586
346836
804530
95047
155049
-970247
-862025
958314
829777
-122580
731042
406575
-736599
-719479
394469
727369
312117
-225201
-864783
-409695
-53587
380595
295479
455432
-936144
729667
898206
906145
39115
780248
-957246
632759
690751
668139
880975
272632
-661161
-991232
941042
-32309
301568
363990
430802
712978
-547545
-895200
-473389
-807148
-646717
244466
371715
-278512
-73775
-431087
56605
113816
-434958
-521782
882026
-75904
-782769
333735
2032
575564
304759
-621344
-562294
-885248
-583056
741626
859072
-476164
-212024
-432568
-652620
-749609
-966586
432814
30992
-520853
526912
-730456
932525
393538
-404052
202715
639979
316769
-106656
337754
-253211
948918
875718
-817421
586875
-67495
-682400
-855863
-865279
-304227
576563
-575393
-821252
-818527
134085
-247222
172940
822150
-635000
392182
-930209
420682
-72509
-969356
203213
381855
-318577
-188062
954934
450428
375718
-19529
-662826
167006
-547757
328785
-213454
737423
965086
993937
-975811
-71119
725953
-459059
873754
250890
433897
535875
-877336
917812
-178446
191884
-276925
43514
42739
891422
-332312
784839
26150
889822
746688
-465465
22421
483522
-783792
477230
-626790
895632
-651974
-301492
595470
805469
495298
-260421
936494
773757
-636849
213743
110005
405254
484139
59874
-104469
500389
557662
628735
902080
215863
-114146
48394
643097
-66240
-861534
522556
581414
179589
-27317
606183
547402
-648684
-30063
367016
-981331
-354466
-824468
-258262
64162
-758322
-602716
-84020
-106093
297215
-696818
55256
-706331
-286670
-485540
-707528
-284893
-362011
-109425
-295218
-384220
287647
122566
43742
160008
445811
-44184
181163
-340550
-453295
-380918
309567
58624
448148
656342
-300025
-122770
918176
594298
185951
-421452
-106549
835205
-841012
193451
908104
975485
446227
411055
-558782
-414349
-754422
654614
495913
155109
97665
328422
67508
-754889
914689
336775
534695
-898979
559079
976881
423463
-601936
-79552
927558
-146987
855683
680187
978842
-370433
-142098
382913
399441
766166
-572006
-7613
496346
921575
193721
775233
-642715
-656230
408771
179102
-569951
596637
72588
396693
-357977
-955699
180681
438023
147993
456833
-212778
165476
-937262
701966
86900
-921301
-132531
-756799
-528927
-665631
-790440
405492
-135726
174925
-624536
885094
923151
-260611
552179
508327
913796
-59732
694368
-843826
-453837
-469502
981040
-669655
-555886
-848387
-326001
-352838
-869630
-110886
-272994
940530
-582103
-539592
779512
-580514
-463865
-632052
813893
-808816
-794645
-644411
-129719
377698
-189252
185397
732911
315085
618832
-230825
228597
-42131
907423
-3653
-880650
723781
-564477
122789
481148
397741
959946
-733905
-535103
860454
954064
142707
-782980
-802278
-119083
453673
-863302
564874
413902
-468800
772972
242620
578352
992172
548139
323261
-661702
211106
981811
-478684
454613
-268644
847004
-226315
-378029
-205789
574008
-592629
907395
-844055
-318517
349803
669671
510104
-920755
185928
-542686
692604
949803
-720100
-832532
-588513
-595565
848699
225689
180071
-907845
-805157
-471112
882244
493659
149667
345438
-908309
848750
-303317
153725
805374
715043
-947698
-443682
657067
79450
-30499
295524
-867129
779118
766432
660680
209345
-888089
-485275
-54658
-543576
-971529
-687747
-682695
-669916
-234474
-440856
95334
191131
915468
180844
-133767
654239
709145
-944464
-681935
-291801
77779
494760
-462319
-349250
389138
-591007
148192
975870
-279356
-505780
869685
257697
298490
-535400
789623
284641
-543838
-512165
-549320
-786018
926803
562695
-378269
211956
-904184
-244989
38346
694735
-625318
178651
-148785
771379
-57489
-819744
-587396
-964463
-999378
345685
-103860
298759
-647228
169616
-76651
-411929
637550
449797
277473
170229
452045
-368539
585242
599815
-898202
462504
437108
337863
614831
-252633
369436
-456930
796073
510590
-431148
-86553
931511
-69926
494703
909647
569037
-915024
939502
215456
-187671
-690224
158363
-426788
724122
-369781
-440173
-206049
694663
780536
149193
725897
259552
797747
343841
900629
294355
-698215
-275329
509186
913156
-780905
-733940
811053
-396103
524831
-668286
220476
54379
-121920
105758
-502078
473274
-11171
217138
-284612
242718
726624
-174594
419235
662814
260514
-298101
977105
447427
-106194
578063
-378396
-757860
-872418
137497
466630
-153165
-636974
-120724
-548329
425784
-517569
163126
171357
-526425
955656
-373593
790948
-804928
496406
504505
-158426
402508
868688
-932906
88807
528808
406201
-356344
-583635
336294
-388674
-698939
550550
723013
962668
-239134
88181
-427945
-186321
-86947
933293
-236770
209452
-165387
-985639
738065
337564
297515
-392546
322624
972197
-14281
222159
81043
-387042
-503129
68458
294641
218245
-684168
-739800
212112
609543
-912311
-241433
370871
266934
-757375
-439860
-859840
-478625
-350652
208948
892450
155765
-615026
882038
940117
516155
998532
252143
234427
-732939
296026
-812281
983460
-705589
998457
-681033
890889
-8998
-724051
859446
442770
-841768
640206
983971
-427456
-665291
277980
-17467
875468
316722
-791849
-148931
759391
-916789
776097
-817152
678596
-749750
-238632
202644
793821
-251225
-138815
393109
-841667
-641955
351383
387140
-978056
-794667
205202
353949
-499620
-144348
390758
162024
-235606
649972
-590388
827450
-513033
249292
-293327
363461
-693162
-639243
201679
465692
85246
303023
-566745
52156
-933248
511215
-314018
706694
629908
-338756
-10317
782599
228237
15747
822099
-589186
-599931
261355
-385919
330171
149219
86000
880346
-94384
880958
473521
-58242
168611
174826
-852448
79062
383288
-457107
-991043
648307
334555
365807
428379
-572922
-743513
21460
455679
-342054
-208998
-372058
-123406
200019
-838782
504939
802123
-552755
178637
490279
822506
-349960
-700362
460383
-178361
239080
297466
-975732
-622402
-341823
836379
80246
922469
985912
878857
-759528
1161
-10932
-603808
685025
-999046
219640
-369239
-985070
523248
156735
469465
-547203
752559
43141
733608
348730
-926499
-245500
-308857
580249
-735006
468585
607204
846778
838712
-408189
663386
-501829
-584562
171314
-807915
754978
-707722
-361400
-934763
537709
-978183
-335777
-975374
310750
198292
584634
862825
293109
-930450
175523
-742447
-431928
35753
382637
-157863
-341865
801387
-768190
-783577
611753
-344140
-644943
776558
-919629
-77169
787770
497844
797919
998201
520276
784030
-257417
-687211
494164
248792
380585
-157450
652775
539832
-412452
907450
656054
-242135
933662
521393
594109
293168
695753
-507555
393802
-43724
-943197
620656
-581204
378567
833069
-433869
-998787
135705
-348454
-90023
354319
746464
-118940
161828
-939562
246997
-882376
-933040
964509
-262472
-384604
-936028
-977955
-500906
-85167
-84068
313590
687056
-711315
-761068
-778700
488830
-426927
-544661
-397806
-391791
-427123
624096
-761122
-241988
-333747
538186
330995
-749501
-984360
28436
900292
781026
758273
139067
866093
469470
-599669
-452070
-226681
-614662
-122723
-239404
-574583
539645
-99293
771735
74811
992991
-238763
942006
-958098
-620060
31600
698673
-703927
80932
-635848
959460
415757
-602919
-412556
248006
-585866
-849526
318664
-103513
951986
249242
355450
-130738
-660890
-112512
-47950
-678872
-190830
228888
912075
-233827
555781
994336
-122514
-548142
892042
-797992
-889813
-648398
808502
-788891
668118
-157869
101301
431911
-932409
-919287
931080
68966
-576290
-324071
370319
-670370
-704758
818074
443966
-443691
-521203
-744332
-322619
242268
641604
-738321
84821
454219
-848581
-288044
-340013
563069
-112980
584285
211901
198851
489697
715951
383287
16310
-676802
-799033
-809784
-897932
445286
78013
-800028
-573726
221064
-567512
-93723
-566268
-662286
-245172
226437
-129776
131929
-51133
433814
-330230
-875778
-580263
524203
426623
728022
195730
-630999
-997638
-138281
-913485
422559
985363
429256
885131
-76744
637312
291062
-375459
-653021
161521
-790434
-486948
466241
946189
74683
-542661
-669043
673110
540096
53241
-38855
545071
-567229
-208699
-896969
659148
-917268
246973
156209
993459
563384
750443
-479094
532842
279279
944470
767204
-215745
361958
-53686
757589
958993
780019
-806622
812866
-552081
-463405
490343
-294138
475912
-265
-926906
-999413
-144276
-261813
776831
851013
712844
-973744
667532
217314
-399259
246065
803477
-980926
-247977
-87224
609480
176300
856093
-365899
-306307
-675053
761311
446639
-868330
-731485
748808
755752
-566865
425092
309878
11808
28041
523467
74462
681317
388688
-394577
609945
216190
-346354
848129
140483
337700
827674
456398
177139
-677862
-28321
517445
371735
257066
908752
-862294
175854
735577
370845
972983
230474
-678633
-195905
-200832
21509
-717635
882163
916635
368353
-667950
-522616
581766
95082
-697177
648536
640436
-925877
-52785
638001
-859048
737137
459872
65199
-264162
888776
770899
-827917
993020
-474473
739932
372868
582577
-622834
802351
336854
-964710
-766102
-989031
-65222
-262864
772031
-797246
-657936
446317
-921549
390832
-134766
837413
-491167
427685
584760
46479
-883570
-304644
823320
11361
413178
694646
-978842
-391470
108877
-83404
201582
567414
789727
-58125
-226342
32660
-392291
745293
-914554
93622
683343
-854889
-885636
182739
-521730
-735569
-374770
-303979
44316
-327473
300488
324790
-617854
-404005
-521774
315619
-935939
460545
451154
715668
-438414
893610
151077
311027
-126103
211123
235624
-950659
-983800
-889766
-282351
-564018
316683
203565
127010
128924
696454
-417493
778848
950966
-89178
590208
-637316
225253
-915983
-399458
-172767
278766
-529673
617710
878853
-201775
-778000
458965
132765
-934429
-719452
704095
259659
-949474
689667
988641
860029
-900805
538292
-193016
399163
-755819
-822686
243851
681610
433010
-837878
-873476
-640967
878569
508577
-622510
-271100
102427
560616
-82979
683932
982802
-856489
920047
204440
-581880
321532
-964523
-658534
740454
153183
670632
48963
-717371
257571
460701
38640
-266421
77122
-845847
484824
-582722
-94732
-211774
-309879
-314806
-46474
400152
-664828
-825063
678220
552923
449496
634739
-14508
86430
-933942
593035
-296549
-641923
-851958
-11978
-648620
-753308
-749183
72306
777793
-360991
-731460
-440290
681121
626189
-416898
547373
763514
623304
22473
-355815
71758
-370906
786174
838673
-77173
-474802
403260
-185674
-485363
-228823
-75601
943332
-445386
-296914
-285864
790514
14977
218834
41306
-341032
-859784
484237
-787257
378121
222697
-267437
-304516
-546985
-629865
770450
385942
549806
942636
499117
-194944
-517461
468860
-48301
-576565
574059
-781584
514966
974937
513372
171991
18591
461129
288590
452200
273325
66333
570126
-373896
-966835
-572950
676821
697778
300778
916258
-767431
-995592
715899
270095
248487
802022
-224295
-53582
747557
-553843
-597133
191591
778078
-779212
-826921
449425
127474
-327659
-599109
-673295
-249547
450433
-886198
-410172
652875
-685007
-42140
-695504
-600273
298819
120650
-215342
937424
-523529
-690199
-772270
30316
-876563
-355076
429547
86009
243650
900652
398379
118747
684798
-184728
740132
-900317
-670265
800967
833180
703218
756001
686882
-318383
-875934
-916587
-856996
668453
-113373
649077
471267
-54779
533940
871780
-729407
454965
31392
212637
-916348
-565525
860737
311175
-525719
-287315
-295485
446278
545241
-953729
485423
-651856
345349
-267883
-341429
-828123
-541051
420375
-305184
567500
259096
836323
-311137
993638
913179
892578
724273
-246185
786551
449367
-195549
274739
-941125
-459977
-309710
242722
54593
121907
316477
489028
345927
-894201
-145245
80983
-673986
-797804
74745
744407
-937705
-560889
812392
438739
705116
-916631
-267105
147000
-237088
-756669
381297
965719
892179
-769938
851102
117164
-387221
83663
983516
93309
-638071
-337927
-125861
234153
-398110
-128021
-547988
69956
996866
-12876
759404
227545
-369575
-753383
410150
-673316
124245
-420997
-335915
-373023
-675240
596518
-1289
491904
726855
-385494
-810304
793700
64953
715071
-660
-927683
836817
-690363
944703
919224
19897
-195410
-496078
-456750
-207082
-671034
662149
488844
538158
512051
-41754
531234
-734056
195678
-872092
-706740
-732638
-472273
-912884
-516585
449144
670486
-867519
-161292
-628283
273216
-961227
862520
-514962
-433876
951146
123198
591846
828747
178736
-868788
-137468
-890874
160431
-3030
-811047
-68566
675524
209355
-112080
769562
543472
871714
800500
-608037
-512768
-696195
453883
730605
538675
-461549
-335529
-446047
-227385
-991809
-113352
684315
-623481
158139
98388
955796
-889210
995566
168231
-595208
-950383
-612577
157079
335149
573788
-736537
-260209
-327318
927833
-107324
567446
896759
-725224
253722
-231463
-2876
211708
-602535
-246787
-136865
817688
-304893
738418
219298
475106
73046
582030
-300406
460989
767146
-830869
-75540
-107067
855015
-302888
608641
-184833
54478
359156
526605
751513
373389
-7744
896061
-361968
113423
-804503
-853454
-543405
-360143
606213
-42190
846148
-112600
375376
689102
669675
-851188
-32332
-486459
413559
115732
449457
413745
-477701
-587568
-386199
-22833
886570
-441178
508286
-254437
48282
-707815
-736179
781733
1698
942349
-93172
850917
-250838
639116
-158322
-185279
947135
866914
-730814
-681653
-50976
997328
281263
-666810
-20771
749113
367338
520631
793241
111128
-30339
-394711
-739734
918697
-826628
51245
349189
774497
17675
284616
-771992
-554774
-398
723010
548474
832980
-699050
425878
950960
-714894
899035
-867815
279909
954494
66545
762218
-445995
859669
42458
-162070
-615414
-230089
297373
575045
-467967
-345098
-744332
-579798
535839
-124452
745716
-182303
334536
985095
727616
369837
490347
-694977
374367
513603
-692100
753748
470269
712446
-663162
-445055
40440
-484120
241274
435313
503310
-698085
611847
-853924
-103270
-104422
312076
-669824
192319
310299
157915
-581613
-750435
97809
104925
362730
971272
-816391
283153
-550144
-669615
517065
-231984
-423482
914975
-246938
593834
-725122
-869563
158758
-840238
562086
222009
272189
119509
-200672
151659
-687128
991462
380964
-224977
-503529
-220698
-255041
-386807
-844076
583707
-519259
-957256
896804
770698
760558
124766
879404
-952167
754603
-578164
-662734
167474
-233513
-650739
-482290
558554
-4795
-267698
-550645
-15610
-189066
839001
306155
667009
423514
-27232
-282914
-204642
13211
-130557
268732
-160682
732726
-327467
-181082
-309424
491767
610646
668435
568177
580393
-860778
-832922
768183
-306454
-342249
294555
233991
-924991
-978424
-166068
114775
-311624
621229
-744477
72684
-964711
-50728
-379638
627851
-992073
-637852
-345297
-969312
64245
713897
-160769
-875711
-538806
-535661
9624
-331022
-874346
-472221
-778997
-493290
-895130
-521577
-862214
-402347
-409288
212458
137037
131361
979282
-47043
-211232
309622
-565988
-582254
954977
832208
440767
911664
-292530
28575
96496
710722
670203
-962065
707118
-654525
705327
-316116
-826094
300722
942090
405157
-139199
807477
890917
815171
-193297
-88284
123590
449173
423329
-68941
663711
-821903
474555
298443
-944040
192977
653969
-285142
8377
-871751
87548
526666
186066
-633720
-722330
640793
-960739
205497
-952654
516490
-56801
31432
-575486
-185918
-521028
-632066
60729
906002
-266008
-347310
359085
-762451
-651322
-656810
92432
-267211
109971
191896
3347
-381960
-230453
-285324
919679
926285
811756
553644
-363973
373628
192989
-168049
78395
-757326
253605
-280943
-994431
-389230
323902
-153586
103271
530670
237176
135629
182174
584900
701820
-114507
-148436
67358
43465
-541236
722846
922891
-947271
-519047
-408607
269495
-865401
38357
247316
-691030
597741
908396
698999
48076
262150
504125
549112
617629
920654
-150719
887104
-634947
82143
617695
-727252
258919
-459138
-86577
479128
924286
874658
149501
-556616
-451881
328019
-997006
61664
746472
-996023
-593920
-290734
821004
-653534
817680
-646640
700283
110996
-38880
506988
138932
-521066
-724884
-385512
137046
231585
-100832
379296
-303478
8185
934587
-610538
91053
106549
-914676
8203
978771
723099
-176234
59047
752218
227320
-733530
321081
475385
962904
713681
268611
200955
376799
-692700
101007
984618
1025
369656
-739775
795038
923223
952199
753334
140686
-660879
571572
669451
781978
134404
-589824
-825537
-101476
-465668
575347
-659248
688875
143668
278375
-659791
-662000
-201597
822798
294172
-484793
-826204
-956213
879734
-468790
829675
-794285
660308
-784385
776623
570982
-127456
-346424
465251
476612
284455
-175854
-700304
-518357
-767774
715005
-527141
-855780
722220
-518764
-217959
19271
-240077
-52091
196854
944772
435714
826469
-480280
31587
-889318
611937
960727
709786
758451
787374
636721
-939091
64939
-61293
97592
779754
397099
-845970
-985089
-109504
-925720
672929
-693783
-273556
-764769
-613140
-86374
-647894
770618
-242546
-599613
-710703
-671226
229004
-55831
617104
832403
156500
-659490
-516361
-952181
600928
-904703
386740
725852
-819510
189526
-315407
-261681
475702
-32770
-558359
-439837
-808786
-380362
109206
-105448
41645
105342
-734340
31184
972724
396268
-774140
43675
-533979
824411
-173346
33634
-29061
529055
635724
931744
-675806
527134
589358
-435904
-615933
-735741
994081
-591460
388937
674581
-595069
546216
-186846
-646319
-265066
196220
380479
-297381
268257
-476356
548801
-507176
694528
61892
69241
918796
619286
596245
231080
-878437
688646
183778
186474
-65869
-466490
-318485
782638
532061
-223381
-708648
-943609
-853363
-320663
7746
2224
894489
-31160
-898335
769521
-967789
821515
260840
951067
652137
-508896
223552
-339197
-225644
614310
444951
-14685
-97085
-714334
-754376
-156618
511587
366408
-419565
590580
78535
-1947
679754
720079
624463
-157182
-108319
-615935
677246
104182
634247
491013
128714
-139130
281950
123195
596969
277364
-383863
602736
385931
669782
-8063
-159476
-728362
-731592
259515
284959
460029
-991918
-734414
427717
481691
-174648
691425
244324
-449069
334189
-5035
295583
600548
-468264
149617
48712
443996
693013
-578812
19809
883799
917964
878003
-502636
109038
849032
154048
871284
268027
-848721
492929
120490
-555806
-337301
-691147
145831
471643
62322
-149112
-49482
823010
3219
-82093
-608489
-908204
508444
21195
-224336
160095
253051
-945766
-520271
-796547
728985
518377
-878644
555408
-295473
629652
-956237
209362
-328287
622029
-130355
-650923
334418
918490
-642129
-517044
-258615
661420
-920319
420308
-929013
492064
-862053
346555
-333550
-468529
45246
440027
71138
823035
367823
979769
-862822
654957
530322
732127
33962
429569
6674
-867425
641415
426688
-632247
924630
369116
-686992
-95363
868929
417062
-530314
-554388
297562
150900
-666255
-470149
-895511
-457357
297539
802021
-743305
-832563
-234815
-217761
-205508
688074
-457105
794103
-378227
723328
578236
676099
-600006
679336
633961
-763841
75570
240552
-142054
782577
-249452
681424
-912864
-786680
-410087
258158
-304099
60218
534248
148255
52929
377580
877786
524434
-414535
-721058
-87901
96971
132908
-296949
-880990
-217046
875386
-398734
-466802
-226593
-367985
635325
716709
688432
152053
-608921
694569
66385
-906058
281217
276636
255977
965252
-630912
597366
-653957
815091
-535662
-118055
315480
796379
-643109
683011
824613
863315
719221
557888
-811625
106422
443076
985136
-787258
680608
-335945
-445377
-535128
458605
-848963
59682
747926
-986416
351574
-462429
-831168
356535
871274
645646
-235539
490101
-764406
408997
-286519
460973
712880
-34805
115898
869238
-245947
880205
-979351
-238013
271176
342802
242667
-20650
500328
806748
548849
199458
779841
914133
-273536
829292
-184057
-69850
-163695
877118
-635725
-664288
-957464
245516
-484143
123273
-5655
-125157
670795
965980
-18243
-264999
-262997
-238327
617732
-218111
-883709
696702
-422520
352725
-173052
-25510
-513854
695310
838068
-515488
701437
-28210
671321
684089
-745052
-371739
529827
-503380
825867
-881398
671014
590132
87977
170762
120905
-811272
-264073
430337
-607983
900618
-743491
-324049
-871147
395836
-654652
-651073
-746296
-340077
431884
339563
-385113
-71666
484512
-605237
46024
-994087
893545
-962398
-229045
804386
528036
17337
175896
547073
422984
-961634
-497950
343066
-948501
-113495
-850708
85478
-435096
940352
-385959
880603
170303
-171416
-781068
-599818
970425
-830927
143066
-835827
-157222
-291211
-400557
346433
579977
-127273
-918397
616474
956504
-359186
-167367
-726194
-89953
-907631
-932054
-490477
-772160
-702139
-727576
-455362
14076
429084
-808500
-242592
478764
-575429
353651
165414
72747
651729
-279961
-177370
642964
-220848
228541
126118
-662887
-132922
-998102
518234
-147694
-37947
-192537
-715441
-897735
-635372
703006
-550836
-626545
-131344
-665128
-135002
-2946
96234
-457594
7096
220848
425097
-767025
839142
500291
-205540
-22342
-980004
-452030
-708552
-569672
-334333
689823
2840
909243
871084
-292186
-68827
554816
964502
-375835
462472
709647
806738
224735
-161947
808020
387341
691308
-713344
572946
-942070
-47201
978807
-538272
-22174
-962217
-238059
619080
-924398
18619
-81433
-820317
-699014
-521591
581224
166194
-562730
-886603
-654077
-16814
59943
-253602
752531
-715999
-592829
318054
-50418
632255
731138
-724479
215173
-27505
705335
696348
520596
639754
-640993
213247
-151251
870957
48569
-165899
718611
-456707
-513221
665358
-583364
483918
-829679
-641855
584971
339457
947206
206299
924358
-509776
-318326
753878
596137
-282685
318648
-745576
995495
-556558
659089
374078
-112966
-988298
42455
-495151
-598953
-560397
640505
-942501
-966423
-28899
320571
27655
364124
-601289
-242323
-16326
-988324
-951973
-479777
346180
851327
-258459
-638567
286709
-535944
627796
537662
881218
990058
655059
-233276
390488
-814916
-575147
613346
450095
887621
-696147
-156268
-893638
-67876
-244586
-525852
193744
-572752
-218626
385684
-824469
-805673
684243
-850309
-165771
-703244
-710399
623885
-70574
949308
-115438
-285668
-352486
144680
-498797
-689243
239198
-238509
538021
734635
-96352
491777
-940371
442695
106383
932342
208359
953905
413830
-148068
-677832
973639
920600
-78196
965173
-157846
-916583
-62966
362986
-115891
701781
739041
-167951
-695011
-993205
-980169
426336
-247391
557314
184308
824968
-788877
-64825
268927
-310973
-447108
-658066
62793
144370
-497592
-988402
-489808
-149826
-33559
-670188
-83115
460886
863056
479359
827179
-385289
742405
-935
899593
512908
526144
214309
-806825
-90009
328700
846948
663592
852731
-360793
-109881
-708288
933939
-298377
784126
-703034
-395409
510820
-685690
-72419
261263
-710406
-872209
870963
-507398
-49949
-496807
354899
-758785
-234083
311232
-365514
-448297
95686
131284
-733116
-844190
-689422
253568
955770
-555088
-621771
469210
72908
890554
117314
-81726
-496872
583169
592543
363429
763879
562535
35678
522388
-935562
511058
-412
380754
-664883
-766659
335548
33846
-241238
128712
-946503
-240286
237960
400009
87946
950275
-789289
-231286
210644
490429
432295
727486
515369
243425
-425304
-675552
-878415
-655420
-389426
-32380
-660303
-4682
661504
719911
514445
-299387
-176709
936020
615129
307048
-340275
-230713
-501718
-172439
274960
-270605
8731
-427806
-170695
58983
-843768
-102243
391838
-485652
-270312
-177240
-544951
28409
428335
378094
-557593
64522
-47104
-921286
627879
333941
662745
231572
-250136
-972829
-179668
201943
967774
452319
451655
759919
776162
-785672
652004
168718
172342
-314103
-609445
898607
-299178
522564
210712
-409217
909329
-572022
274841
-910286
-342243
811681
866255
-137056
-50407
-758210
541568
-432486
-493829
-705537
994879
22231
-902299
-547460
808617
368125
-104117
-94627
-37008
-744225
973341
-734601
-796321
66163
-972536
96354
-514322
101842
-578210
258312
-784700
-769320
-329333
-530347
-153840
740287
-294647
-64851
902169
-253209
894011
-180317
57119
35903
685696
-989856
917935
793095
836208
-344599
-149829
-687568
-47190
96829
126030
97855
35868
766831
-866489
-302117
203935
-486070
140967
724608
547709
762687
-545262
-735378
71554
-107357
14808
-386882
499582
228769
268981
-374151
129
-238563
452619
-362587
621982
-350036
155779
275623
658886
-60061
941806
-941440
754653
-831177
667752
-812954
476801
-106642
-663579
-656459
600561
446472
694220
420400
-30880
850229
493922
974290
350831
200087
-342819
132356
-990143
-250929
-619971
-140994
-700019
778287
754500
-108444
-737732
-856688
989061
-519785
-13347
319826
569687
-139633
-661615
-802092
651815
-825612
711615
810748
-893942
-143559
764730
-996917
-48072
-471652
-65676
120301
856535
-920883
696760
-71349
-604519
-277524
212400
131707
736178
501155
-556952
-317953
156776
-903819
-683614
164821
-292091
854699
-579203
-843743
-252690
227456
-624719
-224881
-925863
819020
-609638
-89705
-920658
805486
912088
-886834
-339579
-601284
522594
227369
600986
281972
84727
-389443
122303
854611
191834
-903989
-821739
-479962
-331403
276884
-217919
-865727
-943815
51905
-760448
-58477
572284
848259
537030
266309
417313
228914
-710027
-249370
-705477
-781285
-936009
-659864
-887836
-946884
709803
517175
338287
-500485
586507
557117
94305
-21665
734583
455825
-338848
-622449
-417152
-657879
572887
-316293
-153299
801548
-751789
570346
503603
-291230
401439
-153667
207506
-72290
-750707
125006
759066
458541
-492767
-541837
-755236
633443
-293206
-5441
653649
-736617
-9037
373384
-941226
-9865
-733198
-42977
-415338
-726535
-325136
484352
258048
592508
282376
-847187
183528
-870534
710741
-508944
-163506
-647871
5287
624948
492449
309882
-919362
-386092
-955594
-702114
-818226
-372609
655801
719028
121652
364578
453292
-609723
871771
-735105
628155
558141
-598493
713982
-852327
987754
97529
-231613
472933
-202783
-671017
-979645
208753
-522309
-982520
21780
-313360
-629114
-591086
-246009
-426622
839318
-611001
-554121
-464778
831807
797857
22857
861809
-863064
288950
-221304
59376
-10963
898158
-651382
664476
-452312
-373216
-324625
-658172
297635
430017
-115554
-362992
-540438
-96751
-510694
-273216
614676
88436
-432746
748252
814187
-212468
-736456
161438
-838364
442060
-543290
29540
-764352
-116751
-115306
-557050
-385355
-236456
642205
464055
641540
104150
-224120
-424215
-121010
869542
654627
397160
-632340
-335957
-842865
-442094
265502
-744383
824465
224325
-734928
-509711
828401
770265
-761083
377792
-420286
-299202
-485858
317724
744214
-56251
-270574
-899552
-732582
718587
111237
-505243
611881
8897
318761
181377
551033
374448
656629
-415171
-350056
918325
-141647
-615225
-791358
-523758
-422335
-395348
202871
331088
-838269
-823163
-260416
696037
487517
288198
-75849
-538136
-789271
823968
-237877
-199348
-731953
801220
-366117
-441358
-573619
672509
-36269
-91274
-531743
-500727
-509347
-48748
300961
15555
115266
-697556
-632021
-740348
-77345
438482
-176743
-135542
183698
-808802
588068
-426959
950824
548813
-268630
-450798
-691128
59080
-753726
-550912
546795
-982953
552427
338426
-357624
-136706
695956
423489
560248
503687
831736
-756344
-301195
-582260
-840257
-637642
376310
660580
-495135
-514959
340809
-86991
481902
-756021
-371513
36887
618909
87678
398492
-616854
241576
176899
704650
989788
20099
395562
516621
-975558
903743
106371
-544334
-482986
-44553
-369364
-648164
-396016
-727936
-626471
778322
-338283
40429
-606507
699875
-583283
-859890
-94275
19091
-255741
378175
721436
-343201
-628608
-302212
105970
-918239
881025
-287795
255101
-447622
-433919
-47622
215175
227280
289649
-698536
537445
-60543
234783
-409994
2415
123163
255541
571796
-59559
-271265
-157781
547512
-223143
-35146
-562900
-428389
720024
343214
-440490
-168085
-375996
393773
-955090
805382
537368
451300
-874487
988302
416506
862346
-46882
-893468
-158442
-228763
-311831
820018
765170
-992326
-502923
569550
-922295
4838
106043
959620
-322723
-340653
432669
-202007
-188805
288148
4895
-735333
151840
374719
874354
329078
-345138
-784414
-534525
-810078
627433
26724
193376
-759086
182699
-870015
-592745
847427
486946
737837
691966
428541
198600
829498
805862
-480613
329579
-541025
-175173
827027
-596498
902872
-167570
-773627
-301698
-640926
66844
275984
-271396
989010
-459505
786866
989374
-316657
-944341
254217
329054
-20204
-82772
785414
68323
-536457
-967883
-545418
443981
-966553
330492
801948
-510086
465403
662696
-628655
510914
764478
739221
-85969
-164908
554407
898192
-150115
113683
417543
-633995
-646594
550093
306204
-507542
-749355
-219638
311582
-402477
-111163
-699242
-60014
501722
-354121
852916
-993949
191700
-229819
-664458
945351
418700
479855
-781473
-293993
-96691
906654
-958542
713882
718178
-406258
913796
-725110
-534237
792309
198981
-717027
-126142
823302
-889159
390833
791102
205916
540549
431252
-504150
-86150
-570029
185415
248794
619988
-298657
-464985
-914784
-699118
-37031
-336436
383692
-343892
-408980
-988337
840957
-47464
-654331
427866
-186971
-490971
-566840
-651443
-908563
-185726
88660
-779871
-571750
-574109
410637
-128870
146231
-652482
-878874
512290
663982
-368381
88818
584386
-170960
959164
-195595
149086
75375
1336
34791
693094
-271548
850966
70723
-125695
-85708
657754
-278421
34047
1559
126019
457978
-133971
-67433
72473
325585
-751319
-233221
-14204
-71348
-265738
591946
-726655
350774
-523425
481281
-521196
734549
484821
200785
-934978
27911
-475859
17005
7394
-708696
962191
-58240
-757999
749977
11990
416378
-428115
-258291
-241790
-166008
589526
239090
-65696
-143391
-65154
-482644
-776330
-856464
797056
-324323
-999019
36254
-383264
118471
46087
351734
870411
-708098
804914
559617
-238656
-497013
-330822
-514812
56399
599044
-563419
337286
-300122
198293
-178709
-391319
890277
-850844
144329
553576
-905570
996028
-387861
-497440
192022
728408
430942
112940
-159316
-365015
-578119
-99071
631890
-666145
373484
68021
-487360
-570805
794859
354706
222972
-135151
-320737
851134
-953948
-190122
-531988
-409519
-95671
706152
266106
436052
153944
-194869
924980
-710599
186543
354106
372014
596152
-761769
624875
-530275
809402
-970229
857141
785317
-805829
556314
930551
-875986
-38389
-994637
103417
400251
-327301
317332
-720538
-819192
-903598
-679550
651667
385581
819567
-819184
878060
-538581
-797598
-782534
-50491
425559
167106
-688391
-234070
-844404
-92737
-516651
-143182
-35494
255465
-647756
-236428
779370
-825548
522322
-162949
2384
860365
-365646
135016
427403
-124371
-663523
583140
322032
122808
-779995
-393091
-703400
-359330
682943
-603551
149099
879358
-930932
-998993
980803
-610210
832633
-626159
797484
-104644
-547506
696069
-802037
-758073
-712535
103187
945753
-271051
389856
630701
-622034
276784
370494
-61385
-248042
-249758
-160350
366640
-465612
652274
875896
787581
-717249
725476
-37603
71469
-326110
889340
-890182
902549
758622
11031
514872
823260
17897
-248151
-36141
-487684
-824213
164136
726760
662
355711
-572297
249722
505881
-494183
402291
-438668
-451016
-770505
-129642
-528397
294479
735521
-806810
-731796
-570308
877388
197279
646810
840504
-480865
-705786
140327
-573516
-438883
940251
-671674
-760567
883837
-934054
438122
-648412
679768
-171509
-421654
-994664
669818
-623571
-374481
-812334
-226223
-319703
-740217
-307962
-248047
-617304
590255
151995
25617
303062
-92434
-622301
761151
-451217
-58868
27982
452683
865641
174296
122346
-373648
-735236
899447
51211
-736074
-239047
-649889
-36793
127695
341272
117114
82493
-349451
-806369
682939
218737
-69176
810880
-287042
69138
856975
-139732
339191
-816263
103651
-375992
-876163
-28115
-729977
541319
-480150
852110
539913
230511
672402
-288959
552783
-302215
-630437
672610
-716196
663047
-47770
7340
-680483
690816
-952062
-574853
-92354
-744978
322512
452707
581252
-27291
-946617
329589
587210
-310172
-129650
964357
308657
-499103
-274845
345809
11543
289725
-669015
296002
-331732
-933354
-136247
-578232
191385
341803
-230007
250702
-508697
315549
538117
-337212
818409
-220012
-385128
-388419
-111367
-147137
-604864
-17409
-695482
95172
998286
761013
-413465
-142554
988470
-135788
369716
-80164
328129
-706201
133035
834697
691293
957833
540662
-805188
718751
163648
-989012
-84567
404577
66864
-553482
958138
982540
-182238
470901
-797332
-484282
175429
-427549
692157
-115551
198395
437016
978845
-871285
-371864
-938329
-906630
-547748
-699798
-578271
-428491
141180
-185404
577953
20529
-883491
246562
-224970
-807549
533488
-786955
-504833
30952
291232
-411304
233187
-597209
-399862
165902
635094
195162
-747321
-739732
252142
-175265
-430942
-594720
-845912
-435520
-8194
-141016
-475287
419674
805041
882048
80047
725367
-951620
618742
92582
-368040
-991302
424034
815812
116007
683195
958772
-117227
992375
-831383
317179
-402260
-595972
-132988
-951711
-608783
506128
-669923
844605
-840124
-250786
-619469
-568902
-775838
-944132
-555025
452659
-654698
-772610
-646599
-311614
-123934
443978
-419815
450540
985799
89726
160304
391905
721218
5091
-789454
-518473
-407298
-317883
759293
-874538
-663089
-120190
232705
623606
626684
588589
333953
-570898
29366
911782
474066
-170677
18039
414015
68126
-558059
999612
-729776
-687299
682821
-576070
453754
-979687
-314358
-756624
-63959
-424018
-101836
55329
578112
685044
-313353
924030
-133515
880311
-371315
458169
223444
649094
928505
507121
-738896
-979201
-972673
616812
139786
327811
288726
-120438
599282
36342
641273
-321687
136144
130476
-585391
-697134
-210372
100500
-817620
443406
949825
-497948
519357
-65096
141980
853042
378108
-93220
68281
-68885
91131
-552433
-703906
-329715
848764
-442489
-266738
-344586
259696
982583
-797124
-847501
-692404
-889285
-585259
-352663
-942322
471210
-382161
781833
-934062
275151
216844
166153
-361023
-659039
-205629
788318
-599710
506507
-295769
199856
-297964
-731953
137097
-589696
366691
-309189
-190034
120256
-970467
526618
210607
789692
-936897
-460140
409392
239548
-684434
473239
-356661
-620863
161514
-155029
217420
57554
615145
-470313
756368
-336807
762190
637635
630523
-961478
605961
21431
-406861
356916
484986
655327
605310
-802737
448935
34204
-708667
799542
67705
866264
-610844
-938427
693281
921012
903074
-375818
981651
275889
-113127
-156031
209002
-527359
-638199
385279
-513808
-308760
112989
-185636
-46411
308093
-299168
-948519
-950719
-757161
-492726
-699916
141959
-561201
984498
-124192
722211
-577001
418374
926751
490106
-458719
491015
173175
391210
-333487
-745760
884145
-473851
-249884
194643
-377224
-651510
-310884
656050
-738451
-952341
134114
-806662
-652163
-784206
36467
720421
-246410
961913
-581561
-722142
-305471
428875
-511542
-830709
227382
-82876
-285312
-163399
-34598
27937
-743010
-569569
793968
-195266
-467817
-969446
-902088
169047
486799
267004
-462264
462881
-237349
-798010
-354639
236727
395742
-357388
-129401
-224907
-994924
68451
-216777
376144
-91917
-804875
-837614
-347144
-187993
226672
819614
-356334
-253567
-38635
-772841
-764449
-317326
679052
191324
542963
704447
-366372
832475
-319076
-435505
374607
-385968
818312
326183
-337344
-619907
-570487
-623895
-479243
292808
-262835
346427
826335
-811101
-398323
484284
709793
-565124
69504
952855
87866
-46934
-835020
921296
468416
268364
336879
94690
-40675
377996
-560865
-150733
-500610
868106
916671
754274
507289
-904452
755366
-646730
63612
-269248
-190728
-563857
978568
826251
182540
609065
559575
156018
-536921
629209
267243
-596673
390438
201947
75638
-725959
-717725
458087
-631283
944977
-53540
379405
-972040
-754591
571066
-809159
830644
63324
920065
488882
16854
-510028
-54664
34664
-544966
41934
-632067
-948671
-941373
907628
701593
213179
399670
-729956
-335476
-451714
747494
474407
989436
-111769
-394545
-42350
105324
145230
-580458
4086
152395
-143488
837925
909966
512540
-808252
-59853
360066
-608430
-939880
400516
189978
-192531
161565
-149015
79914
410243
549042
-85145
983473
-91730
402599
-578599
140105
-725479
37697
-585368
-116239
-46732
446161
-313606
611629
-732508
-395137
-974777
479977
-440129
-609457
-602016
-951237
-172128
126809
578685
646086
-468627
-161676
415165
-978586
-84138
-433565
-926278
273912
-788614
-161023
-850143
547329
334996
-989374
116432
-276972
-817857
-443139
-3839
335407
61689
-784093
-579022
-835601
360306
372412
61354
-600212
94078
-611843
947266
-596017
199241
-341582
519265
-66772
-748322
-891477
-15299
183986
167807
431762
-339793
591226
450567
615904
114982
-94265
-212305
321405
370928
273660
-815631
42652
-636536
-214381
-173998
-548862
311703
-269559
84354
949724
807425
-268589
982177
212393
-15807
-404777
-190441
-318246
-843556
-470480
770001
-732249
-513484
30241
953201
552911
308530
964267
-665105
549482
-10031
-240299
-30076
-221934
380652
-921769
-955242
813401
436505
371268
-346385
414957
-643512
998435
-809943
694436
-251319
-40674
572367
436122
-608802
92783
513245
587544
48777
-229346
-505791
-311042
-215996
114266
212202
619613
884688
595128
-458896
895577
105113
-832892
-502038
-796498
-133258
876057
350217
821552
80769
656743
-536368
487608
714105
-249811
390592
-153418
944942
-309788
-210109
-882590
107058
669738
-996687
-168661
-759000
-842435
-68568
303860
-301393
517036
-839257
-730796
-254064
258280
289825
329274
369221
487822
14276
802513
-590014
106272
140102
-308983
822290
-24637
555195
-131057
868536
318753
431566
839978
-155573
322485
940583
711800
-705717
63460
705949
462260
835984
330800
683504
-22615
896257
-126187
10573
582499
366806
-679890
707496
-176726
-406874
-805995
-33820
-822972
683247
454275
38330
88696
-472922
303264
721440
463934
794672
-715425
-482771
-917222
202877
568807
-485121
-287847
-706128
-625793
-528536
824222
225679
-250270
-689393
-593981
-626386
313145
419815
-655495
-357091
491593
-59106
-327626
792768
208960
46084
-32674
-441931
143796
730787
-108604
-356012
281319
-503072
-432307
-654362
-424293
528921
298091
-826722
-559855
-409219
489543
18688
-735786
-85829
726730
98551
874713
890891
564220
212167
-596835
-173534
538657
-581216
-221964
162080
-502641
-950671
-557411
-157491
59134
909677
110725
74770
157820
-912940
395016
943759
928326
-513406
525498
170659
-652759
912208
318219
222509
976084
360263
-628691
-820450
-592335
-163614
660096
448333
-719290
-401835
6135
447422
-941093
-85557
-288525
509539
589246
844628
-836739
-774258
276519
4662
999699
543353
250199
775028
694251
-306946
355470
-100786
-390212
-746000
-151239
993566
-909395
-761467
-249236
839823
117787
892550
-927941
-275120
67578
-366167
-620361
97917
-955929
-20849
-877481
797680
-185400
-623491
-339928
-834701
601654
34691
-441522
-461661
-791472
-10242
-115207
473231
-680662
834273
-269398
-6581
692487
702163
896482
851370
-352462
586577
-625367
-741824
816307
-535411
300030
120529
-524580
884313
-245599
95843
842737
999271
-847267
-192320
552671
-521814
-398612
-535737
714083
-265593
-890366
910894
-22448
-969667
-446359
-211416
-374899
60792
633840
-667232
-47710
-680239
-655208
-441598
-877248
894950
-693186
-997348
-613929
-773972
792667
927079
-953120
338249
622586
-215798
-717674
-410065
-293732
690429
-14344
-955352
554193
-665562
-267179
-209676
123096
910460
250287
732675
-51373
-792784
-160889
388684
-680260
-249070
666295
-361856
496379
759759
-396809
-785929
-857234
-646733
-559588
-4366
291129
-766536
12131
861828
-383274
-481629
-296960
726833
-748555
-357357
925855
-337778
557869
103111
698261
558288
-312914
913961
727619
248272
387987
280949
109554
468670
-301774
-497504
-827357
375383
-706857
140050
-631329
954165
498847
473001
-381872
-243361
-359764
-718551
-548885
-874306
-121327
238169
-257189
821297
-116852
-592368
869955
313618
-164504
135704
-655675
-484779
937739
649228
900668
-3429
-178459
-291833
839878
-187825
515451
-303544
-832289
-988632
-969100
896819
953354
-762131
522702
-727118
-39511
-498859
-438963
-494327
423780
-103605
-887961
861678
701691
629785
-235596
-354455
130746
-16509
900077
-924818
-258134
-954076
-386567
65970
-334698
-272726
604246
361244
62157
-163053
684711
-382626
-793862
331091
31229
232493
834228
647540
-646689
-991830
-857508
840653
273285
349912
732304
-195318
976805
896806
-998358
832390
-339664
-243907
-364996
63322
-473445
175682
-497517
866691
531609
-80954
29280
-250343
-341209
737525
501022
760483
-423615
961695
-956770
578305
533942
-76247
280276
-685188
598314
790278
-594625
256899
801499
119069
473880
-803431
232746
536675
-769884
-763952
54711
635839
-542423
739301
-601069
-328318
-535220
690511
-580741
-850337
892065
208880
-70248
-579490
5228
-526353
-978588
387206
235135
-725545
-525670
-952296
965762
-166723
-127544
182159
552097
-378592
-797933
-806369
-512393
-178254
-448055
-375408
-499238
834075
-742066
669236
623619
-570792
840563
133557
711116
-607729
-298064
-24302
1264
93228
-943461
879394
229787
915741
-39567
236581
-812565
-281531
-952696
-11932
-614672
-53780
618957
711788
-214365
-993306
541946
186346
355257
252135
-118817
-547673
-634049
-59626
-532210
-481040
88277
-580997
-211174
-449259
638549
-104784
-284321
-435211
840651
562188
12094
-745357
-416498
438445
-212758
388859
-696779
537326
921514
947421
-155135
892844
46601
599385
693442
-580107
-99886
-71373
-329102
762874
271256
649937
794301
134096
-642150
414849
105107
-997636
541351
46246
772994
-544580
363850
339522
-118790
964480
-380380
448788
-272663
30529
671407
404455
475126
-531069
-69755
-773685
-500978
942679
854570
-947410
-675540
-973963
-218092
-449516
-613860
39799
-598950
-303810
-655934
-781692
-309700
-730559
42307
952253
335312
808755
-904052
-961791
-573354
955243
945926
-553869
-443138
638937
533013
974715
820599
-634182
-497074
505320
-198828
194620
-252095
-870500
30479
357779
576647
-382962
491844
393951
-321113
-891934
592440
733541
475920
127668
-362367
-381075
-665237
179267
397682
-621601
-803519
-54018
-330936
-768984
-526460
-435548
-931219
-728545
-867900
-782354
-695941
827650
762458
-953323
-534879
336291
-324568
193860
-984123
446521
-338232
75115
713145
-69194
17989
-235459
910027
-507457
-399157
363381
823003
-445899
-864526
-588713
876703
635744
-542814
-453439
482422
-778394
-186771
181306
555809
-123844
-585236
749108
718101
-441006
157373
624892
10434
705821
927194
303318
245463
-200798
414396
876444
108831
-247554
-136527
592991
-448094
507904
-775588
-370378
979919
34035
973345
817347
143977
142875
898014
574001
579290
472354
755662
-467941
-996699
-381339
457037
-711548
768572
-29131
19703
172469
5631
569993
849915
-88751
499825
907543
-377660
-460734
954602
-115416
-414802
925346
788850
-121327
-436158
-741324
404913
-83603
-876411
-112498
802933
502669
-727874
-479544
436869
-301491
217234
988703
690904
-625891
7929
892216
-695728
-711914
121502
-630374
-210575
481911
-772448
-325741
-183656
186397
339508
219721
-454334
959201
-740232
32640
-209559
658226
647966
-544548
-191075
520813
-121416
927737
-729051
-321240
313936
814291
-518041
-970725
503291
961111
-413429
142426
-41164
510650
815497
-483251
-51811
215513
-458633
652630
886279
185910
878681
-299154
782608
-117122
879670
-8020
315427
592205
120029
-643176
-76699
-750290
232207
627761
-147635
261603
-215133
636953
240432
450822
374765
472052
429552
551192
-296602
398827
97783
-138125
-953411
-775534
443132
494983
-953762
817646
-187518
353655
-632795
-345359
-486694
737815
-787831
-158855
881611
678918
472463
-377862
707751
761428
-167847
513172
237524
678987
258667
110728
947312
-421376
641022
616464
-863783
-288636
-681355
-883821
-81299
643623
-945884
-165034
-98080
-971325
893280
199494
940340
-130220
-437504
36705
520878
889483
-771554
649601
857450
-305005
-24495
-264212
154472
-358540
949980
313434
645919
-220386
-167547
-452816
118553
-784281
-211493
-430962
915611
916826
-743900
-408625
146999
534962
-37370
265274
-700309
876675
-40525
-148031
247271
-432367
-181647
139315
133859
-49695
404817
-54536
-601899
-860872
187999
843443
-407520
583570
-423333
-73820
293957
203846
808751
544508
-425474
648891
-153106
821444
186613
-85184
-406888
-101699
219689
-601002
-396027
-570000
-794919
-754709
868033
780247
695013
582007
-783170
163986
-762948
74790
-16647
50121
-70316
760068
-351201
356298
-569587
843056
-17616
-707854
540928
362230
-90095
548463
-699675
-78450
-991227
276572
156424
671877
957615
20160
90094
908506
792702
-115946
54461
377651
-235142
819168
-850158
273255
109647
304528
-172346
-135537
-556415
-997733
-756842
-919624
-270806
-200640
170789
397238
461585
798707
111738
-894252
-78347
617005
-252652
849035
-476974
-905345
439707
229868
-346629
981875
-223998
595497
-363586
-514134
-982827
-522339
-178421
538638
195578
-999040
455472
888150
-859781
-848778
-968815
-25803
-676209
402589
225022
-193264
-76598
976510
-238009
385515
502110
-34163
141583
110135
-923820
743532
-962603
-347936
175725
-525106
-986237
-907949
-843186
376421
-945729
-246677
624822
-899255
-613761
-688915
-460212
117312
311153
741792
-604519
360525
-862358
8256
-855295
-669401
19768
-957660
-819045
309473
-744248
561761
863480
-415954
-202048
362166
747668
-270788
651898
-411561
519188
196520
-14938
292369
-991830
-68041
-664294
-220663
-119050
616884
-855138
-129451
-325240
303821
758132
-907466
-786413
-901288
150468
833348
733787
305057
752264
366061
-137544
647934
-241245
612027
747155
342821
811899
-958593
-397763
-776802
-147105
538371
884572
-419551
-692712
414404
226320
-150720
-196126
235260
145798
401767
564664
7127
-431286
409217
674263
-912358
70237
-768095
798504
453645
-444002
-712681
-870261
-496956
413706
757932
-456737
316417
666827
59248
34500
398779
437610
-318684
-531532
-104084
196718
-578565
-876271
-751082
475162
566695
-849955
139518
639710
-477878
-626333
-58084
-695035
-609457
279498
-875008
288813
381717
61855
-49052
-150685
-779858
999169
-697397
-617404
-101953
-766150
-215011
32537
757377
-975697
-381261
152710
-625348
-38370
111338
-775802
743848
330499
-925746
359986
786493
-815138
854183
370246
396124
580146
629596
-593281
-801230
166644
651322
430773
-422311
-681973
92511
-362245
-713389
-908575
-451521
-130996
132
-558709
181387
198102
-927296
317951
-825062
-951537
713698
-174440
-154459
91251
476086
-820038
49894
-69667
435660
552682
-515419
-888333
-672637
-460254
526053
-185909
-982176
572718
-621748
812480
377676
621132
-548829
815075
-616750
631859
238707
650108
719036
627139
625055
790567
-630169
491981
77040
754850
454792
716062
96343
-98569
358336
-948775
380419
-966602
-528232
998787
460850
-32126
-911406
785641
-590543
915228
-620730
948206
136229
-616929
182603
842393
386456
598270
-628842
819346
164490
-684442
-180677
706863
11945
-96265
-701613
358439
74690
143928
-496437
-18689
983220
-57338
-428584
-985271
-171204
604122
156294
31117
493256
428454
893008
610954
960588
117440
-577797
-886797
524640
-709781
746065
811389
517185
268049
103326
-866299
143028
986344
651859
11777
925647
492063
-766769
21234
482981
371036
-397346
571627
335315
324460
84569
310290
-335711
731030
869093
785526
-538630
718512
454081
773401
-728549
755791
216408
843583
9694
-970312
200394
653850
-108655
561437
-794758
-50430
515008
177373
-710772
235435
720406
870724
-869433
641976
337302
647724
501734
24167
-488723
625776
560125
-801759
346391
-987360
-835129
783092
404184
739622
-416271
-634133
-1274
-984125
316079
-298884
-753524
353555
361614
114062
-351469
-79847
-177279
-966230
-228896
-313709
785678
110267
-803846
371781
-148073
387981
36066
-233691
215995
-888123
573593
-256266
232588
482749
994956
-610857
504463
879838
-559726
834665
-606933
562235
806627
45132
188388
-869102
-571640
850885
-912794
-977808
-731244
-159881
-222781
256222
174958
454633
-511594
-875730
-898615
587967
-163617
856378
417634
486212
752178
549189
449166
835831
-470711
867947
996614
730597
987435
415354
95190
920146
-831858
-407665
-667394
-659396
-901027
383633
263959
448983
249368
-579975
624948
75904
-30560
-977236
-464869
851846
342915
-368294
83632
-530945
-196385
746975
-958937
-793347
619388
941012
2703
-408162
-771328
922258
-10413
-578970
-229116
896139
681493
-675513
-34689
-496323
-180139
-425265
705298
-127741
-861358
-497397
299810
-567726
-530954
873576
959122
363947
-901656
279711
697527
213890
946863
-289034
722252
-479944
-180909
300306
727919
632756
314257
-446850
-44812
-455601
-80228
343470
-899468
341692
261730
78473
-6417
983114
-538492
-39401
-958065
-357633
-732487
412501
-833608
858229
367205
975184
-724660
383722
-222624
608369
935625
661055
201514
-674525
32605
-994423
-921351
-652429
-724673
-109988
-610739
-677847
-346919
-239988
-462191
-82624
-360926
-379280
81010
957570
-142572
128057
966682
-263510
-47905
717655
495894
543228
-180205
432491
796050
-40519
589291
-821911
421804
-205308
-52069
363117
-776597
-585405
-293835
-271645
-60635
233031
-251936
942264
993690
-385039
7065
183146
307558
-544272
-936862
39656
644082
-377323
241547
-590246
-200270
820544
-349980
87119
-345738
-617575
-474749
-672642
-56986
-552469
-125665
-908586
286925
493871
-560992
-447721
-205584
-426784
-776902
-94378
955877
594763
544791
979012
799274
-659553
473688
575
-440389
-893131
428326
551513
103441
708900
635845
715626
624211
822868
-77602
-74119
533107
85965
-233727
753725
-551617
-20752
-728161
192254
-935893
757672
851529
-60772
-121535
-211858
183321
789952
974118
124967
-834405
283700
990264
987620
-341781
445357
-827162
-168249
825771
-900497
-552523
-882637
118966
154270
-949787
213202
30894
500545
125674
-39740
-844231
820042
999500
-721335
-15826
708571
-977375
-65250
843812
-602987
759100
-509589
-332184
-172872
-845081
524384
-886691
698366
-220831
-432345
209178
-195193
975112
887614
102611
-169353
-630614
-234669
637934
-801893
675144
-594691
-823336
-776700
73670
655503
791853
-323470
-936405
146619
324519
381986
-574851
-506028
298616
-953717
742170
-500072
-493892
-560843
153508
185900
-473343
743153
-197435
-258804
476432
-516335
348148
-962715
56810
579355
-422692
472873
570066
815472
-846123
960767
-855687
929089
-76824
-250852
448080
-436903
-440677
897485
-290006
-152909
563674
673712
807548
711510
-723720
345726
-669237
299514
-177731
450391
114850
646370
-640624
636542
438924
-756350
102907
-219874
-123324
941387
441178
-639917
-179891
898347
352069
472361
954607
278677
-195302
-359168
-96951
-666126
407906
-709595
-23577
538637
100536
-202927
366342
147574
768824
-585203
299745
174301
15996
8490
-166283
682322
-912409
973476
-154215
-185379
810008
-812259
-102871
125597
-711385
484001
-213698
372631
-37672
836911
449977
-359402
539419
711727
363787
-507444
792049
877794
-860870
295394
336860
-774378
-479827
748055
-90731
454591
-974489
384008
-106901
274717
378034
-800718
-26349
-980628
-371110
15932
-424533
847143
-543555
-782850
-333446
949677
915270
-890463
-839818
674935
-334639
189449
252144
-430747
-468212
226888
-775779
178622
-754341
-158768
866047
837981
199008
591648
-659918
-870000
331906
-1398
-685612
562190
-708422
358573
99115
-281073
-784737
-308552
403604
-519001
-129010
511921
-33199
-98560
761882
-253395
601774
-450928
-586916
-792527
113838
-570474
-78248
72401
177165
-535452
414111
-461588
167866
-587769
35246
84946
392870
-62718
810951
427296
-572837
-627147
-275241
-817766
-277508
794484
128237
670661
150861
-517922
-623487
178546
-933984
-406080
975731
-100977
-369338
77983
-445287
299327
951590
-993618
-677706
-74421
-755511
327079
-632451
-785805
825183
605021
-925413
428437
-638717
-505391
-500829
678582
-423851
632216
65708
238333
77034
-820825
374333
-828030
121652
-553594
103544
340444
-521481
-683779
-10700
-910533
23971
-285412
-443986
-192886
-588520
46086
463280
947678
-543332
485999
694578
-897315
-690664
-558803
662182
-702065
682887
263925
739779
112969
-181881
805745
-583049
182761
-770546
709859
-796196
97652
204962
672381
-179319
830785
695746
-64470
843595
55623
-665502
847251
-541817
-481395
479893
-837025
151261
-796232
-872467
-782903
-529424
-171378
-492903
-176689
487148
-768685
-715996
-440524
329486
439959
-694516
-787515
-758645
-735942
-317981
816806
-213046
-493062
-242764
-901259
419713
215288
225536
222406
114850
401989
154818
478292
-969125
-601323
-343951
-848036
522973
783334
-202522
-531713
-509454
836538
683419
63604
-745632
-434775
-167237
629272
-452938
-586942
-675201
-481760
784860
-901622
674530
-379061
780277
987314
-176115
814979
329077
-757831
-93479
820430
953373
-66611
852322
89203
-772115
-957006
713201
630566
868469
-591705
-844620
86853
-230758
-336300
192593
330044
190874
-325351
236604
709098
-867602
-273957
514342
962123
-798171
297597
550208
-579406
-421556
213374
391208
-467505
864574
404518
463292
62622
-241161
-527268
-416880
635553
389550
-618984
317912
491115
703144
-664210
236419
228577
628348
-125820
-46281
-320736
626381
56147
-497487
74882
778664
-851391
365310
-533602
-897494
919136
-547534
441411
-522237
824874
-699514
-282318
448043
506885
-489957
-865491
-83848
63746
-480816
-584675
569217
18319
-727014
-890416
796451
-58868
889316
-86675
-295687
-636977
368329
-40271
809388
580592
-258942
-380350
924814
-150032
-263739
63967
520861
313204
753573
-38726
875685
273743
77783
-504147
-417048
866407
290876
-815111
-14350
-758315
-950278
164707
-170611
761397
864291
-409087
160462
-901057
873200
217441
924036
-420300
445581
250716
-770238
796103
956479
-956753
42513
-953679
253827
-658393
337458
419764
-345484
-419329
507636
635945
-545452
-799549
477141
-136782
-925941
569611
-12729
-709589
-174690
827169
3779
-164558
811215
-963385
64493
-323816
-710373
-774478
-984547
-725272
385238
-261823
523059
230866
-892488
612074
790151
-212182
-590347
-446804
895267
460720
825150
950239
181067
70424
134949
482820
-773270
814508
792832
-316926
-338283
-88760
-662058
190528
-916921
170498
-1287
231922
978040
-481796
283344
151672
700797
563775
-848292
230853
537614
-979818
-166577
-387886
-214405
-684220
639994
740053
-576277
945312
750358
-271706
324855
574133
-243742
192244
86716
-782008
440190
-937753
728347
-457394
890162
935124
233190
825114
134499
-773847
579726
-564011
366796
735472
714719
-102803
-610935
-645506
-23979
-276257
-767731
-70459
427674
144831
-787974
-46137
886123
277896
959275
-605107
595851
-74171
-36815
843294
-812904
-333899
-355955
344053
337540
405108
619328
-857659
74068
-189249
794107
766294
18966
9844
-669594
820769
-887086
-997013
172452
-829603
-454557
712430
908107
289378
-115211
232954
488657
-973811
-596279
161599
-479783
137871
38936
-863830
-252518
-984324
-303748
-675722
262888
46101
-900994
657311
-886128
-291860
106666
548803
-438196
-94672
208331
610976
-544441
296987
-361336
-744764
-369101
-652682
314777
-306355
880597
-800205
235167
-208729
-337041
112872
-449723
-670419
62000
-180263
632090
-283742
-882114
337932
407503
-754919
450772
827986
290105
136951
-94902
-336873
-376642
-742689
-793243
-518198
-768997
314995
-495913
-286769
-772612
-822192
457832
-738796
405935
-364490
-583755
-462381
-179159
-910599
-635389
927954
-910068
-82084
-949275
598762
-299593
471430
387804
330085
105430
-122950
597547
11657
-750889
617618
-172304
-748687
47704
219032
-256515
912161
305416
-744618
658895
51157
-89265
271850
645055
685393
473548
795381
951023
325460
-817903
-219619
-299633
6167
-486344
-482189
46312
188503
244916
-700067
-601233
358808
-346320
845483
-454368
672215
55523
-606561
163370
-66538
262223
329332
-217750
-143232
649760
218278
980815
658232
-737212
825979
326143
87480
717897
124618
-790639
-245170
-628064
-352720
841482
446837
540450
823612
658845
58370
-781639
-878600
599389
-725534
-447387
628628
31588
-304740
119792
-171877
-236588
41934
923370
-862758
281565
-396936
-545213
79686
-405048
135583
917690
102932
463078
-299814
380430
780338
16814
168208
952698
414601
-998787
-402786
211636
-505500
-878954
-4610
991911
413398
-87617
145041
-912539
14603
-408792
939330
608949
-117720
524563
-667618
416974
604182
654778
701565
590778
223402
-597757
541032
-942328
-894462
-565760
-755612
-720268
-673546
-89219
-283712
-165958
-501848
-758428
818588
-583662
481494
-158255
-60280
830275
-818993
-103796
-502514
155630
-228322
621792
-886740
881873
363577
-185392
425654
636591
193049
-786394
-828800
-49237
615612
-726622
611183
730397
-607568
497360
-456430
142058
593998
-766494
554202
528133
-542548
263689
-468603
674018
-264328
-233348
-830792
86641
-253436
-857457
-12597
-654647
-792860
652446
-958331
316925
920365
-723345
234785
-839565
-37693
-794688
305868
385824
-663361
210627
-502867
-535390
-604625
-621765
234345
-695345
-220094
967149
480552
896382
233151
332396
-835173
347451
985837
863497
15646
-528872
954357
-621869
854663
-252745
908814
822691
-5587
-702884
-595251
-624530
432928
-965774
-775862
-668471
-835006
-810203
942518
535517
-403886
891823
795913
284259
980499
-683358
602974
-664618
-427230
702297
-900974
-504960
316473
-543964
340433
-181680
355155
631219
558112
-778714
419877
-69412
-82145
782139
-548287
-820082
349408
630646
-474486
541801
-498207
795851
-845657
652389
-881302
-553887
-427173
-25398
474205
-752230
-694217
863537
214770
-472730
-209986
-509127
-243016
254749
87660
143309
10245
-441013
798070
-242489
963020
-343785
-675475
-629823
-770428
-658725
-540479
975799
597089
120293
183679
857059
-188977
450278
300209
65958
786910
763603
-148902
83838
63137
708759
-606704
790522
327214
-551711
-27712
-565131
-760702
-426300
-63248
-449619
191246
23562
-501339
-290013
50949
992548
-105367
-573181
588440
989646
874477
895916
885080
-213726
844220
87035
-130631
-618249
514442
578312
136768
864428
-674396
752303
-762070
-299695
-398298
555181
527083
680692
425980
236446
-571565
-773719
-211868
932426
867053
9365
59780
-86887
-717578
493982
285051
733538
-295664
345199
365150
-609579
-188519
-33354
833480
-809791
-934547
-786494
-763440
-528930
498737
-153544
173227
-805853
-55802
-726939
-188361
791491
67617
295653
-290594
899203
802350
-376379
-350364
-296838
-470882
-675709
543697
-469652
505310
415
-911819
59677
229566
632539
17422
316474
-89690
-430541
123668
-957962
517308
54826
885513
530597
498231
357221
-655285
53163
358205
566730
213397
-862784
215524
-642250
-344373
269034
232212
688903
-388885
588627
62527
911726
547690
332969
-10754
-116828
913217
750062
284468
407665
-712197
-59147
729590
183564
60378
794678
-834478
-993572
-55309
-456634
834512
-707110
285964
-740048
-528552
218209
550767
-380950
-747285
-981812
90248
-248398
-392497
-563457
-322976
-587944
940714
625833
-95002
237765
580270
939718
-234427
-464612
-248443
810693
-85961
619742
-900330
-203420
-516121
133174
144965
-495123
-741253
-440327
248964
-937952
-154792
490345
-802621
-460807
134525
962132
420117
892515
-912857
788318
-599112
904024
-838313
166856
-194308
-848570
-550541
597246
-136427
340927
189477
-649917
-754902
640347
-583175
608790
583168
-850021
907763
-738025
-387753
107961
182200
893561
-913045
720211
546505
767475
838402
830124
-818145
-333033
939429
908206
-229969
-153558
403140
828616
-974809
-361076
370794
-882278
318231
457377
-553099
-649211
-433463
678986
961117
-683609
397807
128465
-7887
892417
725553
-199477
227234
383786
153890
-664466
881169
174601
-213855
843231
-392575
-356837
-949544
664888
385480
345260
-163534
685964
133150
530534
-690530
-812789
-81603
452144
-482530
158597
328159
571314
-396920
-321862
67406
899483
-970950
235944
-926514
805666
-848794
-185446
675375
340334
93024
-115351
47855
788555
-366062
-105253
350319
177391
969767
-653064
291423
191162
404376
-113343
703168
696803
-849883
644855
833502
69786
-698860
313102
-520992
526747
314542
656046
-587065
-353104
-328121
-788301
-979566
-15521
794485
536393
-465141
-357410
757486
777612
-711747
70874
-198828
-535208
118858
-930458
544430
420635
11511
675822
584233
239795
961845
475582
404402
807642
704658
928305
418749
-235828
-255825
247652
-197598
665203
201338
947442
-523806
-666
689918
356553
527598
242649
284406
857335
-105272
-110379
-75587
86376
-20996
80514
-412185
609341
-801135
118767
-983636
-226663
-675280
852682
-442368
-716426
263187
-936913
-217778
-946793
251509
-497885
879530
745167
-670086
159500
415822
-318303
-166654
335745
768885
-968307
692948
-126885
28318
-304887
752573
890028
-778528
-538544
-348936
-129171
620306
-596098
-437121
-255766
705875
710394
-336340
-4622
497218
-716252
-917663
579443
404222
-575429
694506
-813491
-942820
-473725
-528998
202515
30458
-104232
-521
-205053
458306
-576740
-223183
-394837
-561949
-773401
695999
412881
708194
930827
-40993
625131
948405
-117245
-847615
-902359
8271
-651505
-88863
537151
-973404
-154703
-192784
-501787
-742838
-141659
295655
-564934
-574084
203279
-680755
749902
-929569
-392985
-723109
-539033
-16823
-387445
-910626
310312
-555120
-328086
-408818
410852
192073
712121
-483546
284111
-979547
893435
-260428
-800550
-586121
30724
-205512
-927582
-164734
832926
-665854
496567
-274858
620985
634744
72037
-270901
-578416
-634514
345471
985222
712946
-158073
-648169
836745
973792
-210790
779840
-201654
366544
-111212
-12061
279075
682755
773725
-738889
485538
673458
-161734
82486
-823895
700006
285238
-271008
-633534
135806
-728663
-957255
-956175
-627016
437812
-241426
902513
189237
-934655
-392285
792865
-893780
-203992
-944162
515788
521608
234946
-18264
-967070
756143
78395
-951773
211060
-771895
-251739
169095
-395548
157730
377233
-271297
882037
-721840
-233115
715515
986232
-844353
-894264
-838685
628279
-161303
299587
-505169
-116338
690598
-121880
-223764
-257463
850717
-244585
807799
973515
318989
-669275
-270510
908447
-749949
621398
567415
429532
-759353
717990
-609218
-759767
-870681
-605836
957817
-859454
-989256
170510
476949
841546
144115
852481
-302460
-190780
770963
-464847
678990
296094
-774872
-720861
-55
-691482
30329
-522430
918302
660992
-409226
-467076
661120
-442083
-987330
405262
945833
628441
735851
457050
159068
-801150
-305378
818766
90179
25945
202459
541441
-877861
-130660
-286431
633413
175030
-155693
-645475
306287
388834
479189
-903563
890833
-356605
-671361
-456015
-242744
967125
282003
306372
-981399
-269496
877358
829677
520172
-369016
540290
-890132
-707548
385554
287679
-539929
961673
842412
712094
-813778
-838194
848508
-715776
-467693
-992205
-988247
411135
243093
795830
-861574
-363878
739460
316798
-893787
658074
157688
-799379
-569296
243519
856555
519906
-155312
476764
577194
338135
-437847
-757469
162034
946485
551742
260375
-726036
-622382
881682
-954251
-878697
735814
-529262
986950
-601398
692163
764071
255385
-547559
214192
-376388
-621603
987115
-579411
444153
-410974
-993478
-224242
-48774
69155
-759955
877179
632886
-890921
-834323
-47943
-287548
-97845
467099
863293
27151
-558296
413709
300468
338716
-89779
234154
-322612
-667396
-141238
-31083
796187
-447102
-679885
-728613
312663
849931
-851173
325674
150532
-29413
-374487
-907215
737894
725323
-841904
-327161
-840956
442462
-681014
-864183
-185849
-764553
341236
-995996
619193
-271551
-85462
-705372
-22923
807666
-65415
516384
503820
918367
-9504
183659
529623
-765424
-798749
-269493
848083
-767598
757664
-453205
-933487
430591
281190
-739587
980827
-48031
278731
122484
987523
-876635
936209
-854381
658241
906614
-772119
663500
-708878
75721
-481649
-207001
-261906
555095
-826203
264101
-762993
719818
-248232
-597611
239135
309528
-145542
81681
-214953
-87367
-747250
65639
445694
-830642
889857
348912
-779718
-231900
-549625
-157953
-948898
319706
209090
323786
-156947
811187
266827
-654182
-434889
-929170
341660
597377
-280270
532369
-674446
-794347
-654477
-761449
366995
801187
-448487
-248888
-864285
-167205
-674335
258694
-130167
-206728
260982
-789279
-416481
338482
746699
-742687
-195807
-477771
481399
727427
-150781
-942367
509539
-258791
777340
-965553
384955
-290317
-781507
-368052
-785352
756687
502556
-244181
147387
447444
173274
306049
539441
-94644
246679
892067
487303
787151
281337
160506
-269874
-847254
783175
-45179
670637
-498804
-377542
210391
-182410
681774
-743761
-841703
937095
201065
71268
965386
-264809
854228
-258925
163217
666967
-125786
-437097
349128
325089
-540528
-45691
967466
454123
654791
95774
-373346
-945726
-303743
-467565
-223664
-89922
426287
-715796
971048
-690531
-634007
441722
-156056
813155
-199560
-48205
-296639
723515
-389275
-372182
-126247
-367299
-363940
184903
-261909
734164
648916
-117758
154726
-911372
-17764
-791597
-907666
619922
242203
761893
-770976
491678
925868
631144
964456
-850597
-442478
154054
-109437
619302
895784
397270
-722133
-182556
-278360
271248
-714786
983926
942805
540216
414715
-580342
-35457
889791
422803
-797126
-261172
-653296
461141
-204323
-841812
320628
-979061
-380610
-307904
-256267
36251
-198153
129529
-167173
-847762
-539550
-570253
714493
215485
355374
733304
740785
-284439
116672
-967455
663387
-470023
686966
-189417
-469741
-448674
448955
-9343
-383574
804783
-984051
-537490
277162
-129361
-54704
-594150
620631
600779
384179
889101
-493521
974431
-817678
367302
922769
-402948
-158946
-836950
535538
-944252
777415
-982816
-953903
-537432
-358297
526750
-345512
440359
126787
-157430
-284379
802473
-451368
712647
974065
-898078
-420243
-568276
-412051
-354984
-550463
-278796
-283782
-110071
-462642
-281583
-946357
215911
-862115
-72223
166808
62117
-99958
-808408
290154
766409
809092
-787038
213698
-216971
-776146
-417833
163741
-99527
-141283
-282875
-352655
180579
128231
-831830
-779291
734863
-19890
-261451
424746
-351905
-370909
695448
464065
605079
627202
-975255
-543622
-549638
61142
948425
329181
-322983
340169
672113
950564
-273893
-105723
815360
298051
-784140
-308263
-354053
260779
351090
-901572
-336984
171841
227801
416889
509147
-490226
-978636
-547740
599851
520531
-995750
-544099
415062
771075
-283658
-375955
349204
295909
709434
-559782
-185431
57588
274844
233840
-50298
584107
-640403
-387617
-343097
788883
902318
388222
829080
826531
593874
863957
945575
912672
161378
-434761
878603
508866
-329706
-662542
795778
-943563
950040
-250709
9366
572728
-822191
-844710
-579470
73175
-154725
462904
-166276
132546
641775
-267321
-521090
344160
-309479
546287
339692
527622
169259
334837
-256385
294065
-753268
-715805
-391264
886023
202693
112628
462437
-7721
453973
366090
543334
616416
-75454
-654145
-712843
836705
-786822
628467
461837
961604
680860
-711447
52278
-541950
-638400
-432943
43755
376622
-91769
-601086
-162843
-617489
513107
-459904
-620298
430299
986898
292412
-881742
565471
521537
27501
507960
800319
-169923
678179
-72744
427172
-312100
-415957
-96673
390196
995878
960559
919313
587846
-746833
-310957
-679169
-687357
-33280
848527
-804469
471569
905080
273068
-802722
563257
609454
-860805
104741
-529908
352417
-76351
111158
-61983
77282
-162535
316600
260194
-749801
-5641
764608
197138
710736
420840
-784236
-519369
453371
-625377
226086
-563755
198159
-458036
-9232
-573289
-582151
172587
875762
-93247
-401107
581707
-58952
-141462
552474
455113
-29691
-240686
-4786
-923401
395639
725691
-555749
-354588
-62128
-523830
179463
440848
46578
-823591
-956900
109931
815368
38075
-479897
-62731
-802662
250788
482691
-734269
-587322
-332107
521269
-546196
-147461
-868477
-851137
-31066
354693
64308
645844
311440
423586
347212
755529
938540
-635688
-390802
-766573
987363
50412
293453
-180560
126909
89662
47223
-888359
-452203
-986815
189261
-915272
-359680
136357
630027
315471
-520917
59358
-408778
423587
-59395
-834473
-886955
847096
833440
-681201
399685
935468
-943103
502613
-207700
638725
-27035
383722
183900
965970
584703
890314
436760
-932399
-377328
-292676
3177
-468624
995550
-181845
-130271
416045
616833
731578
775829
53486
549613
-459103
696262
-710961
-268732
960917
403192
-994163
999787
210088
-667627
433929
-895939
836855
-269368
-782504
-193447
-750683
581196
541030
-830971
195065
703121
427206
335204
-372242
-676260
213822
438072
590143
234929
-687881
-900504
-153792
-404085
930840
-424435
-218415
681133
-238087
-640147
-70319
253274
-514674
918432
254826
365591
527124
-105352
40967
594418
503130
195844
955749
-402902
183044
-897963
-550265
-577161
438314
42375
118075
-677802
-526115
908758
-19859
358234
944373
-373093
-308194
-439817
46288
9808
958982
661742
-88723
-885410
99655
542471
821404
-709833
579635
-418578
305251
-74036
-797270
579240
-762089
-961403
-800030
-749194
433370
-833398
580380
-52866
-394606
-469968
998522
-430775
427361
695695
771139
-861814
543809
-526376
-358108
63011
150299
-811879
-369851
-696354
-842653
-795995
-364641
564334
472328
437108
-160846
-799353
-173627
-89486
463732
-329880
-548599
938377
-822510
-239210
-580082
-699483
-304277
-399280
764578
-520789
-287586
-72056
-858790
21491
-44045
-169465
582588
-163226
-368873
876920
409733
-175386
-497520
-37787
65648
323082
470917
172306
-53447
827115
118243
-53480
488211
727915
214926
-789853
-238243
-340382
694895
-3977
947006
990137
-819252
-189522
-50350
-281755
-147377
-538465
835622
484345
819275
878318
-21520
-632302
-377792
71782
-124440
-559759
-219262
513714
782768
-233182
-266120
395823
654045
-983968
343544
-368221
948389
359265
-1324
718098
-407640
797949
-566711
-223895
311652
970238
-65441
480166
-488884
868371
-204180
671001
-101647
-985512
499311
-110837
-797830
-814644
65782
9119
-190339
-425169
-717685
568642
-499073
-600049
253978
265884
-132035
-127276
-912098
-282709
761307
478745
313829
-424295
-59506
737820
-257903
-379668
536641
724839
-622443
425546
-506002
315255
-122585
-939732
690760
669730
293271
-240974
-979299
-542629
156673
-706779
-628905
273473
-996974
-116362
87025
-275172
-460176
579371
-397120
217654
-278999
-446983
-204057
-1346
-933942
225259
-465653
656068
-455542
836468
286862
112527
-81172
261516
16382
-886639
-983017
-722429
-283057
-327909
-878076
-186295
782191
-561738
994819
374975
-367554
-756071
-159168
567915
462912
-17790
608995
-487494
-923339
-469175
-28803
-244981
-219560
206437
-662496
-782024
-784739
87753
811935
-94956
652418
-63005
-601762
892602
-404203
416541
334028
-964869
531575
487440
-787046
582128
-116897
-172907
697454
-529622
-657170
472006
695774
897349
279117
298001
450814
-859540
-951007
912929
896231
269068
498111
295439
-216837
-788330
485377
-677348
-390350
651353
-240797
970076
49332
-985887
973853
485139
-253617
-729269
-558141
189126
-595057
122087
-184727
57900
-460458
-90154
352791
77991
-900317
-216576
777904
-344512
-152725
348109
-734512
-79563
-261297
-702528
-682111
916690
-646526
180807
580548
186272
-59287
-933254
-656420
25629
-430714
461618
-841436
-792260
307252
-686244
-671733
-121959
86158
-25970
553403
976051
-991885
-182854
880030
-778630
-455916
577624
515657
-234961
-658284
-428894
815081
-859724
471892
-723202
759831
422723
581294
-695375
-167452
855594
991748
-262325
121079
-481639
729662
429716
-221990
-527109
-975394
-116613
401348
-569589
313871
780796
-850469
-756931
947297
-262230
867965
-536923
-97606
-337586
794651
817440
577131
-773957
-789651
-734649
543993
442272
80440
-257129
-439259
464134
-410999
-13260
-711016
585099
451772
498304
-194379
-858692
330573
-672114
-192956
-815391
851811
-687547
991579
-508887
907385
-392623
166075
-290377
85399
-772339
397931
-348313
-323863
-825756
-319127
-524917
709198
76334
689401
714560
833268
-430203
640101
534641
262591
605480
-300002
94594
-895607
693076
936610
934170
-586301
245435
-734531
-804937
-87245
-545927
195141
-333819
106088
821619
-796396
672066
183608
-573838
-153927
-176337
343345
-88778
745803
806304
-885741
-693323
15004
857364
-571788
162278
566485
114745
197328
-577596
604105
-778665
374352
521970
377085
-182572
-820702
-926057
737307
989987
-323839
961028
-607078
192524
212757
546910
531979
922219
-656341
-133089
-403689
864853
-672912
747905
-801566
307645
-389105
-577918
-846136
-624817
-444560
362689
639950
-962898
823735
-863891
-358825
742694
244287
-923913
-142128
713906
935211
-810122
883209
-674615
-840877
-118366
7399
-16543
-490699
-228759
58482
902214
585317
-331234
-171940
-246525
-528410
786896
-898961
898335
-518150
51371
-98369
475130
-815167
-985242
-768482
175843
-846770
483534
-379400
342391
386782
297997
707013
649645
-570897
490647
-789546
179750
-965079
593662
547753
-559058
-593067
709224
-692046
70156
-649830
84692
781409
-601056
-32636
-348491
-997627
-735121
422085
919107
892914
620969
710321
365385
-739656
933999
-264682
760681
226252
183403
-934547
-316445
36243
-767066
-232477
-834758
-46116
-809710
791222
-625505
-293787
-239039
4111
-527428
188994
767295
775199
-45245
-592745
-363188
43793
-806385
921949
428823
598982
-319110
-95258
40671
-123027
782049
711897
-539548
-374078
-362723
394274
862941
236903
22297
-424657
-673351
-439191
-904734
221310
741113
-271422
-266706
-333747
771292
370845
567986
-341472
-44237
-865899
610498
-83675
17133
843998
-101233
871473
768321
749267
635906
-679837
-276243
378018
6802
310218
-883429
-72961
282531
749667
647434
638658
-933551
-541070
684433
-241259
-500023
630130
-690146
450337
199452
-227468
-579838
-814015
-106159
-316811
31825
539465
-427505
-807988
-323830
-806648
113853
-806697
135689
175133
234380
244526
-282638
-409733
714191
-244766
885304
-245302
-258790
442119
-317190
-926901
192995
176685
117319
798751
689497
-685564
599043
51366
315764
-215204
-331908
967635
529193
959001
-325907
-865424
-755534
796762
708663
-292733
275550
-709798
-500823
-556003
-145035
-792624
-28412
381126
96790
380738
-857349
-452977
919386
-783698
-645877
102888
-433669
-845683
759177
753532
-864089
54986
273504
805956
-83733
771004
456631
335620
-209174
517047
945446
-205527
469464
-392092
208411
-865622
-400975
978840
97120
-798663
259464
-349261
900571
787101
517820
901928
934934
-115364
-690324
798551
568956
793523
-231122
-170219
-388401
919649
283737
-112843
-152618
-661923
274574
976043
-222196
-442797
-897499
137607
-59103
-103995
42497
469448
-299942
-431777
286571
-156879
431004
456102
-724365
-399632
-73926
-684703
305358
113509
-621327
352081
646586
815345
-892838
-475707
653023
908547
689443
67493
-376573
211378
253840
574297
-931212
-993821
-249538
473902
-614818
74248
455993
-816507
35723
349630
-110361
-724887
-535544
9405
-27900
35680
-37848
-603442
-121896
-599858
151637
431139
-734898
-53340
934184
108369
-171300
-729046
782426
11894
-131613
-999566
-872009
-962536
-723189
-371347
-48524
714427
-833562
652756
660703
-967869
-141030
597771
823809
-569731
468978
803655
953458
277923
294416
605922
63751
-187025
897430
247594
-518279
24010
233194
-6170
130731
-796900
88625
568265
-98278
373513
-834495
727306
-948924
-269180
300212
343510
-639939
-581449
630734
-278555
138383
866531
445225
961695
-210467
-744024
374794
-441714
330823
-440650
-504947
-946027
-776975
-249016
-923074
-286428
158471
-564995
468934
-581574
330654
-605985
525552
708290
-823927
-447618
-794117
767896
835518
-903252
502630
-792848
-728573
-842682
497558
-137726
812390
527876
629851
923642
30
-678097
-112071
-335980
-730228
510005
989772
587195
-373335
530850
297134
993345
-193273
911696
-338382
719015
669608
-117617
935014
788167
-747069
414231
-194077
-460263
-19152
-756325
-32294
723896
-379727
372632
-562132
620431
-660210
-708121
296625
-3771
200327
-109265
492620
-361491
-436334
-60863
106620
473759
389213
-238773
-309239
246350
919767
-450223
-160138
-611169
-730590
177765
693190
-15517
-703910
48547
212490
464131
-106410
-850285
-733856
940329
-752758
-30648
583013
289693
632608
-791614
-850272
882777
459306
-568796
-756770
879901
56831
-318792
179243
672475
498981
201627
-694321
-730979
-664207
787052
-389147
11373
510203
190006
998940
191801
252066
-240448
36781
-995876
668602
-296741
711150
691139
-74303
75754
-195588
-352393
904193
-568262
527361
503963
587916
-503730
-974732
-819731
-168986
908517
-565938
594129
741108
981371
-599075
-593629
-461573
-396444
184011
-863695
-774370
464570
-723024
-524078
646561
-519352
-331270
-725353
536121
-211616
-856609
-814688
-48152
-730177
-414142
-171277
758153
183682
4797
594467
-261352
-880525
408065
-204557
635393
-408420
-939952
-830539
70997
649930
-628348
591351
-763674
873270
58326
-238816
-9817
609215
716378
-456659
538904
-883716
238836
808886
-554189
-394874
982135
482702
44797
-575989
28761
-998905
761254
376067
-164250
-538838
795772
-195114
-259070
586377
16432
887280
17087
401197
329788
932410
360823
428468
176738
480768
407440
472887
998487
-364254
534764
-726194
302620
-355261
417262
-452416
421697
-674698
-951336
445663
-50517
-762689
-824672
646413
461810
180392
852628
-846110
-639357
-936473
-868659
269951
655344
481109
21906
-921199
605065
-623730
-164205
-301702
84604
-145803
50952
-448100
319153
-506713
-334141
943617
594709
234597
680733
825641
113205
786752
732069
353135
-349992
712911
-47423
-396259
-432637
708113
-654168
-758677
-831970
899635
564093
156916
-680979
-678395
-634425
-979984
-236614
415885
718860
-438973
505660
-307503
690738
355790
-412225
-424402
-7533
58387
8873
-131828
885445
-420755
-900783
728142
710672
-193628
890302
-620025
325019
87791
-783560
53265
-180391
-838753
-944095
-164629
885474
457265
-54259
17065
791586
49310
678206
133922
23716
502792
201159
668448
-853709
-64010
606331
313752
475330
-592558
486958
358477
-45542
653844
646510
735003
-877581
-372883
-7114
512893
-354156
-856968
-795265
558715
538968
-881724
192550
435969
-545539
-870794
250482
156190
-259175
-161894
215845
115495
-50479
-581409
149183
92188
119714
-133109
220542
789246
-233696
-199017
885712
-410470
-341729
-61270
-33875
-787850
-977692
-663300
342528
-772672
185927
-300744
-1166
890229
-186294
101155
979212
196231
797841
800615
-739538
-742186
-962587
135024
648042
411284
-734010
97349
329971
982624
-814910
-544817
1077
-593816
-347818
288144
-98242
-44287
-556690
967825
-471963
-430492
854211
-858767
-193519
-754942
67186
324925
45739
874775
180055
-845866
-992713
-310269
939121
-885777
-141370
807827
-577721
-866587
469507
-343475
-138287
971293
-135450
654765
422347
-905352
952698
796495
-465509
-543903
-104730
-767633
543721
-11318
-921239
-387190
165630
-501244
426527
-556560
-663695
-3731
-689833
31755
747209
-337749
284082
-627985
465398
679572
489813
839183
-336006
-714797
-760255
997166
253498
-375185
-592746
-532468
190919
-562627
-935990
-492074
735508
-599846
-337585
-143376
-418012
601951
26635
-817398
713844
-638591
-827947
211151
248736
-7642
-975321
-788407
717792
-9446
574813
85788
-519006
360932
433972
741355
910823
-466200
171101
256662
-247690
-979687
-820219
396773
277106
926797
-619928
993065
-246125
964119
-451369
-513328
337239
-888573
-563308
-822868
439730
886014
241005
969430
-198703
199991
430855
677166
416730
-470684
410734
-70128
-415554
-883029
-648231
-974320
739235
-184742
723369
653030
715648
366041
-931793
106374
913594
-480371
-735354
738758
-393588
141540
886920
829827
-161404
353723
-12056
778902
-348494
725707
280143
-89425
-731268
900395
216960
-223136
705892
-875331
-165711
-247948
-122116
446646
-369627
643772
590331
141767
-121663
711940
915440
16038
862
410260
-930553
986273
142048
-885199
-385175
696113
-203245
-46918
-286186
-978614
-193212
542556
-228687
-819287
-851690
-920723
569040
577460
-370198
-274994
764993
340374
276391
-743057
-573986
-947814
586675
767890
-954640
258998
-608863
935163
910317
-716570
-505195
894251
167930
584648
-555615
857616
-22895
-194318
927649
-297096
-926238
-915096
-292142
-444831
-69888
-422317
-712078
203400
672896
-310958
-595360
256852
425793
-250596
316210
-930629
-636145
658111
535089
-505551
341927
700784
14098
610078
683841
-650678
508843
-251326
-323564
90019
-484290
-724129
84802
-498848
486465
507514
900824
-852757
-614184
886645
456491
476084
-341534
927018
529275
50613
-931445
402045
790648
-785608
-919815
144498
-166888
975821
278638
-277185
976581
-405793
-42507
-874467
-247310
-791351
-446899
-920147
-403292
780224
-814262
793285
-388899
-267286
-539287
910066
-70000
294529
704643
583655
968028
-886543
4266
-566584
-711063
-530680
480691
-815987
804322
25998
-901480
473026
-898798
-73891
-421494
893383
-885527
837039
-825738
-923714
90453
465874
135444
-485949
-797802
-999245
426117
893786
419624
434679
-179178
-838798
-874176
-379348
979972
-979788
691026
-369747
-736997
-755032
-619821
488769
-647102
-534098
-255298
783520
-28256
-611063
-572512
-828513
-99264
13502
646154
832993
-212517
710981
-216251
-408508
-212835
-959326
162927
122813
908549
790203
858812
450841
651162
387649
-501022
822698
423323
638249
-408857
-40840
670934
-102326
320533
605876
-785905
877682
621190
-857780
179408
-383626
-168978
199048
-959809
-243089
-327874
106408
-29370
-737181
-434467
-91651
-737006
943268
834461
43492
-753921
-733042
-312125
870891
-888880
-680597
-32282
-529224
308925
-658689
-568589
-679712
622261
-525155
930376
11727
-861512
350035
-301387
-551945
872643
-487093
-332441
-604810
-54679
-407216
349514
628507
-390581
-974456
880414
644147
-766157
-235752
-85799
-48908
-765903
-432441
724572
-882718
533012
-798470
-893621
333885
349761
383817
525087
923895
167645
-283106
847983
798397
-614547
-620637
344080
375839
924450
-255476
-591025
-702807
226032
-758102
166981
-502515
-966408
386155
-44607
958420
-466988
539084
288790
262689
325290
317534
-719120
-935268
174360
-420714
640673
-970287
169508
410195
-166847
975673
395469
548030
980201
