-858709
-205368
135494
940330
-20832
-822020
164152
984416
-424077
-310868
-352227
775209
323544
610652
-713230
-84084
384756
503258
-413081
-912283
760966
885782
-124916
67850
-205867
113600
-128503
-385645
12765
-219029
374405
-767439
922069
843545
-570578
647384
-332387
202740
-806675
184587
-730568
-404587
890315
-221884
614508
-153783
-350395
409826
-676681
-810178
119015
750787
-31375
-886922
-857591
201646
522287
67872
222895
-858811
-88742
-271049
-375869
-275798
920110
-15281
639315
-105724
669645
115909
855558
486104
459410
566256
46798
-368682
-385376
459352
379113
-956109
546166
364536
-307087
-464527
95779
623001
-302423
413223
-949245
837653
987071
-387133
731407
235549
-989718
908709
-606888
229422
-145767
-265269
-217490
694626
-440360
-823748
-123977
927825
945287
91618
98474
411116
221147
866500
534291
988872
-257045
-821571
877822
-502644
224582
610596
-744806
-681865
-824053
-511742
-431901
982935
-219127
587829
-504303
-882339
-925982
873260
-964869
-35976
201948
-245763
-524574
142202
859328
-353633
239932
309720
-420418
-283850
941776
-973274
-153112
-335916
-823383
870950
-892797
-573633
213194
-590549
-870467
639223
84684
-998004
-93698
-388009
674931
-433892
824223
-473842
-381628
-792412
-490438
-466720
413475
-456859
-991350
-489333
798442
-423579
-732071
370520
89508
-596489
264631
773191
-204816
475151
-356954
429210
774086
941489
-819208
470603
858182
-833422
14962
-324957
392935
-314340
-401186
-122626
-569114
497062
858108
-298348
-652118
717170
469985
159876
-593382
956648
-496969
-524079
-882512
-522682
720949
-944251
-74940
528130
169387
-174295
-828027
974090
635767
172735
267232
-610765
-702290
656898
-712970
209454
622794
-51495
46755
-369075
711880
88108
826401
-184204
801087
437629
368358
-697843
694683
293523
-722795
198103
-448573
-166314
13821
509910
339290
66575
541244
-168113
-536045
577241
307948
-425317
69319
154058
-36907
144490
-231324
-21179
-829269
-716516
-309044
766629
-428917
178881
-363243
-848547
-478099
139713
-674894
434314
559483
-694820
316375
-898027
-43205
-208540
-543857
-453613
-631588
438044
340198
-73117
549792
-893088
-271601
-25712
-23058
960012
-908313
-327152
-704402
950185
-878470
-580648
-902051
-656453
-466918
-705396
-393241
-279616
270156
539440
-52520
184155
-172342
-895242
390107
98223
328188
-33713
476412
601408
397289
-396205
-11484
324815
157911
-776412
-43276
325191
-543445
-990354
-413684
-710857
34678
-936286
-138922
-210252
828625
486492
33085
267380
-988128
-571780
244817
-716974
818504
760680
-372976
-392373
772825
-141463
287317
81586
-305708
276815
501306
-484586
-135926
-176673
48389
111567
773364
925999
56289
-210177
758279
435623
-716571
-379637
-155603
837706
461044
-302418
181256
-789532
760581
-850165
-935183
-888219
-50127
-243370
-326344
-207807
-112103
58539
-591325
-312562
316394
-797953
-916884
-885885
-710709
-632473
-182434
-86727
662803
918688
930294
-619349
-192661
-757854
-692328
979544
-618437
463942
657684
-61606
-717336
255358
-816823
596711
30471
-869828
-896611
323565
-184610
-544853
951363
-782256
-86974
-310883
-359484
-970707
793970
803813
132457
191881
-218466
-423822
864765
488531
-343898
407955
-784329
871567
-540239
969509
658461
862233
755405
-981401
-193625
621253
-424971
-96979
-610131
81163
-923019
828757
-196900
-724599
-526459
-916322
-557730
914260
-526196
384766
682768
704027
500587
329781
548142
580736
-595328
-466092
-505514
807400
31266
743786
24178
656441
-783722
-496740
165336
133754
-663601
683498
121506
178400
-424381
780437
-500692
-668180
-847712
585875
553605
-912933
534505
104637
-23769
334163
914250
-177095
249623
-482009
128873
280279
716599
148237
-962385
585948
348493
837888
-127679
-329204
52168
403302
236950
623871
251191
393155
-681279
14901
-992673
602049
-779256
-115861
-521399
70019
-298155
-453562
126568
-3126
559655
46542
681624
-576373
-672331
884968
-893309
406659
-29966
-615745
-812511
571485
941151
-210014
642849
278894
-899538
290003
168181
-237490
-601187
-603821
146964
254355
445273
-913291
-449641
618856
867543
342790
853090
162645
981323
858592
-14268
-41277
-111814
-941347
353834
-203654
450812
-626148
543368
-619174
-295100
-423433
954544
-92169
733321
508959
-672979
162067
-794815
516930
466829
22075
920522
-730589
-32740
-416347
232464
553174
843621
496654
-107619
992519
229408
538577
285046
-190394
-415590
-924241
397258
955660
-544372
-297192
503776
89636
779089
-517301
222975
-786266
227130
-789902
636307
51130
56204
-817428
-25034
973599
722634
-396951
924084
189649
-950546
509929
2309
-192537
-996447
-970859
-651865
-295320
804266
34423
565779
-630531
352414
-755263
-264080
1122
724760
-874490
733828
570671
-83124
-537732
806519
764075
983532
683238
-72991
-415376
761005
-176982
-191387
-811509
846691
475335
827635
708700
-636433
966925
-851324
-214776
429426
-670916
216316
216591
-923818
-315889
395079
-979602
949542
-689782
-603407
-915533
-740178
808759
929187
-893521
151184
739723
925441
419492
-716996
-133970
-923027
886715
496419
-852169
516067
488224
-73595
-959031
602336
388659
178815
-174086
432607
810723
719192
-577167
156505
324661
200212
-746572
86308
-982624
29831
-703856
230867
-617697
-293623
358796
152953
680653
358822
686797
-397851
180192
486000
-358555
996959
-515518
-771835
236221
479688
176296
992068
-82460
-673817
743059
-793251
-225636
926742
621462
-623089
-115328
527926
863688
908390
379169
-141121
-247914
490637
170891
-807378
98540
-972473
-363498
646023
-70644
-354097
-464423
985662
186452
-892797
-5177
736817
-886415
126268
374630
-536557
933657
952406
370604
-651914
-266264
-407509
820362
-519549
-585539
781919
-570159
-142115
70338
-205236
421641
9951
623607
-420035
-503403
357520
-604618
-947300
487824
-893511
-751306
-297776
-517963
-974450
523502
168972
-897233
146055
-195369
-861140
-344352
969099
-944196
720102
-946514
604006
410449
-835017
770501
-210194
-924720
-93222
-583548
180666
-237265
-578052
-712449
385857
975827
877532
692769
331322
90825
490414
-552129
-646733
-674150
-226291
945383
-476919
-39105
-713526
1760
-294485
-370468
116161
280806
-918401
704959
-892014
606198
-596514
-967760
815273
324909
-88213
-362457
-522230
905541
546825
782945
-225009
715611
-850124
-639191
211802
-573133
106335
457846
329186
983106
655452
-431677
-53238
-303845
489980
-380176
-810644
-392813
512093
855933
-311714
-892267
-982468
97938
130369
-988625
-707081
-762832
320500
929040
920483
22054
474409
350312
-432677
935430
-938998
-691815
164636
441043
467346
-613599
808293
-869767
925830
-188399
-872993
552615
370602
-362536
-330428
915381
139329
-861248
67333
-90679
-59249
-479912
563659
291716
-716260
-530652
-899341
947307
-723990
-164825
-55972
-15471
-440027
-281749
559842
699758
-629462
303016
190397
556079
912380
-327052
959305
172813
-379760
-142331
335187
-651531
662936
478719
-211958
-522866
-396845
813579
273879
726548
744429
531594
-94480
359453
123609
-418724
885010
105798
86247
-528196
-802513
-13724
188318
-52164
654387
693375
988398
853381
-216789
-645286
-773012
108644
-329490
608136
-626535
968759
831581
519902
-610053
-387004
-811382
786842
-649506
-957209
-485734
165272
738337
568670
-300120
-896039
-174558
61632
-871970
-621660
252366
-736905
302170
-553245
-694162
39513
-520910
-424825
881144
-104896
447905
493223
-626781
-357864
-811360
-982055
413876
-686
85737
-680573
-372356
321808
870795
569642
478543
-372362
-503827
956726
38339
-835981
985836
868536
733752
-9311
712830
-317569
697573
343947
771981
220192
269165
-746002
260296
-70057
542244
-973073
-329452
73846
-753125
117683
963804
149822
-807390
205562
-468397
952423
5869
-800409
393570
298417
-273914
-604074
-518213
773338
905219
-84915
934156
-431910
710718
640750
-962934
246371
-291215
-428942
-745340
609721
54731
39352
-116519
-365012
486227
-312893
98367
441017
-495456
277404
138076
858087
215775
-451865
735294
-445823
-281207
13069
-87115
-146833
-22663
28176
874919
974514
593193
980860
608996
299357
638239
-912939
-484037
-723948
-465565
-676622
393505
-607207
560084
613839
726774
705118
-170698
-150794
576486
305484
-164124
637962
-42280
-618394
953473
344699
-214420
-871997
-831164
507734
-378986
793680
332586
-792974
202092
83192
-237244
-896598
-470828
424192
-35721
-164224
-844946
-260039
514736
-717956
400299
-209281
861978
-160177
-232463
220079
763929
804148
-487474
195163
-769663
22051
305433
64913
743111
-479762
-614523
-256288
-31271
-313931
-71317
-295189
-955029
296776
884117
-271690
531767
-916011
674227
-534537
-421800
87024
-643375
343408
-388178
797513
554965
-416067
242312
153824
-237605
-739292
-227441
-532282
744654
-213844
584503
-900452
10297
-242404
-982073
347862
-926926
-915710
-744794
-374581
878941
-705494
-676577
-49898
130122
-736953
52921
269506
-701084
521754
-740019
926787
-554303
74221
924249
-612825
-475202
-980746
-23104
-976470
250808
-274334
989513
168920
-181826
-67298
950474
315600
265675
-497674
-707084
-641645
-520996
828467
824274
-364137
177678
-498572
465327
-431656
880122
844871
149686
475277
-499941
160229
222045
742214
37461
-660925
-821327
251477
-965196
-790951
461632
552947
-43933
501365
444785
628719
-768437
-596220
-492308
933337
79357
-848428
-103738
-928080
731704
322390
336842
-197040
-425866
610047
-492308
-613547
618853
915810
954574
704199
-747139
190760
-507817
-861180
221812
-660649
588751
-694065
-153238
-616069
-90715
404532
855510
332715
975421
-995968
989627
-764179
189900
244753
560722
-455210
547537
219487
-855915
-853772
-168438
578570
241804
-14494
-784845
24763
632188
-746130
-559074
941280
-422770
-476808
-580148
526419
-976375
-279331
-539975
-155810
-166445
-895847
-1471
-341175
876963
-388481
242935
814035
-178476
309944
-889195
-852892
998806
152130
25977
48433
-997886
-216473
-786403
-131275
-333397
-440276
-261506
464589
-90161
-860201
757479
212823
575528
224436
-644539
-36194
-687051
-262567
515042
-177996
-195679
618802
-294532
-505623
-379568
481948
990468
-952783
-893012
-166540
633100
-328599
-575694
945135
-803081
113496
82243
-747734
-940053
607234
916146
-419754
-452312
-162094
963210
338324
-860614
-527093
182731
-486535
576139
623973
577593
-224695
-657095
762814
756057
-239970
545229
-974611
793347
155617
191835
40296
66872
784936
793275
585639
-582859
458535
872466
-946621
-359825
-142731
672992
-750315
-350917
834366
-812812
-186343
841287
632390
590541
-904704
-598101
477611
-652701
765195
-414528
-289576
208059
57105
253692
-731715
-425718
-874366
-190279
-617044
372015
326770
-727228
616223
262228
-700257
-835472
830062
689655
121212
952442
-271041
458081
140683
-85957
161078
913948
-935602
-509736
-104839
922040
429518
247988
-198802
-652265
-701006
-684162
545790
82844
-25429
-181568
-538491
634709
-257577
440906
-971904
289326
215231
618089
-84310
126840
-294225
126473
292047
-528513
706414
-921675
-649232
766506
733953
312051
601608
652133
117050
13016
832864
803593
-710611
-755703
-127302
217835
-668067
990887
644774
-539104
-431494
-22483
-867992
-690552
512990
469304
931895
-404025
-893503
-308086
570371
-621445
932027
33846
-957886
10081
-919264
-156229
-441233
-206768
-207534
938387
-587315
-999505
429578
-320592
-114882
289717
76995
-840544
315361
728392
282603
-699149
793025
269120
138844
-158273
348735
-582686
831162
-87372
967646
448226
88005
-816856
-811071
842375
-726198
-823406
-455117
-323858
-718568
807458
-567967
769179
-401518
-280410
918586
792974
447139
-310029
-164755
806891
569394
363293
371581
271688
504837
-390605
748039
-719298
87151
817295
-551141
404844
-253011
247794
467621
-208444
-124203
-919954
851621
553021
-782502
-702241
-941105
67542
-569942
913737
718366
-937092
-156593
34473
275288
440256
-24226
929237
893039
412505
379855
693534
350988
-95199
258265
63416
99112
447194
590039
251134
-841402
-918960
-143201
-817085
-498666
-477017
-446712
999868
276572
-621900
582560
-890646
-434140
-982484
-115699
-852422
178627
105835
-642117
-780138
142497
-662380
-548022
778537
-289636
-344164
875042
725247
-683186
-674020
-412965
-638794
745923
-485321
993335
-605781
-603526
-908877
234185
884774
555292
634662
-888022
-429929
-506618
662521
-372262
474382
-878532
-581457
-963095
-490270
-306325
-203094
-684279
165669
260346
38106
-578603
277741
-155636
-517478
-306098
429055
841934
119194
-917856
882334
349924
770529
-974841
-766644
-168910
-293273
673398
-110078
524999
-699748
718341
-441415
-353719
856510
-749380
93951
-598569
291323
-845671
-509169
430545
942312
662064
-563485
-579487
-817521
963095
266457
414144
374214
-347912
-567244
768095
171702
-943694
-332931
-440471
628170
-668040
255543
-812943
832822
-983345
-673422
-982917
499317
-229989
-386781
-149722
-749266
-770950
-929081
-319685
551049
-166106
618892
136840
844808
-296559
-724373
-878449
270044
981476
627720
166225
779176
-586578
-993476
601488
304744
-497223
-353866
798229
842324
198446
-680453
-75087
108507
-149299
487884
-759101
-876779
-389494
984076
501628
-833305
-179047
140263
465798
-317739
-271939
-883406
-298432
576186
259512
552961
193030
139898
259377
-928751
-618673
98740
697666
-793825
-416685
87221
-23480
776921
145731
-962342
-650502
339514
-551492
299377
-449533
700701
331136
16912
911308
547821
-55523
789751
367703
-175348
-321042
-805161
-453550
-295249
-239518
596904
848022
-425688
834524
56800
-215250
702122
-94316
-690503
-171333
-150389
-330809
-397955
-958882
93964
938925
-320303
-873082
-215576
-191546
400680
104490
638063
-133764
-711220
153728
-789147
-76487
-589968
799047
-968339
-575547
257405
321564
-64589
766194
-992644
-260703
98773
295089
-98172
60801
512154
895862
966879
-963595
664576
415094
278815
-932059
-461387
-318194
-32648
751111
-488694
953413
730568
571887
-567755
640681
-82365
-251638
-163811
-352861
-603900
688536
-337758
61138
648284
609520
-280487
938169
-774928
824853
22198
-554282
-822242
-544644
180190
403085
-404196
801207
469992
240059
-932038
435909
736554
340234
872884
468066
-122394
-217277
-400669
-44619
-496520
-156846
-488796
324374
854760
903354
431957
518768
-155854
791386
-972118
143981
570597
-492298
-42226
798560
669535
171553
-575976
-581381
-141639
822421
-904856
318691
-806260
470497
155154
-132548
-17673
-927607
630268
832505
-402883
619004
-497556
662321
591738
672083
790950
-371878
-253850
851858
64361
322403
655994
976031
-329412
55555
492952
370593
139160
-548498
-365946
-853128
776016
-122722
-382293
580274
945216
112286
413850
-245147
-243147
392573
986646
-157593
-899149
763237
988129
993219
476620
840895
863480
-251437
-419240
-756720
-818855
410197
521140
-606446
-556186
-166106
356218
-230219
-332070
701540
828626
-990467
-230863
616017
954404
-596234
470309
-279442
193798
-775220
619692
277471
-809543
899508
-468247
525370
370060
-25915
-90925
528755
-140415
-816563
-962155
441250
425659
-555015
702950
-458271
-656584
-779965
-76809
-369271
48237
-537067
29002
-994579
-14765
427306
120422
-572174
332468
269338
413589
-693061
-106308
587198
795322
515233
-195517
683931
634977
-760063
588800
658723
-326102
692533
855496
266804
281317
-77516
484432
-399545
484581
-453588
-303765
767832
582615
-675106
-700915
444309
63487
328550
924442
830403
-316248
418367
25492
-436491
-150243
-504378
795891
-186811
-939040
-682143
520602
391234
-673608
-247055
-519848
-558278
-978979
-792295
997345
-579427
878932
613412
-287028
-565159
227466
263926
101113
-272991
-102922
828245
-335297
-99185
-407081
909833
921300
874056
38065
-122607
-944458
-43523
-922603
61937
34501
523702
-960510
-447344
673019
203023
144169
900313
472963
209650
135552
-119110
-855952
441614
-505682
601874
340502
-232703
424842
607249
360595
846364
-492815
-136702
-833844
525508
-536384
-156958
-970191
352681
129441
-667532
727067
-670700
-668778
997561
-534063
571346
-729479
-447856
791874
-506103
-301991
327268
616167
225331
622556
-755220
-547603
362665
115639
305366
-312379
-470070
742358
933663
-577347
159630
-124716
89061
519528
346428
-748882
-570179
709034
376189
-576899
-705800
276371
687252
582949
691106
481020
290146
-95190
-295433
94617
-611013
602633
538160
276884
684960
-674002
981726
-127811
315090
-19392
100600
510298
310190
105785
227735
18591
914791
-551069
1841
-118103
-681187
930415
754557
225526
463775
191199
-427712
400041
-867345
-967628
711419
-472105
278056
47581
-85325
958519
699549
568671
448294
-639196
986588
-830350
-4303
649841
-540591
-820138
-490567
-288092
81803
-967390
451058
207654
-220846
-329671
175385
-580074
107696
-782431
455281
-36244
-140468
591323
497984
-783768
-930160
-983826
-240564
-635144
-22359
83643
-836406
333346
-702377
-837027
-325465
-725248
-645534
-880618
385623
-846575
-599503
707649
244401
-933119
-444454
-959304
-235666
-893210
-627226
995122
30070
47358
49274
659703
-916876
-542021
762722
512252
801429
-941869
-492179
-719781
73390
-563567
407849
-439126
398175
-388602
811149
331652
854563
-347838
940417
-98363
-708829
-291486
957195
615950
768911
27415
687180
717081
8225
-516292
378983
-643973
-765228
498959
462336
735692
-843590
-100052
545568
456297
482462
118003
-444229
-835676
-241921
951696
-80757
460395
-175501
-720151
-411514
-830390
855819
-786739
-522566
-485302
720677
-119751
291992
-86590
-401984
744762
532496
-482229
275004
-6362
-411345
-623279
303014
723969
-181642
658416
156581
-897133
38366
-324756
549773
-139507
354357
625873
94495
500944
-366676
-583645
418665
377146
176306
-7016
-638551
-74153
216909
362847
-820265
442447
-424889
-770989
-595092
824998
995992
638767
-546316
626821
872690
5939
-47948
-534200
461795
-382197
600664
452049
-543045
94126
-751564
72679
-586558
-577491
577470
768716
193490
13462
-999050
35815
880116
-484595
845078
226055
-995236
420454
624903
-799006
867826
858077
630614
-904500
480198
257670
556747
-148003
904336
-774281
-243693
-115654
848084
427703
886053
458177
-586177
492160
845612
-400066
61209
-487564
751157
326131
-428625
511621
-645872
-477709
-711929
-963
-936976
-946457
-972831
813018
-131878
778514
118117
-325723
345976
-285993
468040
827305
-935150
-894694
507978
-809388
778911
51522
147763
-761870
854517
-830585
-365545
-409029
-338618
374270
-96555
-516507
-202270
220953
-831416
78450
-856041
654491
485395
477118
326187
-373328
722979
-841297
-577592
-877323
144311
656307
-222640
-141125
795632
-265144
-160692
-437320
321312
-419437
-448578
-240482
-368513
347822
-21438
878117
287413
719345
-573797
403913
902154
979562
-980975
-65880
648430
-719872
-569938
-340446
41191
-179575
-107820
-406704
942904
-610790
-175984
309788
757489
164498
-444812
-427878
-455472
-678375
-826004
-867167
169134
-246338
-613796
383323
507049
-261878
136830
-841494
394692
792801
-232363
-519748
-325188
-283518
796604
-788641
139890
-57974
872357
184036
-38175
-783954
-716382
-973994
-582357
970149
908982
173806
426572
-957894
553193
237742
-330733
604845
-628925
-131665
-275593
579928
-625431
37844
-642241
243947
808436
708501
921640
798523
-482012
-74442
-52160
288440
329998
88637
905044
-902043
-702730
-569761
-209416
-426280
430214
-788751
123962
-829632
-115637
-796792
219384
-753311
-987616
556026
-411614
724093
476044
618866
540088
-910889
5051
773420
-825834
194083
-454304
-861060
-612816
-150772
729996
-62364
-673193
81039
-211823
-930289
-981499
952867
-40187
117845
-80417
-54839
-706592
979975
870713
747660
792151
826753
736557
11248
545673
-596228
405347
577931
461197
-71976
-380808
-85362
-122854
407625
219852
-120169
-81694
-176763
-23655
786894
-817989
-245008
-346982
521074
606516
-512573
-595731
829597
-930149
-450929
-691156
-481008
-228997
-258631
-763404
72411
-158087
794496
646402
-133533
251081
760878
671715
425708
397782
-813733
-208736
345296
-978812
-422331
77422
534507
-350146
-594035
-815883
-653301
-169939
-214299
879561
919082
137526
-939983
-521134
-482141
432147
-604316
-350343
193158
-776754
-395843
-650141
111017
-837681
898272
192539
588856
378884
487332
701410
743400
-976655
102509
395217
-47622
-600486
-325721
-712503
364353
428392
817442
115817
-858647
-668373
-881576
929083
-695120
-332269
683048
212472
-375403
452469
-761738
-269566
743462
547426
309448
-629858
627831
623822
996817
-881442
-931456
-860119
665235
701483
-872199
-185449
885020
204691
724514
-257306
181523
-226448
-802717
424493
-709676
-738983
280952
341930
-372150
480265
941974
792467
-886602
781308
773604
895950
-327437
-897009
846866
-514086
139004
-343633
569801
-913217
-949170
-876888
486102
-762751
22985
205667
360752
-954252
389522
-173635
812280
974045
-995621
621893
-533489
-142283
-792187
-893555
118391
-466649
213634
-948141
-908981
534069
-885362
-799672
-269185
134419
-918221
-490858
189587
583874
-340678
971964
-551428
422923
-486209
922285
643367
75240
-553400
-913270
749645
-147717
-600994
-243616
337122
-319669
-172945
954038
969191
-730545
-67693
-235552
-548589
940711
445215
-621445
551846
-541477
260600
700669
-808684
-160176
910642
-807083
-551898
-299386
-309280
342060
944409
-107636
-913405
-914598
-167717
412616
514982
-516696
-501441
-727215
957767
985731
955489
-674130
-885505
-387923
-756469
832510
-989989
-875230
-724004
249723
371122
-870127
584350
125350
-331279
43628
515664
-967899
-14264
-788582
354535
-588184
982893
-71603
-198916
-205119
83763
-911808
192913
574208
642199
89021
672956
304963
203997
-742017
-709990
-245322
-532093
-244086
-350313
-673849
-936755
-388594
265710
-963922
766175
503941
337333
500298
945399
762021
650611
527115
193734
-674700
476673
433124
-119085
874451
-106740
-817186
183970
234675
193943
-435650
80992
461435
-142571
950346
550458
-719683
-584619
-797973
873052
-954232
995026
978290
143826
-830499
872873
-382327
786084
768394
853082
384526
346657
441143
811339
-626146
-594525
-754639
252062
-490623
-158643
-386359
118093
360896
220226
402134
43498
623167
402356
133441
-523958
-475194
-894267
-262799
304684
194143
829400
494549
507363
-123753
184453
-804893
655623
-875710
90503
1143
325158
441278
-183934
-325158
635717
-316918
-976103
-721497
171529
984703
272034
-681767
322945
806677
721133
-705127
417808
360453
-85002
450190
-979730
341505
265846
718062
508469
-109613
626323
-207148
-569229
-465709
-31301
77362
83444
671053
424803
-541704
762624
-601208
693455
-742845
421229
151354
252953
-983792
-622102
-642410
888188
858913
11622
557693
82223
-343106
102500
277938
780091
989749
-690637
-364970
-731178
-491055
896218
-948594
624544
-289469
375456
457454
-299268
888350
-61116
-551959
-553983
-51439
886624
416885
102112
956254
642750
-343635
-103639
-470308
-539035
-567533
-890270
462629
543097
-975644
696834
-644527
354945
887232
-340504
316856
-842240
402578
65486
673377
-792744
688610
289122
665339
-744256
-947614
772086
-577777
-52016
214382
988549
-500286
594561
-532856
-484944
-644955
-166867
461176
-714674
537
429861
876113
-824990
-115082
267731
847738
-394044
806038
494115
289105
21917
-677965
-822094
-9189
199508
-357499
191244
835246
-694081
-365535
-282565
-537795
-853635
-355841
917904
407829
885167
930154
-25182
-333629
997125
-624912
79362
-806890
-602701
301814
-57902
-403418
281619
-28946
-94527
865651
-61145
626002
476726
-578597
-412820
898066
-326851
341449
-68532
523575
930434
-667471
-742292
-365
847529
-713598
-758786
156412
918201
202885
790782
-336601
731050
774537
407566
591385
-218590
33092
-951954
702209
-731029
407223
-501676
715613
752156
708381
-701055
-350904
-821663
-415779
718781
548483
310761
184305
544230
115020
212247
442128
-70572
178614
-626266
-832330
-222631
-544984
-56031
526503
425268
-635797
-597097
-18812
-274249
623021
-169317
-616148
-493174
-143899
790734
-501895
-186123
-469429
-974770
-308993
562569
634158
358278
291137
-294986
294017
-638729
646445
-732437
-347431
-665492
169124
-401616
977478
757805
-767091
58194
357752
263837
-814200
-739911
216930
-137183
405925
-627363
922562
-205714
486719
-887159
-838919
322799
168874
353730
571083
-230965
13247
740730
-871531
-204532
164881
428989
998257
-686254
842365
-685471
-246776
585550
-986241
-6199
-947586
-353428
219790
-230871
-277615
-351969
-746120
852821
373403
169572
125360
651096
-161551
553045
-471607
-808831
-152995
820313
89549
-506465
231568
-994505
-993832
45592
515935
-885423
597045
586953
-188750
848739
875420
-695662
654025
818119
-331920
858058
40323
-607070
-963962
-251992
-623172
-167745
616154
209700
-99471
139716
671279
695585
-297042
213301
333383
768588
-248041
-824081
-418569
516142
760612
548386
940641
245915
-827799
-381476
193877
-824258
254717
-994177
-686213
149886
944775
15587
-718193
-189313
209397
277528
-622707
-369208
-316609
187210
913233
436182
623905
-749401
-411167
165220
988109
-820237
626221
-298932
161787
-637218
-178658
-72895
-805784
-309171
-488324
900950
-557037
-429378
-336105
-512913
-773430
439397
265590
-890013
-328404
306125
-936426
139405
561006
317252
715996
33041
-553233
767010
-120697
92139
533185
587342
646428
438315
-11403
865080
-850719
383457
-164545
-772690
749083
-301083
-268095
5810
-356801
192836
422444
-598232
-253152
-277932
-683046
562917
-763811
-538237
529328
561978
-231036
-148358
45110
467
108666
658619
517161
-422098
-415380
686217
-203581
-639153
-462856
-337198
959967
251614
-4214
-854395
-914776
435833
740137
-559999
984716
-711097
778257
851303
479618
849505
-582680
28850
-897714
-21591
-353740
-931048
-705486
-433681
-677909
-594379
133898
-12577
167938
-89437
424794
-630331
890436
738992
-242775
-592954
627942
548915
972177
151997
80101
-53062
336547
849106
-983469
-865237
-138952
-674457
986460
-766428
-370364
237078
993508
955405
677501
391795
501183
-629688
82621
-447458
371633
-440834
-88029
-16095
895632
371475
-664701
933586
-418039
-519249
-819513
842107
-783603
548753
-147061
116523
637868
451126
-375983
625924
917641
493924
-899234
-586944
505854
203945
-884898
-526112
-494117
843323
-385001
6606
-355766
601319
-538039
-5834
620206
-885318
399871
-929724
-531623
841352
876478
5453
919346
732466
339229
949100
68105
-235009
738569
-897509
-204738
968490
430301
475064
-374355
-303187
302939
-523090
-161459
-401288
-7562
493501
878749
-134860
-478546
-83859
208517
100758
689237
848977
-617601
32218
590919
693410
-484517
332953
-795241
-944641
-692820
-611757
-442358
-345307
-687774
-136978
351540
-721020
-636611
-363157
390725
566934
549556
-929090
400289
-138436
138794
61727
-288772
689155
775522
304834
82095
236053
-877060
558890
-449463
-30782
-983759
-166404
35582
272749
683033
704494
287560
437747
-777127
-58211
884696
270533
-217218
-574324
-580498
-35410
-910666
940258
-556747
-32618
-766698
679925
134467
792833
-363735
629050
-678461
-478965
525813
-301431
953858
-796892
955005
-632508
436878
329786
668123
454988
-436095
-568125
656513
55801
-293747
-270363
508189
282030
398688
335462
-821743
-853575
-826915
-267907
-353481
422506
-389939
585368
311369
-982108
937570
-930525
381049
14506
602345
-556950
-6069
-73516
972835
-560454
-116331
921380
-841392
-963885
-934291
84314
65573
-837977
-149911
508121
-364773
336677
-940425
-407073
-613843
-68474
705648
442967
916826
-105243
-632245
690037
-858179
-672573
199882
-221992
172468
938630
114178
263740
518854
231200
555601
817663
698905
-409673
-185069
-157229
-958527
-95777
28972
-590010
259206
-505607
42483
-213329
-819188
-364568
498658
713243
734673
-182413
-449224
-843867
368735
278084
-110716
-301102
-241163
-131079
247331
-256946
706138
-60634
-294982
-7853
536317
99179
401157
931486
-195081
-573549
-730682
956351
994154
640669
-657505
391489
721784
-906430
-230030
-548976
850332
515931
-720814
-471277
-692776
-82221
-676571
702504
288998
978741
-495564
321395
372538
165757
642265
-483129
-790863
-100625
678814
-760816
-606213
731299
-893721
738234
-106001
-943620
906342
-781947
293248
24555
127914
203029
925035
229591
-629701
-947980
696336
-703824
-828211
-370545
709802
-216717
775669
-97258
24796
800880
-168769
-45660
697124
-991112
-646084
-447715
1531
841807
-264413
912314
-637439
-779551
-732680
-879023
-488587
-903032
-744357
-515910
464879
903460
-597238
569996
-460165
-360838
688009
953092
921756
92751
908968
402670
-426832
756572
-259839
-750843
-415624
579870
-183105
402510
215652
536437
-841541
665623
822062
-665000
667256
-763594
-826060
266625
849663
206343
-862290
-306760
844499
-233688
843815
163950
920238
278022
132371
327112
-102224
-579790
-317261
-871829
-77894
718670
909844
-168594
115692
844666
342255
332419
844809
422922
-528664
330997
-136062
946035
-238562
-243978
986806
675174
945647
279061
-589884
-997124
459991
601666
451750
91292
753423
652519
-937361
-190895
802480
-13529
-966759
258612
-227826
-382723
-184101
672353
-122529
340436
-663304
-48
2788
-725898
-841500
-999032
-26359
850905
-918598
-774416
-781594
-651583
-650320
-556315
-335318
-890086
311057
-249154
-691325
-40673
-887198
872048
986185
561423
-448382
-204608
-820087
623405
192465
-830655
195001
-803065
789665
118466
152810
-675704
254544
-373697
339178
641645
539115
-656999
977189
472489
448061
165762
-762448
-532776
-392753
-725303
-691006
324090
269140
859585
-140657
-725128
690085
-263628
558284
205198
44709
-489375
-257953
928654
-629205
239575
589820
-460693
-927416
442514
-918873
-171042
997695
-509990
-317212
-859441
359058
-605816
740118
-559075
858832
762079
-840104
921036
112049
260058
-675240
897764
-529684
781842
-641829
730094
344672
343771
-321593
775958
-583120
873654
72412
773977
92578
324709
672897
-236067
273140
875978
-548858
-413248
-485946
-880437
54657
162019
-863201
740732
664035
-802365
900927
-656893
-416845
21687
-31177
688640
290317
993588
658896
426897
869209
16250
-750882
261493
-188598
519614
-977581
-902689
832601
-925255
-254008
-365667
-326009
-501612
865054
788091
384756
-994381
837125
-959758
511864
129317
-776887
774178
531646
999538
863235
-112738
-447963
921043
-662897
100927
-851272
-723273
-220216
-659471
13572
-643948
-58439
312828
-876531
-100256
873973
-351441
790833
-513491
529337
-886048
115356
-506436
-550527
864105
-787554
336688
-7112
952458
-485574
844758
-646578
-561217
-911608
122485
-402063
895934
171060
406410
-791313
580544
930199
-155875
644954
-576251
79370
529756
418158
-331730
207016
934936
-851322
-361555
480053
-38395
347256
-800717
-944877
-604804
471935
787889
509309
-559159
-400300
686670
322485
806040
-44251
917757
-249834
-390548
844401
-108102
506646
368989
60255
19401
-460124
-978536
-727755
-975929
757726
-218736
530178
-675618
104615
485671
346393
-28070
824484
82509
-577832
537307
-87223
948491
146499
-467364
347800
610858
572610
989630
-555828
-869365
933176
882772
-269827
182146
-3541
-988161
482753
547580
138785
-921204
108416
108166
-26497
-12126
-216177
-371797
650541
-199462
172246
192956
-924229
799829
-745481
317126
-296498
-915343
-86175
-233215
888325
-127422
-880383
-874573
870649
-294920
-423880
-646180
808559
736744
-766293
-644649
155784
940163
-623606
-248988
785813
-239847
845003
292104
-898150
658566
-256291
-793263
-527911
636926
578496
-806665
76803
-736927
-858864
-993420
-767026
314362
-538520
-216707
-195721
800860
-521567
-956264
-340057
-815938
-385575
-998398
-42484
-901142
898349
-261769
807230
276545
-42066
78155
699276
903080
185714
144938
434218
393498
-232432
178398
466756
527576
-618646
-319116
-313533
-323215
-551616
869235
-286471
806368
291765
-353899
-390161
-347578
40447
-679019
36160
857271
584276
-313077
894107
-170184
843294
372652
-965739
-643329
59954
892178
-274952
164723
-981233
279730
-568701
-988468
-850116
-560426
934176
-684916
-462877
633983
-555169
-626344
435590
209222
-246548
-521922
-637796
720343
-719486
690378
-621976
343220
-702996
750507
510324
-819874
-215477
941889
-827567
-319142
-248512
69770
-528414
602561
297767
33204
591578
-488137
312167
366361
361261
414656
-628048
453371
-609464
-505493
-320246
901028
-947333
730517
-607733
-972906
-808117
-832738
606340
-288691
809413
-800096
-182984
-807006
907709
14803
-303147
-845078
-543316
-162710
-764487
-248226
999185
-162988
-903189
289180
-812105
-815438
-548708
-555154
171541
-176581
-749727
433358
-345663
-317682
295548
884474
545717
-74193
160609
46341
283125
760960
-969967
-877118
427109
873588
-384517
-859416
150088
-905811
-181297
-500665
790545
635328
-297803
-939903
-821723
587921
769885
-124179
69814
180168
-62284
-652585
-115353
428600
-66944
613119
627233
-399284
-596779
194511
-75236
-124021
123555
639884
84009
426745
119695
-273166
-593704
-804533
396770
-377599
-742048
921351
-152859
-615041
59014
468743
-766991
-413779
896963
730079
470112
957085
-191132
778050
-283803
-553187
-672844
610967
58716
-416946
-107855
681692
270796
582980
-462602
754695
144951
-354172
-63754
361255
630696
-592733
-353230
-429555
514210
-547168
-336525
423329
-398265
936566
-188004
893011
-894121
-694361
517640
-294896
983177
465018
-615739
-466302
731264
-762575
-840873
373143
-340415
629824
-850964
538146
901564
-783139
-604981
540298
894356
735294
181901
314256
-166782
-318660
29222
714993
-979509
-478813
205714
521034
-190000
285789
453793
-825026
213921
307771
978205
215504
59021
892257
457823
750
-76318
899404
350140
890150
-207568
-583420
-436677
-815717
-474118
180070
-654307
-163738
297569
631904
966341
-997924
-772347
-584174
-134542
-281454
-806531
299455
746119
268340
-352027
523431
338725
655976
134446
152809
-222601
-931065
833854
-820535
77774
-407954
-161549
-942666
162894
353026
505676
485837
270434
780824
-228135
-846397
-849589
569609
-511571
587950
386156
-907717
227461
-474376
-145976
504112
181558
910911
396516
-43755
404313
-345141
-223557
-817647
516306
-918898
-901268
-167782
171736
-901105
-404792
942148
335062
657844
-590291
-847975
-999770
897201
-976600
-13655
238151
747751
-934033
839138
260058
376686
618587
-426641
-136134
472014
177621
628923
-511755
-535099
-502502
-351447
-943855
931732
609963
-507552
634621
-250603
-449032
-553725
128793
-166844
-749497
-521153
-34764
-716013
-876710
-87070
913141
387711
768590
613049
-226779
435451
663713
-348816
696236
-665246
571392
623687
-869942
388414
-924095
303590
897459
-41600
738925
-982057
-753311
-73686
935914
-79636
941883
-410550
606007
286127
-558961
512041
-306217
-519138
898999
-288355
-610060
-39531
41710
570144
-367457
-994911
688098
363012
400959
-73647
259395
868
-4195
284286
471402
-693352
-755526
-992808
859043
754476
-520131
-943560
-989147
-868582
-916713
960975
208822
-826099
955228
-857777
654796
836568
193819
-799721
-769048
771793
327655
-141980
-781278
-282761
400898
-142430
-703743
-267988
696712
567377
-953255
127793
-649674
-357419
-764989
53437
-74120
-391751
698767
-910407
-777324
-315988
-626123
-653818
-516114
-411686
-708713
-15198
-621112
-399236
-937384
-489098
583729
-67654
5812
-250494
-42594
-54428
591426
-878248
249426
-261187
183883
547141
547077
221571
654044
445160
-428630
-410538
-726767
911162
-66589
109718
-402657
-468254
-37509
578893
-843
276556
561011
-462759
-176197
-416600
873762
-165710
-293169
849674
-481919
-713469
504086
-381657
-872647
-342659
-303610
-858917
-489327
-196743
960394
-602598
251406
208308
-377019
705672
-273500
-137761
-794366
220345
-729279
-944813
-829695
-740021
123913
414720
799222
44313
-934505
228047
-87057
362749
-551237
-410130
-246127
37209
-346051
832129
583278
305498
354663
18295
-117171
-806753
127483
158089
-184804
199980
-363823
335618
-672968
-881520
-135153
-456473
467141
25726
-587979
-905500
650350
-428838
-278747
227787
-864044
-453083
464681
-65599
847910
434656
458755
181161
484843
-936599
-163962
115789
834392
-826324
911580
-719360
97871
-289958
-721314
97252
-661651
428570
-572054
107904
312777
753073
415754
-362785
443152
25384
-412933
830357
677243
601268
251750
18105
768901
-877593
-165659
-944608
718696
850532
-705501
144880
523653
363496
-924238
-458796
-321386
386142
852024
-826147
33628
940998
-453811
864491
-518779
-876275
100109
993397
-71379
-693736
771473
496739
-785393
48818
624335
626867
28111
-635293
865741
-779570
-136997
-204318
-712432
106052
-194147
-531272
683135
-372905
-686301
731080
-122452
-953631
-802129
-66700
72308
-893140
-744545
887967
-968386
434019
982807
-691847
919172
736287
-768192
-968456
196670
1809
-239175
146177
-304699
-59329
-201459
-335379
-865654
682217
-416217
-744823
-760953
880773
563179
-408736
63000
-859417
650347
-706353
176806
-257457
-326559
377969
734682
-280948
-448137
585456
-758946
667946
-823385
-759222
-173417
-757758
821375
982479
-602812
952217
178769
97939
983486
968034
594495
-434129
890934
481363
398586
746278
137832
-752585
290506
-560405
-758014
-8711
-125782
922651
982797
-526296
538543
-564612
-12681
-5148
-251714
-606444
294321
734202
-105939
796537
-214964
-337204
280414
848250
-751989
318547
343392
-141213
698530
922205
555959
894968
-339347
670860
17702
470334
37571
301608
-683790
-893276
-344324
-321187
942040
-828370
-822133
209477
225235
745110
693270
-963721
162571
-127220
230541
276296
-946706
73242
-71917
-941168
-18959
387234
35819
-507219
601140
-249829
450270
-440611
280886
-141326
177070
-699345
-370436
-234473
-988401
-895350
40600
699742
-419332
-335064
83617
420418
513009
-678779
-309126
144289
-162435
-709683
997524
269114
-330377
-410005
-677502
-537309
13792
-422652
-835022
643803
250958
108602
395218
530738
927572
493023
-120474
338231
177406
-828099
102476
595595
-626861
419345
28139
501922
260124
-305639
-14768
-432402
-357652
-233660
880738
783078
996261
-176067
-35372
400148
-211813
318635
-305635
49938
-696578
-276918
-52963
-223604
889025
589604
886106
-773092
-518451
700410
783782
-565870
-915360
599438
376593
-692784
-479390
441975
174440
-586360
509454
628725
171936
122441
622904
315982
-509645
-100971
-427383
-150154
272363
863642
-719407
470549
995037
562185
737576
-671069
712062
936961
-822566
-10757
-599400
9421
408015
423647
238909
973057
-675486
-469471
95483
-742951
-668846
-899812
415325
710250
-495875
161520
-542794
-15177
563161
458122
-484437
686307
-479299
989856
-898579
287874
-389293
-246575
928288
572732
-153033
-707059
325674
-989023
-414202
-589652
631753
-754804
-497252
-346924
-856978
639311
442225
371847
-186935
920881
-690969
-529993
45506
-980771
674202
-17176
-541983
-853108
-413057
-867351
-137031
-30262
-747580
225772
870484
455176
210255
204952
831687
-209176
-582820
712855
-682721
437461
-76018
-861200
-314304
997269
443127
-554853
-371293
-165357
689535
17309
205057
221348
987614
792593
370965
669476
643059
477188
344188
53811
-415624
204016
-695692
67818
-485065
83182
-124287
-300702
488200
369323
-450986
378031
-876064
57936
-430371
868341
345811
523293
417161
886816
-635865
-752052
484800
-580070
-900839
15597
-444801
689813
490658
-588063
-399076
231774
-584362
847354
21444
-893058
879185
-297210
840325
408041
-803748
-423573
724570
7657
-667097
-759734
-580438
-661653
-592315
209695
941677
-345875
430661
-926827
809930
688281
-422589
-55972
620369
-561518
-423335
-935781
-792163
-100019
-251139
-488788
304764
-937366
266979
354416
130795
-987634
350795
-809468
-933899
683670
-918228
846971
-642477
-178700
270741
577354
-930824
-477029
-113762
662059
81914
222735
768165
418312
759950
796926
106077
86999
-370006
-142635
288790
-89067
936171
719883
-309071
-622645
854592
569302
269669
473017
350458
-864064
-814222
-798621
25553
-797140
166939
483006
638742
-392731
93923
545348
-231950
-431956
606176
175954
816339
330589
-564347
896890
337761
-911988
771857
916173
-333264
828194
435045
-343400
722853
229604
646759
448617
-197641
505556
-309170
617827
635335
257393
-826995
918591
524061
-992368
-711098
-204634
452075
-288876
380726
-623790
97411
-85863
892999
-486902
248913
-850523
-741356
300301
94402
647741
517351
690058
-234755
-159380
-370113
652121
798317
-161567
188701
-940788
-347116
-28028
602581
-14726
-500328
-286281
666857
904243
-607226
-454974
-783948
-927585
-933306
593573
913516
-866452
-454907
738418
664058
-333848
973336
675471
-5679
-53654
-344224
980412
-493919
-283537
-70553
507387
-586696
-922925
-8198
79416
21417
-387916
881977
-15549
109656
547096
-151802
-230288
-539130
-989467
-327130
914304
531305
-290409
-51815
-871729
-390206
-138562
-216569
416372
-124758
296316
-364539
371297
-530041
-853171
279922
-550345
-237905
-103765
-227897
162263
471893
-538113
579232
378664
127285
24919
-225323
-555815
-300855
-475441
114221
-151101
-772758
-483574
454562
-703785
-951876
-632416
450046
-67746
-190331
-927672
726261
152566
-769938
110885
-385344
-95789
204867
-607533
917532
-929358
263282
84594
-803422
963579
-620472
148775
-272375
958045
-308611
571364
-22873
859746
-183727
-318684
-960784
-639528
118997
379613
-450807
838686
86115
626342
-32831
-552000
-680038
984774
804332
-451912
906119
319763
380968
980869
-561085
481255
-211436
569541
-494076
356011
-305226
-967543
-993437
140398
325661
110355
633408
573767
-114377
434122
548860
-197666
356254
-753131
498892
211775
759386
973141
858320
45133
-766010
-453119
-455825
993697
527692
615195
-354294
977631
-939829
761994
534906
884207
-151861
-45742
477249
765186
127152
53638
-834900
225439
-522856
-962098
175730
124479
705409
-645049
-806801
271194
-654714
-154361
120380
-350507
-78593
677107
244426
-813844
-355792
144202
392952
427956
-979777
-193274
224869
205486
-766473
654678
717800
439789
-379434
-657408
811072
495184
70849
433244
-872157
-346996
-682806
-724742
160254
-914987
85697
-988978
165438
381743
544766
189233
463839
608511
155079
-661865
150436
254272
690093
437588
913407
-546748
42800
29198
59770
503874
817822
-111322
-542031
-908565
-314954
-823366
19842
-13706
647540
-331592
893879
-31692
82250
-522067
-4361
176584
801599
-994467
-651621
-710689
430155
223234
826358
-166665
855227
-537458
-745596
277699
781604
-931384
-972507
-526878
259587
-419004
170622
-976897
398710
-287107
389304
-41459
-358847
3405
-990997
975015
-108487
109565
462525
244006
-822575
-202192
193536
985461
688015
198508
156453
266098
-237734
244742
194132
504352
307303
188874
834049
174917
179529
-903607
320522
211489
-385976
-651507
-262353
60690
-325617
-782040
245799
366291
568020
-870351
-703365
60296
-637287
161589
-762257
174772
-344958
294375
-673771
256870
-850835
425996
-873453
987075
-682807
164345
940907
999917
711178
805394
638856
-976779
-521177
-351376
-726701
-122393
-974420
-50292
344729
-765864
277536
-866285
-796344
-401486
-762990
-558024
-365762
-662288
361801
-904887
-216691
-809807
-725569
-29893
-148713
-801617
69952
-190184
-314465
-774756
-565677
175589
-443593
-95557
578198
-48914
875263
-659011
-640738
-511238
-833317
302863
860961
64222
-347018
564226
676688
212375
55027
-380089
783241
108628
-680162
-422176
113133
-129562
921654
-990052
335195
423567
-75025
683242
-137685
354634
47456
531380
125970
-448309
701517
-387653
940234
424852
977162
234809
475107
83888
931364
966255
-223804
-813448
-323912
-23134
-200939
-383529
753361
960684
-964628
-767954
866450
988666
-809341
121888
-661021
373084
162506
690633
499147
-158133
-221351
769549
-122646
72770
478186
-990043
-313108
717128
931971
-766571
142667
421457
179668
-955005
80419
-154098
274375
445908
978871
657973
79528
58791
14026
-467676
880405
893057
608594
-422894
448273
-923521
359243
73699
484676
-899663
356719
-65182
312204
334311
-160651
966323
69995
-909503
17282
559471
196130
272542
-943868
20387
746765
185577
-559579
836323
373493
-417694
763100
-238566
398365
351851
135107
266306
390252
208364
-501413
730193
-540614
592988
931453
-616476
928572
-687297
65107
573183
-533785
-290983
-117172
-382834
541100
820919
-358635
-81548
665877
570951
304559
-61748
-179865
-440205
211459
-709306
755645
313670
175021
634412
-595302
854058
726571
951366
-20967
376653
-555987
844606
119195
756998
-349448
795366
640911
-758705
297143
761752
269850
845411
712144
28261
964714
477496
-852459
901238
797556
-117256
-940201
-358592
-960861
-815600
-463089
729854
794182
672571
636138
629870
419123
-738249
-76481
456038
-691921
-504630
565158
806572
837633
-66364
-877074
-552835
-783189
732739
995141
712780
949879
-421886
574446
109767
864737
-848862
-281735
664142
796202
811505
-483197
-127944
775009
957775
-617499
-265101
141827
-397383
443540
-197462
881789
696132
26878
529377
-475990
4792
567714
-644593
-652999
732085
-615072
-377404
-357571
-872401
-267452
431146
701333
989534
-45559
-495822
228149
-760423
235520
-971175
-923981
-251567
152559
-872986
21154
574897
262189
541439
-300295
226092
-764068
74484
-849489
188869
812860
-633661
-756317
-536166
251036
915890
212563
-656955
-402348
515627
-294108
-573336
-309661
478990
351363
-725474
-55830
974124
833563
28587
-93771
923504
-70358
-110083
402774
-928900
-353977
285647
-222427
-504267
957741
220813
-426701
50707
-431346
446670
-498203
717207
145343
-662876
-588983
963432
55368
345453
617841
-684669
-880490
-705283
148048
527350
-468297
999149
774024
117437
296947
-507910
202886
861189
-148040
-326560
-373183
-929087
-278244
-905335
453861
-319222
363920
-625249
-929378
398236
-300595
500419
437855
-471620
-152099
-503014
-985092
-536598
545894
484461
736314
32046
366509
-61825
215494
-184293
210568
191290
741358
-92585
-71091
743154
358207
799369
-540781
756096
-909757
219994
-588933
98434
999232
-194862
784336
-87067
-593613
990220
-422759
748983
355583
-693035
572199
-701481
-693731
-689795
331770
-430593
-92884
-459715
880717
-97402
-974114
549380
-106579
-733857
486863
428077
-999563
-656774
815370
837046
-399515
-55097
-525861
561978
183112
-359922
431284
196390
211368
297819
544334
-807175
-309524
-65815
645461
-982320
-610201
-692544
413148
-891583
317400
-635246
797776
-736688
740804
754856
-952169
716696
262854
688549
854977
269464
510
-570056
49473
41199
993102
402970
876712
436240
-263450
455138
-895050
465616
93615
881864
-967913
424882
786137
-324796
-148624
444872
27630
990815
757472
440751
-466449
662565
444836
-119816
289216
-389407
900061
-646596
754320
481597
142152
569423
-46181
-743568
-250616
-565751
-376498
225070
-544479
600230
-427616
-453727
-749377
-827774
-192395
668754
831193
-40754
-60190
462103
-219342
139310
90590
379061
-686449
-812530
-492382
15842
458237
437884
158130
102455
89842
876198
-704332
-641727
-444432
-652856
354219
-234460
-900017
265372
-53599
423141
776892
-944608
-523374
-404001
-89438
-101134
-572265
-295088
884380
-163582
575845
57998
312656
227914
-811461
89783
298816
647699
338881
12060
418914
-374367
-24321
-931910
-317752
832804
-999388
-820092
-808818
-91925
-956756
-255400
-826463
-119681
849045
-646566
-201259
335653
-131704
-840533
750450
967222
325822
-422784
-413099
579133
248497
32720
649533
121720
-64102
322127
799994
869125
117096
615433
-194013
756538
830867
-871914
-178896
434458
605540
966299
-584099
750935
-325149
-471600
508123
-284079
-783495
467747
689381
449001
44760
945249
819637
127163
-975603
-264788
-762019
-327158
-358374
882423
243015
-104588
48959
663457
-828278
-899153
509270
822542
-124255
-992762
-941714
451116
-976472
-895054
842099
-108784
336987
-6072
337463
999389
-698752
-309384
-791684
-105302
698747
615810
123891
-136601
336327
-695600
135050
-953590
804249
401965
-514895
-285664
-258189
-352527
-577183
-579513
-265389
2865
618206
-691745
-639910
287687
-552444
8853
-841952
-277696
234020
-495758
77947
-62275
-222040
-923927
-759723
-786205
-34674
-682336
-787577
-166009
-570818
-676164
-161469
307472
-530843
-514960
-694219
136417
249782
482514
-655530
156557
-20930
86250
96336
-624134
-228319
-78558
-136006
337945
231385
655831
-695880
-813820
-599797
-408572
328717
-549019
261305
-87258
-447
-897503
-147591
-195745
984055
-278804
425740
28126
298507
-855639
295462
996590
468719
-486926
-436083
96435
570490
354119
280210
954948
-594674
689447
-505452
-263817
306613
937851
-85532
-702255
-10776
960784
899414
-55003
-471864
-272211
-536201
207204
-467572
288619
-822834
-456611
84349
857580
859456
701847
-520959
-885276
47851
-170060
401945
518479
-638234
306998
107493
417337
973894
687513
97683
-44505
111501
-141621
336162
-363995
221105
-42647
-978524
986530
66548
-853893
-388254
686467
823555
49411
-358406
584259
-719037
-379104
-681136
-532440
349781
856520
-280603
491152
-587676
-194688
901529
-34570
-173604
-202688
569077
-267529
540811
-346400
-429118
-173940
822816
928458
367211
580336
-815291
-500362
544987
-351452
-749614
7850
-465161
792670
373828
-412005
787793
617779
-831965
-4344
-639899
-720995
881974
276960
473710
-704764
-323919
-578650
704121
-685983
-442627
-904140
726758
670239
-756782
504449
586285
-249996
-225185
-435374
393069
-892600
676037
-820580
674454
-218077
-853987
-480612
-676450
47503
591444
-652211
-823024
-138196
-674718
317369
274295
320061
-887872
-16835
-559674
748846
-205525
898003
403539
-509515
17203
488055
-827397
2131
163484
-692974
559084
-958152
3977
606444
-811282
-511331
472324
-785241
716485
-519811
22446
694075
-150152
658652
823606
-130163
-743660
-666314
-212210
-221641
-195792
-320208
720978
167981
-319227
-507230
-453161
493397
904175
551241
-167054
-247171
-144553
-170213
-924355
-247345
-243525
826692
-62321
444456
592111
-862714
899738
-223650
-824640
-362839
-241849
85692
386069
212686
343325
808546
-27830
-161197
-389752
49976
309669
234075
-215432
300599
-699706
-812966
414734
123709
656483
983886
-30484
475561
-79920
-479614
-891899
-593947
164110
-934083
616262
-459587
-182864
-165091
-600344
-209035
-858779
-6855
-824677
703648
233668
204290
109018
-625143
972053
884993
-366532
-21859
-693959
-352989
72802
-470739
-729349
-816440
369595
224126
434372
-868463
420663
468127
-578578
132187
85749
-892015
38241
-691262
123062
-580194
-41902
959762
-144243
52391
-842897
-259006
736185
-384303
-953478
769676
-995562
-930392
317929
544163
-904511
550371
345175
2661
-327786
468606
-71448
-604165
240494
258804
-60716
220614
-936339
66614
-473767
671110
-934118
-574606
793234
-403501
-1003
-582479
512085
327369
923123
-251051
610990
-608575
367045
747715
891618
283420
110608
172762
467183
-224553
-375626
-130434
-14285
408548
230189
691737
-564984
-860803
-705195
605988
-245241
-168812
681846
346851
891682
-188522
391871
188427
-461609
-259140
29236
-121419
-385826
-278479
470987
205737
296934
-299321
380578
710249
-106767
327510
-659490
619658
-344603
145387
-484672
963854
402504
86585
-359147
-304465
998470
866828
479419
484545
365430
533456
-90279
217150
-443725
300895
224887
30181
770424
647875
-839935
895692
322302
151276
-40867
386814
343424
-570244
469066
88272
-715812
259819
-784464
-466723
-835244
772610
-434182
-347189
582064
574299
-904839
443416
338741
-418518
-973640
303625
-91240
-450063
-946558
916855
-805224
-549676
-873989
689441
-991578
-873671
-809522
109969
208413
-354848
474904
-481263
603985
-43358
557558
55638
-82191
719243
701297
-169824
-622790
-468716
-486052
673217
-586199
-276764
798077
259092
763900
217588
-985801
141313
-45518
-93909
-456098
957928
599812
-546040
-571377
423981
-779087
-248253
402462
379140
-849045
251321
-228846
-175566
537906
-345980
57181
-45141
70351
600434
-956400
-10044
-232275
773404
-384476
735895
-477973
228716
91808
-526202
-414999
645445
584877
-195828
-895342
210151
750600
951737
-219221
-142646
315027
-291247
-20343
-642902
52976
889410
-61883
-548325
751350
-463389
-172506
-52874
-658501
475889
-760330
170224
-655444
-579500
60470
-939330
491179
-566910
781733
-657501
-497517
-20525
-168469
-531150
632484
734214
-278354
689351
333465
-661613
921369
-476259
681102
888634
-401688
543662
43203
97554
-167460
907088
498518
-180023
596955
-653913
292340
32482
-6919
-416708
-357132
-438666
-687155
981269
776391
-846380
-644812
-33455
-833337
-630126
-557083
-666750
-123535
-445457
-432419
-895217
-130486
83710
544586
-610810
944609
-943229
-221486
837511
161370
558886
698794
-146856
734243
812077
-902678
420077
196347
115304
663096
88921
-819601
-703932
35066
618762
-721109
466800
206027
691834
347899
302968
286016
-139680
865786
574516
821355
-24769
87079
889266
232256
849320
-248286
168947
-787877
-636155
278717
607311
-795448
433971
-671507
-198160
183188
-34041
520436
626311
-712004
817937
739313
23285
-940903
871313
969898
69026
936908
422528
156382
46283
545318
-331112
138534
-999178
397561
227215
260477
-875777
-196092
494585
618199
267929
-207276
-138220
143550
-468360
9092
-147209
-570555
-274338
655219
-547315
-127116
-958108
190875
-10545
816033
676850
-791356
-266206
345950
137506
-911637
979135
-275527
605162
949400
266418
370077
686093
545269
-68984
-671402
416533
-172604
-386061
-436759
131173
43220
-493094
365811
191856
824027
-685372
-186976
-707698
-244084
-802980
-510087
-922737
-144464
-536062
616898
302582
-448084
-63592
292485
-392006
491385
-807596
881532
-16025
-436441
298975
915433
282376
-274991
-82755
521702
104788
90628
530036
-588713
-824864
-594163
500549
461448
263286
756730
383675
757092
-624543
200445
811752
-337094
-843182
-583346
815802
-365914
-65622
750811
488734
-434608
-845682
-711749
-120959
573617
-396826
-588309
-288792
506671
-160100
827087
447070
61161
-419694
60198
-189360
656046
-799923
-202722
-947947
781927
863472
-590186
-177936
-968124
-779240
-947600
-278816
515788
-471731
-144073
-296465
525837
823379
-99112
597061
233661
657059
-929735
651289
-470076
183231
555985
-718738
840640
-846502
-751206
727785
-263221
95049
-933086
181984
734452
40610
-970243
-505185
-399885
-558717
921681
-673704
-220684
-813232
-942936
-287127
681641
871326
877332
-355126
499616
73347
664538
-17569
-208229
231379
631269
951795
633383
724553
693298
-694422
-984182
75187
-786909
-386423
630786
355221
-161875
-274287
-634169
-149952
-718677
87936
-373440
-299877
-422611
486570
946181
683509
359370
-296737
-707372
966572
348551
615191
852887
-857793
-51951
191553
539584
-62596
776601
-110355
-284389
-600943
651900
-392043
516302
-11807
-592174
624298
930833
-841927
-121452
918722
229217
609721
370700
17109
351792
81832
-900418
622103
-300574
-161620
-170363
888255
915502
-109566
975045
116665
772406
-881515
-112510
-572304
610367
-737645
681632
-601242
-534385
-642346
793748
-506542
-974033
-213388
999398
897322
-38190
102036
620117
-460322
489421
-698451
693676
-867780
-187833
728335
758235
-216418
387171
-513351
830249
-954742
-182788
-636274
-137583
-88752
793882
-686600
-836899
731778
339350
95532
-929575
-234842
751025
669939
308198
491175
394734
-7171
481753
775734
520736
-300547
265907
206643
507093
-930205
-665029
-709105
132846
791173
-549129
950760
-325362
-674861
586281
-943211
790797
872674
924485
-824190
655790
-807334
-98817
-67420
223087
344651
167995
267344
-43652
-317076
528418
-205742
777089
385669
-141602
-698600
-833512
-790161
-707305
361110
-582118
889431
-746844
-270170
591829
-695471
915530
3897
868412
483238
-734366
336129
152178
-885593
-92287
722456
441822
-497761
-897424
-136618
772376
-572961
-422674
656924
-622925
146548
-591473
432557
-806693
440576
-518145
534212
407440
-369937
196435
-212257
676582
-10791
-53737
-943522
-216170
234175
-755436
-641728
753238
-584555
-872029
-432955
-900436
684746
-818249
-936625
36381
-61819
-123799
164333
-755326
26418
-517076
435243
-762767
-479640
-885319
634339
-443953
396413
-802263
-74810
9655
937436
-984767
507683
-191537
905820
848246
-735603
582192
245426
-718938
147902
-891111
-228607
856218
677055
-264680
932156
-473226
-66069
862249
902153
-700634
745258
898170
109391
-114352
422116
-323360
-727442
-955934
366146
-715526
-409594
-362865
95925
-357809
-539669
-427899
489145
11587
721486
-579896
592335
-416882
-903606
394759
977083
213049
143428
-340283
-376255
-38665
333711
921589
-449757
-294951
-703308
531378
179225
-454778
189794
-518028
-600148
568812
791483
869858
-859155
-328341
-981513
730669
-25805
-439736
288093
985874
783482
556328
34276
705172
-726726
-646035
-401039
282732
-566358
583192
-556834
310770
147562
-517827
-874340
-973247
296736
-305949
-924247
-860143
-365614
-538932
-958068
-99846
539026
767215
455608
-747101
537564
-804040
985439
-770045
-166272
-246009
513298
-775704
-79156
-923802
644983
197257
-44750
-655661
-92963
-518683
-359798
179656
-794593
-853019
637394
971026
-929877
753267
-931256
331823
419355
788009
565411
449093
-402933
-66402
492210
-346558
-550155
-952972
-399069
671220
769676
94792
-449655
578645
636917
-222049
-312214
-321618
355318
-580932
278906
-60384
-562659
382878
-538854
-881684
609646
417444
-703929
168719
951279
142564
344167
508750
878506
-802979
391058
580093
932989
-605584
-824684
-730690
282291
-203303
287180
616185
-133240
-122298
532453
-547115
-316531
-838223
-586506
-185883
888731
514082
-833858
-968443
-565746
596269
-764996
218852
145463
104240
687646
734105
29090
-836348
885824
-501490
114598
407086
-94411
724016
-727749
547976
-357283
89110
-37695
670320
647945
714259
-130520
-473914
126489
-138540
-383206
713138
-971768
-78818
789676
884148
-586315
929236
-71528
223574
-301194
150956
-490945
304370
673433
774196
-734879
-295129
-166930
438643
387925
-917429
721141
-603659
829499
-612716
-814912
-456146
-762964
351950
-429619
906078
-543725
-739948
900543
46688
892851
966884
-297275
597892
-40335
-342759
734895
261725
-254909
-476806
516976
-92392
403820
256503
774366
-437088
-352629
-92622
807378
-574977
-983176
451219
-586387
912939
440414
587296
945345
850823
886932
-22938
898349
533718
438361
-403059
950580
-898222
218263
539008
714133
535214
-778369
-743342
-86262
152614
-403843
939479
-194198
112575
-513075
781492
511743
-699557
-616170
197644
113450
456993
143969
-15405
-212172
-268884
-679557
111004
-556607
939101
-761995
212519
-149610
891442
45418
-324352
-561088
-552973
-461580
-327098
938370
-932148
886298
-663862
730857
-329624
946232
526001
282826
146840
981727
-237402
639611
933700
903443
81594
-660959
-940028
-646124
736309
684598
-428935
869351
928380
286615
242476
-751470
-623256
-451712
-176885
946659
-50209
557098
-478820
698679
-313216
641674
-647930
-246424
-674160
369637
527699
-138140
-245326
724131
-491388
-396440
-933567
-670551
-364563
590257
521818
-896771
-208764
-997754
-400840
-85931
-475899
258844
343428
649558
718438
-881728
967787
410362
-897072
-243794
480467
-115821
-250216
770080
293053
18578
562103
-293252
-843231
-543357
90903
291662
887540
213914
313261
779607
91683
392694
979115
-674514
723887
-344422
-472375
167885
-824195
110612
336944
684175
944614
106369
736110
805329
79658
-964643
-178236
87573
151032
329052
293590
-999701
374107
858634
-508191
47745
-907613
730774
-494494
-433588
746645
981705
394007
-893751
-67328
496079
798227
-546569
-684279
-422862
386012
-851518
22890
434556
559296
-439127
258483
-657677
-27483
289367
-542336
975988
-601091
-322032
551499
899703
-963634
-573253
-156115
-145866
809651
-488793
-721927
-690400
-753167
586090
-993680
145732
-875640
-659527
62253
-191417
-845511
-929154
817242
-417517
566322
-686009
738577
566912
-761201
-202970
-600047
-131724
610678
739607
360721
777878
-735659
141538
792918
169443
-63855
729484
604474
933707
592386
181916
-107970
204138
-812083
458650
935682
295654
236996
735620
282211
632239
299290
-287298
-103747
534829
-140943
-32355
821488
107054
996056
-761094
-157382
289922
-238803
850861
956925
-891448
-484586
15925
-32041
-467146
-572511
688898
-164766
574740
735790
-109691
317074
-285077
-404586
950626
-338278
-722883
-734514
-139230
-386011
86530
829469
531599
439641
-381411
-756067
-435249
169533
17980
638028
-228418
-799377
99402
-229686
-785817
-985537
-47234
188483
-371944
669403
-502022
-202785
-208816
-286093
562089
-406402
-17091
-548998
-329769
991272
-516619
779734
-11375
383228
-8856
348294
-693997
937264
-473973
-789058
580339
-140462
97667
809387
854902
-497958
-503754
24252
482033
-28012
673793
733866
-894411
-366046
-854043
588677
166584
733668
174002
30690
-944396
-685307
-759164
950762
983282
-269614
-448725
-23127
189418
966208
-547738
609043
898510
-472287
163559
-230140
725451
627453
-707866
302569
-257791
-295842
-856996
42564
-463059
789302
-856389
35639
420728
-822383
883521
474826
874078
916005
933257
457246
476747
-107054
595407
-414416
397453
-979878
-214204
-522583
-727363
522606
912038
487034
656263
-333604
-865314
534774
-992056
-149369
545297
-734876
-996477
743144
-648479
-47006
-26132
526374
-634029
-63395
423051
862447
-664551
-363234
513309
-551597
-640349
401750
-467718
-485266
-616309
38445
881991
-339055
819608
-292490
773199
-654339
-854944
-994739
62466
-936002
-687173
-149223
108780
648636
-980216
247067
-50512
-28468
73710
675585
995935
-275225
-682853
750651
-806162
-313506
247307
752231
-43073
-339800
805502
-536066
-243768
-944585
495256
531556
268356
664009
537469
646268
460757
718903
477819
-674469
882032
875394
953079
136144
-396670
-131442
402542
-949561
976839
928424
-871919
955016
-845133
733739
-424491
-365385
-48455
-543625
-154617
-212453
567007
-957400
394836
202065
107038
420253
-786097
-943399
930587
-712392
923707
-651013
712478
-594973
980902
-946611
-851387
-31541
-509222
949617
859516
662377
-449195
-761545
-598829
-948686
-759736
622345
-77819
-638278
699234
-849993
184721
377827
-589578
-189829
829291
-979901
-346952
538186
76009
676140
46750
85248
-387618
177132
-369398
468803
919475
673765
-178429
-506560
686648
367082
-6014
503590
-552496
98557
-285591
-557350
441522
988441
423810
152837
7427
-759710
691464
-527567
-125281
84321
-6166
553948
12312
162227
460262
-167082
779411
-154793
-339442
-906153
-630534
-65580
-827908
960478
-158437
372803
-68125
221762
-785319
-871632
-43347
-208084
-234527
-516936
-114901
-595761
269655
-240359
871061
-765951
-72743
-573314
357664
748526
978807
579990
937571
94482
-943698
953669
944268
-487487
-212393
-565456
398682
908723
972709
-822632
-977955
-759718
-300331
478649
-376830
413345
-88194
171777
-289567
-821694
-48297
-624212
-318709
701293
847592
-288426
112790
-363010
422454
543596
347346
-673723
-347452
610745
439295
-427591
253272
-103020
-173212
724702
-480945
287865
-326871
53293
-149314
312432
450828
485102
-4912
727205
741965
-600736
143644
684524
552131
-854746
-782195
-280638
450774
898645
51
220769
485433
102106
483550
369247
-814791
-897862
962804
906067
-945728
768845
246053
550841
-404340
786004
-577024
231539
223239
-722337
436027
136636
561803
927221
-68812
-415421
-629993
-199590
163124
712845
-103758
100307
193424
321225
-459385
-160487
-37057
-423573
-685186
618086
-727990
-351166
-643357
461031
-749532
-688714
909210
830762
-118404
160750
964760
-486744
-215383
302181
-728590
14647
424639
-45318
618878
-89013
919180
-295464
-892365
87233
426978
-373055
351007
852901
205189
-244455
-190765
143917
889190
-85134
17022
-357891
655272
-85803
564572
907574
-228941
-718497
909364
-422555
-153545
-17972
465969
413750
-795849
-638998
500602
961074
-134225
-169622
-988348
-846133
-596435
-926920
-492677
284042
97681
595425
554380
-936881
656248
-791822
329137
-893649
824180
-558190
471826
-103888
405919
17601
260276
220366
540343
474256
-535348
-913581
-724438
639617
-72446
-204234
973268
156846
206021
-669916
-595323
-228800
807768
-279018
645838
-607790
516729
775128
222763
-688585
433832
-631209
-612689
265714
-15214
195575
-877843
-902025
247161
-213539
-411082
658841
-170344
965166
869909
541753
-648351
168442
-765291
-180153
-820333
591354
-380260
66559
482324
-981522
-983350
896080
-857079
-917180
400005
-323542
-998382
-685053
493053
186436
-879397
938431
269859
977619
-15679
-656261
565575
-552390
706035
-361880
-105715
-457587
-200491
616960
-981933
-891514
-935731
-849649
56321
-404835
-23511
-616682
649072
487279
-499997
-630011
836859
380539
47575
871958
14060
-849827
-742610
-667145
80365
-417762
558069
395723
-92822
-257654
749020
663254
-660522
-614850
-439344
-707641
-951510
692041
849986
-463388
-297097
441218
468584
-238854
-147451
-182154
677648
-966966
-227749
-492477
-315142
-352292
641840
-485771
19083
215821
-992779
389591
-394028
97420
232019
608049
-475991
-324917
-337060
-752130
-876306
-449511
-213588
-23610
-418774
942637
953803
-754121
8857
801071
905498
-599588
599019
103953
-620431
-131816
499148
-850262
632499
-333723
591468
-971050
906875
123978
681457
212801
-760767
-227934
703079
-22316
-960642
819953
-913013
-138347
-720476
419191
-317199
-793298
-12192
-432870
529205
-832023
746740
-311483
647600
868309
361965
338056
239321
-276461
644903
-388486
574588
753598
787692
-500556
-870002
500217
-836645
868479
976684
984881
-46641
-911504
-866816
438896
233463
-928398
381157
883989
-636605
1296
-416073
-185872
421726
-234719
-669650
948050
-279102
907930
382604
219323
866343
-697283
-919361
-227324
91922
607671
-658987
-753890
735194
682003
720397
49892
443539
658162
813468
-557505
475640
-981458
326555
-166664
873808
-596669
47730
863176
-997571
723763
-871899
-657813
523016
-976984
-750909
910844
188715
-408380
730713
229891
519325
-159090
-214544
-910784
-722903
353183
402669
-399851
-374048
850705
10377
-415959
-356849
569140
680187
-703739
980066
-505236
414045
-286734
-980762
191723
868541
-375945
838901
-98848
-692586
-327652
-641693
-582045
-130746
-347712
228172
760189
524520
616059
7423
-208211
-935045
619891
-944497
231124
114710
-262275
92475
774517
-894475
-29399
-140512
275846
231585
744832
-187137
-802595
-746497
-388384
464679
-378624
982169
-483362
-725402
-414340
77951
-450299
256824
-539002
-201401
-932462
-684095
-707109
730011
992632
933236
395214
68510
-929136
-278992
-640581
374369
-728846
956653
-583840
772802
-234506
-895070
-667436
528193
-888524
262877
750775
212217
-618922
-989140
-764974
28425
-754945
-257447
-689113
-107685
-816511
-916517
470134
-188196
1369
-999759
802935
-194114
-800172
559531
-517718
-472799
-418089
-629797
-693967
802717
540738
969439
-269767
885424
124596
386575
435293
-204078
70610
492880
199545
-716881
692185
357940
293653
95747
-574977
-492095
-853581
-63449
-469021
762121
-926214
376492
-799209
207948
-102764
-329079
155915
727190
-793571
70398
294596
551428
503504
855408
722084
848749
-995262
-427254
529873
374611
-977345
433872
78320
-791981
-845158
377606
376166
871322
-50716
-169885
327316
-591262
-935771
270380
64876
818823
-625281
986831
-510796
184589
-874391
548743
-412646
803569
-893432
-538190
294620
440122
-803724
-52312
232686
-430323
-755894
-744479
-6878
163681
-517210
99846
965311
73003
987474
648172
999484
-565952
-573717
956013
370771
-230776
255564
163569
563864
321349
-277923
812170
-372215
-324717
802595
-700521
911596
25547
643083
689253
-560218
711390
286117
-318062
886961
529381
-248194
305698
171909
-565907
160834
-254484
575959
-371688
2436
-347295
-715068
272667
978171
-317757
-384704
-539248
491109
-7912
315528
-352226
83434
-181690
801077
712234
975134
450832
-878711
-326276
532537
243085
-465624
-685008
412562
378034
407310
924033
-494736
-480816
189808
-857723
-589012
-758539
382513
551305
-146758
77087
918192
879640
238544
-952539
-246087
-294751
-61368
459768
-415644
616227
633689
312221
265024
-626653
-134264
-348592
532943
-555356
-586115
859135
-289918
825139
307992
-644268
852431
-114480
257153
-119297
138974
985443
271530
76361
530544
-25099
54930
912664
-34482
-948724
-553634
-358844
-836536
-153211
436627
451723
578440
-412951
682535
-228429
-9879
664454
798251
-655061
100627
-973130
309491
620050
-827966
-942703
-596092
-581807
-608328
889720
227946
430117
1364
632403
223135
-731353
267183
971174
-542237
295991
-541133
-661513
420106
251898
-101122
-529972
-659879
871370
706572
-516680
724096
917903
-865329
-834702
-309499
378481
-182848
-882267
-429691
-554101
-700734
456568
-905115
199026
-621039
-490886
-253258
289051
429019
425379
-214543
726198
390752
-511387
-272106
449779
-464143
862087
-228300
871806
-996228
-616482
-511531
306218
-152503
611793
-463841
549146
281225
644796
-966035
-104213
-55779
-712215
532767
-775722
201089
473231
-372972
128233
-442464
723900
-902830
-431358
-422938
-990477
587759
-984988
-559799
-575633
-161014
660484
-356757
972744
-314598
725834
-41062
132139
55165
158999
315636
508407
-585260
-6199
-606231
545381
792804
-182158
689170
-261534
435128
-110242
389885
-147829
843956
777216
-122407
310166
83124
492309
-713649
-753378
506930
140151
439776
-638299
178208
-735976
-76785
-922876
618690
-429739
-450292
-204098
933818
-886195
-998974
-921454
-766496
-32618
133787
-800181
883332
177221
-286762
-737394
363756
845097
-194490
125887
-933837
254733
-477433
392776
-869425
95193
-218239
275384
-48148
-75846
912959
797810
16977
-821895
-626377
-189175
-387279
597729
-975631
113274
-305513
-672500
-384943
-488580
224177
13183
790318
478533
643881
527755
-661296
772164
853824
639832
955806
-249500
534573
-61153
-217317
-799849
281817
638196
494808
-102682
-818263
82998
-408736
-320426
-587339
-632266
719915
91139
186192
-100335
-695735
-698881
913103
-46450
-773071
648732
510509
-673066
-505216
-448348
-573149
62040
138367
74543
-342303
421516
-324132
-464545
-540381
406149
175410
-276364
-572574
-528324
330702
328927
279734
627648
597518
-151423
983943
-308612
-304587
-628585
-378754
644987
230917
-314266
753336
-121963
-915296
-290518
-465297
316016
297444
358539
376229
-261514
-364096
-903315
-266245
-958980
998002
690484
-785486
65328
883074
-910357
707460
-213669
-869346
-866052
-616659
-40193
215212
489126
147815
877864
922063
-93628
-697713
827250
-82813
537860
-90965
310713
577949
372967
747544
-130352
13475
457664
-976261
-381634
-125806
-197050
-399544
972834
-157115
97313
-366541
116972
914851
-586278
-829561
-17416
-476366
-442051
-229219
-786621
-218994
-124985
251880
-534662
-100194
-735075
-209738
556608
331168
-454373
343605
94452
-806739
-832643
-799493
-174947
-972277
313064
184529
6825
804709
-100416
915179
-925990
879906
-390207
953044
-851821
135161
-543677
176255
489768
139928
749670
939632
911756
289283
-578621
913989
409656
864136
708280
-746846
-770153
-410194
-815485
-880686
236640
663558
423803
976357
-960291
-297806
-779805
317757
294554
-457186
-980167
-413577
234533
-880656
-414900
310247
-857731
-52243
235913
-53977
335760
-82684
-593561
66858
111324
-156879
-526484
915674
366806
957777
52081
625122
-530754
201779
84518
-972234
-853514
-743197
850838
-976089
-274041
888427
50005
821917
-19665
277927
864742
-690253
261260
399001
32971
-646476
-963108
-738521
-977768
660196
-558714
708206
242133
163274
187368
386240
745264
489641
-71280
355335
-686316
-512193
411914
-351096
-402275
985540
301468
172423
727772
-685284
-71620
-742840
-109252
-999777
904810
473529
211899
-281415
803725
50865
888139
814958
512748
-720936
33249
933804
-120930
865217
-434550
4420
-662751
510069
899521
797411
401406
440939
-899136
347745
867381
-658871
949780
-636258
-647584
-645617
513343
-579745
-823306
-195598
-871139
146984
-490473
-968692
263966
-763305
232877
232223
-813658
-272365
-948737
700615
-921176
413212
489576
490556
-110535
80122
127391
208076
-2440
-114806
499377
-580627
-190994
-272579
-844409
386633
282753
-526173
693323
233646
525234
352326
718432
138225
903587
-981076
-12839
-30543
-193647
-562130
-73392
-966308
885558
285450
772724
-288661
189495
-414756
483877
301830
597974
-156165
-157348
336383
-447888
489347
758616
656134
545926
426733
60510
-731751
-942685
-623561
-310995
606256
107869
657079
-517774
556399
-387259
57704
-713071
-881780
-570157
-868285
-858580
-840942
-428135
80427
-697005
-906416
584563
669348
-831344
425757
-731870
150752
-107008
-807462
933390
812836
708119
997291
537876
703691
741481
-653005
-907111
-122842
-954171
-817747
-426252
968768
452454
-962100
-625414
-790079
760402
-708277
-486703
46296
-413696
-577616
-813638
-383241
293774
-829019
656314
361082
945754
-534549
-431684
615725
-1077
302252
-127011
-230558
-179881
282000
807938
68898
515156
-959336
-538527
909250
39660
-692456
125042
735664
-543911
-271398
-576750
-989663
-956522
-43531
643397
609809
-363338
-343440
-275092
-47199
438236
136035
327199
-295728
-615293
588724
231416
-427178
381759
-182302
-80234
759484
681866
992163
819356
-859289
323251
745406
-979653
282434
476649
-935093
-10448
694583
520711
49532
-75751
-819331
-364605
530194
148733
-181619
-17582
-570069
851200
774161
356599
-101323
188258
428697
-856281
-958837
248123
-636773
148921
-828409
583719
-684895
-137321
-56442
-952630
126837
-141152
-962209
-254528
-512377
192242
614979
915002
-718542
-250112
758020
445709
-885503
648302
125378
-531467
-601863
-796886
531576
7869
599757
355356
756743
-448572
871739
-293259
485918
781820
-684407
506
-536625
864122
-809094
-88509
784006
-695472
485612
-827403
-749849
655106
-798209
-93392
369039
867599
-828065
487686
-645722
790451
308891
18679
19089
184045
294508
357719
-415488
-122706
532715
-154766
89718
273573
-196869
-355888
-409425
610123
-352717
-175929
495922
-167217
-227575
807252
405408
-541348
-187633
831513
-955871
653696
603150
-730653
403215
512128
463500
453173
680834
798576
-202076
821341
110166
245442
487637
588031
-832681
-964371
-782032
594439
459194
920804
7234
-993619
-215383
-569312
-33965
-23283
-353388
540478
-156400
674594
-290083
-164754
-495362
689071
634535
167646
-898367
628547
-526937
-941942
-848407
154593
610414
-183350
-452873
81522
-395736
-460395
-570524
-165078
-988090
155
-657945
25586
-78614
295549
-460385
-345575
-185134
-236072
-458712
434367
882452
-216009
743749
-543722
792271
-445849
964246
-884949
787885
207883
40195
383315
-242938
942390
488807
-785632
578742
566822
161711
607421
671486
682675
686607
-481356
-70497
689438
356981
-393574
654329
-856008
815679
928609
-135588
-97370
-531054
-6920
886181
109073
-828480
-384048
-846181
252528
126457
725497
106813
139875
817563
-996457
644685
871881
-504062
676486
-185257
166572
-706198
669620
-516006
752145
54401
-216080
312648
142589
157693
-627339
-196805
374333
95829
-29550
822353
181485
603434
-338356
-226334
-781061
-578983
-271217
201163
7058
-773371
151319
685797
-784194
-134994
569582
-936743
-203524
-271991
13915
454038
-193509
-120754
351599
-13486
221515
-380800
521046
-340497
319027
-975265
414489
741854
558997
-75795
197930
-518874
-719047
-444903
150502
-215733
165716
748966
38103
984419
-722716
82404
636426
43548
-263919
-971887
626805
-132147
46252
-302931
-370382
176203
822181
96246
-281755
-809341
345183
674833
419580
-253092
-166999
536124
-924684
654012
361289
399071
-204006
381216
-870183
-679246
147209
-740539
747269
-78939
25278
482695
693445
-185082
-538047
-780192
-816493
-871134
168871
225474
845785
-333504
378953
100331
759515
168456
-752372
69576
980149
-934573
333822
768136
-299752
904643
687690
390376
324413
210811
-604082
-77324
379479
327759
220112
-584508
-385903
-573400
567703
937288
-690295
-56175
777831
479123
143082
281488
201149
895532
-3718
784331
421596
365973
-588828
584117
-776739
427336
-43452
-114601
-445323
90876
-658894
-545774
-242673
908359
27038
526230
752067
-49802
89151
537806
609092
356737
595804
717260
492196
381929
508217
838784
-513483
-72037
328415
-787226
531713
315968
907072
-17389
-500744
230155
403379
-396235
-855380
-166259
630509
-408309
-870946
-518087
-603050
591435
-669749
447945
858950
775871
394107
54320
-308037
554087
939435
-23181
374308
-44469
-687805
-949270
250524
845480
-769000
-747810
165638
405087
255066
-717777
-818660
-212075
340575
108895
40459
-80555
-74509
-270144
469142
661180
-557108
425092
160082
-991134
-838006
-829228
627645
-581165
-174501
-921477
362049
-894758
-632917
564295
207692
2197
-154983
-104191
604014
309296
-620564
980797
219519
-953623
417263
239614
525328
-922169
182464
545227
612842
-198489
-801186
-158758
505582
830665
-961272
-426065
-185344
-637310
-952493
685783
736882
-591717
-499031
746565
-83191
877955
-976306
-178476
338002
-380490
-268124
-526928
481840
-46940
-779490
-877497
977968
128766
-396881
-651811
-608700
-498541
483021
584090
405744
453565
-452559
-598585
499422
892039
-596769
-709215
-307207
147099
-158968
786632
-430228
-633810
692841
-887587
494816
-17723
-573333
-933196
-990952
765990
-947446
393599
248787
632342
-816961
833956
-248818
-838149
852593
880159
-303178
140168
264992
97051
-367512
165056
-664553
-741133
-177852
831055
-481755
-511723
484258
115718
169806
291260
-407522
-131065
-187885
549000
181607
582809
355967
-175705
660917
-751333
455209
-441635
633172
153453
-759748
544602
881947
884550
722591
-593852
20506
-707196
649434
920093
827175
-231543
493225
295717
213694
617032
-803443
89901
-358188
852785
-750331
533937
85871
-614233
-616678
-104689
33343
-310932
-878926
-63666
-903766
-903566
268899
373484
897349
7066
507321
-411774
-124363
653929
809491
-935977
-862311
-285475
-858577
321550
-60069
-788479
-292199
-438549
545473
-340229
-582060
-547001
-455964
-438818
98828
944873
475120
-853160
409722
-768290
168844
-193537
-457403
872753
599868
790906
-455738
337970
140212
546861
-334366
-690395
351602
-158405
-835500
-46510
-592727
330117
-951916
-600975
-338108
-981126
752223
347315
748013
-568146
120409
-104929
86222
-6058
-792017
676728
-706257
-745077
976118
-263332
205095
734237
963973
594534
785162
642692
387088
-393996
978843
-726804
830710
-129975
847004
-366262
908954
-745201
-864594
522191
129331
110978
17295
840154
-882359
360390
544794
-377121
949736
881617
-559836
226846
941591
421618
-124897
-434934
221870
30222
-615066
560966
234942
584950
909880
-780068
558529
-690092
600166
772400
-314397
481439
-225114
-41310
263286
743527
-824883
574337
464056
103139
-397255
831098
-897206
-871191
628678
-55388
410644
-923757
959584
-297545
783603
-19373
-943717
-572811
-954055
231398
190100
-776873
468384
-790750
47867
-690087
-466176
-974306
-237640
-82660
-787065
-9415
-698890
-684730
-237522
-235518
868405
-314360
377821
-196156
-445497
474868
667317
-27351
382623
-492283
419672
344769
881265
897618
203811
560676
560018
-333349
821843
-983903
709998
-434696
421530
-870053
460741
967002
-421831
-865934
342860
513780
-357043
-542452
704735
322111
-49284
-100871
476858
176376
-648214
-501646
-854381
-248420
-366927
172955
-819167
-907434
-915441
-863706
104121
97844
583726
476942
-97607
802269
313477
-407164
848949
235194
-253617
-72595
674092
43635
795496
484646
-315483
-677682
507085
169223
-262377
-886937
-448410
793687
-506811
-171686
-772200
-31201
267079
-498705
-898894
854444
264769
-994203
-885044
688789
621317
133614
-975340
-994083
176302
971280
-258096
-663563
572529
819011
537207
-244150
262295
-439894
640124
87037
668544
-420805
-867930
-229798
818227
874999
684412
47151
-52909
-864626
-791405
-537247
457878
-586085
-279552
73707
-211635
555344
-21974
603071
492049
962088
-977609
113994
294205
-164955
611598
228098
756818
-617036
918634
25871
117733
-645593
-29065
160941
147253
-795717
-180983
470360
144934
-690066
-956409
-137937
-618000
223134
922367
199882
-40247
995483
532039
-438149
-375029
-591544
645766
741312
-950396
130553
-169539
26399
-305927
-290523
126158
-638643
239702
319763
994371
740260
237950
-912084
887896
155166
896781
816608
160395
-721862
446048
-372814
769595
-401098
-276135
938128
-198489
586345
836147
68060
-1280
-765789
-883579
-544210
522618
-295970
-367703
-635034
-944808
283277
515531
337560
741385
116523
-214428
-919521
998392
737981
-382840
713272
-274551
17121
799573
-772332
-590925
895367
728803
-462492
417511
-187434
70902
-211040
631518
106280
852754
867593
366687
-903366
-939295
-582337
-696877
644343
-403794
691899
-888707
255075
-736249
-584434
-454580
-499907
381389
-832256
-866311
650922
-404048
923886
-911578
189313
-220258
404063
163938
562401
-820913
-797200
128835
-183570
-616199
-640313
295696
-288721
272632
-978156
547803
910925
-614241
654116
413027
-702185
-590618
-134750
749271
-918101
120052
-641493
-792730
-671446
-233353
486127
-181100
622670
946282
162486
-652720
-240188
290142
-561707
-15397
51581
-317931
675446
210940
-555371
-133128
-525374
807849
15349
161584
730906
-565321
1921
270873
468915
-468780
780962
-535175
-673858
-686067
179365
988413
-426873
-453806
733471
-761139
383632
-470835
416914
-883062
842448
940960
-112770
-492426
745136
-743905
-649827
-283620
-714021
-728211
338735
210342
-309622
-706539
964325
278196
280686
980850
144880
968856
-330672
-300948
603897
894377
-159506
898594
-83799
400371
-78977
983630
7527
-479463
527876
656355
297513
772616
-832108
149447
828157
-375174
-298283
-581902
313841
-115616
161904
727645
-659308
481274
268849
797771
992895
584683
-254802
413684
-118231
-434096
-76644
-15095
-68220
-601611
-474099
-612825
42135
456483
119240
-122329
608905
-255536
398217
-574692
259533
776056
421374
229577
584718
35987
841222
-909700
758866
-840388
110038
-511267
609109
525090
956378
-149811
-193520
-369322
-670466
726399
834928
-938138
-674674
-617429
48525
469632
720021
-559004
944894
838492
430522
-703676
86111
-705724
590361
-806609
632887
-306109
-172505
-924687
-460304
-795986
124012
637926
-128189
-164199
-127469
-55827
-630225
-772879
-778238
-571148
-158283
-676058
-642024
574622
165000
940159
427752
391266
422792
-257117
-557760
809396
-102096
647950
607097
785285
39787
-199190
360067
703476
-781909
202038
-809644
-628987
-674700
735992
731778
757253
-235613
-997109
-993431
84022
-205686
-673927
583431
-209370
487462
848328
950319
-428187
757695
-409037
-576080
-690210
-385055
963842
536595
-599353
483253
937857
-65868
216151
795393
380611
972643
-910971
838199
-722213
-593032
717664
860434
-998957
-509793
70658
273458
-17676
-969549
955277
-219879
-578250
605628
582330
747038
-641356
-609963
430299
-962796
176975
292301
-317998
-923030
-174873
22573
317863
-620556
-844077
665902
79493
762376
123840
-306280
930956
-861355
-557465
444814
-367368
-239850
269999
117231
305863
-216011
-455029
2216
-286350
-541214
-774344
112376
-905283
-523340
-958209
-370534
270549
390493
80991
249034
777908
-748825
570972
973321
-91612
-765388
116550
51097
940771
944480
-472613
-166470
119670
509663
720068
-809976
105485
817917
281381
747690
643136
648214
-771208
916957
687049
-297239
-110713
107398
343609
-813681
-973714
-663689
610778
684
212289
817541
-214763
-537251
-148375
-701888
426205
-442579
-985982
-369995
811332
183582
873003
33641
978078
-471169
168221
-389404
-369732
714716
309481
70442
371236
7348
-738549
-806370
-208753
-1085
-432821
-199132
-511165
-351242
-580723
-440161
-865685
56174
34816
977294
189584
483836
-62803
979726
-936973
231710
14957
-76294
-447363
-963114
-755406
-884039
845403
634169
558458
-286838
982704
-274072
390790
892016
916753
778468
856006
446648
750552
-171065
-493821
648211
-646002
689336
799205
775568
-670974
650734
-55202
926918
-858705
227710
224997
-62068
260676
968409
-171882
698330
635145
231484
654458
-194110
-572275
450441
917155
-781848
706040
146886
-23451
-111724
-814358
-357037
78550
-539229
-297101
634295
-429668
-135381
-17746
764907
726039
-459896
-736170
-335622
-844315
-946076
16210
-799055
288275
-731380
103793
54532
376678
-429206
320284
-234484
-18826
-285740
-369605
-693568
-435313
-60532
-546349
893968
-216509
851284
220010
420338
768911
-415290
-461031
767255
-696154
-181767
-905978
-406306
-986357
-509101
-607332
737786
321764
700360
-698624
261693
873193
159335
-41417
413539
699029
670603
-595745
406837
649283
-105968
-347208
452698
918037
438167
-591251
-886125
277710
-283848
933135
455535
-851756
-351263
-833327
-658615
165384
-49806
556023
698726
-145945
-679643
120068
-287612
522025
-83958
358935
463898
-992733
793026
530810
131885
965661
-766493
248725
973481
618332
659877
997788
-613420
-124682
522167
-977576
483347
206621
-787942
389205
-49654
-449228
581185
-837358
965963
982582
634932
-480486
-57709
-268107
-749349
-604850
210540
-668533
-484846
925450
874305
-602874
-492291
286964
-376012
-589903
-762954
-362736
-941236
291972
609584
754877
850376
-742307
843928
855806
336288
-534650
-884421
141144
637982
-645673
-101544
961940
332466
-865453
668861
-530043
-258908
-611626
-676064
-247429
-758889
-769476
-590154
-199652
-416178
190265
-721433
565822
799159
-332792
129562
125821
-25762
-560888
-156728
-276002
-990900
319622
280686
-557657
971102
837314
-72825
-184518
634265
-722395
-554346
130602
491563
-732084
585546
-916019
-188630
10371
898448
-417099
-104398
-440899
59587
-206999
-474927
-306993
20270
17610
32600
390236
376368
-517053
-417863
138188
-223242
835063
-58896
572828
-360466
249773
40386
-379865
-283852
-832872
930135
327462
-219942
-371161
507902
938497
-763843
-959135
-172986
670874
489028
-932215
-552319
255572
348359
114431
220308
336892
106522
567068
110861
407891
64711
-971419
407896
916052
-343438
-58697
736187
420245
-332189
-242595
486260
975036
-885818
562986
644438
201181
-15784
-706256
-722928
-64552
-801086
923888
-956357
-854142
115789
855756
662755
56471
797589
-123615
15323
595080
540000
477168
490062
-291146
-492599
-827456
-33044
-740100
226181
-804841
984153
-591081
450753
-773190
-484312
-229815
-726293
-681636
565722
434829
-517607
-124498
261462
94927
-998489
152733
568324
529528
-362675
-3773
93584
344891
989087
48962
-693509
-312636
-163227
112353
977593
-737775
-908219
753138
-459403
317333
156894
-81187
-919598
103040
-776373
520862
479198
748535
152508
-627566
309504
46367
-155704
-48796
972141
-472336
879454
198292
405131
770486
308895
-699965
-793818
-591090
-738640
432105
-224672
-684256
121241
-314908
370530
114787
321185
-421627
331990
858684
132954
-770139
938131
205170
-387022
-745934
-755971
181281
364759
-849503
729946
741624
47390
240063
95688
774647
-134834
256870
790287
322004
-410701
-531484
-635359
-902296
-667274
880698
-503684
289845
256957
-66340
333122
-220021
-370797
-968130
-174711
192638
351123
-405272
-915076
782802
522706
981201
133648
-756392
-922604
775340
-274431
216069
434895
-976334
-100143
391907
-364716
378177
264586
-829110
-755127
-179780
-684639
-675514
-69466
-926962
-121219
196518
-822928
-539177
117153
383704
-511121
-51229
-303612
-295404
957743
-140573
100689
-917041
178523
-159845
14740
464703
785751
-677863
157905
-943583
-114738
-120521
215615
-874695
-40470
-874973
958609
-446830
-192564
806307
653418
339390
-744018
-522716
8771
68864
-256967
584525
-193006
976881
934383
652854
-527797
209043
-729833
-373887
-942297
366419
-896671
556117
-984266
453595
-739677
57629
-138862
214853
-571125
922515
-41439
-526326
-362070
971470
-95088
20056
105239
527621
475372
726391
-253469
-634869
-835131
-332006
-404762
-929560
769825
845158
-932524
-396296
387309
-937566
-63213
388708
-655346
531355
-507218
531792
-537776
607671
907228
-476756
739792
-749736
-227041
569667
996920
374857
-321230
310334
978781
-128346
455781
393480
-732939
-861770
380105
-754716
-726710
108369
-307843
292206
-644141
106595
252408
-719427
-854614
642285
-944404
-469931
-174661
252559
-975245
-713895
978240
437375
-579912
112744
689313
-489591
100655
-571068
-218172
-315811
984241
990801
311189
-459570
769732
282729
-503843
-96032
-882010
578908
631835
665482
977878
-173741
-3297
146737
-407738
-894005
142497
875331
-43142
234223
-708190
-761083
-406546
431724
652840
-684261
-867148
-694705
902130
-294501
-988224
784726
118614
-253296
410369
533379
430977
867468
-638941
666682
-870889
328956
-507544
713882
-783231
193549
391721
-929840
246426
-467290
-380754
-722531
493660
-201143
-1763
-665424
-575944
-410670
-680987
208915
650295
763537
977336
-15824
-395790
232655
31625
605980
11536
-935351
-405657
998016
-805141
-912492
402272
903480
275191
340021
-994636
-354167
-755549
409538
54664
146110
-530450
-189537
-921750
837981
-981573
-868008
795203
-916723
485375
-168776
10249
491010
508900
-85027
-550940
117990
179418
-22480
468176
-109478
-390942
-257286
979591
393218
-342092
248470
176986
984951
656892
-275989
761664
151861
-192231
-818844
221738
620651
8554
-208719
971580
485397
-215475
-224090
-978449
372031
-851392
235028
286368
775977
-675322
-372065
-263788
-293662
-403775
748203
-315974
548862
-926301
892074
666827
640910
-47542
738784
-527544
891080
131903
633980
-874180
-486514
-503063
470066
476796
279131
-207891
711251
-735194
-71472
-643681
630500
-318963
30853
912633
-764424
29754
-811431
382653
336535
578213
755498
-817566
-490785
-528193
-286533
-72125
692338
920301
-827172
854695
-163643
-643874
988827
515878
-868017
224507
275511
-29859
432615
989996
18104
-474875
-512018
582853
395377
680126
-782580
378029
-999146
992957
-688100
-854770
759425
303665
-324432
-128300
936662
-115191
-729655
-697568
58533
564322
-542313
-888590
211324
-224538
278506
454340
-146510
937576
877374
114590
-216314
344562
204305
-676417
655521
-615342
987772
80474
585530
3900
-687026
771289
-652119
-989443
385619
-517087
-6538
-357801
959914
-376958
-314172
-439425
130219
-35826
853677
129230
837908
-560870
-566998
-297285
-843463
207681
888437
-104449
-925714
651262
-727124
945522
-580033
394042
-369568
-703309
-112749
-792103
-21518
-558877
131609
-718513
814482
-426789
387899
211608
340500
203909
-54732
741395
-746306
-310581
701460
-378016
-487150
-781056
-12185
-236974
-488901
577748
-330872
182172
657641
-678747
537893
171019
231584
-311575
440680
460535
-8788
-994387
25336
-296423
-440926
-447413
-170704
650000
852744
-495283
417638
-712672
-976680
-677676
-555704
173693
966901
356920
797963
691416
-528972
396918
-384408
994893
-695365
-724854
-275304
10577
-554196
185864
-448491
428255
937915
891249
861008
785354
535477
768683
798301
256843
-710055
215518
-459710
-706117
-258533
-392282
522786
-91134
572501
-365116
273344
227830
-672599
398047
-436919
-789374
-330004
-926280
350250
-245476
-302183
553234
-315568
419062
846898
45034
-145232
906533
-689806
-27205
391825
-265858
263830
559592
-936628
56094
723947
-849939
260192
219162
434068
695563
-654004
16086
723825
407593
724083
-803704
-106303
-423213
286692
-763739
242218
261166
-935467
-127129
903395
-599348
328597
-813155
22577
-346772
227973
-699209
-950293
456973
799238
325151
-669047
141618
574394
563768
-22226
-409454
-673868
190825
463869
107230
-162951
-139715
-888290
-161177
-582726
-367309
371397
774160
729830
-851947
720917
890138
679080
869731
445516
-579266
188269
-896788
849346
-404578
-148129
-549867
-778093
108253
269460
589043
42245
261290
628689
-699843
-114692
-602080
610491
-450052
-778462
-909282
872880
662487
359975
448259
-584666
457570
420031
454907
28692
-139167
624844
407298
262894
-202602
883581
169797
67986
-536619
453760
7544
-67651
-473734
-924094
-391804
421518
-952039
805581
567418
-78121
69058
-281318
-153406
838809
-309191
641768
115470
374871
940987
-833166
832789
840235
-960760
98547
627381
635791
928244
114443
489691
-48902
-244779
988100
108260
-246613
-153176
-698974
576617
-943170
-122093
737943
-175777
98800
-384746
-4451
-961370
-334205
-992178
523504
40974
-84429
-453669
-783642
-870840
752383
-872935
736220
336080
201533
256179
375199
-757788
789730
-760142
831326
-327044
-313035
982284
957415
-793917
-331790
-800975
-580364
-366874
784276
185819
-33236
401591
-726354
-159916
-287297
772376
235791
73055
-668746
-280788
-823340
789671
-802378
-740131
197231
613454
99138
-91875
104927
-140822
808291
-682816
959175
897648
757069
-639084
231138
60976
-629905
57384
914418
504924
752530
-440940
705430
-662377
-799270
-12279
-712905
-275628
200152
644345
-230983
-226401
-607927
417211
-31259
-669727
947609
-665613
944464
956410
-287026
-5593
796271
-211134
-441462
-717080
-533621
-393807
754176
-650588
-525081
298743
-823544
229213
995258
396730
315561
558123
558033
205312
747763
441607
-244656
151342
269166
-786466
710379
577235
-652766
724303
-811044
-787460
-361893
130715
-581124
892970
320398
215121
963375
797822
-988460
249518
931928
-421180
332433
-961813
622387
-599177
-675960
-420654
-673357
722419
-411858
-260647
561206
-650355
155198
589631
-73455
288110
850357
-405914
947639
-387360
653699
899700
-17262
-225812
252006
-168780
764361
140959
878140
401608
-8155
-666572
917787
944155
-724121
717146
-522501
-189861
206793
559902
-429927
892128
601885
-777521
-724174
-549743
-419852
-465087
769132
-989614
373032
41619
682240
157046
-293518
-344050
-322697
-739163
253987
-402586
92237
93612
-717914
521977
830209
518317
851345
-855387
-970849
-667658
-997457
-308863
-735785
583575
952130
-582108
856380
842711
-242813
-398153
155217
896991
75979
-552399
-398630
460873
-377979
538266
29831
647086
417919
-202641
479107
759330
796171
-929460
-710880
700784
648760
314153
458802
341258
580858
904172
736403
-530523
-904752
-537723
-400524
-187869
647258
-893288
130326
-437052
525560
-446273
259314
764056
500490
12083
-674424
370728
-222945
-654883
226444
376299
-753975
284649
284206
310838
512388
165029
-986740
-36174
-713846
153686
-891720
103962
943227
-981449
-51359
434193
-791785
606910
225633
-704302
-507738
894391
852244
272002
-220108
-905683
-831121
-273887
926121
897495
-883230
-917085
983461
257829
-207608
592608
-394806
-854190
294045
669766
97676
-454402
-835138
-3735
-898012
-58120
192803
729900
-616217
571945
-171983
26098
-172333
583496
345425
81482
-544489
-444428
-344440
255597
-207379
760633
971358
-538505
-425866
940139
-526583
-147981
-202281
-316317
124724
-163159
332638
727697
858845
-753890
-372957
408585
-194734
779499
88286
924926
716988
-934335
-176782
-688472
86285
-603131
-720202
402621
-670069
893759
-11492
-97403
978651
664996
-846923
956256
-900894
-982146
922601
270503
695562
-292646
10574
-129728
186776
806528
279646
-509842
356047
804907
304945
861034
-150727
790558
728365
-196964
820539
63797
-72758
-840447
-786422
595796
-739040
782500
-718973
-236852
-695416
90991
223760
878397
969969
-600188
57118
-356171
-383477
865305
-508281
483859
-847430
-7525
-615466
496052
-732439
-405424
-11940
-4676
596338
723576
730316
-110004
-426842
290586
-610765
516316
-686693
-398402
-907212
-395327
-529661
-827937
167221
112184
-835815
-865618
824239
-416095
266091
-259577
-754533
465201
-432851
-72521
-682428
-329691
-629659
-78513
293640
968645
-680739
-844803
-149778
-112944
318447
410164
-43427
-243257
-102086
-846651
3040
708836
648967
-275519
469769
-648083
750423
433168
-211428
-187301
269008
28425
214590
457126
777663
902203
-684188
210085
-192391
719424
-114486
-769942
-995037
618865
-570239
628988
-906882
-361878
-908850
-520459
-191622
320554
680547
936480
691148
773238
-731005
-54835
968115
669314
314867
-861466
558145
17754
-674017
490234
-240169
758494
-576023
-791806
59171
510583
-339647
-724229
-927337
946837
19656
290955
-261896
-133655
758052
-958145
-423939
-671478
-17191
-566512
153028
897947
991171
815861
-952450
-544383
-901249
-422438
-250079
-941476
-891018
112874
605682
-273429
177693
435623
-416144
409841
-595473
841935
-146998
-626591
744766
-689386
282744
122570
-116632
63898
-460387
-550767
-329134
422039
156513
212707
568482
17683
115358
-444522
-810816
-387545
-805584
-779741
-505765
7639
643352
-183129
257471
425967
731484
-288638
804195
-74170
968028
-135792
-773447
147231
802158
132687
758816
-850785
-685025
40203
-749178
-222673
-548075
700417
-526607
881523
-696365
-787649
529336
-951659
-926619
273147
-573026
186264
183597
-382605
371599
-847364
386311
-355984
-55029
-508971
843353
167006
-156079
-653941
508841
379770
-782584
757966
411118
914029
417620
-676162
650117
-328454
-96001
-144160
209085
-533281
-21136
-327670
657062
61324
913960
725741
-674887
-263207
-805916
510959
-929574
90396
-433042
229582
-846792
-498858
858239
471952
-379995
51202
-794963
-857091
-216903
673392
-594090
318540
-247783
739731
832152
63672
253799
964292
-759953
472636
-802496
-929477
206580
-889488
-708271
513216
-469449
-679093
-185390
-33277
-955208
376272
-857760
173415
-746601
923649
-157451
-308423
-40204
527934
-68362
-368274
58279
-760868
603520
260602
401733
405599
-638232
-251014
-629529
-604492
391716
895577
297493
992914
595859
-972944
505884
232196
-388034
721489
747424
-20431
766908
456487
648551
-265957
-188805
-201067
-206294
-10848
-598637
-617675
-418534
-475541
-332716
-834151
-33102
-658307
906599
646684
-283231
616134
437747
689818
-968876
400777
787557
851115
-450358
897490
-680043
-561078
626462
666428
379912
-362163
86517
488205
-332439
51618
-243535
-316419
83048
-789713
668931
899325
572881
377138
-870178
-259963
-710564
-13931
245411
-530252
654159
-633423
-246043
100150
65041
599935
-519427
-74747
-665451
-387821
-359838
-668912
-683093
-83829
-649609
-445781
873140
825454
-57105
445922
499182
989512
-123417
-395281
-932300
-864710
708472
586824
-702747
27717
977639
-601919
217071
-2374
678414
631179
-154958
707104
-528298
517413
-245182
368453
-901525
-735993
975156
-314760
-244547
-728096
707615
843055
-296403
759273
626688
714247
-613985
664830
66543
-810392
864553
-470546
-831990
-959981
-617454
377765
371645
-844762
336872
409446
-922011
360648
581655
-139215
-245132
677405
-745750
199129
-36670
336540
-517941
-97997
85101
687683
57630
963795
711054
-31710
130932
635665
-77767
595249
272174
-267492
361163
387808
309194
618749
503716
825195
97728
-506010
35333
191513
975194
334884
-381168
-463229
178233
-848787
775953
412301
270538
703086
415866
-713970
143499
68609
-92189
-475341
822948
961991
-609635
-660288
-860103
231693
-900573
980543
-738180
-580343
169941
240726
832203
942261
-411172
720228
678137
-50652
340177
-692826
-801510
377352
-256539
100633
-195369
445424
617063
3331
-211356
23689
575013
929681
484464
962202
-380830
-665367
665375
-473774
463214
-766469
-996947
-80923
190112
165281
72691
-206511
669209
-18522
-733914
859781
916877
949750
-501711
-240462
-529299
-952214
-30100
513465
-756445
277520
-39081
879223
629707
104722
970264
271336
-446359
-227703
959409
-847682
282660
109763
499267
358161
-314993
735578
787716
-85229
72549
604231
545080
156425
-301603
684604
903381
-185210
141929
594265
582303
383865
-958264
492340
341244
517293
897090
-462701
170047
-633169
-43884
-653956
-619314
192124
-978677
-73459
915569
300281
-137466
988687
680132
-368992
76626
-192685
-173728
740005
-304366
-650753
-525137
-553145
-78800
482053
895053
37402
467283
699182
889253
-468023
-860163
-619615
772389
-458027
-651900
-51520
-855878
-461872
827789
-59265
616251
-215881
-944220
234678
-480977
-959497
585734
889010
-838269
-578559
159165
669704
-688511
205366
453798
433776
-703452
-866954
-999997
622122
-862216
-380481
831566
325144
-457783
-906186
-19951
608214
-721900
-684622
714533
-813557
-603106
-279895
-985492
359897
-72797
101869
332953
-911938
-410783
-908087
-127609
182516
27840
-264696
-497866
720470
878080
-446967
349928
-859302
517651
198966
321028
701511
225075
-705947
867650
595331
232414
-774501
528740
299234
690987
900656
-920110
659437
678707
124822
717631
-348129
-559382
-504359
78938
697834
-240077
729614
-571754
559807
-351113
100206
900888
-749189
-987404
-656096
488759
-712919
-573322
492977
576085
776417
90232
-506792
871264
-513263
299393
-752653
747425
965698
415921
82622
-621446
-791257
-874178
-589815
-110836
663587
683122
788487
-847633
860046
-580329
3601
944642
-669982
552287
170189
-376940
795231
-212384
263891
661485
-660977
-208109
-391321
-757270
-608789
-24318
-681904
87557
173616
597484
926958
-4029
647189
-943190
-98875
-196700
-945653
-473227
-683120
-92292
-213439
419142
934449
-264849
92855
-636992
140202
869735
-529838
-741246
-213342
168139
-174386
549557
-447182
627466
-300186
-825815
-270209
498623
-811277
-557577
-225392
-848061
712885
529724
-176171
-707391
-990545
-335101
-479988
-137779
443860
696744
-603959
206259
938681
253099
191424
765345
983630
-98000
-687064
437228
-651104
132598
-691443
760525
-912007
-120922
456370
-254352
586190
588271
4683
-720956
-335130
721785
904945
530370
-633367
516910
-343961
452881
-764950
252351
875021
-256567
-971710
805460
-718781
-185042
-332703
109449
-414508
-983163
350382
-216482
607857
-435454
771944
-157978
91323
212269
-205240
-19098
579686
992457
-131007
-808389
851537
633583
294887
594659
387035
-184710
-876412
249547
259604
57958
-67546
172265
347895
-889512
531735
-816990
363569
-362994
-956858
994946
759267
938676
-943851
78906
671245
607634
122012
-980315
-667807
-97088
-670696
-978313
137706
-855595
849185
6384
678500
-483164
446920
188949
-865771
745829
431395
-786094
125577
-522907
567285
703686
-836039
195054
194088
217707
148521
752569
294762
517709
-105259
-976145
502592
-79371
-100662
990710
-988640
-664089
754200
-820790
-450602
-195621
-973995
649369
778597
-347739
-877068
924118
602171
426626
49742
-372015
722283
191533
-616876
-359757
-955899
-707864
-712459
-75731
-625890
787360
-152759
211097
-995959
255892
800155
552798
46411
829560
-717317
811040
-718722
-555418
-601988
-792087
625858
-400062
-58777
-927794
856718
67005
994536
-382156
-141450
710460
-863478
-461289
253099
-896584
19820
-977526
828173
-667696
-97154
-471480
-524324
508041
655798
38174
997855
573236
477306
289973
-448225
-314505
431336
731230
239634
729273
143009
611183
397956
-35540
-930055
-565930
-829310
-42133
-111934
-741251
-686721
-864637
-153563
-776973
29850
-693374
-451449
25573
-150787
-438335
821467
567718
912608
-468644
855239
-344258
453110
-951522
424863
324232
-280040
-5078
780777
408166
-752663
476563
579097
959765
-780667
945414
-771354
-130786
-47464
-709424
-696188
327480
-601130
119442
-436991
374055
-182643
976682
254847
780885
839987
-46061
-554287
892805
270584
411050
-938967
43008
-214043
-102943
-427856
-145771
642258
-794620
-996662
208516
614433
56051
781098
-350370
845922
-513943
-470724
896143
-688266
-636879
776160
838407
506070
-151638
-147808
-391938
758952
-773343
-784380
-332960
-592846
427135
-550798
-520971
989113
351372
903799
-705594
-944789
-245859
519011
-835864
505042
627923
559690
647715
-494133
-353409
60317
197799
765429
-980596
-154705
-877091
-182667
767987
-715543
868563
-760273
-741354
87245
-868785
-852887
146746
91997
353693
724873
257919
-993800
-266425
-695546
707052
390227
546515
-407577
-880751
-826965
-106456
-87783
-647871
-681006
796342
-878934
520051
-609323
18526
-502503
-260513
744735
-755184
141383
-242719
290161
280736
299609
-822981
-928287
-926538
-591619
-909272
671158
503094
-126361
583589
-545996
138306
462218
743282
-397231
-813185
-189944
-680575
-423530
-925853
-490733
294029
-350382
-907721
44121
976904
-512176
453207
-891925
-3526
-260280
843485
-194618
661677
-998999
210584
331390
-414191
-494586
-203196
-791470
391166
628035
257677
210554
-851684
947148
810195
138755
5039
897338
-304332
-50152
267962
216145
-376139
958473
-293510
-826747
-613699
773773
298422
-856915
-234388
-598857
-123165
289479
8006
599693
30592
-251752
-267770
-42049
948229
68887
-723972
140104
-589624
-176653
408028
476169
-264775
948461
969213
-375867
-155451
63577
159993
697804
45895
25156
579185
-74070
415641
-505084
-479961
249143
646601
379098
499374
-463622
-124502
-321072
339333
838663
-120389
-446461
597562
835179
-637655
-705478
791157
819075
373750
818968
331083
-943319
146171
-364351
544329
-257415
771458
-404893
781430
-897248
730420
874046
-31384
-43548
-164052
4533
-287862
254174
162850
-218052
165391
359301
376449
-809178
-483755
674983
885812
-213927
-126958
572694
110642
93316
-826068
-190458
624894
537088
277820
-205786
-547144
-250827
-416176
104271
876310
85782
-342840
763107
225824
-950878
-462423
-713572
-212365
609191
715852
507796
811054
-594874
262922
-904564
34903
-435822
-39617
889936
358740
-315064
183119
488457
-953589
703532
75931
456604
-480806
-887652
-304584
-167227
236913
292021
878493
-157547
951162
762559
-526543
861331
-588716
367133
-681596
-430936
-442176
-526458
564890
85347
-812645
-518591
573133
-487040
-811449
203067
181965
659159
-898496
-123259
-431960
515689
346679
166800
961503
-784837
986560
78476
-728546
-608939
-701726
593928
734963
132069
758482
72460
80414
-879114
425650
-38903
259364
126544
-826346
-536738
957387
-443622
648401
219090
303187
-960457
407813
151804
202466
-257909
-788524
597834
-347761
-360668
-886348
236352
403331
-898989
-923978
-740139
-713287
-370276
-508815
-19710
897782
-264325
-492095
-976867
155057
-945912
-27659
-515905
34962
-639630
305215
-299665
-218379
-239881
-736332
730171
-133733
959469
139894
228059
181157
-393306
-679666
458764
-845107
415703
-567560
622621
901882
79963
-192190
-222032
187787
-7364
179627
-74051
298512
-590349
-886519
-143946
-52776
355995
161985
-411535
-161450
-72551
790633
-436783
-856850
-651027
65064
-895617
97677
-595840
462277
-466756
76282
836156
-585336
56098
788140
214582
171701
890138
252529
289878
523522
187629
666680
284876
954871
67969
862152
469197
-773779
-303124
323184
194083
309233
398296
767213
912211
-347386
-895785
-778337
-10044
629073
336703
-2339
609059
-769561
-947015
-509228
-428956
-176924
-54582
832090
240697
827789
-252059
-518444
-879862
-109839
-161979
-155014
-208783
809832
-303796
-867155
740445
-719153
-347770
-577272
454233
-938397
710688
468387
-944418
-479831
645534
861175
102210
283375
-808662
-884211
-764631
-608224
-368602
183387
-508144
-800994
-168546
-818968
-328459
-786442
320707
-762737
-420016
729095
525014
658212
223274
885898
832867
945077
-926280
-416539
719797
814262
145946
-935802
303314
-285067
-764073
158667
-284272
-818530
424996
-411203
616651
746383
-225784
-814177
-847792
-31904
450518
104391
236556
-241300
-91903
-338957
561315
583787
-322028
948783
643100
-904575
426715
893177
721559
670831
-798041
184591
-130776
-15931
173141
295257
522091
526081
-544490
700598
822594
-508952
-297066
961375
20156
244098
418828
226278
945537
52523
-420677
698922
400821
223582
460869
-400719
-366983
184049
-607741
368019
-964933
-644389
714596
75596
-559907
-604732
-242821
88394
184821
-755583
-760024
288292
511307
-760630
-701826
-664690
-565068
521698
196217
-809402
-985957
-631246
916388
-800299
349890
699271
-573860
165646
-692275
777294
-774926
-997488
-579573
116722
-245141
-297517
-604281
-366621
-296883
161399
-838715
-907879
606058
-150909
-786530
-822634
-680578
-635697
72840
-268952
105281
-928437
-531988
-563976
114354
608462
910902
291858
-433883
852191
-276529
-622390
206788
280441
557686
-732714
-452357
-497618
22152
66050
-570781
593634
-886107
-528333
976774
171473
-428906
-140941
339208
768392
-181379
-440930
-127074
981429
-379537
741864
-575594
218297
18188
-226627
683714
-192991
-807804
613277
-488791
-70206
268884
394608
-352805
919438
-668271
107179
19206
-695970
-278071
-367428
150275
-108490
52860
722276
-361008
779994
-84051
-673013
714296
-891057
669608
401822
385268
-225776
-731021
-318145
437527
-217268
-516772
-181016
369538
295521
136077
-426564
-417697
-790771
962572
-495155
-986759
-539405
-96219
-302416
828021
113515
932698
616154
921634
-960091
390860
-804403
982753
556336
-164120
444560
-869939
-983704
-70522
-27602
425924
300051
-87041
976335
438959
465627
595477
941673
-9492
-340027
-854385
849216
-834221
158095
436438
-27924
548080
-102218
-32500
-973351
614077
512940
544729
-852773
-677007
664656
-640476
-31154
788892
995737
-79001
996396
292429
432443
-81180
-959892
10171
586916
12638
-653270
-300193
-136020
-379656
195234
-801128
573821
-350139
-106737
-531372
-549519
592688
984258
-319935
154851
-988375
-845689
-667652
-377302
-484539
893417
935630
267224
-996617
-560103
-871835
-940250
-850218
-174853
845235
679278
-121030
791962
-646221
838848
984201
345244
676906
-690040
-88792
99748
647258
-513087
-525920
486846
412313
909378
-733474
-895353
-280085
397175
-9414
263878
-159734
-614909
111170
-236474
-910777
715892
-858350
-888935
562847
-651204
-613019
172464
-394755
709757
-929093
-973005
540634
852107
-112616
952131
382290
-708674
609238
781692
-157671
-402420
961902
338706
874808
-222752
808975
280591
-918328
728099
195855
-476804
771743
-623080
531765
-797428
-467215
-495989
-662082
-462205
-859226
-746312
-138085
195537
336349
425727
-246204
-621866
910871
977492
376273
-48226
-855216
173126
-425469
-137844
568400
-523324
42650
-172349
-304048
-755961
728375
843209
-706041
-270569
-862279
865251
-313838
-310739
92171
-753401
308961
290325
-531460
-561410
-697813
-694201
-205269
992025
-571895
-833677
-691111
597760
817685
226905
205623
-135414
324187
-951105
-938474
115877
-399706
24638
-959840
687563
-61479
72347
756119
429513
160134
426409
-433207
-700198
963470
-310486
-551219
-333103
-490697
807524
79283
-650648
-427511
385527
993887
194724
-546166
-868278
-702622
539988
-463460
-907399
68567
251765
-229365
-517579
-753751
-316380
397221
719753
-430746
952605
824208
-568922
995198
-25136
85295
60847
-130096
-287315
-240767
763809
306372
515955
268278
261079
-781321
-56187
930607
77060
-33322
-233137
225199
-688367
138390
397311
-523244
203832
-762903
-226198
-175815
-435206
-130799
-852971
185811
-132017
-371999
142608
-416010
-62495
-414742
568704
-557985
-986542
905190
502304
-527139
469718
-151814
-9662
-596165
-829866
-672707
-88143
-59488
421153
799493
-270091
269447
-985040
-220825
851548
-437517
146980
172329
820577
-34256
-742028
72590
-500403
897334
465685
-185370
-558398
-838142
-129250
803566
956175
-658441
717517
-404212
225581
-19187
504817
791151
762279
-136784
-918881
398122
-600833
-472624
976931
283051
148900
968620
771365
-906453
-654773
-555708
-611318
607855
825899
-735846
-421810
856902
-41176
414871
251943
-254438
381525
843462
175922
44075
123487
109695
269969
-174847
-528019
106717
178892
530548
100887
88957
794926
-241931
-31437
-976887
-256695
-527485
-859524
599347
-658520
-795210
-513011
230070
-402397
929745
183862
3614
668689
528570
-977468
330055
961571
-728570
881685
-841896
-458702
-283442
-612141
507296
-397195
-259488
-203827
-21622
494153
-339828
860465
426168
-933405
-37128
-617077
463288
-819820
995427
-136245
-30435
-809329
-36405
-168096
-647560
-387601
732012
-801432
-411993
-285193
677476
-267035
-155251
-574349
-465792
818657
831384
-339918
-846443
479336
403565
-645457
757027
-146053
862230
273104
864002
653155
861652
219681
-71503
-419950
-152531
-555400
457164
-211727
624583
-362679
-294180
476934
-64802
-626548
752858
133577
674927
968329
333432
295174
-698583
815520
623323
-238309
823036
30240
975227
-188861
-307264
441825
908859
366352
691798
-49312
46902
-920934
-361247
135806
-520012
142549
160423
-702075
127120
261348
-135927
505535
836492
-223503
-883836
-758884
190184
-295500
402774
-719399
863828
748821
958203
342553
-752841
-378189
-670171
634003
342704
417186
-894943
737544
190057
-267079
-995334
-152910
-792515
-597697
-466390
-911576
161093
-623840
476787
245068
-359903
-786046
-241087
683573
-968443
651148
-169322
-627124
976783
524222
558228
351516
-718582
-521580
580011
-868521
-83983
14483
61981
849933
443243
-705131
-992489
312382
831661
-719442
346919
-648470
165031
-816890
713451
447466
814818
360468
311659
582848
-732688
-563423
206879
-720034
173189
810305
-191619
-147045
214571
616627
-940384
-334008
-708638
823965
565906
330249
13745
-514938
-632915
-245038
-110920
908551
-591574
-703568
545253
-86730
621351
-191781
680958
-28353
-987081
215073
-573220
851020
-426765
661947
776257
885685
224239
-969152
320511
-924814
-319200
578820
557141
-807379
323849
498668
-595542
-426848
-7458
310154
-691878
-698022
-276285
-380587
-75955
598020
-21480
369198
435865
-246769
929721
-48286
-590102
-149974
849799
-147863
-807252
-940944
-417445
-526529
365995
-98491
-142824
595367
-78427
-960862
-95424
616659
198577
-666061
-645215
-915729
306339
-784376
261744
630550
933469
863925
-727347
-433060
206674
-580539
-141731
-771114
-645751
-278874
-401908
-858571
41164
336416
649561
463529
628946
806307
-334173
-106145
172973
258205
-742234
-540390
220188
-555188
-188252
403035
-121884
-257093
-770448
860264
391962
-543862
387593
851428
765124
109752
-631434
224263
656282
269367
767723
-878785
125176
686800
405547
301610
-251267
217171
880714
-125378
894581
970556
-724044
394634
16687
101151
214453
558453
519317
426010
293516
-270839
432310
566167
-559838
-873885
-698866
758572
462553
761959
-98832
50220
536931
-564861
-973410
192829
904348
-783946
310559
-794895
-683976
917882
406239
730295
454266
778220
326930
-883014
-385880
179786
-945675
-290089
309674
970118
-964372
-363697
63973
-558739
41411
-228196
-933943
-406865
-115030
327490
347019
-149310
251686
122777
487753
746591
-683854
-236121
317839
987756
469456
99459
-795391
707327
31188
868466
-393757
-46268
-936244
537849
675250
508600
352093
638748
682777
614924
-106434
-298890
-610665
-409280
39719
-672886
489271
475237
-198095
423114
-498099
-765793
-829743
503692
-708225
-699489
-992897
-231266
486994
575267
709234
483949
-612281
-916849
76993
327327
-39609
349426
-505242
937310
-180641
-925711
19954
-235424
-176277
599925
-263721
-223267
340427
166154
830923
964905
-621671
-654887
-326592
-353578
362253
485486
317181
184145
-553668
303610
-369525
962337
-741377
-729426
-225283
-695749
-634767
-591510
416715
948568
-992295
918989
-106196
75692
-763022
542781
-240254
-128093
657134
453312
890279
906948
364073
-36728
48335
-70511
-473172
-912995
513119
364677
584848
356731
-695476
-668807
-622465
204780
173609
-557905
552288
-328453
-432922
3526
295696
803925
-841732
649798
-138531
-957780
783515
-697079
-488480
212523
-244607
-242409
-639206
944338
-896564
-141216
899210
982835
846193
-764132
215937
-807695
-509619
-242161
553161
-956766
853560
-355254
242731
712073
-807319
867354
-521117
102560
-208624
393161
457306
-181892
629095
624501
923866
-972979
-923598
-59728
827510
-913238
-986057
-107829
-270131
669514
365350
-801740
-293526
646150
-339209
25866
-358144
-184301
800301
-153035
632473
728173
-177011
528376
-385182
-233844
-254359
-860083
719401
680137
881549
718215
-405496
-238585
525123
587012
402904
239425
-733660
-197654
-788412
-429797
555085
413606
922462
-396180
-785466
-777698
-174034
857353
54950
-826324
468107
-836476
-543781
-65184
-261978
-43361
344208
-872888
605805
739046
185112
-503481
-471275
968634
479740
-956463
378354
-855970
-455828
80436
-634043
462308
-986927
789525
71367
713479
168460
-731566
-652147
-601070
-832603
-102248
91876
-85231
22294
43106
-195193
-22064
-879683
-882244
-465189
346177
474917
945722
-891337
-143656
99148
40355
501797
934799
432390
-964372
-142142
-517512
-631751
423382
5294
-543969
815404
394451
219891
796149
87858
888037
715707
687512
-651007
-855221
-930528
352922
87934
397050
75599
404756
-706547
-333730
-542636
499058
-986927
490314
-860065
-408607
-910024
871715
673481
-738428
-791658
569326
-769841
651779
-462554
-893001
224340
676406
-173692
409715
-181443
-681827
235466
101902
468873
962171
-172027
725934
597543
980441
-650109
-927045
-923454
845279
228830
-943800
-655764
147503
534728
-624319
893405
371667
-928797
978345
633712
746598
550294
-116717
-127247
786456
746437
838805
-681968
815980
252045
-396165
-117491
42680
-535592
-154136
927748
838843
-480117
-626640
-755602
-651173
-10116
642623
-320115
-522229
754607
-816095
-806081
484523
744211
-742348
137167
952797
67457
806804
-580598
-26235
26272
692592
-89967
10561
-72215
513735
-78678
-818539
-538943
188142
389997
408508
846981
-291246
683439
-949456
-527798
739740
-424026
967868
-935898
295090
-559126
-808263
-954385
45509
-320485
609003
965647
684858
-860018
1723
244961
-604411
955090
-712339
-289385
926662
-38305
-591692
-97221
-998031
-40757
662390
798831
-231672
450906
-986614
-476499
-457051
83425
91773
755233
275831
75891
846608
-109988
-399222
-173070
-440811
26589
-508737
963462
1668
346463
823439
-842003
-287586
704747
-349103
-299629
522924
80050
-606789
-80189
-576255
902671
-601508
694617
-466453
-740981
-698262
-390426
723878
-987317
-926180
-335102
109368
919849
716439
-104503
658768
-514929
107597
-549962
-54362
-987018
654582
-543969
82639
-862886
823145
-806018
-272365
423848
294673
545622
-443386
-871814
174294
84068
247006
-933051
539704
926655
-759037
-366444
-296236
412887
-135336
120082
766302
-329757
-197198
144573
303703
392128
-499113
-938987
-943315
69877
41719
-995991
-967462
948347
-885883
634333
-835204
50804
-348692
652293
686195
778524
397118
-90526
-668810
-440054
-540793
229260
-884612
100081
-309162
-298037
-248733
523609
509035
-324772
119660
633593
417738
994039
-71200
312266
426902
-323559
-554908
-217255
-671489
368341
121092
-891672
257404
471494
-334854
785617
-618888
92979
-566910
-701311
568095
-807791
614926
93453
-375388
527252
339122
641941
172528
-121316
853039
-586180
-694957
50427
-966753
-14273
245011
231836
344303
-481324
-912619
-298391
55335
-814070
361707
434139
-566932
308864
-278473
98874
328161
-228831
-51910
-791341
175713
247974
-549882
-923057
857714
334665
-874809
-448774
-993484
285707
-636325
-844091
448381
470792
822471
756202
623964
-207448
-274353
803133
-191368
59646
788967
722996
443123
679478
-161365
-725555
-760947
438809
-912979
169817
98798
506311
-255214
121714
385550
445889
971158
-11558
-67676
60381
360096
185434
500521
777783
931435
-536349
272890
162095
131911
-480196
-988170
-904489
-828771
-870171
-15056
615538
-288934
-221671
-898979
692113
839992
138954
237090
-790042
767560
741696
-470005
-363455
-492936
-398134
-684726
-597546
664376
454957
-588609
867554
-90324
194090
304795
747834
-154798
895557
163109
943992
-605320
834091
-143230
-534265
-121444
-171080
583875
302717
-879491
-752178
-147513
-157616
449872
410804
35643
-184483
-739220
-711306
-991639
-582922
410718
-163264
-807529
-369309
-723691
-232358
-431688
290324
-953539
-460784
-594834
-722016
-110432
-646934
256003
-846822
-762822
105272
471323
981831
-650057
-157081
-810223
241242
313520
3359
-716199
-103846
-638034
-952578
52421
-40051
937537
670866
942352
735447
31939
849932
-368582
679955
-225680
-420796
486475
-340670
-424842
407430
-109655
381129
75969
18241
-126905
-630067
-780816
4376
-478524
741453
-959391
-824033
-69009
-567282
610927
-725312
-202831
424167
778415
77546
787974
-817762
684780
-916208
218955
705652
262849
-61556
998166
-659663
285294
96778
-505570
948762
-432653
-628220
592522
-5182
-431359
-182414
-405018
581726
868222
283184
-715592
-155104
-12562
616509
821370
-822146
-377114
368604
-152525
510121
-255087
-229034
-973728
-154992
34176
585125
912836
432017
366233
464665
565757
-136308
331423
-964451
-600251
-662440
-260924
403968
389749
-709542
539160
371946
-253676
571614
-597506
341395
484075
943655
-713339
75809
970389
-105920
-866275
-919641
-238593
-133935
-186141
404177
966637
-314016
459141
548528
235668
-699132
-885222
723178
-908577
745082
904220
579759
-845651
-884643
-700433
-530708
-204418
-801674
-179862
-378630
-158505
928249
667091
132574
-171498
584225
935283
433903
385416
514033
-8339
653730
407252
-683976
502110
356061
-929279
-45789
-466287
-930031
698148
492353
-905698
369571
-593661
75265
-450588
71748
-826453
837594
-850840
-908518
761926
116210
-809824
-152809
289260
365735
-345080
790522
-461134
-414237
-638908
670053
526204
-417521
-520072
908601
793359
-437987
-155927
-18562
334344
502659
739591
776184
-507049
-634815
546681
-249774
85647
625507
832603
-35662
573545
-485370
-844834
-126203
597442
-607341
-945639
650891
-262036
126314
-62747
347998
569450
-338722
213716
-835449
-376981
945895
243644
-60628
965556
-764333
-868323
-927488
-462720
-223827
189310
-475416
-636834
431268
-831849
940805
-475466
59449
-372141
904044
815599
817860
543754
-9333
373514
104924
-141433
153157
440815
128222
403303
-96932
254300
867700
918994
-303706
-746884
223172
-842980
-968036
38763
-713736
6318
-710899
888444
-185264
188643
338107
703088
397377
-683333
-374923
927907
-466831
603218
260266
-491137
910336
-962872
-340388
81007
-10819
506364
-432794
544155
992332
-142279
3454
536422
870960
-376387
726140
-635055
-591251
-473992
-398782
-601779
-622019
-732966
-799401
429031
386120
-889311
320536
61484
42237
-141032
-561875
371476
-377559
-467433
-795507
-826869
-864296
387346
278292
-828837
231293
-93011
265309
751442
554303
-26481
-672781
368990
-933789
-169339
-463033
-824587
194908
669655
415645
-269648
-931375
-438277
-342433
-744409
998711
-884801
107571
-784158
-188631
697344
494517
-2919
246007
-627872
-758558
778053
-763958
12908
313344
564052
-111484
-646095
-221147
-760151
-84175
-56185
-724093
691344
-120371
106081
-296536
448897
763718
456896
927831
-411215
-310847
72405
53422
786898
284312
-458734
-80753
-419609
125712
-947690
103616
72376
-517761
131150
-12353
132683
-700918
159841
649237
-333101
994370
574396
-980978
576763
-391136
-877301
-401937
347330
747053
-400040
380767
126523
-86559
973462
-549483
136987
-369609
431316
636967
767586
-23922
-504790
748427
630412
-301792
186839
913445
-709932
-497176
495872
195572
-322981
125386
600068
-161387
-742164
392391
-486662
-83996
251201
547901
458394
206461
93495
168988
-118090
-983039
-66995
663341
-260033
774092
-661037
-558018
742328
229544
-345727
-261133
600646
176126
908793
-305493
-391328
128372
511853
807651
588650
905087
481585
465606
286003
-678404
-369535
-202909
568103
918221
-339698
47018
944698
-781994
-266819
300087
876484
-783675
52025
828531
-290295
474187
485353
744714
554150
-76386
686313
194327
271689
2752
537914
450091
627908
393613
-354574
862118
487292
-4796
441852
686614
-51505
503274
-744906
-542550
88708
-468090
621454
-822666
974659
783322
169274
-293102
519363
985070
-76124
880434
612864
531764
61232
-520592
-799279
-875152
-112917
338367
-841365
623970
498875
145223
-208350
-657811
780234
-655679
658986
-977525
604625
-667153
-79954
70257
740454
978216
-916015
276354
-860061
370018
41406
106224
296476
594373
719858
-831900
-104072
170458
65460
-547496
510457
-606215
243702
403468
266341
-384933
290268
386394
892507
-6207
-972635
-189554
-253228
-816669
345984
16163
342460
-683386
-456438
622824
-35161
854797
210703
275589
-55238
807588
10387
-512622
-295480
931702
81234
337306
256726
-566430
479374
-131109
84394
912709
-873373
-607103
667174
-405977
874950
278687
-594312
138221
-784908
83964
-614079
503121
448040
-690581
299318
-703190
-813077
-174160
699536
-245094
281811
704665
880704
622816
-248872
806734
-564887
-814051
-746109
-850368
354084
-187402
290103
-717839
-940318
-249508
756877
-971071
-681612
-742394
-664667
577887
-193730
-504231
-88055
308584
457777
-913955
704286
659619
19816
-278445
682499
-171399
868924
50310
-379787
-633433
-534113
143382
149800
967135
732626
792953
-136540
500599
-761750
553252
304495
729714
-345134
-411996
874954
-496620
-668991
-388754
-27350
634928
-479596
-576386
356677
918442
-574301
333378
-705008
921833
863429
-805580
-565273
-301799
-286274
930846
281566
828410
630269
-863496
214996
747204
20832
-242564
663344
160835
13102
-252639
847629
-914284
187691
-796763
859478
-780640
412388
-653264
-40948
-192800
-558252
-817057
693384
-641007
232718
749864
-834264
-634498
385068
-884460
10993
-181495
-308268
826672
-859051
-844996
-975115
710105
-24548
3588
430405
-71962
210872
507874
-962889
417835
666903
-429295
-348833
-911200
357147
132297
912399
-54355
-545354
326323
842318
-890751
467181
239801
-257811
663570
-628008
583964
-443734
315294
-301544
-823414
-219130
-369067
-970613
-921604
-520793
-862064
-673564
-479545
-955444
-888335
-907678
408570
-731445
-149577
-817276
773940
113652
445859
116958
-51278
-163867
-150420
-520945
82954
-446043
224449
-876917
973907
686340
-998415
-650601
734097
-924870
323801
533858
-989898
-945602
299165
-441799
520560
952089
-488396
105221
82957
-729929
652883
-199879
-440672
245648
-275735
396924
-728481
763581
654161
-503305
-22863
-573983
-338841
-552406
-949229
314161
996748
-172050
983618
371519
-125859
-955501
458078
325437
226913
563711
-906193
-19728
-712423
-668492
872465
360319
273475
124269
-766011
-761349
-366838
-689590
381057
385653
456676
162666
-603484
56767
855631
108571
187154
-310424
809372
715046
839613
-696272
918462
337431
-179488
-293135
-222503
476860
-301309
-584674
-67849
812232
-83460
212454
-61129
404790
55346
585371
610473
516896
-160956
314990
-13992
-988564
-33021
-409588
-76643
888901
789912
844433
-197126
-388855
648670
860110
-218599
45532
-461676
780470
-930960
158532
-798240
-393287
-14253
225034
351981
-82134
-347984
-898642
96205
217091
-303547
498363
-935342
-929858
-67896
133449
347618
405397
-803307
-192827
298677
-121071
251007
-828966
-179438
-924908
-853410
888693
-656578
-385195
-220535
915943
97054
-568383
-78445
995721
232858
-795032
-570831
-708968
521371
-304686
665726
-422310
915177
292252
-119449
-709977
753268
967144
-998908
-914860
-14005
755447
348196
-435518
194817
518977
560650
-3991
477075
-425027
-814511
502028
-387693
794677
421318
977681
615824
249854
-283618
211809
-793093
33056
730057
705344
-777736
803935
130408
735771
-37023
325195
-413749
-684345
950132
-351444
-178823
-283564
956408
-817578
374438
-223637
-901040
-114896
244254
-383413
286855
625192
-1803
-85095
61392
-49516
279207
-487924
-903239
852044
-399104
-38562
835517
-540061
875746
-627646
843975
-538661
-346288
263626
805531
804128
108515
-44292
-535148
746515
875841
-544708
-61486
35590
-260688
-537101
796614
-465710
-952433
314106
562251
332713
941099
-139350
-890839
220855
808096
216608
-874585
497858
-327875
979617
594541
843408
981430
-320943
675093
587181
733538
518436
-182898
-101123
-549844
-638896
-363568
778172
618359
-298869
-746570
-495678
529612
120131
-47637
-642366
464816
-645215
-793231
-896090
-5769
-278409
834826
-34790
-153257
209881
-770063
-504401
-389197
594114
512762
-371426
852896
-789924
655835
698416
-928204
-296453
939108
848595
-22527
-161529
-407081
784352
704306
998481
237453
-616949
578539
-345926
324079
603741
209970
-830187
950429
-259517
-930404
947448
-205738
-52289
849006
-345478
470130
604821
365615
-310013
870358
-936662
624055
-666219
198315
597494
865315
588636
-699274
623301
416901
-390446
-744016
-410219
-727205
137754
-24927
951052
996242
366973
466223
-987342
-435826
856099
-422981
-501201
258578
65301
-451055
-568127
357728
-547400
151947
765571
478653
214635
-8228
-591066
930345
102826
-176671
133938
-809320
-484988
908235
176936
3294
-304941
-264626
-466969
-844524
-867122
-145166
973257
321978
832037
265235
-587045
703197
-388017
249511
-958603
202594
756175
-898557
-767953
849127
780104
-411347
-653657
-853098
-392285
-179517
-193887
-659925
-4868
860426
-964060
771870
201552
361022
813463
451108
601663
10447
-366255
-645814
-210269
-509994
-812403
192806
940399
-172759
192337
419786
-599527
200764
368389
-973328
-941143
18535
-904086
-526521
-64805
373846
-379807
654813
-892223
311281
-17446
9692
-355734
-154146
-640972
-960338
369722
965627
198103
79219
-213165
634643
500746
-993872
928328
744156
-133870
-396141
-756444
886313
-819086
218650
56847
-501416
426292
943044
201460
247320
866059
-23024
289812
31292
-604061
989816
469575
305772
29355
311087
-1072
154000
16733
886319
145451
214160
-829238
-650405
184763
-284120
54297
-154933
956244
-332045
675694
248811
937443
-925822
500822
400443
518332
274662
-62270
-718012
137809
53161
207343
50662
895850
963679
582605
-751824
367081
-982375
507169
335339
633442
-21360
-998098
-948992
-22913
164484
313758
786339
-292214
-921398
-724154
-894455
301
-370489
-572484
687363
528883
-421387
346190
189266
-324403
-565503
686630
-62388
803467
88062
-771235
-242315
587463
351626
264313
-420442
-440422
-269503
883922
-957219
-311346
2114
-950162
793649
123830
678165
-68458
-767998
-721786
761713
38373
896251
-549991
500231
482957
-564899
224357
-147557
-359192
-420385
760191
412608
-218287
119511
200532
-73494
266141
473974
-220231
-334631
-414397
668923
216104
588668
220166
-412833
-457951
286007
678125
722311
64795
457074
-272635
720409
639910
-995963
144372
526677
905628
425130
53153
207840
-420512
898553
606773
541323
-302387
-928751
918991
665219
776906
-242956
-697474
-285288
-649227
826174
133134
586891
-958391
-389100
-440894
-265103
83780
840255
-413457
-725962
315689
757464
-796243
-898252
-224670
-56044
700594
683356
-179364
-236094
616996
-478399
-464306
227192
-788570
-659721
-75140
-505784
365026
851285
-692068
187033
153500
159129
-624581
-333948
-630171
-914414
566587
-107139
-96504
-966640
-736247
252498
380167
413031
676657
3031
824059
23462
962712
227533
673650
-128938
-750227
524303
519387
-419345
224991
-940839
-321477
344863
31276
-433934
770978
641468
-696072
-267054
484427
-452809
115093
-185245
3810
446697
-284434
230527
456033
890970
-287266
-533482
-242376
-216070
-128990
757797
-96706
-40615
548431
485111
158343
720954
-951007
-391209
-213023
-975516
172257
-840270
-932377
-945336
-104977
670840
-558666
-756187
-926599
-143851
-147749
-6144
524023
202642
624926
12359
-703623
204888
-559208
597976
-683787
998610
279917
-796253
-707684
-591661
-154775
648646
-990039
-364335
-642036
999655
449854
-301967
-582123
808225
-916227
-331574
-496616
330549
953750
818584
-567174
-44660
-594745
-54562
372932
48351
-750011
-220245
-17821
640690
-456155
-421589
311285
20413
-461609
-521057
151088
906118
-898718
937959
626326
-447904
528372
-362907
-118677
-325078
-616937
37198
251776
-404359
149210
-674718
763704
-429993
-531007
-850414
-533861
442350
892241
202541
152327
857343
-950416
-2062
105049
593899
-200797
-927237
-425697
-176787
-692923
-164961
930550
-474377
-791708
-669288
-111009
-727108
-845023
-607389
-250881
782957
3609
552128
-541665
-450045
-471419
410931
-23722
-318709
-53965
987046
831397
151253
84295
-724084
68875
65390
-428431
-669650
-226761
-759421
905734
-326773
727353
774702
945740
-49678
670029
791808
-43643
-166166
739123
385209
698465
-491129
-139190
690634
666046
403074
-310456
-737276
224295
-228206
-510494
262362
132400
646908
226990
241457
-649195
471512
716423
701591
-882574
699383
895187
-964716
-791053
-84563
-462030
-93728
-963152
320809
-926486
-894866
-415208
807427
-455545
-840161
-663055
872509
553085
120373
-272764
626434
-205655
38021
847328
-861847
565502
623279
-596317
234119
238470
129528
-70797
-456169
885995
-520754
443296
-69373
-471426
-420646
507188
-658388
824639
527564
521962
-113043
-778715
-782970
-943804
-974243
-808048
50538
-856853
591751
231809
80587
239471
-861468
8876
-126314
428137
-560956
-329968
-939176
276964
-295157
722072
-995612
676686
43391
101290
614062
-561171
-136555
-824983
-545965
-939447
249783
906250
-976157
27616
-825882
-248001
-949543
-751415
865993
900852
279692
-381320
-949962
630146
804805
392963
784181
93342
-318999
-125049
-892335
-613932
660772
454092
-764967
-31230
166428
-601920
674929
-957093
-823042
-825037
-635022
-902930
-233307
937864
348825
-798663
567907
467108
-108055
-960769
351470
-410133
-511631
-45775
449885
229583
-253137
-523912
54948
-978789
765002
-381405
572743
-421845
63781
13410
-419929
438928
-884451
414356
423497
-328906
-768664
-66654
-367715
814023
886137
439869
-136909
260946
-57553
354150
452588
-449043
728093
78576
354443
-778749
-81856
915886
-836388
-117614
894119
-937358
590128
674435
-621124
-561151
-918982
-726995
-259479
937292
582664
-730538
-75227
859940
-628565
850072
258872
-63112
950290
-153004
268527
-969216
-76287
645322
224187
348112
806721
-210149
315413
884676
56000
-232549
-560463
-758643
-597759
-76779
-557426
597208
-472749
-995373
319630
-187311
751367
-841731
-951607
-755028
104984
-748083
908678
-377729
-497814
-553532
-517742
-671043
187652
620499
-84028
-370046
-32579
154067
13613
980878
587512
-443763
675578
-856801
-246507
790111
-351301
571138
592890
529120
447687
846684
-278817
797217
609564
895920
701135
132334
-633404
961745
729524
378399
327203
-846820
505958
-548359
-214978
-927223
-838737
795890
207788
450141
718632
-658286
585937
-331079
-653612
-993621
435541
-356349
661719
-552151
-705111
-380515
-534322
-263019
940624
90791
158381
716375
-576901
283689
443364
891544
368645
-987920
-699288
873368
-794836
569842
795879
678582
-320182
618579
-568109
-523001
-859143
-398965
-921801
-548040
842402
453126
787410
-554996
830297
-823936
286444
136128
-687087
-381621
374907
691699
216716
-120620
-771244
-19691
278816
68999
-399900
420359
-374824
-620807
-800898
319198
-665560
-196842
-560344
-44403
697731
-648054
-610651
-158979
-160001
-116067
992566
889069
714234
682639
-606932
-288279
-439863
435999
-211340
975027
11562
219746
555015
24956
-858868
-481683
-111782
-988623
-461407
-656030
-162761
283689
30154
-306312
-650445
-427533
-405455
451783
-113631
834538
225707
781583
228531
-97554
-37699
767918
492482
424779
-280484
368515
987120
-147959
-467437
-391616
-544175
-203798
-667180
-976523
417525
753777
-521945
-64140
-363522
-271757
898856
691636
284467
696722
-607038
859187
-675962
651710
989864
166396
163454
-387804
927414
585189
-517740
571267
-958358
925991
14151
228501
766878
-371080
-303495
940993
-94516
-992260
-305902
-133280
782648
-183117
21059
163186
-757241
-857827
-952905
-731184
196932
15848
140301
79459
-2837
769956
-30593
-435813
699141
809540
747263
417427
93567
-374646
529350
949445
545791
24980
920786
826603
479670
136217
-385049
664874
-561148
-887816
424765
-147244
-383248
-114933
-861149
709707
68016
49110
238347
-11565
691729
-290510
-962420
760396
-88456
-725467
-179953
-334495
-171261
539756
695908
55730
-493745
-822955
-928763
-926193
185695
963620
-119790
349221
543526
337266
-331105
-378572
625743
-719803
-823216
-203262
-387375
269682
-565340
456424
273703
-81734
853060
-467620
304069
323227
-287587
-414550
-717580
-42616
-939869
-626186
219341
-255896
390728
851297
-120269
-60544
-210074
-477179
239261
-763762
-632163
370056
-773666
-344408
136560
-990282
70298
-24846
-424884
938880
-74088
722410
-320211
212158
74525
768467
924741
-942623
896598
-801874
-120784
889311
751422
-550833
-601252
-548580
-383181
-818073
-485726
-578700
931054
-919299
-150459
486703
796091
-397503
834614
784483
-659405
-400169
760316
250569
27799
819487
300944
666903
-772412
-392346
399974
-217853
-112937
373108
-712169
-867127
519242
320861
535988
468903
-308076
415568
-235413
919638
426227
83870
455383
882822
771482
-684634
119613
220526
-477085
233927
15620
-884779
543864
-835110
-358913
-162655
-35395
-31647
92293
233877
928874
610182
483703
-131863
-753374
96579
-742765
742491
-996170
141342
772573
-623583
775143
774161
665843
-187257
452074
509963
-117110
395882
828558
168336
586677
834139
657706
-612372
605491
-85541
-656263
-468185
803734
-52668
-970697
-996153
884616
551663
-244019
739040
-521669
-936069
-257855
-343049
-82470
783981
778166
-459468
44237
103085
431103
-702042
-465815
930430
-70984
45288
958047
-885742
94542
807828
356028
870404
234938
-769389
933655
186278
-365495
143392
-78130
985516
505595
-748732
551418
-277865
931109
-535840
291158
-866019
90922
-159415
579933
-559996
-871508
429549
775930
-497769
169945
-347011
-316997
-814317
-139480
-457157
274651
104011
-409404
-182572
776943
865497
842836
-354978
853610
-134997
-247163
207628
613069
-935937
721873
510248
-396600
340050
542459
-971439
-749779
806753
398039
683113
559951
468417
-532195
-883323
680092
887539
-414376
657213
534089
630504
272328
-847735
-622793
862878
789060
933975
-155581
539316
-572018
-477049
204612
493091
735581
274378
76224
452266
-339707
664014
-663514
-96565
397198
-980854
211943
-103423
941161
521111
925611
-502852
-773852
144970
-354259
306973
997236
175583
-913451
-222762
-752480
-690242
633166
434493
621758
817073
563251
13523
-208483
-224821
-969202
126070
-488538
-177497
597873
640150
645423
-847343
-747362
-238057
-574992
627753
-966220
-725938
-65990
-765683
-868896
347523
-64391
-297885
-395796
-830365
174098
-6688
-644030
430368
618499
323441
-803474
534992
-33377
-370787
783722
306907
447826
987376
763474
-798615
623381
485887
-677472
-987658
-345516
959202
492381
-731769
971025
-434997
-959963
-762950
905635
-486823
255378
-309095
-246113
-640187
532865
-415309
871837
85484
-880938
437154
-909685
212813
-94375
958751
463701
-795638
-863386
-188426
462824
397830
-103669
644395
-260373
-235935
-464315
639775
-103535
-434465
586166
-271716
-725268
679933
-252589
271041
-328717
622959
193971
-718399
-958439
741588
447694
25546
407594
997739
353184
783362
704770
957635
-29364
837203
-193875
258887
-414337
-933217
613581
-257629
-691294
540193
-873814
-619092
-481083
-748124
-932709
-245753
929719
-103168
-279488
827760
430130
230
615658
-702543
619412
838665
-31815
371131
-149098
984983
332005
-790624
-372308
-759929
-400152
-872816
583962
668682
-403767
459125
-365648
602112
-551331
-675066
-148894
21632
-705940
359695
-498368
-553640
-649958
955817
816890
-258414
34580
598032
-939666
-445398
-934630
506964
-266633
-958409
-33054
-322003
813497
346443
-409561
385225
986852
-596486
900658
5211
-85709
-22841
-44427
-490448
821052
457214
-418047
-800995
-202288
188121
-970096
-950640
-908522
521589
955923
795880
-189413
-206582
249696
717539
-234478
226105
646382
-58275
812948
808546
-550671
-321755
-990780
925121
-424826
512075
-676955
-557475
-386456
-308162
698080
-681624
286172
-302586
-772018
456187
-554761
-152940
-662184
694697
-982878
610896
-475283
-680916
-862109
309441
712118
535222
-82884
-249213
44124
433828
994716
273759
-968697
-602704
962360
-511859
204030
-444485
459428
182135
-557751
-47223
200931
-914466
319039
-280959
404187
961072
790120
-120502
507308
-935947
623555
-363752
981757
320187
-422012
976336
-422467
-592296
-643760
291300
-42864
768056
-411597
-916306
190812
-292368
-550217
-395727
475163
-30495
641313
-901532
767441
-757046
671391
-131842
-623546
318149
191736
-95437
-71315
848856
-877333
-478529
219954
-861516
91254
-227128
-308271
-346935
-957075
-183157
569367
-16725
-34259
642594
63326
-262363
861134
430263
822669
258243
-726682
682433
-374465
-812034
695225
-383212
-344063
-497785
720301
813251
96388
21118
18456
481077
610529
713749
-718115
-306967
-128727
786976
305312
-941153
-444050
-531710
-210970
-203157
-117084
-555034
137394
844543
131937
158001
804053
655000
166701
380337
-561467
-308341
-16375
-495492
763388
-456559
-592133
-849413
159635
-29374
-513272
-858802
-365768
-207851
-595915
508071
-566037
-946194
-346312
-156293
-819555
-488881
-717949
-423680
484644
360996
969316
-881724
435858
974463
843139
581863
81704
-80395
-229320
359712
-984127
723903
245860
844275
-964952
-834268
-363262
-553066
615471
882198
938466
903158
577884
866719
71303
307089
-434249
-609483
228723
-73087
-874144
175105
438687
670538
351431
-522827
-338226
-780915
204281
-225688
399391
-263193
-480259
-205565
190087
836218
-196067
-61838
-5311
-690478
-315069
-987520
-754536
-937341
-192547
217884
909188
929810
172518
-231606
205051
-354734
-534441
-870000
548793
-590192
-39231
844709
188805
633280
702797
982397
805230
877206
-162230
433965
73782
527307
280937
447276
759456
-379350
-165259
-216236
-677872
-710572
705838
463160
-658448
378174
377629
-561445
-164892
-796451
576708
399483
-445934
-804758
277429
-968098
-202902
532398
535745
562255
815691
-464923
-810260
704095
398883
-960078
707341
-338257
-242998
-349199
21840
-322995
638604
950404
433083
877208
726651
-534011
322977
514219
885251
-198289
711565
-509759
-538498
-848613
-489679
-451860
-432397
-450327
120768
354719
715876
-763012
-973171
-802667
-631816
-779499
960860
441070
-604670
796858
-593108
-136576
267281
-386349
35067
-225080
164175
99679
593411
378427
225187
-266210
-308264
129222
-60501
720979
515133
-179870
452875
-979736
417730
-851822
488194
-4951
-506729
647114
-105008
-716288
858253
160688
-600345
-39872
72526
-907106
940811
-106852
-16427
-897248
-963306
-519944
-784616
934526
-906040
313486
-171596
87753
769948
1049
175346
784233
811812
395891
522751
-923037
217477
795665
444797
-705312
394050
-94795
-798462
-431063
182925
483732
260083
-853484
263516
210446
357356
103848
-235965
-741492
-959996
571648
-533255
-321751
-407442
614490
25173
-376883
-99723
195257
32232
29671
684126
-93060
-808367
-123064
-45000
545437
691362
146823
941948
-885835
-588590
898457
-458413
-826704
80993
-774115
-979218
204347
-474841
-500930
160293
-464241
482059
-696112
-63809
-712937
-322601
-808375
-482641
924104
5830
592981
-674193
-181675
-808938
-3908
864309
-185994
881003
-696136
-301328
-781042
819341
-765848
-379335
922472
-349701
750742
-963131
103117
-227644
681654
690535
-71504
-504167
-556995
-263013
410697
836274
236518
-575517
560445
420715
882813
-349840
534605
174690
320959
536263
394287
334892
-208140
623315
128660
229375
-878801
-214157
700819
-351631
551588
216252
680517
849688
881080
393075
877874
569941
104625
966352
-533791
331273
-686162
-466095
-742487
-353361
719707
-294310
-755149
789442
-999217
452142
-626966
-690602
938084
-93806
441406
-431872
-989361
-343704
960487
-343051
-146461
-596849
276700
413059
-54544
-943352
-742272
166398
-108221
420709
-267744
-178275
-733534
-964742
-417966
-535246
-848881
-920679
607952
-809850
456603
964404
41331
-645494
-388812
-249007
316664
544064
834670
-941956
-945996
-417148
-273793
-802539
607595
516720
538891
-361832
800353
851540
-142936
327303
-854413
-102720
697044
-171276
-116291
8034
-110403
-366045
-694039
756921
-368918
-85638
-846449
134670
474686
817639
-922653
987283
304055
-240826
-506378
817246
-319622
245168
-562507
-772757
-616870
886947
-98745
627459
769739
34095
348820
-998709
738539
457995
752350
152928
433212
-833856
-407638
-5304
-619210
-12368
-648364
-947006
-326879
-87609
112690
-883363
15492
-149631
426170
637458
-802666
-188961
588866
56515
774531
257016
784327
892731
-877903
185445
528992
-388132
-6577
969529
-809760
805175
-521494
670854
-616971
224070
-202935
-982603
-423410
-531805
728213
-88788
-872171
159061
-154875
519082
392306
-753184
-744100
184196
-172492
261750
-307567
-96875
37521
122096
-83950
50416
774503
397288
569533
-523566
-149171
-89202
-514205
44378
355746
-454258
561522
-726959
635769
124083
-481850
-642263
587591
168300
-884570
696566
-494021
-372528
-293388
998069
-566843
-861432
401806
-151735
-800993
-22521
498028
-381110
-968011
-305542
199554
462986
-785237
621253
368611
29282
100466
776320
-269622
332881
264045
863705
-25073
-604545
-36958
-175048
110391
-241817
-713242
-453871
266912
-140175
827644
-319277
213162
892470
-905234
36546
-863206
794381
122883
-452391
-833215
-73400
-349981
-214974
-424224
242331
-302561
-603978
-966218
769728
-832080
-51824
200487
282651
76112
-373419
204583
-221712
-733511
-922186
981090
798800
-76511
844990
755170
814959
-579907
11700
-423152
-129460
-559921
-718236
-81194
-428415
-281262
-842770
56660
6408
-626530
136312
878622
-43167
552330
-451754
545316
-573022
-685425
233216
690057
337037
-535434
-52317
-11208
-580729
809142
960519
451853
994966
239580
241838
485284
237761
-302413
-989907
-516582
-84268
-880000
981773
-765812
314618
-3584
443747
521359
-499196
-365359
967581
-522505
-497158
-198133
-346391
-547928
-100296
936802
-187618
156647
918540
921959
59780
-716910
332833
-699971
-320453
-108053
6084
-107677
-111168
-305422
-975184
224382
-396905
-226856
779850
805327
48196
345544
-808882
448752
772456
940202
60879
923543
887013
-635543
998915
252440
-868184
915586
-856420
-433786
201877
-360005
360656
467693
-132825
-855355
-749997
143287
820374
567361
585365
806536
-333421
517629
394793
189347
-762435
-363386
-522795
-590699
-411272
-162457
-276734
830212
747693
485001
-21836
-693441
-463298
-818719
-730032
-427837
-715782
-294328
486038
736541
-800861
-194592
-144468
-399441
-932386
903210
-22286
216246
524835
706203
-174795
-213137
-890996
-384954
-948972
-462207
-420700
-5564
-753566
-368783
920298
-612638
928934
247537
-421142
-110423
550972
-791750
301737
777155
-319715
-404806
-609177
352524
-310755
403160
402782
404366
-657583
-732723
-115628
246283
-704932
-737800
107614
-563952
-159167
205529
-414336
499371
973218
-229292
-542602
-706189
937833
756017
-501003
-736709
202462
-647685
-242683
38535
840066
289570
129077
-437954
-983389
805199
-82531
343777
906516
-540278
-270128
-490342
212799
421658
302283
-173845
-151654
19627
869393
835133
-726729
-724561
-684724
742938
-268374
-171720
728119
784821
-667694
-928487
984729
627826
212192
536420
389573
714931
353969
-269513
-498711
255377
-539843
-640829
617066
-959471
90435
-32956
-553195
397490
928516
-932798
-603409
757399
-481666
927355
-548773
661176
533875
-904597
791648
941935
399356
113301
625988
921953
832879
-556457
-685100
-497830
-149909
-509834
-530056
410761
-258676
-421346
317599
-358554
-128413
154338
-610899
-113993
-316905
871990
485659
-890542
-35185
645437
137593
30739
-615632
-881754
-724359
-843766
126034
-831051
-890509
-60352
479494
-710668
-387184
884371
106915
710863
617287
546952
269719
-738473
640552
212169
657527
-237489
-972929
-150578
839802
269963
-764093
-957448
531642
968958
448118
-806032
-33820
945403
-929355
-881182
214381
-344881
269161
-485112
-103480
109421
888635
69784
778236
573119
407317
-919336
504403
940817
939945
-53989
-527462
-17276
473784
864469
-737432
564057
953736
-364983
-119196
365229
747154
-42369
85394
972235
-122242
532436
187737
334451
380352
-825880
402991
-423955
731422
-592458
-990074
309180
621492
258309
515035
397190
407653
249895
-546007
-399052
305031
357858
789563
-909312
-875547
135760
644437
128985
-478521
25096
483129
599875
-92450
857377
-42680
520301
604067
503015
-209790
949878
-135849
-824288
-23281
-446783
-150687
291915
560020
-392362
-914976
-413634
-614906
592111
-770073
-998469
-103855
-537046
50067
766753
521252
-74114
153187
539200
601554
-765114
995817
-202763
26256
132232
-238798
-70571
238530
151616
126668
461031
627532
-222263
202614
-226410
654192
-371597
521590
263376
-784675
-46063
597818
658194
591426
-694351
501345
229788
-496483
-894562
-342916
-229815
-694397
-504077
-867874
-25918
-165101
-636389
-568534
280142
357947
-919130
-545464
916026
-854776
28590
117787
999346
-390662
-915791
141452
-877155
191048
988002
379346
690172
-477933
840075
980449
-648078
745874
-262434
-874887
761637
-869453
-466927
434970
756956
925119
-167278
-569909
-850869
-793142
-351325
368956
921382
847111
-520554
-695103
-404701
927507
397106
-418437
271872
-14277
420355
894152
-288225
-476665
-238688
407983
-560699
239151
331093
172346
-395691
547773
20581
-146136
-799554
672508
602962
-907429
570606
-462604
386866
834223
915212
-516549
418336
484008
-631965
-61803
-885447
-182389
-22093
674846
-214550
241643
-324058
566288
-846714
-940415
-488554
-385060
-341390
-797412
-516928
-892235
388562
174104
9055
896652
-779904
-592721
312294
481520
621446
-715901
-209847
103554
564821
-202985
-658275
-948679
289061
-734714
163725
720926
88082
-203205
-167853
-648979
21447
461820
586182
-418160
-906573
173132
740927
248030
665033
-898084
-417947
488005
179041
417352
263944
112357
-350143
689401
477956
175150
-312496
378642
-498540
791256
706130
781700
-361333
-835364
904696
626913
-182070
951102
-485953
-629933
-491112
-442118
-452427
-574923
-972930
-188996
948609
-40823
-646987
-295438
940820
483719
982741
242483
-828068
506193
-522356
252059
700277
-831834
-547752
25586
-525757
-251170
-303994
-954414
-803151
-29037
-315759
720916
413851
54815
728174
378949
96548
837835
-872349
791792
659813
127949
-945861
538251
486038
984931
-665286
-372508
-103995
819841
53671
-26222
571755
-549810
-284383
-620122
-232510
-137913
184695
301216
-651710
-512230
-27127
-364487
859679
-299139
-762716
999338
-752723
55623
858261
-708556
-343168
-890372
-4320
892253
973673
178091
-119569
-104060
-244392
-492947
284379
-181946
854168
-194771
79452
-627295
521043
126005
-482345
-68092
12578
397207
347913
90762
-340193
893342
874649
-36914
-111263
-753359
-306092
202619
-775711
-743341
-134677
769872
-665482
288313
-16134
951428
402814
24386
-525399
39504
-886040
-287721
291395
-394765
-632839
-408908
798814
561363
-463420
-196567
-152288
-212820
-610323
293569
279725
-842692
-982925
309378
-355510
-959790
243146
-765719
-565893
-829460
-819609
-208079
-317829
562594
962118
-299792
-252166
-185987
55194
669541
377498
-685190
-672885
-540172
152050
597878
622057
-532295
451127
-282932
217346
249196
704638
240433
791491
-826341
186606
-618872
939422
-807081
621797
-590910
777447
666792
138137
513293
899728
-363642
430505
-832246
531170
-551087
-550188
-127521
525079
-885406
838877
751382
-222669
-266658
-471259
-430692
747809
465839
-369734
874059
-141856
970294
872426
325022
774827
843327
-400596
-125770
703266
91802
-652298
84369
605853
-602248
346606
-444236
606097
424697
-738147
212592
692221
-288839
983617
-127488
336526
-734016
981086
-304027
107628
761143
-567741
-282436
852079
702187
797708
-743240
-906081
-505814
165307
153326
-698207
333926
-119336
912403
935498
891567
252312
-502418
688610
-895658
538847
-114718
360420
364947
235773
-391026
-123965
-94743
914874
-421440
495931
621431
-624635
824047
-293107
-558990
-599323
278779
-170953
-36694
227229
-741526
386603
-585929
-238941
-487456
-755541
-459559
-229838
352359
727620
600327
857328
-758950
660506
-577967
-76659
-742851
-708461
-902022
-30443
-910454
48859
5629
-954664
-250149
-934797
-498729
-358141
818770
-102930
-347978
-817491
201630
478045
577015
-55176
694599
104248
957687
-53696
136
415407
338531
832082
883976
125353
931771
-483495
-328812
311369
-276296
-958787
347028
-273814
16596
86949
-523631
-488161
-612428
-555942
678984
-86966
-993331
157242
-240906
-364512
669250
-914823
-183901
534107
495431
401702
-586970
-707422
212025
636377
-19247
-523181
326016
-944999
-793446
409819
966658
338057
739400
190487
670294
217217
555787
-783444
-638218
70825
792170
-636359
-237694
609311
-461023
768303
501429
913178
546746
-261834
-475803
884075
480428
221288
-218899
68093
583556
-797501
428031
845156
-418316
-374357
713921
-438627
703290
-725449
26233
-854615
-463194
-449633
-197249
-777417
-437407
117052
-737475
374768
-208666
-939399
487147
668986
-750309
-759699
-448711
162552
542175
-643377
-596482
71566
-29333
754917
-490210
788888
871679
-58314
499587
244753
-302152
528083
411991
-847859
-202562
-136957
-456040
530939
-242827
881873
-771679
482184
-678242
-991719
-703881
-755288
439588
-218096
310447
16489
82164
56755
-513886
325439
363780
-361790
-196686
918303
-667377
-158553
-501093
98542
895830
-764838
882045
-869906
289646
-803026
886295
971974
-179265
-920037
613788
67310
-434763
148896
-693849
-464192
-194353
-467377
147338
458859
610474
-270257
-821287
94271
890787
83179
401278
264748
-412847
-293064
524820
342659
-374961
20397
-757638
-997463
269662
693626
798654
-532791
-30732
8706
-662079
751192
640748
-891671
912726
760529
361844
695999
432395
485792
795070
218860
21371
-664840
631064
-331923
-460481
524479
735351
-445255
21950
-198213
486952
-64364
459385
-430229
-981740
142142
-51566
533797
489622
146169
-411802
606613
956457
540000
-310533
956546
-460145
623301
423466
-930692
861220
-959913
-882009
182956
178245
-935975
-384118
-644784
-293600
-652722
-557774
-230507
554417
-501193
-980836
341088
-932903
43284
-924348
729648
978457
-177732
-835384
-230589
-765435
-21572
-188073
736681
706137
136126
-163937
74282
412932
-184501
410852
64878
17936
181259
582066
773205
903816
-767704
998300
-211384
531036
-583717
775454
632464
334663
-82994
-386808
392336
513858
868310
145219
556891
-610603
900995
-155066
471375
45313
984400
518618
748665
-604722
981298
919260
-889406
-674958
-246631
904785
646099
70229
-472273
260405
-114743
406740
-836447
189959
-857158
671582
-172583
919312
117076
-582081
-517068
-294302
-293948
170064
-927657
650732
-723012
633683
906165
500483
473305
438519
-181895
-21256
183264
-224369
-309081
-349361
740921
-690065
169147
687444
-989367
126437
-606544
393134
-183708
311634
581407
-553799
-884429
401471
-441182
-336536
-276314
467187
717897
-192975
604799
594997
-713851
559517
-379793
-490572
-363590
-808356
-215183
-424362
941177
-675353
-575535
310648
-753629
-665983
990716
968762
-117317
990931
615629
-612722
238896
-17665
-880366
-772217
842488
-624309
-21361
559035
-911979
819447
-520513
392485
265768
12399
939182
231135
-836619
347010
933569
625598
-105436
-876731
422746
-711843
768249
765865
-56681
-424512
151829
435806
-238163
798495
108673
-160703
811719
366874
448414
39884
883367
76295
-965216
-43980
455115
-340555
-293065
134012
-750573
948793
200053
549453
-182834
-317639
-394685
953387
-385456
30586
284738
722761
-708030
457046
-157770
224474
202699
-888741
787312
685420
-528967
184412
235554
-999566
657118
584608
578771
-11331
-583502
88315
-223591
994756
-169329
369341
105848
141595
688944
-295519
903954
28297
-351303
-29472
-208640
-188316
-779713
89250
239585
248491
83632
-809274
371486
294869
534236
495707
224682
794485
694718
-621852
475203
-552787
-215832
844406
75408
-192015
-465290
-196316
767653
-893861
-356396
670793
-405977
-949085
-738823
-166099
434685
66686
-659184
270768
513965
-910808
602809
-450407
589934
-116948
794278
-784446
675313
121788
312425
385424
939561
158642
670909
163654
72302
190143
830659
-959038
987976
-722430
884244
562219
-31581
-679012
690352
174052
-328253
-859924
819761
598606
-22538
-300331
207054
-525034
-314787
5717
407221
-766602
299851
-284010
13924
-181193
-327583
-491654
237713
941820
887760
67650
262974
-799961
-939673
463062
-678120
936298
87313
900533
124337
-317253
924724
-42926
-62970
-837034
651055
-421113
526344
397420
-14080
113486
830553
-662952
385832
-268797
240732
-959485
709515
-4981
29414
74947
-400336
-939916
-911846
299754
-257206
-982095
633999
24100
259750
-597278
668104
900017
-481164
-902902
760924
289806
897003
328274
-532341
804170
-818496
-19606
-389620
-475934
-355095
313526
-257485
-119786
444066
830473
486303
-126088
-762478
538310
46711
-935238
910103
-977631
-797175
83725
-606350
797137
-321101
-308603
-467543
-305510
-619051
-608098
-92854
224815
-996961
-506120
64291
-753794
-361497
-431840
-469351
792981
-280233
670850
-316398
-218625
-618401
28585
-828473
173391
479989
591737
-563395
454407
-139187
921267
142044
648978
86108
-87081
72842
767306
-270633
134487
-396796
-57180
-732539
-927935
63852
163167
375248
847284
-157974
-880837
-269041
772649
-667084
964095
-221955
-56166
776369
-672417
728857
260895
-595884
-136224
-266153
-181104
937249
-891679
-559114
905378
-295893
930236
584207
-829744
864725
-795253
626362
660744
-844065
-712936
-529020
604335
-472111
257995
515021
997804
-415199
253738
-863929
30275
358070
657016
240578
-764621
-147314
715652
-572808
-428191
-111776
829163
-610081
260518
-356228
178116
-309744
917067
-60791
577465
-521738
-769039
-319595
-188800
-747519
565261
618586
-711031
700883
489228
9966
517668
-825579
-128338
-208538
-998659
734407
-620689
824518
-531085
148090
-937026
542891
-964370
242959
-952690
-915917
787694
-147916
59784
526996
-680141
204666
-478094
704657
-258789
-385045
21321
-418955
978561
-707166
289944
692923
898298
-890929
-477145
290607
-949849
315098
-89288
-457938
-430499
705093
-789508
-915615
804781
779559
-233843
-586812
976932
-501852
-316614
941379
875889
-255963
248593
-368637
-849714
243385
-225816
633555
3375
-143637
494961
234187
580777
115932
353963
-243346
-938296
-52578
180919
-549578
309965
908465
897661
-307567
-290928
566947
880381
-162645
-205800
-455626
-49982
-614287
-747499
966220
455773
-937536
-827900
835689
-832254
-65278
468193
-635062
306646
-232761
52615
216637
-752038
-515868
-827293
676055
361354
-475606
-255621
636015
-885369
952078
-769816
-238876
-625732
107656
-77341
411667
-803790
-963922
573953
-94547
120113
-325224
-420730
-245424
-999842
28922
663677
-891067
415168
372912
984893
751475
426687
-668621
544868
-955794
705705
693036
-904110
-682996
659074
-433202
-695725
382413
992152
235812
-643191
-449969
-800712
904768
766653
350708
-170023
406511
-711492
657207
-740471
521417
446149
30028
-818628
-807416
-775248
910616
-311667
852703
-966578
-624166
-737366
139974
686637
-946497
-604293
-736164
-980196
547931
850946
264357
-554584
-386047
725187
-91133
-741197
-792482
-56756
-230447
249569
123327
-276920
-682859
767495
988575
73266
516145
997909
933529
-46817
533877
588472
-172308
513929
-677734
-916234
-460063
-272968
39259
45036
-160363
-721405
494261
963343
677517
-781746
392100
-570236
-138072
-940218
-38577
-541029
-392719
933592
-391473
-351663
799174
-368018
997890
-665488
880012
-823727
-444037
173015
595262
-130693
316587
394840
129363
95719
-166938
101960
-594874
912363
-699804
977202
-180612
-634486
653997
335076
504833
44036
166316
-997848
-478184
839822
848551
988695
173373
648350
-530618
181107
896389
242999
-812643
109664
-220299
-852504
-666160
105054
-342514
-667333
-457748
856909
-365728
-741047
-681060
-346380
676163
-660269
663173
713683
-947057
757067
-923377
127746
-647220
327498
-688630
91811
-954994
961352
175947
-157864
-929093
-437074
-3805
-664550
-65925
-605368
806832
-247050
-853338
192728
-514213
605033
863646
-348704
159075
896246
905863
412460
888409
993982
859302
957573
-666016
-491965
-811716
-948031
-305273
-836756
433184
846401
186325
-385158
597099
-547923
-298310
-920235
-869020
307412
-358300
-519903
-474301
-576125
-212762
-480710
612394
980338
710200
515064
60103
180646
-835584
-647904
-679051
84653
428402
603801
-721404
179338
-215135
762808
-551489
103105
-280915
450666
-61423
904112
-625235
24792
145867
-444524
122237
910007
415735
-744856
-891235
635935
817732
-185877
-163387
372790
-812638
138908
381560
109775
-661687
-890912
272761
718547
972031
-331828
339980
749171
189736
-768351
151443
410818
-173354
677580
173383
-14253
-158606
-403084
990595
573503
227015
191115
-49989
82087
735634
-772744
-797311
319236
-652778
127961
-429110
-878480
-819913
-325754
149023
-836697
-649783
547805
-103690
-463735
680530
-325818
502717
-501923
994355
435135
-343194
170032
-249038
-144203
-681109
769705
-705359
511465
-463609
721278
-998282
893370
553214
852145
184713
-500296
936530
-674288
-7918
884084
142307
232665
338989
-123563
397276
885997
-407721
-318516
-622417
-153204
196971
598806
-906101
920210
186972
-252133
489383
-358982
-215507
663050
535678
-689506
-442037
-674726
-901081
491890
958456
-157910
-521980
-482983
-570243
519893
-428085
-969547
-868031
724269
-892617
164327
431145
-871062
575021
746465
619755
484640
432940
-790956
738364
661868
-991088
-312666
-783184
-191995
196536
599504
853463
517684
-927974
275648
300055
16182
-810989
-813883
927361
740889
-885505
354453
-175906
969282
425617
-115233
-688406
544292
84977
236679
-149167
-561812
57369
737365
-387869
725053
375273
-969157
102949
987492
-158178
180755
402425
380083
719075
482494
934896
557501
156698
-422627
735714
9874
225821
-625645
-912904
712686
-644742
477397
-650325
449874
-797151
-446642
-885848
849700
-919677
-936077
830898
-660397
-619861
50785
-958456
-174839
-311691
-404689
604671
968151
-39768
878673
910318
-688092
-662245
-14548
368086
809935
-592830
167368
910468
-346490
569484
-499196
705183
637119
137756
706657
-596672
-966235
-905313
-664936
-360273
-372961
-345663
278922
-953798
900169
308820
-936327
581050
-259923
852909
544234
-792846
-482796
-45270
241678
434588
-692332
-970286
-89414
100255
-493486
-390056
-844188
916177
678304
-232811
-421867
865782
-298345
991434
-755030
251166
768944
-566083
-550469
524732
-55909
628660
327664
-750816
-895062
-201132
-356206
734213
143403
658761
445606
163933
545708
880025
-258753
36821
-788005
969345
-841395
-792096
-543998
-199009
-223083
-456866
-740731
-88146
523767
199678
-592218
478915
-692714
695858
-279845
695091
912568
-245680
-220412
756405
-755036
824775
119331
-661701
-283573
215289
-413017
175790
-111687
-363727
225988
-149893
-412589
-575095
159270
141918
528525
-663817
213223
229183
140179
-751744
-10145
-930435
-970060
864986
-392230
885967
591536
281574
29047
184761
-90937
-900484
-348239
860301
929315
-249988
-429379
-803275
-760000
425553
622995
-514303
-889840
-591603
500987
403817
-859411
-659577
453543
-367665
11343
-521513
-444483
-313468
-755710
291150
765894
593717
-942633
536144
-398833
-242658
-850541
-544639
585229
411902
728596
213237
157427
-579352
-48086
-165714
819748
-430018
194133
942281
498652
-780537
-496515
450706
116379
-254697
-464469
697881
218697
470823
614476
-969344
-36685
-352220
884410
-789704
-141632
-572169
676609
-136810
-902757
864595
490
573959
432382
-355828
826388
-135738
-751085
137232
637063
605344
-915449
-663189
-600793
413696
-792292
-3518
916767
891516
987090
849945
-423771
895143
-854091
396669
-47059
311701
156683
310250
-391246
-493302
-632015
571984
-809388
-417990
802063
694472
-389111
-142702
-583283
-283157
-855552
-956685
309747
373363
-644236
13072
730063
276700
-368402
-524822
337131
18167
-758129
922486
-489197
-857894
141080
-533072
-514101
411208
-685788
109072
-505875
-406880
743691
176759
46088
494713
197090
143290
654480
-958341
923621
371867
341320
-444991
145924
650710
-695269
637512
655771
-794106
-627369
-93003
167272
-927332
-625510
-373879
244312
-351221
-315375
126926
-701712
347132
158782
11365
769197
-277400
-335657
-641040
692291
168553
817750
710720
88945
-15384
-510594
-189339
-601092
-527340
-334331
-814850
-386998
271265
430181
6340
557097
620624
108138
-522598
-798351
-187932
-804972
277658
945483
-468238
506214
94238
-399904
198133
-880402
-693690
279978
-169420
-965201
613672
55121
691957
-25071
-823853
-313276
-288087
-193323
589776
845050
377551
-483022
-519660
437160
-619308
-264141
-898471
-338139
-700159
-276785
782328
-328688
339491
443952
-657187
960321
728729
132371
683064
191557
737203
455661
-405161
-917967
-444155
465968
880774
583026
-36363
78847
-420878
-877155
425699
665245
-722613
-194319
-703193
-297768
-853626
129614
62161
-89421
-709218
-92179
-863471
393641
-701300
906255
437030
-151119
834222
189921
108690
348120
-252213
784724
-968037
315475
814310
159785
618837
263178
884934
-937960
615370
-869813
-817753
-336988
443093
-268222
-853733
-346185
702333
788287
598957
841842
697285
-604121
-704827
865336
895143
-276048
453662
618182
137328
960521
609726
-636484
-480277
-442330
-108712
-176479
688835
83697
-568523
813535
208300
-651779
423419
-756396
-116339
944465
892088
638206
-578493
-695522
651533
-689492
-462967
-507341
-769300
-80025
285055
86134
-256347
934064
557131
616366
886791
-121383
-339028
-807041
832700
612132
729501
-832165
-443719
-642600
-363773
-835737
933766
-321578
3742
628407
-978876
-80085
-927864
-252130
-4733
444830
125213
-105010
803440
-192686
-819949
78221
-466804
-485058
495062
9885
657543
868702
998570
116724
-134023
96768
857168
-472227
1606
902114
-528998
66698
-890131
-225314
913668
-686511
884868
-42917
421996
238513
408763
-784014
164361
-703064
230307
-838235
476988
-852114
-743
-461450
649015
57234
-732089
-842244
277883
-919030
528621
-743120
-676875
-402421
610555
991379
28920
867834
-346979
765874
16518
-606606
-798755
-984596
420896
-531393
596461
-185474
242690
-845863
768660
-66749
-188216
-328264
105831
-172255
-555362
-32344
4621
815682
163334
-678285
-14938
160345
-956357
-100664
766718
-27480
-216271
-595224
-396630
275396
908731
157531
923698
-96312
-573752
763406
988153
339166
339288
-543698
-704432
-739820
802529
-862277
249
407671
23057
900
-149345
-552636
993191
340398
-708254
-460063
-853848
666897
-104369
-122526
-362857
-852298
-744634
-939359
496635
354309
957374
785786
645092
332215
104688
655712
966971
693086
-699392
265481
-759759
-999683
-660777
-812167
-725789
252571
399570
-579164
731408
-267601
79063
357190
948215
227261
-814465
141790
508795
592353
-416697
-161504
206074
704467
-18102
-864801
-522804
-339485
-583010
808084
-672792
30299
554635
521828
-193475
92324
4184
-567435
763760
827895
969832
-742516
-787308
-12344
19378
123519
-888078
-203392
-247312
-585205
-463976
-624790
-400509
787099
594629
783568
743011
682616
-588188
-238539
-762242
-870272
729695
-639496
375230
-569510
711009
307255
850769
-401831
-385948
422111
572160
328535
299519
-372313
520202
86630
192635
288565
-67921
454093
430759
-414734
-830597
-748895
483627
-551373
368487
323789
917394
-532280
-952403
214175
922386
914025
-760134
830152
310553
-245612
992246
980860
-696561
79961
-357192
926945
-906428
273662
-392212
913244
989683
-530851
174188
-8473
-998054
863513
-729853
-319963
533311
327144
-665734
338108
-589854
-629001
535357
-836144
-533862
526469
793562
-561639
-408972
772409
-589753
-528027
309977
916129
-471657
759797
562401
913878
630501
-188694
515430
616700
743192
551144
200719
219318
-692486
824786
441369
766532
984741
-116638
-778628
652640
35932
869088
-662670
-408798
-837669
50249
-747121
392790
-672211
-265480
-17720
-414597
-267226
516182
298604
-549630
-125382
-765485
134782
-498530
154123
-487709
-232644
-826706
831377
213061
-978081
907782
-884968
924144
-286033
27904
464356
441877
953032
352524
-430552
63687
-499898
-219130
-304300
443667
691580
-163981
-301523
-6886
649688
595783
-842679
570659
847241
841262
808299
-914274
576761
-757953
-482856
-894058
-248890
465047
110237
963945
962675
-785578
859531
-69979
-225225
-708999
-773923
-247080
711699
-613143
-124150
-366656
-566066
407935
602542
367891
876355
517454
-492795
-308016
579494
-282224
368454
-21318
-573467
459028
-552597
152082
650481
660089
991242
-802431
163447
-194783
-243428
96194
763790
-841965
-510030
-983545
-452589
187659
-645559
569537
697807
-168944
-218997
-425526
-923222
835603
-511563
748652
-290131
-385388
-164003
929440
631428
-142158
-452738
539949
754999
-331490
368764
-987406
-942122
-197456
779773
-228415
-938286
-597731
-955903
935267
-102952
-71683
-236105
-693152
181294
124530
445659
-37243
697453
-988921
809064
-646746
-184870
820329
-183826
-625837
-814814
-135297
86341
-877988
-324735
-428499
-923968
-930971
848677
896485
66744
-989009
759259
437419
999028
-532463
871435
572505
598348
238636
-458221
-499735
303539
-279742
550977
178730
458256
817194
-824565
-982527
-479056
-120641
159984
720647
611257
-275506
-34909
-371063
-162261
-643700
-784943
119782
199166
506001
-771417
817988
947645
-534817
-137480
-546426
191000
197123
-800643
-32197
959041
-578022
68
-136836
881133
528359
639338
-823400
860298
-261795
-27156
-923203
184481
-311781
871489
-696268
-255125
798748
865889
826461
329479
159658
-685976
-364251
219563
497396
-51010
-271515
-80766
-294194
933265
752604
29625
-895888
413781
430643
-706469
-379800
-963506
700215
-126232
290191
577344
863610
794257
-724939
-90724
958784
-446892
93544
470533
355851
-454919
-857713
589267
-453896
113760
170408
335971
-908794
103010
463541
273189
897394
-580028
752966
325087
-662809
-363929
534107
312669
591481
474787
109415
916786
-894582
-685349
-237787
-511374
742068
-710107
625118
-515998
-225717
504930
765877
-480117
-984923
70500
-292924
-595503
556444
258572
445551
215293
854097
-572401
-593236
-206079
645243
-264633
-637249
673168
-831247
115090
331531
-968837
156235
-560776
-551481
584435
-381616
507143
856466
125352
141053
-983410
31522
366544
529047
240841
-257281
967081
342081
627890
423260
-552666
-985097
206278
-424678
-522891
-328298
930727
728979
-282890
-333276
-962615
688896
603665
-496970
-373744
-971243
619574
836946
-157668
452563
-746294
-377844
188228
738836
-536371
784523
-766310
962710
-394456
-428906
238122
333104
-549844
950466
803692
-744986
865997
372929
623518
-795934
-561970
962807
887570
876214
247409
-443526
58198
375717
101831
-757626
382042
555942
564626
949730
108487
360712
-307341
803850
-327118
-75225
549198
-408221
392136
209012
532370
140429
-812427
637344
-707480
-357054
231494
-594175
770972
582946
591151
100737
-439205
581339
-978403
683431
260262
586083
-5673
558506
-519695
873746
397972
868717
951590
-338200
317886
-256257
355831
-518135
-232935
517492
501107
-411630
-794336
352880
69508
611943
617609
709441
-691012
957612
-86166
176296
-617765
627154
-514357
-952720
-166940
391575
-647094
-512151
-938708
-619219
801990
233565
765170
-254032
77577
100488
-159788
321113
599879
-627154
-431828
732336
241567
705693
-875194
431263
-255463
-937401
-550923
276337
-383163
-987871
60104
-121017
-42925
85304
-854724
992793
304981
684205
-312279
722285
940833
-225920
-323326
365792
-755275
-326709
-726231
557094
92891
-590693
-894808
76024
575700
-935495
229246
40708
-939502
414871
837124
933790
591072
162435
562208
-579639
75292
-908835
-560244
695540
471227
747820
319104
-729256
145491
704430
592231
-350531
508739
-280835
121937
-275046
-649320
-714025
70035
52832
-752147
642002
-949973
256040
-779071
-584289
-763853
-589292
-151979
294540
641633
219348
568932
844753
652915
-278564
233488
639853
-913244
804989
-698659
-202543
986025
-667743
-761651
169579
-464279
-521208
-204318
544450
786859
-618508
905564
-805290
958238
538712
-986410
695637
210224
909442
-552382
-818756
-460296
-761463
916553
210455
-625734
-142384
573447
-845463
-395121
-460567
-798915
46718
-127320
596176
104225
784383
833141
214908
-354863
968045
899115
-792878
250331
-950211
746090
814260
-390965
984787
383371
-885984
476295
308858
-189036
426245
-797548
21872
655958
699121
-253773
-279008
-335999
231664
-717003
919996
-840540
202337
-130957
-817832
723003
60499
-895381
670425
-324869
-149698
146968
78252
-336907
-536421
-284677
-347838
678061
-409467
-941022
-485643
-721128
556796
932517
825502
481009
299465
248876
16303
863606
881562
772813
-16537
164275
845149
-804613
-379144
-949083
-498766
825349
117081
846196
-149576
-532525
650900
-862708
822384
-249878
-720421
-36984
290285
205759
-74021
623237
777155
-422396
259411
-473698
656828
-327036
265305
454061
-860902
316167
-46152
644779
926280
-817742
-160037
-70743
26838
-466126
-535285
-132866
427697
-267755
-263778
473756
-15427
211163
142786
-628707
-289512
305326
739334
602887
87597
18284
-299747
942091
348662
881104
-55597
177082
-971172
-879275
-86440
842106
-981512
501192
-813504
99647
57279
-705240
-122257
68291
559981
71062
8435
131918
-219645
-676761
-939827
534660
912256
-707696
248934
178999
-805955
190263
682275
-76029
883390
485422
-609537
272959
-511195
406823
-574772
-550487
194239
699669
-724841
-843655
-931662
-575787
787109
-581444
-854335
867028
-351758
126943
745777
-356106
-494452
-875475
77552
-842092
-22314
-757795
461390
-769732
-815152
-661881
-753966
685743
-692590
466483
382736
-623478
-6648
-457818
-670778
-700442
481984
-707423
-407803
-70637
-907127
785865
341323
661597
94151
-794725
467716
169342
-996602
160728
936604
-866960
-551758
262444
-158532
-813974
915606
22351
-161752
-411773
-836093
-252795
694316
620097
978225
76381
-967456
-592411
12489
-631838
-451554
-873422
-48752
118723
-336614
-89694
28926
652566
783412
-866422
-343213
917477
-266816
596598
-957420
271181
433335
-666454
-432088
747663
-102004
-914383
-910210
251151
-234961
780957
446717
-214224
273418
-917510
483765
709673
-59390
862730
-245756
401626
-440673
-25033
-823951
796365
598434
-428378
364352
-820385
-968602
-138513
-137976
61857
-885565
-304235
975195
2688
-317027
-428933
113345
26689
-819139
311384
110318
7627
709284
-608470
-406754
-417696
423061
488687
590511
232605
-830056
-112888
-534616
814804
115799
346977
303821
-585872
-5436
-161806
944548
699073
410388
857496
93175
271164
-263573
-68399
-402200
-288472
-395533
973923
587279
-375207
-176441
-444837
36170
820969
237403
-342334
847061
-684605
-112620
630231
-113156
-839096
-65886
201364
-767113
-113200
-530408
-475883
-237164
712402
776020
-619023
490213
198521
-827765
302165
-208114
-616368
103226
-550576
935395
-929576
-322213
-138140
980582
-678125
403614
-154287
-729636
-90611
-943750
-637598
44164
852398
-55555
328427
713386
-556569
-736638
228456
463972
-479957
793530
-603737
-861359
-899009
135968
-421573
826721
-545694
-474562
24634
-310907
-219883
-554170
-874283
-889540
-211632
84553
503859
-828594
-462271
979372
-999013
-662530
160667
318575
942816
850506
95205
-85313
-265599
-867956
-56047
-456220
-750735
-834290
-437063
400322
1194
524212
808055
581583
928972
-633549
-985795
-307604
-923950
-737234
-771605
407759
184095
-983868
-546381
298066
691673
-691836
9129
970242
-797813
-705299
814129
526540
596702
-721235
-206924
-819070
-895542
560932
-895409
752591
139452
-796232
217854
3144
210105
-108125
-87314
962751
490205
927059
436819
365523
-762599
867742
-657845
-546205
721484
-981717
-205610
549658
-797171
-166947
-320624
-779350
-123650
478831
898225
643377
706656
107238
925040
760509
-685804
-169051
735398
345097
-964433
303168
-386808
-91044
-694041
735633
-119657
781898
474204
704731
445331
-931343
-174880
-24191
-130884
690412
925674
108738
638423
328182
134193
727519
-864626
-16148
-807071
769006
273152
50033
392148
954961
-1471
485587
872682
792244
891465
-737859
-206635
-487650
203699
-891327
669686
916509
-229832
-197004
169207
167433
902104
-555853
527931
-492132
-146816
-693195
-79057
42425
-689623
-5645
870898
-480370
683679
-281255
-652162
883087
-699278
-4489
661073
-914714
-372905
-512448
137687
-138434
-95659
605690
-142200
843654
847232
263993
-661252
505858
-255156
-27907
106977
-337827
853871
-314415
-471680
-686475
-433242
520374
982102
808040
546908
812739
-17396
508455
-996075
375346
-767438
-74309
299978
-532911
-112557
585264
724389
-232310
112396
628156
927388
404705
387177
268735
-392894
4435
952396
-971075
-753575
430793
975690
-45814
488966
-421456
-497259
-467385
456912
-998903
19609
-35973
624193
299994
-837180
-133005
-966275
-837271
638983
623644
130659
316415
-93111
-998515
411739
-606173
957306
512603
-746325
-570797
464631
961548
715628
410405
-216780
868300
-245236
733293
-825156
637750
542159
-428629
-368354
477442
750176
730843
-791489
32826
-950571
-503789
-379634
-982514
414270
784154
853024
-70385
940327
-322687
860439
52783
387443
188001
324304
16802
367711
-620946
-390229
670940
-463218
815387
-53150
-341101
303809
820950
557223
-171177
-849204
594117
348730
-734155
982905
287769
231420
-793569
255423
744272
734195
47960
34730
504727
-652918
-273120
-359004
318697
664018
-284639
700906
141340
240284
-295036
-655528
-591293
853291
645912
165360
266441
-814583
-11341
-560875
-695391
271033
917429
493670
794647
-277370
-275458
-645343
-519730
277045
557033
486543
32700
-651904
-224543
516558
955653
-974149
78900
-485755
296283
-996414
838422
-885198
-365618
-309243
840475
462834
482204
-794815
118919
73143
-945327
-912452
-160535
-582438
-742575
-34339
-1144
-610168
220165
452477
595573
-116865
-802059
-376965
-825363
-270238
-381001
82894
-833768
759816
839885
823228
83043
-552952
-892417
689324
509837
201475
877257
930524
108
339049
-375133
-71243
362933
-8227
250027
114362
718468
296612
31885
-758019
153455
-724378
-749689
427276
546502
968514
-464872
413339
-218253
423453
-872305
-658603
-705583
760108
-410056
-120289
-509765
566925
-820784
21090
-835639
434757
-500670
98783
619392
227965
-375246
15226
-653413
418626
-348161
-334832
140618
394650
-513917
154928
462034
847909
-69065
-213344
-950161
543363
-361789
-589631
616881
-724395
60306
816581
-12962
443508
-730940
-693779
-161498
-5135
-102924
997262
-394786
701815
-610849
611511
546306
-982776
50195
-948450
651092
-433154
-258271
-560873
-658230
227378
850910
-520466
-125168
-837722
669611
10520
-959917
483995
35872
-20437
340937
-377948
-554739
-826859
-321520
80101
302826
467811
248362
277990
-772918
-887845
551611
-359684
-908402
-339890
381756
763172
-683683
-498054
-281886
859514
-251475
926349
409097
-666814
661396
566013
-821882
-856246
-852348
941655
-324695
-252650
-771790
844022
-522033
19350
673241
-606744
830515
565546
781903
-582672
-340777
733254
-325124
885030
-282927
-841491
267507
468463
-771155
196301
-892222
501455
122767
-765152
-160919
-836157
349047
-388129
300697
933972
554190
77504
634527
132388
610668
-272174
350252
762296
149319
928251
903835
847842
575345
-795215
465666
-40869
-946716
-971814
-223088
427292
-441752
677683
364024
556204
862321
25081
-70264
-2323
544708
530613
944771
804799
-558499
-358040
-943716
-938369
-390134
768558
18567
-507852
-672467
950033
-926648
868876
767492
-213640
-859211
-61049
986354
-574067
36969
-252551
787528
-999752
639609
293369
-737896
-29570
-48879
55799
-116728
-962780
209253
-802272
-362519
449005
722490
-481607
425682
67099
970281
455369
452521
501808
-613127
-210499
-203080
938255
-811174
203122
205568
-627545
-10179
618667
362269
350763
942241
-864189
334767
300699
-156398
813061
253725
590909
-926623
802739
-866427
-25077
-943542
-808218
-967306
-837886
-660066
-208743
176798
-888075
-406120
954071
364103
269210
-877764
-959328
250854
647729
-619586
903967
-569405
-873701
-660869
-211193
-668688
-417960
166562
-144416
117539
-38773
966219
166593
-565174
-243648
-846686
-505382
324194
12733
-521755
798039
995764
577952
894428
-350704
-949999
632508
-265090
-656325
867108
104376
895419
369605
-577413
-574560
322476
608192
-534359
-920466
781750
554465
-221644
506047
-955315
-158991
512721
956565
-544336
-643973
922736
107893
-537058
555626
286525
-150539
-936377
-616420
904230
376159
449326
-749636
-427903
947494
-119367
-868564
682463
-881985
-935562
690183
-454072
-770260
986196
-780524
953730
387708
-734037
472129
59499
922746
-623851
-309069
-595905
-201371
567124
-14034
914089
508412
754584
281979
240941
-838333
605342
977963
41223
-686505
-176218
-871329
508730
71190
301898
106722
355455
606258
-940611
466221
-508048
-615586
-557675
-251135
-89993
762604
648202
-860927
69545
352525
146819
-140332
-777181
-130766
783247
-609021
389337
112645
693923
61194
-218942
-469461
457482
880936
-383960
51605
-747956
-169605
643716
211393
753013
928168
-310215
-945207
856341
234642
-593682
-691757
-271822
553117
-579071
204537
-670749
468578
-111715
729717
-21416
-863479
-495036
569287
824130
939858
-917805
341010
-640394
-488211
-44064
730486
392415
-898148
787601
-542787
-148221
-921011
-751743
210875
-297136
51862
-866559
935334
-897003
959646
800759
615704
674632
660173
-379206
-940415
761629
785121
35764
385634
-672936
783518
-169096
271533
-438909
-384634
820763
868610
842308
-992171
-860686
-100990
-951942
979347
577225
25137
-639659
495065
-566708
-959468
920270
297087
-89815
668491
315687
80589
192830
-507887
983578
306872
-966357
-791733
83115
354603
32375
-512103
-938578
682553
-713566
781155
-770066
-4804
788060
-581587
248324
-753503
-931809
183356
269945
-35532
45863
120164
-559320
812076
492765
-436832
196031
-792440
403830
-106309
-118184
-951004
-698425
-649644
-340938
770325
-22873
-472678
751956
964374
-157238
227977
447402
895092
295179
225815
125577
-882605
-408895
-101278
-11300
-714583
-872103
-992859
229363
534957
46739
777995
704942
-707849
720592
352366
3292
880819
299661
574245
-363265
442473
526624
-646320
965414
-591701
-231342
-28934
-20505
660743
-227764
-553237
846253
784782
-766002
947267
450421
-222133
-126323
897133
511473
-438568
583900
-563226
-867973
-578058
-236743
658291
463824
765151
-454689
-840260
717183
-158431
-431876
-947814
-587169
491778
908743
298972
-747271
-884678
-23092
-352728
-217565
-666900
-751454
578408
366681
859076
-69038
-393219
-133421
474563
-229132
83902
-125618
626030
-658620
-626306
-914077
-290870
-792130
880785
183036
582794
723142
96645
-957910
582677
258943
-611603
515292
-774359
697517
668057
-860644
-559012
147928
231460
-223264
735888
-38060
59505
155810
-906160
49001
-882400
-20616
261869
199267
150398
-443323
370624
-711251
839704
-590905
-779468
-459384
-551640
280503
-578415
-690351
490169
359765
585869
-94275
-503741
980243
750534
998398
-50619
25435
-797135
-729556
974552
120030
498322
-242163
329879
227089
532983
689781
204630
281208
883297
-849489
950567
-445891
746073
-526630
537735
-770287
-318625
87406
564761
-249336
400246
371460
742385
-434995
-410858
618749
438261
-304702
581071
860839
-939412
-171443
-882094
992327
369915
228244
377989
811449
46123
184742
501889
566610
-837248
-655043
448854
-733914
160274
45370
-549488
159343
-811700
827330
-844562
581664
-845040
-860157
-669501
-448432
824142
-344470
919094
751782
491511
313791
85655
73884
-805318
652174
903750
218118
-346053
777083
-173648
-258680
-887457
124991
-993981
711468
72413
-612653
762858
277617
-336939
-906091
-383683
584972
967192
-527278
436437
581565
349658
-159601
-163810
680010
-487045
-672661
339118
705615
472745
521012
-777032
742371
-491809
-461470
-496136
62986
637843
-710435
-874752
10470
-60222
302866
273852
-303213
988669
807289
519786
-156265
-946185
713137
814989
-430817
-538076
145524
-301674
-828872
-929182
-48993
-49021
-248663
-76161
941103
-106788
273734
-578052
152627
-28360
-178307
531225
416856
751288
355932
-907467
-723316
-467738
318917
-383575
-356115
-809535
-712168
894357
-486342
799712
-879197
-338397
-631918
-633638
553630
311919
11494
927474
-103380
-244435
-441060
556889
574213
876258
-459116
-915362
1761
74234
-969480
602348
-868606
-564794
-223193
768780
404536
-102218
-148532
837073
-89642
451283
-918191
-344068
-998351
-380741
93117
507720
382314
308196
329393
222391
541309
-658697
-169439
-925748
-178290
119092
574732
-552760
966888
-107850
547783
-628084
-944376
-582091
817356
854904
181336
833670
801001
47889
-368479
-741960
-316016
992865
-139214
-206031
-275118
-723456
472705
900342
574245
493848
409493
154659
-676149
-808826
610415
-19724
449924
-539236
761590
-421459
339849
-520459
-419905
838738
-783049
-608876
-564548
-88157
613923
448501
972637
795839
568573
284252
535597
-492790
253544
367331
-24069
595100
834541
-41263
-740897
388271
-464725
-540289
-797096
-576570
-325929
-507843
963634
-337705
-925288
-898370
244706
-52071
-853562
479852
706523
-601105
-113780
-975338
-673131
372139
-898537
829067
725959
402539
-66287
674294
267451
278673
-341323
186183
956309
-29545
-968612
600301
363340
447773
922879
-433224
602148
186765
857521
359920
-85910
-982527
-94717
-624522
86826
-897054
678323
-572907
-822466
306316
-660035
-39040
-711422
968477
-29231
654615
610996
798461
167688
323092
319953
795005
662362
-861072
32340
-835173
-902510
-731212
557736
-773587
-541775
640045
-128271
-415051
-665926
-9022
512257
-509474
466106
-612136
-974760
321717
-892125
707972
217035
884426
674001
682398
887312
-154236
-788029
686199
-78340
436690
35715
731955
949793
-81812
-241108
-340364
-179272
-999335
938179
859663
59090
378022
-845326
393335
935082
-638564
476071
-619963
380764
-904331
-554109
-271132
931019
625466
-620784
193150
131597
-828654
653571
331490
-892690
983751
-964940
-796069
-548015
357633
721808
125347
-454208
9427
944339
-373554
-111105
-371417
-883795
-296389
869607
116960
857081
-691456
-896137
942212
-410591
486178
17618
-632672
111700
256401
-94215
984495
766264
14787
-329654
987826
-798193
-381823
552380
36566
-370338
-282592
-95102
631870
-553074
439063
-566064
314321
751449
-243279
-675734
108767
49243
-308584
725396
-102549
959794
551787
115950
177289
-286961
710126
-775415
-624479
-236338
892484
-622852
83830
-192065
-297218
-110057
364720
15747
-911019
-587879
-241447
-217452
-412481
-57117
-748157
824847
-546174
446108
929494
-614050
467167
275319
-285506
-257658
143043
480427
145835
509871
-266950
77083
142502
-534770
-830341
671528
-919342
-178282
461443
-937723
-996361
-73711
10366
-781254
304999
497253
380089
947744
619297
347453
-945148
-19529
329213
396799
102969
128259
499539
-572913
-802000
910560
-511511
936905
274303
-665008
463711
457706
353024
-673070
-831760
780018
-806114
31369
295405
211265
61072
417927
-238234
-880773
-838253
743214
773091
-181818
-643701
-491478
168863
-248831
-365976
-91225
-588314
454419
902535
496941
-108082
-346695
-636943
339722
484440
307503
-880475
-277790
33308
-977766
-99194
-733976
9317
-530540
-87714
835834
894408
-253189
-549718
-701868
-607251
609164
247701
376376
550239
-519222
589522
-243429
-293670
222733
795765
933040
-634250
318462
-624565
876916
372607
101286
-904326
337928
-753957
-784657
512849
-314390
924461
592030
425265
932598
-880313
-82264
399714
-116541
284043
12963
-213248
886196
-317823
-486888
391570
-103824
-294073
722459
585875
524645
-712745
540535
964294
708516
-26880
-689603
319704
-241785
-781738
787248
182240
818958
-806888
-653354
-13428
510629
-747234
-932914
-321101
-562347
203260
392231
1097
-130078
-826909
920380
927103
91685
-796078
-382602
434602
-221577
-112316
441365
-185482
912575
400441
75230
881861
-674781
-129018
27052
313561
952737
-728524
683548
681976
-267623
-275345
-389299
-321400
807785
59598
-210888
185088
-410398
346746
786109
-986316
-167932
477231
839786
-679307
635771
625904
577514
-130143
40041
-721767
780939
-364814
-905513
-906632
377191
207142
693410
-441031
-279484
2357
-653309
-643545
-583739
37684
-206293
-415856
-356867
509735
-763912
791061
998383
515421
701195
730176
97149
467104
609013
-793380
-421784
-777658
548185
981343
-85832
-437253
953275
205778
-25036
205800
816577
745851
31479
236488
690188
-229817
-221576
210460
823145
-446005
-881
251121
-450000
-135866
-193810
511855
524572
-433905
522876
1393
-989142
-410805
-343018
839167
95438
298218
558365
755458
-262642
358663
-333059
781517
595800
-485049
202220
-533841
405174
-149697
-279378
-768245
78301
-619922
-540486
596938
-266923
938742
-575610
-986658
-108317
428413
967369
-140317
-405076
-4040
331418
-449080
70275
490084
-256279
-224736
-909410
-270832
444325
-779362
-901718
112395
-594052
609197
-763399
754484
201255
929178
535166
145290
424016
-843112
440496
180551
-323691
-597277
-503161
-76403
441542
-539623
-491585
170610
717312
129780
559447
-797008
-462071
285582
-704865
463781
-142890
-331403
218980
764134
561149
-955356
604491
-214251
787994
-575504
22539
-912376
390039
-231946
-724045
-758591
-190693
202654
-330295
-582997
753155
714968
-860791
101130
453472
522021
-703879
752023
926572
501074
-756998
545310
-36316
-93869
-48723
102319
-207774
-562639
-819605
-487454
234336
-454597
-500128
-496886
-16562
-367185
708668
-901018
-190513
50485
-560790
577853
-425827
748722
-729756
940919
193619
602025
491501
778473
848641
-777882
-215164
813853
889861
223356
779559
-633164
482543
908987
38192
356624
928321
-734199
844453
944228
524120
557642
-359399
-583268
194833
-875600
-7340
-435344
-340966
-932277
-93966
189901
-170435
-728716
-348674
-379277
-213075
-876120
-986799
702291
-310877
283190
-145593
-852527
541715
52077
692616
949509
-545651
-747744
-155172
306968
226269
-892591
337762
-158984
219968
319805
-915370
429838
-613823
709697
500916
-967989
955643
-19593
-558730
455806
-948611
-204184
365540
-461847
-745564
858463
-282155
167015
-871853
-55307
115893
774649
251361
-696401
-244414
-862318
167953
600764
-830481
405655
841351
833477
850442
948331
820890
644779
984510
36740
404999
849631
-612395
-946100
-707378
548685
876350
70146
903182
180363
210361
33864
413016
39529
-301004
-238184
-542904
617939
-807718
-406790
-527125
676142
552744
503223
284884
115654
-326332
-725164
43825
-804040
-311233
-431881
152841
483239
-313816
-859909
-535141
474357
200003
405986
966867
-865357
-175392
-503066
-36325
-67650
-705733
-619149
-224297
-922290
169354
401602
82516
-905068
-681010
-139081
33041
-49363
-305813
331705
844102
108185
-348791
22144
300991
856558
687263
440600
-714163
395259
660839
-654123
878396
456328
-913995
-509041
-300349
565579
878885
324729
956653
-617420
-33192
-304466
-903843
-933679
-263134
867317
722127
23870
-55081
-436216
131452
-307398
42356
-866022
619511
-605088
171530
168803
562819
23233
-781290
394917
546184
-962652
-255209
398280
-873440
440264
-646546
530928
824319
-482133
-55469
598347
-705115
5882
-10784
72818
-331112
70068
886286
-539658
810214
715118
-157978
236183
-443092
-640344
821331
-552540
969868
-501821
-534681
-101259
837864
-966773
-682585
-678930
-911692
798540
-550181
930432
556528
-649247
338932
-21338
100339
-307911
439150
-737508
-130821
487292
35282
845090
-580203
521081
807581
686536
-653207
-59988
-363626
63211
-319744
-24443
-926521
534725
777762
458443
887150
342855
255145
-503704
-331645
-359592
664235
-849189
-208486
642477
-691886
-410721
-546908
644139
-736130
-432509
306395
86294
-530997
-575736
984890
606367
-975314
939706
991093
-353739
-563100
-93688
-925750
-942658
884242
769041
-354514
-546601
-803977
260644
553103
615396
527376
869529
-213215
-141640
-96721
292282
336197
741526
318776
9965
94243
-714444
57157
-409977
736058
-637038
-152532
434856
-831223
-549231
-929441
-972538
-182336
-326802
-773474
-621065
737540
719138
-874979
-401750
-860492
-248276
-629547
-354724
-951281
-446684
-472208
927693
-322285
-725586
144767
-793002
-572959
-255234
216915
762043
609121
-238714
-557332
-160333
173638
-451644
483033
195438
-522029
70572
-323746
377370
232008
861079
350821
466592
-310528
-506136
-815007
733466
229831
800795
-449377
-533540
548779
-792655
115906
183732
999273
930673
145979
598242
-232262
-837306
311396
-933105
471220
3615
748594
363424
791594
874729
-815410
895386
-891105
-373907
-769019
880760
-547963
-643156
-380143
-286520
380101
-9093
186995
-565155
-716773
504757
-284048
327804
-104940
480960
-732919
118884
-970208
824079
-221883
-343075
150830
-120786
962165
-301272
-992240
67046
673628
-881905
419870
-495933
-616394
370592
-821464
-23447
-575418
-595455
-778873
414658
631714
-816380
-33518
-552504
-476378
-485484
-481288
-337818
806498
-846516
-880959
477127
338810
211283
-174490
-347265
378928
-355445
647163
465267
472986
-312202
-719069
532729
639937
-420253
720196
-555404
433808
-550781
886365
-215801
541791
-729952
641455
25750
970673
382620
-309372
72612
-774083
651808
-695814
166609
593652
-700794
930480
171682
-568381
-975323
662619
-96035
-496148
66810
111198
-607693
981962
559090
-552320
-596096
-378570
-26710
-598712
737541
447518
213950
816181
-811507
440058
761532
721019
-740071
-67438
899307
-739207
655002
-640970
861129
549930
-679708
-354582
310277
-976922
90813
118108
-175283
602463
-775758
-974413
-865893
462430
-507960
-159847
-203294
818012
-883226
-341726
-124937
526863
352987
-322762
652190
521681
-185533
71922
-619909
157348
713440
736958
-49532
-645683
754105
-149626
-292013
-508886
-168344
-102133
570378
-575755
-223211
-313831
-521098
483520
978221
538868
-738836
250780
-752903
712399
-102061
-251152
-653648
-553760
-718170
877554
-859281
-504106
-796455
-821715
-494925
575770
751437
-60299
955331
909089
-417674
-831238
-529037
76899
-252241
-123951
-221972
-383017
-582761
781958
389737
-129272
164691
-79534
874423
858413
-394645
-718572
-299040
275226
-259543
-678536
-300916
49460
-299313
-902384
312424
-818227
-820999
312595
756183
177650
834821
728754
405718
557490
-110673
755449
848006
-282589
-655634
54715
121515
-948750
587875
-553396
132065
129911
-350912
-152352
429539
-782022
144559
-73900
488545
-497126
7900
-848784
837984
-699558
136052
-514980
775685
-430938
-186416
-268413
-753877
148967
-860376
-565894
-223683
-72119
633450
-842745
13079
218224
-883988
500277
-919288
-485699
-836327
-314776
-850656
-708572
816184
327103
-552617
-537666
-65654
-603522
937999
950419
-63016
-994154
-698383
-144635
723876
246454
509991
-239680
-894682
176826
625265
337856
308234
-537702
-392391
469423
973570
669956
-917039
428617
261930
-401302
-297582
-104510
480817
-174876
-818685
-929315
-2449
953893
-163937
4134
353210
-647573
551396
836007
-223616
-70412
-864867
-204432
-691337
277917
68257
884207
-880429
205720
379404
881889
635667
394864
-17723
578864
550368
-867111
-690679
485047
709092
-235125
-441946
-80744
833089
-339174
103154
-167319
779799
320207
-293413
-863997
-541390
-84922
-121279
16714
-390576
617022
252581
813603
-364736
176926
-373694
-633841
-480360
-544468
948922
99328
591629
-503925
-278333
-97544
-882171
797969
-620004
-609586
987189
-517950
599612
-993938
41245
871274
658199
638846
150449
-863966
236944
833057
384137
-835201
92054
-383272
-219371
179803
-196309
-679744
551186
863145
-700022
-657736
547581
721819
558813
-567017
-26569
32302
571975
-226001
-560745
975185
-627412
139115
323528
759598
-469068
6529
884811
-760267
-480188
-350854
-942193
653573
-499097
400993
-861374
350577
-594549
-571484
659366
747472
84256
-657409
-577217
-949085
-972826
-675003
-22346
-155227
433725
-993390
908471
244610
-991866
-894488
-95836
236095
762920
473003
-105293
543652
326072
-870497
688598
628226
542182
731289
-49936
772409
346891
37312
668596
-629511
-463269
670548
-88048
-303482
-389089
671303
115375
-854605
218313
742586
521853
-332654
609960
-906118
156640
-206938
-941447
-409561
715538
669621
273606
708753
556966
-36582
687191
333500
-241710
100095
-798728
728214
-246256
-784346
-277459
-580062
-328619
77935
-530457
-868434
811068
909148
860616
332298
519530
-474966
258643
452627
233612
608844
316545
-322949
-204531
927684
-337966
911094
-73841
-263044
579682
-360753
352147
860900
824627
357232
-130350
806121
-134662
-740924
-823829
-319479
270634
-780583
987941
-127740
-995098
449115
-931373
507270
953738
978094
-541965
846838
-759525
239712
838989
948176
-587487
676583
840585
-797582
788289
217965
-650142
-742254
971913
88301
-210198
294358
587880
380671
151590
821546
563101
-295827
-383441
-261368
-654081
306929
-65002
-646502
792371
-921260
-991618
581132
-620533
-608537
-192883
-477749
-815826
-109700
-867433
622741
-769252
-158682
-577248
942824
-106445
542194
629959
-427610
-130943
-247190
-458542
581300
-759238
-260804
206377
-73405
-302092
-860524
-827498
-95794
928064
920619
779341
614546
189243
-548447
911196
365135
763479
-573051
-229405
-208064
-172065
-356466
-302710
-219093
-785111
879732
88116
-509839
-509448
351361
-438148
-354562
-819367
-494617
568509
-758141
97800
427656
-458528
-224882
-82160
128402
-624103
987269
363560
-361470
-291727
-118082
-141792
722895
87969
-933067
280398
211196
520639
305441
-118097
-504099
-902831
-506046
-718656
759989
-644735
-449205
413269
143787
-293769
-266203
-742554
696796
874113
-476924
659083
-946883
-307973
-289115
373872
753435
315576
-339617
186256
440433
-514477
146649
851097
111677
-140808
-518167
-720965
358810
748827
-786770
-414939
662445
189786
530234
393948
-954641
336305
-646285
911378
214488
1122
-863795
319028
-271621
-589935
-745731
-2012
-90193
-123426
14927
-526742
201953
281030
868776
-313936
559720
553179
650883
470222
-233218
-922463
908290
-927134
-694868
6881
-672310
-979492
-437534
-353892
772305
30214
348046
981548
-508145
220271
-996090
849828
989146
525248
-771573
165452
-217234
77034
446035
-186741
-528419
-388057
-63320
494873
-333574
-533641
945980
285207
-931646
-592526
234459
463958
-926887
-659345
317774
-430446
775823
-652833
-689819
70932
719599
275868
101776
-233600
488291
-842832
-391451
-233297
429516
804358
777784
855844
212096
73950
-672295
-729635
781382
-878761
-815799
-159793
-539481
283679
-190222
619925
-965580
-934865
475243
-332165
-573912
83111
162894
-425568
81649
-678391
-892705
-156599
20305
16486
326519
749247
-22317
205557
-999483
937877
829851
917172
-515872
379758
-682117
751724
806000
-437528
16210
-855520
663146
787876
153773
-831819
189722
32951
395742
112946
965021
962685
910012
-849129
258712
461062
-659023
198112
517201
-498377
-353602
-496909
747297
-135944
356291
-345158
-700198
-771760
311242
870649
859667
974661
476404
885117
-182040
-34531
-224343
-380453
-180252
17486
-410123
-300783
-77787
352258
-308586
-195860
657775
-721736
183987
911960
-317292
333111
456960
-926527
-512739
-67408
207412
-562054
-475094
650804
351551
480377
338625
-48403
615218
556331
-423259
197724
253135
-707722
857064
-85503
-651326
-558355
48590
14459
-787753
900047
356907
-801533
-874028
858952
-895829
-766221
-801075
172023
-866921
-880309
-122572
-625686
613342
-147355
-787936
-168569
422118
575190
-618111
-409303
680149
-897637
742051
-722328
626916
719912
-342005
996456
976368
-799372
-328600
-555142
966084
-196786
344869
-830402
557179
675387
-219970
624779
-277845
-492921
841083
-751957
-793481
-559877
-806426
150435
-863949
534796
-158189
-643962
5459
746952
-441253
-681409
154589
786943
-22101
-4717
-857626
-426128
384068
941134
2103
-423786
575776
-949566
273175
351931
504013
15654
361265
-947666
791057
688873
-427548
-6113
496087
907296
259506
-756674
386965
124676
-704265
-302844
979741
-677464
-925611
888670
-397291
41209
-899387
122098
117562
-108206
10558
32321
408279
-254149
367379
593764
-553793
57251
-513122
-626841
686986
243289
-86898
266262
-17895
-2803
-654585
44089
204555
69389
591078
92628
764665
3326
455119
-658759
265418
446435
817821
-327240
-845754
150182
-124723
669476
-160734
365007
-688657
-34455
745304
-334897
41850
661209
-317018
147979
-289253
708329
520980
842468
-388391
38664
-613014
-581
-509180
226218
-391010
989722
-298122
-300011
733090
-207008
437874
427446
-193632
575981
665244
375665
-316746
-33560
-323515
32995
-486594
-421598
189702
475873
287472
888292
206484
-571443
-67175
324400
-981346
-701599
999043
-175835
911434
-345998
783896
813924
267463
606690
412351
-389692
-400313
-847094
769231
193191
551896
704368
558913
225855
462216
-328861
695609
-750087
457909
-495269
456917
847967
-424685
-278736
-971758
-96027
-701282
-707382
909858
155275
834929
411960
120344
757936
464372
-613456
921072
762008
-324642
-382212
807565
306792
105433
-332251
-567873
-399246
-21876
322635
-608329
519645
-176147
522891
183579
59985
-849966
-140983
463393
436699
134224
199512
508280
469067
247183
-626400
362296
-480659
509868
-98169
-762791
480702
831683
751153
-482907
818821
-635592
-228337
410721
381695
118602
971369
-527187
363575
209834
92487
-511452
3083
-655023
45498
-840048
-780403
-118865
165641
-332439
295767
39264
214364
589804
-999650
405699
-975309
-974603
77752
718697
-757428
-487011
755441
-956431
-470873
-923417
520936
757302
922127
-720626
396028
223018
-202956
-547778
833172
693767
149315
-373831
577756
-503980
339566
153612
885371
-186696
440599
874267
849593
200556
-166919
130146
-97618
147343
68824
181621
-630692
137276
-879977
-778574
278417
466198
-748014
-2766
236594
-304108
37362
-551421
-212480
694553
-233730
526710
395997
61224
-823563
345358
794179
218919
528899
-707350
-138032
-497074
496962
843
-991608
-455919
709164
106756
500295
-610881
-655560
932822
-71135
189936
-10786
-125299
526004
-3527
-551179
633205
884989
-826034
972150
65812
154198
-711469
-428289
230536
-329935
979022
-900297
-303447
158376
-516321
137575
527706
-34514
531641
-798840
779942
384203
416537
655435
606970
570885
299581
-700736
-45821
984644
659711
369167
-953376
-749113
70636
-682593
492110
-9315
809563
351377
-282544
543744
-121991
-249261
713567
889073
791252
1956
-688191
98450
-768738
-463611
814266
484883
-268725
-688380
-173575
-884246
-552150
475994
-592495
648740
-218168
11705
-329837
292159
803004
269535
101081
879939
355548
268799
-622813
975552
501065
-156482
40104
-446332
-584800
-845626
407206
-358786
889041
-524597
-732301
111665
945441
852161
-191954
-373346
-910627
838245
-333753
322215
75055
334094
-498835
-880033
-47756
-313548
-647986
-450186
-236091
-880848
170443
-272810
-179406
879488
-59676
-628662
760734
749093
-984312
-576288
751303
-675002
-123924
-376966
-299273
-33495
-334576
749920
377392
75247
-988353
-896209
-846180
-15686
-544312
972568
779447
563908
483667
-484224
734450
750255
692976
349063
-407575
-329646
647212
-184494
14111
46643
-819268
-741144
344709
-853955
-661163
-436633
15748
902297
-303942
801395
939872
-181931
-986124
546271
155695
739762
-778066
193983
522778
891149
-158208
130021
-820839
212263
426573
-506744
509858
559143
-901849
-555842
736056
-962499
248777
-577285
103865
19438
-296099
-406920
27629
229873
-219120
673510
414035
914990
984927
-66004
862538
501608
-897372
530126
-355401
-777635
-769957
704820
944214
437471
742153
689195
878406
-989303
-706193
-603408
-341148
-135667
-494949
-708551
-462889
-465679
710710
-308663
-44521
-367293
455566
371658
-6550
-621176
-251702
189426
-739362
856781
-499496
-449352
273325
255938
963002
977858
808163
416341
143372
48675
-526555
-941223
57350
497131
-932295
-348106
746138
252982
247126
-561035
-415373
109445
158145
819449
-529109
655253
-835560
755500
-915019
502826
-840271
145898
315346
973749
336108
-475500
-645922
421884
151694
-400389
-132699
669212
-569340
991746
978055
-97449
-396743
-180240
867094
469679
510733
-729494
37932
505522
400538
321113
-527034
905645
-3971
538331
595456
412040
392299
622028
106681
-630744
639660
-901146
-935133
-783878
-224245
-548130
597135
-57015
209896
42489
-170442
829847
-524078
-2528
-372893
44491
-836944
-581771
-728648
-732549
968309
-741650
-323596
540724
-611523
171906
120176
162537
-463073
20570
465141
580497
912140
-620079
-325830
-526225
215254
489907
905548
-50725
999940
741325
-843212
967551
-602482
-945182
381553
851113
-5863
48731
202591
554382
-216031
-217236
381043
-549808
-825385
-481687
269276
-291041
-250274
-662739
-484118
140642
-63611
907688
-99235
-716333
832173
-497121
927577
-710963
63501
778449
406549
244578
-491560
768232
-346858
-898883
-425636
422731
-291182
-863301
-379951
-605254
328369
-197777
-705884
258962
5236
533304
-461620
-358682
938020
-966713
-940838
387365
-417104
-675530
-611352
963807
624703
493403
221454
-845830
481346
297761
-671411
-445994
667925
748995
688202
578326
-186416
79660
542608
375091
276714
497645
-683874
806840
-732272
237825
-623207
-417749
-25533
542366
141633
-666743
-877039
256266
583575
-814585
239711
228098
-768873
-934793
-58933
-226747
-74814
327398
-787898
-663479
-219699
956646
603750
-656616
628832
-40589
-119319
31238
21395
-16372
-95548
400406
-952399
372255
920290
327464
943304
-831504
468201
-737416
520123
765054
-321970
489805
371535
-751651
-863186
-858560
750321
390852
345406
-373532
175049
-179153
-859015
475011
-182204
-779393
-315580
-890677
-370473
76441
-183637
527919
-409427
859752
166353
312514
-890601
13229
914798
789745
282355
-387067
-59139
571043
243940
-342914
-360668
-2516
-736353
122550
116912
-719331
-732095
-428399
-708035
80943
-962674
69412
574873
-888097
-563907
239165
-39334
463872
110990
611138
-622831
-718883
504662
111209
-976077
-321370
-776968
-517000
-696929
-887174
-958212
-785224
510722
969379
-331720
826828
-319960
385316
200394
932022
-411525
-262824
426074
751718
-864011
-622838
781309
492415
-533284
-139676
-291450
488060
-439012
-363509
844402
-347931
-31253
-458505
-762038
714135
-483813
922221
-125704
-424003
-587119
774381
330400
-468551
-358723
213876
-278457
-177903
937947
-624
-112765
850125
281771
875274
-179760
-703902
-155020
-418377
-148834
634303
-181145
420655
860501
-303740
-515589
48703
-937824
-220508
83899
-934256
391292
-420343
877368
435679
611212
935737
292923
350832
-301993
-507658
-717568
-177207
312868
828175
-701593
470915
454577
-19361
-424025
-650693
-945013
33045
233165
-26345
-786463
-694220
-474292
-27120
354581
415523
-176953
271715
798243
731157
722086
912355
427315
-759896
-816764
-760754
980255
826320
733894
-573963
542346
616019
66857
-108144
-751353
206618
-443374
377113
-82574
-101499
204115
-169292
-14711
940094
663662
813715
221946
463524
303282
600837
-206953
-207855
748821
538969
500396
591247
784220
559645
-316726
-754839
113625
605421
413192
546681
-676081
776437
745181
30972
611098
-730576
-231322
-600357
-441574
-38732
-66985
-558959
298123
677656
520232
-83504
-810961
-34005
186963
-591259
-528268
389337
-184108
834792
761128
217236
-522214
822230
-341934
-867104
-8041
-4867
299630
132104
-90599
-773539
-651112
287409
-905267
739541
-140059
-81293
826359
893631
-750995
418462
64969
551636
-378606
726958
996857
262818
819663
796781
353820
527207
3431
-716630
467614
-597719
-318504
844978
-29079
755759
-884400
815166
547211
240942
-395103
688518
865091
-509902
359300
502726
111296
910357
-33793
502789
870935
-468490
-439463
-405153
-620958
715316
-836334
-920642
986182
-569821
359033
517441
-457390
169564
967916
793719
-18526
471994
-689483
-990407
817219
673184
-686184
-235117
-510323
701704
543429
750184
516830
-203228
-594994
-962339
698427
-981744
351173
888342
275288
-877348
244458
-35033
-490615
145639
370678
364230
-594818
-308638
608093
40080
198186
-499961
145713
-248453
-600432
586118
-281925
393104
550245
445311
314806
-538804
-770049
150323
-283406
-473523
940938
-363013
-448135
730341
-872298
-585213
-565054
685148
-924006
-534435
810423
-748824
-466553
295483
-499998
172411
925738
-267442
840414
-761712
578973
965143
-75900
841272
-409482
149201
475992
543393
-694321
-705941
-183570
-107286
196967
-847423
-29398
331822
-286596
-400167
577307
408911
217584
531140
-577793
-777071
-289015
968627
244783
223576
-827478
679383
-739683
-158361
261645
126663
-198234
-149653
-920330
-202119
693270
182831
-695106
91582
29367
923589
-49630
-944372
-394180
313274
-767046
-500997
963644
981138
401116
-334810
852865
-230430
860244
-611811
-672327
756347
-29259
-832610
-479074
54921
-273659
-585711
-989293
183523
-506295
88213
-154567
-920386
261418
-927105
-748340
-398928
-352196
953126
-912498
464628
786983
629801
-204395
-823739
-163550
-387552
-210889
684978
-17365
-831678
-643402
-372304
-20268
647908
993815
31344
482311
-603180
-984121
866002
-231238
862943
296659
575674
403381
-82265
-528068
-134742
-429092
-985176
84425
69699
-447151
-926253
-95038
998466
-411753
656865
-534149
-508162
-587860
-963146
48383
-872175
-508508
289033
-465683
-575710
843447
758728
-962956
661633
-314347
252728
-27210
-429688
871386
998491
647224
-175955
84701
-241453
523683
-306669
-475990
355155
-311792
381360
-941261
-304753
-403008
591066
-925331
-122453
-252895
973870
411188
-789485
629187
-810561
-358602
426986
-9777
759450
684917
-457952
34209
231827
603795
10445
482101
-836045
-637313
-682515
-690845
910345
506119
-913832
405358
-588342
-149705
-376884
42130
-877612
804613
129792
965792
467972
-433224
-548226
-219
-660496
-199812
-282992
553718
-13013
-676771
412185
-656663
537478
169705
538823
784305
623187
-626306
920698
-54408
341352
-566386
878534
-819141
-359282
957359
60236
48557
516296
732126
-784540
632323
354786
725382
521046
-487148
-968315
173161
-767899
-300736
-295385
-886553
-678644
12493
298425
-695477
-6526
-401428
-161819
564674
-57837
865542
30164
-567963
-92078
273675
-417728
531867
777483
-997219
-164275
-971740
-830836
-677275
883665
-296278
608745
686817
933112
922084
506700
-306665
431467
-336176
-689603
198722
-456966
-796421
375513
-125291
-925184
653623
608293
-932694
116296
-828333
719804
-941143
218305
-591933
973634
827231
686031
876581
238148
-805803
-500868
-932907
-630296
-168279
-293431
-800116
-112450
914922
-561278
-219071
-960846
424832
-680595
-385394
51823
-970443
184871
866907
-165646
-287889
310115
-419617
-725557
-611853
166862
688075
963527
87469
-78940
-585366
-562548
-770296
-333134
-8349
926053
-940099
-653315
-417596
248801
-552494
-882757
-409436
-497100
-679150
-274088
140523
-856439
-873651
877718
-432781
87870
772790
62741
-684608
620305
-886328
-924778
687125
-386355
-982661
-431479
690135
168993
-963311
-477310
-838682
-601990
-493278
906032
-520478
-817056
-433729
79031
-912466
859229
73755
-405019
684867
-84004
-925826
-833308
384397
401878
-754951
-188899
-260221
332201
-974260
-538192
804893
-401508
497614
-122560
-711334
391415
-256406
300823
-718504
909382
-753730
-99790
-5713
135482
-264924
653921
822152
-868108
359346
25612
721520
-907881
-848417
734542
-320857
-968643
-748657
663258
-8289
-141022
-657998
-167646
-732964
430124
-77372
865426
301588
417974
601324
806767
-403948
777038
329537
-408644
608989
-692957
410078
53735
-32480
-50632
-380290
-905703
752540
978892
-633263
-738853
685125
871349
-826948
-23932
475718
448738
977205
890949
-795177
-982242
-681484
31583
968080
-703276
-961457
-910123
-642899
-591895
-670429
-874621
-445666
-943074
27732
-78767
-102483
970168
-167852
-665390
853122
-198063
399063
296288
864168
406163
953014
-406804
-151514
348667
145397
-143014
259316
-1354
852565
-23669
-574874
333000
-785081
111822
231474
-578062
995558
-341850
667535
156125
653985
-862912
231381
481943
183291
425874
-876116
22849
812089
790970
-44066
674400
-206031
225053
902265
472095
-55851
897944
-517123
-744137
608743
535587
-665160
-581039
-183105
-825191
104913
-14036
287240
-620712
818522
-637744
-759591
-816865
-172543
-940340
-706240
74408
255446
-993290
-708895
334378
75519
-118561
59172
773818
311011
-122124
-542590
620745
-793637
462912
-233422
-746904
-735718
-815864
69756
553923
470985
-257992
-521551
626309
-407263
855280
-488797
-946347
-520921
-760611
914048
-212433
141108
-616030
-332807
-618403
166834
161267
68989
-574536
-380135
-469695
-680766
381716
-400466
-940424
674152
814571
-887843
762054
-340855
-833138
403841
286825
-311448
965979
-262249
35415
-252243
-26834
806953
339000
993986
48155
787626
-273378
-623671
394473
742862
210475
15792
-936214
-566190
-75122
-907108
-348449
-749787
-686097
-160771
405919
-874271
899262
-130281
509429
-265670
-941343
366110
931804
-537601
757041
-611775
-140305
400678
-679978
-11929
-222222
-124323
-809444
-179336
41477
475899
169146
873381
-182504
942076
221856
608952
-817590
356450
-445526
798580
-808407
214
933857
102355
28237
-54769
-129096
-957108
275743
-749476
-525980
324706
-899692
-201455
144160
361554
-888302
80989
620392
533290
667213
85431
251713
-373063
81134
-414142
-684563
828132
3139
-861951
340978
493783
-969992
-748147
-940040
-99151
872939
115193
671232
-229024
618768
273678
-624019
865004
67127
-774879
516515
677231
50887
434834
857253
-22389
-319216
-944289
-773230
-662174
-135386
-548455
-994176
-419972
-427599
377020
-165463
-850719
-901738
-259193
262571
-435277
-52828
-922711
224378
-946108
-397796
-690670
-874657
-305424
159712
480191
359704
-721748
-60595
254326
-765774
841859
-702188
-401921
185236
-781847
-456986
151131
-82424
870817
-450809
94090
-714364
151243
-291301
-718663
204093
-576283
730531
653945
-704930
590375
637857
761671
-586050
-780776
-757720
230915
925296
899059
354208
-372304
644541
-665145
-43052
77360
-696063
403521
-204615
730011
-744120
240982
371161
-46037
-987613
380933
-100646
-488631
6758
453188
-341517
-48054
722436
-923651
-522294
-843234
-227211
126460
-948371
721750
-324966
909417
-263748
464716
220697
-342236
254579
-327055
-596661
-701151
-525555
-122885
-89109
188554
950637
361252
-877382
-597078
-129246
351469
299670
613189
-873216
836235
76814
-361717
-956743
805188
362743
-53771
310942
-355265
-631917
327236
219930
-964403
675282
-99022
-601393
813015
200161
137658
141619
-124273
841290
-109116
201343
-240544
-25315
311212
-607651
-64450
-80130
375067
-814374
682232
14723
-295893
862204
-957753
150965
977120
-740083
617327
-327511
301651
998129
-569175
-221258
409153
883057
424472
-402649
214478
811425
10063
213116
-865476
-161341
-410425
-901861
-810596
970480
945554
-759221
-619368
120491
585968
969964
-703931
-836465
597044
-98522
310756
525103
-761563
-526877
818087
-329427
-101716
-842444
570492
-812027
888533
634382
-190740
277340
951165
-618366
712639
-737338
-619616
748478
709661
184393
210988
-760364
-234483
-132694
487792
269980
-502796
762440
-846926
152467
-884119
8594
-730848
-63469
-997439
-950095
-471673
-722778
23309
-864949
756273
807281
546820
-550348
-742246
576056
-830893
-684817
607704
-473747
-123816
-177375
-4857
-592366
655224
-102134
175577
425275
-441156
-614481
449599
-252941
-399956
-485173
73804
-989504
406247
270903
740138
252262
-651624
125943
608031
783303
613252
-823154
733807
358858
-551994
-451824
366905
-895076
-505939
-983662
640363
-412300
391811
-477094
868435
771101
-455464
-156580
-378802
376236
675692
-64755
-937024
-759950
404802
-188022
13634
-91360
169223
-729087
472030
-982837
886710
929128
743564
349132
446309
-700828
-815574
491725
796417
73769
-741254
-505271
196095
486082
-757616
-206861
262098
240789
-3377
-159661
278723
-982579
877677
392459
952487
112429
930033
-785038
899773
-426679
-278513
-820767
281665
-212925
545250
961827
221042
340088
846999
-824708
663727
-516643
170203
-593001
631865
260471
352937
418804
-568388
-997135
392489
418321
795933
662507
906307
790439
-660672
244177
-212645
427555
879061
93334
-218428
-2579
321640
-948528
-325092
-374099
670922
-674765
309767
-171122
-897556
9659
-646196
220196
503522
553736
-434341
925032
-27484
-368330
980410
-489019
-55089
-690324
920639
841271
248539
-29079
-315593
-487082
448722
640059
-769741
293560
458128
828520
555270
-520798
114379
-95756
-325654
918563
-300757
-347514
-827273
535468
-686277
-22523
44062
-268256
-498265
-703547
652691
-422580
-577125
61005
84869
176248
-326686
209255
673263
-299509
-927328
428330
450360
221954
38532
872522
514243
604899
679119
390653
-186246
-828416
-146172
-8477
-771466
620100
-965355
930325
-797971
943946
105212
134224
-994865
261684
-410742
336418
380855
214811
694246
918898
989403
-811533
-294585
804808
254519
355467
590481
986744
-195030
-195488
-336547
-950587
523827
393853
708054
938112
91635
119687
-873599
-448787
-100324
720548
387044
983222
396232
584356
-973437
816846
642359
-284752
399559
307967
-657948
652256
201017
-910172
834675
981097
928958
-403822
-434359
-763740
-369925
142082
-34362
295776
-994805
128646
-173623
-267381
981647
37791
303422
373936
-147568
-493362
744534
-616600
-337260
222107
-627404
-65108
708597
863354
723594
48949
-500033
-572039
-118848
895754
-936717
-130629
85195
-429881
414971
-161693
998989
-747713
-256680
284619
789040
-95589
989946
-581702
60627
968140
70807
58435
-496942
-648468
178492
60186
36192
991725
131635
-49891
15962
939622
295048
-368939
-143104
645954
277440
-740401
-839589
879569
-281179
406096
357652
-786465
-47088
372459
950460
-548174
628996
45569
830417
-81931
49146
543494
-319997
-887331
-315195
-580502
-871923
449449
535598
-606189
-803660
-808114
-153360
-974694
-699241
296368
-662849
-424336
-841233
-518843
146976
334204
-739651
504688
125209
553924
-356600
506290
83618
824964
-741063
358440
619635
51248
-437342
631605
-329408
-448121
-20120
190496
816790
-496104
961937
347885
-43921
915213
-94719
-3968
-318535
-418602
-642016
353816
78148
-434023
190812
230600
-747247
264568
398736
78356
584133
-569630
580373
588492
-811025
585460
235798
-278944
-979333
207993
861613
-379235
-54093
596423
65479
768180
993313
900011
-134589
74182
-694240
453764
595875
-885741
-606834
608490
40164
178428
-18174
815463
-817710
-463378
-656648
-428969
-285106
-449883
738940
-235987
860852
974463
-371513
934895
-197511
546
-358785
372394
261016
282488
-857926
-682388
-949434
-693683
-892318
574944
639101
-710393
-373486
-867693
-352252
459241
-556265
371607
751811
-108462
-965004
-114755
172504
-738497
455444
-276013
-383102
14312
-983134
95001
296454
-931334
-839304
432034
-754112
485275
358621
941807
45483
-727881
942300
917891
47280
-895418
-74870
-575427
-392880
702179
-392684
846545
986437
-246200
-452634
-122411
617547
-904885
-792296
429012
671049
594709
-605515
-296948
552812
487114
312322
-988627
-447095
-88340
-213273
-474544
-790534
-593935
355459
-611057
528859
-214174
332281
663928
67671
54494
433792
-822497
-986206
-919621
-394977
812047
655359
-633784
669769
-355483
151573
-145931
-430349
-676303
48649
11002
-221463
-881970
203573
419238
751337
759632
-716537
-527797
-49734
103976
-93204
786744
789638
-576860
-704624
545563
157956
559527
-393731
-308833
-667361
-10088
-407703
796941
713329
821299
361321
833455
-831182
-249985
531740
-153714
-564631
-589568
-60512
586015
-670039
-686117
-327467
508869
-815087
-812876
-185620
-462031
864179
-619849
-283328
-78853
99163
636106
483707
-604404
-713214
-529251
-136242
-315977
-394948
-244606
606207
834528
530240
-109507
-733767
-477809
-974772
-547796
-917193
207958
-25959
-384653
544426
825881
468605
288787
465927
-690721
865675
508560
977869
-46131
100681
377384
-885820
753975
-857721
-187352
65111
-251099
-352069
-796141
790050
560826
638267
341262
-266106
-654758
254767
683552
687998
568993
820228
-702282
-168007
-986085
696289
-771102
454221
-932442
222935
441028
443550
-807818
481002
-200389
719564
450930
251407
726987
-115397
545043
963585
203232
-193938
-890772
-63287
489381
-935177
882430
348561
-489788
194554
496385
-77299
-493342
-895393
-61170
-205117
869816
-796485
839882
-815140
457045
916568
-282995
-44562
-534265
407198
-471145
30327
-10306
201522
746916
908362
538282
828044
649381
493446
557236
107718
-575701
578917
-263227
143894
207716
-886737
414452
-40549
217249
-280522
589276
-906714
192844
141774
-596219
714648
995238
-433782
649387
-371994
625700
-743669
452398
-698153
-476647
460534
-435515
962349
-93263
442829
139094
-579072
513083
932146
-283127
-216346
786982
-83928
-68397
-193228
-505254
596596
-960950
-502019
162900
-383810
-379982
-202960
396053
64124
781264
-900673
-428725
-242547
-989796
304494
-700816
-53333
-622748
-131852
437720
-901792
260912
312200
615039
727362
582837
538461
533107
220980
-121201
-699554
-909156
-860524
116878
708657
640135
-676976
-689634
-252513
888332
560477
-584862
865914
-782852
540648
-839292
364408
-790268
-180929
392420
976465
985975
190398
-252879
53046
-572460
275911
-318676
-197754
-91554
-737168
-562872
726038
621548
-507424
-939192
908968
-286927
401726
-817767
709713
-359422
473793
-485752
-126059
882361
-281494
-772605
-83796
46307
-457678
603534
420149
73938
-790219
396567
595754
-932138
426967
753639
143523
83178
894598
-789936
-453271
233393
672168
526146
-397775
478102
-511524
-456068
923330
116551
-25287
-53041
-245856
391820
411308
-725832
489171
146256
-267557
-314070
-488791
-545334
-977601
-560107
-111714
-463485
702517
-730960
-839342
-760490
-923405
638985
-228255
2201
531993
268315
-584598
-113992
-963315
719170
-681183
-844881
173801
485191
555431
660334
443008
915833
988479
-541130
752387
-326122
-562754
-289916
641259
901968
917702
760222
242720
374503
907208
604733
752729
-867423
-440509
-407603
188199
-574904
-91385
-918003
-812251
-505243
783029
39910
-73948
655471
503131
-379897
925609
-138430
-861542
342588
794868
-748085
238869
-310394
819700
80340
9801
-75370
128502
626166
440011
489818
945304
-951584
343888
-38527
-979136
-45991
-202060
-861093
-375666
205808
-842091
866330
540769
-838714
-762830
938816
-419456
44286
-784480
-758856
-610
933278
41193
-42985
69889
-209785
897383
614374
-484355
-326019
719509
735516
-150240
-34490
-62579
62686
-748956
655261
268329
-801022
-972144
-522334
-247194
650905
509773
933926
-322930
-791611
-865378
-287434
118115
-231027
-622760
521848
-516541
-90934
842877
203385
622946
-643526
474508
814148
592026
-492963
3763
-804023
399305
-941247
334835
-671734
-33509
-954022
799811
818830
-303480
-412212
107457
575659
-451787
-219786
801189
270379
-852678
691217
-4104
-278863
283927
943754
-607040
954752
-78680
867238
-668676
-425513
827229
561237
181278
375285
25871
-453568
442221
707124
211563
-152940
-771333
-758993
-911237
-835835
559431
218324
-19179
553141
924485
992724
167307
-335257
990091
876414
-788300
61577
358528
-968636
-921106
806119
-416834
985753
-754762
474978
530467
-900469
375487
-734151
-295263
-237906
-603430
-552086
7141
-387531
-264005
275095
-235374
31814
704085
-508121
643386
-420142
-840134
-466001
149477
-651242
-421113
-723360
26273
108464
-37814
-334219
37943
22188
847998
931025
-3823
352587
-633328
-168135
605877
-17862
-715547
-411014
-578191
-646543
444093
-794116
-288359
-143127
-937017
166523
926708
331398
-319732
537713
473078
316442
-608727
-606727
-175568
701600
-563502
-390083
607523
-192318
-446570
-677998
780978
-116000
-23726
-752104
-463834
-84417
790670
-9873
607489
495947
-387649
134566
768666
307719
-868196
220835
-258799
-499507
961695
541827
-49998
938428
-292218
-61520
526670
-236773
-933942
-598469
961491
-824384
547571
-790089
-36963
874699
-354684
-274366
-668592
390667
-486766
-311988
-841796
435164
-344293
267379
332983
-999067
-577155
22792
357752
-899261
587577
-167099
431489
-509324
306998
861584
-396738
79928
-957237
-823196
709610
-159640
259728
249202
-759681
379233
581817
-673523
554292
-202052
879384
-432917
-179456
326312
-994561
-398856
106361
-45824
673162
-173557
-294533
-712035
-964001
-738469
441394
-980451
982482
617430
-681410
-514421
-696705
-584511
633471
311636
-61241
-599364
-864824
785677
685222
-492004
-670078
-312749
-249312
-601631
386069
683187
915149
879813
570710
-141994
844759
922887
-55464
896182
-154984
-619877
664864
413103
-195426
587642
469278
-533959
567082
-766897
455655
738555
384871
-676941
560689
590756
392449
-962073
-423670
284864
-884746
-776549
-826005
-396429
-519639
314845
609070
-812007
-465923
768392
-456697
-18982
-325156
-713856
17623
-890464
470290
754069
228672
-854608
149898
767570
695047
936445
452676
972002
84424
730997
819008
250719
550509
-737634
-123494
515290
-546868
862491
-982356
-377930
764546
-812573
380920
364782
506225
-220674
-361640
-839249
-377854
794640
637198
217494
153316
-857042
-408654
671911
464927
-483785
814816
775240
-70222
443767
-869888
-223933
145213
-346099
547919
879170
81152
-49990
483874
-534295
422027
-224974
-435477
960702
-576361
-411295
-213990
531625
784295
-184817
61063
883092
-153890
-533354
321993
248659
-226860
483509
-290392
773089
573778
-279518
-338336
-522768
124639
435409
-578725
-247839
-325766
327071
-349023
-787698
77139
227420
156754
-91638
-487550
633553
20928
760499
-303608
-142320
638534
-809861
802634
-970088
965512
720467
465814
-693073
170821
-285603
638353
654443
-302492
401224
353728
-456432
821778
500340
226498
-288667
325419
955317
317169
-469540
590863
-544630
-476223
-470728
950130
-907878
-842285
169985
-4619
-44422
-216852
895568
34367
982436
-403574
-781561
950435
-479201
839403
-442606
-124143
-774397
806569
48561
-320900
-493003
-162580
-202723
794456
-392976
-286275
-595918
-353072
885080
434977
378810
-321077
168473
778030
-275951
-411867
665262
-990001
196289
413131
74811
-244864
-171165
817552
-571956
707810
608308
-117149
-411883
-773457
227573
247900
5482
-758147
266729
-767864
-202738
651838
545833
-266719
836699
609440
710134
-730054
544675
-436929
671102
-357186
-418401
476949
-470256
-706295
-540385
558759
-942411
-808525
933156
610418
-294396
-746001
-442510
510389
-682844
605446
-805003
843327
757618
762136
948262
952625
287773
815210
80664
-448871
318113
763503
591611
-48895
-978339
289836
-447089
-792830
-994463
-620433
612731
-443244
-298873
-811332
738460
1445
-826281
353410
-234595
-824951
341032
-172569
368416
227638
824560
994262
-535949
-897603
373771
889039
-19664
-755588
-180391
332844
65938
254905
-711223
531098
-256867
-551293
-470610
-572004
402001
375082
-922003
-904171
-1659
698114
207663
-107665
-264151
107559
-434939
10342
487806
774543
-948951
-367637
175779
-29887
-456957
999319
-449116
-813942
-263100
-61681
352181
913345
-279429
-943240
465489
-514712
15895
605850
-306873
907531
470893
-790040
377920
-925161
-51686
-639477
-97301
-723408
120605
-378778
824688
-675849
-104135
441591
35382
-345474
-743033
-929168
849765
-729945
754532
-715866
585249
287675
60393
-994612
958436
-216865
-923403
921707
-400187
-272208
563634
-963501
540212
207366
-174616
-206841
812443
970236
-608697
879446
782896
-907859
288468
-241976
485139
577519
611397
88417
-534982
656332
708197
837703
222258
428150
402700
686487
-651018
-885709
-279374
830157
-389379
-429734
904309
-904562
667587
-332238
625135
-336308
-364350
962600
-191279
356570
-552018
-900570
117862
-141034
638806
98460
210364
358736
-395848
-297915
-392431
-773443
569217
-179124
873796
-586650
-78105
196593
-877706
-96101
-443437
813629
-701807
-558427
-978117
974759
606948
237956
714072
418447
-415706
575480
-3917
-995910
-496749
-713037
-679611
-810957
-744218
-700435
934643
-866357
322158
-352637
685157
-611414
-5688
909948
-338857
731026
-473574
-618698
933523
622487
998764
905946
647710
455403
486661
372647
-655244
-798901
487899
-787748
-482036
521893
-406492
-596321
-183277
-28348
202994
-972065
323115
291849
925052
968404
179956
287158
269146
-639690
-130227
743206
-463868
576314
480752
-656733
237706
-823099
-835696
555686
-517017
-604159
315179
965828
411830
-713068
-291351
-813654
