-999997
-999842
-999777
-999770
-999759
-999752
-999701
-999683
-999650
-999566
-999563
-999505
-999483
-999388
-999335
-999217
-999178
-999146
-999067
-999050
-999032
-999013
-998999
-998974
-998957
-998908
-998903
-998709
-998659
-998515
-998489
-998469
-998415
-998398
-998382
-998351
-998282
-998098
-998054
-998031
-998004
-997924
-997886
-997848
-997754
-997571
-997488
-997463
-997457
-997439
-997219
-997135
-997124
-997109
-996961
-996947
-996662
-996617
-996602
-996477
-996457
-996447
-996414
-996361
-996228
-996170
-996153
-996090
-996075
-995991
-995968
-995963
-995959
-995910
-995621
-995612
-995562
-995373
-995334
-995262
-995236
-995098
-995037
-994911
-994865
-994805
-994739
-994636
-994612
-994579
-994561
-994505
-994467
-994463
-994387
-994381
-994203
-994177
-994176
-994154
-994083
-993981
-993938
-993872
-993832
-993800
-993680
-993621
-993619
-993484
-993476
-993437
-993431
-993420
-993390
-993331
-993290
-992897
-992859
-992808
-992779
-992762
-992733
-992673
-992644
-992489
-992368
-992295
-992260
-992240
-992178
-992171
-992056
-991866
-991719
-991639
-991618
-991608
-991578
-991350
-991134
-991112
-991088
-990997
-990952
-990900
-990780
-990545
-990477
-990467
-990407
-990354
-990282
-990074
-990052
-990043
-990039
-990001
-989989
-989907
-989898
-989796
-989718
-989663
-989614
-989504
-989467
-989443
-989367
-989361
-989303
-989293
-989147
-989142
-989140
-989023
-989009
-988978
-988921
-988640
-988627
-988625
-988623
-988564
-988468
-988460
-988401
-988375
-988353
-988348
-988224
-988170
-988161
-988128
-988090
-987920
-987871
-987658
-987634
-987616
-987613
-987520
-987406
-987404
-987342
-987317
-987081
-987018
-986927
-986927
-986799
-986759
-986740
-986658
-986614
-986542
-986410
-986357
-986316
-986241
-986206
-986124
-986085
-986057
-985982
-985957
-985801
-985795
-985537
-985492
-985176
-985097
-985092
-985040
-984988
-984923
-984767
-984596
-984312
-984266
-984182
-984127
-984121
-983903
-983868
-983826
-983792
-983759
-983704
-983662
-983545
-983469
-983410
-983389
-983350
-983345
-983176
-983163
-983134
-983039
-982925
-982917
-982878
-982837
-982776
-982661
-982624
-982603
-982579
-982527
-982527
-982514
-982484
-982468
-982375
-982356
-982320
-982242
-982146
-982108
-982095
-982073
-982057
-982055
-981933
-981744
-981740
-981717
-981573
-981522
-981513
-981512
-981499
-981458
-981449
-981401
-981346
-981233
-981126
-981076
-980978
-980975
-980854
-980836
-980771
-980762
-980746
-980596
-980451
-980315
-980216
-980196
-980167
-979901
-979878
-979777
-979736
-979730
-979653
-979602
-979509
-979492
-979333
-979218
-979136
-978979
-978876
-978812
-978789
-978677
-978536
-978524
-978449
-978403
-978339
-978313
-978156
-978117
-978081
-977955
-977768
-977766
-977631
-977609
-977601
-977581
-977576
-977526
-977525
-977468
-977345
-976984
-976922
-976897
-976887
-976867
-976779
-976680
-976655
-976600
-976523
-976472
-976470
-976375
-976334
-976306
-976261
-976157
-976145
-976103
-976089
-976077
-975929
-975644
-975631
-975603
-975516
-975340
-975338
-975323
-975314
-975309
-975265
-975245
-975184
-975115
-974841
-974772
-974770
-974760
-974694
-974611
-974603
-974450
-974420
-974413
-974306
-974260
-974243
-974149
-974114
-974033
-973995
-973994
-973728
-973714
-973640
-973437
-973410
-973351
-973328
-973274
-973247
-973171
-973130
-973073
-973005
-972979
-972944
-972930
-972929
-972906
-972831
-972826
-972635
-972538
-972507
-972473
-972277
-972234
-972144
-972118
-972065
-971904
-971887
-971814
-971768
-971758
-971740
-971710
-971439
-971419
-971243
-971175
-971172
-971075
-971071
-971050
-970859
-970849
-970707
-970697
-970613
-970443
-970286
-970243
-970208
-970191
-970096
-970088
-970060
-969992
-969967
-969549
-969547
-969480
-969344
-969216
-969202
-969157
-969152
-968876
-968837
-968697
-968692
-968643
-968636
-968612
-968602
-968456
-968443
-968443
-968386
-968339
-968315
-968130
-968124
-968098
-968037
-968036
-968011
-967989
-967913
-967899
-967760
-967628
-967543
-967462
-967456
-967390
-967306
-966966
-966773
-966759
-966753
-966713
-966640
-966578
-966357
-966308
-966275
-966235
-966220
-966218
-966035
-965739
-965580
-965355
-965216
-965201
-965196
-965004
-964952
-964940
-964933
-964869
-964742
-964716
-964643
-964628
-964451
-964433
-964403
-964372
-964372
-964371
-964370
-964060
-964001
-963962
-963922
-963922
-963885
-963721
-963634
-963595
-963506
-963501
-963315
-963311
-963306
-963152
-963146
-963131
-963114
-963108
-963095
-962956
-962934
-962889
-962872
-962796
-962780
-962674
-962652
-962615
-962499
-962420
-962385
-962342
-962339
-962209
-962155
-962100
-962098
-962073
-961813
-961457
-961370
-961272
-960950
-960862
-960861
-960846
-960784
-960769
-960760
-960642
-960510
-960457
-960338
-960291
-960091
-960078
-959996
-959981
-959963
-959917
-959913
-959892
-959840
-959790
-959758
-959497
-959485
-959471
-959468
-959391
-959336
-959328
-959304
-959135
-959038
-959031
-958980
-958882
-958837
-958787
-958603
-958527
-958456
-958439
-958409
-958391
-958358
-958341
-958264
-958212
-958209
-958152
-958145
-958108
-958068
-957910
-957894
-957886
-957780
-957753
-957448
-957420
-957400
-957237
-957219
-957209
-957108
-957093
-957075
-956858
-956766
-956756
-956743
-956685
-956522
-956463
-956431
-956409
-956400
-956357
-956357
-956264
-956109
-955934
-955903
-955899
-955871
-955794
-955501
-955444
-955356
-955315
-955208
-955029
-955005
-954994
-954742
-954664
-954641
-954414
-954385
-954252
-954232
-954171
-954055
-954022
-953798
-953631
-953623
-953590
-953589
-953539
-953478
-953376
-953255
-952972
-952905
-952783
-952720
-952690
-952630
-952578
-952539
-952493
-952450
-952433
-952403
-952399
-952214
-952169
-952039
-951954
-951942
-951916
-951876
-951659
-951607
-951584
-951522
-951510
-951281
-951105
-951007
-951004
-950878
-950640
-950587
-950571
-950546
-950416
-950396
-950293
-950211
-950162
-950161
-950095
-949999
-949973
-949962
-949849
-949566
-949561
-949543
-949456
-949434
-949270
-949245
-949229
-949170
-949085
-949085
-949083
-948992
-948972
-948951
-948750
-948737
-948724
-948686
-948679
-948611
-948594
-948528
-948450
-948371
-948141
-948031
-947980
-947947
-947814
-947690
-947666
-947614
-947600
-947586
-947446
-947333
-947300
-947057
-947015
-947006
-946883
-946716
-946706
-946621
-946611
-946558
-946514
-946497
-946457
-946347
-946194
-946185
-946108
-946100
-946076
-945996
-945912
-945861
-945728
-945675
-945653
-945639
-945602
-945336
-945327
-945207
-945182
-945148
-945013
-944999
-944877
-944813
-944808
-944789
-944641
-944608
-944608
-944585
-944497
-944458
-944418
-944404
-944396
-944376
-944372
-944289
-944251
-944220
-944196
-943868
-943855
-943851
-943804
-943800
-943750
-943717
-943716
-943698
-943694
-943620
-943583
-943560
-943542
-943522
-943399
-943352
-943319
-943315
-943240
-943229
-943211
-943190
-943170
-943074
-942936
-942703
-942685
-942666
-942658
-942633
-942623
-942411
-942297
-942193
-942122
-941956
-941942
-941869
-941714
-941476
-941447
-941347
-941343
-941261
-941247
-941236
-941223
-941168
-941153
-941143
-941143
-941105
-941022
-940944
-940903
-940839
-940838
-940788
-940611
-940425
-940424
-940415
-940415
-940384
-940340
-940318
-940250
-940218
-940201
-940099
-940053
-940040
-940028
-939983
-939916
-939903
-939869
-939829
-939827
-939673
-939666
-939502
-939447
-939412
-939399
-939359
-939330
-939295
-939192
-939176
-939040
-938998
-938987
-938967
-938708
-938578
-938474
-938397
-938369
-938296
-938286
-938138
-937960
-937824
-937723
-937566
-937536
-937401
-937384
-937366
-937361
-937358
-937341
-937092
-937026
-937024
-937017
-936976
-936973
-936881
-936755
-936743
-936717
-936662
-936628
-936625
-936599
-936426
-936377
-936339
-936327
-936286
-936244
-936214
-936077
-936069
-936002
-935977
-935975
-935947
-935937
-935898
-935802
-935781
-935771
-935731
-935602
-935562
-935495
-935467
-935351
-935342
-935238
-935183
-935177
-935150
-935133
-935093
-935045
-934865
-934797
-934793
-934630
-934573
-934505
-934335
-934291
-934256
-934118
-934083
-934033
-933943
-933942
-933899
-933837
-933789
-933679
-933567
-933405
-933306
-933217
-933196
-933119
-933105
-933086
-933067
-933051
-932914
-932907
-932903
-932798
-932709
-932694
-932524
-932462
-932442
-932386
-932377
-932300
-932295
-932277
-932215
-932148
-932138
-932059
-932038
-931910
-931809
-931662
-931646
-931456
-931384
-931375
-931373
-931343
-931334
-931256
-931065
-931048
-930971
-930960
-930824
-930692
-930528
-930525
-930435
-930404
-930392
-930289
-930205
-930160
-930149
-930055
-930031
-929877
-929858
-929840
-929735
-929724
-929576
-929575
-929574
-929560
-929477
-929460
-929441
-929378
-929358
-929355
-929315
-929279
-929182
-929168
-929154
-929136
-929093
-929093
-929090
-929087
-929081
-928900
-928797
-928763
-928751
-928751
-928487
-928437
-928398
-928287
-928204
-928080
-927974
-927935
-927864
-927794
-927672
-927657
-927607
-927585
-927488
-927416
-927337
-927332
-927328
-927237
-927223
-927134
-927105
-927045
-926962
-926926
-926920
-926887
-926827
-926648
-926623
-926619
-926599
-926538
-926527
-926521
-926486
-926301
-926280
-926280
-926253
-926214
-926193
-926180
-925990
-925982
-925853
-925826
-925822
-925750
-925748
-925714
-925711
-925611
-925331
-925288
-925255
-925184
-925161
-924908
-924870
-924814
-924778
-924720
-924687
-924684
-924355
-924348
-924247
-924241
-924238
-924229
-924095
-924094
-924006
-923981
-923978
-923968
-923950
-923927
-923818
-923802
-923757
-923651
-923598
-923521
-923454
-923417
-923405
-923403
-923377
-923222
-923203
-923057
-923037
-923030
-923027
-923019
-922925
-922876
-922737
-922711
-922653
-922604
-922603
-922463
-922290
-922186
-922169
-922011
-922003
-921801
-921750
-921675
-921604
-921477
-921454
-921398
-921260
-921204
-921176
-921106
-921011
-920934
-920679
-920642
-920466
-920386
-920330
-920235
-920110
-920037
-919954
-919677
-919641
-919621
-919598
-919521
-919361
-919342
-919336
-919299
-919288
-919264
-919130
-919030
-918982
-918960
-918898
-918881
-918873
-918598
-918401
-918328
-918228
-918221
-918191
-918101
-918003
-917967
-917856
-917805
-917510
-917429
-917193
-917180
-917085
-917041
-917039
-916884
-916876
-916849
-916723
-916713
-916517
-916322
-916306
-916234
-916227
-916208
-916019
-916015
-916011
-915917
-915791
-915729
-915710
-915615
-915533
-915449
-915441
-915370
-915362
-915360
-915343
-915296
-915076
-915019
-914987
-914976
-914860
-914823
-914776
-914714
-914598
-914466
-914414
-914383
-914284
-914274
-914077
-913995
-913955
-913832
-913581
-913451
-913405
-913291
-913270
-913244
-913238
-913217
-913013
-912995
-912979
-912939
-912933
-912904
-912619
-912498
-912492
-912466
-912452
-912376
-912283
-912084
-912007
-911988
-911979
-911938
-911846
-911808
-911692
-911637
-911608
-911578
-911576
-911504
-911237
-911200
-911019
-910971
-910889
-910808
-910784
-910777
-910666
-910627
-910454
-910407
-910357
-910210
-910172
-910123
-910024
-909757
-909700
-909685
-909503
-909410
-909312
-909282
-909272
-909156
-908981
-908877
-908850
-908835
-908794
-908577
-908565
-908522
-908518
-908402
-908313
-908219
-908087
-907881
-907879
-907878
-907859
-907721
-907717
-907678
-907613
-907467
-907434
-907429
-907399
-907212
-907127
-907111
-907108
-907106
-906882
-906714
-906632
-906573
-906453
-906430
-906428
-906416
-906193
-906186
-906160
-906153
-906118
-906101
-906091
-906081
-906040
-905978
-905811
-905703
-905698
-905683
-905513
-905500
-905335
-905313
-905283
-905267
-905234
-905115
-905068
-904887
-904885
-904856
-904839
-904752
-904704
-904597
-904575
-904564
-904562
-904511
-904500
-904489
-904331
-904326
-904171
-904140
-904110
-904086
-903843
-903766
-903607
-903606
-903566
-903366
-903315
-903239
-903189
-903032
-902930
-902902
-902831
-902830
-902757
-902689
-902678
-902510
-902384
-902296
-902051
-902043
-902025
-902022
-901861
-901849
-901792
-901738
-901718
-901532
-901525
-901268
-901249
-901146
-901142
-901105
-901081
-901040
-901018
-900894
-900839
-900673
-900573
-900570
-900484
-900469
-900452
-900436
-900418
-900297
-900017
-899812
-899692
-899663
-899538
-899387
-899341
-899261
-899234
-899153
-899149
-899136
-899009
-898989
-898979
-898894
-898883
-898718
-898642
-898579
-898557
-898537
-898496
-898471
-898370
-898367
-898252
-898222
-898150
-898148
-898084
-898027
-898012
-897862
-897714
-897637
-897603
-897556
-897509
-897503
-897424
-897372
-897248
-897248
-897233
-897206
-897133
-897072
-897054
-897009
-897003
-896788
-896771
-896671
-896611
-896598
-896584
-896564
-896209
-896137
-896090
-896039
-895888
-895847
-895829
-895785
-895658
-895617
-895542
-895418
-895409
-895393
-895381
-895353
-895350
-895342
-895242
-895217
-895076
-895070
-895062
-895054
-895050
-894943
-894866
-894808
-894758
-894694
-894682
-894582
-894562
-894488
-894475
-894455
-894411
-894267
-894121
-894058
-894005
-893861
-893751
-893721
-893649
-893555
-893521
-893511
-893503
-893432
-893309
-893288
-893276
-893210
-893140
-893088
-893058
-893012
-893001
-892797
-892797
-892705
-892690
-892617
-892600
-892591
-892417
-892365
-892335
-892318
-892267
-892235
-892223
-892222
-892125
-892015
-892014
-891925
-891899
-891720
-891679
-891672
-891671
-891583
-891514
-891448
-891337
-891327
-891235
-891111
-891105
-891067
-891057
-891018
-890996
-890929
-890912
-890839
-890772
-890751
-890677
-890646
-890601
-890542
-890509
-890464
-890372
-890270
-890131
-890086
-890013
-889840
-889540
-889512
-889488
-889406
-889311
-889195
-888935
-888741
-888707
-888590
-888524
-888335
-888302
-888290
-888219
-888097
-888078
-888075
-888022
-887872
-887845
-887843
-887816
-887652
-887587
-887457
-887331
-887198
-887174
-887159
-886937
-886922
-886737
-886602
-886553
-886519
-886415
-886348
-886328
-886195
-886125
-886107
-886048
-886040
-885984
-885885
-885883
-885848
-885835
-885820
-885818
-885742
-885741
-885709
-885593
-885565
-885505
-885505
-885503
-885447
-885423
-885406
-885369
-885362
-885319
-885318
-885276
-885222
-885198
-885044
-884968
-884949
-884898
-884801
-884779
-884746
-884678
-884643
-884612
-884570
-884460
-884451
-884429
-884421
-884400
-884246
-884211
-884119
-884039
-883988
-883836
-883795
-883579
-883406
-883363
-883323
-883230
-883226
-883062
-883014
-882757
-882605
-882574
-882512
-882400
-882359
-882339
-882267
-882244
-882171
-882094
-882010
-882009
-881985
-881970
-881905
-881780
-881754
-881728
-881724
-881684
-881576
-881520
-881515
-881442
-881182
-880959
-880938
-880848
-880837
-880773
-880751
-880686
-880656
-880618
-880490
-880475
-880437
-880429
-880402
-880383
-880366
-880313
-880309
-880033
-880000
-879977
-879862
-879683
-879491
-879397
-879275
-879197
-879114
-879023
-878934
-878926
-878801
-878785
-878761
-878711
-878532
-878480
-878470
-878449
-878248
-877988
-877903
-877843
-877764
-877706
-877612
-877593
-877497
-877382
-877348
-877333
-877323
-877301
-877155
-877155
-877118
-877091
-877074
-877068
-877060
-877039
-876917
-876888
-876779
-876731
-876710
-876531
-876412
-876306
-876275
-876120
-876116
-876064
-875777
-875710
-875640
-875600
-875547
-875475
-875230
-875194
-875152
-874979
-874973
-874887
-874809
-874752
-874695
-874657
-874621
-874585
-874573
-874490
-874391
-874366
-874340
-874283
-874271
-874180
-874178
-874144
-874028
-873989
-873885
-873814
-873701
-873671
-873651
-873599
-873453
-873440
-873422
-873373
-873216
-873082
-872993
-872986
-872935
-872888
-872816
-872647
-872401
-872349
-872305
-872298
-872199
-872175
-872171
-872157
-872103
-872029
-871997
-871970
-871923
-871919
-871914
-871899
-871853
-871835
-871829
-871814
-871729
-871632
-871531
-871508
-871329
-871191
-871139
-871134
-871062
-870946
-870889
-870840
-870497
-870467
-870351
-870272
-870183
-870178
-870171
-870127
-870053
-870002
-870000
-869942
-869939
-869906
-869888
-869828
-869813
-869767
-869453
-869425
-869365
-869346
-869020
-868896
-868785
-868606
-868582
-868564
-868521
-868463
-868434
-868323
-868285
-868278
-868196
-868184
-868108
-868031
-868017
-868008
-867992
-867973
-867956
-867930
-867874
-867780
-867693
-867433
-867423
-867351
-867345
-867167
-867155
-867148
-867127
-867122
-867111
-867104
-866960
-866954
-866921
-866816
-866559
-866452
-866427
-866422
-866357
-866311
-866285
-866275
-866052
-866022
-866019
-865934
-865893
-865771
-865685
-865654
-865618
-865476
-865453
-865378
-865357
-865329
-865314
-865237
-864949
-864867
-864824
-864801
-864710
-864637
-864626
-864626
-864594
-864296
-864189
-864064
-864044
-864011
-863997
-863966
-863949
-863929
-863795
-863706
-863496
-863479
-863478
-863471
-863386
-863301
-863206
-863201
-863186
-862912
-862886
-862714
-862708
-862318
-862311
-862290
-862279
-862277
-862216
-862109
-862064
-861951
-861847
-861770
-861542
-861516
-861468
-861466
-861432
-861374
-861359
-861355
-861248
-861200
-861180
-861149
-861140
-861093
-861072
-861060
-860927
-860902
-860803
-860791
-860686
-860644
-860614
-860524
-860524
-860492
-860376
-860201
-860163
-860157
-860143
-860119
-860103
-860083
-860065
-860061
-860018
-859924
-859909
-859524
-859441
-859417
-859416
-859411
-859302
-859289
-859281
-859226
-859211
-859155
-859143
-859051
-859015
-858917
-858868
-858864
-858811
-858802
-858779
-858709
-858705
-858647
-858580
-858577
-858571
-858560
-858350
-858179
-857926
-857894
-857827
-857793
-857777
-857760
-857731
-857723
-857721
-857713
-857626
-857591
-857158
-857091
-857079
-857042
-856996
-856978
-856915
-856853
-856850
-856801
-856439
-856420
-856389
-856281
-856246
-856041
-856008
-855970
-855952
-855915
-855878
-855639
-855595
-855552
-855520
-855387
-855380
-855355
-855221
-855216
-854944
-854776
-854770
-854746
-854724
-854615
-854614
-854608
-854605
-854413
-854395
-854385
-854381
-854335
-854190
-854142
-854091
-854043
-853987
-853955
-853893
-853848
-853772
-853733
-853635
-853626
-853581
-853575
-853562
-853514
-853484
-853410
-853338
-853171
-853160
-853128
-853108
-853098
-853019
-852971
-852892
-852887
-852773
-852678
-852527
-852504
-852459
-852422
-852348
-852298
-852169
-852114
-851947
-851822
-851821
-851756
-851684
-851518
-851392
-851387
-851324
-851322
-851272
-850964
-850869
-850840
-850835
-850785
-850719
-850719
-850656
-850541
-850523
-850414
-850368
-850262
-850218
-850165
-850124
-850116
-849993
-849966
-849939
-849827
-849714
-849649
-849589
-849503
-849489
-849489
-849413
-849204
-849189
-849129
-849045
-848881
-848862
-848787
-848784
-848613
-848547
-848428
-848417
-848407
-848061
-847975
-847859
-847792
-847735
-847712
-847682
-847633
-847430
-847423
-847364
-847343
-847094
-846926
-846923
-846822
-846820
-846792
-846714
-846686
-846651
-846575
-846516
-846502
-846449
-846443
-846397
-846380
-846181
-846180
-846133
-845863
-845830
-845754
-845689
-845682
-845671
-845651
-845626
-845511
-845463
-845326
-845158
-845133
-845107
-845078
-845040
-845023
-844996
-844946
-844881
-844834
-844803
-844762
-844562
-844524
-844409
-844315
-844188
-844091
-844077
-844065
-843867
-843766
-843655
-843590
-843463
-843234
-843231
-843212
-843182
-843112
-842980
-842897
-842832
-842770
-842745
-842692
-842679
-842444
-842285
-842244
-842240
-842092
-842091
-842003
-841965
-841952
-841927
-841896
-841796
-841732
-841731
-841541
-841500
-841494
-841491
-841402
-841395
-841392
-841365
-841297
-841233
-840942
-840873
-840544
-840540
-840533
-840447
-840388
-840271
-840270
-840260
-840161
-840134
-840104
-840048
-839935
-839589
-839342
-839304
-839292
-839249
-839096
-838919
-838737
-838715
-838714
-838682
-838333
-838269
-838253
-838235
-838223
-838149
-838142
-838006
-837977
-837886
-837722
-837681
-837669
-837358
-837306
-837271
-837248
-837180
-837034
-837027
-836944
-836899
-836756
-836697
-836645
-836619
-836536
-836476
-836465
-836447
-836406
-836388
-836348
-836334
-836327
-836157
-836144
-836093
-836045
-836039
-835981
-835864
-835835
-835815
-835737
-835696
-835676
-835639
-835584
-835560
-835500
-835472
-835449
-835384
-835364
-835244
-835204
-835201
-835173
-835138
-835131
-835110
-835022
-835017
-834900
-834702
-834290
-834268
-834264
-834221
-834151
-833858
-833856
-833844
-833768
-833677
-833512
-833422
-833337
-833327
-833317
-833308
-833305
-833215
-833166
-833138
-832872
-832738
-832681
-832643
-832610
-832603
-832330
-832256
-832254
-832246
-832165
-832108
-832080
-832023
-831990
-831965
-831900
-831849
-831834
-831819
-831760
-831678
-831504
-831416
-831344
-831247
-831238
-831223
-831182
-831164
-831121
-831051
-830893
-830836
-830655
-830597
-830585
-830499
-830481
-830402
-830390
-830365
-830350
-830341
-830187
-830056
-829866
-829744
-829743
-829695
-829632
-829561
-829460
-829310
-829269
-829238
-829228
-829110
-829019
-828966
-828872
-828837
-828771
-828654
-828594
-828480
-828473
-828416
-828409
-828370
-828333
-828278
-828211
-828099
-828068
-828065
-828027
-827966
-827937
-827908
-827900
-827799
-827774
-827765
-827567
-827498
-827478
-827456
-827403
-827397
-827293
-827273
-827172
-826995
-826965
-826948
-826915
-826909
-826869
-826859
-826747
-826706
-826704
-826463
-826453
-826346
-826341
-826324
-826324
-826281
-826147
-826099
-826068
-826060
-826034
-826005
-826004
-825882
-825880
-825834
-825815
-825579
-825385
-825363
-825191
-825156
-825037
-825026
-824990
-824983
-824951
-824883
-824864
-824708
-824684
-824677
-824640
-824587
-824565
-824384
-824288
-824258
-824195
-824190
-824081
-824053
-824033
-823951
-823936
-823853
-823829
-823748
-823739
-823727
-823563
-823544
-823414
-823406
-823400
-823385
-823383
-823366
-823340
-823306
-823216
-823196
-823154
-823099
-823042
-823024
-822981
-822955
-822928
-822834
-822666
-822634
-822632
-822575
-822566
-822497
-822466
-822383
-822242
-822146
-822133
-822094
-822020
-821895
-821882
-821743
-821723
-821715
-821694
-821663
-821571
-821464
-821327
-821287
-820999
-820913
-820839
-820790
-820784
-820767
-820580
-820535
-820385
-820333
-820265
-820237
-820138
-820092
-820087
-819949
-819913
-819874
-819820
-819609
-819605
-819601
-819555
-819513
-819367
-819331
-819268
-819208
-819188
-819167
-819141
-819139
-819086
-819070
-818968
-818855
-818844
-818756
-818719
-818685
-818660
-818628
-818539
-818530
-818496
-818263
-818249
-818227
-818073
-817989
-817832
-817767
-817762
-817753
-817747
-817742
-817710
-817647
-817590
-817578
-817566
-817521
-817491
-817428
-817276
-817186
-817085
-817057
-817056
-816990
-816961
-816890
-816865
-816856
-816823
-816764
-816669
-816563
-816511
-816493
-816440
-816380
-816095
-815938
-815883
-815864
-815826
-815799
-815717
-815600
-815574
-815485
-815438
-815410
-815291
-815152
-815140
-815087
-815007
-814912
-814850
-814814
-814791
-814585
-814583
-814511
-814465
-814374
-814358
-814317
-814222
-814200
-814177
-814070
-814051
-813974
-813942
-813883
-813844
-813820
-813733
-813681
-813658
-813654
-813638
-813557
-813504
-813448
-813232
-813185
-813155
-813077
-812966
-812943
-812876
-812812
-812645
-812643
-812638
-812573
-812530
-812511
-812427
-812403
-812251
-812167
-812105
-812083
-812034
-812027
-812007
-811716
-811700
-811533
-811509
-811507
-811461
-811449
-811431
-811382
-811360
-811332
-811282
-811277
-811174
-811071
-811044
-811025
-810989
-810961
-810957
-810816
-810644
-810596
-810561
-810392
-810260
-810223
-810178
-809976
-809861
-809850
-809824
-809807
-809760
-809644
-809543
-809535
-809522
-809468
-809444
-809402
-809388
-809388
-809341
-809341
-809329
-809320
-809274
-809178
-809094
-808938
-808882
-808831
-808826
-808818
-808684
-808662
-808525
-808407
-808389
-808375
-808367
-808356
-808263
-808218
-808117
-808114
-808048
-807818
-807804
-807791
-807718
-807695
-807596
-807529
-807462
-807416
-807390
-807379
-807378
-807334
-807319
-807252
-807175
-807083
-807081
-807071
-807041
-807006
-806890
-806888
-806801
-806753
-806739
-806693
-806675
-806665
-806609
-806531
-806426
-806370
-806260
-806162
-806114
-806081
-806032
-806018
-805955
-805916
-805803
-805784
-805584
-805580
-805318
-805290
-805224
-805161
-805141
-805003
-804972
-804893
-804841
-804758
-804613
-804533
-804403
-804040
-804040
-804023
-803977
-803790
-803748
-803724
-803704
-803660
-803474
-803443
-803422
-803307
-803275
-803151
-803081
-803065
-803026
-802980
-802979
-802717
-802667
-802666
-802595
-802539
-802513
-802496
-802431
-802378
-802365
-802272
-802263
-802129
-802059
-802000
-801874
-801740
-801674
-801617
-801533
-801510
-801432
-801186
-801128
-801086
-801075
-801022
-800995
-800994
-800993
-800975
-800898
-800861
-800717
-800712
-800643
-800409
-800299
-800181
-800172
-800116
-800096
-799961
-799923
-799849
-799721
-799672
-799554
-799493
-799401
-799377
-799372
-799279
-799270
-799209
-799055
-799006
-798915
-798901
-798840
-798755
-798728
-798663
-798621
-798615
-798462
-798351
-798240
-798209
-798193
-798041
-797973
-797971
-797953
-797813
-797582
-797548
-797501
-797428
-797412
-797311
-797200
-797175
-797171
-797151
-797140
-797135
-797096
-797008
-796892
-796886
-796792
-796763
-796485
-796455
-796451
-796421
-796344
-796253
-796243
-796232
-796141
-796078
-796069
-795986
-795934
-795849
-795717
-795638
-795507
-795448
-795391
-795253
-795241
-795215
-795210
-795177
-795032
-794963
-794895
-794836
-794815
-794815
-794725
-794620
-794593
-794366
-794336
-794116
-794106
-793917
-793825
-793818
-793637
-793571
-793569
-793481
-793446
-793380
-793298
-793263
-793251
-793231
-793142
-793093
-793002
-792974
-792878
-792846
-792830
-792744
-792730
-792655
-792515
-792482
-792440
-792412
-792296
-792295
-792292
-792187
-792163
-792130
-792103
-792096
-792087
-792017
-791981
-791822
-791806
-791785
-791750
-791733
-791708
-791684
-791658
-791611
-791489
-791470
-791405
-791356
-791341
-791313
-791257
-791053
-790956
-790951
-790863
-790771
-790750
-790624
-790534
-790268
-790219
-790161
-790089
-790079
-790042
-790040
-789936
-789924
-789902
-789713
-789704
-789532
-789508
-789485
-789374
-789147
-789058
-788751
-788641
-788582
-788570
-788524
-788479
-788412
-788300
-788029
-788005
-787942
-787936
-787898
-787877
-787753
-787748
-787698
-787649
-787577
-787554
-787460
-787308
-787226
-787065
-786909
-786770
-786739
-786621
-786530
-786466
-786465
-786463
-786442
-786422
-786403
-786266
-786205
-786097
-786094
-786046
-785817
-785632
-785578
-785486
-785466
-785393
-785319
-785241
-785237
-785224
-785111
-785081
-785038
-784943
-784908
-784845
-784837
-784675
-784657
-784616
-784540
-784480
-784464
-784446
-784380
-784376
-784346
-784329
-784194
-784158
-784014
-783954
-783948
-783946
-783878
-783768
-783722
-783675
-783642
-783603
-783495
-783444
-783231
-783189
-783184
-783139
-783049
-782970
-782852
-782584
-782580
-782502
-782431
-782256
-782195
-782040
-782032
-782022
-781994
-781947
-781909
-781848
-781847
-781746
-781738
-781594
-781561
-781321
-781290
-781278
-781254
-781061
-781056
-781042
-780915
-780816
-780776
-780667
-780640
-780583
-780537
-780524
-780403
-780192
-780138
-780068
-779965
-779904
-779805
-779741
-779713
-779570
-779551
-779499
-779490
-779468
-779393
-779362
-779350
-779256
-779240
-779087
-779071
-778873
-778749
-778715
-778628
-778574
-778462
-778369
-778337
-778238
-778093
-778066
-777882
-777736
-777698
-777658
-777635
-777521
-777417
-777324
-777181
-777127
-777071
-777032
-776973
-776968
-776887
-776873
-776754
-776739
-776549
-776412
-776373
-775758
-775722
-775711
-775704
-775415
-775248
-775220
-774928
-774926
-774879
-774756
-774501
-774416
-774397
-774359
-774344
-774281
-774115
-774083
-773923
-773852
-773779
-773666
-773587
-773539
-773474
-773457
-773447
-773443
-773430
-773371
-773343
-773230
-773190
-773092
-773071
-773012
-772918
-772879
-772758
-772757
-772744
-772690
-772605
-772412
-772347
-772332
-772217
-772200
-772018
-771835
-771790
-771760
-771679
-771605
-771573
-771466
-771417
-771354
-771333
-771244
-771235
-771208
-771155
-771114
-771102
-770989
-770950
-770448
-770296
-770287
-770260
-770153
-770139
-770073
-770066
-770063
-770049
-770045
-769957
-769942
-769938
-769841
-769816
-769741
-769732
-769663
-769561
-769476
-769389
-769300
-769252
-769048
-769039
-769019
-769000
-768873
-768738
-768664
-768437
-768351
-768290
-768245
-768192
-767998
-767954
-767953
-767899
-767864
-767704
-767439
-767438
-767113
-767091
-767046
-767026
-766991
-766897
-766698
-766644
-766602
-766571
-766496
-766493
-766473
-766469
-766428
-766310
-766293
-766221
-766011
-766010
-766002
-765951
-765864
-765848
-765812
-765793
-765789
-765774
-765719
-765683
-765485
-765435
-765388
-765291
-765228
-765152
-765114
-764996
-764989
-764974
-764967
-764950
-764838
-764631
-764621
-764487
-764424
-764333
-764179
-764132
-764093
-764073
-764068
-763958
-763912
-763853
-763843
-763811
-763762
-763740
-763739
-763594
-763404
-763399
-763305
-763022
-763012
-762990
-762964
-762954
-762950
-762903
-762832
-762830
-762822
-762791
-762767
-762751
-762737
-762716
-762599
-762575
-762478
-762448
-762435
-762257
-762242
-762038
-762019
-761995
-761870
-761750
-761738
-761712
-761651
-761563
-761545
-761463
-761349
-761201
-761139
-761094
-761083
-760953
-760947
-760868
-760816
-760767
-760754
-760630
-760611
-760490
-760423
-760364
-760330
-760273
-760267
-760151
-760142
-760134
-760063
-760024
-760000
-759953
-759950
-759929
-759896
-759759
-759748
-759736
-759734
-759723
-759718
-759710
-759699
-759681
-759591
-759525
-759421
-759238
-759222
-759221
-759164
-759101
-759037
-758993
-758950
-758946
-758889
-758884
-758856
-758786
-758705
-758643
-758591
-758558
-758539
-758147
-758141
-758129
-758019
-758014
-757953
-757854
-757795
-757788
-757758
-757720
-757638
-757626
-757616
-757428
-757270
-757241
-757046
-756998
-756782
-756720
-756674
-756469
-756445
-756444
-756396
-756392
-756317
-756187
-756067
-755971
-755961
-755894
-755710
-755703
-755602
-755588
-755583
-755549
-755541
-755526
-755436
-755406
-755326
-755288
-755275
-755263
-755220
-755184
-755149
-755127
-755036
-755030
-755028
-754951
-754945
-754839
-754804
-754762
-754716
-754639
-754536
-754533
-754121
-754112
-753975
-753966
-753957
-753890
-753890
-753877
-753794
-753751
-753730
-753629
-753575
-753566
-753503
-753401
-753378
-753374
-753359
-753311
-753311
-753184
-753167
-753131
-753125
-752903
-752841
-752723
-752663
-752653
-752585
-752480
-752372
-752178
-752147
-752130
-752104
-752052
-752038
-751989
-751957
-751824
-751744
-751743
-751651
-751564
-751470
-751454
-751415
-751353
-751333
-751306
-751206
-751085
-750995
-750909
-750882
-750843
-750816
-750735
-750573
-750331
-750315
-750309
-750227
-750087
-750011
-749997
-749849
-749787
-749779
-749736
-749727
-749689
-749636
-749614
-749532
-749497
-749476
-749401
-749380
-749377
-749349
-749266
-749189
-749178
-749113
-748956
-748895
-748882
-748825
-748824
-748732
-748657
-748340
-748157
-748147
-748124
-748085
-748083
-748014
-747956
-747810
-747744
-747734
-747713
-747580
-747519
-747499
-747362
-747271
-747247
-747234
-747139
-747121
-747101
-746904
-746884
-746846
-746844
-746601
-746572
-746570
-746497
-746325
-746312
-746306
-746294
-746130
-746120
-746109
-746002
-746001
-745934
-745750
-745731
-745596
-745564
-745481
-745340
-745201
-745077
-744986
-744906
-744856
-744823
-744806
-744794
-744634
-744545
-744479
-744409
-744357
-744256
-744218
-744137
-744120
-744100
-744018
-744016
-743905
-743669
-743660
-743568
-743342
-743341
-743240
-743197
-743120
-743033
-742951
-742851
-742845
-742840
-742765
-742610
-742575
-742554
-742516
-742487
-742394
-742348
-742307
-742292
-742272
-742254
-742246
-742234
-742164
-742048
-742028
-742017
-741960
-741650
-741526
-741492
-741377
-741356
-741354
-741254
-741251
-741246
-741197
-741144
-741133
-741063
-741047
-740981
-740924
-740897
-740731
-740539
-740471
-740401
-740178
-740139
-740131
-740100
-740083
-740071
-740021
-740019
-739948
-739911
-739820
-739683
-739677
-739651
-739362
-739292
-739220
-739207
-739163
-739040
-738983
-738853
-738836
-738823
-738640
-738549
-738521
-738497
-738473
-738469
-738428
-738249
-738180
-738147
-737896
-737859
-737800
-737775
-737645
-737634
-737508
-737475
-737432
-737416
-737394
-737366
-737338
-737276
-737234
-737168
-736953
-736927
-736905
-736709
-736688
-736638
-736353
-736332
-736249
-736247
-736170
-736164
-736130
-735993
-735976
-735846
-735785
-735718
-735659
-735603
-735194
-735075
-734879
-734876
-734714
-734514
-734366
-734199
-734155
-734151
-734037
-734016
-733976
-733914
-733914
-733857
-733767
-733660
-733534
-733511
-733474
-732966
-732964
-732939
-732919
-732723
-732714
-732688
-732680
-732549
-732539
-732439
-732437
-732301
-732272
-732095
-732089
-732084
-732071
-731870
-731769
-731751
-731715
-731566
-731445
-731380
-731353
-731212
-731184
-731178
-731029
-731021
-731005
-730960
-730940
-730848
-730690
-730682
-730653
-730589
-730576
-730568
-730545
-730538
-730054
-730032
-729952
-729945
-729929
-729853
-729833
-729756
-729655
-729636
-729635
-729556
-729494
-729479
-729426
-729349
-729279
-729256
-729087
-728846
-728716
-728648
-728590
-728570
-728546
-728524
-728481
-728211
-728096
-727990
-727881
-727755
-727749
-727442
-727363
-727347
-727228
-727215
-727205
-727124
-727108
-726995
-726959
-726804
-726767
-726729
-726726
-726710
-726701
-726682
-726354
-726293
-726231
-726198
-725962
-725938
-725898
-725832
-725789
-725586
-725569
-725557
-725555
-725474
-725467
-725449
-725402
-725312
-725303
-725268
-725248
-725164
-725128
-724939
-724854
-724841
-724742
-724599
-724561
-724438
-724395
-724378
-724373
-724359
-724229
-724174
-724154
-724121
-724093
-724084
-724045
-724044
-724004
-723990
-723972
-723948
-723691
-723456
-723408
-723360
-723316
-723273
-723012
-722928
-722903
-722883
-722795
-722778
-722716
-722613
-722531
-722430
-722395
-722337
-722328
-722213
-722016
-721927
-721900
-721862
-721786
-721767
-721748
-721736
-721497
-721433
-721405
-721404
-721314
-721235
-721128
-721109
-721020
-720995
-720965
-720956
-720936
-720814
-720626
-720476
-720421
-720202
-720151
-720034
-719872
-719803
-719781
-719683
-719486
-719442
-719427
-719407
-719399
-719360
-719331
-719298
-719153
-719069
-719047
-719037
-718973
-718938
-718883
-718781
-718738
-718722
-718677
-718663
-718656
-718582
-718572
-718568
-718542
-718513
-718504
-718497
-718399
-718236
-718193
-718170
-718115
-718012
-717956
-717949
-717914
-717839
-717777
-717580
-717568
-717336
-717317
-717080
-717003
-716996
-716974
-716910
-716881
-716773
-716630
-716571
-716537
-716516
-716382
-716333
-716288
-716260
-716199
-716013
-715901
-715866
-715812
-715782
-715592
-715547
-715543
-715526
-715068
-714674
-714583
-714444
-714364
-714163
-714025
-714021
-713970
-713895
-713856
-713851
-713846
-713736
-713649
-713598
-713572
-713566
-713526
-713469
-713339
-713287
-713242
-713230
-713214
-713071
-713068
-713037
-712970
-712937
-712936
-712919
-712905
-712745
-712672
-712503
-712459
-712449
-712432
-712423
-712392
-712339
-712215
-712169
-712168
-712035
-712004
-711929
-711843
-711749
-711492
-711469
-711422
-711334
-711306
-711251
-711223
-711220
-711098
-711097
-711031
-710963
-710899
-710880
-710857
-710709
-710689
-710668
-710611
-710572
-710564
-710435
-710393
-710107
-710055
-709990
-709977
-709932
-709683
-709676
-709542
-709424
-709306
-709218
-709215
-709105
-708999
-708968
-708895
-708829
-708713
-708674
-708638
-708572
-708556
-708551
-708461
-708277
-708271
-708254
-708225
-708190
-708035
-708030
-707866
-707864
-707849
-707722
-707698
-707696
-707684
-707641
-707480
-707423
-707422
-707391
-707382
-707378
-707372
-707350
-707305
-707196
-707166
-707109
-707084
-707081
-707059
-706592
-706547
-706539
-706469
-706353
-706295
-706257
-706256
-706240
-706198
-706193
-706189
-706117
-706041
-705947
-705941
-705940
-705884
-705800
-705733
-705724
-705594
-705583
-705501
-705494
-705486
-705478
-705396
-705359
-705312
-705299
-705283
-705240
-705195
-705131
-705127
-705115
-705111
-705008
-704932
-704930
-704865
-704827
-704764
-704624
-704432
-704402
-704332
-704302
-704265
-703932
-703931
-703929
-703902
-703881
-703879
-703856
-703824
-703785
-703743
-703739
-703676
-703623
-703568
-703547
-703452
-703365
-703309
-703308
-703276
-703193
-703190
-703064
-702996
-702747
-702730
-702622
-702543
-702377
-702290
-702282
-702255
-702241
-702188
-702185
-702075
-702042
-701888
-701868
-701826
-701807
-701726
-701712
-701599
-701593
-701481
-701311
-701300
-701282
-701151
-701084
-701055
-701006
-700918
-700915
-700828
-700816
-700794
-700736
-700734
-700634
-700521
-700442
-700435
-700433
-700257
-700198
-700198
-700159
-700022
-699971
-699965
-699843
-699804
-699748
-699706
-699558
-699557
-699554
-699489
-699392
-699345
-699288
-699278
-699274
-699241
-699209
-699149
-699132
-698974
-698890
-698881
-698866
-698752
-698659
-698624
-698600
-698583
-698451
-698425
-698383
-698262
-698207
-698153
-698022
-697843
-697813
-697713
-697568
-697474
-697283
-697079
-697005
-696929
-696877
-696705
-696578
-696561
-696401
-696365
-696272
-696268
-696188
-696154
-696136
-696112
-696072
-696063
-695970
-695880
-695814
-695749
-695735
-695725
-695692
-695662
-695600
-695546
-695522
-695477
-695476
-695472
-695471
-695416
-695391
-695365
-695269
-695120
-695106
-695103
-694957
-694868
-694820
-694705
-694422
-694397
-694361
-694351
-694321
-694240
-694220
-694219
-694201
-694162
-694081
-694065
-694041
-694039
-693997
-693967
-693959
-693849
-693779
-693736
-693731
-693690
-693683
-693568
-693509
-693441
-693374
-693352
-693195
-693152
-693073
-693061
-693035
-692974
-692957
-692923
-692826
-692820
-692784
-692776
-692714
-692590
-692586
-692544
-692486
-692456
-692332
-692328
-692275
-692068
-691921
-691886
-691878
-691847
-691836
-691815
-691757
-691745
-691456
-691443
-691337
-691325
-691294
-691262
-691156
-691111
-691012
-691006
-690969
-690845
-690721
-690679
-690670
-690637
-690602
-690581
-690552
-690503
-690478
-690400
-690395
-690351
-690324
-690295
-690253
-690242
-690210
-690092
-690087
-690066
-690065
-690040
-689819
-689806
-689795
-689782
-689634
-689623
-689603
-689603
-689590
-689506
-689492
-689483
-689386
-689113
-688714
-688657
-688630
-688585
-688511
-688472
-688406
-688380
-688367
-688266
-688191
-688100
-688092
-687805
-687774
-687297
-687173
-687155
-687087
-687064
-687051
-687026
-686721
-686693
-686600
-686511
-686505
-686475
-686449
-686316
-686301
-686277
-686254
-686213
-686184
-686162
-686117
-686097
-686067
-686009
-685983
-685976
-685804
-685788
-685471
-685425
-685372
-685349
-685307
-685284
-685190
-685186
-685100
-685053
-685025
-685008
-684916
-684895
-684817
-684730
-684726
-684724
-684669
-684639
-684634
-684622
-684608
-684605
-684563
-684407
-684345
-684279
-684279
-684261
-684256
-684188
-684162
-684095
-683976
-683976
-683874
-683854
-683790
-683787
-683683
-683386
-683333
-683186
-683120
-683093
-683046
-682996
-682859
-682853
-682844
-682816
-682807
-682806
-682721
-682593
-682585
-682515
-682428
-682388
-682336
-682143
-682117
-681968
-681904
-681865
-681827
-681767
-681636
-681624
-681612
-681596
-681484
-681410
-681409
-681279
-681187
-681183
-681136
-681109
-681060
-681010
-681006
-680987
-680916
-680766
-680739
-680595
-680578
-680575
-680573
-680453
-680162
-680141
-680043
-680038
-679978
-679744
-679708
-679666
-679643
-679611
-679557
-679307
-679246
-679150
-679093
-679051
-679019
-679012
-678930
-678779
-678747
-678644
-678536
-678461
-678404
-678391
-678375
-678285
-678242
-678125
-678120
-677998
-677965
-677909
-677872
-677863
-677734
-677682
-677676
-677502
-677472
-677464
-677275
-677007
-676976
-676955
-676941
-676875
-676771
-676761
-676681
-676622
-676577
-676571
-676450
-676417
-676303
-676164
-676162
-676149
-676081
-676064
-676058
-675962
-675960
-675849
-675734
-675704
-675618
-675530
-675514
-675486
-675353
-675322
-675240
-675106
-675066
-675003
-675002
-674958
-674894
-674887
-674861
-674781
-674765
-674726
-674718
-674718
-674700
-674700
-674674
-674514
-674469
-674457
-674424
-674288
-674193
-674160
-674150
-674130
-674020
-674017
-674002
-673927
-673868
-673858
-673849
-673817
-673771
-673723
-673704
-673608
-673564
-673523
-673422
-673357
-673193
-673131
-673070
-673066
-673013
-672979
-672968
-672936
-672886
-672885
-672844
-672792
-672781
-672707
-672661
-672599
-672573
-672500
-672467
-672417
-672331
-672327
-672310
-672295
-672211
-671734
-671507
-671489
-671478
-671446
-671411
-671402
-671069
-671043
-670974
-670916
-670778
-670749
-670700
-670696
-670551
-670466
-670429
-670171
-670078
-670069
-670039
-669982
-669916
-669749
-669727
-669650
-669650
-669501
-669288
-669047
-668991
-668912
-668846
-668810
-668807
-668778
-668746
-668688
-668676
-668621
-668592
-668533
-668492
-668373
-668271
-668180
-668067
-668040
-667807
-667743
-667696
-667694
-667658
-667652
-667532
-667471
-667436
-667377
-667361
-667333
-667274
-667180
-667153
-667145
-667097
-667084
-666900
-666814
-666750
-666743
-666572
-666454
-666314
-666219
-666160
-666061
-666016
-665983
-665926
-665734
-665613
-665560
-665492
-665488
-665482
-665451
-665424
-665390
-665367
-665286
-665246
-665160
-665145
-665029
-665008
-665000
-664936
-664840
-664701
-664690
-664667
-664553
-664551
-664550
-664089
-663862
-663817
-663689
-663601
-663563
-663514
-663479
-663304
-663189
-663055
-662952
-662897
-662876
-662849
-662809
-662751
-662739
-662670
-662530
-662440
-662380
-662377
-662288
-662245
-662184
-662174
-662082
-662079
-661881
-661865
-661701
-661687
-661653
-661651
-661613
-661513
-661296
-661252
-661163
-661037
-661021
-660977
-660959
-660925
-660869
-660777
-660672
-660649
-660522
-660496
-660397
-660288
-660269
-660066
-660035
-659925
-659879
-659721
-659663
-659577
-659527
-659490
-659471
-659405
-659345
-659308
-659184
-659023
-659011
-658987
-658894
-658871
-658759
-658697
-658620
-658615
-658603
-658520
-658501
-658448
-658441
-658388
-658307
-658286
-658275
-658230
-657998
-657948
-657945
-657845
-657813
-657811
-657736
-657677
-657583
-657505
-657501
-657409
-657408
-657187
-657095
-656999
-656955
-656893
-656774
-656733
-656663
-656648
-656616
-656584
-656578
-656453
-656325
-656263
-656261
-656096
-656030
-655764
-655679
-655661
-655634
-655560
-655530
-655528
-655444
-655346
-655244
-655061
-655043
-655023
-654887
-654883
-654773
-654758
-654714
-654585
-654339
-654307
-654123
-654081
-654004
-653956
-653941
-653913
-653818
-653657
-653648
-653612
-653413
-653354
-653315
-653309
-653301
-653270
-653264
-653207
-653005
-652999
-652918
-652856
-652833
-652778
-652766
-652722
-652720
-652701
-652585
-652298
-652265
-652211
-652162
-652147
-652119
-652118
-651914
-651904
-651900
-651865
-651811
-651779
-651710
-651624
-651621
-651583
-651531
-651507
-651326
-651242
-651204
-651173
-651112
-651104
-651027
-651018
-651013
-651007
-650753
-650693
-650648
-650601
-650588
-650502
-650445
-650405
-650355
-650325
-650320
-650142
-650141
-650109
-650057
-649958
-649827
-649783
-649674
-649644
-649609
-649506
-649320
-649247
-649232
-649227
-649195
-648979
-648479
-648470
-648468
-648364
-648351
-648214
-648083
-648078
-648054
-647986
-647930
-647904
-647871
-647685
-647584
-647573
-647560
-647220
-647094
-646987
-646934
-646746
-646733
-646596
-646578
-646566
-646546
-646543
-646502
-646476
-646320
-646285
-646221
-646196
-646180
-646124
-646095
-646084
-646035
-646002
-645922
-645872
-645814
-645751
-645722
-645683
-645673
-645617
-645593
-645559
-645534
-645494
-645457
-645343
-645286
-645215
-645215
-645049
-644955
-644812
-644784
-644742
-644735
-644649
-644593
-644539
-644527
-644389
-644268
-644236
-644141
-644030
-643973
-643973
-643962
-643948
-643874
-643760
-643701
-643700
-643681
-643545
-643526
-643402
-643377
-643375
-643357
-643329
-643191
-643156
-642902
-642899
-642600
-642477
-642410
-642366
-642346
-642263
-642241
-642117
-642036
-642024
-642016
-641829
-641728
-641727
-641693
-641645
-641493
-641356
-641040
-641007
-640972
-640970
-640829
-640738
-640581
-640476
-640394
-640349
-640344
-640313
-640187
-639910
-639899
-639690
-639659
-639630
-639528
-639496
-639477
-639206
-639196
-639191
-639153
-639084
-638998
-638941
-638908
-638896
-638794
-638729
-638643
-638564
-638551
-638299
-638278
-638234
-638232
-638218
-638034
-637796
-637744
-637655
-637598
-637439
-637313
-637310
-637287
-637249
-637218
-637038
-636992
-636943
-636879
-636834
-636773
-636611
-636605
-636484
-636433
-636389
-636359
-636325
-636274
-636258
-636155
-635865
-635797
-635697
-635592
-635543
-635359
-635293
-635246
-635144
-635062
-635055
-635034
-635022
-634869
-634815
-634767
-634498
-634486
-634250
-634169
-634043
-634029
-633841
-633810
-633784
-633661
-633638
-633549
-633433
-633423
-633404
-633367
-633328
-633263
-633169
-633164
-632917
-632915
-632839
-632672
-632508
-632473
-632416
-632266
-632245
-632163
-632015
-631965
-631918
-631917
-631838
-631816
-631751
-631588
-631434
-631246
-631209
-630744
-630692
-630534
-630531
-630331
-630296
-630225
-630171
-630126
-630067
-630011
-629993
-629933
-629905
-629858
-629797
-629701
-629688
-629659
-629547
-629529
-629511
-629462
-629205
-629001
-628987
-628925
-628707
-628662
-628585
-628565
-628220
-628084
-628048
-628008
-627872
-627646
-627566
-627545
-627412
-627404
-627369
-627363
-627339
-627295
-627226
-627154
-627124
-626966
-626861
-626841
-626781
-626653
-626640
-626591
-626548
-626535
-626530
-626400
-626377
-626344
-626306
-626306
-626266
-626186
-626148
-626146
-626123
-625890
-625837
-625734
-625732
-625686
-625645
-625510
-625431
-625414
-625281
-625249
-625235
-625143
-624912
-624790
-624635
-624581
-624565
-624543
-624522
-624479
-624319
-624309
-624212
-624166
-624134
-624103
-624019
-623851
-623840
-623790
-623671
-623606
-623583
-623561
-623546
-623478
-623279
-623256
-623207
-623172
-623089
-623080
-622925
-622852
-622838
-622831
-622813
-622793
-622790
-622760
-622748
-622707
-622645
-622465
-622417
-622390
-622102
-622019
-621976
-621900
-621866
-621852
-621671
-621660
-621446
-621445
-621445
-621176
-621124
-621112
-621065
-621039
-620958
-620946
-620807
-620784
-620712
-620689
-620564
-620556
-620533
-620472
-620433
-620431
-620122
-620079
-620004
-619963
-619922
-619909
-619877
-619861
-619849
-619616
-619615
-619586
-619368
-619349
-619314
-619308
-619219
-619210
-619174
-619149
-619092
-619051
-619023
-618922
-618888
-618872
-618698
-618673
-618646
-618508
-618437
-618403
-618401
-618394
-618366
-618111
-618000
-617765
-617697
-617675
-617601
-617499
-617454
-617429
-617420
-617077
-617044
-617036
-616971
-616949
-616937
-616876
-616870
-616682
-616678
-616659
-616600
-616482
-616476
-616420
-616394
-616368
-616309
-616217
-616199
-616170
-616148
-616069
-616030
-615745
-615739
-615632
-615586
-615466
-615342
-615293
-615072
-615066
-615041
-614909
-614906
-614850
-614523
-614481
-614287
-614241
-614233
-614079
-614050
-613985
-613932
-613843
-613823
-613796
-613699
-613599
-613547
-613456
-613420
-613143
-613127
-613019
-613014
-612825
-612825
-612816
-612722
-612716
-612689
-612653
-612638
-612428
-612395
-612372
-612281
-612141
-612136
-611853
-611811
-611775
-611757
-611626
-611603
-611523
-611414
-611352
-611318
-611057
-611013
-610899
-610881
-610849
-610810
-610790
-610765
-610765
-610665
-610651
-610603
-610323
-610201
-610168
-610131
-610081
-610060
-610053
-609963
-609635
-609586
-609537
-609483
-609464
-609323
-609177
-609021
-608939
-608876
-608789
-608727
-608700
-608697
-608575
-608537
-608470
-608329
-608328
-608224
-608098
-607927
-607790
-607741
-607733
-607693
-607651
-607533
-607389
-607341
-607332
-607251
-607226
-607207
-607103
-607070
-607040
-607038
-606932
-606888
-606834
-606789
-606744
-606727
-606606
-606544
-606446
-606444
-606350
-606231
-606215
-606213
-606189
-606173
-605816
-605781
-605584
-605515
-605368
-605320
-605254
-605088
-604981
-604850
-604804
-604732
-604722
-604670
-604618
-604545
-604492
-604411
-604404
-604316
-604293
-604281
-604165
-604159
-604121
-604082
-604074
-604061
-603978
-603959
-603900
-603821
-603737
-603659
-603526
-603522
-603484
-603430
-603409
-603408
-603407
-603180
-603131
-603106
-603050
-602874
-602812
-602704
-602701
-602598
-602482
-602248
-602080
-601990
-601988
-601920
-601919
-601863
-601779
-601631
-601611
-601508
-601393
-601252
-601242
-601208
-601187
-601130
-601105
-601092
-601091
-601070
-600994
-600975
-600943
-600833
-600793
-600736
-600486
-600432
-600357
-600345
-600344
-600251
-600188
-600148
-600047
-599797
-599588
-599527
-599503
-599400
-599364
-599353
-599348
-599323
-599177
-598857
-598829
-598712
-598637
-598585
-598569
-598469
-598232
-598101
-597759
-597731
-597719
-597697
-597546
-597506
-597278
-597277
-597238
-597097
-597078
-596849
-596779
-596769
-596672
-596669
-596661
-596514
-596489
-596486
-596482
-596435
-596321
-596317
-596234
-596228
-596220
-596219
-596165
-596096
-596092
-595918
-595915
-595905
-595884
-595840
-595761
-595745
-595731
-595542
-595503
-595473
-595455
-595328
-595323
-595302
-595224
-595092
-594994
-594973
-594874
-594874
-594834
-594818
-594745
-594674
-594549
-594525
-594379
-594312
-594175
-594163
-594090
-594052
-594035
-593947
-593935
-593852
-593704
-593682
-593661
-593613
-593561
-593382
-593236
-593108
-593032
-593001
-592954
-592846
-592830
-592733
-592727
-592721
-592526
-592495
-592458
-592411
-592366
-592315
-592296
-592218
-592174
-592133
-591933
-591895
-591717
-591701
-591692
-591661
-591619
-591603
-591574
-591544
-591510
-591473
-591325
-591293
-591262
-591259
-591251
-591251
-591090
-591081
-591066
-590925
-590910
-590905
-590699
-590693
-590618
-590549
-590349
-590291
-590192
-590186
-590154
-590102
-590010
-589968
-589935
-589903
-589884
-589854
-589815
-589753
-589652
-589631
-589624
-589578
-589568
-589292
-589012
-588983
-588933
-588828
-588716
-588713
-588609
-588590
-588342
-588314
-588309
-588188
-588184
-588063
-587979
-587879
-587860
-587676
-587487
-587339
-587315
-587169
-587119
-587045
-586970
-586944
-586812
-586696
-586650
-586578
-586558
-586506
-586387
-586360
-586315
-586278
-586199
-586180
-586177
-586115
-586085
-586050
-585929
-585872
-585711
-585539
-585366
-585336
-585260
-585213
-585205
-584862
-584800
-584674
-584666
-584619
-584598
-584555
-584511
-584508
-584434
-584362
-584289
-584174
-584099
-583840
-583739
-583717
-583645
-583548
-583502
-583420
-583346
-583283
-583268
-583120
-583010
-582997
-582922
-582859
-582820
-582761
-582726
-582686
-582680
-582672
-582479
-582438
-582357
-582337
-582123
-582118
-582108
-582091
-582081
-582060
-582045
-581902
-581807
-581771
-581702
-581587
-581457
-581444
-581381
-581165
-581124
-581039
-580932
-580729
-580723
-580648
-580627
-580598
-580539
-580502
-580498
-580438
-580364
-580343
-580329
-580203
-580194
-580148
-580074
-580070
-580062
-580033
-580028
-579912
-579907
-579896
-579790
-579745
-579639
-579573
-579513
-579500
-579487
-579427
-579352
-579266
-579164
-579072
-579071
-578983
-578725
-578700
-578650
-578621
-578603
-578597
-578578
-578559
-578493
-578415
-578250
-578191
-578062
-578058
-578052
-578052
-578022
-577967
-577832
-577793
-577777
-577616
-577592
-577491
-577413
-577347
-577285
-577272
-577248
-577217
-577183
-577167
-577155
-577125
-577024
-576901
-576899
-576860
-576750
-576570
-576386
-576373
-576361
-576288
-576283
-576255
-576251
-576125
-576080
-576023
-575976
-575944
-575787
-575755
-575736
-575710
-575701
-575694
-575633
-575610
-575594
-575547
-575535
-575517
-575504
-575427
-575418
-575095
-574992
-574977
-574977
-574923
-574904
-574874
-574772
-574692
-574606
-574560
-574536
-574349
-574324
-574301
-574067
-573983
-573963
-573912
-573860
-573797
-573752
-573717
-573633
-573549
-573467
-573400
-573336
-573333
-573322
-573314
-573253
-573220
-573149
-573133
-573051
-573026
-573022
-572961
-572959
-572913
-572907
-572811
-572808
-572574
-572511
-572484
-572460
-572401
-572304
-572275
-572265
-572174
-572169
-572054
-572039
-572018
-572004
-571956
-571895
-571780
-571754
-571484
-571443
-571377
-571148
-571125
-571068
-570831
-570818
-570797
-570781
-570578
-570555
-570524
-570244
-570243
-570239
-570236
-570179
-570159
-570157
-570069
-570056
-569942
-569938
-569909
-569821
-569761
-569630
-569510
-569405
-569340
-569312
-569229
-569175
-569114
-568922
-568701
-568534
-568523
-568388
-568383
-568381
-568146
-568127
-568125
-568109
-567967
-567963
-567873
-567755
-567741
-567560
-567533
-567435
-567282
-567244
-567174
-567017
-566998
-566932
-566910
-566910
-566843
-566708
-566512
-566430
-566386
-566358
-566190
-566083
-566066
-566064
-566037
-565952
-565930
-565907
-565894
-565893
-565870
-565751
-565746
-565677
-565503
-565456
-565340
-565321
-565273
-565174
-565159
-565155
-565068
-565054
-564984
-564899
-564887
-564861
-564794
-564631
-564612
-564548
-564347
-563976
-563952
-563907
-563567
-563502
-563485
-563423
-563395
-563226
-563100
-562872
-562754
-562659
-562639
-562548
-562507
-562347
-562130
-562054
-561970
-561875
-561812
-561707
-561639
-561518
-561467
-561445
-561410
-561278
-561217
-561171
-561151
-561148
-561088
-561085
-561078
-561035
-560956
-560888
-560875
-560873
-560870
-560790
-560776
-560745
-560699
-560463
-560454
-560426
-560405
-560344
-560244
-560218
-560107
-560103
-559999
-559996
-559921
-559907
-559877
-559838
-559836
-559799
-559674
-559579
-559382
-559320
-559208
-559159
-559126
-559114
-559075
-559074
-559012
-559004
-558990
-558961
-558959
-558877
-558739
-558730
-558717
-558714
-558666
-558499
-558427
-558398
-558355
-558278
-558252
-558190
-558024
-558018
-557985
-557905
-557774
-557760
-557751
-557730
-557675
-557657
-557577
-557505
-557475
-557465
-557426
-557350
-557332
-557108
-557083
-557037
-556995
-556950
-556834
-556747
-556607
-556569
-556457
-556315
-556265
-556186
-555987
-555942
-555853
-555842
-555828
-555815
-555708
-555704
-555418
-555404
-555400
-555371
-555362
-555356
-555188
-555169
-555154
-555142
-555034
-555015
-554996
-554908
-554853
-554761
-554739
-554584
-554346
-554303
-554287
-554282
-554196
-554170
-554109
-554101
-553983
-553799
-553793
-553760
-553725
-553668
-553640
-553634
-553532
-553400
-553396
-553245
-553237
-553233
-553195
-553187
-553145
-553074
-553066
-552973
-552952
-552835
-552787
-552760
-552666
-552636
-552617
-552597
-552540
-552504
-552496
-552494
-552444
-552406
-552399
-552390
-552382
-552320
-552319
-552151
-552150
-552129
-552086
-552018
-552000
-551994
-551959
-551898
-551758
-551640
-551616
-551597
-551492
-551489
-551481
-551428
-551421
-551373
-551331
-551293
-551237
-551219
-551179
-551141
-551087
-551069
-550940
-550923
-550833
-550798
-550781
-550767
-550671
-550576
-550527
-550487
-550469
-550348
-550345
-550217
-550188
-550181
-550155
-549991
-549962
-549882
-549867
-549844
-549844
-549810
-549808
-549743
-549718
-549676
-549630
-549578
-549519
-549488
-549483
-549231
-549129
-549019
-548998
-548976
-548858
-548773
-548708
-548589
-548580
-548498
-548455
-548447
-548359
-548325
-548226
-548174
-548130
-548075
-548040
-548022
-548015
-547963
-547928
-547923
-547796
-547778
-547752
-547738
-547603
-547496
-547400
-547315
-547168
-547144
-547115
-547001
-546908
-546868
-546748
-546601
-546569
-546426
-546381
-546349
-546316
-546205
-546174
-546166
-546040
-546007
-545996
-545965
-545774
-545694
-545651
-545464
-545354
-545334
-544984
-544853
-544708
-544644
-544639
-544630
-544490
-544489
-544479
-544468
-544383
-544372
-544336
-544312
-544210
-544175
-543998
-543969
-543969
-543911
-543862
-543857
-543781
-543725
-543722
-543698
-543677
-543625
-543445
-543357
-543316
-543045
-542904
-542794
-542787
-542636
-542602
-542590
-542550
-542452
-542336
-542313
-542237
-542031
-542021
-541983
-541965
-541775
-541704
-541665
-541477
-541390
-541348
-541214
-541133
-541130
-541029
-540793
-540781
-540614
-540591
-540486
-540390
-540385
-540381
-540289
-540278
-540239
-540172
-540061
-539975
-539843
-539669
-539658
-539623
-539481
-539405
-539248
-539236
-539229
-539177
-539130
-539104
-539035
-539002
-538943
-538932
-538854
-538804
-538661
-538527
-538520
-538505
-538498
-538491
-538237
-538192
-538190
-538113
-538076
-538047
-538039
-537795
-537776
-537732
-537723
-537702
-537666
-537601
-537458
-537309
-537251
-537247
-537101
-537067
-537058
-537046
-536738
-536625
-536619
-536598
-536557
-536421
-536384
-536371
-536349
-536201
-536166
-536066
-536062
-536045
-535949
-535840
-535592
-535434
-535348
-535285
-535246
-535175
-535148
-535141
-535099
-534982
-534817
-534770
-534681
-534662
-534650
-534616
-534549
-534537
-534441
-534435
-534385
-534359
-534322
-534295
-534265
-534265
-534200
-534149
-534113
-534063
-534011
-533959
-533862
-533861
-533841
-533791
-533785
-533641
-533621
-533540
-533489
-533482
-533354
-533284
-533281
-533255
-533072
-532911
-532856
-532791
-532776
-532525
-532463
-532440
-532341
-532295
-532282
-532280
-532195
-532093
-531988
-531805
-531710
-531623
-531484
-531467
-531460
-531393
-531372
-531272
-531150
-531085
-531054
-531007
-530997
-530851
-530843
-530754
-530708
-530652
-530618
-530540
-530523
-530457
-530450
-530408
-530252
-530056
-530043
-530041
-529993
-529972
-529838
-529684
-529661
-529299
-529251
-529109
-529037
-529020
-528998
-528972
-528967
-528664
-528513
-528419
-528414
-528333
-528324
-528298
-528268
-528196
-528193
-528068
-528027
-528019
-527911
-527798
-527797
-527797
-527567
-527544
-527485
-527462
-527340
-527278
-527187
-527139
-527125
-527093
-527034
-526937
-526928
-526878
-526877
-526742
-526630
-526607
-526583
-526555
-526543
-526529
-526521
-526484
-526459
-526458
-526326
-526296
-526225
-526202
-526196
-526173
-526112
-525980
-525920
-525861
-525757
-525555
-525399
-525374
-525137
-525081
-525034
-524822
-524597
-524574
-524324
-524079
-524078
-523958
-523912
-523631
-523566
-523374
-523340
-523324
-523244
-523181
-523090
-523001
-522907
-522891
-522866
-522856
-522827
-522804
-522795
-522768
-522716
-522682
-522598
-522583
-522566
-522505
-522501
-522356
-522334
-522294
-522230
-522229
-522214
-522067
-522033
-522029
-521980
-521945
-521922
-521755
-521738
-521669
-521580
-521567
-521551
-521513
-521494
-521399
-521208
-521177
-521153
-521134
-521117
-521098
-521057
-520996
-520971
-520959
-520945
-520921
-520910
-520798
-520793
-520754
-520592
-520554
-520513
-520478
-520466
-520459
-520459
-520131
-520072
-520012
-519944
-519903
-519848
-519811
-519748
-519730
-519695
-519660
-519639
-519549
-519427
-519249
-519222
-519138
-518874
-518843
-518779
-518683
-518591
-518451
-518444
-518213
-518167
-518145
-518135
-518087
-518028
-517963
-517950
-517941
-517827
-517774
-517761
-517742
-517740
-517718
-517607
-517579
-517512
-517478
-517301
-517210
-517123
-517087
-517076
-517068
-517053
-517017
-517000
-516936
-516928
-516772
-516696
-516680
-516643
-516619
-516582
-516549
-516541
-516507
-516321
-516292
-516114
-516006
-515998
-515910
-515905
-515872
-515868
-515589
-515518
-514980
-514960
-514938
-514929
-514895
-514712
-514477
-514421
-514357
-514303
-514213
-514205
-514101
-514086
-513943
-513917
-513886
-513491
-513483
-513351
-513272
-513263
-513122
-513087
-513075
-513011
-512913
-512739
-512622
-512573
-512448
-512377
-512230
-512193
-512176
-512151
-512103
-512018
-511859
-511755
-511742
-511723
-511631
-511571
-511563
-511531
-511524
-511511
-511452
-511387
-511374
-511331
-511267
-511238
-511195
-511165
-511121
-510796
-510594
-510494
-510323
-510087
-510030
-509994
-509990
-509902
-509842
-509839
-509834
-509793
-509765
-509759
-509736
-509645
-509619
-509515
-509474
-509448
-509324
-509228
-509222
-509180
-509169
-509101
-509041
-508971
-508952
-508886
-508815
-508737
-508508
-508281
-508191
-508162
-508145
-508144
-508121
-508048
-507960
-507910
-507887
-507852
-507843
-507817
-507738
-507658
-507552
-507544
-507424
-507341
-507230
-507219
-507218
-507049
-506811
-506792
-506744
-506729
-506618
-506560
-506542
-506465
-506436
-506378
-506295
-506136
-506120
-506103
-506046
-506010
-505939
-505875
-505814
-505784
-505765
-505682
-505623
-505607
-505570
-505514
-505493
-505452
-505382
-505271
-505254
-505243
-505242
-505236
-505216
-505185
-505084
-504790
-504630
-504401
-504378
-504359
-504303
-504267
-504231
-504167
-504106
-504099
-504077
-504062
-503980
-503925
-503843
-503827
-503789
-503754
-503741
-503704
-503684
-503481
-503403
-503305
-503161
-503066
-503063
-503014
-502852
-502796
-502644
-502503
-502502
-502418
-502022
-502019
-501923
-501895
-501852
-501821
-501711
-501676
-501646
-501612
-501490
-501441
-501416
-501413
-501201
-501193
-501093
-501003
-500997
-500930
-500868
-500744
-500692
-500670
-500665
-500556
-500403
-500362
-500328
-500296
-500286
-500128
-500033
-499998
-499997
-499961
-499941
-499907
-499898
-499735
-499507
-499496
-499196
-499196
-499113
-499097
-499031
-498858
-498835
-498766
-498729
-498711
-498705
-498666
-498572
-498541
-498540
-498530
-498377
-498368
-498265
-498203
-498099
-498054
-497958
-497866
-497830
-497814
-497785
-497769
-497761
-497674
-497618
-497556
-497517
-497259
-497252
-497223
-497176
-497158
-497126
-497121
-497100
-497074
-496970
-496969
-496942
-496909
-496886
-496749
-496740
-496620
-496616
-496520
-496515
-496483
-496148
-496136
-496104
-495989
-495933
-495875
-495822
-495758
-495678
-495564
-495492
-495456
-495362
-495283
-495269
-495155
-495036
-494949
-494925
-494736
-494617
-494586
-494494
-494452
-494133
-494117
-494076
-494021
-493919
-493821
-493745
-493486
-493362
-493342
-493302
-493278
-493174
-493094
-493003
-492963
-492947
-492936
-492921
-492815
-492795
-492790
-492677
-492599
-492477
-492426
-492382
-492308
-492308
-492298
-492291
-492283
-492179
-492132
-492095
-492095
-492004
-491965
-491809
-491654
-491585
-491560
-491478
-491388
-491137
-491129
-491112
-491055
-490945
-490886
-490858
-490785
-490733
-490697
-490623
-490615
-490572
-490567
-490473
-490448
-490438
-490342
-490270
-490210
-489788
-489679
-489591
-489375
-489333
-489327
-489197
-489098
-489019
-488901
-488881
-488797
-488796
-488793
-488791
-488791
-488788
-488694
-488631
-488587
-488580
-488554
-488538
-488480
-488396
-488324
-488211
-488161
-488137
-487924
-487709
-487650
-487564
-487550
-487487
-487474
-487456
-487454
-487150
-487148
-487082
-487045
-487040
-487011
-486926
-486902
-486888
-486823
-486766
-486744
-486703
-486662
-486594
-486535
-486514
-486342
-486209
-486052
-485953
-485946
-485771
-485755
-485752
-485734
-485726
-485699
-485643
-485574
-485484
-485370
-485321
-485302
-485266
-485173
-485112
-485065
-485058
-485049
-484988
-484944
-484846
-484672
-484595
-484586
-484586
-484539
-484517
-484437
-484355
-484312
-484224
-484118
-484037
-483813
-483785
-483755
-483574
-483495
-483362
-483197
-483164
-483129
-483022
-482983
-482907
-482856
-482796
-482641
-482345
-482229
-482141
-482133
-482036
-482012
-482009
-481919
-481850
-481755
-481687
-481683
-481666
-481607
-481356
-481324
-481288
-481263
-481164
-481083
-481008
-480977
-480945
-480816
-480806
-480710
-480659
-480612
-480486
-480370
-480360
-480277
-480259
-480196
-480188
-480117
-480117
-479988
-479961
-479957
-479912
-479831
-479762
-479640
-479614
-479596
-479545
-479463
-479390
-479299
-479201
-479074
-479056
-478965
-478820
-478813
-478546
-478529
-478524
-478521
-478399
-478184
-478099
-478094
-477973
-477933
-477809
-477749
-477709
-477433
-477310
-477179
-477145
-477094
-477085
-477049
-477029
-477017
-476924
-476919
-476808
-476806
-476804
-476756
-476665
-476647
-476499
-476378
-476366
-476259
-476223
-475991
-475990
-475990
-475934
-475899
-475883
-475803
-475606
-475541
-475500
-475466
-475441
-475416
-475341
-475283
-475202
-475194
-475094
-474966
-474927
-474875
-474841
-474562
-474544
-474377
-474376
-474301
-474292
-474118
-474099
-473992
-473973
-473914
-473842
-473774
-473767
-473747
-473734
-473698
-473574
-473523
-473227
-473226
-473172
-472799
-472749
-472678
-472624
-472613
-472375
-472336
-472287
-472273
-472227
-472208
-472111
-472105
-471864
-471731
-471680
-471673
-471657
-471620
-471607
-471600
-471480
-471426
-471419
-471277
-471275
-471259
-471169
-471145
-470873
-470835
-470828
-470739
-470728
-470724
-470610
-470546
-470308
-470256
-470076
-470070
-470005
-469931
-469695
-469540
-469471
-469461
-469449
-469429
-469351
-469068
-469021
-468780
-468716
-468644
-468551
-468490
-468397
-468360
-468297
-468254
-468247
-468238
-468185
-468090
-468023
-467738
-467718
-467676
-467620
-467572
-467543
-467437
-467433
-467385
-467377
-467364
-467290
-467215
-467146
-466969
-466927
-466918
-466831
-466804
-466756
-466723
-466720
-466649
-466553
-466453
-466449
-466390
-466302
-466287
-466176
-466126
-466095
-466092
-466001
-465923
-465815
-465792
-465710
-465709
-465683
-465679
-465624
-465565
-465297
-465290
-465189
-465161
-465087
-464923
-464872
-464725
-464545
-464527
-464469
-464423
-464315
-464306
-464279
-464241
-464192
-464143
-463976
-463868
-463841
-463834
-463735
-463622
-463611
-463609
-463485
-463460
-463420
-463389
-463388
-463378
-463298
-463269
-463229
-463218
-463194
-463089
-463073
-463059
-463033
-462967
-462889
-462877
-462856
-462759
-462720
-462701
-462604
-462602
-462554
-462492
-462423
-462271
-462207
-462205
-462071
-462031
-462030
-461872
-461847
-461676
-461620
-461609
-461609
-461580
-461470
-461450
-461407
-461387
-461289
-461134
-461031
-461023
-460784
-460693
-460567
-460481
-460395
-460387
-460385
-460322
-460304
-460296
-460165
-460145
-460124
-460063
-460063
-459896
-459715
-459710
-459587
-459570
-459559
-459468
-459403
-459385
-459384
-459116
-458796
-458734
-458712
-458702
-458542
-458528
-458505
-458413
-458271
-458221
-458027
-457952
-457951
-457938
-457818
-457783
-457748
-457678
-457587
-457403
-457390
-457186
-457157
-457051
-456986
-456966
-456957
-456866
-456859
-456697
-456611
-456559
-456473
-456438
-456432
-456220
-456169
-456155
-456146
-456098
-456068
-456040
-455964
-455919
-455828
-455825
-455738
-455626
-455545
-455472
-455464
-455210
-455117
-455029
-454974
-454919
-454907
-454778
-454689
-454597
-454580
-454402
-454373
-454304
-454258
-454208
-454072
-453896
-453871
-453811
-453806
-453727
-453669
-453613
-453588
-453568
-453562
-453550
-453271
-453161
-453119
-453083
-452873
-452809
-452738
-452634
-452589
-452559
-452427
-452391
-452357
-452312
-451912
-451865
-451860
-451824
-451787
-451754
-451712
-451644
-451554
-451449
-451055
-450986
-450929
-450809
-450807
-450602
-450588
-450407
-450358
-450327
-450299
-450292
-450186
-450063
-450052
-450045
-450000
-449969
-449883
-449757
-449655
-449641
-449633
-449533
-449511
-449463
-449377
-449352
-449228
-449224
-449205
-449195
-449116
-449080
-449043
-449032
-448871
-448787
-448774
-448725
-448711
-448578
-448573
-448572
-448491
-448432
-448410
-448382
-448348
-448309
-448225
-448137
-448135
-448121
-448084
-447963
-447904
-447888
-447856
-447715
-447458
-447413
-447363
-447344
-447182
-447151
-447095
-447089
-446967
-446892
-446830
-446783
-446712
-446684
-446642
-446570
-446461
-446359
-446332
-446273
-446043
-446005
-445994
-445934
-445891
-445849
-445823
-445781
-445666
-445526
-445497
-445457
-445398
-445323
-445255
-444991
-444903
-444837
-444812
-444801
-444524
-444522
-444485
-444483
-444454
-444432
-444428
-444236
-444229
-444155
-444050
-444037
-443953
-443763
-443734
-443725
-443719
-443622
-443593
-443526
-443437
-443386
-443374
-443323
-443244
-443092
-442627
-442606
-442579
-442510
-442464
-442358
-442330
-442176
-442118
-442051
-442037
-441946
-441799
-441752
-441635
-441574
-441462
-441415
-441253
-441233
-441182
-441156
-441060
-441031
-440940
-440930
-440926
-440899
-440894
-440834
-440811
-440673
-440672
-440611
-440509
-440471
-440422
-440360
-440276
-440205
-440161
-440054
-440027
-439894
-439863
-439736
-439463
-439425
-439344
-439205
-439127
-439126
-439012
-438909
-438818
-438666
-438627
-438568
-438549
-438335
-438277
-438149
-438148
-437987
-437954
-437534
-437528
-437517
-437407
-437342
-437320
-437253
-437088
-437074
-437063
-437052
-436991
-436929
-436919
-436832
-436783
-436759
-436677
-436633
-436491
-436441
-436216
-436095
-436083
-435826
-435822
-435813
-435650
-435518
-435515
-435477
-435454
-435374
-435344
-435313
-435277
-435249
-435206
-434997
-434995
-434939
-434934
-434763
-434696
-434608
-434550
-434465
-434359
-434341
-434249
-434182
-434140
-434129
-434096
-434023
-433934
-433905
-433892
-433883
-433786
-433782
-433729
-433681
-433588
-433242
-433224
-433224
-433207
-433202
-433154
-433060
-433042
-432955
-432922
-432917
-432870
-432851
-432821
-432794
-432781
-432677
-432653
-432509
-432419
-432402
-432397
-432088
-431960
-431956
-431910
-431901
-431881
-431876
-431872
-431840
-431828
-431688
-431684
-431677
-431656
-431494
-431479
-431359
-431358
-431346
-431063
-430938
-430936
-430817
-430746
-430692
-430593
-430552
-430499
-430446
-430371
-430349
-430323
-430229
-430228
-430018
-429993
-429929
-429927
-429881
-429797
-429739
-429734
-429691
-429688
-429668
-429619
-429555
-429379
-429378
-429295
-429206
-429118
-429110
-429092
-428969
-428956
-428942
-428935
-428933
-428917
-428906
-428906
-428838
-428725
-428630
-428629
-428625
-428499
-428431
-428415
-428399
-428378
-428289
-428191
-428187
-428135
-428085
-427903
-427899
-427878
-427856
-427837
-427712
-427616
-427610
-427599
-427591
-427548
-427533
-427511
-427383
-427254
-427178
-426873
-426848
-426842
-426832
-426789
-426765
-426701
-426679
-426641
-426564
-426280
-426252
-426128
-426065
-425866
-425866
-425827
-425718
-425697
-425688
-425636
-425568
-425526
-425513
-425469
-425317
-425027
-424971
-424889
-424884
-424842
-424826
-424825
-424685
-424678
-424512
-424491
-424381
-424362
-424336
-424224
-424077
-424026
-424025
-424003
-423955
-423939
-423880
-423822
-423786
-423771
-423680
-423670
-423579
-423573
-423573
-423530
-423433
-423410
-423335
-423259
-423213
-423152
-422981
-422938
-422894
-422862
-422784
-422770
-422759
-422674
-422652
-422627
-422611
-422589
-422580
-422555
-422467
-422438
-422396
-422331
-422310
-422176
-422098
-422012
-421886
-421867
-421845
-421831
-421810
-421800
-421784
-421627
-421598
-421589
-421573
-421459
-421456
-421440
-421387
-421346
-421180
-421142
-421113
-421113
-420878
-420805
-420796
-420730
-420700
-420677
-420654
-420646
-420512
-420442
-420418
-420385
-420343
-420253
-420142
-420035
-420016
-419972
-419950
-419929
-419905
-419852
-419754
-419694
-419617
-419609
-419456
-419437
-419345
-419332
-419240
-419004
-418955
-418774
-418724
-418602
-418569
-418534
-418518
-418437
-418401
-418377
-418316
-418160
-418089
-418047
-418039
-417990
-417966
-417960
-417947
-417863
-417762
-417749
-417728
-417697
-417696
-417694
-417674
-417596
-417521
-417517
-417445
-417148
-417104
-417099
-416946
-416882
-416845
-416834
-416708
-416697
-416685
-416600
-416539
-416347
-416217
-416178
-416176
-416144
-416095
-416073
-416067
-416010
-415959
-415856
-415779
-415706
-415644
-415624
-415624
-415590
-415488
-415421
-415380
-415376
-415373
-415309
-415290
-415208
-415199
-415051
-414999
-414939
-414900
-414756
-414742
-414734
-414597
-414550
-414528
-414508
-414416
-414397
-414376
-414340
-414337
-414336
-414237
-414202
-414191
-414142
-413779
-413749
-413696
-413684
-413634
-413577
-413457
-413248
-413099
-413081
-413057
-413017
-412965
-412951
-412933
-412847
-412833
-412820
-412646
-412589
-412481
-412300
-412212
-412005
-411996
-411993
-411883
-411867
-411858
-411802
-411774
-411773
-411753
-411686
-411630
-411614
-411597
-411535
-411525
-411514
-411347
-411345
-411295
-411272
-411215
-411203
-411172
-411167
-411082
-411014
-410858
-410805
-410783
-410742
-410721
-410701
-410670
-410591
-410550
-410538
-410425
-410398
-410219
-410194
-410133
-410130
-410123
-410056
-410005
-409977
-409673
-409594
-409588
-409561
-409561
-409482
-409467
-409454
-409436
-409427
-409425
-409404
-409303
-409280
-409037
-409029
-408972
-408908
-408895
-408798
-408736
-408736
-408654
-408644
-408607
-408572
-408380
-408309
-408221
-407954
-407803
-407738
-407721
-407703
-407638
-407603
-407577
-407575
-407522
-407509
-407442
-407263
-407164
-407081
-407081
-407073
-406920
-406880
-406865
-406804
-406790
-406754
-406704
-406546
-406492
-406402
-406306
-406120
-405977
-405977
-405914
-405657
-405496
-405455
-405424
-405272
-405161
-405153
-405076
-405019
-405018
-404893
-404835
-404806
-404792
-404762
-404701
-404689
-404587
-404586
-404578
-404359
-404340
-404212
-404196
-404048
-404025
-404001
-403948
-403843
-403822
-403794
-403775
-403767
-403574
-403501
-403418
-403084
-403059
-403008
-402933
-402883
-402657
-402649
-402586
-402421
-402420
-402397
-402348
-402275
-402200
-402063
-401984
-401937
-401921
-401908
-401831
-401750
-401688
-401616
-401518
-401508
-401486
-401428
-401302
-401288
-401186
-401098
-401039
-400840
-400719
-400669
-400596
-400524
-400509
-400466
-400389
-400336
-400313
-400300
-400187
-400169
-400167
-400152
-400066
-400062
-400040
-399956
-399904
-399900
-399885
-399851
-399706
-399545
-399544
-399515
-399441
-399284
-399246
-399236
-399222
-399104
-399076
-399069
-399052
-398965
-398928
-398856
-398833
-398782
-398630
-398402
-398265
-398153
-398134
-397955
-397851
-397796
-397775
-397503
-397383
-397291
-397255
-397231
-397195
-396951
-396905
-396881
-396845
-396826
-396796
-396743
-396738
-396670
-396630
-396600
-396440
-396429
-396296
-396235
-396205
-396180
-396165
-396141
-395848
-395843
-395796
-395790
-395736
-395727
-395691
-395533
-395327
-395281
-395121
-395103
-394977
-394948
-394806
-394786
-394765
-394755
-394685
-394645
-394456
-394180
-394044
-394028
-393996
-393807
-393757
-393731
-393574
-393306
-393287
-393241
-393219
-392976
-392894
-392880
-392813
-392753
-392731
-392719
-392684
-392431
-392391
-392373
-392362
-392346
-392285
-392282
-392230
-392212
-392043
-392006
-391938
-391804
-391751
-391616
-391473
-391451
-391328
-391321
-391246
-391209
-391136
-391026
-391010
-390965
-390942
-390662
-390605
-390576
-390548
-390446
-390426
-390229
-390207
-390206
-390161
-390134
-390083
-390056
-389939
-389752
-389692
-389620
-389494
-389407
-389404
-389379
-389299
-389293
-389197
-389111
-389100
-389089
-388855
-388812
-388754
-388602
-388594
-388486
-388481
-388391
-388384
-388254
-388178
-388132
-388129
-388057
-388034
-388017
-388009
-387923
-387916
-387869
-387821
-387804
-387693
-387653
-387649
-387618
-387601
-387552
-387545
-387531
-387375
-387360
-387279
-387259
-387184
-387133
-387067
-387022
-387004
-386998
-386808
-386808
-386781
-386456
-386423
-386359
-386355
-386349
-386061
-386047
-386011
-385976
-385948
-385903
-385880
-385826
-385645
-385575
-385456
-385394
-385388
-385376
-385344
-385195
-385182
-385158
-385060
-385055
-385049
-385045
-385001
-384954
-384943
-384933
-384746
-384704
-384653
-384634
-384517
-384476
-384408
-384303
-384118
-384048
-383960
-383810
-383683
-383575
-383529
-383477
-383441
-383413
-383272
-383248
-383241
-383212
-383206
-383181
-383163
-383102
-383017
-382840
-382834
-382723
-382605
-382602
-382327
-382293
-382212
-382197
-382156
-381823
-381657
-381634
-381628
-381621
-381616
-381476
-381411
-381405
-381320
-381168
-381110
-381001
-380830
-380808
-380800
-380754
-380741
-380587
-380515
-380490
-380481
-380453
-380290
-380260
-380176
-380143
-380135
-380089
-379995
-379982
-379951
-379897
-379865
-379807
-379800
-379793
-379787
-379760
-379656
-379637
-379634
-379568
-379537
-379434
-379350
-379335
-379277
-379235
-379206
-379144
-379104
-378986
-378802
-378778
-378754
-378630
-378624
-378606
-378572
-378570
-378189
-378016
-377979
-377948
-377930
-377854
-377844
-377729
-377599
-377559
-377404
-377302
-377121
-377114
-377019
-376981
-376966
-376965
-376958
-376940
-376884
-376883
-376830
-376498
-376387
-376255
-376139
-376012
-375983
-375945
-375869
-375867
-375666
-375626
-375403
-375388
-375246
-375207
-375174
-375133
-375029
-374961
-374923
-374824
-374646
-374581
-374465
-374367
-374357
-374355
-374099
-374048
-373907
-373887
-373879
-373831
-373744
-373697
-373694
-373554
-373532
-373486
-373440
-373419
-373346
-373328
-373183
-373063
-373055
-372976
-372972
-372961
-372957
-372905
-372905
-372893
-372814
-372528
-372508
-372362
-372356
-372313
-372308
-372304
-372304
-372262
-372215
-372150
-372141
-372065
-372015
-371999
-371994
-371944
-371878
-371797
-371688
-371597
-371513
-371426
-371417
-371293
-371161
-371080
-371063
-370797
-370787
-370545
-370534
-370489
-370473
-370468
-370436
-370382
-370364
-370338
-370276
-370113
-370046
-370006
-369995
-369937
-369925
-369734
-369732
-369609
-369605
-369568
-369535
-369525
-369398
-369322
-369309
-369271
-369208
-369075
-369067
-368992
-368939
-368918
-368783
-368682
-368637
-368602
-368582
-368513
-368479
-368402
-368354
-368330
-368274
-368018
-367715
-367703
-367665
-367637
-367512
-367457
-367428
-367368
-367309
-367293
-367185
-366983
-366927
-366874
-366838
-366676
-366656
-366621
-366541
-366532
-366444
-366262
-366255
-366046
-366045
-365976
-365946
-365914
-365768
-365762
-365728
-365667
-365648
-365618
-365614
-365545
-365535
-365495
-365385
-365359
-365116
-365012
-364983
-364970
-364814
-364773
-364736
-364716
-364605
-364568
-364563
-364539
-364512
-364487
-364351
-364350
-364335
-364251
-364137
-364096
-363995
-363929
-363823
-363773
-363752
-363735
-363727
-363697
-363642
-363626
-363590
-363568
-363522
-363509
-363498
-363455
-363386
-363338
-363265
-363262
-363243
-363234
-363157
-363013
-363010
-362994
-362907
-362865
-362857
-362839
-362785
-362736
-362679
-362675
-362536
-362519
-362457
-362163
-362070
-361893
-361880
-361878
-361832
-361790
-361789
-361717
-361640
-361555
-361497
-361470
-361333
-361247
-361008
-360838
-360753
-360668
-360668
-360466
-360273
-360005
-359922
-359903
-359838
-359825
-359798
-359757
-359684
-359592
-359484
-359422
-359399
-359282
-359192
-359147
-359004
-358982
-358913
-358847
-358844
-358786
-358785
-358723
-358682
-358635
-358602
-358592
-358555
-358554
-358406
-358374
-358300
-358188
-358144
-358141
-358040
-357891
-357864
-357809
-357801
-357652
-357571
-357499
-357419
-357283
-357192
-357186
-357132
-357054
-357043
-357037
-356954
-356867
-356849
-356801
-356757
-356600
-356466
-356396
-356349
-356228
-356206
-356171
-356115
-356106
-355984
-355888
-355841
-355828
-355792
-355766
-355734
-355510
-355483
-355445
-355401
-355265
-355254
-355126
-355095
-354978
-354863
-354848
-354734
-354724
-354684
-354582
-354574
-354562
-354514
-354294
-354259
-354172
-354167
-354097
-353977
-353899
-353892
-353866
-353740
-353739
-353719
-353633
-353602
-353578
-353481
-353428
-353409
-353388
-353361
-353230
-353072
-352989
-352861
-352805
-352728
-352717
-352637
-352629
-352527
-352292
-352252
-352227
-352226
-352220
-352196
-352069
-352027
-351969
-351758
-351663
-351631
-351452
-351447
-351444
-351441
-351376
-351325
-351303
-351301
-351263
-351242
-351221
-351166
-351113
-351096
-350917
-350912
-350904
-350854
-350704
-350531
-350507
-350395
-350382
-350370
-350343
-350313
-350146
-350143
-350139
-349981
-349840
-349701
-349448
-349361
-349199
-349103
-349023
-348833
-348816
-348791
-348704
-348692
-348674
-348592
-348449
-348239
-348161
-348129
-348106
-347984
-347978
-347931
-347912
-347838
-347838
-347770
-347761
-347739
-347712
-347578
-347514
-347452
-347431
-347386
-347295
-347265
-347208
-347189
-347116
-347018
-347011
-346996
-346982
-346979
-346952
-346935
-346924
-346858
-346772
-346695
-346558
-346490
-346400
-346391
-346380
-346312
-346288
-346185
-346099
-346053
-346051
-345998
-345980
-345926
-345875
-345727
-345663
-345663
-345575
-345516
-345478
-345474
-345307
-345158
-345141
-345134
-345080
-344958
-344881
-344603
-344470
-344440
-344422
-344408
-344352
-344324
-344293
-344258
-344224
-344164
-344068
-344063
-344050
-343961
-343898
-343704
-343635
-343633
-343440
-343438
-343400
-343213
-343194
-343168
-343106
-343075
-343051
-343049
-343018
-342916
-342914
-342840
-342759
-342659
-342514
-342433
-342334
-342303
-342236
-342092
-342005
-341934
-341850
-341726
-341517
-341390
-341323
-341175
-341148
-341101
-340966
-340938
-340855
-340777
-340678
-340670
-340555
-340504
-340497
-340446
-340415
-340388
-340364
-340283
-340229
-340193
-340057
-340027
-339918
-339890
-339828
-339800
-339707
-339698
-339647
-339617
-339485
-339442
-339347
-339209
-339174
-339055
-339028
-338957
-338857
-338841
-338722
-338618
-338397
-338356
-338336
-338278
-338257
-338226
-338200
-338139
-338108
-337966
-337827
-337818
-337758
-337705
-337260
-337204
-337198
-337094
-337060
-336988
-336939
-336907
-336614
-336601
-336547
-336536
-336525
-336308
-336176
-336105
-335999
-335916
-335657
-335622
-335379
-335318
-335297
-335257
-335130
-335102
-335101
-335064
-334897
-334854
-334832
-334810
-334631
-334576
-334495
-334366
-334331
-334219
-334205
-334173
-334008
-333948
-333848
-333753
-333730
-333723
-333629
-333604
-333574
-333504
-333421
-333397
-333349
-333276
-333264
-333134
-333103
-333101
-333059
-332960
-332931
-332807
-332792
-332716
-332703
-332654
-332439
-332439
-332387
-332269
-332251
-332238
-332189
-332165
-332070
-332045
-332006
-331923
-331920
-331828
-331790
-331730
-331720
-331645
-331592
-331574
-331490
-331403
-331279
-331112
-331112
-331105
-331079
-330872
-330809
-330733
-330672
-330428
-330377
-330295
-330004
-329968
-329935
-329837
-329769
-329757
-329691
-329671
-329654
-329646
-329624
-329490
-329452
-329427
-329412
-329408
-329204
-329134
-329079
-328906
-328861
-328812
-328717
-328688
-328619
-328600
-328599
-328459
-328454
-328453
-328404
-328341
-328298
-328264
-328253
-327875
-327786
-327670
-327652
-327583
-327511
-327467
-327437
-327240
-327158
-327152
-327130
-327118
-327098
-327055
-327052
-327044
-327036
-326879
-326871
-326851
-326802
-326773
-326709
-326686
-326592
-326560
-326559
-326344
-326332
-326276
-326122
-326102
-326019
-326009
-325929
-325830
-325818
-325766
-325754
-325723
-325721
-325654
-325617
-325465
-325362
-325224
-325188
-325158
-325156
-325149
-325124
-325092
-325078
-324966
-324957
-324917
-324869
-324796
-324772
-324756
-324735
-324717
-324695
-324642
-324432
-324403
-324352
-324132
-324058
-323919
-323912
-323858
-323746
-323691
-323596
-323559
-323542
-323515
-323360
-323326
-323215
-322995
-322981
-322949
-322930
-322762
-322697
-322687
-322601
-322285
-322213
-322032
-322028
-322003
-321970
-321755
-321751
-321618
-321593
-321578
-321520
-321477
-321400
-321386
-321370
-321230
-321187
-321101
-321101
-321077
-321072
-321042
-320943
-320900
-320857
-320624
-320592
-320485
-320453
-320426
-320303
-320246
-320211
-320208
-320182
-320115
-319997
-319963
-319960
-319935
-319744
-319732
-319715
-319685
-319669
-319622
-319595
-319479
-319277
-319227
-319222
-319216
-319200
-319142
-319116
-318999
-318963
-318709
-318709
-318684
-318676
-318660
-318625
-318535
-318516
-318504
-318194
-318145
-318062
-317998
-317931
-317829
-317823
-317757
-317752
-317739
-317682
-317639
-317569
-317292
-317261
-317253
-317212
-317199
-317076
-317027
-317018
-316997
-316918
-316905
-316746
-316726
-316614
-316609
-316531
-316419
-316398
-316380
-316317
-316248
-316016
-315988
-315977
-315974
-315889
-315811
-315759
-315593
-315580
-315568
-315483
-315375
-315195
-315142
-315069
-315064
-314993
-314954
-314908
-314787
-314776
-314760
-314598
-314505
-314465
-314415
-314397
-314390
-314360
-314347
-314340
-314304
-314266
-314172
-314070
-314016
-313936
-313931
-313838
-313831
-313816
-313548
-313533
-313506
-313468
-313276
-313216
-313108
-313077
-313035
-312893
-312749
-312666
-312636
-312562
-312496
-312379
-312279
-312214
-312202
-311988
-311792
-311781
-311714
-311691
-311667
-311575
-311483
-311448
-311346
-311233
-310995
-310932
-310907
-310883
-310877
-310868
-310847
-310755
-310739
-310581
-310533
-310528
-310486
-310456
-310424
-310394
-310215
-310029
-310013
-309744
-309661
-309622
-309524
-309499
-309384
-309372
-309280
-309243
-309191
-309171
-309170
-309162
-309126
-309095
-309081
-309071
-309069
-309044
-308993
-308863
-308833
-308663
-308638
-308612
-308611
-308603
-308586
-308584
-308423
-308341
-308271
-308268
-308264
-308162
-308086
-308076
-308037
-308016
-307973
-307911
-307843
-307604
-307567
-307567
-307398
-307341
-307264
-307207
-307087
-306993
-306967
-306873
-306760
-306669
-306665
-306325
-306312
-306280
-306217
-306109
-306098
-306092
-305949
-305927
-305902
-305813
-305708
-305639
-305635
-305542
-305513
-305510
-305493
-305424
-305422
-305273
-305226
-304941
-304753
-304702
-304699
-304686
-304587
-304584
-304466
-304465
-304366
-304332
-304300
-304235
-304108
-304048
-304027
-303994
-303942
-303845
-303796
-303765
-303740
-303706
-303612
-303610
-303608
-303547
-303495
-303482
-303480
-303447
-303213
-303187
-303178
-303147
-303124
-302931
-302844
-302710
-302586
-302561
-302492
-302423
-302418
-302416
-302413
-302387
-302183
-302152
-302092
-301993
-301991
-301967
-301799
-301792
-301674
-301603
-301544
-301523
-301431
-301328
-301309
-301272
-301194
-301102
-301083
-301004
-300948
-300916
-300855
-300783
-300757
-300736
-300702
-300595
-300574
-300547
-300349
-300331
-300331
-300295
-300193
-300186
-300120
-300011
-299877
-299792
-299752
-299747
-299665
-299629
-299509
-299386
-299321
-299313
-299273
-299268
-299139
-299040
-298932
-298890
-298873
-298869
-298432
-298391
-298348
-298345
-298310
-298283
-298155
-298122
-298037
-297915
-297885
-297806
-297803
-297776
-297768
-297582
-297545
-297517
-297285
-297275
-297239
-297218
-297210
-297192
-297136
-297101
-297097
-297066
-297042
-296948
-296883
-296737
-296559
-296536
-296498
-296465
-296453
-296423
-296403
-296389
-296278
-296236
-296099
-295970
-295893
-295893
-295842
-295827
-295728
-295519
-295500
-295480
-295464
-295438
-295433
-295404
-295385
-295320
-295263
-295249
-295189
-295157
-295129
-295100
-295088
-295036
-294986
-294982
-294951
-294920
-294896
-294751
-294585
-294533
-294532
-294501
-294485
-294396
-294328
-294310
-294302
-294225
-294194
-294180
-294108
-294073
-293948
-293769
-293747
-293670
-293662
-293623
-293600
-293526
-293518
-293510
-293431
-293413
-293388
-293273
-293259
-293252
-293169
-293135
-293107
-293102
-293065
-293064
-292924
-292646
-292490
-292368
-292218
-292214
-292199
-292013
-291727
-291486
-291450
-291351
-291301
-291247
-291246
-291215
-291182
-291146
-291041
-290983
-290928
-290870
-290523
-290518
-290510
-290409
-290392
-290295
-290131
-290089
-290083
-289958
-289918
-289916
-289636
-289576
-289567
-289512
-289469
-289385
-289253
-289115
-289015
-288934
-288876
-288839
-288792
-288772
-288721
-288691
-288667
-288661
-288638
-288472
-288426
-288359
-288355
-288279
-288225
-288092
-288087
-287889
-287862
-287721
-287612
-287587
-287586
-287434
-287315
-287298
-287297
-287266
-287127
-287107
-287028
-287026
-286961
-286927
-286838
-286762
-286734
-286596
-286533
-286520
-286471
-286350
-286281
-286275
-286274
-286093
-286033
-285993
-285740
-285664
-285603
-285591
-285506
-285475
-285288
-285193
-285106
-285077
-285067
-284752
-284677
-284639
-284434
-284389
-284383
-284272
-284120
-284079
-284048
-284010
-283852
-283850
-283848
-283803
-283620
-283618
-283573
-283564
-283537
-283518
-283442
-283406
-283328
-283231
-283157
-283127
-282995
-282992
-282932
-282927
-282890
-282761
-282592
-282589
-282565
-282544
-282436
-282224
-282155
-281925
-281886
-281755
-281749
-281735
-281494
-281454
-281415
-281318
-281262
-281255
-281207
-281179
-280959
-280948
-280915
-280835
-280788
-280638
-280603
-280522
-280487
-280484
-280410
-280233
-280085
-280040
-279895
-279845
-279742
-279616
-279552
-279518
-279488
-279484
-279442
-279429
-279378
-279374
-279331
-279102
-279018
-279008
-278992
-278944
-278874
-278863
-278817
-278816
-278804
-278747
-278736
-278564
-278513
-278479
-278473
-278457
-278445
-278409
-278354
-278333
-278244
-278071
-277932
-277923
-277865
-277845
-277790
-277696
-277615
-277459
-277400
-277370
-276920
-276918
-276785
-276764
-276734
-276529
-276461
-276364
-276314
-276296
-276285
-276135
-276048
-276013
-276002
-275989
-275951
-275798
-275735
-275628
-275593
-275527
-275519
-275506
-275458
-275345
-275304
-275225
-275118
-275092
-275046
-274991
-274952
-274551
-274431
-274366
-274353
-274338
-274334
-274287
-274249
-274088
-274072
-274041
-273914
-273887
-273814
-273793
-273659
-273500
-273429
-273378
-273166
-273120
-272991
-272968
-272810
-272764
-272635
-272579
-272375
-272365
-272365
-272211
-272208
-272174
-272106
-271991
-271939
-271822
-271757
-271716
-271690
-271621
-271601
-271515
-271398
-271217
-271132
-271049
-271041
-270839
-270832
-270633
-270569
-270363
-270257
-270238
-270209
-270170
-270144
-270131
-270128
-270091
-269827
-269767
-269648
-269622
-269614
-269566
-269513
-269503
-269185
-269041
-268952
-268884
-268797
-268725
-268413
-268374
-268256
-268222
-268124
-268107
-268095
-267988
-267907
-267770
-267755
-267744
-267623
-267601
-267557
-267529
-267492
-267452
-267442
-267381
-267226
-267079
-267054
-267035
-266950
-266923
-266819
-266816
-266719
-266658
-266633
-266425
-266264
-266245
-266210
-266206
-266203
-266153
-266106
-265957
-265858
-265670
-265599
-265480
-265389
-265269
-265144
-265103
-265101
-265090
-264924
-264849
-264788
-264775
-264696
-264680
-264633
-264626
-264413
-264325
-264151
-264141
-264080
-264005
-263919
-263817
-263788
-263778
-263748
-263721
-263628
-263573
-263450
-263332
-263227
-263221
-263207
-263193
-263134
-263100
-263044
-263019
-263013
-262824
-262799
-262642
-262567
-262434
-262377
-262363
-262353
-262275
-262249
-262036
-261978
-261896
-261878
-261834
-261795
-261769
-261534
-261514
-261506
-261368
-261187
-261133
-260924
-260804
-260703
-260688
-260647
-260513
-260373
-260280
-260221
-260039
-260033
-259963
-259923
-259839
-259577
-259543
-259517
-259488
-259479
-259193
-259140
-259006
-258908
-258799
-258789
-258753
-258680
-258676
-258631
-258533
-258414
-258271
-258189
-258096
-257992
-257953
-257909
-257855
-257811
-257791
-257658
-257654
-257629
-257577
-257485
-257457
-257447
-257415
-257306
-257286
-257281
-257206
-257117
-257093
-257045
-256967
-256946
-256867
-256695
-256680
-256567
-256539
-256406
-256347
-256291
-256288
-256279
-256257
-255963
-255896
-255621
-255536
-255463
-255400
-255234
-255214
-255209
-255156
-255125
-255087
-254909
-254802
-254697
-254528
-254484
-254438
-254359
-254352
-254149
-254032
-254008
-253850
-253773
-253676
-253617
-253469
-253296
-253258
-253228
-253189
-253152
-253137
-253092
-253011
-252941
-252895
-252879
-252795
-252650
-252639
-252589
-252551
-252513
-252243
-252241
-252213
-252166
-252133
-252130
-252059
-251992
-251752
-251714
-251702
-251638
-251567
-251475
-251437
-251267
-251170
-251152
-251139
-251135
-251099
-251051
-251014
-250881
-250827
-250616
-250603
-250494
-250274
-250216
-250149
-250112
-250079
-249996
-249988
-249985
-249878
-249834
-249829
-249774
-249508
-249500
-249336
-249312
-249261
-249213
-249154
-249038
-249007
-248988
-248890
-248872
-248831
-248818
-248733
-248663
-248512
-248453
-248420
-248286
-248276
-248253
-248226
-248194
-248041
-248001
-247914
-247839
-247783
-247429
-247345
-247312
-247194
-247190
-247171
-247163
-247080
-247055
-247050
-246776
-246769
-246631
-246613
-246575
-246548
-246507
-246424
-246338
-246256
-246204
-246200
-246127
-246113
-246087
-246043
-246009
-245859
-245856
-245763
-245756
-245753
-245680
-245612
-245476
-245424
-245326
-245322
-245241
-245236
-245182
-245147
-245141
-245132
-245094
-245038
-245008
-244864
-244779
-244656
-244607
-244606
-244547
-244455
-244435
-244414
-244392
-244150
-244086
-244084
-244019
-243978
-243794
-243768
-243693
-243648
-243616
-243535
-243525
-243429
-243428
-243370
-243346
-243279
-243257
-243147
-242998
-242956
-242938
-242827
-242821
-242813
-242775
-242719
-242683
-242673
-242658
-242595
-242564
-242547
-242409
-242404
-242376
-242315
-242163
-242161
-241976
-241931
-241921
-241849
-241817
-241785
-241710
-241453
-241447
-241300
-241163
-241108
-241087
-240906
-240826
-240767
-240564
-240544
-240482
-240462
-240359
-240254
-240188
-240169
-240077
-239970
-239881
-239850
-239847
-239680
-239518
-239175
-238941
-238876
-238854
-238803
-238798
-238714
-238688
-238593
-238585
-238566
-238562
-238539
-238309
-238234
-238184
-238163
-238057
-237906
-237905
-237787
-237734
-237694
-237640
-237605
-237522
-237490
-237489
-237402
-237265
-237244
-237164
-236974
-236852
-236773
-236743
-236474
-236338
-236121
-236105
-236094
-236091
-236072
-236067
-235987
-235965
-235935
-235666
-235613
-235552
-235518
-235424
-235413
-235374
-235125
-235117
-235009
-234961
-234842
-234755
-234719
-234595
-234527
-234506
-234484
-234483
-234478
-234473
-234460
-234388
-233844
-233843
-233730
-233688
-233660
-233600
-233422
-233353
-233307
-233297
-233218
-233215
-233137
-232935
-232811
-232761
-232703
-232644
-232549
-232510
-232463
-232432
-232363
-232358
-232310
-232275
-232262
-231950
-231946
-231672
-231606
-231543
-231342
-231324
-231322
-231266
-231238
-231036
-231027
-230983
-230965
-230871
-230863
-230776
-230589
-230558
-230507
-230447
-230430
-230288
-230219
-230140
-230030
-229989
-229838
-229832
-229817
-229815
-229815
-229798
-229686
-229405
-229365
-229320
-229292
-229219
-229132
-229034
-229024
-228997
-228941
-228846
-228831
-228800
-228607
-228429
-228418
-228415
-228337
-228319
-228300
-228255
-228206
-228196
-228135
-227934
-227897
-227826
-227764
-227749
-227703
-227644
-227575
-227441
-227324
-227211
-227128
-227041
-226860
-226856
-226779
-226761
-226747
-226627
-226448
-226410
-226401
-226334
-226291
-226198
-226001
-225920
-225816
-225812
-225784
-225776
-225717
-225688
-225680
-225636
-225392
-225323
-225314
-225283
-225225
-225185
-225114
-225080
-225009
-224974
-224882
-224821
-224736
-224695
-224672
-224670
-224553
-224543
-224538
-224369
-224343
-224297
-224245
-224090
-223933
-223827
-223804
-223683
-223650
-223637
-223616
-223604
-223591
-223557
-223503
-223267
-223264
-223242
-223211
-223193
-223088
-223083
-222945
-222762
-222752
-222673
-222669
-222640
-222631
-222601
-222503
-222427
-222263
-222222
-222133
-222049
-222040
-222032
-221992
-221972
-221955
-221884
-221883
-221712
-221671
-221644
-221641
-221577
-221576
-221486
-221463
-221351
-221258
-221147
-220846
-220825
-220684
-220674
-220535
-220508
-220412
-220299
-220258
-220245
-220231
-220216
-220108
-220021
-219970
-219942
-219883
-219879
-219786
-219699
-219645
-219371
-219342
-219221
-219130
-219130
-219127
-219120
-219093
-219071
-219029
-218997
-218994
-218942
-218899
-218736
-218625
-218599
-218590
-218466
-218428
-218379
-218287
-218253
-218239
-218172
-218168
-218096
-218077
-218052
-217853
-217565
-217490
-217452
-217317
-217277
-217268
-217255
-217236
-217234
-217218
-216903
-216865
-216852
-216789
-216780
-216717
-216707
-216691
-216569
-216509
-216482
-216473
-216418
-216346
-216314
-216271
-216236
-216177
-216170
-216080
-216070
-216031
-216011
-216009
-215881
-215832
-215801
-215733
-215576
-215507
-215477
-215475
-215432
-215383
-215383
-215250
-215183
-215164
-215135
-214978
-214974
-214964
-214776
-214763
-214550
-214544
-214543
-214428
-214420
-214299
-214251
-214224
-214204
-214174
-214157
-214043
-213990
-213927
-213844
-213669
-213640
-213588
-213539
-213439
-213388
-213344
-213342
-213329
-213273
-213248
-213215
-213165
-213137
-213075
-213023
-212925
-212820
-212762
-212645
-212480
-212453
-212433
-212393
-212384
-212365
-212257
-212210
-212172
-212075
-211958
-211823
-211813
-211727
-211635
-211632
-211436
-211428
-211384
-211356
-211340
-211193
-211134
-211040
-210970
-210889
-210888
-210499
-210269
-210252
-210198
-210194
-210177
-210149
-210074
-210014
-209847
-209790
-209785
-209738
-209416
-209370
-209281
-209176
-209035
-208816
-208783
-208764
-208753
-208743
-208736
-208719
-208666
-208640
-208624
-208540
-208538
-208486
-208483
-208444
-208350
-208229
-208211
-208140
-208114
-208109
-208084
-208079
-208064
-207891
-207855
-207851
-207807
-207774
-207608
-207568
-207534
-207448
-207379
-207276
-207148
-207008
-206999
-206953
-206938
-206924
-206861
-206841
-206768
-206635
-206582
-206511
-206294
-206293
-206079
-206031
-206031
-205867
-205800
-205786
-205742
-205738
-205714
-205686
-205655
-205610
-205565
-205525
-205368
-205269
-205240
-205236
-205119
-205117
-204816
-204738
-204634
-204615
-204608
-204532
-204531
-204432
-204418
-204395
-204318
-204318
-204234
-204184
-204098
-204078
-204006
-203827
-203798
-203654
-203581
-203524
-203392
-203303
-203294
-203262
-203228
-203205
-203196
-203157
-203094
-203080
-202985
-202970
-202960
-202956
-202935
-202909
-202902
-202831
-202785
-202763
-202738
-202723
-202722
-202688
-202641
-202602
-202562
-202543
-202288
-202281
-202270
-202192
-202119
-202076
-202060
-202052
-201459
-201455
-201401
-201371
-201259
-201143
-201132
-201067
-200939
-200797
-200491
-200389
-199879
-199812
-199652
-199590
-199462
-199190
-199132
-199009
-198916
-198802
-198489
-198489
-198289
-198234
-198213
-198160
-198133
-198095
-198063
-197777
-197754
-197666
-197654
-197641
-197511
-197462
-197456
-197249
-197198
-197126
-197050
-197040
-197004
-196964
-196900
-196869
-196842
-196805
-196786
-196743
-196700
-196686
-196567
-196316
-196309
-196156
-196092
-196067
-195860
-195828
-195792
-195745
-195721
-195679
-195621
-195598
-195517
-195488
-195426
-195369
-195369
-195193
-195081
-195030
-194862
-194783
-194771
-194734
-194688
-194618
-194592
-194490
-194353
-194319
-194198
-194147
-194114
-194110
-194013
-193938
-193887
-193875
-193810
-193730
-193647
-193632
-193625
-193537
-193520
-193509
-193475
-193323
-193274
-193228
-193006
-192991
-192975
-192883
-192827
-192800
-192686
-192685
-192661
-192564
-192547
-192537
-192395
-192391
-192318
-192231
-192190
-192065
-192015
-191995
-191954
-191781
-191622
-191619
-191546
-191537
-191417
-191387
-191368
-191279
-191132
-190994
-190895
-190765
-190740
-190693
-190513
-190458
-190394
-190331
-190279
-190222
-190184
-190000
-189944
-189861
-189829
-189554
-189537
-189413
-189360
-189339
-189313
-189175
-189036
-188996
-188961
-188899
-188861
-188805
-188800
-188750
-188694
-188631
-188630
-188598
-188522
-188426
-188399
-188316
-188252
-188216
-188196
-188073
-188022
-188004
-187932
-187885
-187869
-187833
-187633
-187618
-187434
-187402
-187352
-187311
-187301
-187257
-187137
-186976
-186935
-186811
-186741
-186696
-186416
-186416
-186343
-186246
-186141
-186123
-185994
-185987
-185883
-185877
-185872
-185620
-185533
-185482
-185474
-185449
-185390
-185370
-185344
-185264
-185257
-185245
-185210
-185134
-185082
-185069
-185042
-184870
-184817
-184804
-184710
-184610
-184518
-184501
-184494
-184483
-184301
-184293
-184204
-184108
-184101
-183934
-183901
-183826
-183727
-183708
-183637
-183570
-183570
-183350
-183277
-183157
-183129
-183117
-183105
-183105
-182984
-182898
-182864
-182848
-182834
-182788
-182667
-182643
-182572
-182504
-182434
-182414
-182413
-182389
-182336
-182302
-182204
-182158
-182154
-182070
-182040
-181946
-181931
-181895
-181892
-181826
-181818
-181767
-181690
-181675
-181642
-181619
-181568
-181495
-181443
-181379
-181297
-181193
-181145
-181104
-181100
-181016
-180983
-180929
-180641
-180612
-180391
-180252
-180240
-180153
-180023
-179953
-179881
-179870
-179865
-179862
-179780
-179760
-179575
-179517
-179488
-179456
-179438
-179406
-179364
-179336
-179272
-179265
-179153
-179124
-179047
-178896
-178823
-178700
-178658
-178476
-178476
-178429
-178307
-178290
-178282
-178275
-178236
-177996
-177936
-177903
-177852
-177732
-177497
-177375
-177207
-177095
-177011
-176982
-176953
-176924
-176885
-176787
-176782
-176763
-176673
-176671
-176653
-176581
-176479
-176441
-176277
-176218
-176197
-176171
-176147
-176067
-175984
-175955
-175929
-175906
-175835
-175815
-175777
-175705
-175568
-175566
-175501
-175392
-175348
-175283
-175048
-174947
-174880
-174876
-174873
-174853
-174847
-174839
-174795
-174711
-174661
-174616
-174558
-174501
-174490
-174386
-174295
-174160
-174086
-174034
-173940
-173845
-173741
-173728
-173692
-173648
-173635
-173623
-173604
-173575
-173557
-173417
-173354
-173212
-173070
-172986
-172945
-172759
-172604
-172583
-172569
-172543
-172506
-172505
-172492
-172349
-172342
-172333
-172308
-172255
-172065
-172050
-172027
-171983
-171882
-171720
-171686
-171596
-171498
-171443
-171399
-171333
-171276
-171261
-171177
-171165
-171122
-171080
-171065
-171042
-170953
-170704
-170698
-170442
-170435
-170363
-170344
-170213
-170184
-170060
-170023
-169939
-169885
-169824
-169622
-169605
-169539
-169439
-169420
-169339
-169329
-169322
-169317
-169292
-169096
-169051
-168944
-168910
-168812
-168780
-168776
-168769
-168594
-168569
-168546
-168469
-168438
-168344
-168279
-168135
-168113
-168096
-168007
-167932
-167853
-167852
-167782
-167745
-167717
-167646
-167460
-167319
-167278
-167227
-167217
-167099
-167082
-167054
-166999
-166947
-166940
-166938
-166930
-166919
-166867
-166844
-166782
-166665
-166664
-166540
-166470
-166445
-166404
-166314
-166272
-166259
-166166
-166106
-166106
-166099
-166009
-165714
-165710
-165659
-165646
-165463
-165357
-165259
-165101
-165091
-165078
-164961
-164955
-164892
-164825
-164766
-164755
-164754
-164545
-164275
-164224
-164199
-164124
-164120
-164052
-164003
-163981
-163962
-163937
-163937
-163867
-163811
-163810
-163738
-163643
-163582
-163550
-163387
-163264
-163227
-163159
-162988
-162951
-162761
-162710
-162655
-162645
-162580
-162457
-162435
-162261
-162230
-162094
-161979
-161875
-161819
-161806
-161752
-161693
-161620
-161567
-161551
-161549
-161529
-161504
-161498
-161469
-161459
-161450
-161387
-161365
-161341
-161197
-161177
-161014
-160956
-160919
-160771
-160734
-160703
-160692
-160651
-160535
-160487
-160363
-160333
-160177
-160176
-160100
-160037
-160001
-159916
-159847
-159845
-159793
-159788
-159734
-159661
-159640
-159601
-159506
-159415
-159380
-159167
-159090
-158991
-158984
-158979
-158968
-158758
-158682
-158643
-158606
-158553
-158532
-158505
-158437
-158431
-158405
-158361
-158283
-158273
-158208
-158189
-158178
-158133
-158087
-157978
-157978
-157974
-157910
-157864
-157770
-157671
-157668
-157616
-157593
-157547
-157451
-157382
-157348
-157238
-157229
-157115
-157081
-156958
-156879
-156846
-156728
-156599
-156593
-156580
-156482
-156400
-156398
-156293
-156265
-156229
-156165
-156115
-156079
-155927
-155875
-155854
-155810
-155704
-155636
-155603
-155581
-155451
-155251
-155227
-155172
-155104
-155066
-155020
-155014
-154992
-154984
-154983
-154958
-154933
-154875
-154798
-154793
-154775
-154766
-154705
-154617
-154567
-154361
-154287
-154236
-154146
-154136
-154098
-153890
-153783
-153714
-153563
-153545
-153406
-153360
-153257
-153238
-153211
-153204
-153176
-153112
-153035
-153033
-153004
-152995
-152940
-152940
-152910
-152859
-152809
-152759
-152532
-152531
-152525
-152503
-152352
-152288
-152099
-151979
-151861
-151814
-151802
-151735
-151654
-151638
-151514
-151423
-151119
-151101
-150909
-150794
-150787
-150772
-150727
-150687
-150578
-150539
-150459
-150420
-150389
-150243
-150240
-150154
-150152
-149974
-149952
-149911
-149909
-149893
-149811
-149778
-149722
-149705
-149698
-149697
-149653
-149631
-149626
-149610
-149577
-149576
-149369
-149345
-149314
-149310
-149299
-149223
-149171
-149167
-149098
-148894
-148834
-148713
-148624
-148532
-148375
-148358
-148221
-148129
-148040
-148003
-147981
-147959
-147916
-147863
-147829
-147808
-147749
-147717
-147591
-147568
-147557
-147513
-147451
-147355
-147314
-147244
-147209
-147061
-147045
-146998
-146856
-146833
-146816
-146758
-146510
-146461
-146172
-146136
-146053
-145976
-145945
-145931
-145866
-145771
-145767
-145593
-145232
-145166
-144635
-144553
-144468
-144464
-144416
-144243
-144203
-144160
-144073
-143946
-143899
-143851
-143656
-143637
-143230
-143201
-143127
-143104
-143014
-142936
-142890
-142824
-142731
-142702
-142646
-142635
-142571
-142430
-142384
-142331
-142320
-142283
-142279
-142200
-142158
-142142
-142115
-141994
-141980
-141856
-141792
-141731
-141640
-141639
-141632
-141621
-141602
-141463
-141450
-141433
-141326
-141216
-141213
-141152
-141125
-141121
-141034
-141032
-141022
-140983
-140943
-140941
-140822
-140808
-140657
-140573
-140512
-140468
-140462
-140415
-140332
-140317
-140305
-140175
-140059
-139715
-139680
-139676
-139507
-139480
-139350
-139230
-139215
-139214
-139190
-139187
-139167
-139081
-138952
-138922
-138862
-138562
-138540
-138531
-138513
-138436
-138434
-138430
-138347
-138220
-138196
-138140
-138140
-138085
-138072
-138032
-137976
-137937
-137913
-137844
-137779
-137761
-137685
-137583
-137480
-137466
-137321
-137183
-137031
-136997
-136978
-136957
-136909
-136836
-136810
-136784
-136702
-136618
-136601
-136576
-136555
-136540
-136308
-136245
-136242
-136224
-136134
-136062
-136020
-136006
-135944
-135927
-135926
-135866
-135849
-135792
-135738
-135667
-135588
-135414
-135386
-135381
-135336
-135297
-135153
-134997
-134994
-134860
-134834
-134750
-134742
-134677
-134662
-134589
-134542
-134264
-134225
-134023
-133970
-133935
-133870
-133764
-133733
-133655
-133533
-133421
-133280
-133240
-133128
-133005
-132866
-132825
-132699
-132694
-132548
-132147
-132017
-131878
-131863
-131852
-131842
-131816
-131724
-131704
-131665
-131442
-131275
-131109
-131079
-131065
-131007
-130957
-130943
-130884
-130821
-130799
-130786
-130776
-130766
-130746
-130693
-130629
-130520
-130486
-130434
-130352
-130350
-130281
-130227
-130163
-130143
-130096
-130078
-129975
-129728
-129562
-129460
-129272
-129250
-129246
-129096
-129018
-128990
-128938
-128727
-128503
-128413
-128346
-128338
-128300
-128271
-128189
-128093
-127944
-127811
-127740
-127679
-127609
-127521
-127488
-127469
-127422
-127320
-127302
-127247
-127220
-127129
-127116
-127074
-127011
-126958
-126905
-126361
-126323
-126314
-126232
-126203
-126088
-126059
-125859
-125806
-125782
-125770
-125704
-125618
-125382
-125378
-125299
-125291
-125281
-125168
-125049
-124985
-124937
-124916
-124897
-124758
-124723
-124716
-124682
-124502
-124498
-124363
-124323
-124287
-124273
-124255
-124203
-124179
-124150
-124143
-124021
-123977
-123965
-123951
-123924
-123816
-123799
-123753
-123650
-123615
-123563
-123535
-123494
-123426
-123417
-123259
-123165
-123064
-122885
-122854
-122842
-122722
-122706
-122646
-122626
-122607
-122572
-122560
-122529
-122526
-122453
-122452
-122411
-122407
-122394
-122393
-122329
-122298
-122257
-122242
-122124
-122093
-121991
-121963
-121884
-121452
-121444
-121419
-121383
-121316
-121279
-121219
-121201
-121071
-121030
-121017
-120959
-120930
-120922
-120786
-120784
-120754
-120697
-120641
-120620
-120521
-120502
-120474
-120389
-120371
-120289
-120269
-120169
-119816
-119790
-119786
-119751
-119681
-119657
-119569
-119449
-119367
-119336
-119319
-119297
-119196
-119110
-119085
-118865
-118848
-118677
-118561
-118404
-118231
-118184
-118103
-118097
-118090
-118082
-117614
-117491
-117317
-117256
-117172
-117171
-117149
-117110
-117084
-116948
-116865
-116728
-116717
-116638
-116632
-116541
-116519
-116339
-116331
-116291
-116067
-116000
-115861
-115821
-115699
-115654
-115637
-115628
-115616
-115397
-115353
-115328
-115233
-115191
-115082
-115030
-114933
-114901
-114896
-114882
-114806
-114755
-114743
-114738
-114718
-114692
-114601
-114486
-114480
-114377
-114352
-113993
-113992
-113780
-113762
-113631
-113200
-113156
-113043
-112944
-112937
-112917
-112888
-112770
-112765
-112749
-112738
-112620
-112616
-112557
-112510
-112450
-112316
-112103
-111934
-111814
-111782
-111776
-111724
-111715
-111714
-111687
-111484
-111322
-111263
-111168
-111105
-111009
-110920
-110836
-110716
-110713
-110673
-110535
-110432
-110423
-110403
-110355
-110242
-110083
-110078
-110057
-110004
-109988
-109839
-109700
-109691
-109655
-109613
-109566
-109507
-109478
-109252
-109116
-108784
-108712
-108490
-108487
-108462
-108317
-108221
-108206
-108144
-108125
-108102
-108082
-108055
-108053
-107970
-107855
-107850
-107829
-107820
-107685
-107677
-107665
-107636
-107619
-107286
-107139
-107054
-107008
-106852
-106788
-106767
-106740
-106737
-106579
-106456
-106445
-106434
-106309
-106308
-106303
-106196
-106145
-106001
-105968
-105939
-105920
-105724
-105715
-105436
-105302
-105293
-105259
-105243
-105010
-105008
-104977
-104940
-104929
-104896
-104839
-104689
-104588
-104510
-104503
-104449
-104398
-104369
-104213
-104191
-104135
-104072
-104060
-103995
-103888
-103855
-103846
-103824
-103765
-103758
-103747
-103738
-103690
-103669
-103639
-103535
-103480
-103423
-103380
-103168
-103020
-102952
-102943
-102930
-102924
-102922
-102764
-102720
-102682
-102549
-102483
-102248
-102224
-102218
-102218
-102134
-102133
-102096
-102086
-102061
-102004
-101716
-101544
-101499
-101323
-101278
-101259
-101134
-101123
-101122
-100990
-100971
-100871
-100664
-100662
-100646
-100625
-100416
-100335
-100324
-100296
-100256
-100194
-100143
-100052
-100019
-99846
-99790
-99723
-99471
-99235
-99194
-99185
-99151
-99112
-99022
-98875
-98848
-98832
-98817
-98745
-98522
-98491
-98363
-98172
-98169
-98000
-97997
-97618
-97607
-97554
-97544
-97449
-97403
-97402
-97370
-97301
-97258
-97221
-97154
-97088
-96979
-96932
-96875
-96721
-96706
-96565
-96555
-96504
-96312
-96219
-96101
-96035
-96032
-96027
-96001
-95836
-95794
-95789
-95777
-95756
-95659
-95589
-95557
-95548
-95437
-95424
-95199
-95190
-95102
-95088
-95038
-94795
-94743
-94719
-94717
-94547
-94527
-94516
-94480
-94411
-94375
-94316
-94275
-94215
-93966
-93909
-93869
-93806
-93771
-93728
-93698
-93688
-93628
-93392
-93263
-93222
-93204
-93111
-93060
-93011
-93003
-92963
-92884
-92854
-92822
-92622
-92585
-92450
-92392
-92292
-92287
-92189
-92179
-92169
-92078
-91925
-91903
-91875
-91638
-91612
-91554
-91385
-91360
-91240
-91225
-91134
-91133
-91044
-90965
-90937
-90934
-90925
-90724
-90715
-90679
-90611
-90599
-90526
-90324
-90279
-90193
-90161
-89993
-89967
-89815
-89694
-89642
-89438
-89437
-89421
-89414
-89288
-89202
-89109
-89067
-89013
-88792
-88788
-88752
-88742
-88509
-88456
-88340
-88213
-88194
-88157
-88146
-88143
-88055
-88048
-88029
-87783
-87714
-87609
-87372
-87314
-87258
-87223
-87115
-87081
-87070
-87067
-87057
-87041
-86974
-86966
-86898
-86730
-86727
-86590
-86559
-86440
-86262
-86175
-86166
-85957
-85931
-85910
-85863
-85832
-85803
-85709
-85638
-85541
-85532
-85503
-85362
-85325
-85313
-85231
-85229
-85134
-85095
-85027
-85002
-84922
-84915
-84563
-84429
-84417
-84310
-84268
-84175
-84084
-84051
-84028
-84004
-83996
-83983
-83958
-83950
-83928
-83859
-83829
-83799
-83796
-83504
-83460
-83191
-83124
-82994
-82884
-82813
-82755
-82684
-82660
-82574
-82531
-82470
-82460
-82424
-82365
-82265
-82264
-82221
-82191
-82160
-82134
-81931
-81856
-81812
-81734
-81694
-81548
-81293
-81194
-81187
-81180
-80923
-80766
-80757
-80753
-80744
-80555
-80417
-80395
-80234
-80189
-80130
-80085
-80025
-79954
-79920
-79636
-79534
-79371
-79156
-79057
-79001
-78977
-78940
-78939
-78853
-78818
-78800
-78767
-78680
-78678
-78614
-78593
-78558
-78513
-78445
-78427
-78340
-78130
-78121
-78105
-77894
-77819
-77787
-77767
-77516
-77372
-77341
-77324
-77299
-76809
-76785
-76779
-76659
-76644
-76643
-76511
-76487
-76481
-76403
-76386
-76318
-76294
-76287
-76161
-76124
-76029
-76018
-75955
-75900
-75846
-75795
-75751
-75731
-75370
-75236
-75227
-75225
-75140
-75122
-75087
-75025
-74940
-74870
-74814
-74810
-74747
-74509
-74442
-74309
-74193
-74170
-74153
-74120
-74114
-74088
-74070
-74051
-74021
-73948
-73900
-73841
-73711
-73686
-73647
-73595
-73516
-73494
-73459
-73455
-73405
-73400
-73392
-73117
-73087
-72991
-72895
-72825
-72797
-72758
-72743
-72595
-72551
-72521
-72446
-72215
-72125
-72119
-72037
-71976
-71962
-71917
-71683
-71620
-71603
-71528
-71504
-71503
-71472
-71448
-71379
-71317
-71315
-71280
-71243
-71200
-71135
-71091
-70984
-70797
-70743
-70644
-70637
-70572
-70571
-70553
-70522
-70511
-70497
-70412
-70385
-70358
-70264
-70222
-70206
-70057
-69979
-69466
-69373
-69065
-69038
-69009
-68984
-68812
-68532
-68474
-68458
-68399
-68397
-68362
-68220
-68125
-68092
-67921
-67896
-67849
-67746
-67693
-67676
-67654
-67651
-67650
-67546
-67438
-67420
-67408
-67328
-67298
-67175
-66995
-66985
-66944
-66749
-66700
-66654
-66589
-66402
-66364
-66340
-66287
-66069
-66004
-65990
-65925
-65886
-65880
-65868
-65815
-65654
-65622
-65599
-65580
-65278
-65184
-65182
-65108
-65002
-64805
-64802
-64755
-64589
-64552
-64450
-64391
-64364
-64140
-64102
-63855
-63809
-63754
-63666
-63611
-63592
-63469
-63449
-63395
-63320
-63287
-63213
-63112
-63016
-62970
-62803
-62747
-62596
-62579
-62495
-62388
-62364
-62321
-62284
-62275
-62270
-62068
-61883
-61838
-61825
-61819
-61803
-61748
-61681
-61606
-61556
-61520
-61486
-61479
-61423
-61368
-61241
-61170
-61153
-61145
-61129
-61116
-61049
-60791
-60716
-60634
-60628
-60595
-60544
-60532
-60512
-60501
-60384
-60352
-60299
-60222
-60190
-60069
-59988
-59728
-59676
-59488
-59390
-59329
-59265
-59249
-59139
-58933
-58896
-58777
-58697
-58439
-58314
-58275
-58211
-58120
-57974
-57902
-57837
-57709
-57553
-57180
-57117
-57105
-57015
-56756
-56681
-56442
-56187
-56185
-56175
-56166
-56047
-56044
-56031
-55972
-55972
-55909
-55851
-55830
-55827
-55779
-55597
-55555
-55523
-55469
-55464
-55388
-55307
-55238
-55202
-55176
-55097
-55089
-55081
-55029
-55003
-54839
-54835
-54769
-54732
-54582
-54562
-54544
-54428
-54408
-54362
-54355
-54093
-53989
-53977
-53965
-53771
-53737
-53696
-53654
-53599
-53333
-53238
-53150
-53062
-53041
-52963
-52909
-52874
-52828
-52776
-52668
-52578
-52520
-52317
-52312
-52289
-52243
-52164
-52160
-52071
-52016
-51951
-51910
-51824
-51815
-51686
-51566
-51520
-51505
-51495
-51439
-51359
-51278
-51229
-51010
-50725
-50716
-50652
-50632
-50619
-50512
-50292
-50209
-50152
-50127
-49998
-49990
-49989
-49982
-49936
-49898
-49891
-49806
-49802
-49734
-49678
-49654
-49630
-49532
-49516
-49363
-49312
-49284
-49021
-48993
-48914
-48902
-48895
-48879
-48796
-48752
-48723
-48455
-48403
-48297
-48286
-48226
-48148
-48086
-48054
-47948
-47756
-47637
-47622
-47542
-47464
-47234
-47223
-47199
-47088
-47059
-47006
-46940
-46817
-46641
-46510
-46450
-46268
-46181
-46152
-46131
-46063
-46061
-46037
-45991
-45824
-45821
-45814
-45789
-45775
-45742
-45660
-45559
-45518
-45318
-45270
-45141
-45000
-44750
-44660
-44619
-44562
-44521
-44505
-44469
-44427
-44422
-44403
-44292
-44251
-44066
-44064
-43980
-43933
-43921
-43884
-43755
-43652
-43643
-43548
-43531
-43523
-43452
-43427
-43361
-43358
-43347
-43276
-43205
-43167
-43142
-43073
-43052
-42985
-42926
-42925
-42917
-42864
-42680
-42647
-42616
-42594
-42484
-42369
-42280
-42226
-42133
-42066
-42049
-41902
-41600
-41459
-41439
-41417
-41310
-41277
-41263
-41176
-41062
-40948
-40869
-40867
-40823
-40757
-40754
-40673
-40615
-40589
-40549
-40470
-40335
-40247
-40204
-40193
-40187
-40051
-39872
-39768
-39617
-39609
-39531
-39334
-39231
-39105
-39081
-39040
-38903
-38773
-38732
-38665
-38577
-38562
-38527
-38395
-38305
-38190
-38175
-38060
-37814
-37699
-37695
-37509
-37243
-37128
-37057
-37023
-36984
-36963
-36958
-36914
-36907
-36728
-36694
-36685
-36670
-36582
-36405
-36363
-36325
-36316
-36244
-36194
-36174
-35976
-35973
-35826
-35721
-35662
-35540
-35532
-35410
-35395
-35372
-35185
-35161
-35033
-34909
-34790
-34764
-34674
-34570
-34531
-34514
-34490
-34482
-34455
-34362
-34339
-34259
-34256
-34041
-34005
-33965
-33820
-33793
-33713
-33560
-33518
-33509
-33495
-33455
-33377
-33322
-33277
-33236
-33192
-33102
-33054
-33044
-33021
-32956
-32831
-32740
-32648
-32618
-32618
-32579
-32500
-32480
-32355
-32344
-32197
-32041
-31904
-31815
-31710
-31692
-31647
-31581
-31541
-31437
-31384
-31375
-31301
-31271
-31259
-31253
-31230
-31201
-31177
-31154
-30782
-30732
-30593
-30543
-30495
-30484
-30443
-30435
-30262
-30100
-29966
-29893
-29887
-29859
-29570
-29550
-29545
-29472
-29399
-29398
-29374
-29364
-29333
-29259
-29231
-29079
-29079
-29065
-29037
-28946
-28934
-28468
-28360
-28353
-28348
-28070
-28028
-28012
-27924
-27907
-27830
-27659
-27602
-27484
-27483
-27480
-27351
-27350
-27210
-27205
-27156
-27127
-27120
-26880
-26834
-26710
-26569
-26497
-26481
-26359
-26345
-26235
-26222
-26132
-25959
-25918
-25915
-25805
-25762
-25712
-25533
-25429
-25315
-25287
-25182
-25136
-25099
-25077
-25073
-25071
-25036
-25034
-25033
-24927
-24846
-24769
-24548
-24443
-24321
-24318
-24226
-24191
-24069
-23932
-23922
-23769
-23726
-23722
-23669
-23655
-23610
-23511
-23480
-23451
-23447
-23283
-23281
-23181
-23134
-23127
-23104
-23092
-23058
-23024
-22938
-22913
-22873
-22873
-22863
-22841
-22663
-22538
-22527
-22523
-22521
-22483
-22480
-22389
-22359
-22346
-22317
-22316
-22314
-22286
-22226
-22101
-22093
-22064
-21974
-21876
-21859
-21836
-21622
-21591
-21572
-21518
-21480
-21438
-21416
-21361
-21360
-21338
-21318
-21256
-21179
-21136
-20967
-20930
-20832
-20616
-20525
-20505
-20437
-20431
-20343
-20268
-20120
-19951
-19728
-19724
-19710
-19691
-19665
-19664
-19606
-19593
-19529
-19392
-19373
-19361
-19247
-19187
-19179
-19098
-18982
-18959
-18826
-18812
-18562
-18526
-18522
-18174
-18102
-17972
-17895
-17862
-17821
-17746
-17723
-17723
-17720
-17676
-17673
-17665
-17582
-17569
-17446
-17416
-17396
-17389
-17365
-17276
-17262
-17191
-17176
-17091
-16835
-16725
-16562
-16537
-16427
-16375
-16372
-16148
-16134
-16095
-16025
-15931
-15824
-15784
-15686
-15679
-15549
-15471
-15427
-15405
-15397
-15384
-15281
-15214
-15198
-15177
-15095
-15056
-14938
-14768
-14765
-14726
-14711
-14548
-14494
-14285
-14277
-14273
-14268
-14264
-14253
-14253
-14080
-14036
-14034
-14005
-13992
-13931
-13724
-13706
-13655
-13529
-13486
-13428
-13013
-12962
-12839
-12681
-12577
-12562
-12368
-12353
-12344
-12279
-12192
-12185
-12126
-11940
-11929
-11807
-11565
-11558
-11492
-11484
-11403
-11375
-11341
-11331
-11300
-11208
-10848
-10819
-10791
-10786
-10784
-10776
-10757
-10545
-10448
-10306
-10179
-10145
-10116
-10088
-10044
-10044
-9879
-9873
-9777
-9662
-9492
-9415
-9414
-9333
-9315
-9311
-9189
-9093
-9022
-8856
-8788
-8711
-8477
-8473
-8349
-8339
-8289
-8228
-8227
-8198
-8155
-8041
-7918
-7912
-7853
-7562
-7525
-7458
-7364
-7340
-7171
-7112
-7016
-6920
-6919
-6886
-6878
-6855
-6688
-6648
-6577
-6550
-6538
-6526
-6362
-6207
-6199
-6199
-6166
-6144
-6113
-6072
-6069
-6058
-6014
-5863
-5834
-5769
-5713
-5688
-5679
-5673
-5645
-5593
-5564
-5436
-5311
-5304
-5182
-5177
-5148
-5135
-5078
-4981
-4951
-4912
-4868
-4867
-4857
-4804
-4796
-4733
-4717
-4676
-4619
-4489
-4451
-4361
-4344
-4320
-4303
-4214
-4195
-4104
-4040
-4029
-3991
-3971
-3968
-3917
-3908
-3823
-3805
-3773
-3735
-3718
-3584
-3541
-3527
-3526
-3518
-3377
-3297
-3126
-2919
-2837
-2803
-2766
-2579
-2528
-2516
-2449
-2440
-2374
-2339
-2323
-2062
-2012
-1803
-1763
-1659
-1471
-1471
-1354
-1280
-1144
-1085
-1077
-1072
-1003
-963
-881
-843
-743
-686
-624
-610
-581
-447
-365
-219
-48
51
68
108
136
155
214
230
249
301
467
490
506
510
537
546
684
750
843
868
900
1049
1097
1122
1122
1143
1194
1296
1364
1369
1393
1445
1531
1606
1668
1723
1760
1761
1809
1841
1921
1956
2103
2114
2131
2197
2201
2216
2309
2357
2436
2661
2688
2752
2788
2865
3031
3040
3083
3139
3144
3292
3294
3326
3331
3359
3375
3405
3431
3454
3526
3588
3601
3609
3614
3615
3742
3763
3810
3897
3900
3977
4134
4184
4376
4420
4435
4533
4621
4683
4792
5039
5051
5211
5236
5294
5453
5459
5482
5629
5717
5810
5812
5830
5869
5882
5939
6084
6318
6340
6384
6408
6529
6606
6758
6825
6881
7058
7066
7141
7234
7348
7423
7427
7527
7544
7627
7639
7657
7850
7869
7900
8006
8034
8225
8435
8554
8594
8706
8771
8853
8857
8876
9055
9092
9129
9317
9421
9427
9655
9659
9692
9801
9874
9885
9951
9965
9966
10063
10081
10171
10249
10297
10342
10366
10371
10377
10387
10445
10447
10470
10520
10558
10561
10574
10577
10993
11002
11248
11343
11365
11494
11536
11562
11587
11622
11700
11705
12060
12083
12312
12359
12399
12489
12493
12578
12638
12733
12765
12908
12963
13016
13069
13072
13079
13102
13183
13229
13247
13410
13462
13475
13523
13572
13613
13634
13745
13792
13821
13915
13924
14026
14060
14111
14151
14312
14459
14483
14506
14647
14723
14740
14787
14803
14901
14927
14957
14962
15226
15323
15349
15492
15587
15597
15620
15654
15747
15748
15792
15842
15848
15895
15925
15962
16086
16163
16182
16210
16210
16250
16303
16486
16489
16518
16596
16687
16714
16733
16802
16912
16977
17022
17109
17121
17203
17282
17295
17309
17486
17601
17610
17618
17623
17683
17702
17754
17936
17980
18104
18105
18167
18188
18241
18284
18295
18456
18526
18535
18567
18578
18591
18679
19083
19089
19206
19350
19378
19401
19438
19609
19627
19656
19816
19820
19842
19954
20056
20156
20270
20305
20387
20397
20413
20506
20570
20581
20832
20928
21059
21090
21118
21154
21321
21371
21395
21417
21444
21447
21632
21687
21840
21872
21917
21950
22051
22054
22075
22144
22152
22188
22198
22294
22351
22446
22539
22573
22577
22792
22849
22890
22985
23057
23233
23285
23309
23462
23689
23870
24100
24178
24252
24386
24555
24634
24638
24763
24792
24796
24919
24956
24980
25081
25096
25137
25156
25173
25278
25336
25384
25435
25492
25546
25547
25553
25573
25586
25586
25612
25726
25750
25866
25871
25871
25977
26098
26233
26256
26272
26273
26399
26418
26589
26689
26838
26878
27038
27052
27415
27616
27629
27630
27717
27732
27799
27840
27904
28111
28126
28139
28176
28237
28261
28297
28425
28425
28585
28587
28590
28692
28850
28920
28922
28926
28972
29002
29047
29090
29198
29222
29236
29282
29355
29367
29414
29625
29671
29754
29831
29831
29850
30028
30070
30154
30164
30181
30214
30222
30240
30275
30299
30327
30471
30586
30592
30690
30739
30853
30972
31188
31238
31266
31276
31292
31344
31369
31479
31522
31583
31625
31814
31885
31939
32046
32218
32232
32302
32321
32340
32375
32482
32600
32700
32720
32826
32951
32971
32995
33041
33041
33045
33056
33085
33092
33204
33249
33308
33343
33628
33641
33846
33864
34095
34176
34209
34276
34367
34423
34473
34501
34580
34678
34730
34816
34903
34962
35066
35067
35282
35333
35382
35415
35582
35590
35639
35643
35715
35764
35815
35819
35872
35932
35987
36160
36170
36192
36381
36546
36566
36740
36821
36969
37198
37209
37312
37362
37402
37461
37521
37571
37684
37791
37844
37932
37943
38021
38065
38103
38106
38174
38192
38241
38339
38366
38373
38445
38532
38535
38664
38763
39259
39264
39352
39504
39513
39529
39660
39719
39787
39884
39910
40041
40080
40104
40164
40195
40203
40296
40323
40355
40386
40447
40459
40600
40610
40708
40974
41164
41191
41193
41199
41209
41223
41245
41331
41406
41411
41477
41619
41710
41719
41850
42130
42135
42237
42245
42356
42425
42483
42489
42564
42650
42680
42800
43008
43106
43203
43220
43284
43391
43498
43548
43628
43635
43825
44036
44062
44075
44089
44121
44124
44164
44237
44286
44313
44378
44491
44709
44760
45034
45036
45110
45133
45288
45313
45370
45418
45483
45498
45506
45509
45532
45569
45592
45863
45895
46088
46123
46252
46283
46296
46307
46341
46367
46411
46542
46643
46688
46711
46718
46739
46750
46755
46798
46902
47018
47151
47280
47358
47390
47456
47503
47575
47581
47730
47745
47851
47867
47889
47960
48155
48196
48237
48335
48351
48383
48389
48433
48525
48557
48561
48590
48649
48675
48703
48731
48818
48859
48949
48959
48962
49001
49110
49146
49243
49274
49411
49460
49473
49532
49742
49892
49938
49976
50005
50033
50067
50195
50220
50249
50310
50416
50427
50485
50538
50662
50707
50785
50804
50865
50887
51097
51130
51202
51248
51522
51581
51605
51618
51823
51862
52025
52077
52081
52168
52391
52421
52523
52615
52783
52832
52860
52921
52976
53046
53153
53161
53293
53422
53437
53638
53671
53735
53811
54297
54320
54401
54494
54532
54657
54664
54715
54731
54815
54921
54930
54948
54950
55027
55121
55165
55194
55335
55346
55368
55555
55623
55638
55730
55799
55801
56000
56051
56094
56098
56174
56204
56289
56321
56471
56515
56660
56755
56767
56800
56847
57105
57118
57157
57181
57234
57251
57279
57350
57369
57384
57629
57630
57704
57936
57958
57998
58194
58198
58279
58435
58533
58539
58716
58791
59014
59021
59090
59171
59172
59449
59499
59505
59587
59598
59646
59770
59780
59784
59954
59985
60103
60104
60186
60198
60236
60255
60296
60306
60317
60381
60393
60470
60499
60510
60627
60690
60801
60847
60879
60976
61005
61063
61072
61138
61161
61194
61209
61224
61232
61324
61392
61484
61577
61632
61727
61857
61937
61981
62040
62161
62253
62466
62686
62741
62986
63000
63211
63326
63416
63487
63501
63577
63672
63687
63781
63797
63852
63898
63973
64124
64222
64291
64361
64711
64795
64876
64878
64913
64969
65041
65064
65107
65111
65301
65328
65390
65460
65479
65486
65573
65812
65938
66050
66543
66548
66559
66575
66614
66686
66698
66744
66810
66857
66858
66872
67005
67046
67099
67127
67310
67333
67457
67542
67650
67671
67818
67850
67872
67969
67986
68016
68060
68093
68105
68257
68291
68510
68567
68609
68824
68864
68875
68887
68898
68989
68999
69026
69058
69319
69389
69412
69508
69545
69576
69699
69756
69770
69784
69814
69877
69889
69952
69995
70019
70035
70068
70146
70229
70257
70275
70298
70338
70351
70398
70442
70500
70572
70610
70636
70658
70807
70825
70849
70902
70932
71062
71190
71303
71367
71566
71748
71922
72302
72308
72347
72376
72405
72411
72412
72413
72460
72526
72549
72590
72612
72679
72691
72770
72802
72818
72840
72842
73003
73055
73143
73242
73266
73347
73390
73699
73707
73710
73755
73769
73782
73804
73846
73884
73938
73950
74182
74221
74234
74282
74408
74484
74525
74543
74811
74947
75055
75187
75230
75240
75247
75265
75292
75408
75519
75596
75599
75692
75809
75891
75931
75969
75979
76009
76024
76112
76224
76282
76295
76361
76381
76441
76626
76803
76814
76899
76993
76995
77034
77060
77083
77087
77139
77360
77362
77422
77504
77546
77552
77577
77752
77774
77935
77947
77951
78148
78155
78221
78252
78301
78320
78356
78450
78476
78550
78576
78847
78900
78906
78938
79031
79063
79219
79283
79357
79362
79370
79416
79452
79459
79493
79528
79658
79660
79928
79961
79963
80050
80101
80101
80122
80340
80365
80414
80419
80427
80436
80474
80587
80589
80664
80943
80989
80991
80992
80993
81007
81039
81134
81152
81163
81234
81482
81522
81586
81594
81649
81704
81803
81832
81914
82087
82095
82164
82223
82243
82250
82404
82509
82516
82621
82622
82639
82844
82894
82954
82957
82998
83043
83048
83111
83115
83124
83178
83179
83182
83192
83425
83434
83444
83617
83618
83632
83643
83697
83710
83725
83763
83780
83830
83870
83888
83899
83902
83964
84009
84022
84068
84256
84295
84314
84321
84349
84369
84394
84424
84425
84518
84553
84594
84653
84684
84701
84869
84977
85101
85195
85248
85295
85304
85347
85394
85431
85484
85647
85655
85692
85697
85737
85749
85782
85871
86108
86111
86115
86134
86222
86247
86250
86285
86294
86308
86341
86517
86530
86585
86630
86826
86949
86999
87024
87037
87079
87151
87221
87233
87245
87313
87406
87469
87557
87573
87597
87753
87858
87870
87934
87936
87969
88005
88062
88082
88108
88116
88213
88272
88286
88301
88315
88394
88417
88637
88708
88921
88945
88957
89021
89061
89110
89151
89250
89508
89549
89636
89718
89783
89842
89901
90232
90396
90435
90503
90590
90628
90762
90791
90813
90825
90876
90903
90922
90991
91139
91254
91292
91323
91582
91618
91635
91683
91685
91773
91802
91808
91811
91876
91922
91997
92054
92139
92171
92237
92293
92324
92475
92487
92578
92628
92751
92855
92891
92979
93117
93175
93316
93334
93342
93453
93495
93544
93567
93584
93612
93615
93923
93951
93964
94090
94126
94151
94238
94243
94271
94402
94452
94482
94495
94542
94617
94792
94927
95001
95049
95193
95205
95438
95483
95532
95688
95719
95747
95779
95829
95925
96194
96205
96246
96336
96388
96435
96548
96579
96645
96768
96778
97051
97054
97149
97252
97313
97411
97420
97554
97667
97676
97677
97681
97683
97728
97800
97844
97871
97938
97939
98223
98367
98434
98450
98460
98474
98540
98542
98547
98557
98740
98773
98783
98798
98800
98828
98874
99112
99138
99148
99163
99179
99328
99402
99459
99647
99679
99748
99846
100081
100095
100109
100150
100206
100255
100307
100331
100339
100466
100488
100600
100627
100633
100655
100681
100689
100737
100758
100887
100927
101081
101113
101130
101151
101286
101290
101776
101831
101869
101902
101960
102036
102106
102112
102210
102319
102355
102455
102476
102500
102509
102560
102826
102949
102969
103010
103040
103085
103105
103117
103139
103154
103226
103554
103616
103793
103848
103865
103953
103962
103976
104011
104121
104225
104240
104248
104271
104376
104391
104490
104615
104625
104637
104688
104722
104788
104913
104924
104927
104984
105049
105054
105212
105221
105239
105272
105281
105433
105485
105785
105798
105831
105835
105848
106052
106077
106081
106224
106280
106335
106361
106369
106522
106595
106681
106717
106722
106756
106813
106915
106977
107038
107054
107179
107230
107238
107398
107457
107493
107559
107571
107597
107614
107628
107656
107696
107718
107869
107893
107904
108138
108166
108185
108253
108260
108369
108416
108464
108487
108507
108515
108571
108602
108628
108644
108666
108673
108690
108738
108767
108780
108895
109018
109072
109073
109368
109391
109415
109421
109445
109449
109565
109656
109664
109695
109718
109752
109763
109767
109775
109969
110038
110166
110237
110318
110355
110391
110608
110612
110642
110861
110885
110978
110990
111004
111017
111170
111198
111209
111296
111324
111501
111567
111665
111677
111700
111822
112049
112184
112286
112353
112357
112376
112395
112396
112429
112575
112645
112690
112744
112790
112874
112946
113133
113274
113301
113345
113450
113486
113496
113515
113600
113625
113652
113760
113994
114178
114221
114354
114362
114379
114431
114443
114590
114598
114710
114787
115020
115090
115093
115193
115304
115356
115358
115375
115470
115639
115654
115692
115718
115789
115789
115799
115817
115877
115893
115906
115909
115932
115950
116161
116210
116296
116379
116523
116523
116550
116551
116665
116722
116724
116878
116912
116958
116960
116972
117050
117052
117076
117081
117096
117153
117231
117437
117539
117562
117683
117733
117787
117845
117862
117990
118003
118093
118108
118115
118117
118391
118466
118602
118614
118723
118884
118919
118997
119015
119092
119194
119195
119240
119331
119442
119511
119613
119660
119670
119687
119695
119782
120030
120052
120068
120082
120113
120131
120164
120176
120344
120373
120380
120409
120422
120491
120605
120768
121092
121212
121241
121506
121515
121714
121720
121788
121888
121937
122012
122096
122098
122237
122441
122485
122550
122570
122767
122777
122883
123062
123327
123487
123519
123555
123609
123709
123830
123840
123891
123913
123962
123978
124012
124083
124269
124337
124479
124530
124596
124639
124676
124724
124822
124991
125042
125176
125209
125213
125347
125350
125352
125353
125360
125378
125386
125577
125577
125712
125821
125887
125943
125970
126005
126034
126070
126158
126268
126314
126437
126457
126460
126473
126489
126523
126544
126568
126663
126668
126837
126840
126926
126943
127120
127152
127163
127285
127391
127483
127746
127793
127914
127949
127961
128222
128233
128259
128372
128402
128502
128646
128660
128766
128793
128835
128873
128985
129077
129222
129230
129317
129331
129363
129441
129528
129562
129614
129780
129792
129911
130021
130122
130146
130219
130326
130369
130408
130553
130602
130659
130715
130795
130932
131150
131173
131452
131597
131609
131635
131885
131903
131911
131918
131937
132065
132069
132104
132139
132187
132232
132297
132334
132371
132371
132388
132400
132457
132574
132598
132683
132687
132846
132954
133134
133441
133449
133577
133614
133648
133754
133787
133898
133938
134012
134193
134224
134224
134419
134446
134467
134487
134566
134670
134782
135050
135107
135161
135482
135494
135552
135760
135806
135968
136035
136052
136077
136126
136128
136144
136217
136312
136417
136560
136636
136830
136840
136987
137167
137232
137276
137328
137394
137506
137526
137575
137593
137658
137687
137706
137754
137756
137809
137832
138076
138137
138188
138221
138225
138306
138367
138390
138534
138755
138785
138794
138844
138908
138954
138974
139004
139094
139115
139160
139310
139329
139405
139452
139713
139716
139875
139890
139894
139898
139928
139974
140104
140151
140168
140179
140202
140212
140263
140301
140398
140429
140523
140618
140642
140683
140959
141053
141080
141108
141144
141313
141340
141342
141383
141452
141538
141595
141618
141619
141633
141774
141790
141827
141918
141929
142044
142082
142142
142152
142202
142307
142497
142497
142502
142549
142564
142589
142608
142667
142786
143009
143043
143082
143287
143290
143372
143382
143392
143403
143428
143499
143523
143550
143644
143787
143826
143894
143917
143969
143981
144160
144169
144202
144289
144311
144372
144490
144559
144573
144767
144880
144880
144934
144938
144951
144970
145213
145219
145223
145290
145343
145387
145397
145451
145463
145491
145524
145639
145713
145731
145732
145835
145867
145898
145924
145946
145979
146055
146110
146169
146171
146177
146256
146499
146548
146649
146737
146746
146819
146823
146840
146886
146964
146968
146976
146980
146984
147099
147209
147231
147253
147338
147343
147503
147562
147763
147815
147902
147928
147979
148048
148090
148237
148521
148733
148775
148896
148900
148921
148967
149023
149201
149210
149315
149319
149447
149477
149686
149800
149822
149886
149898
150088
150182
150275
150323
150398
150435
150436
150449
150502
150752
150830
150956
150965
151032
151088
151131
151184
151243
151253
151276
151319
151342
151354
151443
151573
151590
151616
151694
151804
151829
151861
151947
151997
152050
152082
152130
152178
152327
152467
152508
152559
152566
152614
152627
152733
152809
152810
152837
152841
152928
152953
153028
153157
153187
153316
153326
153453
153455
153500
153612
153686
153728
153773
153824
154000
154058
154067
154123
154198
154338
154589
154593
154659
154851
154928
155057
155079
155154
155166
155198
155217
155275
155617
155695
155784
155810
155915
156125
156235
156382
156412
156425
156453
156505
156513
156557
156581
156640
156647
156683
156698
156754
156846
156894
157046
157242
157348
157427
157531
157693
157905
157911
157956
158001
158089
158095
158130
158145
158343
158376
158381
158532
158642
158667
158782
158999
159061
159075
159129
159165
159270
159335
159343
159630
159635
159658
159712
159785
159841
159876
159984
159993
160082
160134
160229
160254
160274
160293
160345
160395
160423
160609
160667
160688
160728
160750
160834
160835
160941
161078
161093
161267
161370
161399
161520
161584
161589
161711
161787
161904
161985
162019
162067
162095
162227
162263
162435
162486
162506
162537
162552
162571
162645
162666
162850
162894
162894
162900
163109
163124
163167
163186
163274
163334
163447
163454
163484
163559
163569
163654
163681
163725
163933
163938
163950
164110
164152
164175
164275
164327
164333
164345
164361
164484
164498
164636
164691
164723
164881
165000
165029
165031
165056
165220
165272
165281
165307
165336
165360
165384
165391
165438
165452
165638
165641
165646
165669
165716
165757
165762
166154
166225
166316
166353
166396
166398
166428
166523
166562
166572
166584
166593
166609
166701
166800
166834
166862
166939
167006
167015
167221
167272
167307
167368
167433
167646
167688
167885
167938
167953
167981
167995
168139
168181
168221
168300
168336
168442
168456
168460
168473
168553
168719
168803
168844
168863
168871
168874
168920
168947
168972
168988
168993
169124
169134
169146
169147
169207
169223
169223
169274
169342
169354
169387
169443
169533
169564
169572
169579
169705
169797
169806
169817
169941
169945
169985
170032
170047
170064
170189
170203
170224
170408
170443
170458
170610
170622
170821
170891
171019
171060
171473
171529
171530
171541
171553
171682
171701
171702
171736
171777
171906
171909
171936
172023
172246
172257
172265
172329
172346
172411
172423
172464
172468
172504
172518
172528
172735
172762
172813
172955
172973
173015
173126
173132
173141
173161
173189
173373
173383
173391
173415
173609
173616
173638
173693
173801
173806
174002
174052
174098
174104
174188
174294
174440
174690
174772
174917
175021
175049
175105
175150
175346
175385
175410
175577
175583
175589
175713
175730
175779
175790
175922
175947
175954
176126
176203
176248
176255
176296
176296
176302
176306
176376
176584
176759
176798
176806
176826
176926
176936
176975
176986
177070
177082
177132
177221
177289
177406
177621
177650
177678
177693
178091
178116
178208
178233
178245
178398
178400
178428
178492
178523
178614
178627
178730
178769
178815
178881
178892
178999
179041
179225
179338
179365
179418
179529
179627
179656
179668
179786
179803
179956
180070
180168
180190
180192
180363
180551
180646
180666
180755
180919
181107
181157
181161
181256
181259
181278
181281
181294
181336
181485
181523
181558
181607
181621
181901
181916
181965
181984
182135
182146
182172
182240
182464
182516
182731
182831
182925
182956
183036
183112
183119
183188
183231
183264
183291
183356
183387
183523
183579
183582
183597
183732
183862
183883
183970
183987
184036
184045
184049
184095
184145
184155
184196
184305
184393
184412
184453
184481
184529
184587
184589
184591
184695
184713
184721
184742
184761
184763
184821
184871
185088
185112
185236
185434
185445
185577
185695
185714
185811
185819
185864
186183
186192
186256
186264
186278
186325
186436
186452
186606
186765
186776
186839
186963
186972
186995
187033
187154
187210
187368
187629
187652
187659
187691
187737
187787
188001
188121
188142
188199
188228
188258
188269
188318
188427
188483
188554
188643
188701
188715
188805
188869
188874
188949
189233
189243
189266
189310
189313
189347
189418
189426
189495
189584
189587
189649
189702
189722
189736
189786
189794
189808
189900
189901
189921
189936
189959
190057
190087
190100
190112
190143
190184
190263
190265
190397
190398
190487
190496
190760
190812
190812
190825
190875
191000
191048
191115
191199
191244
191290
191424
191513
191533
191553
191557
191723
191736
191835
191856
191881
192124
192242
192337
192465
192539
192635
192638
192728
192803
192806
192829
192830
192836
192844
192913
192956
193030
193150
193158
193191
193424
193490
193536
193549
193619
193734
193798
193819
193877
193943
193971
193983
194083
194083
194088
194090
194132
194133
194143
194239
194327
194511
194554
194724
194817
194833
194908
195001
195054
195163
195234
195257
195438
195537
195572
195575
195855
196031
196095
196130
196217
196289
196301
196347
196390
196435
196518
196536
196593
196670
196932
196967
196971
197090
197123
197231
197257
197644
197724
197799
197930
198103
198103
198112
198133
198186
198292
198315
198446
198508
198521
198577
198722
198966
199026
199129
199166
199267
199508
199512
199545
199554
199678
199882
199882
199980
200003
200053
200152
200161
200212
200394
200445
200487
200532
200556
200719
200764
200931
201017
201089
201149
201163
201181
201255
201343
201364
201460
201475
201522
201533
201552
201630
201646
201779
201877
201948
201953
202038
202065
202092
202220
202337
202462
202466
202541
202591
202594
202614
202619
202642
202654
202699
202740
202885
202886
202994
203023
203029
203067
203122
203232
203260
203385
203573
203699
203811
203832
203909
203945
203997
204016
204030
204093
204115
204138
204281
204290
204305
204347
204537
204555
204583
204612
204630
204666
204691
204780
204867
204888
204952
205051
205057
205095
205170
205189
205198
205312
205366
205486
205529
205557
205562
205568
205623
205667
205714
205720
205737
205759
205778
205800
205808
206021
206027
206074
206259
206278
206343
206377
206461
206484
206580
206618
206621
206643
206674
206788
206793
206879
207016
207054
207142
207204
207343
207366
207412
207628
207654
207663
207681
207692
207716
207788
207840
207883
207948
207958
207993
208059
208076
208300
208308
208364
208413
208516
208517
208822
208915
209012
209043
209085
209222
209253
209255
209397
209454
209477
209650
209695
209700
209834
209881
209896
209970
210085
210105
210151
210224
210255
210342
210361
210364
210446
210455
210460
210475
210540
210554
210568
210584
210703
210811
210872
210875
210940
210988
211097
211163
211196
211265
211283
211324
211368
211393
211459
211489
211563
211608
211775
211802
211809
211899
211943
212025
212096
212158
212169
212192
212217
212247
212263
212269
212289
212375
212454
212472
212519
212523
212563
212592
212686
212707
212799
212801
212813
212823
213049
213061
213116
213162
213194
213223
213237
213301
213634
213694
213716
213876
213914
213921
213950
214160
214175
214364
214381
214382
214453
214478
214488
214571
214582
214590
214635
214811
214853
214908
214996
215073
215121
215212
215231
215254
215289
215293
215494
215504
215518
215615
215652
215775
215821
215937
216069
216104
216145
216151
216246
216252
216316
216591
216608
216637
216716
216909
216915
216930
217035
217071
217091
217150
217171
217217
217236
217249
217346
217477
217494
217584
217588
217707
217835
217854
217884
217965
218118
218224
218263
218297
218305
218313
218324
218650
218697
218852
218860
218919
218955
218980
219090
219162
219318
219323
219341
219348
219384
219487
219519
219563
219681
219746
219790
219852
219891
219930
219954
219968
219994
220010
220079
220112
220165
220166
220188
220192
220196
220226
220271
220308
220345
220366
220526
220614
220697
220769
220813
220835
220855
220953
220980
221042
221105
221147
221288
221348
221454
221515
221571
221738
221762
221812
221856
221870
221946
221954
222045
222107
222258
222391
222733
222735
222763
222895
222935
222975
223018
223087
223134
223135
223172
223234
223239
223274
223356
223574
223576
223582
223760
224070
224126
224177
224187
224239
224263
224295
224340
224357
224378
224382
224436
224449
224474
224507
224582
224682
224815
224869
224887
224991
224997
225034
225053
225070
225075
225187
225199
225235
225331
225439
225474
225526
225581
225633
225707
225772
225815
225821
225824
225855
225988
226055
226092
226105
226181
226218
226269
226278
226444
226498
226846
226905
226913
226990
227015
227089
227130
227192
227215
227229
227261
227378
227420
227461
227466
227533
227573
227638
227710
227735
227787
227830
227914
227946
227965
227973
227977
228047
228059
228098
228098
228149
228172
228244
228456
228501
228531
228672
228716
228723
228830
229183
229213
229217
229246
229260
229363
229375
229408
229422
229544
229577
229582
229583
229591
229604
229788
229831
229873
229891
230070
230155
230189
230307
230527
230536
230541
230600
230867
230915
230917
231124
231135
231138
231200
231293
231379
231381
231385
231398
231416
231420
231460
231474
231484
231494
231539
231568
231584
231585
231664
231693
231710
231774
231809
231827
231836
232008
232019
232196
232223
232256
232414
232464
232605
232655
232665
232686
232718
232858
232877
233165
233216
233393
233463
233488
233565
233612
233646
233661
233668
233877
233927
234020
234075
234119
234175
234185
234187
234223
234336
234459
234533
234642
234675
234678
234809
234938
234942
235028
235194
235466
235520
235549
235554
235668
235773
235791
235798
235812
235913
236053
236095
236183
236221
236352
236488
236518
236556
236594
236640
236679
236913
236944
236950
236996
237078
237090
237403
237453
237706
237713
237742
237761
237825
237950
237956
238122
238148
238151
238347
238470
238513
238530
238544
238636
238869
238896
238909
239151
239165
239261
239321
239425
239471
239575
239580
239585
239614
239634
239702
239711
239712
239801
239932
240059
240063
240284
240433
240494
240578
240697
240726
240732
240789
240841
240941
240942
240982
241242
241457
241567
241643
241678
241804
241838
242133
242218
242312
242331
242476
242483
242690
242720
242731
242935
242959
242999
243015
243085
243146
243289
243385
243644
243702
243940
243947
244006
244098
244177
244254
244312
244401
244426
244458
244578
244610
244706
244742
244753
244753
244783
244817
244961
245011
245068
245168
245411
245426
245442
245648
245799
245860
245915
246007
246053
246283
246371
246426
246454
247006
247067
247126
247161
247183
247307
247320
247331
247409
247537
247701
247794
247900
247974
247988
248030
248123
248324
248362
248470
248491
248497
248539
248593
248659
248725
248777
248787
248801
248811
248876
248913
248934
249034
249143
249196
249202
249426
249511
249518
249547
249569
249623
249696
249723
249773
249782
249783
249854
249895
250027
250331
250524
250569
250719
250780
250808
250854
250958
251007
251036
251081
251121
251134
251151
251166
251191
251201
251321
251361
251406
251407
251477
251614
251686
251713
251750
251765
251776
251880
251898
251943
252006
252045
252059
252062
252262
252312
252351
252366
252408
252440
252498
252528
252529
252559
252571
252581
252728
252953
252982
253099
253099
253135
253272
253544
253692
253725
253738
253799
253987
254174
254272
254300
254326
254355
254519
254544
254579
254717
254733
254767
254847
254905
255066
255075
255145
255358
255377
255378
255423
255446
255543
255564
255572
255597
255892
255938
256003
256040
256179
256266
256401
256503
256726
256824
256843
256870
256870
256957
257016
257153
257393
257404
257405
257471
257670
257677
257829
257919
257995
258205
258243
258265
258309
258483
258572
258578
258612
258643
258712
258804
258844
258872
258887
258943
258962
259092
259206
259314
259316
259364
259377
259395
259411
259506
259512
259533
259587
259604
259728
259750
259819
260058
260058
260083
260124
260192
260262
260266
260276
260296
260346
260405
260471
260477
260518
260600
260602
260644
260676
260895
260912
260946
261016
261079
261166
261260
261290
261305
261348
261418
261462
261493
261645
261684
261693
261725
261744
261750
261869
261930
262098
262189
262228
262295
262362
262444
262571
262818
262849
262854
262877
262894
262922
262974
263178
263282
263286
263286
263376
263516
263626
263740
263830
263837
263878
263891
263926
263944
263966
263993
264045
264313
264357
264568
264586
264631
264748
264769
264992
265024
265235
265305
265309
265372
265418
265481
265590
265675
265710
265714
265768
265846
265907
266091
266098
266141
266262
266306
266341
266418
266441
266457
266625
266729
266804
266912
266979
267079
267183
267224
267232
267281
267344
267379
267380
267451
267463
267507
267731
267929
267962
268278
268315
268329
268340
268356
268527
268735
268799
268849
268884
268899
269008
269114
269120
269140
269146
269161
269165
269166
269210
269276
269338
269367
269447
269460
269464
269506
269535
269655
269662
269669
269682
269719
269850
269859
269945
269963
269969
269980
269999
270044
270156
270379
270380
270434
270503
270533
270538
270549
270584
270634
270741
270768
270796
270873
270903
271033
271041
271164
271181
271194
271265
271336
271530
271533
271688
271689
271715
271872
272002
272034
272174
272328
272363
272542
272632
272667
272749
272761
272890
272959
273104
273140
273147
273152
273175
273189
273325
273344
273418
273458
273475
273573
273606
273662
273675
273678
273703
273734
273759
273852
273879
274295
274303
274375
274378
274651
274662
275004
275095
275191
275226
275288
275288
275319
275384
275396
275511
275589
275648
275743
275831
275846
275868
275911
276296
276337
276354
276371
276545
276556
276572
276700
276700
276714
276815
276884
276960
276964
277045
277340
277404
277429
277440
277471
277520
277528
277536
277617
277658
277699
277710
277741
277820
277883
277917
277927
277938
277990
278022
278056
278084
278196
278292
278417
278506
278673
278687
278717
278723
278779
278815
278816
278894
278906
278922
279061
279131
279207
279646
279692
279725
279730
279734
279917
279922
279978
280142
280210
280279
280398
280414
280441
280503
280591
280686
280686
280736
280806
280886
280937
280952
281030
281208
281225
281317
281381
281488
281566
281574
281619
281665
281771
281811
281817
281979
282000
282030
282211
282291
282355
282376
282434
282488
282603
282651
282660
282729
282732
282744
282753
282826
283051
283125
283184
283190
283277
283375
283420
283679
283689
283689
283927
284042
284043
284206
284252
284286
284312
284379
284467
284619
284649
284738
284864
284876
284884
285046
285055
285207
285294
285450
285582
285647
285707
285789
286003
286007
286016
286117
286127
286172
286368
286444
286525
286615
286692
286825
286855
286964
287158
287180
287240
287317
287409
287413
287472
287560
287675
287687
287769
287773
287865
287874
288093
288110
288275
288292
288313
288440
288468
288565
288619
288787
288790
288998
289033
289051
289061
289105
289122
289180
289216
289260
289283
289326
289367
289479
289570
289646
289717
289806
289812
289836
289845
289878
289922
289944
289973
290003
290103
290142
290146
290161
290191
290268
290285
290317
290324
290325
290506
290586
290607
290955
291137
291150
291158
291260
291300
291323
291395
291662
291716
291765
291849
291858
291915
291972
291992
292021
292047
292104
292159
292206
292252
292282
292301
292340
292429
292485
292923
293053
293248
293369
293516
293523
293560
293569
293590
293640
293653
293774
294017
294029
294045
294205
294321
294358
294375
294508
294540
294554
294596
294620
294673
294762
294869
294887
295048
295089
295090
295174
295179
295257
295405
295462
295483
295521
295548
295549
295654
295696
295696
295717
295767
295776
295991
296283
296288
296316
296368
296454
296476
296612
296659
296736
296776
296934
296947
297087
297143
297444
297493
297513
297569
297761
297767
297819
298066
298123
298218
298417
298422
298425
298507
298512
298604
298677
298743
298816
298972
298975
299165
299234
299290
299318
299357
299377
299393
299455
299465
299519
299581
299609
299630
299661
299670
299754
299851
299978
299994
300051
300055
300087
300281
300301
300599
300697
300699
300823
300895
300944
300991
301216
301468
301588
301608
301610
301651
301737
301814
301830
301898
302165
302170
302181
302252
302283
302569
302582
302717
302826
302863
302866
302939
302968
303014
303016
303168
303187
303282
303314
303422
303539
303590
303610
303625
303665
303703
303809
303821
304055
304069
304370
304494
304495
304559
304684
304744
304764
304795
304834
304945
304963
304981
304999
305031
305215
305312
305326
305366
305433
305441
305484
305498
305698
305772
305863
306125
306218
306316
306339
306372
306395
306613
306646
306792
306872
306907
306929
306968
306973
306998
306998
307089
307255
307303
307412
307472
307503
307719
307771
307948
307967
307992
308196
308198
308234
308584
308820
308858
308864
308891
308895
308961
309180
309194
309233
309296
309378
309441
309448
309481
309491
309504
309669
309674
309720
309747
309767
309788
309944
309965
309977
310115
310154
310166
310190
310247
310250
310277
310334
310447
310553
310559
310648
310713
310756
310761
310770
310838
310942
311011
311057
311087
311189
311212
311242
311281
311285
311369
311369
311384
311396
311634
311636
311659
311701
311919
312051
312167
312200
312204
312221
312266
312294
312322
312382
312424
312425
312432
312514
312595
312648
312656
312669
312777
312828
312868
313064
313261
313274
313344
313477
313486
313520
313526
313561
313670
313758
313791
313841
314106
314153
314161
314256
314321
314362
314618
314806
314845
314867
314990
315027
315090
315098
315179
315294
315346
315361
315413
315475
315528
315561
315576
315600
315636
315687
315689
315968
315982
316016
316167
316375
316394
316415
316442
316545
316587
316664
316856
317074
317126
317169
317181
317252
317333
317369
317400
317599
317757
317774
317839
317863
317886
317929
318113
318149
318447
318462
318540
318547
318575
318635
318691
318697
318776
318917
319027
319028
319039
319104
319198
319236
319622
319630
319704
319763
319763
319805
319953
320061
320187
320207
320284
320398
320500
320511
320522
320536
320554
320707
320809
320861
320959
321028
321113
321113
321185
321225
321312
321349
321395
321550
321564
321640
321717
321764
321808
321978
321993
322004
322111
322127
322158
322215
322302
322390
322403
322476
322485
322635
322799
322945
322977
323092
323115
323184
323227
323251
323441
323528
323544
323565
323789
323801
323849
324079
324090
324187
324194
324232
324304
324374
324400
324413
324661
324706
324709
324729
324815
324909
325022
325087
325144
325151
325158
325191
325195
325419
325437
325439
325661
325674
325822
326016
326072
326131
326187
326312
326323
326519
326555
326770
326930
327071
327103
327112
327144
327199
327203
327236
327268
327303
327316
327327
327369
327398
327462
327464
327480
327490
327498
327510
327655
327664
327759
327804
328161
328182
328188
328274
328369
328415
328427
328535
328550
328597
328717
328927
328956
329052
329137
329186
329213
329393
329479
329537
329781
329786
329879
329998
330055
330117
330249
330400
330549
330589
330702
330997
331083
331093
331136
331168
331273
331322
331390
331398
331418
331423
331490
331531
331652
331705
331770
331822
331823
331990
332005
332201
332215
332281
332298
332419
332433
332466
332468
332586
332638
332713
332715
332833
332844
332881
332953
332953
332983
333000
333104
333111
333122
333346
333378
333383
333432
333465
333500
333711
333822
333926
334094
334163
334204
334311
334344
334378
334451
334663
334665
334767
334835
334884
334892
335062
335076
335187
335195
335339
335462
335618
335653
335760
335971
336080
336108
336129
336162
336197
336288
336305
336327
336349
336383
336416
336418
336526
336535
336540
336547
336677
336688
336703
336842
336872
336892
336944
336987
337037
337122
337131
337266
337306
337333
337431
337463
337560
337761
337762
337856
337928
337945
337970
338002
338056
338057
338107
338108
338231
338324
338367
338531
338625
338706
338725
338735
338741
338810
338881
338932
338989
339000
339049
339118
339122
339166
339178
339208
339229
339288
339290
339333
339350
339390
339491
339514
339566
339722
339849
339980
340021
340050
340088
340177
340198
340234
340398
340427
340436
340500
340502
340575
340937
340978
341010
341032
341088
341244
341258
341262
341320
341323
341352
341395
341449
341505
341930
342060
342081
342255
342460
342553
342588
342659
342704
342790
342855
342860
343220
343325
343392
343408
343424
343428
343605
343609
343771
343777
343888
343947
344167
344188
344208
344303
344562
344651
344672
344699
344709
344729
344769
344863
344869
344891
345097
345175
345183
345244
345296
345358
345406
345425
345453
345544
345811
345950
345976
345984
346177
346190
346393
346428
346443
346463
346606
346657
346679
346746
346851
346891
346919
346977
347010
347019
347028
347132
347256
347315
347330
347346
347453
347523
347618
347745
347800
347822
347862
347885
347895
347899
347913
347998
348046
348112
348120
348196
348294
348359
348493
348551
348561
348662
348667
348730
348735
348820
348825
349047
349063
349132
349221
349426
349658
349781
349890
349924
349928
350140
350250
350252
350312
350382
350458
350577
350708
350763
350795
350821
350832
350988
351007
351123
351173
351361
351363
351372
351377
351431
351469
351470
351516
351540
351551
351599
351602
351626
351792
351851
351931
351950
351981
352093
352147
352181
352258
352326
352359
352366
352414
352524
352524
352525
352587
352681
352880
352922
352937
352987
353024
353026
353183
353184
353210
353410
353693
353728
353730
353816
353820
353834
353963
353969
354084
354119
354150
354208
354219
354309
354357
354416
354443
354453
354535
354581
354603
354634
354663
354719
354786
354945
355155
355221
355318
355335
355356
355455
355459
355467
355548
355583
355746
355831
355851
355932
355967
355995
356011
356028
356047
356061
356218
356254
356291
356450
356570
356599
356624
356677
356719
356731
356737
356907
356920
356981
357147
357190
357232
357356
357520
357633
357652
357664
357719
357728
357752
357752
357858
357940
357947
358070
358161
358207
358278
358440
358528
358539
358621
358663
358736
358740
358796
358810
358822
358858
358935
359033
359058
359243
359300
359301
359346
359370
359453
359695
359704
359712
359765
359897
359920
359975
360067
360096
360319
360390
360420
360453
360468
360595
360648
360656
360712
360721
360752
360896
360996
361022
361082
361110
361163
361252
361255
361261
361265
361289
361321
361354
361554
361707
361801
361844
361965
362049
362253
362269
362296
362665
362743
362749
362847
362933
363012
363293
363340
363424
363496
363560
363569
363575
363756
363780
363920
364024
364073
364103
364230
364352
364353
364408
364536
364677
364720
364759
364782
364947
365007
365026
365135
365229
365350
365430
365523
365540
365615
365735
365792
365811
365973
365995
366110
366146
366233
366291
366352
366361
366419
366509
366544
366681
366687
366806
366874
366905
366973
367045
367081
367082
367133
367211
367331
367379
367703
367711
367891
368019
368086
368341
368358
368389
368416
368453
368454
368487
368515
368604
368611
368645
368735
368764
368956
368989
368990
369039
369167
369198
369247
369323
369341
369538
369571
369595
369605
369637
369722
369915
370018
370056
370060
370077
370520
370530
370592
370593
370602
370604
370624
370678
370700
370728
370771
370965
371122
371131
371161
371236
371297
371397
371460
371475
371476
371486
371519
371535
371581
371599
371607
371633
371645
371658
371667
371847
371867
371946
372015
372031
372139
372255
372394
372459
372538
372607
372647
372652
372790
372803
372912
372929
372932
372967
373032
373084
373108
373143
373363
373403
373484
373493
373514
373750
373771
373828
373846
373872
373936
374055
374107
374214
374270
374308
374333
374369
374405
374438
374503
374611
374630
374768
374857
374871
374907
375067
375082
375091
375199
375230
375248
375273
375285
375346
375456
375487
375513
375665
375717
376159
376166
376189
376229
376236
376272
376273
376299
376368
376376
376449
376492
376593
376653
376678
376686
377020
377113
377138
377146
377191
377352
377370
377384
377392
377498
377551
377606
377629
377765
377821
377827
377920
377969
377989
378022
378029
378031
378034
378174
378177
378354
378399
378427
378481
378642
378664
378810
378884
378928
378949
378953
378983
379061
379098
379113
379140
379169
379233
379346
379404
379479
379613
379758
379770
379855
379912
380083
380089
380101
380105
380167
380337
380352
380539
380578
380611
380671
380726
380764
380767
380855
380920
380933
380968
381043
381049
381057
381129
381157
381216
381360
381389
381525
381553
381560
381695
381716
381743
381756
381759
381929
382042
382290
382314
382413
382513
382604
382620
382623
382653
382736
382878
383228
383315
383323
383371
383457
383632
383675
383704
383865
384068
384137
384203
384397
384526
384756
384756
384766
384871
385068
385209
385225
385268
385316
385416
385424
385527
385550
385619
385623
385634
385653
385669
385832
385857
386012
386069
386069
386120
386142
386156
386240
386311
386394
386575
386603
386633
386814
386866
386965
387035
387044
387088
387171
387177
387234
387309
387346
387365
387443
387593
387708
387711
387808
387899
387925
388271
388414
388562
388659
388708
389205
389304
389337
389337
389522
389573
389591
389737
389749
389885
389997
390039
390107
390227
390236
390252
390376
390493
390653
390667
390725
390728
390752
390790
390852
390860
391058
391166
391234
391266
391292
391415
391489
391570
391575
391716
391721
391795
391811
391820
391825
391871
391907
391962
392100
392128
392136
392148
392231
392299
392306
392336
392391
392415
392420
392449
392459
392485
392489
392573
392694
392776
392790
392935
392952
392963
393069
393075
393104
393134
393155
393161
393218
393335
393480
393498
393505
393570
393599
393613
393641
393853
393948
394007
394042
394050
394107
394287
394451
394473
394608
394634
394650
394692
394734
394759
394793
394836
394840
394864
394917
395079
395214
395217
395218
395259
395377
395723
395742
395882
395891
395997
396028
396053
396232
396413
396516
396567
396669
396730
396770
396799
396918
396924
397050
397106
397118
397175
397190
397198
397207
397221
397258
397276
397288
397289
397311
397377
397420
397453
397490
397561
397782
397830
397956
397972
398039
398047
398122
398175
398217
398236
398280
398296
398365
398586
398682
398688
398710
398736
398883
399001
399063
399071
399305
399356
399391
399483
399559
399570
399714
399871
399974
400005
400041
400148
400246
400289
400299
400322
400371
400406
400441
400443
400538
400678
400680
400777
400821
400898
400959
400993
401116
401157
401224
401278
401406
401471
401591
401602
401608
401626
401702
401726
401733
401750
401806
401822
401878
401945
401965
402001
402134
402272
402356
402425
402462
402504
402510
402539
402542
402578
402621
402669
402670
402700
402774
402774
402782
402814
402904
402970
402991
403035
403074
403085
403160
403215
403302
403303
403331
403379
403381
403468
403521
403539
403565
403614
403817
403820
403830
403841
403913
403968
404063
404177
404187
404313
404366
404532
404536
404705
404756
404790
404802
404844
404999
405087
405131
405174
405347
405358
405397
405408
405547
405599
405655
405699
405718
405744
405919
405919
405925
405986
406096
406149
406163
406239
406247
406410
406511
406549
406659
406740
406823
406837
407086
407198
407206
407221
407223
407252
407298
407310
407317
407430
407440
407566
407593
407594
407625
407653
407671
407759
407813
407829
407849
407891
407896
407935
407955
407983
408015
408028
408041
408166
408279
408508
408548
408570
408585
408763
408911
409097
409153
409446
409493
409538
409656
409715
409722
409819
409826
409841
410078
410164
410197
410362
410369
410388
410405
410449
410644
410697
410718
410721
410761
410804
410818
410852
410931
411050
411116
411118
411188
411208
411308
411667
411739
411830
411902
411914
411960
411991
412040
412185
412301
412313
412351
412388
412460
412505
412562
412608
412616
412887
412932
413016
413027
413031
413059
413103
413131
413148
413192
413212
413223
413269
413339
413345
413475
413539
413589
413606
413684
413696
413750
413781
413850
413851
413876
414035
414045
414144
414270
414356
414452
414489
414656
414658
414720
414734
414871
414871
414971
415094
415168
415325
415407
415523
415568
415641
415645
415703
415735
415754
415866
415921
416341
416372
416533
416537
416715
416856
416885
416901
416914
417161
417186
417211
417263
417337
417352
417427
417444
417511
417525
417620
417638
417730
417738
417808
417835
417919
417927
417974
418158
418312
418321
418336
418367
418447
418462
418626
418665
418804
418828
418914
419062
419123
419142
419191
419238
419345
419355
419492
419580
419672
419786
419870
420031
420077
420106
420149
420245
420253
420338
420355
420359
420418
420454
420655
420663
420709
420715
420728
420896
421153
421229
421318
421374
421457
421516
421518
421530
421596
421618
421641
421658
421726
421884
421996
422027
422039
422111
422116
422118
422444
422454
422506
422528
422731
422746
422792
422922
422923
423051
423061
423114
423141
423260
423329
423382
423419
423453
423466
423497
423567
423647
423803
423810
423848
423981
424016
424167
424192
424472
424493
424639
424697
424765
424779
424794
424803
424832
424842
424852
424863
424882
424996
425092
425130
425265
425268
425275
425379
425553
425617
425650
425659
425682
425699
425708
425727
425740
425757
425874
425924
425967
425996
426010
426074
426168
426170
426205
426227
426245
426292
426409
426572
426573
426626
426687
426715
426733
426745
426897
426902
426967
426978
426986
427109
427135
427276
427292
427306
427315
427336
427446
427555
427656
427697
427703
427752
427956
428031
428077
428137
428150
428255
428330
428392
428402
428413
428570
428600
428617
428697
428989
429012
429019
429031
429055
429210
429426
429513
429516
429518
429539
429549
429578
429838
429861
430117
430124
430130
430155
430181
430214
430263
430299
430301
430368
430405
430505
430522
430545
430643
430661
430759
430793
430977
431103
431145
431146
431263
431268
431284
431316
431336
431395
431467
431489
431724
431957
432017
432034
432105
432147
432310
432382
432390
432395
432443
432557
432607
432615
432940
433083
433124
433168
433184
433212
433244
433335
433358
433725
433776
433792
433808
433828
433832
433872
433903
433965
433971
434019
434068
434122
434139
434193
434218
434314
434367
434372
434458
434493
434556
434588
434602
434656
434685
434757
434829
434834
434856
434895
434970
434977
435045
435128
435135
435164
435243
435293
435409
435451
435541
435590
435623
435623
435679
435806
435833
435858
435865
435909
435999
436027
436182
436240
436437
436438
436627
436690
436699
436819
436878
437030
437154
437160
437228
437375
437419
437461
437471
437527
437588
437629
437720
437747
437747
437855
437874
437884
438044
438167
438236
438261
438315
438361
438519
438643
438687
438809
438896
438928
438959
439063
439150
439295
439397
439588
439641
439776
439789
439869
440011
440058
440122
440256
440264
440414
440433
440496
440576
440599
440600
440680
440751
440815
440906
440939
441017
441028
441043
441070
441143
441218
441250
441278
441365
441369
441394
441406
441522
441542
441591
441607
441614
441822
441825
441852
441877
441975
442128
442221
442225
442350
442447
442473
442514
442829
442967
443008
443093
443123
443127
443152
443243
443296
443364
443416
443508
443539
443540
443550
443667
443747
443767
443860
443952
444066
444093
444309
444325
444456
444560
444785
444797
444814
444830
444836
444872
445160
445215
445273
445311
445331
445424
445516
445551
445606
445659
445709
445859
445889
445908
445922
446035
446048
446108
446149
446309
446435
446648
446670
446697
446717
446920
447070
447139
447194
447276
447402
447466
447518
447687
447694
447773
447826
447905
447945
448040
448061
448118
448226
448259
448273
448294
448381
448414
448501
448617
448722
448738
448752
448854
448897
449001
449005
449093
449115
449326
449449
449599
449779
449854
449872
449874
449885
449924
450046
450091
450141
450190
450270
450360
450421
450441
450518
450666
450706
450753
450774
450812
450828
450832
450906
450930
451058
451108
451116
451126
451127
451219
451283
451723
451750
451783
451853
452049
452074
452075
452142
452266
452398
452454
452469
452477
452521
452563
452588
452627
452676
452698
452875
452881
453110
453126
453173
453188
453207
453312
453371
453472
453543
453565
453595
453662
453760
453764
453793
453798
453861
454038
454061
454092
454093
454221
454233
454266
454340
454407
454419
454562
454577
454907
454957
454988
455115
455119
455138
455176
455209
455281
455369
455383
455403
455444
455535
455566
455608
455655
455661
455773
455781
455806
456033
456038
456187
456297
456328
456370
456424
456483
456487
456568
456603
456604
456676
456896
456912
456917
456960
456973
456993
457045
457046
457074
457126
457164
457214
457246
457306
457454
457482
457570
457664
457706
457777
457823
457846
457878
457909
457995
458078
458081
458122
458128
458177
458237
458256
458394
458443
458535
458650
458755
458764
458802
458859
459028
459125
459141
459194
459241
459352
459385
459410
459428
459768
459991
460262
460395
460534
460535
460741
460757
460869
460873
461031
461031
461044
461062
461176
461197
461390
461435
461443
461448
461632
461795
461820
462034
462103
462216
462218
462277
462308
462336
462430
462525
462553
462629
462824
462834
462912
462986
463062
463160
463214
463288
463393
463500
463524
463529
463541
463701
463711
463775
463781
463824
463839
463869
463872
463898
463942
463958
463972
464056
464356
464372
464589
464628
464631
464665
464679
464681
464703
464716
464816
464879
464927
465018
465047
465141
465201
465267
465327
465489
465606
465616
465627
465666
465685
465798
465814
465839
465927
465968
465969
466106
466198
466221
466223
466483
466592
466756
466800
466829
467104
467108
467141
467167
467181
467183
467187
467283
467346
467614
467621
467693
467716
467747
467811
467972
468040
468066
468107
468127
468176
468193
468201
468384
468387
468417
468463
468578
468584
468605
468606
468719
468743
468803
468873
468903
468915
469066
469067
469142
469197
469278
469304
469423
469456
469575
469632
469679
469718
469769
469985
469992
470066
470112
470130
470134
470222
470290
470309
470334
470360
470497
470533
470549
470603
470792
470823
470893
470915
470985
470987
471220
471227
471323
471375
471402
471494
471512
471826
471893
471935
471952
471994
472014
472030
472095
472129
472324
472489
472636
472705
472745
472963
472986
473003
473017
473078
473231
473305
473529
473710
473756
473784
473793
473974
474187
474204
474256
474357
474382
474409
474508
474563
474686
474787
474826
474868
474904
474917
474978
475011
475064
475107
475120
475151
475163
475203
475237
475243
475277
475335
475372
475561
475640
475718
475873
475889
475899
475992
475994
476044
476071
476169
476295
476404
476412
476563
476620
476649
476673
476726
476747
476787
476796
476858
476860
476934
476942
476949
476988
477075
477118
477127
477168
477188
477231
477249
477306
477397
477442
477496
477611
477819
477956
478045
478102
478186
478533
478543
478649
478653
478719
478831
478915
478990
479107
479123
479198
479336
479374
479419
479494
479618
479670
479688
479740
479852
479989
480053
480191
480198
480265
480377
480427
480428
480467
480702
480752
480817
480960
481002
481009
481020
481077
481255
481274
481346
481363
481439
481520
481585
481597
481753
481840
481943
481948
481984
482033
482053
482059
482101
482184
482204
482311
482324
482462
482494
482514
482543
482695
482753
482957
483006
483021
483033
483129
483238
483239
483253
483347
483509
483520
483550
483627
483667
483703
483707
483719
483732
483765
483836
483859
483874
483877
483949
483995
484008
484075
484258
484427
484432
484440
484461
484464
484523
484545
484581
484640
484644
484646
484676
484800
484843
484883
485001
485047
485102
485111
485139
485191
485275
485284
485353
485375
485395
485397
485422
485433
485486
485587
485612
485659
485671
485792
485837
485887
485918
486000
486038
486038
486082
486102
486104
486127
486178
486227
486260
486303
486475
486492
486543
486570
486661
486703
486719
486846
486863
486952
486994
487034
487114
487147
487279
487292
487292
487332
487462
487637
487686
487753
487792
487806
487824
487884
487899
488005
488055
488060
488194
488200
488205
488224
488291
488457
488531
488545
488687
488734
488759
488807
488966
489028
489126
489145
489171
489228
489271
489347
489381
489383
489421
489576
489622
489641
489691
489768
489805
489818
489907
489980
490062
490084
490169
490205
490213
490234
490314
490414
490556
490637
490658
491010
491109
491152
491175
491179
491385
491501
491511
491563
491725
491778
491890
492049
492110
492160
492196
492210
492309
492340
492353
492381
492415
492482
492765
492880
492952
492977
493023
493053
493091
493223
493225
493397
493403
493446
493501
493660
493670
493783
493848
493924
494115
494153
494261
494517
494549
494585
494713
494808
494816
494873
494961
495062
495065
495184
495256
495431
495707
495872
495922
495931
495947
496052
496079
496087
496385
496419
496635
496654
496739
496941
496962
497062
497131
497253
497396
497614
497645
497858
497984
498028
498322
498363
498518
498623
498652
498658
498668
498875
498892
498959
499058
499147
499148
499182
499267
499317
499371
499374
499377
499422
499539
499587
499616
500217
500231
500277
500295
500298
500340
500396
500419
500483
500490
500521
500549
500587
500599
500602
500746
500822
500916
500944
500987
501065
501074
501107
501183
501192
501306
501345
501365
501429
501455
501608
501628
501797
501808
501889
501922
502028
502110
502304
502592
502659
502717
502726
502789
502826
503015
503094
503121
503131
503223
503258
503274
503504
503522
503590
503692
503716
503776
503859
503874
503941
504013
504086
504112
504352
504403
504449
504662
504688
504727
504757
504817
504833
504837
504924
504930
505042
505522
505535
505556
505582
505595
505676
505854
505858
505884
505958
506001
506047
506070
506119
506193
506214
506225
506290
506311
506364
506646
506671
506700
506930
506964
507049
507085
507093
507143
507169
507188
507270
507296
507308
507321
507363
507387
507683
507720
507734
507796
507874
507902
507978
508041
508071
508121
508123
508189
508217
508280
508407
508412
508455
508469
508560
508600
508730
508739
508750
508795
508841
508869
508900
508959
509035
509270
509309
509429
509454
509663
509735
509773
509837
509858
509868
509871
509910
509929
509963
509991
510069
510121
510248
510298
510324
510389
510457
510509
510583
510629
510722
510733
510959
511307
511465
511473
511621
511743
511853
511855
511864
512041
512075
512085
512093
512128
512154
512252
512257
512388
512603
512721
512748
512762
512849
512940
512990
513009
513083
513119
513216
513293
513298
513309
513343
513465
513735
513780
513858
513929
513965
514033
514082
514210
514219
514243
514736
514982
515021
515035
515042
515064
515133
515156
515233
515290
515292
515421
515430
515531
515627
515664
515689
515788
515878
515931
515935
515955
516067
516142
516145
516182
516296
516302
516306
516316
516515
516558
516720
516729
516830
516896
516910
516930
516976
517161
517201
517293
517351
517413
517441
517454
517492
517629
517640
517651
517668
517684
517709
518317
518332
518436
518479
518618
518768
518854
518977
519011
519082
519242
519317
519325
519363
519387
519528
519530
519614
519645
519786
519893
519902
520051
520123
520202
520232
520301
520374
520436
520560
520602
520639
520711
520736
520862
520936
520980
521012
521034
521043
521046
521046
521074
521081
521111
521140
521252
521359
521371
521417
521589
521590
521681
521698
521702
521754
521818
521828
521848
521853
521893
521962
521977
522021
522025
522091
522167
522191
522287
522606
522618
522706
522751
522778
522786
522876
522891
522924
523016
523293
523431
523502
523504
523522
523575
523609
523653
523683
523702
523767
523827
524023
524061
524120
524212
524222
524303
524479
524520
524572
524645
524732
524820
524835
524999
525014
525079
525090
525103
525123
525234
525248
525328
525370
525508
525560
525813
525837
526001
526004
526081
526146
526204
526230
526344
526374
526419
526469
526503
526540
526624
526670
526677
526710
526863
526996
527115
527207
527252
527307
527350
527376
527564
527576
527621
527692
527699
527706
527755
527876
527919
527926
527931
527934
528083
528130
528193
528359
528372
528376
528418
528525
528570
528621
528740
528755
528859
528883
528899
528992
529047
529120
529205
529328
529336
529337
529350
529377
529381
529528
529612
529724
529756
529873
530036
530126
530178
530194
530234
530240
530370
530467
530544
530548
530613
530738
530810
530928
530939
531036
531098
531140
531170
531225
531305
531355
531378
531380
531556
531576
531594
531599
531625
531641
531642
531646
531713
531735
531740
531764
531765
531767
531792
531867
531993
532039
532370
532398
532436
532453
532496
532537
532715
532729
532767
532865
532943
532983
533107
533185
533290
533304
533311
533379
533456
533718
533797
533858
533875
533877
533937
534069
534089
534107
534107
534212
534236
534291
534505
534507
534573
534605
534660
534725
534728
534774
534796
534829
534906
534957
534992
535166
535214
535222
535357
535468
535477
535587
535597
535598
535678
535745
535988
536124
536144
536263
536317
536420
536422
536437
536595
536931
537088
537207
537307
537469
537478
537564
537713
537735
537806
537849
537860
537876
537893
537906
537914
538146
538160
538186
538251
538266
538282
538310
538331
538461
538543
538577
538712
538823
538847
538868
538891
538969
539008
539026
539115
539160
539200
539316
539440
539584
539704
539756
539949
539988
540000
540000
540088
540193
540212
540298
540343
540478
540535
540634
540648
540724
540738
540769
540811
541100
541244
541309
541323
541439
541715
541753
541791
541827
542159
542175
542182
542194
542244
542346
542366
542459
542608
542781
542891
543097
543363
543368
543393
543429
543494
543526
543596
543652
543662
543744
543754
543864
544064
544155
544163
544230
544234
544292
544329
544334
544426
544450
544586
544602
544675
544708
544729
544766
544794
544868
544987
545043
545080
545227
545229
545250
545253
545269
545297
545310
545316
545318
545348
545381
545437
545473
545563
545568
545622
545673
545708
545717
545790
545791
545833
545894
545926
546166
546184
546271
546306
546502
546515
546681
546681
546746
546820
546825
546861
546908
546952
547077
547096
547141
547211
547426
547537
547571
547580
547581
547773
547783
547803
547805
547821
547901
547919
547931
547976
548080
548142
548185
548386
548431
548483
548528
548685
548743
548753
548779
548793
548860
548862
548915
549000
549146
549198
549380
549453
549556
549557
549658
549773
549792
549930
550239
550245
550294
550368
550371
550458
550509
550841
550972
550977
551049
551144
551186
551241
551305
551396
551418
551428
551499
551588
551611
551636
551663
551787
551846
551896
552128
552131
552287
552288
552330
552380
552615
552744
552798
552812
552947
552961
553021
553045
553085
553103
553117
553141
553161
553174
553179
553193
553214
553234
553252
553605
553630
553718
553736
553923
553924
553948
554087
554150
554190
554292
554303
554380
554382
554417
554465
554635
554965
555015
555085
555270
555292
555344
555431
555601
555626
555686
555787
555942
555959
555985
556023
556026
556079
556117
556204
556328
556331
556336
556399
556444
556528
556608
556747
556796
556889
556891
556966
557033
557094
557097
557098
557131
557141
557179
557223
557236
557490
557501
557558
557642
557686
557693
557736
558033
558069
558123
558145
558228
558284
558365
558453
558458
558506
558529
558759
558813
558886
558890
558913
558997
559035
559084
559090
559143
559296
559431
559447
559471
559483
559517
559527
559531
559592
559645
559655
559690
559720
559807
559842
559902
559951
559981
560018
560020
560084
560445
560477
560650
560676
560689
560722
560826
560932
560966
561006
561011
561149
561206
561237
561315
561363
561423
561522
561803
561978
561978
562089
562103
562185
562208
562219
562251
562255
562401
562401
562569
562594
562819
562847
562917
562986
563101
563161
563179
563251
563634
563659
563711
563768
563864
563908
564052
564057
564226
564295
564322
564572
564626
564674
564761
564821
564890
565158
565261
565411
565502
565546
565575
565579
565722
565757
565779
565822
565906
566013
566167
566256
566288
566322
566587
566610
566822
566912
566925
566934
566947
567007
567068
567082
567124
567285
567361
567377
567418
567703
567714
567718
567907
568020
568095
568103
568324
568400
568482
568509
568573
568670
568671
568704
568812
568932
568993
569077
569140
569217
569287
569302
569326
569367
569394
569423
569450
569484
569533
569537
569541
569582
569609
569642
569667
569801
569842
569941
569996
570144
570371
570378
570490
570492
570597
570606
570659
570671
570710
570885
570951
570972
571043
571083
571138
571267
571346
571364
571392
571485
571614
571648
571755
571887
571945
571975
571984
572160
572199
572501
572505
572529
572610
572694
572732
572743
572828
572881
573119
573133
573183
573236
573447
573503
573545
573617
573767
573778
573821
573953
573959
574208
574213
574245
574245
574299
574337
574394
574396
574446
574516
574588
574622
574732
574740
574873
574897
574944
575013
575021
575190
575267
575345
575480
575528
575659
575674
575700
575770
575776
575845
575959
575981
576056
576085
576139
576186
576314
576486
576617
576708
576761
576763
577015
577225
577235
577241
577307
577344
577354
577465
577470
577514
577519
577593
577748
577756
577853
577884
577887
577931
577949
577952
578198
578213
578326
578408
578440
578496
578539
578570
578645
578742
578771
578820
578864
578893
578908
578917
578973
579097
579133
579185
579232
579494
579682
579686
579759
579870
579928
579933
579990
580011
580093
580274
580336
580339
580373
580497
580544
580736
580777
580858
581050
581071
581132
581185
581300
581339
581407
581565
581583
581655
581664
581726
581817
581863
582064
582066
582192
582303
582330
582560
582605
582615
582664
582677
582794
582809
582837
582848
582853
582946
582949
582980
583026
583192
583278
583431
583496
583556
583575
583575
583589
583719
583726
583729
583787
583874
583875
583900
583962
583964
584090
584117
584133
584207
584225
584259
584276
584350
584356
584435
584503
584525
584563
584608
584683
584718
584848
584877
584950
584972
585125
585189
585229
585249
585264
585365
585368
585371
585456
585460
585530
585546
585550
585639
585734
585869
585875
585875
585937
585948
585968
586015
586083
586090
586118
586166
586182
586190
586281
586285
586345
586677
586824
586891
586916
586953
587012
587181
587198
587279
587296
587342
587463
587512
587577
587591
587642
587759
587829
587875
587880
587921
587950
588031
588271
588472
588492
588636
588650
588668
588677
588724
588751
588800
588856
588866
589043
589267
589276
589522
589604
589631
589776
589804
589820
589934
590039
590128
590257
590361
590375
590481
590511
590541
590756
590863
590909
590919
591066
591072
591078
591151
591247
591323
591354
591385
591426
591426
591435
591444
591468
591481
591536
591578
591611
591629
591737
591738
591751
591829
592026
592030
592111
592111
592231
592335
592353
592386
592522
592608
592688
592890
592981
592988
593193
593411
593573
593634
593652
593717
593764
593899
593928
594114
594117
594265
594373
594439
594495
594534
594541
594561
594629
594659
594709
594997
595080
595100
595249
595262
595331
595367
595407
595425
595456
595477
595573
595595
595754
595783
595796
595800
595804
595859
595875
596176
596269
596338
596423
596461
596596
596598
596702
596711
596904
596938
596955
597044
597045
597061
597099
597135
597208
597442
597484
597494
597518
597543
597562
597729
597760
597818
597834
597873
597878
597892
597974
597976
598020
598032
598242
598347
598348
598434
598606
598806
598957
599019
599347
599438
599504
599612
599693
599757
599812
599868
599875
599879
599925
599935
600068
600166
600230
600301
600327
600434
600646
600664
600764
600837
601140
601268
601319
601324
601408
601488
601554
601608
601663
601666
601874
601885
602025
602049
602112
602148
602171
602336
602345
602348
602463
602542
602561
602581
602633
602809
602887
602962
603071
603150
603218
603434
603520
603534
603665
603741
603750
603795
603801
603897
603985
604006
604014
604067
604231
604335
604474
604491
604625
604671
604733
604799
604821
604845
604899
605033
605162
605342
605344
605421
605446
605491
605540
605628
605682
605690
605805
605850
605853
605877
605980
605988
606007
606058
606097
606176
606198
606207
606256
606258
606340
606367
606444
606516
606613
606690
606773
606910
606948
606970
607097
607234
607249
607311
607421
607489
607523
607595
607634
607671
607671
607704
607855
607857
607952
608031
608049
608093
608136
608192
608214
608293
608308
608462
608490
608511
608594
608743
608745
608844
608905
608952
608989
608996
609003
609013
609043
609059
609070
609092
609109
609121
609164
609191
609197
609238
609311
609440
609520
609564
609584
609646
609721
609721
609726
609809
609960
609963
610047
610123
610182
610367
610414
610415
610418
610473
610474
610491
610529
610555
610596
610652
610668
610678
610745
610778
610858
610896
610927
610967
610990
610996
611098
611138
611183
611212
611257
611397
611511
611598
611793
611943
612132
612394
612731
612842
612864
613049
613069
613119
613189
613252
613277
613342
613412
613454
613581
613672
613788
613839
613923
614062
614077
614374
614433
614476
614490
614508
614546
614924
614926
614979
615039
615191
615195
615218
615370
615396
615433
615471
615538
615629
615658
615704
615725
615810
615824
615950
616017
616019
616059
616134
616154
616154
616167
616185
616223
616227
616251
616262
616366
616509
616627
616651
616659
616700
616881
616898
616960
616996
617022
617032
617063
617066
617287
617327
617430
617547
617609
617779
617827
617841
617939
618086
618089
618182
618199
618206
618332
618359
618499
618579
618586
618587
618667
618690
618749
618749
618762
618768
618802
618837
618853
618856
618865
618866
618878
618892
619004
619297
619392
619412
619511
619574
619635
619658
619692
619755
619891
619925
620050
620097
620100
620117
620206
620305
620369
620392
620499
620624
620651
620745
621253
621253
621317
621351
621431
621446
621454
621462
621492
621548
621758
621797
621893
622028
622057
622103
622122
622345
622387
622487
622556
622621
622670
622741
622794
622816
622824
622904
622946
622959
622995
623001
623021
623167
623187
623237
623279
623301
623301
623315
623323
623381
623405
623518
623555
623607
623644
623687
623822
623871
623905
623964
623970
623973
624055
624193
624298
624335
624501
624544
624583
624703
624779
624844
624894
624903
624926
625118
625122
625135
625192
625265
625466
625507
625598
625700
625743
625858
625873
625904
625924
625988
626002
626030
626166
626221
626309
626311
626323
626326
626342
626362
626434
626462
626688
626805
626821
626867
626913
626916
627154
627233
627381
627453
627459
627466
627532
627645
627648
627720
627753
627826
627831
627890
627908
627923
627942
628035
628156
628170
628226
628407
628547
628660
628678
628689
628719
628725
628832
628923
628946
628988
628996
629050
629073
629095
629187
629707
629801
629824
629870
629959
630146
630231
630268
630269
630412
630500
630501
630504
630509
630550
630614
630696
630786
631064
631179
631269
631428
631518
631605
631714
631753
631835
631865
631870
631904
632188
632239
632323
632342
632390
632403
632464
632473
632484
632499
632508
632887
633100
633166
633172
633205
633280
633383
633408
633442
633450
633471
633553
633555
633583
633593
633683
633689
633712
633980
633983
633999
634003
634158
634169
634265
634295
634303
634333
634339
634382
634412
634527
634535
634621
634643
634662
634709
634928
634932
634977
635145
635328
635335
635665
635667
635717
635767
635769
635771
635791
635935
636015
636106
636138
636307
636377
636426
636917
636926
636967
637063
637119
637198
637344
637394
637458
637512
637750
637843
637857
637868
637926
637962
637982
638028
638063
638196
638206
638239
638267
638353
638423
638534
638604
638742
638748
638767
638806
638846
638856
638983
638985
639101
639223
639311
639315
639338
639609
639611
639617
639660
639775
639832
639853
639884
639910
639937
640045
640059
640124
640135
640150
640363
640552
640669
640681
640690
640748
640750
640910
640911
641259
641313
641455
641468
641633
641645
641674
641768
641840
641941
642002
642199
642258
642265
642285
642359
642477
642594
642623
642692
642750
642849
643059
643083
643100
643136
643352
643367
643377
643386
643397
643716
643803
643881
644139
644343
644345
644395
644437
644438
644541
644685
644774
644779
644779
644796
644903
644954
644983
644987
645092
645243
645322
645423
645437
645445
645461
645534
645766
645838
645912
645954
646023
646099
646150
646268
646382
646402
646428
646445
646601
646684
646759
646908
647086
647114
647163
647189
647212
647224
647258
647258
647384
647540
647600
647699
647710
647715
647729
647741
647875
647908
647945
647950
648172
648202
648211
648214
648284
648302
648350
648401
648430
648551
648636
648646
648670
648732
648740
648760
648967
648978
649015
649072
649237
649283
649369
649381
649387
649434
649533
649558
649561
649688
649798
649841
650000
650117
650295
650347
650350
650481
650541
650611
650710
650732
650734
650804
650883
650891
650900
650905
650922
651055
651092
651096
651148
651262
651289
651533
651710
651779
651808
651838
651900
652121
652133
652174
652190
652256
652293
652519
652566
652640
652691
652840
652854
652883
652915
653155
653418
653571
653573
653623
653696
653699
653730
653921
653929
653945
653985
653997
654012
654025
654044
654116
654159
654161
654192
654329
654387
654443
654458
654480
654491
654582
654615
654678
654796
654813
655000
655002
655106
655219
655224
655253
655261
655272
655359
655435
655452
655471
655521
655623
655712
655771
655790
655798
655831
655835
655958
655976
655994
656046
656134
656248
656263
656282
656307
656314
656332
656355
656441
656483
656513
656828
656865
656892
656898
656924
657016
657059
657062
657079
657118
657134
657207
657213
657527
657543
657641
657684
657706
657775
657844
657973
658162
658194
658199
658212
658291
658416
658461
658566
658619
658652
658723
658761
658768
658841
658896
658986
659074
659083
659159
659366
659437
659619
659703
659711
659813
659877
660089
660173
660196
660334
660484
660506
660743
660744
660772
660839
660917
661073
661176
661180
661209
661396
661485
661597
661633
661677
661719
661868
661947
662059
662064
662321
662362
662377
662390
662445
662487
662507
662521
662565
662619
662755
662803
662936
663050
663096
663146
663173
663254
663258
663341
663344
663457
663558
663570
663587
663662
663677
663713
663727
663928
664009
664014
664018
664035
664058
664142
664235
664376
664454
664538
664576
664656
664830
664864
664874
664996
665033
665219
665235
665244
665245
665262
665339
665375
665482
665623
665726
665843
665877
665902
666046
666428
666680
666682
666792
666827
666857
666897
666903
666903
667091
667174
667213
667256
667317
667535
667587
667925
667946
668057
668104
668123
668491
668544
668596
668682
668689
668754
668861
668923
668931
668986
669209
669212
669250
669314
669348
669403
669476
669476
669514
669535
669541
669608
669611
669620
669621
669645
669655
669686
669704
669766
669769
669939
669956
670029
670053
670239
670294
670320
670425
670538
670548
670603
670793
670831
670840
670850
670854
670860
670866
670874
670909
670922
670940
671049
671053
671102
671110
671158
671220
671232
671245
671279
671303
671391
671486
671528
671582
671715
671911
672083
672168
672353
672508
672571
672897
672956
672992
673019
673162
673168
673184
673217
673241
673263
673377
673392
673398
673433
673481
673510
673628
673650
673765
673793
674001
674092
674152
674202
674227
674294
674400
674435
674454
674594
674632
674833
674846
674927
674929
674931
674983
675093
675174
675250
675282
675313
675387
675446
675471
675578
675585
675692
675694
676037
676055
676140
676142
676163
676406
676486
676582
676583
676609
676657
676686
676688
676728
676850
676906
677055
677107
677231
677243
677405
677476
677501
677517
677580
677648
677656
677683
678061
678125
678137
678165
678304
678323
678414
678500
678582
678707
678814
678984
679080
679119
679278
679383
679478
679925
679933
679955
680010
680092
680126
680132
680137
680149
680187
680517
680530
680547
680653
680834
680958
681102
681457
681624
681632
681641
681654
681692
681846
681866
681976
682003
682217
682232
682240
682275
682398
682433
682463
682499
682535
682553
682616
682639
682675
682768
682777
683033
683048
683064
683113
683122
683135
683187
683238
683242
683356
683431
683439
683498
683509
683548
683552
683573
683670
683679
683714
683931
684126
684175
684205
684412
684524
684598
684604
684746
684780
684858
684867
684917
684960
684978
685125
685148
685157
685222
685420
685743
685783
685797
686031
686093
686195
686199
686217
686307
686313
686340
686467
686487
686536
686607
686614
686630
686637
686648
686670
686797
686800
686817
686986
687049
687125
687180
687191
687252
687263
687363
687444
687512
687513
687563
687646
687683
687690
687998
688009
688015
688075
688098
688202
688281
688518
688536
688549
688598
688610
688610
688640
688789
688835
688873
688896
688898
688944
689071
689155
689170
689195
689237
689253
689313
689324
689336
689351
689381
689401
689438
689441
689447
689535
689655
689781
689813
689818
690037
690057
690058
690085
690093
690135
690172
690183
690188
690352
690378
690412
690484
690535
690633
690634
690987
691106
691148
691217
691344
691362
691416
691464
691580
691636
691673
691699
691729
691737
691798
691834
691899
691957
692041
692113
692185
692221
692291
692338
692533
692592
692616
692769
692841
692923
692976
693036
693086
693270
693270
693298
693323
693375
693384
693410
693410
693445
693455
693534
693626
693676
693767
693923
694075
694246
694316
694472
694553
694583
694599
694617
694626
694683
694697
694718
695047
695091
695225
695540
695562
695563
695585
695609
695637
695858
695908
695999
696132
696236
696289
696336
696566
696712
696722
696744
696796
696834
697044
697124
697285
697344
697453
697517
697573
697666
697731
697804
697807
697834
697881
698080
698114
698148
698330
698416
698427
698465
698530
698679
698726
698747
698767
698794
698905
698922
699029
699073
699121
699141
699182
699234
699271
699276
699383
699536
699549
699669
699742
699758
700215
700277
700360
700410
700417
700594
700598
700615
700669
700701
700784
700819
700883
700906
701135
701195
701293
701297
701333
701410
701460
701483
701511
701517
701540
701591
701600
701704
701815
701847
702122
702179
702187
702209
702291
702333
702504
702517
702797
702950
703079
703086
703088
703197
703266
703290
703476
703532
703648
703686
703691
704027
704085
704095
704121
704199
704286
704306
704368
704430
704467
704494
704638
704657
704665
704731
704735
704747
704770
704820
704942
704959
705093
705118
705172
705183
705344
705409
705430
705615
705648
705652
705672
705693
705705
705838
706035
706040
706130
706137
706138
706203
706414
706523
706572
706656
706657
707052
707104
707124
707327
707341
707460
707615
707649
707810
707972
708054
708119
708197
708206
708280
708329
708381
708472
708501
708516
708597
708657
708668
708700
708753
708836
709034
709092
709164
709234
709284
709441
709515
709610
709661
709673
709697
709707
709713
709757
709802
709998
710105
710126
710134
710200
710249
710250
710379
710460
710688
710710
710718
710720
710863
711009
711054
711178
711251
711390
711419
711468
711565
711699
711880
712062
712073
712118
712144
712234
712399
712402
712478
712639
712686
712780
712830
712845
712855
712885
713137
713138
713243
713272
713329
713386
713440
713451
713479
713567
713683
713749
713882
713921
714072
714133
714135
714234
714247
714259
714296
714533
714596
714648
714716
714931
714968
714993
715046
715118
715316
715538
715611
715613
715628
715652
715707
715852
715876
715892
715996
716375
716423
716439
716485
716599
716696
716988
717081
717128
717146
717170
717183
717207
717260
717312
717517
717539
717631
717664
717800
717897
718062
718215
718341
718366
718432
718438
718468
718547
718632
718670
718696
718697
718781
718903
719075
719138
719170
719192
719243
719345
719401
719424
719509
719564
719599
719707
719753
719797
719804
719858
719883
719912
719915
720021
720068
720102
720196
720228
720301
720343
720397
720409
720467
720470
720548
720592
720647
720677
720916
720917
720926
720949
720954
720978
720979
721019
721133
721141
721278
721484
721486
721489
721520
721559
721750
721784
721785
721808
721819
721873
722072
722084
722086
722127
722276
722283
722285
722311
722410
722419
722436
722456
722459
722490
722591
722634
722761
722853
722895
722979
722996
723003
723142
723178
723576
723594
723763
723825
723876
723878
723887
723900
723903
723947
723969
724016
724083
724093
724096
724131
724269
724303
724389
724514
724553
724570
724702
724760
724873
725053
725187
725247
725382
725396
725451
725497
725741
725834
725934
725959
726038
726039
726140
726198
726261
726391
726399
726548
726571
726651
726758
726774
726958
726987
727067
727190
727205
727353
727362
727519
727620
727645
727697
727772
727785
728093
728099
728119
728173
728174
728213
728214
728335
728365
728375
728392
728596
728729
728754
728803
728857
728979
729095
729273
729484
729501
729524
729614
729648
729695
729714
729717
729830
729854
729900
729946
729996
730011
730011
730057
730063
730079
730094
730171
730176
730193
730295
730316
730341
730420
730486
730517
730531
730568
730669
730713
730774
730843
730857
730906
730997
731026
731050
731080
731157
731230
731264
731289
731299
731407
731408
731422
731484
731704
731778
731778
731955
732012
732085
732126
732336
732466
732626
732739
733090
733254
733293
733321
733466
733471
733538
733668
733739
733752
733807
733828
733866
733894
733953
734097
734105
734195
734202
734213
734214
734237
734243
734407
734450
734452
734542
734673
734682
734895
734963
735194
735294
735294
735351
735398
735447
735516
735578
735581
735620
735633
735634
735664
735692
735714
735771
735790
735888
735895
735992
736056
736058
736110
736185
736187
736220
736287
736309
736314
736403
736541
736554
736557
736681
736744
736817
736882
736958
737203
737365
737540
737541
737544
737576
737786
737943
737981
738234
738337
738364
738418
738460
738539
738555
738569
738577
738784
738836
738925
738940
738992
739040
739046
739123
739313
739334
739400
739541
739591
739607
739723
739731
739740
739762
739792
740005
740118
740137
740138
740260
740445
740454
740730
740732
740804
740889
740921
740927
741312
741325
741358
741385
741395
741453
741481
741526
741588
741624
741696
741854
741864
741965
742051
742068
742153
742214
742328
742358
742371
742385
742491
742586
742862
742938
743011
743059
743111
743144
743154
743192
743206
743214
743282
743400
743462
743527
743564
743691
743749
743786
744156
744211
744272
744429
744534
744654
744714
744735
744762
744766
744832
745082
745110
745136
745181
745258
745264
745304
745406
745777
745829
745851
745874
745923
746073
746090
746119
746138
746278
746383
746437
746465
746515
746565
746591
746598
746645
746740
746765
746916
746952
747038
747053
747154
747204
747263
747269
747297
747424
747425
747472
747544
747660
747663
747690
747693
747715
747751
747763
747809
747820
747834
748013
748039
748203
748427
748478
748526
748535
748594
748652
748665
748722
748821
748821
748827
748846
748966
748983
748995
749020
749083
749093
749171
749247
749271
749645
749670
749864
749920
750176
750184
750255
750321
750423
750450
750507
750534
750552
750600
750651
750742
750775
750787
750811
750935
751025
751111
751153
751157
751192
751288
751303
751337
751350
751367
751382
751422
751437
751442
751449
751475
751718
751724
751782
751811
751956
752023
752067
752145
752156
752223
752231
752350
752383
752387
752530
752540
752569
752591
752604
752729
752858
752966
753013
753073
753138
753155
753238
753267
753268
753336
753361
753423
753435
753598
753639
753777
753975
754069
754105
754176
754200
754320
754476
754484
754532
754557
754584
754607
754695
754856
754877
754917
754999
755170
755233
755405
755441
755447
755449
755458
755498
755500
755645
755759
756017
756057
756096
756119
756175
756183
756202
756273
756347
756405
756538
756572
756730
756743
756818
756877
756921
756956
756998
757027
757041
757067
757069
757092
757253
757302
757399
757464
757472
757479
757489
757618
757695
757726
757797
757805
757936
757966
758020
758052
758235
758279
758482
758494
758572
758616
758728
758816
758866
758952
759259
759267
759273
759330
759386
759425
759450
759456
759484
759515
759598
759632
759797
759816
759950
759989
760108
760189
760191
760222
760316
760396
760402
760499
760509
760525
760529
760581
760612
760633
760680
760734
760878
760924
760960
760966
761005
761128
761143
761532
761590
761629
761637
761664
761671
761713
761752
761926
761959
761994
762008
762021
762043
762054
762079
762121
762136
762279
762296
762376
762440
762559
762604
762624
762722
762808
762814
762858
762920
763100
763107
763172
763237
763388
763406
763474
763479
763503
763537
763581
763704
763718
763760
763790
763809
763900
763929
764056
764075
764134
764361
764546
764665
764907
765002
765054
765124
765151
765170
765186
765195
765345
765429
765571
765865
765874
765877
765894
765990
766175
766194
766264
766302
766506
766532
766629
766653
766718
766753
766878
766908
767010
767213
767215
767255
767306
767441
767492
767495
767560
767570
767586
767653
767723
767832
767918
767987
768056
768095
768136
768165
768180
768232
768249
768303
768392
768392
768394
768467
768558
768588
768590
768660
768666
768683
768716
768780
768845
768901
768911
768911
768944
769006
769041
769132
769179
769197
769231
769549
769595
769676
769676
769705
769728
769732
769739
769825
769872
769885
769948
769956
770080
770325
770424
770486
770501
770529
770972
770978
771101
771289
771365
771458
771473
771482
771743
771793
771857
771870
771944
771981
772086
772164
772305
772376
772376
772389
772400
772406
772409
772409
772456
772573
772610
772616
772649
772724
772790
772802
772813
772825
773089
773091
773191
773199
773205
773238
773338
773364
773404
773420
773604
773773
773818
773940
773977
774024
774086
774092
774160
774161
774161
774178
774196
774366
774381
774503
774517
774531
774537
774543
774647
774649
774702
774827
775009
775128
775143
775209
775240
775340
775454
775522
775568
775669
775685
775734
775823
775871
775930
775953
775958
775977
776016
776020
776056
776160
776184
776257
776320
776369
776391
776417
776437
776601
776892
776906
776921
776943
777038
777083
777089
777155
777155
777216
777294
777447
777483
777663
777762
777783
777784
777831
777878
777908
777995
778030
778050
778053
778166
778172
778220
778236
778257
778415
778449
778468
778473
778514
778524
778537
778597
778911
779089
779176
779341
779411
779447
779499
779559
779559
779607
779734
779773
779799
779850
779942
779994
780018
780091
780104
780234
780437
780470
780777
780824
780885
780939
780957
780962
780978
781098
781155
781264
781308
781309
781382
781430
781492
781517
781583
781604
781692
781700
781733
781750
781820
781842
781898
781903
781919
781927
781958
782328
782500
782648
782802
782896
782945
782957
783029
783078
783241
783247
783303
783322
783362
783412
783482
783515
783518
783568
783603
783722
783782
783896
783981
784006
784154
784181
784220
784233
784276
784295
784305
784327
784331
784336
784352
784383
784483
784523
784724
784726
784782
784821
784936
785121
785162
785285
785354
785617
785677
785751
785786
785813
785865
786004
786084
786109
786137
786339
786456
786632
786744
786842
786859
786894
786898
786943
786976
786982
786983
787099
787109
787248
787312
787360
787410
787528
787557
787601
787626
787692
787694
787716
787793
787876
787885
787889
787974
787994
788009
788060
788091
788140
788287
788289
788487
788888
788892
788967
789040
789060
789302
789442
789525
789563
789638
789665
789671
789676
789730
789745
789751
789912
790050
790111
790120
790287
790318
790439
790451
790522
790545
790558
790633
790670
790734
790782
790797
790833
790906
790950
790970
791057
791061
791151
791157
791173
791252
791256
791386
791483
791491
791594
791648
791792
791808
791874
791962
792151
792170
792244
792271
792371
792467
792593
792670
792801
792804
792833
792918
792953
792974
792981
793025
793026
793234
793275
793347
793359
793530
793562
793649
793680
793687
793719
793748
793882
793970
794179
794182
794257
794278
794381
794456
794485
794496
794640
794647
794677
794868
794926
795005
795070
795203
795231
795322
795366
795393
795496
795632
795665
795765
795839
795879
795880
795890
795891
795933
796091
796149
796171
796202
796271
796342
796365
796417
796537
796604
796614
796781
796858
796926
796941
797137
797217
797411
797513
797556
797589
797708
797771
797776
797810
797822
797963
797969
798039
798077
798227
798229
798243
798251
798301
798317
798442
798461
798495
798523
798540
798560
798576
798580
798654
798748
798800
798814
798831
799047
799159
799174
799205
799222
799238
799369
799493
799573
799712
799811
799829
799994
800155
800301
800353
800759
800795
800860
800880
801001
801071
801077
801087
801189
801207
801395
801429
801599
801990
802063
802158
802269
802480
802529
802595
802634
802717
802739
802935
803004
803133
803440
803467
803566
803569
803593
803692
803725
803734
803813
803850
803925
803935
804053
804128
804148
804170
804195
804249
804266
804332
804358
804613
804709
804781
804799
804805
804808
804893
804907
804989
805175
805188
805199
805230
805327
805329
805394
805460
805502
805531
805581
806000
806038
806040
806119
806121
806307
806307
806368
806498
806519
806528
806536
806569
806572
806677
806721
806734
806753
806767
806804
806832
806840
806891
806953
807230
807252
807281
807289
807378
807400
807427
807458
807524
807565
807581
807588
807651
807768
807785
807828
807849
807938
808040
808055
808084
808096
808163
808225
808291
808293
808299
808436
808546
808546
808559
808759
808975
809064
809142
809372
809387
809396
809413
809491
809540
809563
809651
809832
809930
809935
810195
810214
810305
810423
810723
811040
811054
811068
811072
811149
811332
811339
811425
811449
811505
811719
811752
811812
812047
812076
812077
812089
812170
812232
812280
812443
812739
812836
812860
812948
813015
813018
813061
813251
813463
813468
813497
813535
813579
813603
813629
813715
813853
813924
814023
814035
814129
814148
814260
814262
814266
814310
814482
814571
814804
814816
814818
814958
814959
814989
815166
815210
815273
815370
815387
815404
815463
815520
815599
815679
815682
815691
815802
815861
815980
816033
816181
816184
816339
816577
816581
816608
816790
816846
816890
817073
817194
817219
817242
817246
817295
817356
817442
817541
817552
817563
817639
817663
817685
817732
817750
817821
817822
817860
817917
817937
817988
818012
818087
818119
818227
818504
818522
818584
818657
818770
818821
818823
818830
818958
818968
819008
819011
819075
819341
819356
819447
819449
819487
819608
819637
819663
819700
819748
819761
819841
819953
820228
820313
820329
820362
820374
820539
820577
820763
820890
820919
820950
820969
821052
821299
821331
821341
821355
821370
821375
821467
821488
821546
821778
821843
821917
822062
822152
822181
822230
822353
822384
822421
822471
822542
822594
822669
822816
822948
823036
823145
823145
823228
823379
823439
823555
823606
823965
824027
824047
824059
824079
824130
824142
824180
824208
824223
824239
824274
824319
824484
824518
824560
824627
824639
824688
824775
824786
824847
824853
824964
824998
825139
825195
825349
825454
825502
825881
825899
826174
826320
826358
826359
826388
826401
826461
826603
826672
826692
826721
826753
826828
827087
827175
827229
827231
827250
827305
827330
827510
827635
827644
827760
827789
827789
827895
828021
828044
828132
828157
828173
828175
828194
828245
828410
828467
828520
828531
828558
828625
828626
828757
829067
829163
829291
829400
829469
829499
829560
829597
829847
829851
830062
830152
830157
830209
830212
830249
830297
830357
830403
830417
830473
830515
830553
830659
830665
830710
830762
830867
830898
830923
831055
831098
831162
831193
831326
831377
831384
831397
831513
831566
831581
831661
831683
831687
832037
832082
832090
832129
832152
832173
832203
832505
832510
832601
832603
832700
832789
832804
832822
832864
832867
832879
833057
833089
833141
833172
833455
833477
833563
833670
833854
833956
834049
834091
834139
834222
834223
834366
834392
834524
834528
834538
834541
834614
834670
834675
834792
834821
834826
834928
834929
835063
835133
835179
835246
835517
835603
835689
835834
836007
836147
836156
836218
836235
836274
836323
836492
836568
836699
836859
836946
837046
837073
837124
837125
837203
837314
837511
837594
837633
837653
837703
837706
837835
837864
837888
837908
837981
837984
838199
838245
838407
838422
838492
838663
838665
838686
838738
838784
838805
838809
838843
838848
838877
838901
838989
839138
839167
839403
839613
839704
839786
839802
839822
839882
839885
839987
839992
840066
840075
840154
840235
840255
840325
840414
840475
840585
840640
840895
841083
841222
841262
841271
841272
841287
841290
841351
841352
841807
841842
841859
841934
841935
842099
842106
842107
842308
842318
842324
842365
842375
842402
842448
842468
842488
842711
842836
842877
843055
843139
843209
843294
843323
843327
843327
843353
843408
843447
843462
843485
843545
843621
843654
843815
843928
843956
843975
844022
844102
844275
844401
844402
844406
844433
844453
844499
844543
844606
844666
844709
844753
844758
844759
844808
844809
844871
844978
844990
845003
845050
845078
845090
845097
845149
845156
845158
845235
845279
845403
845411
845480
845612
845785
845922
846193
846196
846253
846364
846401
846545
846608
846684
846691
846838
846866
846898
846971
846981
846999
847004
847061
847111
847232
847241
847284
847328
847354
847529
847592
847629
847738
847842
847909
847910
847967
847998
848006
848022
848084
848246
848250
848328
848551
848595
848641
848677
848739
848749
848856
848949
848977
849006
849045
849106
849127
849185
849216
849320
849346
849505
849593
849631
849663
849674
849688
849700
849765
849799
849828
849932
849933
849945
849986
850072
850125
850332
850357
850376
850442
850506
850532
850705
850769
850823
850838
850861
850905
850910
850946
851020
851097
851113
851115
851200
851284
851285
851297
851303
851345
851428
851537
851540
851548
851621
851858
852024
852044
852079
852107
852145
852161
852191
852244
852398
852431
852565
852593
852703
852744
852754
852785
852821
852865
852887
852896
852901
852909
853024
853039
853060
853082
853090
853122
853291
853381
853463
853560
853610
853677
853824
853871
854058
854097
854168
854444
854517
854563
854592
854695
854760
854797
854902
854904
854977
855227
855239
855280
855408
855496
855510
855558
855631
855756
855806
855819
855844
855933
856006
856099
856218
856341
856380
856466
856510
856520
856558
856718
856781
856902
856909
857064
857081
857168
857253
857271
857328
857343
857353
857377
857496
857521
857580
857714
858058
858077
858087
858108
858182
858239
858253
858261
858320
858413
858463
858592
858634
858684
858832
858845
858913
858950
858952
859043
859076
859135
859187
859229
859302
859328
859456
859478
859514
859516
859531
859585
859663
859667
859679
859746
859752
859781
859940
860046
860110
860244
860264
860298
860301
860426
860434
860439
860465
860501
860616
860839
860852
860900
860961
861008
861034
861079
861129
861134
861175
861189
861220
861331
861584
861613
861652
861978
862087
862118
862152
862204
862230
862233
862249
862321
862447
862491
862538
862730
862878
862943
863145
863176
863235
863354
863429
863472
863480
863513
863606
863610
863642
863646
863688
863705
863828
863925
864002
864105
864122
864136
864168
864179
864309
864469
864491
864553
864595
864725
864737
864742
864765
864986
865004
865054
865080
865091
865217
865251
865305
865315
865336
865426
865497
865542
865651
865675
865741
865782
865786
865889
865914
865993
865997
866002
866059
866330
866343
866450
866500
866719
866828
866907
867028
867094
867108
867238
867317
867354
867381
867468
867543
867554
867593
867599
867650
867700
867742
867826
867834
868222
868300
868309
868310
868341
868405
868412
868435
868466
868479
868536
868541
868563
868610
868702
868717
868776
868876
868924
869088
869125
869209
869235
869351
869393
869529
869607
869731
869735
869816
869858
869909
870358
870404
870484
870649
870649
870713
870795
870817
870898
870935
870950
870960
871061
871264
871274
871313
871322
871326
871349
871370
871386
871435
871489
871567
871679
871715
871739
871806
871837
871881
871958
871990
872048
872357
872426
872465
872466
872509
872522
872674
872682
872690
872753
872873
872880
872884
872939
873003
873052
873140
873193
873260
873368
873381
873588
873654
873746
873762
873796
873808
873973
874046
874056
874059
874078
874113
874267
874305
874423
874451
874649
874699
874729
874808
874919
874950
874954
874999
875021
875042
875263
875274
875331
875394
875420
875746
875841
875889
875978
876113
876198
876214
876258
876310
876350
876355
876414
876478
876484
876581
876712
876916
876963
877206
877208
877257
877332
877368
877374
877532
877554
877677
877718
877822
877864
877874
877955
878080
878117
878140
878396
878397
878406
878493
878506
878534
878622
878673
878749
878885
878932
878941
879061
879170
879185
879223
879384
879446
879454
879488
879561
879569
879640
879732
879813
879906
879939
880012
880025
880116
880122
880159
880381
880405
880434
880698
880704
880714
880717
880738
880760
880773
880774
880785
880819
880936
881003
881080
881104
881133
881144
881265
881523
881532
881549
881562
881617
881685
881789
881861
881864
881873
881889
881947
881974
881977
881991
882032
882045
882198
882334
882361
882423
882430
882452
882772
882813
882822
883057
883074
883087
883092
883297
883332
883367
883390
883521
883581
883665
883922
883976
883989
884075
884084
884117
884148
884207
884207
884242
884244
884371
884380
884410
884426
884474
884550
884616
884676
884696
884774
884811
884868
884934
884968
884989
884993
885010
885020
885030
885080
885117
885167
885251
885371
885424
885558
885685
885782
885812
885824
885898
885967
885995
885997
886053
886106
886137
886181
886196
886286
886295
886298
886313
886319
886365
886624
886710
886715
886791
886816
886932
886947
886961
887013
887150
887232
887312
887539
887540
887570
887760
887896
887967
888037
888139
888188
888255
888292
888325
888332
888342
888350
888409
888427
888437
888444
888533
888634
888635
888670
888693
888731
888901
889010
889025
889039
889041
889069
889073
889190
889253
889266
889311
889410
889431
889720
889861
889936
890138
890138
890150
890279
890315
890436
890787
890934
890949
890970
891080
891149
891249
891442
891465
891516
891544
891567
891618
891682
892016
892039
892074
892088
892128
892178
892241
892253
892257
892470
892484
892507
892731
892805
892851
892970
892999
893011
893039
893057
893177
893342
893370
893405
893417
893631
893759
893879
893968
894107
894119
894152
894356
894357
894377
894391
894408
894428
894581
894598
894968
895053
895092
895143
895143
895187
895367
895386
895419
895532
895557
895568
895577
895632
895692
895754
895830
895850
895862
895920
895934
895950
896080
896143
896182
896218
896246
896251
896389
896485
896598
896652
896781
896890
896963
896991
897003
897090
897133
897201
897322
897334
897338
897349
897383
897394
897459
897490
897495
897618
897648
897661
897764
897782
897944
897947
898003
898066
898170
898225
898272
898298
898349
898349
898448
898457
898510
898553
898594
898645
898856
898999
899059
899115
899210
899262
899307
899325
899404
899414
899508
899521
899700
899703
899728
899738
899773
900011
900017
900047
900061
900169
900313
900342
900533
900543
900656
900658
900852
900888
900927
900950
900995
901028
901238
901529
901564
901882
901968
902104
902114
902130
902153
902154
902203
902265
902297
902535
902671
903080
903158
903182
903210
903354
903381
903395
903443
903460
903480
903587
903750
903799
903816
903835
903954
903967
904044
904112
904172
904175
904220
904230
904243
904309
904336
904348
904643
904696
904768
904785
904810
904945
905044
905087
905190
905219
905378
905498
905541
905548
905564
905628
905635
905645
905734
905820
905863
905946
906032
906067
906078
906118
906119
906165
906250
906255
906307
906342
906516
906533
906599
906875
906948
907072
907088
907208
907228
907296
907531
907574
907688
907709
907782
907930
908235
908290
908359
908362
908390
908465
908471
908551
908601
908678
908709
908723
908731
908743
908793
908859
908954
908968
908968
908982
908987
909089
909148
909188
909210
909250
909364
909378
909382
909417
909442
909833
909844
909858
909880
909948
910007
910012
910103
910318
910336
910345
910357
910468
910560
910616
910642
910844
910871
910902
910911
910925
911094
911162
911196
911308
911378
911434
911580
911596
911756
911960
912038
912140
912211
912256
912314
912355
912363
912380
912399
912403
912568
912575
912608
912633
912664
912709
912726
912836
912939
912959
913103
913141
913178
913233
913244
913345
913407
913445
913516
913668
913737
913878
913948
913960
913989
914025
914029
914048
914089
914250
914260
914304
914418
914791
914798
914851
914874
914922
914990
915002
915149
915177
915179
915212
915213
915381
915433
915502
915530
915569
915586
915606
915674
915810
915833
915886
915890
915943
916005
916026
916052
916129
916146
916173
916177
916388
916509
916553
916568
916753
916767
916786
916826
916855
916877
916957
917067
917155
917172
917394
917429
917477
917532
917641
917702
917757
917787
917882
917891
917903
917904
918037
918192
918201
918221
918303
918442
918462
918540
918563
918586
918591
918634
918688
918722
918898
918989
918991
918994
919082
919094
919172
919180
919260
919312
919346
919438
919475
919638
919849
919996
920093
920110
920210
920238
920270
920290
920298
920301
920380
920483
920522
920619
920639
920698
920786
920804
920881
921036
921043
921072
921267
921300
921351
921369
921380
921382
921589
921634
921640
921654
921681
921707
921756
921833
921953
921959
922040
922063
922069
922084
922127
922205
922221
922285
922367
922386
922462
922472
922486
922515
922562
922601
922651
922736
922746
922879
922887
923123
923330
923504
923543
923589
923621
923649
923698
923707
923866
923886
923888
924033
924084
924104
924118
924144
924249
924442
924461
924485
924485
924724
924741
924926
925032
925035
925040
925052
925119
925121
925296
925441
925450
925609
925611
925674
925738
925830
925991
925999
926053
926121
926280
926349
926572
926655
926662
926708
926742
926787
926918
926945
926958
927059
927103
927221
927355
927361
927388
927414
927474
927507
927572
927577
927684
927693
927748
927825
927831
927907
928064
928168
928244
928249
928251
928288
928321
928328
928380
928424
928458
928516
928572
928609
928654
928874
928934
928958
928972
929040
929083
929128
929178
929187
929236
929237
929315
929440
929494
929681
929719
929721
929745
929810
930033
930135
930154
930199
930236
930294
930325
930345
930415
930430
930432
930434
930480
930524
930550
930587
930607
930673
930727
930833
930846
930956
931019
931025
931054
931109
931364
931435
931453
931486
931702
931732
931771
931804
931895
931928
931971
932022
932027
932146
932156
932517
932598
932698
932822
932989
933040
933112
933135
933156
933176
933236
933257
933265
933278
933337
933390
933469
933523
933529
933569
933586
933592
933655
933657
933663
933700
933707
933766
933790
933804
933818
933857
933926
933972
933975
934064
934156
934176
934383
934449
934526
934643
934799
934895
934896
934936
935082
935267
935283
935334
935395
935430
935498
935630
935682
935737
935914
936171
936298
936445
936480
936530
936566
936604
936662
936802
936905
936908
936961
937249
937264
937288
937292
937310
937436
937443
937537
937570
937571
937576
937833
937851
937857
937864
937877
937915
937947
937959
937999
938020
938084
938112
938128
938131
938169
938179
938255
938370
938387
938428
938431
938466
938497
938630
938676
938681
938742
938816
938880
938925
939101
939108
939182
939422
939435
939479
939561
939622
939632
939706
939858
939872
939945
940094
940139
940159
940163
940202
940234
940258
940327
940330
940399
940417
940624
940641
940711
940771
940805
940811
940817
940820
940833
940907
940919
940938
940960
940987
940993
940998
941099
941103
941134
941151
941161
941177
941280
941379
941489
941591
941655
941673
941677
941776
941807
941820
941883
941889
941935
941948
941974
942040
942076
942091
942148
942212
942241
942261
942281
942300
942312
942352
942390
942637
942816
942824
942904
943044
943227
943304
943655
943754
943946
943992
944155
944214
944228
944268
944338
944339
944409
944464
944465
944480
944548
944609
944614
944642
944698
944771
944775
944873
944894
945077
945135
945216
945249
945287
945304
945345
945383
945399
945403
945414
945441
945483
945522
945537
945554
945647
945722
945740
945754
945895
945980
946035
946181
946232
946282
946659
946837
947148
947267
947307
947448
947494
947609
947639
947645
947744
948050
948176
948215
948229
948262
948331
948347
948461
948491
948568
948609
948762
948783
948793
948922
949100
949400
949445
949509
949542
949617
949730
949736
949750
949780
949793
949878
949879
950033
950130
950132
950185
950290
950319
950346
950404
950419
950429
950435
950460
950466
950474
950567
950580
950626
950637
950760
950762
951052
951102
951162
951165
951279
951363
951366
951428
951590
951696
951737
951795
952078
952089
952130
952131
952217
952396
952406
952423
952442
952458
952487
952605
952625
952737
952797
952867
953014
953032
953044
953079
953092
953126
953275
953387
953413
953473
953669
953730
953736
953738
953750
953803
953858
953893
954038
954071
954404
954544
954574
954752
954871
954948
954961
955005
955016
955090
955228
955277
955317
955331
955405
955489
955643
955653
955660
955806
955817
955923
956013
956175
956244
956254
956256
956309
956351
956378
956408
956410
956457
956546
956565
956646
956648
956653
956653
956726
956925
957085
957195
957306
957359
957374
957387
957415
957573
957612
957635
957687
957741
957743
957767
957775
957777
957928
958045
958047
958203
958238
958436
958456
958473
958519
958609
958751
958784
959041
959175
959202
959305
959409
959469
959584
959646
959762
959765
959794
959914
959967
960012
960321
960394
960478
960487
960519
960521
960684
960702
960784
960860
960975
961072
961074
961352
961375
961491
961503
961548
961571
961695
961745
961827
961902
961937
961940
961991
962088
962118
962165
962171
962202
962337
962349
962360
962572
962600
962675
962685
962710
962712
962751
962804
962807
963002
963095
963210
963343
963375
963432
963462
963470
963527
963579
963585
963620
963634
963644
963679
963795
963804
963807
963842
963854
963945
963973
964095
964246
964292
964294
964325
964374
964404
964714
964760
964905
965021
965143
965166
965311
965414
965512
965556
965627
965647
965661
965698
965792
965828
965963
965979
966084
966208
966219
966220
966255
966299
966323
966341
966352
966572
966637
966658
966867
966879
966884
966888
966901
966925
966971
967002
967081
967135
967144
967192
967222
967369
967551
967581
967646
967787
967868
967916
968028
968034
968045
968080
968115
968140
968151
968309
968329
968404
968409
968477
968490
968514
968620
968627
968634
968645
968759
968762
968768
968856
968958
969099
969191
969213
969282
969316
969345
969379
969439
969509
969529
969832
969868
969898
969964
969969
970118
970149
970168
970236
970242
970264
970281
970294
970389
970480
970556
970673
971025
971026
971102
971158
971174
971280
971358
971369
971470
971580
971913
971964
971974
972002
972031
972053
972141
972150
972177
972235
972568
972637
972643
972709
972744
972834
972835
973057
973141
973218
973257
973268
973321
973336
973462
973481
973570
973599
973634
973673
973749
973870
973894
973907
973923
974045
974090
974124
974463
974463
974514
974552
974659
974661
974759
975015
975027
975036
975045
975134
975156
975185
975194
975195
975227
975421
975552
975690
975827
975988
976031
976118
976335
976336
976357
976368
976465
976682
976684
976774
976783
976839
976881
976904
976931
976932
977083
977120
977162
977189
977202
977205
977294
977336
977478
977492
977593
977619
977631
977639
977681
977858
977869
977878
977963
977968
978055
978078
978094
978171
978205
978216
978221
978225
978240
978290
978345
978457
978561
978651
978741
978781
978807
978843
978871
978892
979022
979115
979135
979347
979372
979544
979562
979591
979617
979726
979741
979975
980066
980149
980243
980255
980338
980410
980412
980441
980449
980543
980582
980797
980850
980860
980860
980869
980878
980902
981086
981090
981097
981138
981201
981269
981298
981323
981343
981429
981430
981476
981548
981647
981705
981726
981727
981757
981773
981831
981962
982102
982169
982284
982397
982436
982479
982482
982582
982704
982741
982753
982797
982807
982835
982893
982905
982935
983106
983177
983222
983282
983461
983486
983532
983578
983617
983618
983630
983630
983751
983886
983943
984055
984076
984153
984201
984241
984258
984400
984416
984419
984495
984510
984644
984703
984716
984729
984741
984774
984787
984881
984890
984893
984927
984931
984951
984983
985070
985439
985443
985461
985516
985540
985662
985731
985753
985836
985874
985975
986025
986182
986185
986196
986354
986437
986460
986530
986560
986588
986646
986744
986806
986831
986852
987046
987071
987075
987090
987120
987189
987269
987283
987376
987474
987492
987614
987756
987772
987826
987941
987976
988002
988100
988109
988129
988153
988398
988413
988441
988479
988549
988575
988666
988669
988687
988695
988827
988872
989087
989113
989146
989403
989512
989513
989534
989627
989630
989683
989722
989749
989816
989856
989864
989946
989996
990091
990220
990468
990595
990710
990716
990801
990815
990887
990931
991093
991171
991242
991272
991379
991434
991725
991746
992025
992068
992152
992163
992246
992327
992332
992457
992519
992566
992632
992724
992793
992865
992895
992914
992957
993102
993191
993219
993313
993335
993397
993508
993588
993697
993815
993887
993982
993986
994039
994154
994262
994355
994370
994371
994536
994716
994756
994893
994946
994966
995026
995037
995122
995141
995198
995238
995258
995427
995483
995558
995721
995737
995764
995817
995935
995992
996056
996242
996261
996396
996456
996590
996748
996817
996857
996920
996959
997125
997236
997262
997269
997291
997345
997524
997561
997695
997739
997788
997804
997855
997890
997909
998002
998016
998069
998129
998166
998257
998300
998383
998392
998398
998466
998470
998481
998491
998570
998610
998711
998764
998806
998915
998989
999028
999043
999149
999185
999232
999273
999319
999338
999346
999389
999398
999484
999538
999655
999868
999917
999940
