999996
999988
999986
999971
999970
999962
999939
999933
999926
999908
999864
999805
999787
999741
999726
999712
999707
999699
999694
999686
999640
999625
999620
999616
999614
999612
999598
999578
999572
999537
999525
999511
999510
999500
999498
999481
999478
999421
999409
999392
999388
999369
999331
999329
999322
999271
999269
999238
999181
999175
999173
999172
999169
999158
999153
999135
999120
999117
999115
999105
999104
999103
999089
999079
999066
999057
999025
999017
998992
998940
998929
998921
998888
998884
998831
998826
998812
998807
998798
998787
998786
998737
998704
998683
998673
998650
998624
998575
998532
998522
998517
998487
998476
998457
998455
998450
998436
998435
998372
998351
998349
998321
998316
998303
998299
998292
998286
998266
998257
998228
998203
998201
998165
998126
998124
998066
998031
998015
997961
997942
997922
997881
997851
997822
997736
997716
997686
997674
997636
997630
997595
997583
997570
997543
997542
997497
997494
997484
997477
997466
997398
997355
997328
997319
997311
997300
997296
997292
997275
997248
997241
997226
997200
997193
997180
997166
997124
997104
997081
997008
996983
996980
996950
996897
996866
996864
996834
996820
996760
996726
996724
996700
996695
996694
996689
996686
996669
996645
996617
996614
996608
996607
996570
996567
996533
996510
996487
996481
996466
996417
996402
996363
996329
996312
996295
996291
996210
996183
996167
996162
996150
996148
996138
996107
996082
996069
996057
996050
996041
996032
996028
996016
996003
995991
995983
995955
995952
995941
995931
995925
995904
995878
995872
995832
995827
995819
995798
995791
995717
995665
995656
995651
995635
995566
995559
995550
995531
995527
995516
995516
995505
995504
995495
995478
995453
995439
995409
995345
995338
995299
995248
995183
995168
995147
995146
995142
995135
995078
995068
995066
995043
995023
994956
994880
994879
994870
994869
994866
994840
994830
994823
994819
994805
994735
994733
994692
994667
994657
994657
994602
994513
994470
994458
994425
994371
994345
994336
994296
994294
994264
994241
994232
994161
994081
994074
994072
994047
994043
994035
994020
994006
994000
993953
993937
993922
993920
993904
993881
993865
993864
993862
993820
993770
993763
993739
993720
993709
993691
993690
993659
993645
993638
993634
993606
993592
993566
993534
993512
993505
993482
993459
993452
993433
993401
993377
993351
993345
993329
993324
993233
993226
993201
993185
993159
993154
993150
993110
993093
993065
993044
993041
993022
993020
993006
992991
992983
992983
992974
992966
992943
992840
992827
992821
992770
992748
992724
992713
992694
992687
992686
992662
992649
992629
992599
992597
992586
992579
992579
992548
992548
992512
992508
992435
992418
992382
992375
992342
992339
992333
992296
992293
992291
992212
992203
992201
992172
992162
992124
992116
992088
992076
992060
992041
992031
992025
991978
991962
991953
991911
991910
991904
991883
991882
991874
991855
991854
991853
991838
991814
991780
991778
991748
991723
991721
991715
991713
991675
991667
991649
991643
991632
991628
991626
991594
991582
991579
991569
991541
991525
991516
991495
991494
991490
991484
991462
991423
991402
991400
991384
991349
991265
991200
991175
991142
991123
991078
991071
991069
991031
991029
991019
990988
990972
990962
990936
990889
990836
990822
990816
990696
990671
990666
990632
990584
990481
990471
990387
990369
990366
990365
990289
990285
990268
990267
990264
990228
990200
990166
990147
990146
990137
990137
990112
990104
990058
989987
989921
989895
989865
989829
989797
989788
989772
989766
989760
989743
989741
989699
989659
989653
989646
989638
989608
989588
989577
989537
989530
989509
989487
989461
989436
989430
989379
989374
989368
989344
989305
989257
989219
989199
989089
989087
989084
989079
989069
989061
989042
989013
989010
988909
988844
988800
988721
988703
988694
988673
988655
988641
988616
988587
988558
988523
988498
988473
988470
988462
988433
988350
988302
988299
988249
988242
988236
988236
988176
988102
988093
988084
988049
988018
988015
987989
987983
987967
987962
987958
987926
987903
987900
987897
987868
987835
987795
987786
987754
987731
987667
987666
987644
987620
987589
987585
987539
987523
987477
987476
987463
987451
987435
987404
987387
987379
987366
987363
987359
987314
987274
987273
987191
987184
987165
987146
987133
987115
987081
987076
987064
987039
987029
987022
987012
986950
986898
986897
986861
986848
986830
986825
986816
986805
986788
986784
986751
986729
986694
986681
986678
986667
986662
986598
986549
986462
986450
986367
986351
986346
986344
986341
986330
986302
986292
986273
986243
986232
986227
986212
986179
986179
986046
986016
986004
985998
985998
985993
985939
985912
985910
985837
985818
985799
985790
985746
985725
985688
985680
985664
985652
985651
985587
985587
985578
985540
985519
985497
985442
985434
985420
985403
985396
985363
985351
985348
985312
985283
985262
985258
985257
985222
985221
985178
985168
985167
985155
985145
985136
985122
985107
985095
985080
985079
985008
985007
985004
985000
984981
984858
984824
984806
984792
984776
984751
984745
984744
984743
984683
984658
984641
984625
984618
984608
984605
984594
984582
984575
984545
984538
984522
984522
984517
984499
984498
984486
984483
984458
984445
984429
984426
984411
984391
984314
984314
984311
984256
984252
984234
984205
984203
984194
984168
984159
984117
984112
984100
984095
984094
984053
984036
984034
984026
984024
984000
983998
983987
983971
983962
983934
983926
983913
983883
983869
983863
983846
983817
983808
983793
983791
983749
983740
983723
983698
983676
983654
983607
983606
983601
983532
983525
983519
983516
983474
983473
983460
983394
983371
983272
983271
983266
983258
983220
983217
983206
983186
983172
983162
983160
983139
983131
983119
983114
983083
983076
983058
983037
983033
982989
982986
982983
982971
982952
982909
982901
982892
982878
982878
982864
982864
982862
982849
982826
982811
982804
982804
982802
982751
982737
982729
982716
982682
982624
982606
982592
982591
982583
982552
982545
982540
982513
982498
982496
982482
982393
982391
982391
982361
982360
982330
982323
982297
982296
982268
982268
982261
982245
982243
982202
982178
982177
982176
982176
982155
982142
982135
982129
982123
982122
982105
982097
982088
982085
982076
982045
982026
981995
981968
981953
981928
981917
981875
981874
981868
981862
981854
981849
981811
981808
981750
981739
981739
981738
981730
981716
981705
981651
981643
981633
981632
981613
981613
981610
981570
981538
981515
981503
981445
981429
981422
981416
981408
981398
981382
981375
981371
981321
981317
981301
981286
981278
981242
981227
981226
981205
981190
981141
981133
981133
981076
981055
981051
981040
981038
980981
980965
980961
980949
980942
980853
980827
980815
980803
980753
980750
980749
980746
980711
980709
980696
980672
980654
980631
980612
980589
980547
980531
980510
980499
980490
980454
980435
980431
980427
980387
980365
980358
980338
980276
980215
980201
980198
980150
980140
980114
980075
980075
980042
980032
980016
980013
980007
979990
979979
979972
979961
979929
979925
979919
979916
979906
979853
979851
979840
979830
979815
979808
979796
979780
979778
979770
979769
979753
979738
979724
979703
979677
979617
979611
979603
979580
979558
979525
979502
979472
979421
979373
979321
979306
979302
979296
979295
979282
979274
979267
979267
979240
979221
979212
979199
979199
979177
979107
979077
979042
979040
979039
979012
979009
978967
978926
978911
978906
978853
978851
978845
978842
978840
978840
978807
978787
978779
978773
978771
978755
978743
978705
978680
978671
978634
978634
978628
978597
978588
978568
978554
978552
978519
978506
978489
978479
978454
978453
978397
978290
978285
978221
978221
978161
978137
978115
978082
978040
977994
977985
977943
977941
977930
977927
977923
977902
977847
977835
977826
977821
977818
977795
977792
977787
977782
977747
977746
977741
977710
977656
977639
977632
977602
977585
977537
977518
977513
977469
977454
977451
977409
977404
977391
977376
977323
977319
977316
977312
977301
977282
977278
977278
977274
977258
977254
977215
977213
977212
977194
977181
977176
977134
977106
977105
977094
977092
977081
977056
977030
977026
977021
977018
976918
976881
976856
976830
976825
976805
976795
976777
976761
976750
976718
976703
976622
976619
976581
976560
976551
976545
976532
976527
976521
976518
976510
976500
976457
976436
976434
976432
976410
976373
976366
976328
976298
976277
976232
976201
976198
976175
976163
976130
976117
976114
976088
976084
976073
976057
976051
976043
976038
975995
975990
975987
975985
975980
975916
975870
975864
975859
975834
975825
975824
975821
975816
975810
975799
975792
975759
975735
975731
975685
975682
975673
975630
975621
975599
975505
975489
975485
975476
975387
975368
975362
975354
975351
975344
975320
975315
975289
975269
975231
975207
975202
975184
975184
975178
975130
975124
975117
975112
975108
975032
975027
975023
974975
974949
974940
974937
974916
974912
974805
974775
974759
974754
974753
974744
974740
974724
974720
974720
974715
974710
974705
974677
974669
974663
974662
974639
974599
974598
974571
974561
974551
974520
974502
974475
974473
974431
974429
974390
974386
974346
974329
974303
974290
974284
974256
974172
974150
974118
974101
974101
974098
974092
974082
974065
974047
974041
974027
973954
973941
973923
973923
973917
973891
973866
973856
973853
973827
973809
973792
973773
973768
973749
973698
973681
973672
973669
973668
973651
973639
973609
973546
973528
973515
973478
973476
973448
973362
973345
973341
973333
973332
973326
973290
973284
973266
973217
973201
973196
973173
973166
973147
973072
973065
973046
973028
973002
972994
972994
972989
972983
972954
972938
972921
972916
972913
972901
972888
972867
972862
972860
972833
972818
972791
972765
972756
972729
972724
972658
972643
972641
972630
972613
972581
972568
972535
972535
972534
972516
972487
972473
972465
972451
972444
972410
972372
972324
972310
972307
972299
972280
972264
972263
972224
972219
972199
972197
972153
972141
972133
972127
972119
972069
972014
972003
971992
971895
971889
971854
971831
971802
971799
971795
971771
971760
971738
971703
971703
971684
971625
971622
971549
971525
971524
971520
971500
971488
971484
971474
971426
971395
971386
971335
971305
971298
971293
971292
971272
971239
971226
971197
971173
971158
971079
971058
971048
971032
970981
970968
970941
970934
970909
970875
970844
970842
970831
970797
970790
970784
970776
970742
970738
970720
970704
970700
970678
970669
970660
970643
970603
970582
970548
970433
970425
970425
970357
970349
970341
970315
970296
970294
970238
970177
970171
970160
970140
970131
970095
970076
970062
970058
970053
970010
970007
970006
970000
969976
969932
969922
969920
969879
969827
969809
969795
969775
969767
969765
969764
969635
969614
969611
969601
969591
969579
969573
969571
969519
969493
969489
969466
969448
969437
969436
969430
969407
969401
969393
969390
969383
969332
969299
969255
969229
969176
969173
969165
969147
969143
969138
969080
969068
969060
969037
969020
968963
968961
968922
968897
968896
968873
968872
968849
968839
968804
968803
968775
968762
968761
968756
968740
968711
968690
968689
968679
968679
968663
968549
968511
968506
968499
968484
968474
968471
968468
968445
968430
968425
968405
968376
968354
968331
968330
968312
968255
968234
968211
968172
968137
968090
968080
968028
967993
967943
967936
967924
967905
967844
967836
967825
967820
967791
967786
967774
967706
967648
967647
967643
967635
967584
967583
967504
967502
967497
967473
967466
967414
967409
967389
967375
967368
967358
967312
967279
967273
967270
967255
967245
967227
967212
967202
967197
967187
967179
967149
967125
967113
967006
966985
966970
966933
966933
966921
966893
966867
966863
966858
966851
966836
966821
966766
966712
966712
966698
966682
966664
966656
966655
966654
966641
966630
966541
966514
966490
966476
966464
966444
966439
966402
966375
966366
966348
966306
966300
966297
966293
966280
966267
966232
966205
966159
966115
966103
966103
966093
966064
966041
966019
965995
965990
965989
965980
965970
965963
965954
965950
965888
965779
965767
965762
965732
965719
965719
965712
965690
965650
965623
965619
965612
965556
965552
965549
965541
965538
965535
965508
965500
965437
965434
965427
965415
965409
965400
965386
965327
965311
965299
965299
965296
965286
965264
965252
965244
965234
965173
965173
965153
965133
965122
965088
965086
965069
965049
965007
964946
964937
964853
964811
964807
964772
964768
964761
964741
964683
964672
964658
964631
964622
964607
964605
964533
964512
964509
964505
964504
964502
964485
964480
964479
964475
964467
964456
964402
964391
964370
964368
964357
964354
964350
964345
964343
964333
964329
964311
964276
964267
964233
964161
964159
964130
964125
964119
964096
964018
964013
963966
963958
963950
963944
963887
963875
963862
963838
963782
963774
963764
963758
963757
963708
963705
963653
963635
963599
963596
963540
963504
963463
963458
963447
963409
963356
963356
963356
963344
963341
963324
963320
963280
963267
963265
963229
963221
963204
963189
963177
963145
963140
963116
963085
963074
963061
963058
963039
963020
963009
962997
962967
962931
962910
962904
962850
962846
962825
962787
962777
962740
962721
962710
962708
962674
962668
962594
962534
962499
962475
962472
962408
962394
962384
962376
962311
962288
962278
962275
962267
962266
962243
962241
962241
962233
962221
962191
962183
962138
962132
962125
962123
962107
962005
962001
961991
961917
961913
961900
961862
961845
961822
961813
961766
961760
961747
961743
961734
961729
961715
961713
961698
961695
961695
961673
961670
961661
961612
961604
961579
961571
961560
961545
961510
961473
961429
961419
961408
961400
961395
961387
961351
961343
961338
961323
961322
961319
961296
961241
961233
961221
961218
961168
961137
961130
961117
961111
961105
961104
961095
961062
961051
961028
961016
960975
960969
960924
960917
960906
960903
960887
960827
960818
960791
960780
960767
960757
960736
960727
960721
960715
960692
960648
960631
960607
960601
960599
960588
960588
960579
960559
960521
960493
960481
960469
960434
960433
960409
960402
960393
960371
960360
960353
960347
960338
960328
960326
960309
960305
960304
960285
960269
960260
960252
960214
960200
960176
960154
960134
960130
960128
960098
960095
960090
960083
960050
960049
960026
960018
960015
960001
959985
959960
959946
959946
959944
959911
959896
959853
959837
959795
959749
959727
959712
959683
959682
959680
959670
959638
959627
959627
959620
959617
959614
959609
959567
959550
959546
959523
959521
959518
959509
959503
959502
959500
959498
959490
959479
959467
959463
959460
959454
959440
959416
959403
959380
959379
959353
959334
959319
959315
959300
959276
959275
959274
959262
959249
959213
959201
959194
959191
959167
959164
959151
959150
959148
959140
959131
959122
959108
959102
959090
959022
959001
958995
958993
958984
958982
958972
958858
958813
958812
958800
958772
958744
958724
958707
958681
958637
958619
958602
958580
958572
958572
958565
958529
958501
958495
958481
958420
958405
958382
958369
958362
958358
958336
958332
958328
958320
958314
958307
958292
958276
958270
958247
958235
958197
958191
958177
958146
958138
958136
958136
958115
958109
958065
958050
957995
957905
957904
957877
957859
957841
957835
957833
957817
957810
957791
957783
957776
957774
957709
957692
957645
957615
957585
957583
957570
957561
957451
957442
957406
957384
957358
957299
957273
957215
957190
957168
957125
957120
957101
957043
957008
956985
956916
956914
956897
956896
956871
956845
956827
956780
956768
956760
956755
956740
956730
956730
956695
956651
956637
956587
956559
956511
956504
956484
956479
956478
956470
956467
956457
956451
956443
956438
956419
956398
956358
956353
956349
956343
956329
956323
956297
956287
956254
956250
956212
956204
956163
956158
956158
956158
956144
956138
956112
956111
956076
956066
956031
956022
956021
955992
955987
955965
955943
955934
955917
955912
955877
955859
955851
955850
955814
955806
955797
955796
955793
955770
955767
955749
955704
955656
955646
955607
955579
955552
955545
955540
955521
955521
955492
955465
955447
955435
955395
955370
955360
955303
955270
955243
955228
955138
955095
955080
955055
955046
954997
954990
954985
954978
954977
954970
954946
954943
954938
954934
954934
954910
954895
954893
954892
954891
954826
954815
954803
954781
954763
954751
954730
954716
954700
954687
954674
954637
954635
954607
954602
954599
954584
954567
954554
954494
954488
954481
954459
954408
954401
954399
954373
954357
954347
954333
954263
954258
954242
954186
954167
954166
954165
954110
954109
954075
954064
954020
954020
953926
953915
953905
953895
953857
953855
953854
953844
953837
953794
953792
953759
953728
953722
953697
953692
953681
953675
953660
953625
953583
953535
953508
953486
953483
953470
953458
953442
953420
953420
953402
953373
953354
953338
953326
953326
953305
953277
953266
953245
953210
953201
953187
953185
953178
953168
953164
953101
953092
953071
953035
953020
953019
953003
952986
952983
952963
952958
952937
952859
952855
952797
952789
952784
952775
952749
952722
952712
952698
952698
952665
952654
952648
952644
952585
952563
952552
952548
952525
952509
952427
952421
952411
952410
952358
952336
952317
952281
952253
952239
952199
952179
952137
952134
952114
952080
952076
952037
952019
951986
951976
951973
951949
951923
951872
951804
951778
951730
951717
951716
951713
951706
951702
951687
951673
951642
951590
951573
951551
951523
951521
951455
951442
951374
951359
951350
951348
951281
951275
951230
951230
951220
951216
951181
951170
951162
951146
951126
951098
951082
951073
951070
951067
951050
951035
951023
950995
950987
950966
950960
950939
950929
950920
950855
950854
950842
950824
950781
950764
950738
950721
950718
950716
950697
950684
950658
950642
950564
950553
950532
950532
950507
950486
950434
950368
950293
950275
950268
950255
950248
950239
950230
950199
950154
950128
950127
950117
950075
950048
950045
950040
950032
950027
949983
949980
949974
949968
949963
949900
949892
949869
949868
949825
949806
949803
949793
949791
949789
949780
949777
949728
949724
949707
949694
949677
949670
949642
949595
949588
949585
949555
949493
949429
949405
949394
949368
949363
949308
949291
949287
949244
949242
949180
949168
949161
949157
949121
949116
949109
949096
949086
949057
949053
949032
948981
948978
948951
948942
948921
948918
948914
948883
948868
948867
948864
948833
948808
948803
948798
948793
948785
948775
948738
948717
948701
948669
948657
948647
948642
948626
948570
948473
948439
948438
948431
948431
948427
948425
948405
948396
948389
948389
948326
948312
948297
948211
948206
948172
948167
948116
948088
948052
948051
948030
948009
947969
947920
947853
947846
947815
947812
947747
947740
947690
947689
947678
947678
947652
947620
947592
947580
947577
947566
947565
947564
947538
947495
947489
947483
947442
947421
947407
947393
947386
947366
947358
947342
947312
947301
947297
947282
947266
947261
947218
947206
947206
947181
947155
947135
947115
947113
947089
947076
947076
947070
947069
947053
947006
946986
946983
946959
946910
946902
946894
946892
946891
946886
946863
946826
946820
946817
946797
946768
946746
946737
946711
946693
946652
946628
946602
946591
946578
946535
946522
946510
946485
946484
946448
946443
946424
946423
946410
946405
946392
946341
946320
946317
946290
946269
946268
946240
946235
946198
946194
946189
946174
946170
946121
946098
946079
946054
946051
946049
945994
945989
945986
945984
945969
945966
945926
945916
945890
945887
945867
945862
945843
945833
945831
945826
945771
945760
945753
945736
945732
945729
945675
945618
945607
945575
945574
945567
945549
945495
945446
945422
945416
945384
945377
945366
945351
945334
945312
945271
945262
945259
945133
945132
945076
945050
945008
945003
944977
944942
944940
944917
944892
944871
944772
944765
944759
944737
944717
944703
944694
944647
944636
944622
944578
944576
944545
944502
944470
944410
944397
944373
944348
944339
944337
944330
944320
944243
944233
944192
944168
944164
944147
944145
944142
944070
944056
944048
944043
944028
944001
943983
943982
943972
943953
943911
943868
943828
943784
943759
943709
943708
943685
943678
943659
943643
943633
943628
943618
943617
943603
943594
943592
943592
943567
943560
943523
943448
943428
943402
943370
943369
943368
943366
943345
943332
943331
943329
943293
943268
943240
943239
943237
943223
943169
943162
943150
943121
943103
943102
943092
943074
943064
943062
943052
943042
943015
942973
942965
942956
942949
942922
942919
942902
942880
942861
942838
942813
942805
942777
942750
942682
942679
942659
942649
942636
942628
942608
942588
942560
942553
942551
942528
942518
942512
942502
942458
942422
942415
942402
942349
942326
942324
942264
942260
942224
942168
942168
942160
942090
942030
942028
942019
942016
942006
942005
941975
941947
941931
941912
941863
941838
941831
941806
941750
941746
941743
941722
941714
941710
941663
941658
941652
941632
941597
941538
941538
941503
941441
941437
941426
941421
941418
941416
941404
941387
941338
941320
941208
941194
941174
941171
941122
941053
941043
941042
941039
941038
941037
941034
941032
941012
940958
940951
940947
940942
940921
940878
940854
940833
940802
940770
940731
940727
940714
940684
940610
940583
940560
940530
940512
940493
940474
940473
940425
940400
940380
940358
940352
940340
940340
940329
940329
940325
940280
940265
940265
940251
940232
940228
940145
940117
940069
940068
940067
940057
940032
940017
939866
939865
939861
939819
939806
939796
939793
939761
939760
939719
939718
939692
939684
939670
939658
939601
939591
939545
939541
939532
939517
939502
939429
939386
939330
939292
939258
939231
939221
939219
939188
939121
939113
939100
939093
939056
939052
939049
939031
939000
938989
938905
938884
938852
938843
938839
938835
938826
938808
938785
938770
938765
938748
938735
938642
938613
938581
938579
938547
938540
938521
938506
938495
938466
938416
938409
938393
938391
938377
938348
938315
938297
938194
938159
938156
938097
938090
938086
938065
938025
938013
937988
937967
937953
937929
937901
937893
937885
937820
937813
937810
937809
937742
937739
937679
937679
937644
937617
937597
937578
937560
937479
937449
937436
937424
937399
937327
937281
937275
937235
937231
937222
937201
937175
937142
937111
937106
937095
937027
937011
936980
936937
936924
936892
936888
936858
936847
936819
936799
936793
936777
936764
936745
936713
936708
936699
936694
936679
936674
936666
936623
936610
936549
936494
936455
936436
936425
936421
936393
936390
936348
936285
936282
936280
936264
936247
936242
936239
936210
936209
936192
936190
936159
936138
936126
936082
936020
935961
935927
935913
935856
935850
935850
935848
935842
935826
935798
935779
935714
935677
935673
935661
935661
935656
935654
935625
935625
935615
935543
935525
935520
935518
935513
935507
935496
935481
935469
935468
935444
935408
935391
935337
935327
935295
935265
935243
935240
935211
935206
935192
935167
935164
935163
935159
935124
935116
935113
935097
935087
935054
935051
935043
935035
935014
934988
934978
934950
934934
934814
934801
934767
934733
934728
934720
934678
934622
934593
934587
934577
934544
934517
934490
934477
934476
934407
934401
934348
934342
934236
934235
934219
934184
934170
934165
934147
934124
934122
934010
933999
933966
933954
933949
933939
933939
933915
933909
933881
933837
933805
933796
933793
933697
933682
933662
933650
933623
933616
933594
933567
933532
933494
933393
933390
933386
933325
933293
933287
933262
933239
933226
933218
933217
933212
933206
933176
933152
933089
933081
933054
933027
932990
932981
932963
932939
932937
932924
932903
932872
932746
932742
932742
932735
932723
932710
932700
932696
932655
932646
932607
932607
932582
932544
932536
932525
932522
932515
932459
932426
932411
932410
932352
932347
932342
932317
932308
932308
932257
932255
932216
932215
932163
932146
932098
932073
932060
932006
931998
931989
931982
931967
931921
931904
931870
931804
931803
931790
931777
931775
931773
931769
931744
931723
931710
931681
931597
931597
931589
931566
931511
931510
931497
931487
931485
931480
931469
931463
931415
931373
931324
931296
931295
931253
931244
931191
931187
931156
931147
931113
931096
931080
931055
931054
931048
931010
930972
930924
930911
930911
930902
930886
930875
930842
930840
930827
930823
930801
930793
930788
930747
930746
930737
930721
930661
930644
930637
930610
930607
930602
930589
930581
930565
930551
930525
930508
930475
930447
930402
930402
930376
930370
930367
930359
930346
930254
930215
930208
930182
930172
930171
930164
930160
930156
930131
930098
930085
930083
930023
930021
929977
929976
929937
929927
929907
929906
929906
929903
929901
929860
929854
929770
929724
929721
929699
929639
929620
929609
929601
929581
929563
929537
929520
929502
929477
929446
929434
929404
929346
929334
929308
929284
929274
929182
929168
929159
929150
929124
929089
929078
929067
929049
929042
929040
929033
929031
928980
928928
928926
928917
928913
928911
928895
928852
928843
928780
928763
928756
928709
928693
928689
928674
928671
928625
928601
928598
928559
928505
928503
928493
928490
928488
928485
928479
928449
928403
928350
928344
928337
928326
928305
928296
928293
928233
928178
928166
928148
928140
928077
928068
928067
928016
927981
927961
927954
927947
927898
927879
927879
927833
927821
927781
927772
927745
927737
927710
927691
927649
927642
927637
927606
927586
927581
927573
927558
927536
927528
927523
927522
927478
927469
927469
927442
927423
927414
927405
927324
927288
927248
927216
927194
927179
927172
927169
927167
927149
927137
927131
927079
927062
927060
927018
927018
926994
926978
926945
926943
926920
926892
926821
926814
926803
926797
926751
926689
926684
926665
926619
926619
926547
926523
926521
926502
926491
926485
926476
926470
926427
926419
926411
926410
926332
926303
926285
926254
926248
926226
926212
926206
926160
926127
926124
926036
925947
925893
925875
925873
925868
925858
925855
925821
925736
925723
925720
925699
925693
925669
925652
925648
925647
925621
925607
925542
925487
925487
925447
925421
925407
925405
925387
925385
925346
925337
925323
925322
925303
925282
925273
925270
925226
925224
925196
925195
925189
925115
925098
925091
925017
925006
924997
924991
924980
924968
924914
924890
924873
924821
924814
924723
924717
924690
924684
924670
924662
924630
924554
924510
924508
924480
924450
924431
924419
924391
924383
924378
924359
924358
924358
924352
924345
924329
924296
924286
924280
924263
924253
924157
924130
924121
924101
924087
924053
924039
924036
924030
924027
924022
924007
923993
923935
923927
923926
923895
923828
923819
923810
923807
923806
923732
923728
923705
923674
923642
923586
923551
923514
923454
923424
923417
923370
923345
923314
923282
923275
923273
923259
923255
923227
923223
923197
923197
923176
923156
923151
923100
923059
923000
922943
922914
922913
922910
922896
922891
922854
922841
922838
922823
922821
922805
922803
922799
922785
922769
922750
922728
922714
922694
922676
922624
922539
922516
922507
922478
922474
922469
922443
922437
922422
922340
922336
922335
922325
922270
922258
922220
922219
922145
922134
922125
922125
922116
922113
922109
922105
922084
922013
921955
921949
921924
921913
921881
921726
921711
921645
921643
921641
921600
921595
921594
921575
921546
921541
921537
921514
921487
921472
921463
921420
921364
921358
921353
921329
921325
921296
921265
921249
921218
921209
921175
921145
921099
921092
921088
921065
921063
921020
921015
921012
920985
920984
920970
920969
920969
920872
920864
920858
920845
920844
920837
920782
920776
920760
920690
920684
920671
920654
920650
920638
920621
920617
920600
920597
920533
920519
920512
920511
920462
920434
920414
920366
920365
920361
920360
920357
920338
920332
920329
920310
920295
920253
920236
920229
920208
920204
920169
920146
920077
920066
920065
920062
920047
920035
920007
919971
919970
919875
919848
919816
919767
919734
919724
919679
919653
919649
919634
919630
919580
919556
919543
919540
919534
919528
919472
919454
919395
919386
919374
919364
919358
919331
919313
919295
919249
919224
919186
919152
919136
919130
919107
919025
919004
919002
918908
918887
918886
918849
918848
918831
918830
918825
918796
918781
918726
918700
918698
918697
918686
918641
918628
918624
918619
918595
918582
918555
918537
918507
918504
918490
918489
918489
918476
918451
918432
918431
918410
918367
918358
918355
918338
918325
918305
918302
918292
918271
918231
918218
918199
918196
918187
918180
918176
918152
918108
918088
918085
918066
918050
918021
918019
918016
917986
917964
917946
917935
917899
917888
917860
917850
917849
917848
917812
917812
917799
917797
917780
917764
917756
917748
917740
917721
917717
917708
917690
917688
917673
917664
917659
917650
917630
917619
917595
917590
917535
917510
917506
917496
917491
917466
917427
917415
917412
917396
917396
917360
917323
917319
917302
917296
917282
917269
917266
917263
917249
917245
917214
917169
917161
917152
917142
917134
917114
917054
917042
917023
916989
916949
916896
916873
916865
916826
916777
916768
916690
916671
916660
916647
916635
916620
916569
916543
916519
916477
916474
916442
916441
916417
916400
916381
916344
916280
916278
916277
916258
916255
916229
916210
916151
916148
916136
916127
916113
916074
915993
915990
915962
915954
915945
915908
915889
915875
915856
915836
915766
915741
915731
915716
915712
915695
915668
915660
915655
915640
915630
915629
915620
915611
915591
915582
915553
915536
915524
915468
915466
915452
915440
915431
915427
915371
915354
915270
915243
915228
915219
915203
915194
915179
915167
915167
915134
915134
915129
915126
915118
915091
915068
915057
915051
915042
914988
914975
914950
914947
914945
914938
914926
914906
914899
914879
914812
914789
914748
914735
914722
914717
914709
914689
914647
914640
914603
914586
914578
914569
914549
914531
914530
914520
914499
914482
914433
914358
914345
914343
914329
914294
914285
914273
914266
914232
914231
914229
914224
914207
914188
914159
914139
914133
914130
914071
914061
914048
914043
914042
914036
914026
914003
914003
913997
913962
913961
913944
913926
913880
913840
913836
913832
913828
913826
913808
913801
913798
913796
913796
913746
913739
913693
913666
913655
913617
913594
913547
913527
913477
913471
913457
913426
913424
913422
913398
913370
913335
913299
913285
913217
913179
913156
913143
913132
913131
913121
913114
913064
913028
912994
912946
912933
912931
912931
912929
912915
912889
912886
912879
912879
912866
912862
912832
912827
912743
912731
912702
912699
912672
912672
912661
912625
912596
912589
912589
912569
912565
912541
912533
912521
912502
912425
912416
912403
912391
912338
912321
912306
912286
912285
912208
912201
912182
912177
912161
912157
912156
912104
912098
912096
912088
912085
912075
912054
912038
912004
912002
911897
911890
911889
911881
911872
911867
911859
911842
911840
911825
911800
911782
911778
911729
911726
911696
911693
911664
911661
911539
911474
911466
911460
911457
911437
911433
911390
911375
911353
911332
911326
911290
911220
911182
911181
911095
911080
911078
911077
911027
911021
910990
910970
910940
910910
910894
910864
910843
910834
910823
910795
910781
910767
910749
910742
910729
910672
910661
910646
910632
910631
910627
910587
910540
910529
910492
910490
910480
910460
910458
910431
910392
910343
910333
910317
910310
910306
910246
910243
910202
910174
910173
910108
910102
910088
910066
910052
910037
910028
910027
910023
910006
910000
909994
909973
909966
909942
909907
909876
909844
909833
909726
909696
909677
909673
909647
909647
909643
909614
909607
909591
909549
909542
909482
909429
909408
909401
909391
909390
909382
909376
909351
909345
909329
909309
909306
909303
909275
909263
909243
909205
909198
909171
909150
909113
909042
909001
908994
908978
908931
908912
908814
908792
908778
908758
908752
908737
908627
908570
908549
908547
908537
908531
908529
908517
908506
908503
908451
908447
908421
908412
908405
908396
908381
908356
908333
908319
908304
908287
908285
908239
908206
908184
908178
908172
908134
908107
908104
908089
907997
907993
907950
907936
907927
907917
907912
907905
907905
907866
907858
907845
907768
907763
907738
907733
907732
907729
907727
907726
907693
907680
907680
907632
907628
907603
907594
907572
907543
907523
907480
907475
907450
907423
907422
907420
907407
907395
907394
907391
907385
907379
907370
907346
907345
907338
907187
907178
907167
907065
907059
907054
907032
907002
906994
906980
906973
906971
906961
906937
906924
906917
906916
906902
906897
906874
906838
906816
906796
906794
906745
906658
906654
906637
906634
906614
906600
906594
906587
906576
906558
906543
906523
906520
906490
906329
906323
906258
906249
906233
906222
906173
906160
906145
906144
906130
906130
906060
906040
906002
906001
905992
905989
905919
905919
905903
905881
905845
905825
905785
905778
905746
905724
905715
905619
905610
905586
905546
905509
905493
905482
905407
905352
905319
905305
905277
905268
905268
905179
905083
905080
905056
904994
904984
904960
904882
904865
904863
904835
904796
904769
904738
904737
904718
904679
904663
904658
904630
904615
904603
904596
904577
904551
904536
904533
904528
904488
904450
904443
904426
904414
904396
904392
904383
904338
904329
904328
904326
904312
904283
904231
904229
904218
904216
904193
904190
904183
904139
904134
904085
904080
904071
904055
904039
904024
904014
903986
903970
903966
903922
903903
903898
903826
903806
903805
903801
903760
903743
903633
903592
903576
903515
903514
903507
903504
903483
903477
903452
903440
903415
903405
903395
903383
903380
903374
903363
903302
903244
903220
903219
903212
903185
903161
903081
903079
903079
903076
903074
903045
903036
902992
902979
902971
902967
902959
902959
902935
902915
902890
902872
902826
902813
902762
902738
902688
902679
902674
902673
902655
902631
902629
902608
902587
902549
902513
902476
902463
902455
902421
902416
902401
902378
902377
902370
902363
902359
902340
902329
902318
902304
902214
902178
902169
902161
902131
902099
902096
902080
902072
902065
902061
902055
902037
901995
901983
901946
901945
901943
901938
901928
901926
901919
901909
901903
901902
901885
901864
901832
901826
901790
901743
901738
901730
901715
901663
901645
901631
901619
901610
901574
901533
901529
901521
901453
901450
901445
901397
901395
901343
901339
901334
901327
901309
901285
901223
901199
901182
901161
901153
901135
901122
901118
901102
901088
901075
901074
901058
901044
901042
901005
900982
900911
900873
900855
900846
900833
900824
900793
900766
900760
900744
900735
900708
900701
900690
900675
900668
900654
900652
900639
900634
900629
900625
900618
900593
900571
900554
900550
900545
900544
900525
900517
900484
900431
900395
900392
900383
900379
900372
900347
900292
900281
900247
900230
900223
900202
900190
900185
900119
900077
900065
900058
900044
900022
899945
899914
899908
899850
899837
899819
899790
899750
899733
899716
899689
899635
899632
899602
899593
899591
899515
899483
899466
899447
899446
899436
899409
899405
899403
899402
899395
899393
899387
899375
899354
899350
899313
899307
899240
899229
899229
899226
899208
899208
899203
899201
899127
899038
899035
898979
898950
898921
898909
898900
898899
898892
898889
898874
898857
898835
898794
898769
898722
898691
898689
898676
898670
898667
898659
898637
898623
898613
898607
898599
898519
898493
898453
898441
898411
898347
898335
898335
898296
898280
898279
898261
898258
898248
898246
898241
898206
898197
898196
898192
898158
898107
898099
898086
898075
898058
898014
898010
897998
897976
897967
897950
897942
897938
897918
897889
897866
897829
897808
897798
897790
897783
897775
897744
897699
897665
897647
897619
897570
897565
897555
897551
897544
897543
897532
897514
897499
897495
897485
897461
897452
897444
897430
897419
897373
897349
897346
897345
897306
897304
897240
897217
897202
897167
897164
897114
897099
897092
897087
897072
897066
897046
897005
896943
896936
896906
896894
896826
896819
896806
896804
896759
896737
896733
896709
896689
896674
896670
896617
896590
896585
896550
896527
896523
896503
896498
896485
896482
896416
896415
896405
896400
896392
896382
896378
896366
896348
896257
896231
896188
896178
896154
896139
896098
896095
896061
896003
895994
895988
895980
895962
895960
895950
895937
895916
895912
895903
895861
895838
895819
895808
895784
895780
895711
895677
895663
895650
895648
895632
895629
895577
895558
895553
895499
895413
895407
895385
895364
895363
895361
895353
895351
895327
895285
895267
895249
895241
895228
895224
895218
895174
895065
895051
895041
895037
895026
895012
895007
894961
894950
894930
894922
894892
894892
894883
894879
894838
894819
894804
894801
894793
894786
894783
894777
894747
894727
894691
894619
894594
894554
894514
894489
894469
894468
894462
894397
894389
894384
894371
894351
894349
894344
894331
894329
894315
894295
894288
894284
894278
894260
894251
894216
894214
894214
894181
894091
894079
894076
894076
894038
894018
894017
894017
894011
893987
893941
893874
893809
893786
893651
893646
893610
893561
893545
893490
893480
893476
893466
893435
893383
893376
893341
893328
893284
893280
893268
893258
893255
893238
893185
893181
893174
893157
893137
893110
893066
893039
893032
893008
893006
892998
892991
892955
892950
892914
892844
892837
892789
892771
892726
892715
892602
892597
892578
892550
892515
892506
892490
892481
892450
892417
892400
892367
892360
892320
892257
892216
892194
892179
892166
892166
892165
892143
892132
892120
892075
892067
892065
892053
892045
892042
892008
892001
891987
891959
891952
891930
891901
891896
891888
891883
891877
891874
891829
891823
891809
891746
891741
891721
891702
891699
891682
891671
891663
891634
891626
891625
891594
891578
891512
891499
891494
891447
891434
891422
891404
891377
891362
891332
891285
891281
891261
891243
891230
891225
891190
891140
891125
891120
891092
891034
891012
890997
890982
890975
890932
890931
890917
890912
890892
890891
890889
890888
890884
890881
890880
890869
890861
890842
890838
890833
890822
890821
890802
890788
890787
890786
890737
890708
890704
890704
890679
890664
890565
890554
890502
890496
890488
890487
890466
890420
890417
890401
890397
890386
890329
890316
890314
890302
890294
890277
890248
890229
890162
890151
890138
890133
890127
890103
890100
890070
890070
890059
890028
889973
889941
889898
889896
889870
889863
889858
889857
889834
889822
889798
889793
889791
889725
889710
889703
889672
889670
889661
889641
889639
889593
889590
889585
889552
889534
889522
889519
889518
889511
889494
889490
889483
889468
889467
889462
889439
889410
889408
889406
889358
889356
889343
889340
889322
889320
889316
889314
889289
889272
889254
889196
889193
889189
889182
889181
889175
889151
889146
889138
889125
889122
889122
889120
889109
889109
889103
889101
889022
889021
888987
888969
888962
888940
888923
888912
888867
888860
888848
888776
888771
888771
888771
888764
888761
888741
888723
888692
888689
888667
888646
888618
888610
888599
888587
888521
888484
888457
888448
888436
888430
888428
888378
888315
888290
888262
888253
888248
888239
888235
888210
888195
888185
888151
888150
888128
888108
888091
888078
888067
888037
888036
888000
887988
887983
887931
887903
887901
887892
887876
887860
887825
887824
887790
887786
887779
887709
887709
887702
887639
887626
887622
887621
887617
887614
887582
887552
887488
887469
887464
887435
887410
887351
887344
887312
887310
887309
887297
887284
887280
887271
887233
887205
887182
887173
887172
887148
887138
887104
887087
887029
887018
886978
886951
886928
886920
886898
886883
886879
886872
886844
886830
886780
886766
886746
886726
886708
886657
886645
886596
886570
886526
886448
886426
886394
886391
886383
886366
886363
886336
886314
886279
886256
886249
886249
886234
886213
886204
886186
886173
886123
886114
886101
886086
886063
886062
886052
886044
886023
886014
886005
886003
885931
885913
885900
885876
885858
885796
885758
885741
885734
885733
885712
885709
885701
885700
885604
885527
885521
885513
885498
885474
885445
885443
885393
885390
885377
885372
885359
885350
885319
885304
885284
885275
885206
885198
885184
885131
885112
885094
885088
885083
885080
885079
885078
885076
885035
885012
884962
884924
884915
884857
884852
884798
884776
884771
884743
884743
884697
884688
884677
884670
884653
884641
884640
884636
884630
884615
884612
884572
884557
884475
884450
884438
884426
884421
884417
884403
884393
884392
884378
884323
884313
884309
884305
884298
884292
884278
884266
884222
884209
884204
884194
884180
884180
884162
884152
884145
884128
884127
884116
884029
884015
883943
883943
883927
883895
883887
883871
883851
883837
883835
883814
883812
883808
883799
883797
883779
883766
883748
883700
883658
883641
883633
883611
883591
883559
883543
883531
883529
883523
883521
883513
883509
883493
883425
883399
883375
883373
883361
883342
883341
883322
883314
883297
883289
883258
883236
883230
883229
883225
883209
883206
883194
883157
883143
883081
883080
883044
883002
882967
882956
882887
882872
882864
882862
882857
882829
882777
882758
882673
882634
882626
882610
882566
882558
882556
882554
882510
882471
882441
882422
882420
882403
882390
882317
882282
882244
882242
882238
882221
882167
882163
882162
882134
882113
882088
882048
882038
882037
882026
882011
882004
881994
881984
881983
881983
881909
881878
881874
881873
881872
881846
881843
881829
881828
881817
881816
881782
881718
881714
881692
881682
881643
881636
881633
881625
881624
881617
881611
881600
881576
881566
881562
881548
881547
881499
881490
881473
881467
881462
881456
881454
881453
881450
881446
881419
881404
881403
881402
881396
881335
881287
881268
881239
881224
881219
881218
881187
881173
881169
881110
881101
881067
881064
881056
881051
881040
881025
881002
880975
880971
880961
880958
880954
880937
880914
880896
880834
880787
880785
880774
880744
880723
880717
880699
880651
880619
880617
880603
880597
880594
880561
880530
880491
880481
880470
880432
880419
880414
880410
880404
880372
880346
880324
880323
880311
880311
880292
880287
880276
880250
880249
880233
880220
880207
880205
880161
880156
880123
880043
880030
880026
880019
879996
879993
879942
879915
879901
879838
879833
879814
879806
879803
879802
879788
879756
879745
879745
879736
879734
879733
879721
879701
879670
879669
879625
879605
879593
879587
879584
879575
879570
879559
879539
879530
879524
879507
879490
879450
879445
879441
879428
879406
879404
879394
879367
879358
879349
879348
879298
879294
879269
879264
879239
879239
879209
879147
879147
879111
879105
879074
879066
879028
879019
878991
878982
878953
878920
878886
878870
878857
878853
878816
878812
878812
878805
878801
878793
878787
878738
878728
878720
878714
878714
878681
878662
878637
878603
878595
878590
878586
878569
878554
878437
878437
878410
878391
878368
878318
878311
878300
878285
878248
878246
878223
878194
878165
878122
878109
878098
878090
878060
878045
878022
878008
878007
878003
877971
877969
877921
877914
877886
877857
877794
877793
877790
877786
877764
877756
877752
877728
877727
877725
877682
877678
877607
877588
877542
877537
877536
877528
877523
877519
877504
877467
877465
877451
877447
877388
877375
877358
877332
877328
877301
877281
877271
877260
877242
877241
877240
877240
877220
877206
877200
877179
877118
877090
877084
877055
877035
876923
876920
876859
876836
876818
876784
876766
876761
876759
876711
876703
876675
876663
876660
876650
876641
876628
876621
876573
876535
876497
876488
876449
876444
876376
876371
876342
876287
876246
876232
876221
876217
876196
876187
876139
876131
876122
876110
876103
876067
876057
875990
875967
875963
875941
875938
875918
875896
875828
875762
875760
875725
875718
875709
875685
875667
875620
875616
875581
875562
875535
875519
875468
875460
875399
875388
875386
875385
875343
875330
875327
875325
875304
875293
875289
875281
875262
875246
875227
875213
875211
875158
875145
875128
875109
875108
875072
875050
875024
875015
874999
874999
874984
874946
874903
874897
874893
874842
874794
874792
874775
874713
874710
874658
874657
874640
874589
874569
874498
874477
874456
874453
874451
874436
874376
874365
874354
874342
874325
874294
874266
874261
874260
874255
874233
874228
874217
874183
874162
874131
874126
874100
874072
874056
873953
873891
873872
873848
873830
873823
873811
873763
873760
873754
873749
873745
873729
873723
873673
873648
873627
873606
873588
873581
873576
873572
873570
873557
873554
873535
873532
873507
873502
873496
873458
873428
873415
873394
873369
873365
873355
873325
873324
873304
873298
873275
873270
873259
873237
873200
873198
873196
873145
873139
873133
873126
873073
873065
873064
873037
873035
873020
872974
872955
872951
872935
872918
872884
872851
872781
872771
872764
872757
872730
872706
872696
872694
872694
872692
872691
872675
872643
872612
872609
872608
872607
872565
872555
872527
872474
872465
872423
872399
872381
872381
872364
872359
872290
872286
872261
872219
872202
872173
872167
872153
872144
872102
872096
872006
872002
871999
871986
871985
871974
871959
871959
871936
871921
871906
871902
871891
871873
871832
871831
871801
871780
871771
871771
871750
871746
871723
871714
871691
871688
871652
871598
871592
871577
871563
871558
871555
871506
871504
871488
871473
871460
871353
871331
871329
871293
871284
871274
871261
871235
871128
871102
871084
871077
871054
871054
871026
871011
871005
871002
870963
870957
870956
870951
870934
870899
870891
870832
870811
870766
870733
870732
870724
870708
870671
870658
870641
870551
870512
870508
870496
870471
870469
870451
870439
870411
870409
870402
870387
870356
870352
870333
870326
870280
870263
870255
870251
870188
870188
870167
870131
870127
870111
870102
870057
870038
870032
870026
870005
869973
869963
869955
869942
869926
869885
869882
869834
869805
869803
869790
869685
869667
869644
869579
869564
869548
869542
869536
869527
869486
869476
869470
869470
869461
869447
869420
869390
869375
869375
869339
869313
869267
869238
869224
869173
869155
869095
869093
869088
869066
869039
869021
869019
868991
868968
868950
868940
868930
868929
868925
868891
868873
868862
868821
868774
868756
868756
868755
868741
868737
868706
868702
868691
868688
868659
868631
868625
868598
868596
868589
868536
868499
868469
868461
868371
868370
868360
868346
868344
868344
868301
868275
868268
868248
868226
868213
868160
868128
868106
868100
868091
868073
868068
868041
868033
867965
867947
867917
867856
867851
867838
867836
867813
867766
867711
867692
867691
867667
867655
867587
867552
867546
867545
867513
867512
867512
867506
867504
867497
867495
867492
867490
867481
867454
867376
867301
867284
867268
867260
867246
867239
867158
867121
867119
867104
867099
867087
867085
867053
867003
866996
866987
866940
866915
866914
866890
866866
866851
866827
866801
866780
866772
866764
866707
866691
866659
866629
866570
866556
866531
866522
866508
866480
866456
866456
866443
866412
866407
866407
866388
866373
866314
866300
866285
866264
866255
866255
866249
866101
866093
866090
866063
866060
866047
866042
866027
865999
865992
865982
865980
865976
865908
865903
865883
865873
865872
865839
865836
865825
865762
865754
865729
865717
865708
865704
865694
865679
865641
865567
865558
865539
865524
865453
865411
865375
865365
865350
865324
865320
865249
865236
865231
865168
865125
865120
865114
865066
865059
865055
865050
864993
864978
864975
864969
864932
864916
864905
864853
864842
864811
864797
864789
864787
864786
864780
864776
864764
864762
864757
864745
864741
864736
864727
864716
864711
864696
864679
864677
864672
864668
864665
864661
864633
864630
864601
864574
864556
864512
864511
864455
864440
864435
864428
864410
864401
864394
864382
864375
864368
864354
864353
864351
864304
864291
864287
864276
864228
864223
864217
864207
864197
864158
864152
864069
864065
864048
863994
863983
863962
863957
863921
863916
863885
863878
863875
863803
863799
863778
863744
863739
863739
863703
863680
863638
863592
863582
863570
863564
863550
863539
863539
863537
863532
863526
863520
863499
863497
863489
863480
863430
863403
863391
863388
863377
863341
863337
863329
863315
863305
863293
863266
863256
863254
863205
863200
863172
863153
863124
863111
863078
863077
863059
863056
863044
862983
862980
862971
862943
862941
862938
862936
862917
862906
862889
862862
862848
862843
862825
862727
862704
862679
862661
862654
862635
862572
862520
862519
862473
862426
862399
862363
862351
862346
862337
862334
862323
862311
862293
862278
862262
862252
862233
862227
862200
862185
862158
862133
862130
862129
862129
862126
862075
862057
862028
862026
861993
861992
861955
861939
861938
861931
861928
861910
861902
861890
861843
861839
861828
861813
861809
861784
861685
861678
861673
861671
861655
861646
861626
861591
861582
861581
861578
861570
861557
861544
861482
861453
861431
861412
861406
861400
861394
861376
861359
861340
861331
861327
861319
861273
861231
861226
861213
861208
861207
861198
861186
861173
861110
861097
861018
860960
860853
860834
860834
860808
860786
860737
860728
860726
860717
860712
860691
860681
860680
860677
860675
860665
860585
860525
860478
860455
860454
860447
860396
860376
860366
860365
860361
860334
860296
860295
860290
860259
860253
860250
860187
860184
860109
860073
860029
859978
859970
859906
859884
859874
859847
859812
859808
859796
859757
859757
859751
859745
859683
859669
859661
859653
859643
859639
859619
859615
859607
859591
859586
859582
859446
859432
859406
859379
859341
859311
859296
859239
859219
859198
859198
859182
859178
859150
859120
859087
859072
859069
859062
859051
859046
859041
859028
859013
858973
858875
858851
858851
858837
858812
858808
858802
858800
858758
858750
858707
858691
858670
858646
858628
858623
858619
858603
858531
858527
858509
858497
858486
858484
858476
858458
858445
858444
858405
858388
858351
858317
858315
858304
858239
858229
858165
858155
858142
858100
858088
858076
858019
858008
857902
857890
857889
857875
857871
857834
857806
857718
857716
857696
857686
857676
857669
857666
857660
857653
857641
857616
857615
857605
857585
857537
857497
857460
857450
857426
857364
857336
857335
857319
857312
857265
857239
857229
857206
857190
857176
857169
857159
857151
857141
857137
857130
857104
857099
857094
857075
857068
857059
857035
857027
857024
857016
857005
856991
856975
856930
856903
856882
856845
856821
856804
856786
856769
856738
856731
856658
856657
856598
856555
856555
856535
856526
856526
856517
856499
856498
856490
856429
856415
856402
856378
856377
856346
856309
856293
856276
856265
856247
856242
856210
856179
856150
856117
856104
856093
856080
856059
856020
856009
855973
855920
855916
855909
855899
855880
855854
855850
855830
855825
855802
855762
855761
855735
855718
855707
855700
855686
855685
855683
855660
855617
855594
855561
855546
855535
855489
855469
855402
855385
855385
855364
855358
855340
855322
855307
855306
855292
855270
855267
855257
855234
855212
855195
855193
855184
855156
855156
855143
855071
855056
855054
855046
855036
855034
855015
854987
854982
854917
854915
854890
854879
854865
854802
854801
854786
854738
854706
854699
854672
854664
854663
854644
854639
854639
854611
854570
854491
854455
854451
854447
854427
854398
854392
854374
854264
854260
854246
854240
854228
854223
854211
854203
854183
854180
854171
854154
854148
854140
854130
854097
854078
854065
854045
854015
854008
853908
853888
853880
853878
853862
853860
853854
853828
853822
853783
853766
853751
853730
853673
853649
853626
853622
853591
853530
853516
853501
853496
853456
853427
853425
853405
853398
853397
853392
853380
853364
853362
853338
853309
853301
853265
853203
853199
853194
853176
853176
853091
853079
853078
853042
853028
853022
852960
852943
852916
852905
852885
852865
852850
852823
852815
852793
852788
852787
852756
852743
852731
852729
852727
852724
852682
852628
852582
852554
852552
852526
852518
852502
852483
852481
852444
852427
852410
852404
852395
852386
852369
852358
852328
852322
852315
852312
852306
852300
852289
852282
852247
852246
852226
852213
852161
852110
852095
852089
852077
852059
852050
852050
852042
852035
852006
851986
851978
851975
851965
851955
851868
851855
851852
851846
851844
851843
851837
851831
851819
851811
851788
851761
851743
851718
851712
851703
851685
851658
851604
851584
851558
851538
851529
851492
851482
851457
851453
851435
851426
851394
851370
851327
851289
851250
851249
851191
851134
851105
851102
851101
851073
851021
851013
851011
850981
850971
850966
850956
850950
850919
850917
850913
850901
850885
850880
850876
850856
850856
850824
850818
850797
850781
850752
850727
850726
850719
850717
850711
850709
850657
850640
850596
850579
850559
850531
850518
850507
850506
850476
850448
850444
850376
850330
850319
850315
850296
850267
850251
850229
850217
850210
850191
850166
850151
850133
850111
850067
850066
850057
850048
850027
850026
850023
850003
850000
849984
849983
849963
849931
849915
849893
849886
849870
849846
849835
849830
849786
849769
849765
849740
849731
849725
849717
849694
849694
849665
849632
849610
849595
849575
849567
849565
849554
849537
849531
849527
849510
849480
849451
849414
849405
849384
849333
849315
849303
849274
849272
849271
849238
849192
849187
849146
849140
849135
849086
849057
849048
849035
849032
849019
849011
848996
848992
848991
848952
848941
848928
848919
848892
848892
848818
848787
848786
848764
848761
848750
848699
848658
848602
848579
848578
848577
848566
848527
848515
848508
848494
848484
848479
848429
848426
848405
848385
848375
848328
848328
848305
848284
848276
848259
848208
848208
848200
848155
848129
848106
848083
848078
848066
848056
848051
848047
848017
848010
847983
847980
847944
847895
847895
847870
847847
847782
847768
847765
847737
847726
847666
847644
847627
847612
847604
847595
847581
847575
847575
847573
847549
847519
847467
847464
847428
847427
847422
847390
847377
847356
847326
847324
847287
847274
847270
847268
847251
847242
847215
847154
847143
847096
847074
847004
847000
846977
846969
846948
846911
846890
846871
846835
846778
846745
846700
846659
846633
846619
846581
846438
846423
846399
846358
846331
846295
846290
846285
846277
846236
846226
846194
846180
846165
846157
846155
846148
846136
846117
845965
845954
845950
845906
845903
845897
845888
845885
845883
845855
845836
845828
845826
845794
845732
845726
845691
845688
845661
845608
845579
845538
845495
845492
845483
845479
845455
845449
845445
845428
845383
845382
845341
845325
845303
845298
845263
845251
845238
845237
845218
845203
845203
845170
845123
845101
845080
845076
845071
845036
845030
845014
844936
844904
844899
844896
844893
844881
844840
844771
844693
844654
844644
844628
844605
844590
844586
844571
844529
844528
844507
844501
844487
844474
844454
844428
844407
844392
844390
844328
844328
844292
844291
844260
844220
844210
844168
844153
844141
844140
844121
844107
844072
843998
843974
843973
843949
843947
843930
843913
843904
843897
843880
843854
843817
843812
843812
843804
843794
843778
843761
843748
843741
843656
843605
843598
843595
843583
843579
843537
843521
843474
843461
843458
843443
843399
843357
843294
843277
843252
843231
843201
843112
843111
843056
842966
842938
842934
842931
842852
842838
842812
842809
842807
842794
842788
842771
842768
842766
842747
842740
842737
842732
842701
842695
842685
842678
842661
842656
842568
842564
842563
842539
842530
842525
842517
842463
842446
842413
842412
842393
842384
842381
842377
842350
842349
842333
842315
842292
842201
842198
842180
842100
842090
842047
841998
841985
841960
841950
841886
841855
841845
841822
841810
841794
841780
841733
841673
841664
841634
841546
841543
841520
841482
841437
841436
841424
841421
841382
841350
841329
841328
841301
841296
841269
841240
841194
841193
841187
841163
841157
841138
841064
841061
841057
841052
841014
840963
840957
840945
840945
840939
840925
840905
840900
840888
840878
840871
840867
840866
840831
840822
840804
840804
840780
840765
840752
840703
840683
840679
840653
840651
840632
840632
840628
840599
840563
840560
840559
840531
840504
840472
840450
840443
840431
840423
840405
840397
840386
840334
840325
840313
840308
840302
840275
840270
840236
840203
840174
840152
840125
840102
840091
840067
840066
839978
839955
839950
839943
839878
839864
839823
839784
839698
839694
839655
839601
839533
839507
839485
839484
839470
839439
839361
839345
839318
839315
839249
839227
839201
839183
839173
839142
839140
839139
839125
839122
839094
839028
839023
839001
838981
838949
838947
838929
838920
838917
838896
838881
838878
838848
838845
838829
838817
838746
838739
838738
838736
838713
838712
838712
838673
838657
838620
838599
838590
838588
838554
838540
838539
838461
838452
838448
838402
838401
838356
838353
838342
838316
838297
838279
838269
838268
838263
838256
838232
838223
838197
838193
838175
838166
838143
838137
838134
838133
838097
838068
838033
838033
838021
837990
837981
837925
837915
837889
837882
837880
837843
837841
837799
837790
837777
837777
837766
837745
837739
837734
837724
837713
837711
837701
837697
837661
837572
837569
837563
837554
837532
837512
837506
837500
837499
837487
837459
837455
837438
837413
837374
837369
837336
837309
837249
837203
837201
837175
837154
837143
837140
837132
837051
837039
837034
836998
836997
836977
836911
836900
836869
836858
836855
836830
836817
836813
836745
836735
836705
836657
836606
836600
836587
836550
836545
836538
836537
836503
836493
836484
836468
836448
836435
836428
836427
836416
836411
836379
836343
836337
836323
836314
836309
836254
836249
836226
836223
836208
836208
836201
836186
836173
836171
836120
836081
836049
836044
835984
835978
835969
835903
835839
835831
835803
835782
835763
835711
835654
835638
835622
835611
835597
835564
835521
835518
835512
835509
835502
835497
835496
835444
835408
835403
835331
835323
835252
835244
835215
835205
835130
835107
835106
835103
835084
835053
834966
834955
834895
834887
834879
834874
834872
834871
834727
834697
834665
834649
834628
834597
834589
834581
834552
834545
834524
834512
834461
834445
834439
834421
834353
834346
834327
834300
834279
834273
834273
834228
834221
834217
834200
834184
834170
834149
834147
834143
834141
834118
834075
834063
834036
834034
834034
834021
834017
833967
833966
833948
833945
833940
833935
833915
833910
833903
833899
833897
833883
833882
833876
833844
833818
833810
833805
833779
833733
833699
833698
833697
833691
833675
833653
833610
833590
833538
833502
833490
833487
833480
833462
833458
833440
833440
833434
833348
833335
833301
833269
833268
833247
833225
833201
833197
833181
833180
833160
833153
833131
833115
833084
833076
833069
833056
833049
833043
833039
832993
832988
832980
832961
832949
832931
832926
832910
832896
832852
832844
832764
832735
832716
832702
832662
832657
832633
832621
832601
832536
832475
832403
832390
832389
832388
832383
832380
832347
832335
832328
832269
832257
832254
832216
832215
832208
832163
832148
832142
832116
832102
832042
832013
831978
831964
831899
831893
831859
831851
831828
831828
831810
831807
831793
831775
831767
831736
831732
831641
831600
831561
831532
831529
831507
831489
831472
831448
831443
831405
831393
831368
831365
831356
831315
831306
831267
831248
831229
831217
831199
831198
831162
831129
831105
831105
831075
830997
830991
830931
830918
830903
830894
830860
830859
830844
830835
830815
830809
830799
830785
830767
830713
830703
830689
830684
830673
830660
830651
830644
830644
830559
830549
830524
830521
830504
830476
830437
830426
830419
830367
830345
830343
830295
830275
830261
830243
830242
830233
830230
830229
830204
830183
830155
830150
830124
830123
830096
830071
830068
830030
830015
829981
829980
829973
829898
829879
829841
829827
829786
829777
829776
829741
829735
829728
829691
829682
829677
829675
829641
829555
829498
829432
829429
829408
829355
829354
829342
829319
829317
829292
829283
829270
829263
829260
829256
829250
829248
829226
829218
829134
829080
829072
829053
829018
828989
828962
828953
828935
828927
828899
828893
828882
828876
828871
828839
828833
828829
828816
828812
828797
828783
828768
828752
828747
828658
828618
828616
828609
828605
828599
828562
828540
828537
828499
828494
828488
828402
828401
828341
828287
828274
828273
828262
828233
828204
828203
828175
828175
828148
828141
828140
828136
828127
828115
828106
828082
828062
828047
828043
828031
828027
828020
827986
827983
827964
827936
827892
827869
827846
827830
827801
827690
827683
827674
827650
827633
827632
827607
827476
827450
827405
827405
827384
827371
827355
827347
827344
827337
827302
827267
827242
827215
827179
827179
827169
827155
827139
827115
827040
827035
827031
827027
827022
827005
826953
826932
826908
826860
826858
826846
826823
826810
826801
826778
826757
826756
826649
826629
826615
826586
826583
826579
826576
826531
826518
826491
826479
826469
826467
826408
826380
826376
826335
826319
826313
826313
826295
826282
826275
826272
826269
826251
826237
826217
826215
826197
826188
826159
826119
826115
826111
826077
826060
826032
826012
826005
825992
825979
825973
825972
825938
825926
825867
825866
825846
825819
825804
825791
825771
825756
825737
825722
825718
825717
825680
825679
825662
825659
825652
825641
825638
825618
825605
825535
825525
825492
825491
825471
825462
825438
825403
825385
825367
825362
825348
825292
825291
825260
825257
825249
825249
825240
825183
825183
825150
825126
825114
825108
825107
825103
825082
825061
825037
824991
824968
824952
824924
824881
824878
824874
824849
824848
824841
824835
824811
824810
824805
824802
824782
824723
824713
824693
824657
824654
824613
824571
824553
824477
824465
824452
824448
824433
824428
824411
824403
824395
824339
824327
824311
824306
824271
824222
824170
824163
824157
824149
824072
824057
824050
824048
824044
824035
824028
824009
823981
823968
823947
823937
823866
823863
823818
823809
823809
823768
823763
823762
823750
823746
823735
823661
823653
823616
823612
823611
823595
823577
823563
823546
823511
823474
823432
823415
823347
823335
823320
823302
823291
823267
823260
823254
823245
823223
823178
823154
823147
823141
823126
823118
823084
823046
823037
823035
823023
823010
823009
823003
822992
822963
822885
822874
822869
822868
822851
822809
822803
822798
822787
822780
822768
822767
822712
822700
822698
822691
822687
822684
822665
822609
822593
822587
822576
822565
822558
822557
822554
822530
822506
822496
822463
822430
822426
822388
822387
822383
822373
822368
822348
822290
822278
822275
822273
822265
822210
822162
822152
822150
822099
822070
822064
822030
822001
821999
821981
821910
821907
821905
821857
821828
821795
821760
821721
821709
821682
821645
821640
821619
821619
821579
821572
821558
821555
821552
821540
821515
821510
821448
821444
821419
821404
821367
821367
821355
821339
821329
821305
821297
821294
821242
821228
821217
821212
821198
821194
821158
821125
821090
821075
821062
821057
821004
820994
820970
820955
820928
820915
820906
820883
820873
820862
820838
820803
820785
820769
820765
820718
820703
820686
820599
820590
820544
820535
820511
820479
820430
820428
820425
820387
820364
820357
820248
820229
820220
820203
820128
820080
820042
820037
820018
820011
819992
819980
819980
819978
819957
819945
819892
819820
819771
819769
819733
819731
819722
819708
819696
819683
819681
819614
819602
819576
819567
819521
819456
819403
819389
819346
819306
819275
819273
819266
819209
819200
819198
819168
819128
819121
819076
819020
818994
818978
818973
818962
818875
818871
818866
818856
818853
818830
818809
818807
818776
818770
818766
818710
818686
818646
818627
818620
818608
818588
818579
818542
818525
818516
818490
818486
818469
818460
818448
818434
818409
818401
818391
818391
818387
818379
818371
818362
818324
818320
818312
818307
818296
818293
818254
818235
818232
818217
818217
818192
818147
818129
818125
818113
818074
818027
818004
817977
817955
817882
817881
817876
817766
817763
817738
817709
817689
817688
817680
817646
817621
817606
817605
817593
817588
817574
817540
817450
817440
817423
817379
817370
817347
817314
817296
817257
817232
817203
817201
817173
817117
817105
817096
817065
817029
816967
816939
816938
816914
816886
816877
816869
816854
816837
816822
816806
816789
816646
816634
816597
816594
816588
816448
816438
816411
816353
816351
816307
816307
816273
816268
816249
816249
816238
816165
816162
816154
816134
816099
816054
816023
816002
815944
815938
815879
815858
815837
815830
815827
815814
815812
815792
815765
815764
815743
815735
815724
815703
815653
815652
815650
815633
815618
815602
815497
815477
815472
815461
815459
815450
815447
815421
815404
815394
815378
815369
815368
815360
815359
815356
815345
815329
815317
815291
815289
815262
815246
815240
815209
815197
815191
815171
815162
815091
815081
815075
815058
815024
815013
814979
814845
814840
814829
814772
814680
814659
814656
814638
814598
814593
814573
814550
814536
814520
814508
814508
814497
814466
814460
814401
814370
814350
814295
814291
814227
814220
814218
814194
814187
814177
814137
814133
814121
814120
814077
814014
813940
813893
813883
813882
813877
813851
813834
813796
813795
813762
813758
813754
813739
813721
813696
813682
813664
813637
813636
813567
813550
813531
813503
813503
813496
813481
813401
813394
813379
813372
813360
813355
813332
813324
813268
813249
813235
813194
813186
813155
813071
813059
813023
813023
812993
812926
812905
812873
812866
812844
812814
812812
812775
812756
812744
812737
812730
812708
812679
812613
812563
812539
812529
812511
812500
812480
812433
812392
812390
812355
812353
812351
812346
812330
812306
812302
812272
812224
812204
812189
812182
812170
812149
812116
812111
812051
812033
812001
811994
811988
811986
811949
811935
811920
811901
811899
811871
811859
811812
811810
811782
811756
811741
811730
811717
811681
811661
811639
811616
811590
811583
811565
811555
811528
811515
811502
811498
811496
811444
811406
811389
811318
811251
811215
811203
811197
811192
811187
811184
811169
811157
811129
811117
811095
811078
811053
811044
810997
810997
810975
810967
810951
810916
810907
810880
810848
810839
810804
810797
810772
810748
810693
810678
810651
810620
810597
810595
810581
810570
810550
810537
810494
810491
810432
810419
810403
810360
810315
810288
810288
810270
810270
810265
810234
810201
810188
810152
810142
810122
810099
810081
810068
810062
810025
810020
810008
810008
809995
809968
809952
809917
809888
809857
809843
809816
809805
809782
809756
809749
809698
809688
809664
809624
809580
809570
809563
809555
809542
809498
809459
809454
809437
809402
809402
809388
809341
809242
809202
809170
809160
809156
809154
809127
809092
809089
809082
809082
809077
809045
808967
808956
808947
808936
808904
808887
808886
808875
808866
808863
808830
808827
808815
808812
808755
808751
808746
808692
808682
808680
808671
808632
808617
808594
808586
808568
808515
808502
808430
808424
808417
808413
808408
808407
808392
808382
808379
808335
808332
808331
808282
808282
808241
808222
808216
808119
808097
808044
808033
808020
807908
807893
807865
807839
807827
807808
807800
807799
807764
807746
807728
807666
807647
807642
807616
807578
807566
807548
807522
807479
807477
807449
807425
807390
807380
807364
807303
807270
807208
807170
807149
807139
807128
807126
807100
807096
807065
807026
807018
806993
806980
806962
806956
806949
806918
806911
806885
806847
806846
806844
806788
806769
806764
806763
806754
806748
806738
806717
806701
806693
806682
806628
806627
806589
806531
806486
806434
806428
806416
806416
806391
806381
806366
806346
806346
806343
806304
806273
806265
806262
806259
806255
806219
806201
806199
806195
806190
806185
806161
806125
806117
806116
806085
806053
806031
805973
805965
805956
805938
805925
805916
805904
805863
805862
805845
805816
805785
805764
805753
805745
805734
805684
805666
805659
805656
805637
805635
805622
805614
805601
805580
805577
805571
805523
805486
805469
805447
805426
805417
805400
805383
805382
805374
805318
805255
805249
805236
805200
805131
805097
805041
805029
805010
805002
804992
804973
804967
804945
804940
804923
804915
804914
804891
804880
804830
804825
804791
804783
804765
804756
804742
804722
804709
804702
804687
804687
804681
804617
804601
804574
804569
804538
804530
804512
804476
804411
804409
804408
804401
804400
804386
804354
804337
804335
804327
804322
804319
804285
804241
804201
804166
804112
804095
804093
804091
804076
804073
804065
804044
803928
803908
803881
803878
803844
803823
803821
803819
803807
803786
803783
803741
803733
803720
803718
803655
803649
803584
803582
803549
803520
803479
803477
803449
803445
803431
803392
803390
803355
803323
803279
803268
803256
803240
803214
803211
803207
803204
803192
803187
803127
803118
803107
803090
803056
803038
803023
803019
803017
802974
802969
802950
802933
802932
802891
802873
802836
802820
802790
802701
802674
802647
802575
802553
802546
802533
802513
802489
802486
802482
802473
802395
802389
802381
802351
802350
802322
802311
802246
802214
802202
802197
802187
802183
802177
802146
802128
802123
802086
802085
802081
802067
802066
802024
802022
802021
801990
801951
801949
801948
801929
801901
801879
801876
801875
801847
801838
801790
801788
801786
801734
801710
801697
801651
801630
801615
801613
801603
801593
801591
801558
801548
801529
801526
801524
801520
801520
801513
801499
801468
801456
801437
801387
801339
801339
801257
801248
801220
801218
801205
801195
801187
801164
801148
801138
801112
801111
801082
801049
801037
801014
800990
800967
800926
800923
800911
800902
800902
800871
800842
800823
800815
800786
800781
800692
800679
800674
800664
800651
800635
800615
800613
800611
800576
800555
800543
800536
800520
800500
800491
800481
800459
800431
800428
800427
800422
800421
800403
800383
800383
800374
800354
800319
800302
800232
800192
800161
800153
800152
800152
800150
800147
800136
800081
800077
800030
799976
799957
799944
799936
799927
799903
799822
799722
799722
799667
799661
799659
799648
799646
799641
799639
799624
799623
799589
799585
799563
799553
799542
799540
799539
799537
799515
799481
799440
799425
799424
799420
799353
799352
799348
799334
799274
799245
799162
799142
799129
799088
799060
799058
799054
799016
799000
798982
798977
798965
798964
798944
798925
798912
798858
798788
798751
798735
798707
798707
798689
798662
798653
798648
798614
798612
798610
798591
798565
798552
798551
798528
798523
798508
798505
798504
798502
798440
798430
798419
798417
798417
798402
798397
798394
798367
798363
798350
798338
798332
798295
798294
798289
798278
798249
798212
798110
798086
798070
798037
798035
798028
798028
798026
797987
797963
797949
797947
797923
797919
797914
797867
797857
797841
797821
797775
797747
797736
797700
797694
797680
797612
797612
797595
797584
797575
797551
797499
797484
797478
797449
797419
797415
797353
797331
797327
797273
797256
797225
797215
797203
797193
797150
797095
797094
797079
797062
797056
797045
797040
797035
797019
796989
796986
796981
796980
796902
796875
796868
796830
796827
796788
796779
796771
796768
796762
796723
796718
796685
796642
796640
796615
796593
796579
796576
796568
796560
796495
796484
796478
796451
796442
796433
796423
796420
796407
796379
796370
796357
796341
796315
796312
796285
796249
796234
796228
796226
796187
796173
796145
796135
796116
796103
796073
796054
796053
796050
796040
796023
796003
795944
795938
795919
795913
795899
795885
795851
795830
795815
795802
795778
795772
795767
795763
795706
795693
795665
795654
795615
795599
795593
795587
795569
795543
795541
795538
795511
795511
795509
795501
795497
795463
795457
795427
795421
795413
795381
795377
795367
795345
795342
795337
795335
795308
795285
795273
795269
795228
795212
795173
795140
795131
795099
795075
795070
795041
795038
794992
794991
794968
794967
794967
794956
794948
794936
794908
794879
794866
794859
794859
794851
794844
794786
794767
794755
794678
794672
794651
794649
794629
794573
794559
794542
794517
794485
794484
794471
794457
794362
794333
794321
794315
794301
794299
794291
794288
794284
794274
794210
794190
794156
794131
794129
794107
794103
793968
793966
793943
793937
793912
793910
793904
793828
793821
793778
793758
793709
793700
793691
793673
793558
793554
793523
793519
793441
793366
793331
793324
793297
793291
793285
793269
793258
793241
793238
793237
793215
793207
793186
793136
793110
793095
793079
793059
793053
793036
793011
793010
793005
792989
792935
792905
792871
792865
792856
792836
792832
792824
792796
792783
792768
792763
792735
792731
792702
792702
792685
792681
792667
792665
792650
792649
792645
792626
792601
792587
792552
792541
792515
792487
792464
792462
792407
792402
792399
792379
792377
792356
792344
792314
792309
792281
792277
792244
792237
792225
792205
792185
792184
792170
792166
792163
792159
792158
792135
792131
792121
792109
792049
792038
792028
792015
792010
792008
791977
791966
791911
791905
791904
791888
791869
791853
791768
791746
791724
791720
791719
791672
791615
791600
791594
791586
791586
791538
791533
791511
791497
791491
791459
791430
791420
791405
791400
791269
791246
791234
791230
791222
791217
791162
791138
791134
791119
791102
791075
791051
791043
791027
790994
790950
790948
790948
790940
790917
790888
790887
790871
790845
790837
790831
790770
790740
790695
790693
790664
790648
790639
790631
790615
790600
790587
790574
790567
790527
790522
790514
790514
790511
790413
790411
790377
790361
790349
790342
790330
790313
790305
790301
790289
790278
790254
790203
790203
790196
790196
790162
790151
790126
790100
790062
790045
790043
790013
790003
789999
789952
789948
789939
789915
789913
789885
789876
789848
789779
789765
789763
789732
789727
789692
789640
789623
789582
789540
789485
789431
789374
789345
789324
789310
789305
789299
789285
789283
789269
789258
789248
789246
789233
789214
789213
789171
789123
789103
789101
789070
789032
789027
789014
788989
788965
788953
788946
788919
788883
788863
788850
788804
788796
788793
788792
788784
788776
788775
788755
788738
788734
788675
788670
788588
788555
788547
788512
788483
788463
788456
788450
788418
788320
788318
788318
788296
788292
788275
788254
788252
788217
788207
788167
788167
788148
788143
788133
788114
788090
788048
788016
787992
787975
787959
787932
787910
787901
787886
787882
787880
787847
787815
787770
787723
787711
787698
787690
787609
787607
787605
787596
787581
787581
787548
787538
787518
787508
787394
787382
787380
787374
787232
787197
787160
787158
787151
787117
787101
787098
787079
787067
787052
787044
787030
786971
786932
786921
786919
786910
786896
786878
786866
786836
786789
786761
786752
786735
786711
786705
786649
786638
786558
786553
786551
786524
786513
786493
786444
786434
786421
786393
786387
786384
786368
786358
786330
786282
786275
786250
786247
786243
786220
786215
786213
786200
786190
786174
786170
786157
786131
786078
786073
786056
786034
786031
786020
786009
785995
785982
785972
785913
785841
785760
785749
785735
785693
785679
785678
785646
785641
785633
785544
785532
785526
785513
785512
785492
785479
785451
785414
785399
785389
785370
785354
785317
785314
785264
785238
785227
785159
785158
785137
785133
785107
785103
785097
785064
785049
785036
785032
785018
785014
785005
784992
784985
784965
784952
784940
784904
784902
784860
784839
784811
784810
784802
784713
784695
784652
784644
784613
784592
784565
784564
784555
784554
784533
784519
784493
784489
784486
784467
784461
784453
784442
784382
784368
784351
784310
784296
784254
784126
784126
784103
784088
784082
784076
784065
784061
784061
784036
784030
783992
783932
783928
783912
783867
783842
783842
783827
783785
783763
783756
783753
783746
783742
783739
783715
783671
783652
783639
783633
783611
783597
783588
783579
783546
783545
783544
783520
783495
783495
783492
783431
783416
783415
783396
783375
783373
783355
783334
783322
783313
783262
783254
783221
783175
783168
783132
783128
783109
783092
783009
783009
783002
783001
783001
783000
782988
782987
782982
782903
782901
782858
782849
782824
782784
782768
782755
782703
782683
782650
782649
782645
782639
782638
782611
782608
782599
782590
782577
782556
782544
782511
782506
782468
782454
782447
782426
782425
782420
782311
782309
782297
782266
782242
782240
782209
782205
782191
782155
782145
782139
782136
782105
782087
782080
782060
782049
782027
782018
782012
782000
781981
781978
781961
781925
781899
781891
781888
781872
781851
781833
781825
781821
781813
781779
781774
781768
781746
781743
781733
781726
781718
781682
781670
781667
781657
781635
781590
781577
781551
781545
781541
781527
781492
781449
781439
781426
781423
781409
781371
781359
781328
781322
781313
781287
781285
781236
781227
781187
781178
781143
781129
781106
781100
781073
781069
781069
781049
781027
781026
780987
780973
780969
780932
780925
780924
780921
780916
780907
780894
780891
780867
780838
780830
780796
780723
780679
780667
780654
780651
780641
780626
780549
780536
780529
780528
780526
780514
780471
780470
780450
780411
780405
780397
780388
780375
780359
780357
780350
780348
780338
780318
780290
780277
780248
780247
780234
780224
780201
780199
780192
780191
780187
780173
780124
780124
780090
780087
780019
779972
779924
779904
779878
779855
779849
779841
779840
779802
779799
779765
779754
779737
779708
779606
779531
779512
779512
779509
779496
779486
779483
779418
779414
779404
779390
779370
779364
779354
779328
779325
779303
779297
779287
779281
779275
779216
779212
779185
779160
779156
779135
779127
779118
779110
779101
779081
779037
779016
778988
778967
778964
778915
778908
778902
778848
778840
778836
778822
778817
778813
778809
778782
778750
778745
778726
778699
778693
778680
778664
778623
778599
778597
778560
778551
778549
778524
778511
778510
778508
778475
778456
778439
778425
778381
778353
778347
778341
778324
778322
778321
778317
778287
778259
778240
778213
778210
778203
778201
778191
778129
778089
778089
778085
778082
778078
778048
777991
777990
777938
777919
777904
777903
777889
777885
777862
777793
777782
777772
777750
777701
777699
777698
777689
777673
777636
777616
777612
777605
777603
777556
777554
777536
777522
777496
777467
777421
777415
777390
777385
777372
777364
777340
777314
777302
777211
777183
777168
777166
777149
777124
777123
777095
777085
777052
777036
777008
777005
776956
776897
776844
776831
776751
776749
776722
776693
776643
776623
776620
776599
776558
776547
776533
776513
776500
776481
776480
776433
776431
776420
776403
776380
776318
776315
776311
776294
776269
776248
776162
776153
776135
776119
776114
776097
776083
776071
776045
776040
776039
776017
775999
775995
775989
775961
775864
775851
775846
775840
775829
775811
775797
775790
775786
775759
775743
775732
775714
775712
775701
775675
775659
775653
775613
775591
775569
775548
775533
775531
775507
775467
775404
775357
775342
775328
775283
775266
775260
775252
775250
775238
775237
775233
775227
775207
775199
775161
775150
775136
775132
775114
775104
775043
775032
775030
775028
775013
774951
774918
774914
774869
774838
774830
774820
774817
774750
774699
774682
774655
774611
774592
774544
774538
774523
774497
774493
774486
774483
774475
774450
774441
774428
774411
774409
774403
774379
774364
774356
774331
774330
774318
774317
774280
774267
774227
774185
774173
774172
774154
774102
774047
774039
773990
773983
773970
773967
773946
773898
773893
773871
773862
773827
773757
773749
773735
773725
773721
773678
773644
773630
773615
773610
773562
773553
773542
773486
773452
773438
773429
773401
773401
773391
773353
773331
773314
773293
773281
773232
773207
773109
773091
773051
773034
773014
773013
773009
772994
772972
772972
772929
772910
772898
772888
772876
772852
772811
772781
772771
772679
772673
772670
772643
772639
772609
772564
772545
772519
772476
772468
772458
772354
772280
772257
772249
772230
772228
772204
772192
772169
772161
772101
772065
772063
772054
772050
772031
772024
771978
771971
771947
771921
771886
771862
771846
771840
771838
771811
771799
771776
771773
771767
771744
771740
771735
771719
771644
771628
771624
771613
771585
771556
771556
771529
771524
771519
771493
771492
771415
771400
771379
771346
771320
771306
771305
771292
771285
771284
771262
771257
771218
771215
771196
771187
771184
771139
771135
771127
771090
771075
771057
771037
771004
771003
770981
770973
770963
770899
770883
770875
770863
770842
770828
770813
770725
770698
770670
770662
770656
770618
770561
770485
770450
770434
770414
770366
770355
770333
770294
770278
770265
770251
770237
770232
770223
770214
770196
770168
770159
770133
770124
770118
770116
770092
770060
770050
770001
769985
769965
769956
769913
769904
769894
769833
769815
769795
769788
769739
769738
769720
769702
769684
769672
769662
769607
769581
769569
769562
769521
769490
769450
769412
769407
769380
769376
769353
769331
769302
769277
769270
769266
769174
769162
769144
769142
769136
769135
769101
769094
769087
769070
769069
769059
769059
769038
768983
768895
768885
768885
768872
768856
768830
768824
768822
768791
768788
768758
768730
768717
768697
768689
768665
768641
768638
768614
768591
768572
768563
768544
768536
768536
768517
768515
768502
768492
768489
768469
768462
768452
768447
768430
768410
768389
768383
768375
768365
768361
768355
768353
768341
768336
768321
768303
768293
768283
768183
768172
768097
768073
768070
768066
768038
768032
768007
767985
767964
767931
767896
767890
767887
767867
767820
767806
767796
767763
767761
767672
767646
767644
767620
767589
767569
767563
767548
767544
767510
767483
767482
767475
767410
767393
767384
767373
767316
767295
767276
767212
767204
767197
767196
767170
767164
767146
767137
767124
767123
767122
767118
767111
767101
767089
767076
767070
767062
767061
767043
767020
767012
766993
766921
766918
766916
766908
766904
766902
766890
766885
766831
766818
766814
766798
766655
766629
766616
766608
766529
766513
766478
766461
766457
766432
766424
766409
766369
766294
766284
766273
766269
766261
766259
766256
766228
766174
766166
766146
766125
766117
766109
766108
766096
766055
766014
765999
765992
765976
765960
765931
765916
765898
765867
765866
765838
765665
765659
765640
765600
765598
765562
765540
765535
765534
765512
765498
765493
765491
765433
765405
765371
765361
765349
765327
765303
765301
765257
765242
765238
765170
765170
765115
765086
765082
765075
765015
764993
764968
764903
764898
764880
764879
764842
764826
764805
764803
764793
764787
764742
764736
764730
764722
764715
764702
764662
764659
764642
764608
764604
764602
764593
764578
764519
764478
764477
764469
764457
764425
764382
764381
764380
764312
764296
764260
764246
764233
764192
764187
764169
764157
764115
764113
764087
764074
764071
764034
764027
764002
763938
763932
763921
763918
763910
763903
763881
763879
763873
763871
763837
763822
763821
763821
763723
763716
763707
763680
763668
763658
763653
763650
763609
763607
763603
763576
763553
763514
763498
763482
763425
763375
763374
763368
763354
763354
763353
763310
763287
763246
763246
763243
763227
763197
763152
763091
763075
763074
763062
763023
763021
763016
763001
762972
762954
762951
762917
762897
762881
762874
762859
762835
762808
762794
762776
762718
762706
762687
762686
762683
762683
762614
762590
762577
762536
762506
762504
762503
762489
762458
762447
762409
762405
762394
762385
762384
762374
762356
762355
762335
762326
762313
762278
762277
762276
762262
762256
762239
762227
762218
762190
762184
762175
762172
762154
762102
762101
762061
762054
762049
762033
761995
761991
761987
761974
761974
761933
761928
761893
761882
761877
761871
761847
761839
761827
761824
761807
761770
761701
761688
761666
761640
761598
761575
761492
761470
761445
761437
761428
761426
761397
761368
761365
761346
761340
761311
761307
761277
761254
761217
761179
761153
761151
761074
761072
761047
761013
761005
761001
760992
760944
760886
760868
760833
760805
760778
760770
760700
760681
760674
760624
760600
760558
760540
760521
760509
760487
760485
760483
760443
760416
760407
760392
760388
760373
760324
760260
760252
760237
760222
760211
760151
760143
760142
760122
760114
760113
760096
760068
760057
759996
759977
759970
759956
759944
759943
759941
759919
759912
759899
759831
759815
759759
759664
759658
759640
759594
759591
759567
759538
759528
759457
759441
759432
759404
759399
759391
759381
759363
759352
759341
759340
759334
759293
759271
759252
759215
759177
759174
759171
759123
759100
759066
759060
759048
759046
759035
759031
758997
758988
758956
758920
758916
758906
758860
758790
758770
758713
758695
758694
758649
758641
758622
758618
758564
758554
758552
758493
758486
758477
758466
758451
758445
758440
758437
758404
758402
758398
758383
758383
758343
758329
758324
758324
758311
758304
758302
758273
758226
758213
758202
758189
758180
758156
758153
758151
758132
758118
758083
758060
758045
758018
757983
757951
757944
757935
757932
757804
757740
757732
757729
757716
757677
757672
757664
757639
757628
757591
757589
757582
757571
757563
757541
757497
757486
757457
757433
757417
757377
757321
757312
757311
757310
757244
757241
757230
757200
757190
757170
757154
757146
757130
757123
757121
757109
757091
757076
757029
757024
756980
756934
756891
756883
756876
756865
756859
756837
756833
756832
756793
756746
756743
756726
756694
756687
756596
756562
756524
756516
756415
756383
756376
756368
756361
756323
756319
756309
756270
756236
756233
756204
756198
756145
756143
756142
756104
756091
756069
756014
756003
756001
755955
755946
755941
755939
755920
755901
755871
755822
755814
755791
755771
755754
755752
755690
755687
755662
755639
755631
755627
755584
755557
755529
755468
755430
755401
755379
755366
755343
755337
755332
755313
755302
755259
755252
755234
755212
755187
755179
755175
755174
755168
755160
755130
755076
755071
755057
755017
755008
754999
754995
754989
754978
754948
754944
754929
754892
754883
754851
754850
754837
754807
754764
754736
754711
754657
754653
754642
754616
754603
754560
754500
754428
754358
754301
754274
754260
754254
754240
754235
754227
754203
754149
754100
754063
754049
753981
753954
753925
753905
753893
753880
753878
753851
753845
753842
753838
753819
753796
753785
753748
753732
753731
753726
753725
753711
753707
753685
753679
753629
753612
753612
753595
753573
753565
753553
753545
753532
753522
753518
753517
753501
753493
753465
753427
753403
753353
753350
753334
753334
753333
753275
753262
753188
753184
753165
753146
753088
753080
753034
752988
752982
752935
752906
752853
752822
752806
752805
752794
752765
752718
752671
752669
752653
752635
752632
752616
752597
752596
752579
752573
752572
752559
752550
752546
752538
752536
752531
752528
752445
752410
752407
752397
752366
752352
752346
752312
752303
752294
752264
752236
752218
752217
752180
752178
752156
752135
752130
752110
752015
751998
751953
751925
751913
751894
751888
751886
751862
751846
751839
751785
751781
751776
751774
751773
751763
751743
751740
751733
751723
751659
751648
751644
751618
751615
751609
751565
751539
751513
751466
751458
751404
751393
751390
751383
751332
751298
751283
751277
751237
751230
751211
751197
751185
751184
751167
751159
751143
751143
751132
751124
751068
751024
751003
750973
750941
750936
750910
750887
750848
750785
750771
750766
750761
750738
750734
750730
750715
750705
750686
750620
750616
750605
750603
750566
750514
750443
750435
750428
750358
750298
750297
750296
750295
750261
750255
750254
750228
750205
750201
750167
750160
750155
750140
750121
750105
750098
750062
749977
749965
749925
749906
749902
749868
749867
749828
749818
749817
749803
749768
749694
749690
749676
749667
749628
749608
749573
749571
749564
749540
749486
749432
749430
749427
749359
749327
749327
749304
749267
749235
749234
749229
749224
749213
749201
749197
749170
749166
749166
749152
749113
749108
749094
749090
749077
749074
749067
749058
749056
749016
748987
748983
748946
748903
748893
748889
748859
748843
748808
748807
748801
748797
748774
748750
748734
748722
748722
748717
748716
748714
748639
748633
748626
748518
748496
748480
748476
748474
748404
748398
748302
748295
748294
748288
748288
748284
748277
748276
748274
748267
748252
748249
748245
748240
748226
748205
748176
748144
748143
748129
748124
748117
748116
748055
748049
748022
747945
747926
747913
747905
747867
747856
747821
747798
747791
747772
747745
747722
747689
747687
747668
747659
747646
747636
747621
747609
747606
747585
747557
747505
747502
747494
747494
747430
747426
747370
747351
747335
747302
747268
747262
747222
747209
747206
747192
747155
747116
747041
747039
747035
746985
746975
746875
746870
746863
746838
746731
746719
746706
746705
746699
746692
746690
746688
746688
746686
746676
746665
746662
746647
746643
746641
746632
746624
746611
746556
746548
746541
746539
746539
746484
746472
746468
746464
746431
746428
746425
746423
746413
746411
746366
746290
746277
746263
746262
746248
746216
746176
746101
746097
746080
746076
746070
746065
746057
746028
745995
745987
745978
745943
745924
745879
745847
745808
745803
745793
745770
745768
745738
745732
745720
745719
745716
745662
745626
745620
745608
745499
745485
745479
745460
745427
745426
745425
745425
745424
745379
745353
745293
745287
745284
745282
745271
745265
745262
745244
745215
745199
745195
745167
745155
745148
745139
745116
745094
745076
745075
745042
745027
745016
744981
744974
744963
744931
744878
744870
744841
744829
744725
744652
744644
744643
744640
744634
744629
744622
744613
744531
744527
744525
744516
744504
744496
744484
744476
744456
744455
744415
744407
744376
744350
744310
744231
744225
744214
744194
744152
744119
744118
744118
744114
744101
744098
744079
743987
743974
743950
743848
743802
743772
743749
743716
743707
743706
743616
743598
743591
743577
743575
743532
743480
743474
743424
743399
743354
743326
743325
743286
743263
743240
743229
743213
743210
743196
743174
743153
743140
743134
743109
743058
743046
742994
742994
742960
742951
742947
742922
742916
742886
742867
742867
742862
742837
742773
742729
742694
742675
742653
742578
742564
742545
742535
742523
742497
742475
742429
742412
742405
742387
742365
742314
742291
742285
742280
742273
742251
742242
742221
742179
742170
742137
742123
742114
742114
742098
742081
742060
742013
741993
741970
741957
741891
741858
741792
741693
741681
741626
741616
741598
741592
741552
741547
741536
741530
741485
741414
741409
741407
741384
741382
741382
741378
741370
741355
741355
741346
741325
741241
741221
741170
741130
741113
741108
741053
741021
741010
741001
740962
740958
740958
740918
740885
740854
740825
740816
740792
740785
740717
740716
740687
740686
740684
740677
740652
740640
740623
740623
740620
740619
740616
740607
740593
740587
740556
740540
740525
740521
740519
740515
740488
740470
740454
740451
740416
740407
740396
740393
740370
740349
740287
740278
740251
740217
740205
740185
740163
740154
740132
740132
740085
740053
740045
740033
740027
740006
739983
739932
739911
739864
739824
739814
739813
739779
739773
739768
739747
739741
739682
739671
739622
739616
739596
739582
739575
739570
739559
739495
739460
739457
739456
739408
739387
739369
739323
739312
739301
739268
739262
739237
739235
739228
739221
739206
739187
739184
739161
739148
739144
739087
739048
739044
739041
739027
739021
738930
738918
738832
738782
738758
738755
738731
738723
738720
738696
738676
738672
738661
738658
738596
738553
738549
738522
738512
738509
738499
738494
738477
738470
738458
738424
738420
738418
738386
738365
738362
738359
738347
738332
738299
738298
738282
738281
738262
738255
738226
738218
738216
738201
738179
738147
738142
738092
738065
738053
738041
738012
738006
737989
737963
737955
737943
737894
737866
737850
737837
737837
737822
737820
737815
737800
737785
737779
737770
737767
737752
737751
737748
737699
737696
737692
737668
737621
737525
737512
737509
737486
737456
737423
737410
737355
737353
737333
737319
737307
737280
737272
737214
737197
737174
737167
737137
737121
737102
737068
737059
737047
737004
736983
736936
736917
736907
736859
736853
736851
736836
736829
736817
736806
736796
736790
736779
736764
736742
736694
736688
736687
736685
736647
736568
736545
736534
736528
736508
736503
736496
736493
736487
736472
736468
736431
736404
736404
736401
736395
736375
736364
736312
736306
736303
736286
736282
736269
736228
736226
736209
736187
736183
736178
736171
736168
736153
736135
736134
736133
736066
736063
736035
736022
735989
735971
735966
735943
735896
735871
735851
735841
735838
735814
735805
735763
735673
735660
735624
735577
735532
735529
735521
735508
735502
735477
735475
735472
735449
735440
735429
735398
735397
735383
735377
735365
735324
735310
735277
735217
735211
735194
735193
735121
735073
735060
735037
735021
735003
734995
734964
734932
734931
734900
734885
734863
734862
734856
734833
734831
734797
734787
734780
734736
734713
734708
734700
734692
734683
734635
734630
734626
734616
734599
734583
734583
734558
734549
734549
734537
734515
734474
734474
734457
734436
734432
734394
734349
734246
734228
734164
734131
734048
734041
734040
733951
733931
733873
733843
733825
733787
733779
733767
733749
733742
733735
733703
733663
733660
733622
733614
733608
733570
733561
733549
733541
733538
733533
733525
733492
733488
733484
733439
733436
733418
733410
733399
733379
733368
733325
733304
733285
733247
733244
733185
733179
733156
733155
733087
733086
733063
733051
732911
732878
732809
732785
732785
732778
732749
732726
732675
732626
732625
732609
732524
732518
732514
732512
732475
732469
732365
732351
732304
732280
732229
732227
732176
732170
732162
732159
732135
732127
732119
732102
732094
732078
732069
732065
732047
732031
732027
732026
731959
731925
731878
731851
731833
731823
731814
731807
731799
731789
731781
731763
731759
731752
731732
731719
731716
731709
731703
731626
731617
731578
731535
731483
731481
731455
731415
731405
731392
731381
731373
731367
731318
731309
731294
731246
731243
731219
731195
731181
731148
731138
731129
731091
731052
731048
731042
731030
731019
730928
730902
730870
730860
730853
730842
730822
730814
730807
730787
730762
730752
730735
730707
730694
730625
730617
730605
730597
730590
730564
730554
730553
730502
730484
730483
730450
730397
730333
730303
730299
730298
730284
730267
730242
730228
730225
730193
730162
730142
730109
730096
730093
730056
730042
730029
730023
729997
729988
729979
729967
729955
729918
729905
729888
729851
729821
729717
729695
729686
729667
729662
729590
729583
729573
729572
729483
729445
729430
729402
729401
729401
729386
729385
729374
729370
729359
729358
729358
729348
729327
729273
729214
729201
729184
729112
729066
729030
729005
729003
728993
728985
728967
728944
728933
728930
728906
728900
728875
728862
728831
728813
728809
728749
728730
728724
728698
728694
728686
728652
728620
728563
728496
728478
728421
728417
728408
728397
728384
728352
728347
728340
728326
728317
728311
728309
728284
728266
728245
728241
728225
728221
728215
728213
728211
728203
728179
728153
728142
728139
728131
728112
728083
728074
728060
728035
728029
728022
728012
728008
727969
727962
727951
727947
727938
727929
727919
727916
727915
727904
727886
727852
727843
727822
727800
727793
727767
727741
727725
727720
727720
727619
727616
727604
727582
727575
727565
727561
727555
727542
727530
727516
727510
727486
727427
727394
727393
727369
727306
727268
727266
727220
727149
727121
727097
727081
727072
727069
727055
726974
726967
726932
726866
726855
726833
726824
726816
726776
726760
726731
726730
726677
726655
726624
726619
726605
726587
726582
726579
726555
726549
726538
726534
726519
726506
726469
726452
726428
726382
726370
726363
726360
726353
726330
726293
726256
726238
726235
726214
726205
726185
726124
726096
726081
726059
726053
726044
726030
725990
725953
725941
725934
725931
725916
725897
725869
725863
725852
725792
725789
725755
725735
725735
725716
725707
725704
725694
725691
725649
725640
725618
725587
725586
725556
725553
725483
725482
725476
725418
725409
725367
725366
725362
725323
725314
725297
725181
725170
725169
725158
725122
725110
725098
725063
724988
724977
724947
724932
724907
724881
724839
724800
724785
724745
724685
724675
724654
724623
724608
724599
724572
724559
724546
724527
724502
724483
724469
724459
724439
724437
724396
724390
724374
724358
724345
724340
724331
724316
724311
724273
724264
724192
724185
724174
724171
724141
724122
724094
724090
724076
724060
724041
723986
723980
723977
723963
723937
723931
723916
723896
723881
723801
723781
723768
723766
723742
723714
723694
723673
723647
723644
723628
723593
723584
723581
723576
723534
723523
723521
723515
723492
723474
723440
723437
723436
723424
723382
723373
723371
723369
723367
723366
723355
723346
723335
723328
723308
723306
723304
723288
723280
723244
723172
723125
723118
723099
723097
723082
723027
723027
723025
723022
723014
723013
723010
723006
722995
722974
722935
722898
722846
722823
722802
722772
722739
722707
722670
722615
722603
722602
722598
722569
722535
722523
722492
722455
722441
722437
722421
722417
722382
722381
722344
722333
722329
722308
722300
722262
722260
722252
722236
722230
722229
722220
722211
722163
722107
722101
722068
721994
721958
721950
721937
721917
721908
721897
721882
721877
721865
721859
721806
721800
721797
721794
721754
721726
721707
721697
721670
721656
721629
721622
721569
721565
721518
721505
721463
721440
721436
721430
721365
721358
721347
721341
721335
721318
721312
721299
721218
721183
721127
721124
721103
721083
721062
721047
721026
721021
720916
720914
720902
720801
720687
720648
720611
720608
720594
720532
720511
720492
720464
720451
720435
720421
720406
720392
720353
720347
720335
720322
720284
720272
720211
720156
720126
720095
720079
720040
720024
720010
720004
719998
719941
719918
719911
719904
719901
719887
719870
719864
719849
719826
719822
719820
719818
719816
719763
719717
719700
719687
719674
719633
719627
719604
719603
719557
719457
719456
719450
719448
719443
719426
719404
719400
719387
719373
719287
719272
719268
719221
719174
719141
719138
719098
719062
719062
719038
719036
719028
719017
719015
718946
718887
718886
718860
718810
718808
718774
718759
718751
718749
718743
718732
718728
718725
718713
718653
718624
718611
718605
718587
718512
718488
718466
718464
718447
718442
718431
718424
718401
718393
718374
718363
718319
718302
718260
718178
718129
718126
718101
718098
718092
718060
718060
718024
717990
717969
717953
717938
717935
717897
717892
717887
717879
717863
717833
717807
717792
717788
717788
717784
717768
717711
717692
717668
717655
717643
717642
717602
717591
717545
717435
717407
717397
717381
717374
717368
717347
717329
717328
717319
717312
717303
717296
717272
717255
717251
717215
717207
717197
717196
717169
717143
717132
717109
717108
717097
717071
717010
717004
716973
716928
716919
716912
716896
716882
716849
716841
716834
716822
716819
716813
716768
716768
716742
716719
716709
716703
716689
716688
716687
716674
716665
716656
716646
716612
716607
716567
716563
716557
716522
716492
716491
716445
716429
716420
716388
716384
716378
716363
716299
716283
716269
716213
716206
716193
716188
716161
716159
716151
716148
716144
716127
716108
716065
716062
716045
716041
715993
715974
715963
715951
715902
715901
715900
715899
715844
715820
715815
715814
715777
715773
715772
715761
715706
715693
715685
715670
715668
715666
715665
715648
715639
715626
715580
715515
715477
715452
715431
715424
715406
715406
715350
715343
715305
715280
715276
715273
715208
715144
715077
715071
715043
715005
714967
714948
714885
714845
714806
714794
714783
714763
714719
714674
714645
714589
714577
714569
714560
714501
714493
714470
714427
714427
714420
714392
714374
714362
714347
714315
714275
714271
714261
714221
714217
714191
714145
714105
714087
714086
714083
714038
714035
714032
713982
713962
713923
713906
713898
713897
713889
713882
713875
713873
713864
713849
713844
713825
713796
713780
713757
713736
713714
713698
713681
713680
713673
713650
713645
713619
713592
713551
713518
713502
713494
713493
713469
713465
713376
713325
713238
713238
713238
713236
713211
713201
713198
713178
713145
713136
713119
713118
713037
713030
712978
712959
712953
712946
712924
712911
712881
712880
712844
712836
712822
712757
712737
712680
712653
712647
712615
712558
712550
712530
712446
712443
712432
712430
712414
712338
712329
712264
712234
712232
712211
712199
712164
712142
712121
712094
712063
712053
712052
712012
712001
711996
711985
711979
711967
711959
711953
711940
711897
711895
711884
711865
711858
711841
711832
711800
711788
711778
711727
711720
711714
711710
711699
711677
711664
711660
711615
711568
711510
711450
711450
711449
711388
711372
711368
711337
711291
711286
711246
711245
711224
711199
711199
711174
711160
711150
711140
711131
711116
711097
711096
711065
711059
711050
711043
711027
710992
710989
710981
710976
710965
710930
710904
710897
710895
710882
710864
710841
710826
710813
710811
710800
710798
710741
710736
710722
710713
710706
710672
710653
710653
710639
710559
710530
710516
710509
710472
710436
710394
710378
710345
710321
710273
710269
710256
710247
710228
710214
710199
710161
710159
710133
710110
710104
710088
710078
710067
710062
710061
710052
710044
710003
710002
709955
709883
709859
709850
709814
709803
709793
709786
709779
709728
709682
709667
709660
709647
709634
709633
709579
709577
709533
709523
709474
709457
709451
709446
709446
709435
709434
709424
709416
709412
709411
709388
709387
709291
709258
709224
709198
709145
709121
709113
709098
709057
709050
709039
709037
708998
708987
708945
708943
708929
708900
708900
708892
708864
708858
708845
708825
708794
708769
708759
708753
708734
708721
708670
708663
708649
708646
708640
708628
708597
708594
708571
708539
708520
708396
708357
708344
708342
708322
708290
708275
708266
708264
708208
708194
708183
708167
708143
708140
708113
708087
708057
708055
708042
708011
707966
707955
707939
707925
707891
707881
707879
707878
707814
707810
707802
707784
707763
707762
707751
707729
707729
707706
707675
707668
707625
707622
707618
707609
707513
707496
707496
707465
707460
707444
707422
707422
707400
707365
707358
707342
707334
707319
707308
707301
707261
707218
707145
707118
707088
707072
707049
707047
707020
707013
707008
706996
706974
706952
706946
706910
706881
706873
706863
706859
706834
706827
706817
706812
706759
706755
706714
706694
706676
706643
706591
706534
706526
706525
706511
706463
706394
706391
706360
706332
706308
706292
706276
706275
706237
706234
706225
706206
706197
706174
706157
706152
706131
706118
706103
706099
706069
706028
706020
706017
705977
705949
705942
705920
705913
705892
705889
705878
705875
705871
705851
705846
705837
705836
705821
705819
705805
705795
705764
705714
705644
705613
705592
705584
705560
705555
705538
705535
705522
705502
705488
705484
705460
705454
705438
705424
705419
705411
705361
705339
705335
705330
705327
705327
705323
705298
705298
705295
705286
705270
705262
705256
705228
705212
705211
705201
705194
705185
705156
705116
705113
705112
705070
705060
705050
705046
705042
704998
704962
704935
704900
704898
704889
704884
704814
704686
704680
704675
704658
704650
704643
704638
704596
704582
704522
704507
704497
704448
704447
704408
704400
704382
704377
704352
704343
704302
704272
704131
704095
704072
704069
704050
703998
703991
703991
703990
703985
703947
703930
703924
703896
703894
703878
703872
703869
703856
703848
703844
703843
703829
703762
703759
703718
703718
703693
703689
703679
703677
703656
703635
703612
703602
703560
703554
703475
703469
703436
703415
703410
703406
703363
703336
703322
703275
703253
703233
703218
703177
703168
703150
703144
703136
703121
703079
703006
702991
702939
702925
702907
702905
702875
702862
702846
702817
702800
702794
702786
702738
702709
702689
702680
702674
702643
702598
702553
702542
702524
702490
702486
702485
702444
702329
702318
702306
702297
702295
702285
702249
702243
702234
702218
702206
702178
702163
702163
702144
702138
702113
702103
702079
702079
702059
702019
702008
701966
701958
701946
701881
701881
701865
701820
701812
701811
701781
701764
701719
701710
701691
701659
701626
701617
701617
701593
701565
701563
701556
701525
701510
701476
701445
701437
701434
701417
701412
701412
701391
701369
701358
701339
701326
701316
701316
701314
701287
701269
701266
701262
701261
701235
701149
701109
701106
701103
701039
701038
701037
700994
700977
700918
700891
700887
700884
700841
700800
700797
700794
700786
700784
700771
700711
700699
700669
700644
700597
700567
700563
700552
700445
700344
700316
700303
700283
700231
700179
700141
700136
700126
700094
700092
700074
700063
700050
700049
700048
700035
700033
700006
699985
699984
699965
699923
699922
699875
699815
699811
699805
699775
699751
699682
699682
699673
699631
699615
699598
699562
699548
699513
699506
699496
699472
699469
699455
699450
699436
699423
699380
699343
699301
699283
699241
699239
699210
699194
699192
699190
699184
699167
699137
699104
699081
699074
699056
699055
699044
699030
699028
698999
698970
698947
698864
698863
698848
698819
698817
698813
698795
698795
698793
698793
698788
698783
698751
698743
698678
698673
698670
698636
698544
698525
698492
698490
698473
698467
698454
698431
698422
698422
698392
698385
698378
698376
698375
698369
698366
698354
698317
698280
698261
698243
698186
698151
698139
698132
698127
698119
698105
698045
698035
698031
698008
697982
697909
697883
697854
697814
697778
697765
697764
697743
697715
697697
697670
697667
697665
697644
697638
697626
697622
697621
697620
697609
697588
697588
697557
697553
697536
697527
697515
697514
697469
697463
697454
697433
697366
697335
697309
697300
697291
697288
697271
697258
697231
697221
697203
697203
697196
697195
697167
697149
697089
697070
697009
696984
696970
696964
696960
696950
696886
696875
696853
696848
696803
696766
696760
696746
696737
696702
696694
696673
696636
696579
696558
696547
696474
696473
696469
696454
696434
696419
696403
696373
696355
696348
696302
696288
696262
696180
696161
696155
696140
696136
696130
696128
696113
696113
696069
696040
696037
695999
695968
695956
695930
695867
695862
695805
695796
695774
695771
695760
695753
695746
695746
695738
695738
695738
695712
695695
695689
695650
695625
695598
695567
695519
695501
695458
695448
695439
695435
695349
695320
695310
695290
695214
695184
695178
695175
695147
695141
695129
695122
695013
695002
694994
694991
694980
694964
694947
694895
694886
694876
694862
694827
694817
694800
694789
694735
694663
694646
694612
694604
694578
694569
694545
694529
694528
694506
694494
694474
694436
694404
694373
694368
694336
694282
694267
694251
694240
694234
694220
694214
694210
694176
694169
694147
694120
694080
694076
694060
694001
693999
693931
693931
693909
693901
693887
693821
693808
693772
693763
693755
693753
693733
693699
693692
693664
693634
693604
693590
693577
693569
693540
693540
693528
693504
693502
693469
693461
693459
693448
693445
693442
693417
693371
693361
693281
693251
693243
693190
693187
693149
693094
693091
693079
693076
693048
693013
693009
692992
692948
692945
692928
692865
692853
692852
692798
692788
692757
692735
692713
692713
692692
692689
692659
692618
692604
692585
692561
692548
692521
692496
692494
692489
692487
692450
692449
692435
692424
692422
692411
692410
692401
692394
692390
692370
692342
692340
692325
692318
692298
692261
692248
692226
692192
692192
692171
692163
692163
692157
692141
692139
692115
692100
692078
692049
692046
692016
692007
691989
691985
691984
691970
691966
691923
691910
691849
691843
691829
691792
691774
691766
691764
691737
691736
691729
691684
691634
691609
691593
691574
691565
691553
691548
691542
691528
691506
691506
691497
691486
691460
691460
691438
691437
691425
691419
691410
691391
691391
691389
691357
691349
691324
691318
691309
691308
691293
691274
691269
691251
691246
691222
691187
691181
691159
691153
691139
691114
691087
691026
691022
691007
691005
691005
690998
690991
690966
690906
690904
690891
690874
690863
690862
690843
690816
690807
690782
690776
690760
690758
690751
690738
690737
690727
690721
690690
690684
690671
690659
690644
690598
690595
690594
690582
690581
690539
690518
690511
690506
690504
690429
690424
690417
690377
690364
690355
690351
690332
690240
690224
690218
690197
690119
690099
690081
690064
690062
690043
690032
689994
689989
689983
689945
689918
689896
689866
689823
689822
689816
689807
689787
689734
689724
689691
689685
689667
689666
689644
689632
689623
689584
689522
689509
689497
689452
689443
689414
689401
689389
689376
689375
689347
689270
689262
689255
689206
689175
689145
689136
689122
689114
689108
689102
689067
689066
689060
689030
689026
689021
689000
688990
688985
688982
688949
688916
688903
688875
688840
688817
688804
688722
688690
688686
688685
688683
688667
688653
688646
688639
688589
688579
688559
688552
688547
688523
688520
688509
688504
688488
688459
688449
688432
688394
688382
688354
688338
688336
688320
688266
688236
688231
688231
688221
688210
688203
688173
688153
688118
688074
688068
688059
688039
688019
688006
687989
687962
687944
687909
687895
687895
687813
687791
687780
687758
687730
687716
687678
687672
687622
687612
687611
687606
687602
687597
687585
687583
687556
687547
687522
687455
687442
687427
687418
687393
687392
687391
687377
687374
687330
687324
687296
687281
687268
687248
687236
687228
687172
687149
687129
687056
687046
686981
686979
686966
686966
686947
686923
686915
686904
686897
686882
686874
686858
686846
686812
686760
686701
686686
686643
686593
686592
686555
686550
686533
686525
686465
686457
686435
686419
686412
686410
686406
686395
686385
686377
686370
686346
686310
686289
686241
686207
686191
686138
686107
686067
686012
685997
685986
685979
685973
685964
685958
685950
685938
685927
685917
685891
685884
685871
685863
685844
685823
685807
685772
685728
685704
685696
685693
685663
685655
685542
685539
685517
685497
685481
685462
685442
685437
685408
685393
685374
685355
685297
685280
685268
685223
685185
685160
685097
685048
685044
685025
685014
685002
685000
684998
684952
684944
684938
684934
684929
684915
684864
684858
684841
684798
684719
684711
684663
684642
684570
684539
684527
684506
684497
684443
684442
684441
684433
684391
684364
684339
684329
684319
684315
684272
684259
684258
684245
684245
684243
684171
684152
684151
684089
684089
684066
684062
684052
684044
684019
684013
684012
684009
684005
683993
683969
683966
683937
683932
683925
683884
683865
683841
683819
683790
683789
683780
683749
683732
683732
683660
683639
683626
683623
683604
683551
683539
683504
683487
683451
683441
683422
683419
683343
683295
683289
683283
683253
683247
683195
683145
683131
683125
683117
683109
683068
683063
683036
683023
683017
683011
682989
682986
682947
682943
682941
682939
682887
682828
682821
682817
682773
682766
682757
682755
682670
682632
682611
682606
682603
682586
682541
682464
682458
682435
682427
682423
682402
682373
682337
682322
682289
682278
682237
682235
682234
682216
682201
682143
682129
682119
682084
682027
682023
681996
681959
681937
681932
681874
681838
681799
681798
681779
681774
681751
681745
681732
681660
681655
681626
681621
681611
681610
681607
681602
681601
681595
681561
681505
681497
681493
681442
681439
681428
681424
681391
681352
681317
681266
681257
681253
681133
681130
681121
681107
681096
681056
681048
681019
681017
681009
680940
680940
680924
680906
680860
680835
680835
680788
680739
680733
680728
680720
680711
680699
680694
680692
680690
680668
680653
680642
680630
680608
680597
680591
680584
680577
680542
680513
680506
680478
680458
680441
680403
680387
680383
680342
680328
680327
680324
680229
680199
680199
680198
680187
680183
680148
680123
680105
680082
680081
680060
680025
679989
679983
679950
679929
679921
679870
679865
679853
679794
679772
679768
679754
679732
679710
679685
679683
679658
679646
679628
679622
679614
679594
679572
679522
679507
679423
679416
679399
679374
679374
679362
679354
679336
679334
679301
679264
679208
679178
679163
679100
679100
679095
679072
679067
679052
679042
679006
678992
678990
678987
678986
678977
678967
678918
678866
678854
678831
678768
678758
678748
678745
678700
678657
678620
678597
678596
678590
678582
678576
678545
678487
678479
678437
678434
678431
678416
678415
678390
678348
678334
678333
678319
678283
678266
678225
678220
678206
678203
678190
678179
678169
678136
678124
678056
678054
677960
677954
677927
677919
677890
677883
677850
677843
677839
677778
677773
677727
677724
677707
677660
677641
677625
677619
677588
677576
677552
677528
677463
677448
677414
677372
677367
677326
677325
677302
677288
677254
677246
677245
677231
677188
677181
677168
677166
677088
677087
677086
677058
677051
677047
677043
677014
676983
676948
676938
676918
676855
676827
676821
676796
676792
676788
676784
676770
676720
676698
676688
676672
676641
676617
676537
676516
676512
676480
676475
676472
676441
676434
676391
676383
676365
676339
676329
676319
676292
676289
676267
676147
676145
676145
676124
676101
676099
676079
676041
676037
675987
675924
675900
675899
675897
675885
675861
675822
675818
675758
675716
675696
675691
675666
675648
675634
675607
675595
675595
675584
675560
675530
675525
675524
675469
675462
675445
675437
675425
675415
675405
675403
675383
675376
675375
675311
675258
675181
675178
675157
675144
675122
675059
675031
675031
675022
675017
675016
674980
674964
674958
674935
674914
674827
674789
674756
674684
674670
674643
674587
674581
674554
674549
674530
674485
674471
674410
674397
674304
674294
674284
674263
674241
674235
674231
674194
674186
674173
674154
674076
674057
674045
674018
674013
673957
673929
673889
673849
673842
673800
673792
673726
673717
673712
673711
673689
673684
673666
673598
673582
673575
673533
673514
673508
673476
673468
673458
673445
673419
673413
673402
673401
673282
673279
673265
673248
673241
673204
673182
673178
673140
673137
673113
673110
673100
673091
673060
673029
673022
673004
672961
672953
672936
672936
672929
672915
672896
672894
672883
672878
672876
672844
672795
672718
672663
672650
672650
672636
672625
672621
672619
672610
672509
672502
672475
672469
672435
672402
672391
672387
672385
672381
672344
672340
672339
672327
672310
672283
672275
672266
672253
672224
672215
672206
672194
672163
672141
672130
672113
672072
672066
672025
672021
672015
672012
672002
671998
671980
671973
671947
671931
671930
671922
671877
671873
671823
671757
671713
671676
671670
671648
671639
671619
671556
671532
671469
671468
671429
671407
671386
671386
671345
671332
671323
671321
671313
671309
671297
671272
671270
671231
671219
671208
671206
671204
671196
671170
671102
671074
671055
671037
671025
671014
671001
670994
670992
670971
670950
670936
670934
670927
670926
670923
670912
670907
670894
670880
670866
670863
670826
670815
670814
670795
670795
670740
670717
670705
670698
670669
670661
670641
670637
670632
670585
670584
670557
670528
670498
670486
670469
670440
670412
670398
670373
670356
670349
670338
670266
670238
670234
670203
670200
670195
670172
670172
670166
670155
670150
670133
670130
670056
670047
670018
670017
669921
669915
669882
669855
669840
669818
669811
669805
669805
669794
669782
669776
669754
669738
669730
669675
669673
669671
669657
669640
669627
669608
669595
669593
669585
669576
669560
669495
669492
669481
669468
669462
669451
669448
669438
669420
669414
669411
669369
669367
669311
669304
669295
669273
669236
669197
669182
669156
669145
669144
669078
669048
668956
668934
668907
668867
668865
668842
668830
668822
668819
668801
668793
668788
668776
668759
668702
668694
668691
668677
668637
668636
668624
668612
668602
668568
668564
668533
668519
668481
668453
668448
668437
668435
668432
668419
668416
668411
668359
668316
668309
668277
668267
668264
668259
668258
668201
668176
668175
668139
668123
668120
668118
668091
668086
668077
668068
668062
668048
668026
668020
667996
667994
667984
667961
667957
667807
667790
667761
667752
667700
667677
667625
667577
667537
667532
667526
667525
667519
667480
667466
667465
667442
667440
667427
667419
667417
667415
667406
667399
667378
667378
667356
667302
667289
667288
667281
667280
667278
667258
667239
667219
667198
667189
667167
667146
667133
667114
667113
667084
667077
667052
667036
667033
667009
666967
666966
666953
666939
666922
666884
666879
666879
666863
666839
666829
666827
666825
666780
666766
666737
666716
666686
666676
666673
666664
666645
666584
666543
666488
666477
666462
666416
666329
666295
666291
666271
666259
666247
666212
666194
666186
666157
666135
666130
666126
666115
666109
666086
666082
666063
666037
666033
666003
665986
665952
665866
665804
665780
665762
665751
665735
665731
665726
665640
665533
665531
665504
665442
665434
665393
665358
665329
665296
665268
665267
665208
665203
665186
665178
665165
665139
665132
665086
665072
665064
665052
665049
665037
665032
665022
665003
664980
664963
664932
664932
664930
664895
664888
664874
664871
664861
664856
664742
664729
664697
664690
664664
664653
664651
664646
664646
664617
664613
664575
664571
664562
664556
664491
664476
664475
664462
664380
664372
664372
664366
664352
664345
664307
664284
664283
664235
664229
664207
664205
664197
664171
664162
664158
664114
664055
663982
663975
663957
663934
663918
663882
663795
663791
663771
663733
663711
663688
663644
663601
663592
663591
663590
663583
663576
663568
663550
663515
663500
663499
663490
663481
663455
663393
663387
663386
663378
663378
663364
663357
663308
663256
663246
663224
663221
663183
663166
663132
663118
663104
663100
663047
663041
663034
663015
663007
662942
662941
662929
662910
662895
662875
662814
662806
662797
662766
662750
662749
662745
662723
662697
662696
662694
662692
662668
662659
662623
662617
662612
662597
662581
662579
662525
662486
662468
662451
662392
662339
662320
662314
662312
662286
662226
662199
662182
662169
662149
662135
662121
662061
662035
662028
662013
661992
661954
661914
661899
661878
661877
661858
661837
661831
661830
661811
661802
661760
661749
661745
661742
661692
661676
661658
661646
661632
661595
661566
661544
661504
661469
661466
661450
661420
661415
661392
661372
661364
661346
661317
661255
661223
661218
661200
661194
661189
661185
661163
661158
661155
661120
661106
661101
661085
661067
661055
661043
661040
661012
660998
660992
660992
660983
660933
660923
660920
660909
660866
660842
660836
660825
660821
660805
660803
660776
660771
660769
660747
660746
660727
660721
660703
660696
660690
660689
660683
660680
660639
660637
660634
660634
660581
660580
660568
660541
660530
660521
660517
660514
660514
660501
660469
660464
660438
660430
660395
660390
660374
660369
660316
660313
660308
660270
660259
660221
660194
660156
660149
660137
660127
660096
660096
660053
660021
660002
659972
659967
659945
659943
659874
659837
659797
659778
659765
659672
659668
659666
659657
659594
659584
659571
659567
659527
659524
659513
659500
659497
659461
659458
659452
659435
659402
659376
659373
659280
659217
659201
659198
659152
659148
659141
659133
659125
659089
659088
659074
659067
659065
658947
658934
658929
658929
658895
658886
658883
658862
658861
658854
658845
658837
658830
658816
658795
658748
658743
658742
658741
658665
658659
658648
658646
658619
658584
658567
658552
658496
658493
658488
658463
658462
658425
658422
658397
658362
658337
658324
658241
658240
658232
658226
658218
658206
658190
658182
658164
658150
658148
658120
658111
658097
658095
658074
658037
658031
658019
658009
657968
657937
657934
657894
657871
657790
657790
657782
657770
657764
657754
657752
657724
657718
657703
657627
657623
657615
657567
657559
657522
657508
657499
657494
657491
657478
657406
657392
657374
657340
657338
657311
657307
657267
657251
657232
657197
657150
657126
657103
657094
657094
657067
657055
657052
657051
657047
657046
657039
657027
656974
656974
656971
656935
656920
656860
656857
656834
656803
656796
656777
656743
656729
656673
656672
656656
656629
656626
656625
656620
656614
656582
656576
656549
656540
656540
656520
656510
656452
656427
656397
656392
656386
656342
656321
656276
656276
656257
656247
656243
656224
656202
656186
656185
656179
656172
656166
656130
656068
656054
656050
656046
656040
656039
656027
656027
656013
656012
655998
655994
655917
655903
655878
655875
655866
655801
655784
655770
655736
655699
655694
655694
655638
655603
655598
655552
655551
655528
655510
655506
655503
655498
655494
655477
655439
655412
655395
655388
655373
655349
655344
655327
655306
655301
655299
655279
655279
655265
655210
655205
655198
655188
655162
655159
655156
655145
655134
655125
655111
655101
655089
655082
655072
655059
655047
655030
655030
655004
654981
654975
654964
654957
654951
654935
654921
654907
654905
654891
654891
654874
654871
654859
654807
654802
654791
654783
654782
654778
654777
654765
654728
654709
654681
654660
654634
654632
654627
654627
654619
654614
654595
654588
654577
654562
654424
654347
654317
654309
654239
654234
654226
654208
654191
654134
654125
654090
654045
654030
654005
653981
653969
653950
653948
653922
653897
653885
653860
653857
653856
653853
653850
653844
653817
653815
653754
653739
653704
653691
653663
653659
653649
653636
653635
653589
653565
653508
653502
653475
653454
653396
653390
653357
653354
653322
653299
653265
653231
653182
653164
653155
653142
653116
653109
653096
653090
653074
653059
653039
653030
653023
653016
653001
652978
652960
652909
652896
652890
652875
652857
652835
652833
652820
652819
652813
652775
652756
652744
652734
652724
652721
652688
652652
652630
652605
652586
652580
652549
652545
652537
652513
652499
652492
652482
652446
652439
652418
652389
652353
652333
652327
652325
652321
652304
652298
652290
652275
652274
652237
652227
652187
652167
652141
652137
652134
652114
652106
652069
652004
651998
651965
651903
651898
651859
651844
651822
651815
651805
651799
651785
651785
651757
651755
651753
651753
651734
651733
651729
651723
651696
651689
651670
651667
651644
651634
651630
651622
651620
651602
651598
651559
651540
651519
651475
651422
651413
651399
651396
651395
651384
651362
651353
651324
651322
651319
651289
651269
651263
651217
651186
651165
651162
651067
651046
651015
650996
650984
650965
650944
650944
650921
650919
650877
650856
650851
650819
650817
650793
650782
650780
650762
650739
650681
650670
650644
650629
650613
650602
650590
650577
650510
650475
650436
650431
650268
650266
650266
650235
650226
650224
650194
650177
650150
650140
650140
650108
650091
649985
649982
649972
649954
649948
649948
649937
649930
649924
649919
649838
649834
649807
649785
649783
649776
649760
649695
649679
649667
649664
649645
649635
649601
649601
649550
649462
649450
649346
649333
649285
649228
649207
649197
649122
649106
649099
649094
649082
649077
649059
649054
649019
649011
649006
648985
648979
648951
648951
648948
648930
648929
648916
648891
648878
648870
648830
648716
648676
648672
648642
648641
648623
648620
648576
648536
648486
648473
648420
648396
648381
648314
648307
648300
648277
648218
648204
648187
648170
648139
648114
648097
648094
648042
648022
648016
647987
647966
647964
647959
647948
647947
647941
647934
647924
647905
647874
647832
647810
647759
647752
647741
647739
647724
647722
647709
647705
647695
647685
647639
647636
647563
647540
647537
647535
647514
647475
647457
647434
647426
647425
647395
647351
647343
647331
647327
647326
647325
647302
647265
647238
647235
647225
647222
647173
647135
647133
647106
647101
647071
647064
647044
646991
646991
646956
646952
646918
646868
646815
646813
646810
646774
646747
646743
646738
646736
646704
646692
646619
646615
646615
646608
646593
646586
646579
646568
646561
646532
646510
646492
646489
646461
646426
646422
646422
646415
646413
646383
646370
646321
646304
646299
646287
646284
646226
646206
646206
646206
646201
646188
646154
646150
646146
646137
646086
646057
646021
646012
646012
645947
645944
645943
645924
645919
645862
645844
645827
645826
645806
645796
645773
645756
645740
645720
645716
645714
645679
645662
645646
645578
645571
645567
645552
645499
645485
645469
645465
645456
645332
645311
645297
645288
645279
645269
645227
645199
645198
645124
645119
645104
645087
645086
645060
645059
645058
645055
644980
644950
644927
644918
644904
644855
644800
644796
644752
644739
644733
644674
644637
644601
644586
644532
644436
644433
644395
644375
644331
644331
644230
644226
644219
644216
644213
644213
644192
644189
644147
644118
644082
644070
644047
644033
643983
643968
643954
643940
643940
643921
643920
643916
643904
643897
643885
643871
643845
643801
643796
643772
643768
643742
643710
643689
643681
643681
643661
643660
643656
643638
643623
643617
643601
643587
643519
643501
643482
643455
643447
643435
643432
643412
643335
643317
643312
643265
643260
643233
643211
643209
643149
643130
643119
643105
643097
643090
643046
643027
643016
642989
642964
642948
642935
642929
642927
642922
642857
642847
642844
642748
642714
642713
642707
642679
642678
642639
642554
642542
642525
642518
642513
642506
642454
642431
642431
642424
642423
642422
642396
642392
642385
642340
642323
642258
642253
642228
642205
642200
642197
642197
642188
642177
642165
642158
642116
642106
642076
642062
642002
641976
641953
641938
641889
641877
641877
641834
641827
641821
641788
641775
641756
641751
641740
641719
641711
641708
641683
641673
641669
641633
641631
641604
641565
641540
641539
641483
641477
641471
641462
641426
641415
641361
641357
641273
641219
641216
641191
641136
641113
641085
641059
641046
641035
641022
641009
640989
640985
640963
640942
640935
640933
640887
640863
640857
640855
640830
640793
640752
640739
640691
640673
640670
640663
640604
640589
640583
640517
640513
640509
640505
640471
640468
640459
640459
640436
640391
640386
640359
640347
640331
640283
640271
640250
640224
640206
640203
640184
640171
640120
640101
640089
640078
640073
640031
640023
640022
640020
639994
639979
639975
639950
639912
639902
639876
639873
639805
639785
639785
639758
639754
639732
639710
639707
639700
639693
639665
639659
639657
639647
639630
639617
639550
639513
639512
639453
639448
639434
639427
639367
639362
639344
639299
639276
639272
639270
639220
639116
639090
639065
639050
639049
639031
639019
638992
638962
638950
638937
638930
638927
638920
638886
638880
638879
638864
638842
638831
638828
638804
638766
638748
638730
638725
638700
638658
638650
638617
638592
638572
638550
638549
638520
638481
638466
638447
638439
638411
638407
638395
638381
638371
638318
638257
638256
638249
638246
638233
638195
638180
638103
638103
638098
638088
638072
638021
638009
638001
637983
637981
637958
637939
637934
637912
637903
637891
637782
637780
637737
637702
637679
637654
637651
637635
637610
637584
637552
637550
637529
637497
637489
637464
637441
637430
637429
637353
637328
637312
637263
637258
637256
637249
637241
637231
637170
637167
637159
637136
637119
637107
637083
637058
637043
637038
637030
637012
636968
636953
636952
636935
636932
636874
636864
636852
636832
636827
636777
636739
636721
636696
636688
636669
636635
636618
636607
636591
636578
636542
636507
636500
636483
636425
636423
636360
636360
636332
636318
636281
636280
636259
636246
636232
636190
636120
636114
636091
636085
636024
636001
635998
635967
635964
635945
635939
635906
635877
635845
635845
635839
635744
635732
635724
635721
635715
635697
635685
635653
635607
635599
635584
635572
635553
635541
635528
635512
635466
635464
635450
635421
635411
635393
635392
635390
635388
635379
635325
635323
635318
635275
635272
635260
635234
635230
635171
635163
635159
635152
635133
635111
635103
635094
635077
635074
635059
635048
635037
635011
634991
634989
634950
634927
634911
634905
634874
634853
634823
634816
634805
634804
634753
634744
634739
634728
634724
634707
634698
634675
634666
634638
634632
634621
634613
634589
634574
634557
634551
634539
634505
634501
634497
634447
634446
634441
634418
634408
634391
634325
634321
634318
634291
634285
634283
634247
634229
634225
634215
634212
634209
634200
634195
634181
634147
634118
634097
634076
634060
634059
634057
634051
634019
634007
634000
633984
633961
633959
633908
633906
633862
633840
633817
633813
633813
633769
633742
633740
633729
633645
633598
633593
633574
633555
633554
633524
633515
633512
633501
633465
633459
633443
633442
633413
633402
633401
633380
633368
633336
633332
633309
633281
633220
633206
633204
633195
633185
633153
633120
633115
633096
633045
633005
632980
632971
632952
632931
632925
632912
632911
632889
632887
632886
632886
632854
632845
632768
632759
632759
632756
632738
632694
632655
632638
632637
632629
632608
632594
632539
632523
632506
632484
632467
632466
632462
632456
632350
632334
632324
632307
632303
632296
632292
632268
632255
632254
632244
632226
632216
632200
632196
632193
632126
632090
632065
632046
632028
632023
632022
631990
631973
631890
631890
631873
631859
631841
631835
631820
631806
631786
631781
631704
631649
631646
631641
631631
631619
631553
631552
631526
631502
631458
631450
631432
631415
631391
631319
631285
631283
631278
631276
631273
631245
631219
631211
631185
631163
631144
631110
631104
631096
631030
631010
630946
630935
630897
630846
630846
630840
630827
630804
630788
630766
630762
630734
630727
630701
630678
630668
630666
630646
630642
630639
630636
630625
630582
630566
630559
630548
630523
630513
630488
630458
630451
630435
630415
630399
630387
630379
630310
630284
630270
630208
630165
630130
630105
630052
630027
630024
630012
630006
629971
629956
629947
629908
629886
629852
629851
629807
629802
629789
629785
629774
629766
629742
629742
629696
629692
629681
629665
629652
629633
629596
629469
629431
629372
629360
629351
629350
629347
629272
629263
629240
629230
629229
629209
629173
629164
629158
629146
629144
629130
629029
628995
628991
628985
628981
628971
628954
628942
628931
628918
628906
628900
628889
628849
628828
628776
628772
628768
628749
628735
628710
628664
628660
628651
628649
628628
628627
628583
628573
628567
628539
628507
628467
628441
628441
628436
628349
628348
628345
628287
628279
628254
628252
628246
628229
628229
628217
628211
628175
628162
628155
628139
628136
628133
628124
628074
628066
628053
628051
628039
628031
628031
628022
627933
627907
627895
627879
627877
627851
627834
627827
627821
627815
627801
627796
627787
627764
627761
627717
627716
627715
627680
627644
627640
627604
627580
627565
627556
627540
627536
627492
627478
627461
627440
627433
627349
627297
627288
627274
627223
627213
627206
627202
627178
627176
627168
627150
627146
627139
627133
627098
627095
627008
626993
626985
626963
626945
626926
626924
626905
626897
626890
626875
626853
626839
626836
626828
626815
626770
626765
626764
626743
626741
626731
626704
626699
626695
626684
626626
626582
626569
626563
626503
626488
626482
626475
626475
626470
626443
626428
626420
626401
626395
626382
626381
626322
626284
626270
626222
626214
626210
626191
626189
626182
626167
626155
626139
626139
626134
626088
626081
626001
625921
625896
625886
625859
625833
625829
625781
625776
625760
625760
625746
625726
625717
625694
625686
625678
625672
625643
625643
625641
625614
625603
625592
625576
625574
625539
625508
625483
625466
625461
625429
625388
625383
625376
625329
625314
625311
625307
625302
625298
625297
625297
625283
625257
625256
625243
625224
625219
625196
625135
625131
625099
625086
625055
625031
624981
624948
624948
624940
624939
624893
624892
624875
624872
624834
624832
624822
624752
624704
624691
624655
624606
624598
624554
624550
624526
624519
624512
624494
624481
624464
624463
624430
624406
624346
624339
624307
624297
624280
624224
624223
624216
624211
624211
624208
624184
624176
624158
624147
624120
624108
624096
624081
624041
624017
624006
623996
623972
623969
623968
623918
623913
623888
623885
623882
623863
623844
623842
623803
623793
623759
623748
623736
623722
623696
623695
623693
623692
623690
623668
623642
623619
623609
623607
623606
623587
623582
623526
623517
623506
623399
623397
623384
623352
623304
623292
623281
623257
623248
623239
623232
623201
623166
623143
623085
623067
623049
623018
623015
622965
622928
622927
622925
622883
622841
622829
622822
622785
622767
622753
622745
622730
622728
622712
622706
622666
622661
622656
622648
622640
622634
622620
622612
622607
622593
622588
622586
622534
622528
622510
622495
622461
622440
622428
622424
622422
622393
622378
622372
622371
622367
622317
622301
622261
622251
622247
622239
622202
622194
622154
622144
622141
622108
622101
622096
622089
622074
622030
622029
621983
621982
621956
621933
621928
621907
621883
621792
621734
621527
621515
621484
621467
621417
621398
621387
621369
621348
621347
621336
621264
621237
621229
621225
621207
621191
621190
621183
621171
621163
621163
621156
621135
621132
621129
621098
621075
621024
621018
621009
620985
620982
620975
620969
620935
620885
620743
620720
620704
620694
620656
620631
620627
620572
620565
620458
620431
620420
620366
620351
620343
620340
620319
620309
620306
620275
620266
620260
620254
620217
620215
620193
620177
620168
620154
620116
620103
620103
620095
620094
620082
620036
620006
620004
619998
619988
619959
619931
619922
619917
619883
619875
619820
619811
619792
619742
619701
619613
619565
619564
619544
619488
619466
619455
619446
619446
619432
619399
619388
619351
619330
619328
619327
619313
619302
619286
619283
619216
619193
619148
619122
619100
619080
619050
619047
619018
619017
619002
618983
618980
618961
618960
618957
618947
618921
618909
618907
618892
618871
618857
618853
618832
618812
618790
618768
618765
618764
618760
618760
618760
618745
618742
618726
618647
618595
618579
618561
618508
618486
618476
618465
618453
618451
618400
618381
618364
618349
618319
618311
618298
618289
618223
618217
618214
618138
618134
618120
618084
618049
618037
617998
617990
617982
617936
617926
617921
617890
617846
617837
617796
617736
617732
617710
617695
617654
617653
617652
617629
617618
617616
617600
617600
617592
617590
617567
617556
617542
617526
617512
617502
617476
617396
617358
617355
617338
617309
617252
617172
617107
617105
617104
617099
617089
617089
617065
617046
617040
617037
617036
617009
617005
616926
616903
616894
616884
616871
616856
616852
616833
616817
616812
616801
616800
616783
616767
616721
616717
616677
616674
616667
616647
616647
616620
616615
616580
616487
616474
616466
616464
616444
616429
616426
616416
616395
616384
616379
616376
616345
616336
616306
616304
616294
616287
616284
616264
616247
616241
616204
616170
616165
616145
616010
615991
615969
615930
615916
615904
615898
615895
615878
615865
615859
615853
615831
615820
615806
615798
615766
615654
615628
615612
615612
615610
615608
615592
615560
615482
615428
615420
615416
615411
615359
615344
615275
615245
615203
615185
615176
615164
615159
615154
615145
615143
615140
615130
615129
615075
615068
615059
615036
615028
615021
614985
614975
614966
614918
614885
614866
614831
614794
614766
614759
614740
614735
614734
614712
614696
614691
614676
614666
614665
614602
614556
614554
614554
614507
614464
614460
614458
614448
614438
614401
614369
614361
614310
614307
614290
614283
614232
614226
614213
614175
614164
614155
614139
614136
614110
614110
614106
614076
614075
614058
614025
613986
613976
613975
613961
613955
613947
613939
613932
613868
613859
613852
613826
613824
613785
613760
613719
613687
613672
613671
613662
613646
613607
613555
613550
613545
613509
613496
613482
613477
613472
613465
613455
613414
613379
613377
613375
613373
613367
613364
613346
613326
613326
613310
613292
613290
613269
613263
613235
613180
613169
613164
613155
613155
613151
613116
613100
613090
613064
612981
612973
612949
612880
612873
612871
612867
612863
612839
612816
612807
612799
612797
612773
612738
612729
612717
612709
612629
612622
612553
612518
612512
612445
612413
612361
612359
612359
612315
612312
612258
612255
612246
612232
612225
612215
612181
612130
612113
612084
612074
612050
612030
612027
612019
612019
612000
611990
611937
611898
611893
611885
611881
611847
611827
611823
611800
611759
611753
611740
611694
611667
611629
611620
611594
611557
611549
611543
611514
611490
611482
611479
611446
611416
611359
611351
611326
611294
611293
611275
611270
611268
611263
611242
611216
611206
611188
611183
611178
611151
611137
611112
611089
611000
610986
610976
610954
610935
610888
610880
610876
610834
610813
610791
610790
610753
610708
610689
610679
610664
610646
610613
610608
610605
610599
610582
610551
610500
610498
610484
610407
610394
610394
610309
610304
610300
610275
610235
610224
610222
610195
610190
610182
610172
610168
610156
610127
610108
610103
610083
610078
610052
610031
610016
610015
609984
609963
609945
609936
609928
609927
609925
609900
609828
609825
609795
609793
609736
609726
609711
609702
609698
609677
609671
609642
609555
609543
609541
609502
609497
609495
609485
609480
609454
609433
609426
609410
609370
609341
609339
609310
609285
609281
609272
609253
609240
609232
609227
609215
609200
609182
609177
609165
609161
609110
609065
609014
608997
608995
608995
608977
608949
608947
608929
608890
608869
608869
608859
608835
608822
608797
608795
608790
608758
608757
608736
608689
608675
608641
608639
608633
608578
608547
608537
608505
608479
608460
608441
608408
608407
608403
608388
608383
608369
608362
608336
608332
608324
608315
608294
608274
608264
608262
608211
608206
608166
608147
608141
608140
608125
608122
608110
608107
608079
608073
608065
608064
607964
607961
607922
607919
607877
607866
607858
607856
607847
607842
607827
607780
607761
607748
607662
607660
607649
607603
607561
607525
607463
607405
607343
607327
607308
607304
607292
607289
607266
607248
607227
607204
607176
607174
607143
607136
607027
607014
607008
606991
606916
606867
606862
606832
606808
606786
606784
606781
606768
606767
606756
606735
606671
606657
606641
606629
606616
606605
606599
606555
606540
606498
606497
606496
606485
606465
606462
606458
606378
606360
606338
606335
606331
606297
606249
606243
606225
606225
606221
606213
606208
606183
606132
606100
606089
606030
606030
606018
605990
605964
605961
605960
605945
605930
605922
605905
605876
605862
605861
605851
605849
605846
605839
605838
605830
605820
605807
605756
605714
605701
605666
605598
605582
605569
605529
605480
605480
605470
605464
605457
605455
605445
605431
605416
605399
605377
605356
605321
605310
605296
605264
605236
605217
605206
605204
605191
605173
605169
605158
605150
605130
605121
605079
605065
605049
605021
604980
604968
604965
604955
604950
604899
604882
604823
604792
604777
604761
604746
604744
604694
604694
604686
604683
604654
604648
604624
604623
604610
604604
604597
604592
604591
604562
604559
604543
604525
604509
604508
604423
604397
604392
604340
604337
604304
604253
604246
604245
604238
604236
604227
604221
604202
604182
604143
604122
604105
604075
604067
604041
604041
604004
604001
603948
603948
603940
603937
603921
603913
603909
603834
603809
603769
603753
603680
603660
603658
603564
603563
603472
603442
603409
603354
603331
603304
603296
603295
603249
603202
603201
603179
603172
603170
603162
603142
603140
603110
603110
603098
603067
603063
603005
602974
602973
602971
602969
602959
602942
602923
602885
602876
602854
602764
602762
602756
602740
602737
602736
602722
602702
602682
602640
602576
602547
602533
602509
602484
602438
602415
602409
602403
602398
602358
602351
602339
602316
602306
602281
602230
602229
602176
602143
602130
602117
602115
602100
602088
602067
602060
602022
602017
602008
601952
601951
601928
601905
601890
601849
601848
601830
601829
601806
601774
601763
601752
601716
601707
601702
601687
601667
601654
601643
601642
601625
601552
601518
601505
601503
601499
601488
601481
601467
601400
601380
601342
601322
601308
601300
601234
601199
601194
601136
601080
601058
601031
601020
601007
600988
600986
600933
600928
600913
600895
600889
600885
600881
600871
600857
600832
600829
600812
600805
600779
600762
600736
600715
600667
600629
600625
600606
600603
600575
600574
600562
600561
600561
600553
600548
600518
600509
600495
600483
600375
600365
600352
600324
600322
600296
600273
600244
600194
600163
600159
600141
600068
600058
600052
600036
600016
599998
599980
599967
599944
599902
599865
599858
599851
599841
599836
599815
599757
599722
599721
599701
599696
599679
599644
599631
599606
599602
599596
599560
599558
599544
599522
599521
599520
599516
599472
599470
599462
599461
599428
599423
599408
599391
599389
599385
599375
599339
599337
599328
599282
599265
599232
599192
599148
599134
599126
599092
599081
599044
599043
598986
598984
598982
598956
598956
598865
598852
598836
598802
598789
598767
598762
598743
598734
598725
598651
598635
598625
598624
598615
598603
598586
598554
598479
598478
598458
598456
598419
598380
598374
598371
598339
598336
598323
598314
598270
598266
598260
598246
598237
598194
598191
598190
598183
598176
598175
598145
598123
598101
598036
598034
598026
597973
597939
597861
597860
597841
597833
597826
597805
597804
597802
597771
597748
597741
597728
597718
597698
597698
597673
597645
597628
597613
597602
597593
597582
597569
597547
597544
597534
597533
597521
597512
597466
597464
597429
597421
597417
597407
597398
597377
597366
597341
597310
597310
597275
597250
597246
597221
597190
597185
597127
597112
597089
597072
597048
597024
597023
597019
597009
596994
596977
596969
596965
596941
596862
596862
596860
596784
596780
596749
596651
596637
596630
596608
596605
596593
596589
596578
596553
596547
596543
596521
596518
596468
596465
596464
596423
596375
596334
596330
596317
596301
596250
596248
596245
596231
596205
596193
596160
596156
596152
596137
596137
596107
596089
596057
596027
595974
595965
595919
595913
595897
595895
595865
595856
595851
595848
595830
595825
595757
595730
595716
595699
595693
595676
595673
595615
595601
595584
595565
595556
595546
595545
595526
595508
595497
595496
595492
595485
595477
595470
595456
595449
595330
595291
595258
595228
595195
595188
595186
595157
595152
595146
595143
595138
595128
595077
595041
595032
595021
594981
594977
594913
594825
594796
594771
594763
594735
594709
594709
594688
594665
594662
594657
594657
594650
594557
594518
594499
594468
594467
594447
594432
594418
594409
594381
594356
594330
594298
594298
594294
594289
594210
594155
594151
594129
594121
594109
594091
594024
594024
594020
594008
593998
593992
593958
593948
593934
593887
593874
593834
593826
593802
593798
593789
593727
593718
593704
593691
593683
593672
593662
593606
593583
593542
593507
593464
593431
593403
593391
593350
593312
593280
593222
593217
593197
593193
593123
593120
593101
593099
593093
593086
593079
593069
593051
593035
593011
593001
592997
592991
592965
592956
592877
592868
592866
592848
592788
592744
592738
592689
592684
592682
592656
592619
592598
592582
592572
592543
592525
592522
592520
592508
592494
592494
592467
592442
592440
592415
592409
592377
592335
592296
592292
592269
592265
592254
592252
592231
592222
592219
592205
592135
592124
592103
592096
592092
592081
592060
592014
592008
591946
591919
591918
591883
591871
591846
591835
591823
591798
591791
591780
591752
591749
591704
591686
591665
591648
591612
591578
591490
591482
591451
591438
591409
591394
591382
591351
591314
591294
591274
591245
591226
591173
591163
591158
591152
591114
591091
591062
591055
591042
590992
590981
590978
590977
590976
590953
590950
590937
590922
590919
590891
590861
590785
590783
590778
590763
590750
590700
590580
590571
590542
590527
590487
590455
590420
590419
590419
590405
590389
590351
590350
590343
590335
590331
590307
590272
590270
590255
590237
590208
590173
590143
590132
590065
590063
590038
590028
590024
590020
589981
589940
589926
589880
589846
589826
589782
589759
589753
589746
589742
589736
589702
589688
589582
589557
589556
589550
589526
589517
589485
589399
589386
589370
589358
589333
589303
589291
589254
589246
589238
589236
589229
589188
589183
589183
589168
589159
589157
589113
589108
589095
589067
589055
589048
589029
589023
588993
588988
588956
588942
588889
588797
588785
588778
588771
588748
588724
588709
588681
588627
588589
588574
588569
588566
588530
588521
588493
588479
588444
588440
588425
588419
588408
588370
588370
588326
588325
588319
588293
588282
588272
588261
588255
588215
588205
588187
588180
588167
588158
588133
588129
588118
588102
588094
588073
588068
588048
588034
588031
588002
587978
587978
587967
587940
587916
587903
587882
587861
587846
587821
587804
587740
587717
587653
587623
587612
587601
587595
587584
587571
587570
587547
587544
587542
587541
587535
587534
587483
587438
587434
587434
587306
587280
587262
587210
587195
587149
587133
587115
587112
587105
587103
587094
587068
586988
586965
586933
586897
586878
586875
586782
586781
586780
586776
586769
586747
586737
586733
586732
586712
586689
586675
586641
586577
586561
586548
586529
586520
586507
586489
586473
586470
586470
586377
586350
586336
586330
586260
586203
586201
586194
586192
586119
586115
586030
586025
586015
585994
585992
585941
585936
585906
585887
585884
585867
585856
585854
585833
585823
585796
585763
585758
585750
585693
585681
585637
585629
585556
585543
585537
585515
585515
585494
585490
585455
585450
585447
585415
585372
585341
585317
585304
585288
585270
585242
585238
585157
585149
585145
585099
585069
585064
585049
585023
585022
585013
584981
584971
584961
584929
584929
584917
584913
584900
584872
584869
584867
584836
584823
584786
584760
584754
584752
584733
584728
584709
584708
584703
584654
584648
584634
584602
584572
584510
584494
584482
584478
584428
584386
584359
584329
584323
584285
584275
584265
584262
584252
584242
584242
584233
584219
584173
584157
584153
584140
584107
584019
583990
583986
583965
583911
583905
583877
583876
583872
583859
583846
583844
583801
583794
583777
583759
583739
583729
583717
583707
583678
583664
583661
583656
583655
583620
583602
583594
583570
583564
583563
583531
583511
583492
583476
583466
583442
583413
583366
583329
583329
583323
583278
583240
583234
583203
583200
583169
583169
583168
583140
583097
583095
583026
583013
583000
582955
582864
582828
582812
582803
582801
582745
582740
582731
582726
582723
582717
582715
582709
582638
582625
582588
582577
582563
582532
582506
582499
582498
582483
582431
582420
582418
582413
582407
582364
582283
582172
582162
582147
582147
582139
582128
582115
582108
582093
582085
582073
582044
582030
582007
581965
581943
581941
581878
581810
581801
581793
581766
581729
581722
581721
581707
581707
581672
581649
581618
581596
581568
581556
581510
581509
581446
581439
581433
581414
581395
581386
581362
581349
581335
581313
581294
581252
581224
581211
581209
581202
581198
581198
581198
581196
581194
581147
581137
581137
581120
581103
581091
581044
581039
581001
580995
580976
580954
580920
580906
580901
580865
580864
580855
580840
580830
580815
580743
580739
580738
580689
580592
580564
580552
580548
580536
580534
580527
580526
580518
580507
580488
580452
580421
580420
580404
580402
580393
580380
580376
580352
580320
580314
580291
580270
580254
580249
580230
580227
580175
580170
580157
580149
580146
580140
580109
580105
580105
580061
580005
579981
579977
579934
579922
579899
579849
579819
579811
579789
579786
579772
579726
579713
579709
579686
579681
579679
579679
579667
579654
579635
579624
579564
579537
579522
579512
579506
579477
579473
579443
579431
579430
579405
579371
579364
579355
579335
579330
579290
579286
579282
579274
579250
579241
579240
579194
579184
579182
579161
579149
579133
579125
579054
579015
579015
579010
578959
578953
578923
578851
578823
578805
578788
578767
578724
578698
578685
578673
578631
578611
578610
578549
578508
578440
578434
578429
578408
578408
578406
578391
578365
578352
578335
578312
578310
578305
578305
578249
578237
578236
578233
578230
578227
578221
578187
578162
578154
578115
578112
578107
578085
578063
578048
578025
577953
577943
577937
577923
577886
577845
577807
577806
577799
577799
577769
577752
577720
577692
577680
577659
577644
577624
577563
577563
577539
577536
577525
577515
577489
577460
577420
577412
577405
577401
577401
577361
577320
577320
577309
577307
577224
577194
577190
577150
577131
577126
577109
577078
577070
577025
577020
577006
576967
576923
576889
576859
576855
576840
576822
576804
576795
576673
576665
576653
576647
576616
576596
576593
576591
576587
576581
576563
576554
576541
576495
576493
576479
576460
576425
576326
576321
576297
576295
576253
576248
576233
576220
576181
576179
576168
576150
576123
576117
576107
576100
576084
576054
576008
575968
575919
575919
575917
575884
575878
575845
575838
575801
575788
575765
575747
575712
575702
575701
575700
575682
575655
575632
575612
575587
575570
575565
575564
575561
575548
575530
575521
575473
575438
575419
575387
575381
575366
575353
575347
575341
575322
575321
575312
575282
575282
575246
575237
575220
575218
575210
575185
575045
575017
574998
574923
574922
574915
574914
574905
574902
574897
574895
574890
574888
574837
574818
574813
574812
574782
574782
574745
574713
574669
574661
574659
574637
574617
574615
574615
574579
574562
574557
574552
574540
574539
574512
574470
574468
574462
574452
574440
574437
574432
574426
574415
574410
574379
574351
574310
574308
574302
574297
574277
574271
574250
574232
574223
574209
574164
574152
574133
574093
574059
574041
574038
574031
574016
574008
574001
573976
573970
573918
573859
573852
573789
573788
573765
573722
573678
573662
573649
573599
573597
573593
573578
573576
573561
573480
573479
573404
573399
573354
573322
573302
573299
573266
573242
573238
573216
573198
573148
573136
573122
573097
573069
573062
573026
573016
572977
572946
572926
572907
572887
572871
572866
572829
572785
572768
572728
572718
572712
572688
572659
572639
572611
572605
572604
572583
572557
572528
572522
572500
572498
572433
572399
572374
572367
572339
572317
572305
572284
572249
572226
572176
572150
572146
572109
572084
572031
572026
572007
571984
571892
571820
571798
571796
571783
571781
571748
571737
571735
571730
571720
571714
571710
571668
571659
571650
571627
571601
571599
571583
571575
571573
571572
571546
571519
571490
571485
571483
571476
571457
571445
571425
571392
571379
571354
571345
571329
571314
571276
571267
571214
571210
571195
571182
571161
571146
571126
571118
571069
571066
571000
570982
570972
570946
570889
570886
570856
570853
570808
570801
570721
570708
570702
570683
570594
570592
570584
570556
570502
570481
570478
570451
570428
570418
570411
570396
570388
570346
570320
570301
570242
570190
570189
570149
570134
570126
570125
570103
570066
570026
570002
569993
569970
569926
569915
569891
569878
569838
569827
569778
569761
569754
569751
569724
569687
569661
569611
569590
569576
569574
569572
569550
569502
569281
569220
569217
569202
569196
569176
569160
569144
569137
569132
569095
569080
569071
569046
569040
569040
569037
569033
569032
568970
568956
568920
568890
568844
568827
568814
568807
568806
568759
568759
568747
568745
568687
568683
568668
568659
568642
568605
568573
568542
568532
568488
568456
568452
568427
568408
568383
568377
568370
568350
568304
568265
568260
568253
568241
568239
568207
568184
568177
568090
568087
568055
568045
568042
568037
568019
567986
567967
567955
567951
567949
567944
567921
567915
567903
567900
567900
567886
567886
567838
567802
567736
567734
567714
567692
567691
567689
567671
567605
567585
567581
567543
567524
567500
567475
567446
567415
567414
567405
567404
567381
567373
567365
567348
567333
567328
567314
567277
567224
567220
567209
567198
567197
567174
567170
567040
567001
566973
566958
566898
566895
566874
566849
566842
566784
566775
566757
566730
566723
566711
566707
566699
566695
566688
566662
566660
566650
566613
566612
566597
566590
566566
566558
566492
566485
566456
566419
566383
566327
566324
566317
566312
566300
566281
566260
566255
566250
566232
566224
566221
566193
566168
566151
566142
566131
566109
566074
566068
566065
566039
566013
565950
565938
565922
565919
565885
565843
565840
565831
565818
565804
565768
565751
565721
565704
565697
565627
565602
565580
565578
565545
565479
565471
565467
565453
565421
565401
565364
565343
565271
565260
565256
565237
565214
565150
565048
565042
565017
564990
564970
564917
564906
564885
564874
564855
564807
564800
564784
564751
564739
564720
564705
564704
564683
564677
564664
564563
564553
564539
564513
564508
564486
564486
564480
564438
564429
564348
564334
564305
564291
564271
564265
564253
564221
564221
564220
564136
564119
564108
564094
564093
564080
564064
564012
564011
563985
563959
563934
563899
563886
563882
563855
563843
563839
563837
563817
563797
563778
563776
563775
563739
563715
563693
563678
563674
563637
563624
563616
563600
563589
563585
563577
563543
563490
563487
563484
563457
563448
563427
563412
563406
563386
563384
563379
563357
563352
563341
563337
563312
563307
563305
563286
563270
563259
563257
563256
563254
563181
563167
563130
563126
563119
563119
563105
563090
563069
563049
563019
563014
563008
562992
562990
562979
562977
562966
562834
562773
562772
562768
562695
562690
562607
562600
562567
562556
562539
562535
562473
562471
562460
562457
562451
562425
562413
562403
562400
562376
562341
562297
562297
562268
562255
562235
562211
562190
562188
562171
562118
562113
562110
562109
562086
562063
562036
562017
561996
561966
561958
561927
561832
561829
561824
561812
561769
561761
561752
561711
561703
561646
561645
561635
561610
561606
561605
561557
561552
561542
561526
561519
561494
561488
561463
561437
561413
561388
561379
561370
561335
561335
561327
561319
561229
561203
561197
561178
561175
561163
561159
561117
561112
561076
561071
561051
561016
560937
560937
560919
560857
560853
560827
560813
560778
560754
560715
560689
560684
560679
560650
560649
560641
560634
560626
560616
560605
560602
560593
560569
560564
560507
560473
560442
560434
560432
560417
560405
560400
560376
560372
560361
560310
560295
560248
560248
560176
560165
560165
560159
560125
560125
560111
560066
560059
560053
560044
560036
560029
560022
560007
559981
559976
559961
559952
559940
559917
559902
559895
559887
559875
559864
559853
559836
559836
559831
559821
559814
559809
559797
559722
559719
559695
559688
559685
559683
559617
559575
559527
559455
559421
559420
559389
559387
559359
559301
559256
559228
559225
559223
559218
559156
559150
559119
559113
559103
559086
559079
559048
559040
559035
559025
558983
558937
558930
558928
558903
558902
558898
558897
558850
558848
558809
558749
558740
558736
558715
558710
558699
558699
558696
558663
558663
558658
558626
558608
558591
558590
558582
558555
558554
558549
558530
558509
558456
558449
558365
558357
558300
558288
558278
558246
558245
558240
558234
558226
558213
558187
558141
558112
558110
558090
558083
558079
558064
558051
558042
558038
558017
558015
558001
557986
557955
557924
557890
557889
557888
557876
557869
557843
557823
557806
557739
557728
557716
557662
557655
557649
557644
557644
557613
557573
557564
557540
557539
557536
557522
557417
557351
557322
557314
557299
557291
557279
557270
557254
557246
557190
557188
557156
557117
557102
557035
557022
556997
556989
556933
556933
556909
556892
556822
556821
556805
556788
556779
556775
556721
556684
556657
556627
556600
556595
556583
556560
556549
556530
556507
556493
556486
556443
556426
556421
556384
556381
556378
556375
556330
556314
556281
556277
556274
556209
556166
556165
556153
556123
556113
556111
556108
556107
556101
556022
555999
555990
555990
555988
555987
555972
555971
555937
555871
555866
555831
555831
555810
555809
555781
555771
555768
555765
555753
555745
555710
555698
555678
555674
555648
555646
555641
555640
555628
555602
555595
555591
555568
555507
555478
555467
555458
555418
555408
555368
555352
555352
555339
555337
555308
555259
555253
555249
555242
555239
555208
555199
555195
555193
555181
555169
555165
555155
555154
555146
555123
555116
555114
555095
555090
555057
555050
555031
554988
554976
554966
554933
554914
554909
554905
554901
554863
554850
554845
554816
554789
554763
554755
554744
554724
554711
554705
554646
554629
554601
554576
554553
554506
554493
554468
554464
554446
554420
554418
554407
554401
554384
554380
554377
554365
554365
554348
554326
554326
554318
554312
554233
554211
554210
554204
554202
554193
554193
554186
554174
554162
554150
554150
554117
554086
554078
554075
554067
554060
554058
554055
554053
554047
554038
554032
554008
554001
553995
553955
553948
553925
553877
553842
553841
553833
553750
553731
553715
553671
553666
553644
553594
553580
553576
553553
553540
553536
553535
553500
553496
553474
553465
553464
553463
553450
553443
553403
553387
553317
553308
553269
553258
553248
553248
553227
553211
553161
553158
553151
553146
553090
553057
553055
553052
553029
553015
552987
552969
552923
552912
552911
552897
552892
552870
552869
552832
552810
552808
552806
552783
552755
552742
552733
552711
552711
552682
552676
552675
552671
552655
552622
552617
552615
552603
552551
552533
552526
552489
552488
552484
552474
552427
552411
552389
552388
552376
552349
552318
552285
552282
552280
552278
552268
552266
552265
552262
552222
552217
552198
552195
552193
552179
552170
552170
552154
552143
552136
552120
552117
552097
552080
552078
552068
552014
552005
551966
551960
551954
551901
551891
551888
551864
551839
551803
551794
551742
551725
551705
551679
551677
551656
551631
551590
551589
551565
551564
551558
551519
551513
551402
551396
551379
551372
551363
551360
551336
551320
551307
551304
551299
551298
551284
551266
551263
551241
551192
551180
551177
551167
551131
551102
551093
551093
551087
551066
551061
551052
551048
551033
551024
550984
550826
550809
550790
550777
550767
550740
550679
550674
550667
550653
550613
550608
550583
550579
550578
550559
550553
550550
550546
550543
550468
550448
550416
550414
550411
550406
550396
550394
550394
550373
550337
550285
550269
550261
550246
550243
550230
550212
550208
550172
550154
550141
550136
550112
550093
550090
550084
550079
550032
550031
550027
550008
549985
549937
549922
549914
549912
549899
549885
549867
549851
549806
549776
549753
549711
549688
549677
549652
549643
549639
549613
549482
549442
549429
549389
549366
549356
549279
549189
549181
549153
549150
549150
549130
549122
549112
549107
549099
549042
549018
548997
548888
548865
548859
548849
548813
548803
548801
548787
548769
548754
548740
548740
548718
548696
548682
548680
548671
548648
548616
548610
548608
548563
548544
548532
548521
548478
548474
548470
548468
548463
548425
548404
548403
548398
548379
548378
548314
548311
548304
548277
548268
548243
548233
548217
548214
548213
548190
548189
548182
548139
548059
548030
548016
547964
547950
547935
547913
547884
547848
547801
547787
547762
547758
547756
547753
547733
547719
547709
547709
547690
547616
547605
547581
547522
547512
547446
547431
547425
547402
547373
547367
547354
547329
547329
547326
547299
547275
547273
547256
547248
547199
547191
547172
547163
547073
547070
547061
547038
547009
546910
546906
546885
546862
546836
546831
546825
546801
546795
546794
546745
546744
546744
546689
546615
546604
546575
546575
546510
546505
546467
546461
546425
546379
546351
546287
546252
546216
546207
546203
546184
546180
546103
546095
546074
546062
546048
546043
546040
546040
546031
546030
546011
545978
545931
545889
545885
545850
545814
545803
545762
545715
545692
545686
545650
545626
545552
545533
545529
545521
545514
545471
545460
545431
545423
545395
545389
545345
545323
545308
545275
545250
545241
545226
545178
545170
545155
545148
545146
545096
545071
545070
545069
545061
545059
545055
545044
544986
544974
544899
544874
544869
544795
544791
544790
544778
544743
544687
544686
544678
544673
544608
544552
544550
544537
544534
544508
544430
544403
544376
544358
544326
544284
544275
544240
544217
544196
544172
544168
544165
544142
544126
544064
544019
543993
543961
543914
543894
543889
543884
543853
543847
543847
543831
543809
543779
543724
543721
543716
543697
543675
543579
543574
543573
543565
543493
543472
543460
543438
543374
543353
543347
543334
543295
543291
543281
543262
543257
543250
543231
543228
543219
543211
543179
543178
543171
543166
543155
543143
543119
543092
543060
543059
543048
543044
543022
543009
543006
542990
542984
542977
542963
542941
542930
542910
542904
542881
542821
542809
542776
542763
542745
542718
542707
542706
542676
542618
542601
542565
542562
542556
542471
542392
542378
542370
542355
542352
542349
542328
542320
542298
542277
542230
542221
542218
542214
542213
542188
542181
542171
542158
542153
542131
542107
542100
542033
541973
541972
541972
541946
541940
541924
541896
541893
541885
541853
541818
541803
541801
541782
541753
541727
541713
541709
541651
541584
541568
541556
541533
541502
541493
541487
541446
541446
541441
541434
541378
541378
541351
541338
541324
541319
541308
541306
541299
541281
541235
541230
541175
541172
541144
541116
541032
541030
541008
540975
540931
540928
540908
540887
540865
540861
540822
540800
540798
540740
540738
540706
540662
540609
540600
540596
540583
540560
540549
540521
540513
540493
540486
540459
540450
540438
540404
540404
540403
540311
540290
540216
540203
540167
540096
540066
540046
540026
540010
539996
539992
539991
539918
539916
539913
539855
539832
539771
539720
539702
539648
539645
539644
539621
539610
539604
539584
539580
539542
539473
539465
539457
539441
539435
539431
539419
539409
539406
539382
539361
539346
539341
539339
539326
539315
539307
539289
539285
539255
539254
539217
539209
539195
539172
539163
539153
539141
539128
539120
539104
539104
539085
539085
539084
539057
539019
539012
538986
538974
538968
538956
538951
538939
538937
538921
538904
538869
538836
538801
538769
538763
538706
538693
538686
538680
538675
538659
538657
538638
538637
538632
538628
538599
538592
538588
538582
538571
538544
538496
538484
538480
538446
538376
538371
538360
538344
538303
538292
538285
538235
538221
538216
538186
538176
538158
538158
538156
538151
538146
538119
538117
538052
538038
538021
538004
537988
537988
537965
537948
537900
537888
537877
537854
537832
537830
537819
537803
537801
537788
537785
537711
537709
537690
537662
537644
537626
537620
537614
537601
537593
537566
537544
537531
537499
537478
537469
537450
537445
537445
537443
537418
537416
537390
537387
537384
537368
537348
537326
537310
537223
537208
537180
537161
537151
537102
537088
537088
537030
536973
536964
536945
536927
536921
536906
536869
536793
536778
536770
536697
536675
536641
536592
536532
536530
536462
536455
536441
536430
536413
536400
536393
536304
536278
536261
536219
536215
536164
536164
536123
536121
536108
536055
536052
536037
536011
535974
535919
535884
535875
535871
535839
535799
535797
535791
535786
535748
535714
535712
535691
535655
535650
535647
535612
535610
535607
535588
535587
535538
535517
535448
535444
535437
535399
535393
535373
535349
535330
535308
535268
535259
535257
535244
535220
535219
535205
535200
535190
535186
535185
535173
535171
535126
535113
535109
535089
535079
535044
535034
535025
535021
535019
535004
534993
534966
534962
534961
534919
534882
534797
534764
534757
534695
534683
534676
534670
534641
534637
534594
534515
534481
534397
534395
534393
534380
534336
534331
534314
534314
534310
534250
534248
534244
534236
534225
534203
534046
534023
533956
533942
533940
533933
533905
533853
533839
533836
533825
533779
533768
533750
533749
533743
533729
533701
533659
533654
533633
533607
533588
533577
533577
533525
533521
533505
533502
533488
533483
533481
533450
533445
533427
533415
533394
533393
533311
533231
533165
533154
533148
533138
533112
533110
533107
533106
533085
533057
533045
533042
533013
533012
532979
532970
532918
532917
532860
532842
532835
532817
532704
532671
532632
532610
532604
532584
532541
532525
532512
532502
532500
532485
532450
532448
532406
532396
532369
532316
532243
532226
532217
532206
532187
532137
532061
532025
532021
531979
531955
531943
531937
531894
531887
531797
531780
531776
531729
531708
531689
531688
531623
531620
531609
531601
531587
531575
531575
531538
531532
531528
531521
531501
531462
531456
531456
531451
531405
531368
531340
531309
531279
531234
531219
531164
531160
531140
531133
531129
531121
531113
531056
531051
531050
531020
531018
531014
531014
530992
530948
530922
530856
530850
530830
530791
530722
530682
530670
530648
530624
530616
530597
530586
530581
530540
530534
530479
530442
530434
530396
530375
530374
530361
530328
530325
530322
530318
530274
530268
530241
530186
530180
530174
530088
530061
530053
530050
530049
529996
529939
529915
529910
529893
529891
529860
529857
529853
529836
529831
529827
529814
529796
529771
529767
529752
529746
529731
529672
529649
529640
529630
529623
529616
529614
529605
529595
529594
529533
529515
529504
529485
529469
529466
529432
529407
529380
529351
529337
529316
529313
529310
529275
529255
529246
529219
529207
529193
529167
529098
529055
529051
529046
529040
529040
529001
529000
529000
528925
528921
528871
528856
528808
528766
528764
528760
528743
528720
528709
528701
528698
528657
528652
528619
528577
528574
528555
528553
528537
528520
528486
528455
528400
528379
528370
528361
528344
528338
528321
528317
528303
528278
528262
528260
528229
528223
528162
528156
528147
528133
528129
528108
528080
528074
528072
528070
528058
528036
527987
527977
527951
527921
527876
527848
527822
527818
527816
527770
527768
527764
527734
527725
527703
527643
527622
527598
527500
527499
527469
527459
527447
527431
527390
527371
527361
527332
527303
527301
527282
527273
527271
527234
527148
527134
527134
527132
527124
527123
527099
527083
527059
527036
527013
526985
526982
526929
526912
526885
526877
526829
526815
526759
526750
526750
526747
526713
526666
526618
526605
526601
526576
526534
526527
526466
526461
526455
526453
526451
526436
526406
526346
526297
526258
526224
526185
526144
526134
526121
526083
526075
526053
526049
526048
526047
526033
525997
525974
525937
525887
525864
525853
525803
525770
525766
525758
525698
525694
525686
525686
525648
525609
525586
525579
525568
525552
525551
525548
525498
525488
525470
525452
525433
525430
525422
525412
525410
525404
525395
525389
525356
525281
525276
525275
525246
525240
525225
525146
525133
525126
525112
525104
525087
525064
525058
525029
524972
524958
524956
524938
524935
524889
524882
524879
524877
524842
524837
524831
524823
524821
524820
524805
524771
524766
524766
524715
524712
524672
524662
524654
524653
524652
524640
524633
524602
524597
524588
524563
524558
524558
524526
524472
524434
524412
524410
524405
524405
524384
524372
524370
524358
524357
524332
524321
524300
524298
524285
524278
524225
524214
524203
524168
524160
524104
524097
524037
523987
523936
523929
523883
523850
523848
523837
523834
523822
523775
523759
523756
523750
523744
523709
523682
523637
523632
523583
523583
523565
523533
523520
523505
523499
523491
523467
523466
523449
523283
523278
523248
523244
523240
523235
523177
523122
523114
523059
523051
523042
523026
522999
522974
522973
522957
522948
522887
522880
522879
522871
522841
522811
522799
522792
522768
522702
522696
522659
522647
522645
522594
522568
522564
522558
522556
522495
522487
522474
522472
522455
522449
522446
522432
522388
522386
522356
522347
522322
522322
522305
522260
522255
522248
522209
522191
522159
522145
522114
522113
522110
522102
522091
522084
522030
522024
522022
522016
522013
522011
521970
521963
521962
521954
521928
521903
521886
521854
521831
521737
521703
521694
521687
521682
521681
521676
521662
521654
521634
521615
521608
521588
521580
521550
521537
521535
521507
521492
521452
521413
521412
521393
521331
521284
521269
521259
521243
521197
521194
521163
521109
521013
520976
520960
520952
520946
520899
520899
520878
520870
520861
520830
520815
520813
520807
520774
520719
520718
520687
520631
520628
520596
520596
520531
520525
520503
520493
520479
520477
520459
520429
520402
520362
520321
520293
520276
520191
520172
520165
520148
520133
520126
520122
520117
520113
520034
520002
520000
519961
519950
519920
519906
519894
519864
519863
519860
519860
519839
519802
519763
519726
519712
519692
519649
519613
519589
519544
519519
519494
519478
519424
519423
519413
519386
519357
519301
519294
519265
519236
519226
519206
519206
519202
519191
519188
519178
519132
519056
518970
518954
518914
518907
518859
518851
518850
518824
518811
518805
518791
518769
518757
518732
518727
518725
518682
518673
518603
518599
518566
518557
518518
518512
518505
518488
518462
518448
518440
518436
518397
518391
518386
518386
518377
518376
518343
518321
518264
518234
518213
518187
518149
518149
518118
518113
518105
518056
518011
517996
517994
517992
517971
517951
517912
517896
517876
517870
517820
517762
517759
517747
517718
517693
517678
517659
517537
517515
517513
517445
517426
517404
517377
517344
517308
517280
517274
517251
517234
517185
517175
517094
517065
517047
517036
517032
517022
516992
516974
516965
516960
516939
516933
516920
516891
516868
516864
516794
516772
516726
516724
516700
516689
516678
516676
516673
516657
516648
516640
516639
516621
516614
516603
516550
516549
516542
516511
516507
516490
516472
516462
516443
516435
516392
516384
516376
516335
516307
516276
516275
516226
516207
516199
516197
516183
516175
516169
516164
516155
516151
516137
516131
516099
516090
516086
516070
516057
516011
516009
515996
515946
515941
515923
515919
515905
515902
515901
515893
515892
515866
515856
515811
515788
515763
515738
515735
515728
515696
515690
515657
515657
515632
515574
515521
515510
515500
515497
515464
515451
515446
515436
515376
515369
515361
515348
515327
515322
515260
515244
515216
515181
515131
515119
515104
515092
515083
515066
515016
515008
515001
514972
514966
514940
514898
514887
514872
514819
514804
514796
514768
514728
514711
514706
514696
514694
514686
514679
514677
514652
514604
514604
514599
514596
514574
514569
514561
514518
514516
514515
514513
514491
514470
514463
514445
514442
514432
514414
514373
514347
514342
514340
514318
514287
514270
514262
514250
514219
514200
514193
514171
514167
514167
514155
514148
514130
514105
514097
514064
514060
514059
514049
514020
513984
513974
513957
513843
513762
513714
513705
513704
513693
513673
513650
513648
513645
513613
513612
513609
513603
513586
513586
513582
513572
513549
513537
513494
513387
513376
513372
513349
513337
513329
513327
513325
513313
513301
513291
513278
513261
513250
513249
513245
513236
513172
513162
513158
513135
513107
513102
513094
513091
513086
513052
513047
513010
512974
512965
512936
512932
512926
512920
512908
512893
512877
512857
512852
512818
512816
512803
512793
512785
512785
512772
512753
512749
512723
512716
512686
512646
512629
512565
512559
512547
512540
512518
512501
512490
512465
512413
512380
512342
512338
512312
512312
512294
512290
512266
512262
512251
512247
512244
512235
512228
512211
512191
512191
512154
512123
512113
512080
512051
512041
511990
511967
511953
511921
511882
511881
511725
511711
511631
511587
511579
511558
511554
511553
511548
511529
511448
511447
511437
511431
511415
511413
511407
511388
511367
511347
511317
511304
511301
511293
511289
511257
511217
511215
511214
511206
511191
511183
511178
511157
511152
511150
511137
511127
511115
511106
511088
511069
511058
510991
510952
510921
510914
510900
510874
510860
510841
510824
510820
510804
510787
510764
510726
510694
510691
510677
510676
510665
510650
510633
510590
510582
510578
510559
510482
510471
510382
510381
510379
510334
510327
510229
510227
510221
510221
510209
510203
510203
510161
510140
510132
510128
510104
510088
510086
510083
510078
510073
510054
510052
510005
509995
509982
509975
509927
509881
509856
509801
509776
509770
509738
509649
509574
509542
509540
509539
509539
509502
509473
509389
509388
509377
509330
509319
509316
509291
509268
509257
509227
509186
509147
509143
509059
509050
509017
509009
508974
508953
508937
508903
508899
508895
508890
508884
508866
508843
508794
508739
508712
508672
508672
508650
508639
508628
508619
508609
508596
508593
508577
508562
508531
508516
508505
508457
508451
508446
508444
508365
508356
508344
508327
508311
508286
508243
508216
508215
508198
508186
508141
508122
508092
508079
508063
508031
508016
507960
507960
507904
507882
507835
507798
507781
507754
507720
507705
507704
507684
507643
507636
507636
507635
507582
507579
507557
507532
507514
507509
507460
507452
507387
507355
507294
507289
507271
507233
507172
507157
507155
507154
507121
507102
507080
507056
507049
507045
507035
507023
506988
506980
506975
506957
506935
506885
506884
506855
506837
506832
506812
506791
506778
506765
506747
506743
506720
506690
506650
506642
506627
506582
506581
506574
506569
506560
506546
506513
506507
506498
506485
506466
506440
506426
506390
506368
506311
506303
506296
506276
506268
506251
506239
506207
506177
506157
506147
506138
506128
506110
506088
506081
506050
506009
505965
505953
505928
505895
505890
505887
505881
505866
505855
505850
505672
505672
505660
505645
505631
505620
505618
505601
505572
505555
505541
505533
505514
505513
505489
505370
505340
505320
505310
505259
505248
505225
505213
505143
505131
505112
505102
505092
505061
505027
505017
505016
504998
504991
504981
504939
504908
504901
504891
504871
504789
504755
504722
504710
504683
504667
504660
504619
504602
504601
504543
504505
504489
504468
504465
504463
504454
504444
504406
504359
504358
504328
504294
504256
504251
504219
504215
504194
504143
504139
504125
504112
504065
504022
504000
503974
503963
503922
503820
503790
503759
503756
503687
503640
503634
503606
503603
503597
503597
503583
503547
503506
503493
503444
503405
503373
503334
503331
503310
503291
503286
503205
503135
503130
503127
503083
503077
503058
503028
503027
503015
503014
503006
503003
502984
502982
502907
502865
502864
502832
502818
502813
502792
502791
502777
502756
502715
502704
502669
502668
502644
502636
502630
502623
502613
502610
502565
502556
502549
502533
502468
502445
502418
502354
502333
502329
502318
502316
502308
502297
502289
502270
502199
502198
502170
502110
502105
502058
502019
502018
502003
502002
501998
501988
501968
501958
501934
501926
501902
501899
501895
501883
501844
501827
501815
501813
501813
501792
501771
501734
501722
501634
501604
501580
501579
501552
501527
501524
501523
501508
501497
501489
501460
501450
501433
501431
501429
501397
501375
501365
501364
501361
501361
501356
501352
501323
501177
501171
501155
501146
501119
501095
501057
501022
501009
500993
500988
500983
500963
500916
500910
500907
500885
500873
500871
500806
500764
500729
500715
500708
500646
500641
500614
500580
500566
500564
500545
500531
500521
500515
500492
500490
500469
500425
500413
500402
500395
500389
500383
500352
500328
500299
500294
500291
500280
500250
500212
500206
500206
500132
500111
500106
500087
500072
500056
500035
500014
500002
499973
499968
499946
499906
499898
499892
499882
499860
499825
499797
499783
499772
499753
499717
499699
499691
499690
499679
499665
499654
499634
499631
499626
499582
499578
499559
499515
499490
499429
499400
499378
499327
499320
499311
499299
499261
499209
499203
499179
499161
499161
499160
499155
499132
499117
499113
499055
499037
498997
498990
498984
498981
498981
498974
498952
498940
498931
498929
498871
498847
498819
498815
498789
498760
498757
498737
498729
498709
498703
498640
498607
498577
498525
498503
498499
498487
498419
498411
498411
498405
498396
498383
498327
498304
498271
498266
498261
498261
498260
498259
498231
498144
498131
498111
498081
498067
498042
497989
497950
497918
497903
497894
497891
497863
497844
497819
497812
497812
497810
497796
497753
497750
497748
497738
497709
497700
497696
497678
497653
497626
497606
497599
497599
497570
497570
497558
497542
497538
497523
497522
497518
497516
497515
497514
497508
497505
497496
497493
497476
497436
497424
497420
497360
497333
497332
497323
497295
497287
497273
497241
497219
497218
497206
497199
497195
497191
497176
497169
497138
497135
497127
497118
497085
497074
497068
497066
497065
497012
497007
496985
496974
496974
496941
496879
496857
496853
496833
496831
496828
496787
496743
496728
496680
496638
496567
496562
496561
496552
496524
496501
496495
496480
496473
496472
496450
496442
496420
496406
496405
496379
496378
496362
496348
496346
496345
496337
496329
496321
496317
496315
496243
496183
496163
496163
496130
496122
496121
496103
496086
496065
496038
496037
496000
495975
495943
495941
495923
495913
495903
495894
495893
495858
495848
495780
495769
495755
495753
495726
495695
495661
495642
495544
495529
495503
495469
495463
495429
495412
495337
495298
495216
495171
495170
495159
495121
495115
495110
495108
495039
495027
495022
495002
494995
494989
494983
494973
494972
494929
494926
494912
494878
494852
494851
494829
494814
494813
494810
494797
494766
494761
494760
494752
494747
494741
494727
494717
494703
494703
494640
494630
494595
494584
494582
494559
494514
494493
494477
494472
494465
494438
494429
494334
494278
494243
494220
494164
494114
494091
494074
494055
493992
493982
493976
493953
493952
493933
493927
493922
493873
493871
493848
493807
493796
493782
493781
493766
493755
493748
493719
493717
493702
493690
493676
493659
493615
493595
493575
493567
493562
493552
493549
493547
493501
493498
493492
493490
493469
493450
493432
493424
493420
493418
493365
493325
493288
493268
493256
493165
493153
493068
493054
492979
492967
492929
492914
492863
492854
492845
492815
492793
492792
492772
492757
492724
492717
492715
492620
492597
492580
492534
492476
492449
492431
492418
492414
492411
492397
492371
492349
492322
492312
492289
492279
492251
492227
492227
492219
492213
492212
492168
492161
492144
492132
492126
492090
492064
492063
492042
492025
492009
491989
491981
491966
491926
491910
491904
491903
491869
491858
491854
491847
491844
491809
491804
491777
491767
491765
491722
491714
491710
491705
491686
491678
491665
491660
491650
491631
491619
491616
491612
491593
491587
491577
491559
491559
491533
491526
491520
491472
491424
491335
491333
491294
491264
491150
491140
491115
491094
491075
491071
491048
491015
491013
491008
490998
490981
490970
490933
490901
490900
490899
490869
490856
490809
490747
490728
490711
490706
490696
490688
490647
490592
490556
490545
490530
490500
490486
490475
490454
490449
490429
490412
490408
490347
490345
490343
490322
490317
490315
490279
490279
490274
490265
490262
490246
490237
490233
490180
490175
490171
490166
490158
490154
490153
490144
490106
490105
490101
490099
490051
490046
490042
490023
490017
489946
489916
489894
489878
489859
489813
489796
489770
489752
489740
489730
489710
489710
489709
489706
489701
489697
489659
489636
489624
489577
489573
489554
489543
489527
489495
489487
489479
489408
489389
489366
489350
489318
489263
489263
489246
489191
489102
489077
489042
489030
489028
489009
489002
488939
488882
488879
488878
488844
488839
488830
488818
488804
488769
488724
488684
488657
488651
488647
488576
488574
488560
488559
488548
488543
488529
488517
488509
488506
488481
488467
488445
488443
488390
488338
488315
488242
488215
488211
488193
488182
488125
488100
488078
488063
488009
487967
487963
487844
487837
487836
487826
487822
487815
487773
487769
487761
487746
487717
487702
487673
487663
487656
487644
487608
487581
487564
487517
487495
487484
487444
487440
487424
487409
487409
487379
487372
487334
487307
487303
487277
487244
487238
487236
487228
487202
487187
487184
487148
487130
487116
487104
487090
487088
487059
487050
487018
486973
486958
486947
486946
486945
486935
486925
486921
486919
486910
486863
486863
486831
486811
486799
486784
486775
486762
486759
486726
486681
486666
486648
486627
486614
486574
486539
486525
486518
486504
486503
486465
486431
486430
486398
486314
486313
486303
486283
486275
486232
486212
486210
486195
486194
486189
486183
486144
486128
486117
485999
485996
485978
485946
485862
485814
485769
485753
485689
485664
485654
485608
485575
485570
485563
485538
485535
485519
485518
485469
485469
485467
485423
485401
485398
485384
485377
485369
485365
485363
485340
485324
485291
485284
485180
485170
485164
485150
485139
485128
485126
485109
485101
485101
485092
485079
485017
485002
484993
484989
484986
484978
484967
484955
484949
484947
484934
484924
484905
484837
484824
484824
484821
484814
484811
484809
484751
484749
484740
484735
484681
484669
484652
484650
484633
484599
484595
484512
484495
484480
484458
484377
484358
484355
484352
484345
484344
484334
484332
484332
484286
484284
484283
484257
484247
484246
484238
484237
484211
484173
484162
484144
484142
484139
484107
484103
484096
484057
484030
484026
484011
484005
484001
483958
483918
483918
483856
483837
483783
483783
483772
483768
483731
483702
483689
483674
483674
483660
483649
483648
483585
483584
483569
483536
483536
483534
483528
483526
483522
483499
483493
483485
483478
483473
483457
483456
483385
483384
483356
483342
483333
483326
483323
483314
483283
483229
483225
483219
483197
483166
483125
483124
483104
483070
483060
483011
482981
482919
482851
482830
482820
482782
482753
482749
482702
482691
482691
482691
482689
482685
482668
482663
482646
482636
482631
482581
482520
482479
482453
482451
482422
482400
482377
482323
482318
482252
482241
482201
482177
482165
482066
482051
482046
482025
482005
481999
481980
481980
481970
481967
481911
481902
481875
481860
481855
481844
481765
481758
481730
481706
481702
481691
481658
481646
481639
481602
481598
481578
481549
481528
481527
481527
481494
481476
481462
481439
481428
481406
481405
481400
481399
481372
481372
481357
481349
481333
481299
481281
481280
481260
481238
481187
481185
481155
481152
481149
481148
481134
481132
481122
481111
481109
481085
481056
481055
481037
481000
480925
480915
480901
480889
480876
480839
480830
480797
480768
480741
480731
480722
480691
480662
480658
480634
480614
480611
480603
480587
480572
480562
480552
480513
480513
480510
480472
480471
480444
480444
480430
480408
480380
480378
480353
480320
480310
480294
480289
480286
480245
480212
480198
480198
480179
480173
480166
480102
480060
480051
480034
480018
480014
480009
479987
479979
479977
479959
479947
479893
479881
479873
479863
479855
479833
479796
479779
479731
479718
479709
479657
479646
479641
479609
479585
479581
479563
479561
479550
479544
479533
479503
479498
479497
479434
479421
479367
479359
479354
479340
479334
479317
479290
479202
479189
479185
479170
479162
479128
479111
479083
479073
479060
479056
479056
479030
478997
478971
478970
478855
478802
478764
478745
478727
478723
478686
478686
478662
478630
478600
478578
478575
478534
478509
478493
478493
478491
478489
478335
478319
478292
478265
478224
478216
478215
478180
478156
478132
478121
478081
478052
478032
478026
478002
477992
477964
477944
477909
477878
477871
477867
477855
477846
477845
477815
477812
477798
477786
477781
477765
477735
477725
477721
477713
477709
477707
477684
477646
477645
477630
477611
477604
477570
477563
477539
477533
477512
477493
477468
477391
477356
477293
477249
477233
477231
477230
477205
477174
477168
477155
477148
477141
477127
477073
477048
477027
476981
476949
476922
476916
476896
476885
476826
476824
476801
476797
476792
476769
476768
476764
476747
476702
476674
476651
476650
476644
476636
476636
476630
476612
476572
476552
476546
476462
476434
476432
476405
476389
476325
476294
476281
476262
476260
476225
476185
476174
476137
476119
476118
476086
476084
476082
476073
476040
476021
475989
475957
475920
475912
475909
475901
475900
475872
475834
475831
475818
475788
475747
475710
475702
475651
475618
475611
475602
475582
475555
475541
475520
475460
475437
475423
475417
475398
475394
475392
475385
475352
475342
475330
475298
475250
475241
475236
475172
475162
475142
475130
475126
475108
475106
475101
475080
475079
475064
475059
475043
475039
475034
474985
474957
474939
474901
474900
474893
474860
474843
474829
474740
474707
474657
474639
474637
474613
474612
474606
474590
474586
474578
474564
474556
474555
474497
474490
474474
474462
474444
474421
474407
474400
474374
474372
474358
474349
474343
474336
474328
474290
474286
474279
474245
474241
474221
474205
474141
474137
474134
474117
474112
474111
474102
474078
474066
474022
474007
473984
473977
473933
473902
473900
473880
473876
473860
473815
473793
473785
473782
473759
473754
473724
473695
473688
473669
473642
473612
473605
473583
473550
473548
473521
473510
473508
473460
473451
473441
473413
473412
473406
473336
473300
473274
473244
473239
473231
473224
473218
473190
473179
473158
473156
473077
473077
473066
473026
473001
472988
472933
472920
472903
472897
472891
472887
472873
472854
472852
472830
472828
472764
472725
472683
472649
472646
472645
472618
472604
472550
472509
472491
472464
472463
472451
472433
472365
472361
472354
472328
472311
472308
472281
472266
472261
472236
472215
472195
472108
472052
472046
472043
472015
472006
471956
471907
471903
471892
471881
471875
471851
471826
471798
471797
471785
471768
471751
471749
471737
471704
471684
471654
471649
471643
471637
471604
471569
471561
471554
471534
471517
471510
471488
471454
471430
471423
471420
471410
471404
471391
471366
471355
471348
471309
471301
471269
471267
471246
471244
471210
471205
471192
471144
471122
471109
471081
471059
471043
471028
471005
471003
470991
470972
470965
470917
470901
470895
470889
470883
470877
470860
470857
470822
470809
470807
470783
470782
470781
470744
470731
470688
470657
470648
470605
470588
470531
470488
470438
470419
470397
470394
470383
470371
470349
470348
470284
470275
470269
470258
470256
470236
470218
470174
470162
470113
470113
470109
470095
470047
470034
470016
469986
469975
469969
469954
469859
469858
469853
469824
469796
469724
469704
469690
469677
469667
469624
469617
469613
469600
469592
469574
469557
469553
469545
469507
469489
469470
469465
469464
469448
469433
469386
469358
469353
469326
469322
469298
469296
469286
469278
469267
469250
469224
469210
469210
469184
469180
469165
469162
469161
469146
469145
469112
469106
469103
469090
469044
469043
468990
468978
468955
468942
468935
468934
468889
468886
468860
468830
468793
468786
468782
468766
468730
468728
468715
468711
468699
468670
468655
468585
468563
468548
468533
468526
468470
468460
468454
468427
468416
468380
468378
468376
468357
468337
468332
468312
468305
468290
468226
468192
468188
468166
468141
468123
468031
468016
467987
467969
467949
467925
467919
467918
467805
467790
467776
467756
467737
467701
467668
467634
467622
467609
467603
467579
467572
467563
467549
467543
467487
467432
467425
467348
467337
467298
467277
467199
467147
467099
467062
467021
466972
466958
466955
466914
466894
466866
466866
466851
466835
466825
466817
466812
466766
466763
466727
466723
466643
466636
466630
466600
466596
466560
466552
466466
466462
466441
466436
466414
466410
466379
466346
466332
466308
466290
466287
466251
466246
466241
466214
466202
466194
466190
466190
466168
466094
466084
466082
466065
466055
465997
465993
465980
465976
465961
465950
465874
465859
465856
465805
465782
465758
465737
465729
465692
465636
465619
465612
465612
465599
465598
465586
465578
465574
465562
465557
465522
465515
465491
465463
465458
465415
465403
465398
465396
465340
465336
465295
465288
465251
465239
465238
465229
465219
465085
465085
465085
465081
465073
465052
465051
465036
465025
465012
465010
464999
464992
464945
464944
464944
464912
464884
464883
464867
464838
464831
464811
464810
464807
464801
464801
464777
464754
464742
464724
464696
464659
464650
464609
464570
464532
464484
464470
464445
464426
464413
464378
464366
464344
464331
464301
464284
464284
464269
464264
464235
464230
464188
464134
464131
464104
464095
464065
464057
464055
464037
464011
463979
463970
463952
463934
463929
463919
463909
463896
463892
463883
463877
463872
463837
463833
463829
463810
463795
463784
463750
463742
463732
463726
463714
463678
463651
463609
463554
463550
463536
463524
463488
463464
463454
463449
463449
463413
463406
463381
463380
463350
463342
463292
463280
463253
463247
463233
463231
463227
463197
463164
463150
463100
463093
463085
463078
463070
463052
463003
462991
462990
462974
462963
462916
462912
462904
462901
462881
462878
462870
462805
462753
462748
462727
462664
462640
462611
462609
462597
462567
462563
462550
462536
462504
462483
462482
462479
462472
462454
462449
462437
462421
462398
462365
462341
462307
462306
462299
462297
462260
462259
462184
462156
462141
462122
462084
462014
462006
461977
461973
461962
461935
461934
461915
461839
461837
461817
461813
461810
461806
461686
461666
461649
461639
461618
461617
461585
461560
461547
461466
461450
461433
461428
461424
461418
461356
461356
461352
461344
461327
461316
461308
461302
461293
461253
461219
461211
461160
461141
461141
461129
461114
461099
461073
461065
461064
461022
460993
460989
460989
460973
460947
460933
460927
460926
460918
460895
460893
460886
460866
460850
460848
460826
460766
460763
460757
460728
460723
460720
460715
460704
460701
460677
460645
460626
460592
460582
460571
460546
460546
460545
460541
460523
460514
460488
460442
460416
460415
460383
460304
460262
460150
460138
460134
460126
460104
460094
460085
460066
460029
460029
459967
459953
459890
459872
459841
459789
459744
459742
459736
459708
459663
459627
459596
459519
459516
459500
459493
459378
459319
459306
459285
459273
459249
459202
459195
459194
459184
459135
459110
459063
459007
458992
458980
458977
458965
458926
458912
458884
458883
458833
458785
458760
458758
458740
458740
458726
458714
458692
458678
458670
458632
458618
458610
458605
458556
458541
458525
458516
458499
458485
458442
458438
458424
458399
458354
458346
458306
458300
458169
458149
458144
458141
458129
458122
458119
458087
458083
458056
458040
457995
457978
457962
457946
457941
457936
457934
457889
457883
457869
457832
457828
457814
457778
457768
457754
457747
457698
457686
457672
457652
457607
457577
457537
457508
457478
457461
457420
457383
457377
457358
457315
457308
457283
457267
457265
457257
457255
457252
457224
457179
457126
457089
457050
457050
457041
457040
457037
457035
457032
457028
457025
457024
457012
456984
456974
456955
456950
456928
456860
456833
456833
456817
456813
456812
456786
456711
456649
456631
456584
456573
456564
456562
456534
456528
456491
456489
456477
456401
456398
456389
456318
456300
456295
456286
456256
456216
456163
456149
456139
456133
456122
456102
456092
456090
456077
456062
456054
456017
456015
456014
455993
455986
455930
455906
455905
455867
455844
455825
455797
455784
455765
455746
455723
455704
455695
455680
455679
455651
455643
455633
455620
455598
455536
455529
455472
455432
455387
455344
455340
455270
455259
455259
455245
455244
455243
455225
455137
455113
455022
455005
454991
454965
454908
454905
454868
454866
454812
454792
454780
454770
454762
454735
454723
454690
454660
454659
454633
454616
454613
454591
454529
454508
454499
454496
454459
454402
454384
454369
454338
454293
454275
454241
454228
454219
454211
454192
454123
454121
454113
454082
454081
454022
453994
453985
453980
453973
453973
453973
453958
453948
453936
453898
453897
453888
453883
453871
453869
453816
453814
453788
453765
453762
453754
453732
453712
453673
453671
453671
453662
453645
453634
453610
453592
453586
453543
453502
453499
453480
453458
453443
453413
453399
453371
453369
453350
453343
453292
453286
453248
453242
453213
453188
453118
453069
453057
453038
453022
453021
452997
452958
452943
452939
452922
452881
452870
452854
452852
452818
452804
452769
452763
452736
452733
452732
452712
452707
452705
452683
452666
452659
452649
452644
452619
452592
452589
452586
452566
452552
452551
452520
452500
452497
452456
452446
452415
452407
452385
452363
452348
452344
452319
452282
452260
452218
452218
452200
452190
452186
452163
452159
452144
452104
452102
452076
452045
452039
451978
451974
451973
451929
451903
451897
451811
451792
451790
451788
451785
451777
451772
451696
451692
451674
451672
451655
451634
451575
451497
451468
451463
451453
451441
451407
451375
451318
451300
451274
451272
451265
451246
451222
451204
451178
451154
451136
451124
451110
451083
451079
451071
451060
451055
450989
450986
450972
450955
450942
450942
450941
450906
450896
450889
450879
450877
450848
450848
450846
450841
450822
450814
450795
450772
450770
450769
450730
450667
450661
450651
450636
450592
450589
450567
450540
450514
450476
450471
450445
450433
450428
450421
450417
450413
450391
450388
450387
450343
450337
450335
450322
450302
450284
450278
450232
450210
450154
450148
450146
450141
450138
450127
450117
450095
450093
450050
450026
450025
449977
449965
449931
449904
449868
449838
449797
449795
449782
449767
449728
449713
449692
449681
449656
449630
449630
449569
449496
449480
449477
449457
449457
449428
449425
449407
449402
449392
449381
449367
449336
449331
449326
449313
449309
449305
449300
449282
449258
449237
449230
449216
449216
449200
449196
449189
449183
449173
449170
449166
449162
449144
449107
449104
449079
449068
448983
448982
448955
448935
448919
448901
448883
448875
448860
448828
448810
448805
448788
448784
448758
448756
448751
448737
448674
448636
448605
448588
448585
448503
448497
448490
448483
448464
448459
448392
448390
448389
448345
448333
448329
448247
448245
448187
448148
448143
448116
448101
448080
448062
448056
448043
448032
447982
447953
447932
447844
447844
447812
447776
447724
447712
447702
447660
447645
447644
447606
447574
447524
447506
447444
447428
447427
447422
447391
447387
447378
447368
447366
447307
447292
447272
447232
447124
447105
447094
447092
447084
447078
447077
447068
447063
447049
447041
447037
446968
446967
446950
446944
446941
446907
446893
446885
446868
446849
446837
446768
446767
446704
446683
446672
446646
446639
446605
446586
446568
446540
446530
446521
446495
446475
446472
446425
446384
446380
446364
446334
446317
446278
446263
446261
446242
446231
446227
446220
446208
446200
446189
446182
446182
446172
446170
446161
446109
446079
446057
446026
445921
445889
445879
445849
445811
445804
445769
445769
445722
445694
445663
445599
445598
445581
445572
445542
445532
445500
445474
445466
445446
445394
445375
445371
445357
445288
445286
445270
445259
445225
445213
445209
445152
445131
445099
445063
445057
445006
444970
444951
444920
444886
444885
444881
444825
444819
444752
444735
444720
444702
444699
444669
444665
444655
444649
444639
444606
444594
444593
444592
444571
444561
444544
444520
444499
444471
444454
444449
444413
444400
444385
444380
444378
444370
444365
444361
444351
444350
444342
444339
444327
444302
444299
444262
444259
444241
444205
444189
444181
444163
444153
444138
444115
443996
443981
443978
443966
443868
443865
443859
443714
443713
443686
443682
443615
443560
443547
443509
443497
443458
443414
443406
443394
443388
443386
443363
443344
443322
443312
443274
443263
443201
443183
443170
443154
443152
443132
443076
443055
443024
442923
442883
442872
442869
442822
442815
442780
442773
442770
442769
442714
442695
442667
442635
442634
442606
442602
442488
442462
442426
442407
442391
442386
442377
442357
442349
442328
442272
442257
442254
442235
442232
442218
442217
442180
442155
442150
442121
442119
442084
442060
442044
441977
441966
441957
441845
441836
441821
441821
441813
441805
441774
441724
441722
441710
441694
441666
441630
441600
441598
441588
441506
441470
441434
441433
441429
441411
441409
441399
441386
441384
441379
441370
441363
441334
441315
441312
441294
441254
441241
441230
441210
441178
441172
441158
441146
441146
441141
441135
441126
441103
441087
441071
441064
441063
441062
441038
440967
440960
440921
440907
440901
440871
440865
440852
440848
440808
440773
440767
440759
440756
440738
440736
440711
440692
440653
440649
440555
440543
440525
440515
440507
440485
440476
440411
440390
440377
440359
440329
440300
440291
440255
440251
440250
440247
440236
440233
440232
440229
440219
440190
440155
440143
440143
440127
440061
440055
440048
440030
440030
440027
439999
439985
439972
439959
439935
439908
439788
439766
439761
439760
439758
439746
439730
439720
439707
439627
439625
439617
439593
439579
439568
439558
439558
439558
439452
439440
439413
439403
439397
439347
439314
439295
439222
439206
439177
439177
439158
439149
439147
439145
439120
439116
439086
439083
439070
439055
439043
439041
439025
439021
439003
438993
438949
438929
438924
438921
438898
438893
438804
438802
438794
438781
438777
438775
438739
438721
438666
438652
438646
438631
438615
438573
438550
438526
438495
438482
438473
438445
438412
438386
438348
438335
438314
438303
438250
438182
438173
438156
438122
438110
438090
438089
438072
438070
438066
438047
438037
438023
438015
437981
437973
437844
437840
437836
437820
437818
437812
437802
437789
437768
437764
437750
437714
437693
437621
437610
437551
437477
437474
437462
437461
437459
437456
437422
437420
437393
437389
437386
437378
437329
437275
437265
437241
437238
437232
437191
437169
437139
437108
437108
437089
437082
437069
437041
437039
437033
437029
437029
437026
437016
436993
436984
436921
436920
436869
436868
436857
436849
436827
436827
436760
436751
436751
436724
436707
436703
436654
436645
436642
436617
436580
436537
436513
436505
436425
436424
436418
436410
436393
436386
436311
436276
436147
436122
436120
436110
436088
436085
436081
436076
436066
436065
436061
436053
436052
436050
436020
435995
435988
435985
435975
435972
435969
435919
435858
435821
435812
435811
435805
435759
435756
435745
435714
435701
435670
435660
435651
435630
435555
435544
435522
435518
435511
435509
435508
435480
435473
435460
435449
435422
435418
435412
435354
435335
435313
435289
435252
435219
435210
435156
435152
435147
435147
435135
435080
435072
435070
435064
435038
435019
435012
434978
434977
434965
434961
434948
434932
434921
434916
434908
434890
434873
434871
434849
434825
434824
434762
434749
434747
434742
434712
434706
434693
434683
434679
434650
434581
434576
434575
434441
434412
434391
434362
434340
434300
434297
434277
434266
434254
434251
434249
434210
434156
434142
434129
434101
434071
434056
434051
434021
433976
433972
433936
433929
433897
433871
433856
433849
433830
433814
433806
433791
433780
433748
433728
433726
433711
433669
433619
433611
433608
433607
433571
433548
433528
433518
433489
433486
433485
433481
433463
433451
433433
433427
433395
433382
433370
433340
433317
433222
433209
433188
433168
433145
433122
433106
433100
433070
433055
433049
433011
433010
432965
432928
432920
432898
432831
432814
432813
432799
432771
432755
432725
432723
432702
432685
432684
432669
432616
432599
432547
432545
432518
432491
432454
432451
432439
432412
432391
432386
432379
432364
432344
432344
432329
432313
432295
432282
432239
432227
432225
432206
432201
432200
432187
432177
432173
432156
432153
432137
432086
432077
432035
432016
431974
431955
431948
431913
431911
431896
431885
431884
431859
431838
431833
431819
431818
431799
431783
431772
431762
431734
431711
431686
431671
431654
431652
431628
431604
431602
431598
431566
431558
431554
431545
431521
431509
431489
431456
431440
431428
431418
431412
431368
431358
431338
431327
431320
431287
431261
431252
431251
431251
431225
431200
431186
431172
431146
431139
431138
431098
431093
431040
431027
431007
431004
430958
430943
430942
430924
430883
430862
430855
430855
430839
430832
430822
430802
430786
430773
430773
430749
430734
430696
430672
430655
430600
430591
430507
430497
430428
430414
430393
430374
430368
430357
430337
430299
430238
430230
430187
430170
430156
430121
430040
430017
429953
429935
429917
429869
429849
429830
429784
429765
429765
429740
429724
429717
429716
429696
429691
429615
429607
429571
429569
429552
429547
429532
429521
429515
429485
429470
429461
429414
429389
429388
429359
429345
429318
429256
429248
429228
429218
429209
429161
429110
429109
429084
429065
429009
428971
428945
428887
428876
428875
428864
428863
428857
428840
428823
428763
428716
428691
428651
428647
428643
428640
428575
428549
428541
428528
428509
428470
428468
428454
428441
428440
428437
428397
428387
428385
428379
428362
428335
428326
428308
428291
428263
428236
428208
428200
428123
428113
428094
428035
428030
427997
427962
427941
427930
427918
427898
427866
427821
427792
427720
427717
427707
427701
427699
427697
427685
427674
427664
427656
427604
427506
427501
427467
427456
427440
427431
427421
427403
427403
427399
427377
427375
427361
427341
427321
427296
427292
427262
427239
427211
427206
427178
427172
427138
427131
427130
427125
427052
427037
427028
426901
426884
426877
426863
426837
426746
426745
426728
426726
426725
426724
426688
426685
426662
426651
426623
426606
426587
426569
426527
426516
426425
426398
426336
426331
426287
426237
426210
426201
426193
426183
426174
426135
426117
426114
426108
426065
426024
425990
425980
425958
425947
425912
425889
425878
425848
425844
425813
425802
425793
425784
425777
425733
425728
425708
425705
425699
425695
425661
425654
425649
425646
425637
425595
425594
425559
425546
425540
425515
425472
425455
425439
425434
425416
425392
425372
425345
425339
425281
425276
425274
425259
425243
425226
425186
425172
425111
425100
425097
425092
425059
425053
425050
425047
425033
424965
424900
424891
424873
424862
424838
424820
424784
424782
424746
424693
424643
424560
424559
424545
424507
424488
424476
424471
424437
424411
424410
424353
424342
424340
424300
424284
424272
424263
424262
424262
424256
424249
424246
424230
424217
424201
424163
424138
424125
424121
424121
424093
424072
424066
424040
424034
424010
423928
423916
423903
423857
423781
423780
423769
423761
423756
423752
423746
423717
423681
423661
423649
423610
423599
423588
423587
423586
423579
423539
423535
423524
423519
423514
423489
423478
423463
423442
423433
423424
423424
423422
423398
423397
423389
423387
423355
423355
423329
423327
423323
423320
423314
423286
423282
423237
423105
423079
423068
423058
423048
422985
422984
422967
422961
422959
422868
422803
422776
422766
422750
422723
422672
422658
422649
422640
422582
422562
422559
422546
422543
422539
422535
422523
422515
422491
422462
422453
422452
422438
422399
422352
422347
422340
422339
422328
422321
422285
422249
422230
422206
422190
422156
422093
422085
422026
421973
421961
421948
421847
421838
421808
421804
421800
421744
421742
421734
421707
421697
421691
421687
421668
421644
421623
421622
421591
421560
421560
421547
421536
421530
421500
421499
421492
421481
421475
421460
421452
421345
421317
421313
421289
421285
421277
421276
421275
421275
421253
421214
421194
421179
421167
421135
421128
421120
421090
421088
421069
421027
421009
421001
420978
420956
420930
420929
420917
420908
420840
420825
420787
420777
420766
420708
420685
420682
420670
420635
420594
420568
420544
420496
420480
420454
420404
420400
420375
420374
420352
420343
420316
420308
420272
420268
420245
420238
420223
420208
420190
420158
420117
420076
420050
420044
420018
420010
419994
419983
419976
419976
419926
419914
419904
419898
419877
419815
419804
419778
419764
419741
419713
419708
419691
419688
419674
419660
419649
419624
419588
419585
419580
419576
419569
419555
419554
419534
419494
419485
419478
419469
419431
419404
419403
419357
419354
419349
419315
419313
419304
419297
419294
419283
419264
419235
419184
419183
419155
419131
419120
419111
419101
419092
419046
419043
419030
418993
418946
418933
418868
418858
418826
418821
418809
418806
418768
418756
418749
418705
418700
418700
418639
418569
418514
418501
418480
418473
418421
418410
418378
418378
418374
418276
418219
418197
418192
418190
418187
418052
418035
418033
418021
418013
417965
417901
417896
417843
417827
417802
417781
417759
417755
417719
417683
417676
417674
417655
417655
417634
417621
417599
417580
417580
417571
417552
417551
417543
417541
417538
417536
417534
417514
417488
417482
417463
417414
417375
417336
417333
417322
417317
417316
417313
417312
417302
417296
417287
417282
417262
417251
417238
417217
417180
417136
417089
417070
417063
417062
417059
416996
416995
416993
416974
416956
416926
416909
416889
416826
416777
416751
416730
416716
416664
416662
416652
416592
416541
416506
416382
416378
416356
416352
416351
416337
416297
416288
416279
416237
416223
416191
416166
416153
416138
416119
416105
416081
416079
416045
416007
415952
415949
415938
415885
415822
415782
415757
415745
415660
415654
415643
415628
415619
415600
415526
415447
415439
415422
415416
415408
415391
415354
415337
415330
415318
415305
415302
415285
415279
415276
415204
415165
415160
415139
415136
415105
415091
415077
415062
415001
414988
414971
414957
414927
414906
414888
414872
414854
414849
414842
414829
414770
414770
414752
414752
414749
414742
414736
414715
414715
414708
414680
414601
414584
414576
414557
414510
414500
414490
414482
414464
414448
414434
414414
414413
414404
414396
414356
414353
414287
414277
414266
414244
414231
414170
414155
414149
414111
414089
414036
414030
414015
414012
414003
413988
413941
413939
413925
413903
413902
413895
413887
413850
413831
413830
413778
413777
413773
413755
413747
413745
413709
413706
413693
413661
413642
413611
413608
413577
413560
413559
413514
413487
413474
413465
413434
413404
413398
413384
413381
413370
413361
413349
413330
413284
413267
413257
413233
413225
413204
413201
413201
413197
413178
413145
413119
413096
413070
413012
412993
412974
412972
412966
412963
412898
412881
412871
412838
412834
412783
412751
412713
412690
412596
412594
412584
412580
412556
412543
412542
412533
412501
412499
412460
412450
412440
412399
412393
412380
412377
412374
412369
412297
412281
412269
412262
412260
412255
412253
412227
412195
412144
412063
412060
412060
412055
412010
411999
411993
411982
411953
411939
411881
411872
411764
411744
411736
411721
411713
411695
411680
411645
411628
411618
411615
411576
411572
411540
411514
411508
411484
411433
411425
411363
411347
411333
411303
411286
411284
411276
411250
411200
411163
411135
411055
411055
411053
411001
410967
410931
410885
410882
410852
410842
410834
410763
410749
410734
410729
410706
410693
410643
410637
410593
410579
410527
410519
410482
410459
410450
410433
410402
410379
410375
410371
410355
410320
410317
410283
410280
410273
410260
410258
410252
410243
410195
410168
410150
410136
410075
410056
410023
410020
410001
409961
409925
409914
409914
409903
409846
409833
409769
409755
409733
409732
409713
409687
409645
409594
409584
409556
409545
409511
409495
409491
409457
409447
409432
409431
409404
409393
409392
409385
409377
409318
409289
409288
409239
409231
409228
409217
409217
409189
409186
409185
409162
409142
409135
409133
409124
409108
409087
409071
409057
409041
409021
409009
408997
408966
408930
408904
408889
408872
408871
408856
408853
408832
408779
408774
408771
408763
408763
408751
408735
408724
408680
408678
408677
408663
408659
408609
408586
408580
408576
408553
408542
408535
408507
408498
408440
408376
408350
408336
408316
408296
408263
408234
408192
408178
408174
408080
408065
408028
408007
407971
407962
407959
407952
407912
407906
407877
407850
407850
407818
407665
407648
407602
407584
407583
407565
407512
407503
407470
407466
407440
407421
407404
407386
407377
407358
407329
407326
407307
407253
407179
407151
407105
407104
407101
407092
407020
407017
406963
406957
406957
406940
406927
406914
406910
406850
406849
406794
406791
406778
406769
406737
406704
406686
406668
406596
406575
406527
406524
406509
406504
406490
406484
406479
406476
406473
406468
406459
406458
406452
406429
406424
406419
406380
406374
406368
406368
406330
406318
406298
406265
406201
406174
406164
406126
406111
406088
406074
406060
405995
405986
405937
405935
405911
405878
405858
405854
405828
405782
405761
405728
405728
405653
405629
405601
405585
405532
405515
405504
405496
405492
405438
405437
405427
405425
405411
405353
405349
405341
405331
405288
405265
405262
405254
405254
405236
405227
405226
405207
405206
405177
405157
405108
405106
405104
405092
405069
405032
405030
404913
404906
404894
404888
404886
404843
404817
404801
404776
404776
404738
404726
404692
404687
404682
404661
404653
404650
404635
404577
404560
404545
404533
404531
404518
404513
404511
404474
404469
404455
404419
404417
404409
404402
404376
404328
404318
404307
404306
404305
404293
404291
404274
404270
404269
404235
404222
404220
404191
404190
404184
404155
404150
404141
404109
404084
404079
404053
404049
404046
404001
403986
403919
403919
403850
403849
403830
403829
403825
403812
403770
403754
403744
403736
403699
403671
403618
403611
403604
403604
403595
403550
403547
403537
403512
403509
403499
403490
403415
403380
403366
403339
403327
403260
403256
403239
403217
403213
403208
403192
403188
403180
403176
403167
403149
403145
403140
403117
403109
403108
403108
403041
403022
402976
402965
402955
402897
402807
402770
402711
402708
402695
402692
402679
402668
402649
402643
402622
402620
402612
402599
402589
402585
402583
402572
402569
402551
402531
402508
402408
402352
402339
402299
402292
402291
402281
402280
402260
402259
402257
402243
402200
402196
402187
402183
402179
402145
402144
402128
402097
402092
402081
402066
402066
402045
402040
402031
401989
401957
401935
401898
401867
401862
401818
401811
401796
401779
401777
401767
401752
401743
401714
401697
401680
401680
401640
401532
401526
401526
401523
401439
401436
401431
401424
401415
401413
401370
401348
401327
401310
401310
401294
401288
401260
401259
401258
401232
401219
401197
401185
401140
401139
401133
401058
401017
400918
400909
400893
400877
400851
400826
400799
400734
400693
400673
400632
400616
400606
400598
400593
400583
400564
400516
400516
400508
400493
400492
400476
400458
400410
400389
400348
400347
400323
400262
400253
400251
400236
400205
400165
400152
400125
400051
400022
400009
399989
399947
399818
399796
399769
399685
399670
399616
399583
399581
399565
399552
399539
399526
399514
399463
399460
399458
399454
399441
399430
399416
399407
399355
399333
399302
399281
399273
399168
399163
399134
399129
399086
399080
399074
399066
399058
399045
398944
398915
398913
398893
398854
398837
398830
398827
398781
398779
398755
398719
398714
398668
398657
398640
398626
398548
398542
398492
398480
398476
398440
398421
398395
398381
398379
398364
398332
398328
398289
398265
398261
398251
398224
398220
398216
398198
398163
398102
398100
398077
398036
398028
398025
397987
397945
397937
397931
397927
397898
397890
397889
397878
397832
397807
397807
397805
397804
397741
397717
397711
397706
397694
397687
397682
397639
397588
397578
397538
397525
397496
397414
397395
397394
397299
397278
397273
397270
397265
397264
397253
397244
397238
397180
397160
397130
397107
397099
397058
397048
397027
396964
396954
396939
396926
396881
396852
396840
396833
396819
396810
396805
396773
396765
396730
396693
396650
396631
396615
396573
396551
396542
396542
396534
396527
396460
396448
396410
396400
396400
396380
396373
396369
396325
396308
396303
396294
396268
396266
396253
396249
396246
396229
396214
396193
396149
396124
396114
396062
395959
395943
395943
395921
395918
395860
395844
395836
395823
395794
395785
395742
395740
395728
395713
395648
395643
395639
395599
395562
395533
395529
395517
395505
395469
395437
395423
395365
395353
395325
395324
395289
395157
395149
395104
395083
395038
395020
395017
395016
395005
394975
394938
394936
394936
394933
394929
394910
394892
394885
394884
394884
394862
394857
394832
394776
394750
394746
394719
394709
394698
394680
394670
394669
394588
394557
394541
394479
394469
394467
394429
394413
394407
394400
394390
394359
394339
394331
394322
394301
394274
394252
394242
394229
394212
394210
394210
394206
394202
394188
394172
394165
394146
394118
394116
394103
394083
394079
394065
394033
393984
393961
393951
393939
393932
393891
393841
393836
393802
393779
393773
393768
393706
393693
393690
393682
393658
393637
393625
393620
393615
393608
393608
393599
393569
393538
393532
393528
393517
393507
393464
393456
393453
393431
393421
393410
393394
393370
393367
393343
393341
393331
393326
393325
393277
393244
393231
393221
393194
393193
393187
393182
393129
393109
393094
393080
393077
393066
393062
393059
393042
393037
393015
392993
392978
392952
392943
392928
392904
392898
392875
392870
392867
392862
392861
392860
392855
392846
392756
392752
392720
392702
392693
392660
392647
392610
392591
392589
392561
392553
392540
392511
392476
392434
392420
392419
392406
392401
392346
392313
392204
392193
392192
392182
392171
392154
392125
392116
392115
392115
392104
392063
392035
391986
391926
391924
391920
391905
391872
391846
391844
391840
391838
391809
391771
391747
391740
391740
391733
391716
391706
391701
391642
391621
391585
391568
391528
391462
391458
391457
391449
391423
391391
391363
391352
391348
391343
391250
391225
391210
391208
391193
391146
391098
391072
391064
391036
391035
391012
390956
390913
390895
390871
390865
390860
390833
390832
390813
390804
390795
390775
390758
390731
390699
390639
390625
390593
390592
390588
390588
390560
390540
390540
390522
390514
390488
390470
390453
390452
390451
390438
390420
390418
390370
390362
390360
390340
390302
390298
390297
390290
390284
390270
390258
390253
390241
390209
390201
390196
390169
390138
390115
390110
390064
390047
390015
390007
389962
389943
389866
389856
389833
389781
389781
389753
389709
389690
389667
389667
389645
389644
389636
389625
389584
389550
389456
389441
389435
389432
389429
389419
389403
389392
389374
389340
389283
389255
389240
389213
389201
389172
389150
389138
389108
389085
389063
389063
389038
389027
389003
388973
388958
388937
388859
388834
388825
388824
388813
388774
388763
388753
388748
388725
388693
388692
388688
388684
388675
388648
388646
388643
388630
388600
388595
388593
388546
388533
388517
388511
388499
388493
388455
388450
388429
388427
388397
388397
388378
388373
388354
388349
388319
388291
388277
388260
388250
388222
388216
388212
388181
388171
388168
388154
388152
388141
388123
388118
388115
388094
388081
388049
388019
387987
387982
387981
387971
387967
387941
387941
387900
387837
387804
387762
387750
387716
387712
387711
387701
387676
387649
387649
387643
387642
387638
387619
387611
387607
387600
387586
387553
387496
387476
387443
387434
387433
387424
387384
387341
387300
387297
387236
387230
387206
387151
387151
387140
387137
387136
387128
387120
387117
387117
387097
387041
387026
387002
387000
386987
386966
386936
386924
386906
386897
386884
386868
386868
386859
386858
386830
386813
386812
386782
386769
386752
386744
386740
386731
386729
386684
386651
386620
386585
386542
386537
386524
386520
386505
386456
386454
386448
386413
386381
386366
386344
386331
386323
386282
386231
386223
386219
386204
386166
386155
386151
386045
386043
386037
386037
386032
386018
386002
386002
385967
385960
385958
385942
385931
385900
385881
385873
385866
385862
385847
385830
385829
385824
385784
385779
385765
385755
385728
385684
385655
385633
385625
385581
385573
385554
385518
385515
385494
385480
385450
385439
385431
385421
385399
385395
385394
385321
385309
385286
385279
385277
385260
385238
385228
385224
385193
385174
385134
385117
385107
385073
385057
385055
385045
385034
385033
385001
384996
384996
384955
384942
384917
384913
384841
384833
384825
384816
384777
384774
384755
384752
384741
384734
384726
384696
384682
384675
384668
384552
384546
384545
384532
384527
384496
384440
384366
384345
384302
384283
384272
384259
384249
384202
384183
384182
384179
384165
384161
384148
384103
384065
384056
384054
384008
383950
383925
383918
383894
383852
383831
383817
383809
383786
383785
383730
383722
383722
383715
383692
383643
383633
383594
383570
383564
383530
383512
383512
383509
383492
383294
383288
383287
383258
383255
383250
383220
383197
383196
383179
383161
383115
383039
383017
382997
382997
382989
382958
382951
382940
382920
382913
382880
382860
382782
382777
382771
382759
382710
382690
382670
382637
382595
382591
382564
382538
382531
382383
382376
382368
382355
382307
382305
382215
382210
382201
382171
382147
382136
382127
382118
382081
382034
382033
382016
382001
381986
381967
381961
381959
381934
381930
381927
381878
381857
381855
381855
381814
381729
381717
381717
381701
381660
381630
381618
381618
381586
381568
381551
381500
381492
381451
381440
381439
381373
381358
381345
381321
381305
381297
381280
381277
381276
381231
381197
381193
381187
381133
381130
381129
381126
381041
381028
381027
381013
381004
381000
380964
380932
380922
380905
380892
380869
380824
380754
380742
380738
380738
380728
380725
380693
380673
380652
380638
380619
380595
380589
380585
380552
380513
380505
380483
380483
380479
380471
380469
380443
380440
380437
380432
380430
380425
380419
380398
380396
380378
380341
380339
380326
380255
380243
380222
380203
380190
380186
380138
380129
380111
380089
380051
379993
379964
379911
379894
379890
379875
379858
379831
379810
379800
379793
379740
379728
379652
379592
379569
379569
379530
379524
379496
379469
379411
379410
379406
379405
379402
379397
379367
379352
379351
379309
379296
379293
379285
379149
379147
379132
379125
379120
379118
379073
379069
379042
378949
378889
378887
378884
378873
378847
378813
378811
378767
378723
378714
378671
378657
378655
378647
378608
378579
378567
378557
378537
378533
378529
378509
378455
378447
378440
378426
378356
378327
378285
378285
378257
378256
378255
378232
378193
378175
378121
378120
378108
378094
378091
378077
378034
378029
378018
377996
377956
377941
377927
377919
377909
377874
377838
377835
377833
377807
377800
377792
377781
377758
377719
377710
377698
377695
377678
377676
377667
377658
377651
377644
377643
377643
377615
377610
377580
377560
377547
377504
377503
377498
377484
377484
377402
377352
377349
377344
377343
377301
377298
377288
377282
377280
377267
377256
377250
377233
377229
377201
377185
377152
377147
377128
377085
376997
376971
376951
376914
376883
376878
376799
376797
376787
376786
376754
376730
376694
376692
376677
376668
376639
376622
376570
376564
376493
376453
376421
376401
376350
376327
376317
376311
376310
376253
376251
376226
376200
376193
376144
376113
376103
376067
376059
376056
376032
376024
375962
375957
375951
375944
375925
375891
375879
375868
375857
375839
375777
375777
375775
375773
375770
375766
375756
375755
375751
375740
375718
375695
375693
375682
375645
375622
375570
375543
375515
375495
375482
375443
375426
375418
375383
375376
375367
375349
375323
375321
375311
375304
375303
375267
375266
375264
375239
375231
375172
375168
375165
375151
375094
375021
375006
374975
374948
374941
374905
374891
374846
374846
374834
374832
374823
374801
374794
374765
374749
374749
374734
374725
374719
374689
374686
374663
374652
374607
374553
374520
374448
374446
374395
374367
374352
374350
374348
374338
374333
374275
374249
374235
374232
374215
374205
374201
374180
374180
374174
374125
374115
374104
374096
374089
374083
374078
374068
374064
374051
374019
374018
373993
373952
373936
373906
373905
373902
373889
373884
373869
373824
373777
373758
373738
373727
373628
373595
373588
373581
373571
373561
373513
373501
373484
373461
373455
373445
373429
373410
373389
373384
373371
373302
373233
373189
373187
373184
373141
373120
373090
373067
373061
373050
373016
373012
373012
373008
372977
372965
372962
372897
372888
372888
372885
372884
372879
372872
372868
372833
372822
372800
372788
372764
372731
372725
372687
372667
372662
372645
372641
372632
372631
372618
372591
372580
372575
372567
372565
372562
372531
372513
372479
372412
372405
372378
372352
372350
372298
372295
372227
372217
372207
372200
372172
372151
372084
372058
372052
372014
372006
371991
371989
371987
371980
371948
371917
371913
371841
371816
371815
371781
371735
371735
371715
371713
371653
371649
371596
371594
371581
371490
371482
371471
371402
371341
371287
371268
371268
371261
371240
371210
371190
371190
371187
371186
371184
371114
371101
371089
371071
371069
371056
371045
371036
371030
371006
370986
370982
370979
370944
370928
370899
370895
370879
370871
370845
370845
370822
370819
370794
370763
370747
370712
370698
370665
370656
370645
370617
370588
370568
370562
370530
370527
370518
370494
370457
370430
370428
370419
370409
370401
370394
370378
370373
370366
370319
370318
370289
370268
370246
370242
370213
370156
370150
370144
370133
370120
370111
370090
370088
370085
370084
370082
370081
370072
370052
370028
370021
369975
369963
369961
369943
369920
369837
369836
369811
369800
369784
369772
369719
369717
369716
369714
369704
369698
369662
369656
369655
369640
369627
369604
369593
369576
369568
369565
369516
369496
369460
369446
369436
369372
369363
369358
369313
369309
369221
369208
369179
369169
369159
369142
369139
369137
369131
369116
369097
369093
369087
369045
368969
368968
368737
368733
368714
368676
368663
368650
368631
368623
368608
368589
368561
368559
368538
368492
368481
368432
368428
368392
368391
368353
368334
368329
368320
368303
368291
368259
368245
368235
368195
368189
368180
368125
368124
368101
368068
368054
368041
367982
367976
367953
367945
367908
367900
367895
367851
367823
367823
367802
367766
367739
367679
367644
367622
367617
367605
367600
367591
367578
367574
367565
367561
367531
367515
367505
367503
367486
367481
367451
367446
367430
367400
367380
367350
367338
367317
367315
367307
367302
367298
367270
367228
367205
367173
367166
367149
367121
367094
367066
367016
367002
366995
366983
366979
366964
366951
366925
366921
366920
366914
366875
366858
366852
366834
366832
366806
366800
366796
366765
366734
366691
366640
366637
366625
366546
366544
366534
366490
366487
366479
366448
366408
366398
366395
366375
366345
366342
366242
366225
366222
366221
366199
366196
366181
366179
366090
366061
366058
366052
366041
366003
366001
365970
365959
365933
365901
365880
365837
365823
365807
365782
365765
365758
365743
365739
365732
365628
365627
365591
365586
365578
365568
365567
365547
365517
365510
365474
365441
365440
365420
365401
365385
365346
365310
365304
365260
365183
365150
365127
365126
365104
365071
365062
365059
365058
365027
365013
364997
364996
364961
364949
364926
364906
364879
364847
364819
364792
364744
364695
364614
364578
364547
364536
364534
364523
364490
364485
364430
364410
364405
364394
364380
364284
364276
364256
364232
364230
364220
364182
364169
364129
364124
364121
364112
364107
364098
364079
364010
364005
363990
363970
363947
363918
363900
363856
363850
363847
363842
363842
363810
363807
363798
363787
363787
363764
363756
363747
363738
363737
363732
363710
363704
363679
363675
363660
363652
363639
363629
363577
363577
363569
363563
363547
363531
363529
363516
363499
363461
363429
363427
363409
363393
363392
363390
363381
363379
363360
363347
363310
363285
363282
363271
363243
363242
363234
363225
363222
363206
363189
363131
363130
363117
363110
363075
362986
362973
362967
362955
362876
362855
362854
362852
362849
362838
362830
362730
362724
362689
362688
362656
362654
362650
362618
362598
362595
362571
362559
362548
362538
362522
362503
362484
362450
362417
362376
362325
362287
362241
362230
362224
362220
362214
362214
362200
362190
362171
362166
362162
362156
362120
362076
362065
362012
362005
362004
361982
361958
361952
361929
361819
361735
361726
361660
361647
361614
361566
361551
361541
361516
361492
361491
361489
361482
361465
361410
361404
361393
361346
361343
361304
361303
361260
361258
361244
361214
361192
361191
361166
361124
361114
361071
361071
361047
360959
360956
360938
360938
360932
360925
360883
360881
360851
360848
360840
360823
360818
360733
360729
360714
360711
360688
360675
360672
360662
360653
360650
360630
360608
360602
360559
360554
360537
360525
360520
360519
360499
360462
360460
360432
360417
360417
360417
360394
360389
360382
360338
360313
360311
360306
360303
360278
360263
360263
360212
360191
360186
360114
360086
360082
360066
360038
359993
359986
359962
359958
359956
359954
359942
359929
359916
359915
359871
359846
359745
359725
359701
359696
359677
359669
359652
359584
359518
359498
359497
359476
359363
359320
359302
359296
359286
359281
359270
359265
359210
359195
359194
359183
359178
359163
359156
359134
359086
359085
359084
359061
359039
359037
359035
359020
358981
358970
358965
358947
358933
358903
358874
358858
358837
358824
358808
358797
358770
358753
358702
358663
358654
358650
358646
358628
358615
358594
358585
358573
358572
358567
358565
358565
358555
358482
358482
358477
358475
358455
358449
358439
358439
358431
358431
358403
358336
358332
358311
358306
358234
358205
358199
358074
358073
358073
358073
358069
358066
358064
358055
358046
358036
358024
358014
358005
357987
357947
357921
357916
357900
357897
357889
357887
357877
357817
357780
357779
357778
357755
357752
357719
357700
357669
357662
357636
357635
357629
357587
357586
357578
357573
357491
357477
357461
357451
357449
357443
357389
357384
357380
357372
357340
357289
357283
357276
357270
357240
357236
357221
357220
357173
357151
357142
357120
357097
357060
357016
356916
356869
356832
356797
356770
356754
356744
356712
356697
356672
356665
356615
356604
356594
356587
356584
356563
356553
356542
356535
356523
356521
356517
356513
356491
356429
356387
356387
356347
356344
356323
356305
356298
356289
356284
356272
356247
356244
356241
356224
356224
356216
356205
356201
356201
356180
356150
356136
356064
356054
356032
356024
356005
355993
355985
355974
355960
355945
355920
355913
355890
355884
355875
355841
355816
355805
355790
355766
355743
355739
355735
355733
355711
355691
355628
355608
355580
355572
355551
355549
355517
355470
355450
355428
355425
355409
355408
355375
355374
355373
355361
355354
355342
355321
355311
355278
355257
355211
355172
355172
355169
355155
355154
355117
355099
355097
355058
355057
355043
355043
354987
354957
354950
354919
354903
354899
354892
354860
354853
354821
354815
354754
354754
354720
354713
354706
354693
354693
354667
354659
354644
354634
354618
354603
354556
354526
354518
354513
354511
354476
354471
354463
354454
354447
354441
354425
354390
354380
354327
354319
354318
354300
354262
354245
354243
354197
354196
354172
354162
354160
354154
354133
354126
354106
354087
354054
354051
354021
353964
353964
353949
353936
353932
353930
353880
353865
353812
353793
353793
353788
353786
353772
353770
353763
353757
353736
353723
353706
353691
353685
353678
353662
353655
353651
353649
353628
353626
353620
353555
353542
353533
353510
353453
353430
353430
353420
353395
353379
353362
353301
353263
353245
353241
353204
353183
353179
353156
353135
353135
353120
353118
353106
353076
353040
353013
353012
353000
352974
352971
352970
352963
352926
352919
352910
352907
352840
352824
352821
352791
352788
352782
352774
352759
352749
352741
352725
352708
352695
352683
352667
352665
352654
352620
352618
352584
352564
352562
352557
352536
352525
352520
352503
352469
352465
352452
352434
352432
352417
352417
352337
352314
352298
352282
352272
352252
352211
352190
352183
352181
352143
352114
352104
352081
352080
352078
352069
352063
352051
352041
352029
352012
352006
351966
351957
351933
351884
351828
351811
351811
351810
351794
351760
351747
351734
351707
351654
351585
351574
351558
351557
351532
351449
351444
351435
351383
351362
351355
351347
351316
351241
351221
351201
351193
351190
351171
351141
351128
351113
351096
351091
351090
351072
351033
351024
351021
351021
351008
350980
350965
350961
350922
350920
350916
350914
350904
350854
350831
350814
350802
350800
350774
350763
350760
350753
350671
350667
350667
350656
350613
350596
350594
350565
350542
350516
350465
350463
350428
350383
350375
350355
350323
350320
350319
350306
350275
350217
350190
350115
350098
350059
350035
350028
350014
350014
350009
350001
349963
349962
349945
349929
349925
349912
349912
349906
349866
349843
349837
349830
349829
349806
349805
349803
349801
349779
349761
349753
349728
349716
349630
349521
349514
349492
349492
349436
349434
349433
349408
349329
349309
349295
349262
349215
349204
349189
349141
349132
349128
349123
349112
349092
349085
349070
349061
349039
349004
349004
349003
348962
348930
348912
348851
348828
348782
348772
348755
348751
348730
348729
348714
348667
348614
348606
348594
348568
348560
348461
348458
348443
348409
348375
348343
348337
348326
348297
348284
348282
348267
348251
348192
348191
348181
348167
348166
348164
348160
348148
348146
348134
348130
348109
348089
348059
348026
348016
348015
348008
347990
347920
347914
347869
347838
347834
347822
347818
347788
347708
347668
347664
347629
347556
347528
347526
347474
347459
347451
347434
347407
347372
347364
347342
347331
347292
347257
347212
347187
347145
347115
347110
347076
347061
347043
347037
347002
346985
346972
346955
346946
346934
346917
346917
346865
346865
346836
346828
346814
346798
346779
346744
346671
346671
346668
346652
346593
346592
346555
346548
346530
346505
346482
346433
346427
346391
346390
346329
346327
346299
346295
346253
346207
346198
346195
346185
346184
346180
346175
346174
346160
346159
346154
346104
346046
346028
346022
346021
345987
345985
345970
345969
345939
345935
345927
345884
345814
345809
345777
345770
345754
345748
345744
345726
345685
345658
345634
345608
345516
345475
345471
345438
345421
345418
345393
345371
345349
345349
345332
345332
345328
345311
345308
345260
345254
345238
345226
345199
345142
345119
345011
345011
344994
344965
344936
344920
344860
344848
344821
344810
344801
344796
344788
344771
344617
344573
344517
344505
344498
344455
344407
344399
344394
344316
344264
344243
344178
344167
344161
344160
344155
344147
344146
344110
344106
344080
344073
344063
344053
344017
343988
343917
343911
343886
343841
343839
343704
343667
343654
343651
343643
343637
343636
343629
343612
343595
343592
343580
343578
343576
343572
343554
343544
343510
343502
343500
343470
343466
343455
343399
343397
343386
343345
343345
343301
343285
343214
343179
343170
343165
343155
343139
343135
343132
343102
343090
343082
343066
343037
343006
342963
342954
342943
342940
342915
342907
342907
342887
342877
342841
342836
342824
342821
342805
342802
342775
342752
342752
342724
342720
342699
342687
342681
342645
342609
342557
342528
342527
342512
342509
342463
342458
342452
342398
342391
342377
342374
342370
342295
342289
342272
342272
342271
342262
342260
342242
342203
342171
342161
342138
342133
342132
342113
342107
342099
342091
342090
342081
341990
341961
341951
341927
341915
341907
341904
341889
341872
341862
341803
341791
341764
341751
341748
341734
341733
341731
341725
341711
341711
341708
341692
341660
341657
341586
341543
341542
341470
341433
341420
341399
341381
341355
341293
341281
341272
341271
341267
341267
341263
341261
341236
341190
341167
341137
341131
340963
340930
340927
340918
340917
340896
340843
340839
340825
340824
340809
340757
340743
340708
340658
340651
340561
340518
340499
340489
340461
340455
340444
340443
340438
340434
340433
340429
340382
340374
340359
340346
340345
340345
340334
340308
340269
340250
340238
340234
340229
340219
340193
340169
340154
340137
340100
340095
340086
340085
340064
339992
339974
339938
339932
339917
339880
339876
339875
339874
339873
339853
339842
339842
339841
339840
339834
339832
339789
339706
339692
339689
339688
339684
339647
339630
339624
339608
339604
339603
339574
339573
339563
339548
339524
339522
339508
339499
339499
339475
339457
339457
339449
339439
339357
339321
339312
339302
339283
339277
339254
339215
339206
339202
339191
339129
339118
339097
339045
339042
339041
339023
339001
338859
338851
338787
338772
338765
338756
338727
338716
338712
338637
338626
338540
338538
338500
338482
338470
338426
338405
338399
338376
338369
338360
338353
338352
338325
338287
338274
338249
338248
338213
338208
338164
338163
338135
338118
338101
338038
338036
337991
337990
337988
337934
337932
337922
337902
337881
337864
337863
337860
337855
337820
337815
337814
337802
337797
337787
337769
337759
337754
337751
337730
337700
337700
337673
337655
337653
337644
337614
337608
337598
337564
337563
337546
337540
337511
337495
337484
337481
337470
337458
337449
337444
337428
337420
337414
337397
337379
337327
337319
337314
337302
337292
337286
337282
337280
337239
337223
337196
337191
337042
336944
336895
336879
336870
336868
336860
336854
336811
336775
336740
336725
336709
336690
336683
336632
336622
336589
336573
336573
336570
336535
336524
336500
336500
336498
336472
336461
336448
336438
336429
336390
336369
336353
336335
336324
336322
336314
336313
336300
336294
336291
336286
336273
336236
336221
336206
336156
336146
336100
336062
336043
335946
335937
335873
335867
335855
335848
335806
335799
335770
335764
335745
335728
335728
335673
335670
335667
335666
335662
335645
335638
335620
335558
335548
335541
335513
335513
335478
335452
335413
335407
335405
335391
335391
335350
335315
335312
335253
335230
335204
335187
335181
335171
335151
335149
335123
335069
335066
335063
335050
335042
335036
335009
334996
334946
334944
334940
334876
334861
334837
334833
334782
334777
334649
334644
334643
334586
334567
334555
334536
334528
334518
334516
334482
334475
334453
334418
334390
334380
334342
334341
334313
334216
334203
334189
334158
334128
334102
334089
334066
334058
334055
334028
334013
333953
333941
333893
333885
333885
333877
333872
333863
333859
333837
333770
333735
333729
333695
333678
333663
333663
333636
333635
333608
333573
333548
333534
333511
333483
333473
333463
333419
333374
333354
333324
333309
333309
333266
333263
333256
333242
333234
333221
333207
333168
333154
333121
333116
333090
333061
333052
333043
333041
333000
332990
332972
332969
332963
332950
332945
332923
332904
332865
332851
332739
332728
332633
332625
332619
332612
332598
332594
332593
332577
332567
332461
332441
332396
332385
332384
332381
332352
332322
332286
332273
332263
332208
332204
332198
332115
332022
331950
331949
331948
331914
331912
331906
331875
331811
331800
331788
331778
331778
331726
331718
331707
331688
331661
331643
331602
331596
331587
331575
331568
331556
331535
331533
331525
331469
331427
331404
331379
331330
331309
331289
331254
331250
331205
331173
331163
331151
331145
331121
331105
331091
331088
331063
331056
331015
331012
330995
330995
330968
330954
330945
330927
330926
330922
330921
330881
330871
330854
330823
330808
330800
330713
330692
330654
330648
330616
330598
330573
330573
330567
330560
330554
330540
330534
330499
330492
330491
330461
330408
330395
330356
330278
330244
330171
330162
330085
330083
330077
330044
330041
330023
330007
329986
329971
329920
329893
329874
329803
329789
329788
329780
329760
329744
329724
329724
329709
329705
329658
329648
329647
329640
329635
329628
329625
329613
329589
329579
329576
329527
329526
329486
329482
329441
329413
329388
329343
329332
329285
329280
329274
329222
329210
329203
329181
329168
329103
329097
329078
329077
329072
329054
329026
328999
328970
328956
328947
328936
328919
328908
328904
328895
328884
328839
328834
328785
328765
328752
328749
328746
328719
328708
328700
328683
328668
328645
328608
328546
328494
328480
328461
328432
328422
328413
328392
328368
328345
328337
328335
328331
328326
328268
328229
328209
328180
328159
328148
328147
328133
328129
328117
328109
328067
328031
328025
328019
328010
327991
327951
327926
327878
327829
327811
327809
327772
327733
327724
327700
327687
327683
327682
327668
327627
327597
327596
327556
327551
327523
327522
327494
327454
327453
327440
327384
327376
327373
327369
327342
327306
327287
327284
327263
327244
327222
327214
327213
327181
327170
327159
327149
327089
327079
327042
327023
327009
326992
326986
326961
326931
326921
326912
326908
326866
326826
326764
326737
326734
326725
326719
326707
326682
326631
326609
326590
326547
326537
326529
326503
326488
326471
326462
326452
326449
326438
326401
326390
326376
326366
326317
326297
326293
326274
326229
326199
326183
326179
326167
326165
326143
326140
326135
326101
326099
326069
326024
325943
325938
325917
325892
325880
325867
325864
325852
325828
325809
325807
325733
325724
325717
325705
325705
325694
325692
325686
325674
325674
325640
325621
325586
325585
325582
325564
325551
325530
325530
325528
325514
325485
325460
325448
325432
325397
325382
325334
325290
325250
325220
325215
325170
325144
325135
325105
325097
325089
325032
325028
325019
325018
324979
324976
324932
324930
324925
324909
324904
324882
324871
324855
324855
324842
324820
324815
324810
324809
324790
324749
324741
324707
324698
324657
324581
324575
324555
324527
324519
324510
324469
324464
324460
324446
324434
324433
324359
324355
324346
324312
324308
324306
324302
324273
324271
324250
324247
324246
324223
324201
324192
324138
324070
324049
324045
324043
324038
324007
323941
323917
323902
323889
323863
323853
323846
323828
323823
323818
323786
323765
323711
323702
323625
323583
323546
323533
323521
323502
323486
323467
323464
323415
323315
323293
323272
323261
323259
323209
323188
323176
323166
323158
323149
323082
323076
323045
323027
323019
323012
323002
322985
322977
322929
322910
322871
322858
322697
322624
322594
322587
322577
322567
322549
322544
322541
322512
322494
322485
322446
322427
322415
322393
322372
322355
322334
322305
322280
322204
322197
322194
322137
322124
322120
322113
322112
322107
322095
322091
322063
322032
322004
322004
321996
321971
321969
321943
321890
321881
321873
321851
321842
321768
321763
321702
321671
321660
321601
321581
321575
321559
321532
321519
321516
321512
321444
321442
321438
321434
321431
321412
321405
321399
321397
321359
321315
321302
321300
321281
321242
321240
321229
321217
321187
321141
321126
321126
321122
321111
321109
321103
321081
321017
320995
320989
320981
320955
320954
320928
320906
320893
320873
320851
320831
320809
320797
320792
320763
320759
320759
320753
320744
320742
320741
320735
320725
320698
320665
320660
320628
320612
320609
320608
320598
320571
320554
320535
320533
320526
320498
320471
320468
320446
320387
320383
320349
320278
320273
320256
320248
320229
320197
320183
320175
320168
320166
320155
320135
320092
320026
320024
319974
319959
319949
319942
319941
319930
319885
319851
319851
319843
319833
319830
319826
319817
319816
319794
319779
319762
319737
319729
319710
319706
319659
319625
319604
319585
319486
319462
319435
319434
319357
319353
319346
319345
319329
319307
319296
319294
319287
319268
319226
319206
319153
319149
319128
319070
319069
319037
319030
318994
318989
318981
318971
318971
318942
318940
318872
318872
318833
318832
318824
318817
318767
318761
318753
318727
318722
318708
318677
318664
318656
318648
318625
318612
318610
318559
318550
318537
318513
318505
318504
318462
318461
318456
318437
318405
318400
318365
318355
318350
318330
318271
318267
318265
318255
318231
318221
318219
318207
318195
318184
318147
318140
318120
318113
318082
318072
318068
318054
317996
317969
317951
317931
317930
317912
317864
317842
317833
317809
317802
317801
317774
317763
317760
317750
317724
317682
317669
317651
317630
317615
317601
317563
317541
317534
317497
317494
317466
317464
317385
317382
317339
317336
317332
317310
317305
317305
317295
317260
317254
317213
317204
317191
317190
317179
317132
317115
317110
317100
317074
317046
317046
317044
317040
317028
317002
317000
316931
316925
316915
316913
316882
316837
316804
316798
316769
316756
316756
316751
316737
316722
316714
316708
316706
316683
316600
316587
316571
316534
316494
316492
316477
316474
316473
316465
316458
316434
316417
316416
316380
316354
316254
316248
316246
316241
316235
316210
316204
316195
316163
316162
316161
316149
316140
316129
316116
316108
316103
316085
316079
316071
316046
316035
316020
315981
315976
315952
315916
315882
315869
315828
315817
315809
315793
315779
315773
315764
315718
315685
315678
315660
315647
315619
315582
315580
315549
315546
315508
315499
315486
315480
315471
315471
315430
315427
315383
315380
315366
315364
315348
315344
315336
315305
315299
315255
315221
315177
315163
315151
315146
315124
315085
315085
315084
315036
315019
315008
315005
314995
314985
314977
314968
314954
314907
314904
314883
314868
314868
314853
314842
314835
314816
314798
314792
314777
314721
314708
314699
314649
314633
314632
314606
314604
314589
314542
314524
314508
314493
314463
314462
314450
314435
314423
314402
314398
314332
314320
314317
314315
314305
314304
314276
314273
314262
314260
314257
314247
314225
314220
314208
314204
314138
314072
314031
314007
313979
313958
313936
313896
313874
313871
313829
313791
313782
313752
313748
313708
313695
313688
313652
313643
313641
313629
313618
313607
313603
313590
313588
313571
313548
313545
313544
313535
313529
313497
313477
313454
313439
313434
313432
313411
313349
313344
313316
313287
313264
313263
313204
313150
313145
313129
313118
313109
313103
313102
313080
313065
313048
313034
313021
312962
312942
312869
312865
312852
312837
312832
312803
312785
312775
312739
312709
312693
312670
312670
312668
312663
312645
312635
312627
312589
312577
312563
312562
312540
312539
312527
312521
312513
312512
312484
312454
312452
312440
312433
312408
312390
312383
312371
312359
312353
312348
312338
312330
312320
312312
312298
312275
312272
312246
312236
312194
312186
312177
312170
312167
312117
312091
312085
312079
312076
312061
312030
312005
311996
311995
311980
311972
311946
311946
311946
311921
311906
311905
311905
311883
311875
311830
311795
311746
311736
311719
311703
311690
311669
311652
311627
311599
311585
311582
311570
311553
311545
311526
311511
311458
311448
311440
311437
311369
311366
311324
311287
311281
311235
311232
311213
311213
311192
311175
311162
311153
311139
311137
311120
311113
311077
311067
311057
311053
311051
311037
311031
311027
311026
311012
311010
310990
310979
310973
310958
310944
310936
310935
310894
310884
310851
310848
310797
310781
310757
310750
310668
310661
310661
310645
310488
310458
310434
310412
310407
310356
310353
310347
310326
310323
310312
310299
310290
310263
310259
310255
310245
310218
310213
310180
310173
310154
310108
310103
310096
310029
310027
310014
309994
309973
309964
309915
309898
309882
309878
309835
309816
309806
309755
309748
309678
309674
309668
309667
309642
309622
309620
309567
309565
309543
309528
309525
309513
309513
309473
309443
309431
309421
309407
309398
309389
309388
309370
309338
309337
309300
309277
309272
309242
309202
309199
309112
309093
309060
309042
308925
308883
308848
308843
308842
308814
308797
308783
308745
308678
308661
308657
308643
308630
308623
308609
308565
308537
308530
308522
308488
308474
308458
308442
308431
308428
308373
308314
308293
308277
308261
308250
308249
308244
308118
308099
308095
308093
308090
308025
308021
308012
307979
307974
307955
307895
307864
307838
307834
307832
307797
307713
307704
307698
307695
307680
307677
307645
307632
307627
307626
307625
307612
307598
307584
307574
307558
307548
307546
307529
307495
307492
307475
307472
307470
307424
307398
307321
307315
307308
307260
307252
307235
307228
307214
307186
307171
307163
307163
307153
307126
307124
307113
307094
307091
307089
307081
307048
307048
307003
306991
306940
306906
306853
306846
306840
306796
306765
306696
306694
306672
306654
306652
306625
306616
306580
306564
306546
306536
306488
306480
306463
306448
306420
306411
306401
306372
306352
306287
306280
306243
306205
306204
306196
306157
306155
306146
306143
306125
306113
306049
306045
306030
306010
305952
305868
305831
305829
305819
305818
305809
305782
305771
305767
305743
305650
305648
305625
305485
305460
305416
305400
305380
305372
305358
305325
305294
305251
305250
305224
305207
305180
305168
305163
305143
305125
305116
305104
305057
305057
305031
305005
304938
304913
304911
304910
304904
304903
304902
304891
304863
304844
304829
304762
304759
304753
304717
304704
304696
304696
304625
304606
304544
304528
304523
304495
304494
304473
304464
304459
304448
304433
304392
304324
304306
304304
304286
304263
304258
304250
304236
304219
304214
304181
304169
304126
304125
304108
304107
304059
304020
303955
303943
303935
303883
303876
303873
303860
303827
303821
303804
303803
303802
303773
303772
303736
303689
303685
303678
303671
303657
303650
303602
303587
303566
303524
303515
303514
303476
303454
303406
303383
303375
303370
303369
303320
303318
303270
303264
303229
303208
303150
303087
303083
303062
303047
303028
303023
302975
302910
302900
302899
302867
302843
302825
302779
302767
302721
302721
302672
302659
302636
302620
302590
302581
302548
302532
302505
302436
302430
302411
302407
302391
302350
302317
302316
302261
302212
302207
302203
302194
302187
302172
302122
302120
302110
302104
302100
302083
302067
302059
302017
301951
301948
301946
301945
301934
301895
301884
301877
301872
301859
301854
301830
301824
301814
301790
301722
301665
301622
301568
301550
301528
301508
301461
301459
301452
301445
301443
301440
301436
301433
301416
301410
301404
301401
301377
301346
301340
301290
301288
301277
301261
301225
301213
301209
301209
301191
301184
301167
301146
301143
301083
301067
301022
300972
300961
300938
300912
300905
300893
300885
300882
300844
300831
300822
300819
300817
300778
300774
300729
300726
300722
300717
300699
300697
300696
300676
300666
300644
300627
300590
300586
300577
300552
300496
300494
300488
300484
300468
300439
300418
300415
300393
300372
300347
300318
300306
300301
300250
300223
300212
300209
300192
300132
300091
300090
300074
300052
300042
300032
300030
300007
299967
299948
299915
299868
299837
299836
299820
299810
299798
299788
299774
299771
299768
299748
299745
299739
299737
299728
299697
299611
299587
299576
299539
299514
299500
299494
299418
299389
299351
299337
299327
299253
299232
299147
299145
299020
298980
298938
298930
298909
298896
298889
298864
298841
298837
298819
298817
298811
298800
298768
298759
298755
298750
298717
298709
298684
298666
298631
298616
298606
298566
298556
298517
298490
298443
298441
298330
298265
298259
298232
298215
298199
298176
298157
298155
298154
298148
298133
298097
298091
298058
298051
298042
298035
298006
298001
297997
297993
297982
297972
297942
297932
297919
297911
297900
297897
297889
297874
297871
297849
297765
297743
297678
297673
297659
297635
297597
297568
297567
297562
297557
297549
297539
297539
297515
297504
297504
297495
297471
297466
297460
297442
297373
297366
297335
297318
297310
297272
297259
297218
297215
297204
297201
297134
297127
297127
297120
297077
297037
296987
296933
296923
296919
296859
296823
296746
296716
296702
296694
296687
296674
296674
296625
296592
296547
296540
296529
296507
296503
296489
296464
296431
296425
296409
296326
296313
296308
296254
296228
296220
296204
296188
296161
296129
296126
296117
296111
296109
296094
296086
296082
296044
296026
296014
296002
295989
295983
295975
295937
295932
295925
295924
295909
295878
295875
295863
295793
295756
295741
295730
295729
295725
295719
295713
295685
295681
295678
295655
295653
295653
295648
295633
295583
295572
295539
295524
295515
295511
295501
295479
295447
295439
295408
295394
295341
295339
295338
295316
295288
295246
295245
295237
295226
295217
295190
295157
295145
295141
295110
295046
295031
294973
294964
294955
294922
294916
294915
294870
294868
294794
294792
294769
294755
294749
294748
294716
294714
294691
294652
294641
294640
294628
294616
294596
294587
294576
294564
294555
294553
294544
294533
294529
294504
294479
294476
294471
294446
294416
294407
294371
294356
294355
294321
294305
294286
294285
294284
294244
294236
294211
294193
294191
294186
294172
294124
294100
294087
294072
294065
294049
294017
294001
294000
293997
293995
293972
293961
293957
293936
293915
293905
293884
293847
293821
293820
293801
293790
293749
293707
293683
293666
293633
293613
293569
293532
293531
293500
293462
293453
293424
293422
293396
293385
293336
293315
293271
293245
293215
293212
293209
293176
293170
293168
293168
293164
293145
293123
293123
293109
293109
293070
293017
293016
293004
292996
292965
292913
292879
292863
292845
292831
292822
292808
292800
292738
292725
292720
292681
292661
292604
292586
292584
292564
292551
292543
292512
292494
292472
292447
292423
292418
292412
292397
292386
292385
292376
292369
292362
292349
292341
292323
292308
292307
292304
292303
292274
292259
292230
292201
292196
292188
292186
292152
292142
292133
292103
292089
292068
292022
291984
291983
291959
291936
291931
291923
291905
291898
291893
291868
291841
291838
291825
291767
291757
291756
291738
291735
291733
291729
291727
291717
291709
291672
291635
291619
291607
291577
291566
291559
291559
291549
291539
291516
291476
291467
291462
291459
291449
291429
291423
291413
291399
291367
291348
291344
291333
291331
291291
291280
291277
291232
291203
291203
291139
291129
291062
291056
291044
291040
291035
291014
290994
290964
290952
290916
290876
290866
290854
290833
290816
290816
290794
290783
290712
290639
290581
290486
290443
290421
290411
290348
290283
290276
290275
290244
290217
290201
290198
290173
290154
290131
290131
290118
290105
290095
290072
290056
290045
290024
290018
290005
289994
289982
289945
289881
289825
289804
289780
289731
289725
289719
289693
289649
289626
289605
289596
289578
289561
289558
289551
289546
289540
289521
289450
289426
289397
289382
289378
289374
289368
289355
289316
289299
289167
289162
289099
289079
289055
289018
289017
288983
288950
288932
288928
288914
288883
288878
288859
288856
288854
288853
288847
288813
288790
288767
288751
288728
288727
288726
288657
288651
288622
288621
288590
288589
288562
288546
288508
288483
288457
288395
288394
288385
288373
288343
288327
288325
288308
288280
288247
288216
288198
288176
288163
288152
288148
288144
288137
288075
288051
288048
288047
288040
288033
288024
288011
288005
287961
287934
287930
287929
287928
287894
287893
287849
287833
287832
287822
287815
287792
287791
287776
287770
287763
287759
287734
287720
287707
287706
287679
287671
287647
287640
287585
287563
287558
287484
287474
287462
287460
287433
287403
287388
287345
287331
287320
287298
287290
287277
287245
287226
287211
287183
287182
287178
287147
287142
287138
287133
287106
287068
287060
287023
287018
286973
286965
286945
286942
286925
286875
286871
286867
286862
286861
286834
286815
286772
286756
286733
286730
286720
286709
286705
286693
286690
286684
286663
286641
286589
286571
286550
286549
286474
286425
286366
286363
286305
286288
286271
286237
286199
286196
286172
286145
286110
286083
286079
286070
286067
286066
286053
286044
286028
285984
285964
285934
285903
285895
285887
285816
285816
285810
285801
285795
285792
285776
285760
285747
285743
285703
285700
285629
285609
285603
285602
285563
285514
285460
285387
285379
285370
285359
285334
285332
285332
285324
285281
285238
285221
285176
285170
285161
285121
285084
285051
285025
285002
284992
284992
284972
284967
284959
284951
284934
284925
284901
284899
284877
284869
284821
284819
284783
284781
284773
284678
284669
284659
284641
284616
284591
284570
284531
284468
284466
284461
284455
284452
284429
284406
284404
284388
284387
284382
284324
284286
284263
284259
284201
284178
284142
284136
284134
284129
284111
284110
284104
284103
284082
284077
284074
284046
284031
284030
283998
283953
283931
283851
283851
283834
283748
283737
283726
283718
283707
283700
283695
283692
283679
283669
283653
283630
283625
283590
283587
283584
283519
283505
283491
283478
283467
283452
283426
283422
283400
283400
283390
283379
283365
283346
283344
283327
283324
283320
283214
283202
283183
283171
283153
283153
283137
283126
283097
283058
283057
283053
283047
282996
282984
282967
282943
282936
282923
282921
282905
282886
282884
282881
282864
282845
282810
282806
282778
282745
282743
282731
282722
282693
282686
282631
282531
282515
282509
282425
282419
282411
282408
282399
282387
282386
282376
282362
282358
282328
282311
282266
282233
282223
282179
282165
282158
282116
282100
282088
282077
282032
282027
282011
282003
281985
281972
281970
281965
281961
281950
281949
281920
281910
281887
281880
281857
281814
281797
281769
281762
281717
281712
281682
281654
281652
281600
281593
281574
281565
281532
281529
281516
281464
281462
281449
281449
281389
281376
281337
281331
281320
281319
281313
281306
281302
281301
281294
281294
281290
281285
281284
281272
281270
281263
281262
281257
281240
281239
281230
281221
281217
281190
281179
281159
281144
281105
281069
281067
281058
281056
281028
281015
281010
281004
280958
280949
280925
280924
280919
280905
280899
280868
280827
280819
280809
280789
280741
280670
280663
280645
280622
280585
280557
280547
280539
280529
280502
280479
280470
280468
280462
280416
280304
280276
280242
280185
280172
280143
280107
280095
280086
280078
280040
280010
279991
279982
279974
279969
279909
279810
279799
279752
279748
279745
279739
279723
279711
279710
279698
279697
279600
279589
279577
279559
279546
279530
279498
279495
279485
279471
279460
279457
279449
279423
279416
279376
279369
279342
279314
279312
279306
279279
279264
279244
279205
279168
279141
279117
279114
279112
279109
279075
279072
279050
279044
279015
279006
279005
279003
278967
278949
278866
278824
278816
278789
278768
278766
278759
278731
278677
278668
278658
278657
278648
278638
278634
278631
278630
278628
278627
278601
278594
278584
278579
278566
278518
278514
278495
278488
278486
278457
278437
278423
278422
278390
278375
278330
278330
278247
278141
278086
278075
278047
278046
278028
278007
277980
277956
277923
277896
277844
277842
277788
277780
277756
277742
277732
277692
277690
277686
277667
277665
277660
277645
277627
277619
277611
277610
277579
277492
277473
277465
277445
277441
277425
277423
277420
277396
277390
277364
277311
277299
277269
277236
277204
277200
277188
277162
277160
277158
277147
277106
277078
277061
277057
277033
277024
277018
276964
276921
276920
276918
276884
276862
276861
276857
276848
276845
276834
276830
276809
276798
276784
276775
276752
276742
276734
276731
276728
276648
276636
276623
276605
276597
276579
276572
276572
276519
276412
276391
276361
276353
276349
276348
276341
276334
276293
276280
276270
276241
276231
276196
276156
276139
276090
276061
276043
276042
276035
276029
276020
276007
276001
275992
275986
275984
275980
275954
275924
275889
275888
275879
275872
275845
275837
275788
275780
275761
275741
275714
275708
275700
275660
275634
275623
275593
275593
275550
275494
275432
275390
275378
275377
275368
275343
275333
275322
275263
275243
275238
275222
275212
275161
275151
275143
275118
275085
275082
275081
275067
275064
275054
275052
275015
274960
274844
274841
274818
274806
274764
274747
274739
274717
274692
274680
274667
274574
274572
274570
274563
274558
274486
274469
274444
274443
274440
274412
274384
274361
274359
274359
274345
274343
274337
274298
274260
274247
274218
274174
274162
274154
274113
274104
274072
274057
274054
274037
274034
274006
273988
273976
273970
273940
273928
273924
273919
273912
273891
273821
273813
273801
273784
273743
273736
273660
273660
273640
273610
273565
273519
273504
273492
273475
273473
273418
273399
273348
273332
273332
273325
273324
273309
273293
273292
273288
273285
273277
273268
273255
273238
273216
273212
273166
273154
273135
273127
273084
273068
273054
273047
272977
272955
272946
272879
272876
272873
272869
272864
272834
272827
272824
272818
272809
272755
272753
272661
272633
272632
272620
272616
272557
272551
272495
272492
272481
272479
272472
272463
272456
272453
272449
272437
272419
272406
272350
272332
272311
272296
272286
272269
272246
272189
272181
272131
272122
272109
272081
272059
272011
271991
271986
271937
271905
271887
271884
271850
271779
271768
271749
271734
271730
271719
271706
271703
271666
271654
271624
271610
271601
271570
271562
271425
271400
271364
271351
271350
271349
271346
271289
271272
271256
271248
271192
271187
271185
271176
271148
271107
271092
271070
271061
271044
271021
271006
270967
270967
270956
270917
270908
270860
270751
270736
270722
270717
270701
270693
270691
270685
270660
270630
270604
270579
270569
270564
270559
270519
270467
270423
270421
270362
270343
270315
270204
270190
270176
270123
270105
270095
270079
270068
270027
270022
270016
269951
269944
269942
269915
269899
269869
269866
269844
269842
269823
269802
269799
269794
269718
269618
269608
269604
269602
269595
269590
269553
269534
269495
269473
269457
269436
269428
269360
269314
269285
269283
269279
269210
269209
269116
269093
269068
269034
269014
268981
268960
268957
268927
268923
268906
268897
268893
268875
268858
268842
268837
268829
268752
268737
268732
268643
268626
268615
268611
268607
268592
268578
268557
268536
268527
268433
268425
268364
268307
268257
268236
268176
268168
268148
268127
268122
268105
268049
268046
268036
268032
268027
267965
267938
267925
267865
267862
267828
267733
267684
267671
267667
267664
267649
267631
267625
267616
267601
267588
267579
267565
267548
267540
267526
267435
267412
267410
267369
267347
267343
267287
267266
267262
267251
267249
267243
267243
267239
267236
267205
267200
267159
267152
267136
267132
267127
267089
267064
267030
267026
267026
267004
267001
266934
266931
266915
266884
266838
266835
266827
266805
266787
266784
266740
266715
266701
266679
266647
266636
266569
266561
266542
266522
266515
266514
266466
266446
266433
266406
266376
266365
266347
266309
266279
266271
266270
266251
266228
266221
266158
266106
266103
266086
266082
266081
266016
266004
265996
265969
265954
265932
265923
265902
265896
265884
265874
265855
265825
265813
265803
265785
265778
265766
265751
265704
265659
265652
265649
265633
265609
265565
265555
265555
265539
265508
265502
265500
265379
265364
265336
265333
265319
265278
265274
265229
265191
265182
265174
265137
265126
265126
265075
265024
264973
264905
264903
264822
264809
264798
264787
264782
264724
264719
264712
264708
264699
264678
264665
264639
264599
264598
264597
264561
264545
264518
264488
264479
264453
264453
264438
264413
264391
264354
264344
264337
264337
264327
264323
264318
264302
264300
264192
264179
264174
264117
264101
264096
264089
264088
264068
264031
263967
263959
263958
263949
263948
263945
263932
263925
263892
263870
263845
263799
263782
263760
263753
263749
263748
263735
263719
263695
263689
263681
263673
263660
263652
263635
263595
263580
263493
263450
263436
263412
263399
263395
263392
263391
263367
263317
263270
263230
263228
263205
263201
263187
263186
263170
263155
263122
263122
263122
263076
263067
263060
263055
263003
262999
262988
262969
262965
262957
262951
262950
262921
262913
262888
262882
262853
262839
262837
262787
262780
262774
262768
262689
262673
262643
262640
262614
262601
262591
262587
262548
262513
262486
262486
262453
262437
262421
262400
262358
262345
262339
262314
262282
262267
262251
262223
262205
262172
262154
262150
262149
262123
262094
262091
262087
262050
261958
261913
261862
261839
261830
261799
261738
261730
261691
261690
261679
261647
261625
261613
261603
261600
261593
261556
261528
261516
261472
261471
261457
261438
261418
261355
261316
261298
261293
261263
261262
261231
261225
261166
261158
261106
261084
261067
260982
260982
260980
260974
260957
260926
260865
260849
260840
260839
260839
260834
260825
260806
260779
260709
260700
260648
260589
260582
260551
260528
260521
260516
260514
260500
260466
260437
260431
260398
260375
260357
260353
260335
260310
260284
260270
260264
260251
260194
260179
260170
260141
260124
260094
260091
260060
260054
260039
260033
260032
260030
260028
260027
260012
260007
259997
259992
259869
259829
259812
259755
259723
259719
259712
259704
259698
259696
259690
259665
259659
259648
259646
259624
259612
259608
259571
259552
259550
259515
259510
259488
259464
259456
259435
259378
259375
259348
259305
259264
259251
259233
259222
259203
259177
259113
259096
259058
259028
258998
258977
258971
258963
258956
258919
258870
258836
258797
258767
258743
258694
258694
258670
258667
258660
258629
258596
258578
258562
258528
258476
258441
258423
258418
258414
258401
258354
258321
258312
258280
258278
258245
258209
258203
258181
258158
258141
258101
258069
258066
258048
258010
257977
257965
257933
257918
257903
257888
257885
257883
257878
257857
257837
257832
257820
257785
257774
257715
257706
257701
257697
257682
257659
257595
257571
257539
257536
257530
257519
257519
257516
257501
257460
257399
257394
257394
257347
257316
257266
257241
257228
257216
257214
257197
257191
257179
257177
257151
257135
257132
257114
257077
257066
257051
257017
256969
256944
256899
256865
256852
256851
256822
256818
256740
256733
256728
256662
256655
256639
256584
256578
256571
256569
256548
256545
256531
256529
256457
256453
256443
256430
256423
256418
256382
256370
256354
256325
256318
256273
256248
256222
256221
256196
256193
256190
256141
256138
256096
256054
256045
256035
256028
255998
255977
255930
255923
255905
255896
255818
255802
255799
255778
255760
255740
255717
255711
255700
255692
255628
255616
255590
255590
255579
255578
255563
255541
255520
255510
255507
255486
255465
255458
255450
255443
255438
255424
255400
255385
255384
255377
255371
255338
255330
255323
255277
255248
255238
255238
255214
255183
255171
255170
255142
255142
255124
255101
255091
255040
255013
255011
255005
254961
254959
254947
254934
254929
254909
254887
254879
254826
254776
254752
254749
254733
254718
254709
254646
254594
254577
254538
254536
254512
254482
254453
254440
254433
254419
254373
254334
254317
254296
254283
254281
254270
254237
254217
254210
254206
254199
254193
254182
254162
254145
254142
254128
254071
254038
254017
253987
253978
253923
253903
253855
253840
253838
253837
253827
253790
253786
253782
253773
253724
253722
253618
253605
253594
253592
253580
253568
253567
253553
253498
253497
253494
253485
253484
253428
253407
253382
253374
253371
253358
253354
253274
253270
253214
253185
253181
253151
253146
253145
253142
253126
253111
253051
253039
253018
253018
253012
252998
252993
252966
252966
252955
252945
252930
252870
252864
252837
252816
252814
252799
252791
252775
252766
252751
252746
252703
252681
252674
252621
252611
252599
252587
252583
252574
252570
252542
252515
252464
252450
252430
252378
252278
252259
252236
252233
252194
252152
252144
252143
252142
252135
252103
252066
252039
251996
251987
251980
251952
251912
251899
251879
251851
251836
251766
251746
251743
251737
251736
251665
251627
251579
251551
251531
251509
251485
251467
251452
251451
251413
251408
251378
251331
251322
251251
251250
251218
251208
251198
251183
251164
251155
251133
251131
251080
251042
250991
250962
250938
250915
250890
250890
250887
250873
250855
250837
250837
250788
250758
250755
250741
250724
250722
250717
250716
250702
250693
250688
250680
250672
250659
250529
250510
250482
250476
250453
250442
250425
250422
250417
250410
250396
250367
250359
250347
250340
250322
250302
250302
250287
250281
250259
250251
250251
250245
250243
250199
250120
250108
250074
250068
250063
250059
250056
250021
250013
250003
249998
249988
249964
249955
249947
249945
249929
249901
249860
249853
249853
249796
249761
249722
249716
249700
249693
249667
249662
249635
249594
249591
249590
249583
249543
249504
249503
249489
249440
249438
249434
249407
249383
249368
249362
249350
249316
249300
249292
249276
249275
249254
249242
249164
249160
249146
249120
249105
249104
249099
249076
249062
249035
249010
249004
248977
248964
248951
248901
248876
248871
248837
248828
248794
248792
248736
248724
248693
248662
248660
248650
248645
248618
248577
248559
248556
248543
248538
248487
248485
248484
248483
248470
248462
248460
248459
248439
248433
248394
248325
248283
248272
248239
248217
248191
248110
248066
248061
248059
248037
248006
248001
247994
247993
247976
247955
247942
247925
247899
247893
247877
247873
247795
247782
247688
247678
247666
247664
247657
247652
247649
247629
247619
247607
247594
247584
247573
247545
247522
247489
247487
247464
247453
247446
247421
247414
247397
247337
247320
247316
247271
247249
247223
247205
247187
247173
247157
247146
247123
247114
247096
246997
246997
246973
246969
246965
246928
246911
246902
246890
246861
246858
246812
246810
246797
246794
246782
246774
246762
246752
246748
246739
246736
246726
246697
246694
246684
246679
246654
246649
246634
246563
246562
246556
246543
246533
246471
246446
246410
246373
246371
246367
246350
246349
246337
246307
246292
246270
246257
246224
246220
246191
246181
246160
246125
246120
246101
246065
246052
246032
246004
245966
245953
245935
245856
245824
245824
245791
245780
245751
245714
245681
245667
245621
245597
245589
245562
245521
245516
245463
245442
245440
245435
245429
245423
245410
245400
245386
245382
245371
245338
245334
245288
245279
245189
245175
245175
245170
245170
245151
245150
245145
245133
245126
245117
245109
245089
245082
245007
245002
245001
244997
244990
244935
244916
244904
244846
244812
244789
244782
244758
244674
244645
244606
244591
244585
244569
244543
244532
244526
244508
244486
244483
244466
244446
244431
244428
244409
244395
244359
244354
244353
244336
244324
244287
244246
244218
244151
244143
244143
244097
244073
244063
244052
244050
244021
244019
243994
243947
243938
243933
243903
243902
243856
243851
243846
243794
243784
243766
243727
243717
243692
243672
243664
243654
243650
243648
243610
243590
243571
243523
243519
243492
243443
243427
243425
243420
243395
243376
243308
243291
243255
243244
243217
243186
243173
243160
243134
243129
243120
243105
243102
243093
243057
243052
243035
242992
242976
242973
242965
242895
242870
242834
242826
242749
242722
242718
242670
242667
242662
242649
242620
242620
242620
242565
242536
242527
242518
242337
242324
242290
242290
242289
242279
242268
242259
242238
242232
242203
242175
242174
242153
242153
242137
242116
242042
242039
242037
242010
241975
241956
241954
241929
241897
241885
241872
241865
241864
241856
241805
241764
241742
241657
241643
241613
241610
241576
241553
241547
241508
241488
241453
241433
241428
241410
241406
241400
241392
241387
241362
241356
241299
241274
241230
241223
241204
241192
241186
241184
241112
241110
241102
241102
241094
241071
241045
241028
241025
241010
241005
240999
240998
240996
240991
240988
240979
240929
240869
240817
240811
240785
240784
240780
240778
240775
240678
240673
240654
240644
240635
240614
240610
240607
240555
240552
240514
240507
240493
240463
240460
240441
240432
240427
240422
240380
240341
240257
240220
240191
240185
240167
240158
240155
240147
240136
240132
240126
240118
240074
239960
239927
239906
239886
239834
239814
239808
239795
239774
239766
239753
239739
239729
239711
239703
239683
239661
239658
239643
239607
239605
239602
239559
239548
239516
239482
239476
239438
239402
239364
239356
239334
239272
239251
239212
239207
239198
239180
239135
239099
239095
239090
239080
239071
239037
239024
239024
238979
238936
238931
238930
238920
238889
238880
238879
238871
238856
238846
238837
238836
238835
238796
238794
238743
238707
238702
238698
238630
238621
238570
238558
238551
238544
238448
238427
238418
238404
238384
238365
238358
238350
238333
238297
238288
238273
238265
238195
238169
238152
238123
238117
238114
238111
238078
238039
238002
237986
237966
237960
237948
237929
237892
237866
237846
237840
237796
237765
237765
237727
237718
237687
237682
237653
237645
237632
237621
237532
237524
237499
237465
237444
237422
237354
237344
237241
237187
237176
237157
237131
237082
237080
237080
237065
237064
237054
237026
237014
236953
236937
236937
236916
236903
236884
236881
236868
236855
236854
236838
236796
236756
236737
236728
236727
236699
236683
236679
236665
236647
236613
236604
236581
236580
236562
236528
236527
236499
236477
236446
236419
236395
236392
236385
236359
236333
236296
236286
236285
236279
236247
236224
236217
236157
236104
236069
236044
236000
235998
235985
235944
235939
235933
235873
235752
235729
235672
235665
235649
235624
235615
235591
235564
235528
235525
235511
235500
235491
235486
235476
235465
235435
235356
235329
235273
235260
235253
235242
235226
235226
235196
235168
235167
235135
235129
235064
234958
234958
234946
234931
234929
234923
234922
234904
234896
234878
234871
234863
234848
234831
234813
234802
234785
234783
234715
234693
234688
234686
234683
234650
234620
234597
234589
234559
234558
234546
234468
234460
234427
234413
234412
234409
234400
234398
234380
234380
234368
234345
234336
234317
234306
234303
234236
234210
234203
234200
234176
234174
234163
234156
234154
234153
234101
234085
234078
234073
234065
234055
234048
234029
234025
233991
233963
233944
233920
233889
233886
233862
233845
233840
233822
233778
233757
233752
233737
233722
233685
233655
233649
233616
233608
233578
233572
233568
233562
233553
233516
233496
233490
233485
233451
233440
233431
233420
233417
233410
233328
233326
233205
233194
233190
233187
233187
233151
233145
233144
233140
233087
233057
233046
233042
233031
233016
232982
232967
232961
232954
232935
232929
232918
232910
232909
232898
232892
232864
232794
232770
232746
232735
232705
232698
232695
232670
232588
232540
232503
232502
232493
232487
232487
232462
232455
232411
232343
232331
232300
232282
232273
232212
232207
232191
232149
232100
232095
232085
232066
232053
232028
231994
231969
231929
231922
231920
231900
231898
231885
231849
231759
231703
231700
231685
231627
231593
231585
231572
231560
231556
231494
231492
231456
231441
231423
231396
231379
231327
231311
231293
231282
231266
231197
231185
231159
231141
231127
231118
231099
231080
231073
231039
231038
231029
231024
230968
230953
230953
230946
230933
230892
230881
230870
230866
230853
230844
230784
230761
230751
230736
230718
230711
230645
230631
230599
230595
230592
230572
230559
230533
230511
230474
230467
230430
230424
230411
230382
230375
230329
230306
230299
230215
230202
230198
230196
230142
230100
230099
230096
230074
230065
230026
230001
229988
229967
229932
229921
229902
229896
229888
229868
229846
229845
229840
229840
229840
229795
229794
229787
229764
229755
229731
229700
229667
229575
229566
229501
229482
229452
229450
229438
229431
229379
229321
229320
229313
229312
229306
229305
229280
229266
229233
229163
229134
229132
229072
229042
229012
229004
228983
228976
228965
228935
228928
228926
228914
228907
228888
228861
228857
228846
228790
228784
228780
228769
228740
228726
228666
228665
228649
228627
228597
228593
228583
228577
228551
228541
228529
228526
228521
228505
228496
228456
228447
228433
228364
228324
228283
228267
228237
228234
228230
228175
228144
228112
228103
228087
228073
228070
228064
228047
227921
227886
227872
227854
227842
227801
227790
227756
227746
227639
227611
227602
227573
227545
227544
227521
227512
227470
227466
227456
227430
227420
227419
227394
227394
227388
227382
227381
227369
227358
227340
227320
227296
227293
227290
227280
227265
227251
227234
227163
227149
227129
227127
227123
227115
227105
227085
227059
227047
227046
227002
226965
226936
226930
226901
226888
226835
226806
226799
226789
226784
226754
226718
226682
226682
226680
226672
226633
226627
226619
226610
226605
226597
226577
226556
226550
226539
226537
226524
226509
226509
226505
226494
226481
226471
226468
226468
226437
226411
226350
226349
226346
226339
226324
226320
226318
226294
226286
226252
226249
226246
226217
226216
226214
226207
226182
226179
226152
226086
226067
226032
225988
225962
225957
225941
225932
225907
225895
225873
225834
225825
225821
225807
225790
225776
225765
225744
225738
225734
225694
225689
225682
225679
225668
225665
225660
225645
225615
225614
225558
225536
225535
225525
225514
225467
225458
225432
225417
225416
225415
225407
225376
225369
225343
225318
225316
225309
225259
225253
225249
225229
225200
225192
225190
225147
225147
225108
225108
225100
225069
225046
225022
225005
224996
224981
224965
224948
224942
224882
224877
224874
224872
224839
224830
224815
224771
224742
224735
224733
224729
224726
224717
224669
224656
224651
224612
224560
224549
224535
224494
224483
224415
224414
224413
224410
224406
224385
224362
224354
224353
224325
224293
224293
224291
224251
224194
224193
224186
224184
224147
224147
224122
224082
224048
224034
224024
223993
223980
223961
223896
223891
223878
223866
223842
223766
223766
223708
223685
223673
223664
223646
223640
223635
223591
223559
223552
223547
223461
223444
223402
223355
223347
223345
223297
223297
223266
223236
223226
223213
223191
223092
223083
223081
223079
223077
223033
223027
223025
222999
222972
222909
222903
222870
222838
222773
222753
222751
222748
222726
222701
222699
222697
222697
222680
222668
222666
222664
222617
222588
222584
222584
222568
222562
222536
222519
222509
222506
222504
222499
222463
222434
222407
222406
222400
222385
222361
222303
222259
222254
222254
222207
222201
222189
222182
222175
222175
222168
222159
222158
222148
222137
222135
222065
222057
222026
222009
222003
221946
221925
221894
221889
221824
221824
221822
221743
221703
221655
221653
221646
221629
221628
221623
221610
221596
221596
221544
221494
221475
221474
221392
221356
221349
221327
221320
221310
221303
221254
221247
221218
221208
221125
221118
221115
221103
221064
221012
220982
220955
220906
220865
220855
220855
220850
220850
220848
220830
220830
220822
220817
220810
220802
220750
220736
220722
220710
220702
220685
220682
220656
220573
220561
220542
220536
220511
220476
220463
220446
220443
220424
220418
220415
220375
220373
220364
220347
220326
220304
220300
220288
220279
220258
220255
220248
220240
220231
220205
220184
220178
220174
220166
220165
220149
220137
220134
220099
220090
220081
220071
220051
220025
219976
219969
219964
219899
219880
219865
219860
219851
219847
219796
219774
219721
219721
219701
219689
219660
219653
219645
219642
219640
219595
219535
219509
219507
219488
219464
219454
219419
219412
219408
219395
219389
219378
219375
219352
219352
219346
219311
219298
219268
219255
219201
219188
219169
219133
219106
219101
219051
219032
219024
219006
218972
218964
218866
218839
218834
218737
218687
218678
218597
218584
218563
218550
218532
218514
218503
218502
218498
218477
218462
218431
218388
218367
218366
218344
218307
218278
218276
218265
218258
218245
218209
218157
218155
218147
218138
218100
218076
218068
218028
218003
217978
217922
217899
217895
217838
217818
217817
217814
217770
217761
217752
217751
217735
217730
217724
217660
217660
217654
217574
217521
217491
217476
217466
217441
217430
217429
217420
217418
217410
217376
217358
217340
217323
217314
217306
217304
217237
217234
217220
217205
217192
217150
217138
217136
217068
217068
217064
217052
217045
217033
217014
217006
216960
216959
216931
216890
216889
216844
216830
216829
216754
216722
216675
216654
216622
216619
216613
216590
216590
216582
216573
216550
216535
216530
216497
216497
216485
216436
216430
216408
216382
216343
216306
216290
216285
216281
216279
216230
216193
216190
216157
216137
216088
216071
216063
215998
215995
215976
215957
215911
215892
215891
215873
215863
215859
215845
215819
215803
215756
215753
215736
215729
215711
215689
215683
215662
215647
215568
215553
215524
215518
215513
215508
215485
215483
215479
215471
215465
215456
215441
215425
215425
215408
215406
215373
215346
215323
215321
215318
215315
215306
215288
215207
215206
215192
215175
215173
215112
215097
215096
215050
215019
214975
214926
214925
214902
214900
214860
214815
214811
214770
214758
214736
214736
214676
214636
214629
214588
214576
214575
214563
214550
214497
214491
214485
214458
214438
214407
214407
214386
214309
214290
214246
214204
214192
214165
214162
214161
214160
214080
214070
214048
213993
213980
213961
213942
213938
213930
213907
213890
213874
213867
213834
213833
213822
213822
213807
213795
213773
213758
213743
213710
213703
213698
213653
213644
213639
213638
213636
213593
213561
213538
213532
213467
213459
213445
213432
213419
213408
213404
213397
213396
213391
213374
213372
213364
213359
213314
213292
213273
213247
213238
213234
213233
213223
213205
213202
213196
213179
213170
213141
213121
213024
213009
212957
212940
212876
212873
212855
212848
212831
212829
212793
212790
212789
212772
212770
212757
212674
212637
212637
212627
212591
212590
212569
212547
212520
212490
212458
212450
212447
212434
212417
212400
212393
212373
212367
212298
212254
212202
212167
212140
212131
212131
212112
212111
212091
212065
212047
212038
212033
212018
211989
211984
211956
211911
211901
211836
211822
211806
211800
211786
211765
211739
211708
211708
211660
211648
211636
211635
211541
211531
211516
211434
211428
211378
211367
211359
211353
211346
211313
211305
211271
211262
211253
211244
211222
211216
211215
211211
211208
211202
211151
211139
211123
211106
211097
211092
211085
211073
211060
211048
211033
210954
210940
210894
210868
210846
210788
210721
210713
210712
210711
210697
210689
210644
210643
210639
210632
210627
210626
210607
210579
210567
210563
210515
210494
210478
210477
210476
210469
210467
210449
210443
210401
210397
210391
210377
210372
210369
210300
210286
210276
210273
210245
210226
210186
210186
210184
210180
210170
210134
210113
210103
210094
210088
210082
210081
210080
210078
210055
210045
210032
209991
209918
209914
209872
209869
209841
209833
209801
209800
209785
209778
209775
209761
209760
209748
209722
209719
209708
209703
209670
209653
209602
209562
209452
209439
209426
209414
209400
209397
209362
209355
209346
209345
209312
209284
209271
209243
209228
209218
209193
209178
209174
209091
209090
209002
208983
208967
208960
208948
208935
208929
208916
208913
208880
208858
208858
208799
208788
208753
208715
208715
208704
208701
208655
208636
208616
208583
208559
208559
208534
208528
208518
208411
208405
208397
208396
208393
208382
208371
208364
208359
208359
208352
208337
208332
208331
208325
208323
208316
208294
208265
208243
208240
208184
208150
208135
208126
208094
208071
208065
208051
208049
208049
208042
208034
207991
207961
207961
207951
207929
207923
207915
207907
207855
207842
207835
207829
207823
207813
207806
207742
207703
207700
207660
207656
207591
207575
207531
207521
207506
207506
207505
207489
207471
207418
207412
207382
207359
207322
207318
207303
207301
207279
207270
207268
207239
207215
207213
207209
207196
207190
207181
207175
207157
207157
207123
207079
207059
207014
206938
206873
206872
206854
206843
206832
206751
206656
206614
206611
206594
206583
206570
206540
206536
206523
206521
206503
206465
206455
206437
206424
206404
206355
206338
206313
206299
206285
206266
206176
206155
206151
206139
206128
206071
206051
206047
205916
205899
205863
205850
205838
205810
205735
205707
205705
205668
205638
205631
205627
205615
205584
205561
205555
205553
205540
205515
205502
205497
205495
205490
205484
205466
205395
205373
205295
205278
205258
205239
205227
205207
205202
205077
205050
205028
205015
205003
204962
204948
204815
204695
204675
204630
204626
204621
204579
204547
204529
204519
204505
204498
204495
204486
204472
204468
204440
204427
204386
204367
204359
204352
204303
204195
204186
204181
204163
204123
204110
204106
204104
204063
204047
204021
204020
204008
203992
203989
203981
203964
203935
203932
203927
203916
203846
203831
203781
203770
203769
203750
203736
203734
203731
203699
203694
203633
203629
203614
203607
203586
203576
203565
203550
203539
203511
203508
203498
203482
203421
203407
203400
203396
203389
203385
203352
203329
203314
203313
203308
203285
203279
203236
203215
203213
203185
203179
203113
203034
203011
202969
202959
202947
202917
202913
202910
202897
202893
202893
202880
202877
202871
202855
202850
202847
202832
202825
202779
202772
202771
202735
202715
202714
202702
202693
202692
202686
202663
202644
202639
202632
202622
202576
202553
202546
202544
202529
202515
202480
202459
202455
202445
202429
202425
202416
202401
202399
202394
202355
202333
202330
202316
202309
202277
202234
202210
202203
202203
202187
202146
202121
202117
202094
202057
201984
201983
201981
201977
201967
201963
201950
201947
201943
201914
201880
201879
201826
201809
201772
201769
201690
201679
201627
201622
201610
201582
201545
201528
201514
201510
201502
201500
201477
201473
201448
201428
201415
201383
201360
201338
201292
201291
201289
201285
201276
201228
201189
201181
201172
201170
201169
201159
201149
201094
201081
201065
201039
201029
201026
200990
200985
200984
200955
200927
200920
200910
200905
200882
200881
200878
200845
200831
200814
200785
200776
200700
200700
200658
200626
200619
200565
200530
200506
200497
200476
200476
200432
200419
200394
200388
200333
200327
200278
200274
200259
200253
200245
200243
200208
200187
200156
200139
200095
200087
200070
200068
200061
200031
200019
199991
199980
199979
199912
199906
199903
199901
199894
199891
199877
199856
199832
199806
199801
199777
199772
199675
199664
199645
199619
199583
199573
199519
199513
199494
199463
199458
199452
199405
199401
199368
199354
199352
199346
199317
199255
199241
199238
199235
199224
199196
199181
199173
199107
199048
199033
199032
199019
199008
198993
198981
198935
198919
198905
198851
198829
198810
198798
198719
198703
198672
198635
198600
198594
198584
198560
198550
198511
198491
198481
198445
198423
198403
198395
198393
198332
198318
198293
198292
198281
198277
198277
198201
198191
198164
198163
198159
198125
198102
198084
198048
198038
198023
197981
197977
197922
197902
197893
197860
197773
197756
197751
197695
197651
197627
197548
197427
197418
197415
197328
197297
197297
197296
197279
197271
197237
197184
197184
197184
197138
197134
197057
197052
197042
197029
196985
196983
196957
196954
196948
196941
196896
196878
196855
196854
196838
196835
196830
196795
196775
196718
196698
196696
196674
196665
196653
196587
196578
196520
196517
196396
196378
196353
196264
196259
196253
196249
196248
196231
196231
196230
196223
196220
196216
196214
196212
196192
196182
196168
196136
196104
196103
196096
196060
196038
195953
195945
195944
195941
195930
195912
195911
195903
195863
195849
195844
195837
195820
195812
195800
195788
195777
195774
195730
195714
195694
195678
195668
195663
195641
195636
195625
195610
195599
195597
195596
195592
195590
195578
195507
195503
195480
195479
195458
195456
195448
195431
195431
195400
195378
195363
195358
195304
195301
195298
195209
195162
195143
195141
195141
195117
195089
195065
195021
195017
194965
194907
194879
194759
194708
194677
194653
194643
194633
194620
194528
194441
194437
194411
194340
194294
194288
194277
194277
194266
194261
194249
194219
194215
194210
194183
194179
194175
194172
194167
194117
194071
194069
194051
194037
194019
193962
193928
193923
193915
193892
193885
193860
193827
193799
193798
193787
193770
193744
193721
193719
193710
193693
193638
193584
193578
193572
193544
193537
193537
193536
193527
193513
193511
193496
193490
193456
193451
193440
193419
193405
193401
193376
193369
193351
193341
193340
193323
193317
193311
193295
193270
193193
193154
193132
193129
193106
193105
193102
193094
193089
193071
193062
193053
193049
193022
193020
193010
193001
192995
192989
192987
192977
192961
192949
192912
192909
192889
192871
192862
192850
192847
192830
192829
192791
192778
192772
192746
192743
192703
192700
192696
192666
192655
192609
192609
192603
192600
192593
192571
192560
192550
192532
192524
192498
192473
192467
192413
192400
192388
192319
192284
192267
192254
192251
192244
192204
192196
192184
192170
192132
192101
192081
192073
192044
192026
192022
192019
191978
191974
191970
191951
191946
191932
191931
191930
191896
191888
191884
191874
191867
191834
191830
191824
191809
191801
191784
191746
191734
191715
191711
191700
191698
191692
191669
191641
191609
191591
191588
191571
191558
191534
191465
191464
191457
191429
191415
191394
191385
191380
191324
191293
191246
191223
191194
191162
191153
191131
191108
191099
191086
191069
191037
191035
191026
190974
190971
190919
190881
190874
190871
190868
190863
190842
190828
190788
190759
190757
190756
190745
190738
190738
190704
190658
190653
190639
190632
190621
190613
190608
190557
190549
190543
190528
190522
190517
190502
190497
190486
190471
190447
190445
190425
190313
190306
190222
190164
190161
190155
190095
190006
189978
189963
189935
189934
189901
189900
189897
189895
189840
189830
189820
189693
189650
189618
189598
189575
189554
189526
189493
189485
189477
189449
189449
189447
189442
189388
189381
189322
189321
189286
189272
189261
189237
189229
189226
189217
189203
189172
189164
189159
189140
189126
189105
189019
189011
188994
188963
188902
188884
188880
188813
188799
188786
188762
188722
188654
188649
188628
188624
188589
188562
188562
188550
188503
188495
188495
188448
188401
188388
188387
188364
188328
188316
188313
188308
188292
188284
188276
188272
188263
188246
188222
188208
188208
188203
188180
188156
188134
188099
188065
188056
188041
188014
187999
187965
187964
187946
187943
187932
187874
187861
187829
187806
187780
187755
187742
187722
187717
187716
187706
187685
187666
187664
187644
187642
187635
187635
187624
187613
187570
187556
187552
187516
187484
187469
187405
187379
187359
187358
187288
187282
187259
187250
187244
187243
187236
187202
187170
187159
187151
187149
187126
187104
187102
187095
187082
187045
187015
187012
186965
186965
186965
186871
186851
186814
186809
186762
186747
186715
186712
186698
186690
186687
186685
186614
186613
186583
186576
186573
186559
186543
186502
186491
186484
186480
186474
186471
186456
186425
186415
186397
186376
186375
186360
186346
186330
186327
186300
186292
186272
186268
186268
186236
186234
186229
186186
186178
186130
186119
186118
186116
186067
186066
186065
186047
186044
186023
186011
185985
185975
185951
185935
185928
185927
185910
185900
185864
185844
185838
185834
185803
185784
185750
185719
185707
185702
185701
185643
185615
185615
185609
185579
185559
185520
185514
185498
185453
185415
185410
185401
185397
185379
185363
185323
185322
185318
185313
185252
185204
185198
185193
185163
185144
185134
185098
185066
185030
185027
184910
184903
184842
184826
184823
184806
184794
184786
184770
184676
184595
184583
184565
184565
184504
184494
184491
184438
184438
184431
184413
184386
184371
184356
184314
184308
184238
184224
184215
184212
184204
184197
184183
184174
184159
184153
184142
184101
184066
184015
184011
183986
183970
183945
183900
183873
183868
183860
183841
183839
183778
183756
183744
183734
183714
183698
183698
183698
183682
183679
183661
183659
183621
183612
183608
183593
183579
183564
183562
183552
183551
183528
183526
183520
183498
183471
183405
183405
183403
183400
183364
183357
183342
183339
183321
183296
183247
183223
183191
183184
183178
183166
183146
183144
183103
183061
183047
183044
183001
182995
182942
182931
182908
182886
182858
182847
182830
182792
182774
182767
182761
182739
182735
182726
182699
182691
182664
182636
182633
182611
182607
182603
182600
182560
182544
182542
182540
182525
182502
182456
182453
182430
182321
182298
182296
182278
182256
182256
182226
182218
182203
182200
182186
182174
182159
182129
182112
182104
182096
182089
182074
182018
181995
181962
181937
181908
181892
181892
181890
181877
181859
181840
181835
181826
181760
181721
181715
181677
181663
181637
181633
181584
181578
181558
181528
181507
181487
181446
181444
181404
181397
181387
181383
181377
181376
181342
181338
181306
181264
181250
181244
181235
181213
181193
181175
181165
181163
181109
181097
181081
181067
181067
181025
181024
181013
180980
180935
180917
180907
180905
180900
180900
180844
180830
180815
180811
180807
180741
180723
180694
180681
180679
180639
180618
180610
180579
180569
180566
180548
180484
180483
180449
180392
180391
180371
180348
180306
180277
180277
180249
180247
180212
180202
180167
180134
180101
180071
180062
180055
180052
180039
180035
180031
180022
180003
179958
179958
179949
179893
179877
179874
179871
179857
179844
179830
179829
179775
179750
179710
179683
179681
179679
179660
179650
179602
179597
179589
179560
179556
179533
179463
179462
179416
179408
179390
179374
179361
179345
179318
179314
179297
179267
179264
179243
179172
179154
179143
179133
179131
179128
179114
179102
179100
179080
179062
179048
179040
179035
179034
179006
178993
178961
178919
178909
178872
178858
178826
178802
178736
178725
178718
178705
178698
178696
178693
178678
178653
178651
178637
178622
178595
178591
178590
178576
178554
178553
178546
178534
178529
178472
178446
178435
178419
178405
178405
178404
178387
178360
178338
178321
178306
178298
178252
178245
178242
178242
178234
178175
178165
178143
178134
178131
178131
178088
178050
178033
178021
178020
177987
177985
177984
177984
177978
177977
177975
177942
177904
177896
177848
177821
177815
177809
177805
177765
177726
177701
177682
177628
177600
177598
177569
177557
177498
177494
177488
177468
177440
177416
177392
177391
177373
177321
177299
177296
177263
177240
177207
177200
177176
177165
177140
177139
177077
177069
177068
177030
177016
177016
176998
176966
176966
176948
176928
176917
176899
176899
176882
176878
176838
176822
176816
176800
176780
176738
176735
176724
176685
176574
176538
176524
176504
176500
176469
176465
176401
176377
176370
176363
176355
176343
176336
176336
176332
176325
176325
176321
176318
176315
176300
176262
176251
176203
176192
176176
176173
176142
176141
176127
176110
176086
176001
175958
175907
175905
175896
175862
175854
175843
175838
175796
175790
175742
175725
175682
175664
175645
175523
175510
175502
175498
175479
175472
175468
175429
175416
175364
175359
175358
175352
175337
175334
175305
175304
175300
175297
175268
175254
175253
175243
175135
175133
175131
175127
175094
175068
175036
175030
175016
175013
174998
174982
174958
174928
174925
174903
174895
174887
174852
174834
174826
174817
174787
174777
174727
174672
174653
174601
174594
174553
174543
174498
174469
174467
174455
174411
174389
174367
174362
174360
174318
174302
174301
174296
174279
174279
174211
174210
174182
174176
174174
174168
174125
174046
174037
174009
174007
173979
173923
173923
173918
173885
173881
173878
173842
173829
173804
173741
173721
173692
173679
173631
173584
173484
173480
173461
173449
173422
173370
173370
173348
173330
173326
173292
173287
173277
173274
173262
173230
173227
173206
173182
173175
173170
173153
173127
173121
173052
173042
173031
172986
172956
172943
172940
172899
172880
172802
172797
172793
172775
172760
172743
172708
172698
172693
172660
172654
172653
172607
172596
172589
172587
172582
172523
172469
172457
172452
172421
172414
172385
172368
172353
172342
172319
172306
172283
172276
172260
172250
172210
172203
172199
172196
172178
172132
172130
172098
172086
172084
172075
172058
172046
172045
172044
172032
171991
171969
171957
171886
171841
171802
171768
171750
171710
171677
171676
171633
171621
171568
171565
171561
171540
171537
171496
171478
171473
171467
171439
171383
171357
171341
171339
171314
171314
171303
171291
171286
171281
171269
171241
171236
171233
171194
171185
171178
171169
171156
171142
171136
171122
171109
171101
171035
171032
171018
171015
170990
170920
170841
170793
170789
170780
170762
170756
170749
170659
170639
170592
170572
170562
170540
170510
170503
170498
170432
170422
170420
170410
170400
170346
170341
170303
170303
170288
170286
170250
170229
170226
170223
170207
170172
170164
170145
170125
170125
170067
170055
170049
170044
170008
170004
169998
169979
169969
169965
169923
169898
169892
169848
169796
169793
169786
169769
169768
169712
169698
169690
169686
169616
169615
169534
169519
169508
169471
169471
169466
169464
169459
169448
169425
169410
169400
169372
169348
169323
169259
169252
169236
169168
169135
169120
169095
169069
169058
169047
169045
169028
168987
168975
168889
168879
168878
168873
168863
168797
168767
168767
168756
168748
168719
168718
168703
168637
168629
168611
168587
168583
168583
168577
168561
168525
168483
168481
168456
168456
168381
168374
168326
168309
168250
168233
168231
168208
168190
168182
168160
168145
168144
168115
168060
168009
167992
167988
167974
167961
167955
167930
167910
167878
167866
167820
167809
167807
167804
167798
167774
167769
167754
167739
167727
167713
167700
167671
167667
167655
167649
167645
167641
167590
167567
167559
167526
167500
167476
167474
167468
167432
167431
167362
167307
167300
167300
167298
167283
167257
167231
167224
167180
167168
167106
167084
167066
167037
167029
167014
167014
167012
167006
166999
166983
166981
166979
166950
166941
166931
166898
166877
166862
166857
166856
166831
166808
166799
166772
166752
166738
166668
166644
166594
166570
166550
166544
166516
166472
166469
166468
166415
166366
166350
166340
166338
166320
166307
166243
166217
166194
166188
166182
166153
166148
166129
166116
166075
166009
165993
165983
165952
165902
165890
165889
165877
165856
165847
165837
165813
165802
165784
165769
165752
165738
165718
165691
165668
165654
165630
165626
165600
165581
165553
165526
165525
165505
165496
165491
165484
165476
165472
165448
165434
165414
165403
165395
165391
165390
165379
165371
165302
165297
165293
165291
165275
165245
165227
165207
165198
165093
165093
165085
165076
164952
164946
164945
164940
164927
164896
164872
164833
164821
164818
164799
164787
164779
164763
164762
164740
164717
164707
164658
164653
164616
164573
164533
164513
164491
164490
164484
164366
164319
164315
164304
164296
164288
164287
164278
164233
164197
164183
164173
164136
164100
164090
164072
164068
164018
164008
164000
163998
163986
163970
163962
163889
163888
163842
163829
163817
163805
163804
163764
163757
163741
163721
163717
163648
163643
163622
163615
163601
163601
163594
163575
163570
163535
163494
163423
163417
163374
163373
163370
163359
163315
163296
163278
163233
163217
163193
163184
163161
163126
163096
163090
163062
163052
163003
162988
162930
162927
162919
162912
162899
162870
162867
162842
162744
162681
162677
162671
162647
162615
162611
162539
162526
162496
162485
162473
162466
162423
162408
162369
162369
162366
162365
162343
162278
162273
162228
162172
162104
162080
162057
162034
162024
162021
161977
161964
161936
161896
161875
161828
161818
161758
161706
161659
161657
161656
161599
161565
161542
161521
161514
161483
161480
161466
161438
161412
161406
161378
161367
161362
161361
161332
161317
161270
161249
161219
161191
161170
161130
161111
161098
161038
161027
160987
160986
160981
160978
160875
160868
160854
160829
160802
160764
160755
160737
160719
160712
160709
160697
160678
160649
160641
160636
160631
160562
160555
160548
160541
160519
160506
160462
160457
160442
160431
160304
160297
160284
160267
160229
160221
160131
160112
160096
160095
160041
160008
159989
159985
159958
159947
159933
159924
159907
159828
159822
159810
159803
159771
159764
159743
159741
159699
159687
159680
159655
159623
159617
159596
159571
159545
159544
159523
159500
159488
159455
159425
159417
159397
159385
159336
159330
159306
159232
159186
159178
159170
159163
159151
159138
159128
159110
159087
159079
159068
159065
159059
159045
159043
159039
159018
158978
158966
158964
158888
158867
158862
158838
158820
158814
158790
158774
158773
158758
158747
158702
158673
158662
158654
158627
158627
158613
158597
158574
158541
158517
158471
158446
158427
158425
158376
158363
158306
158232
158222
158187
158177
158167
158159
158139
158126
158126
158112
158092
158022
158022
157997
157997
157978
157959
157957
157929
157915
157902
157889
157887
157884
157826
157820
157803
157786
157771
157743
157730
157707
157698
157688
157635
157626
157565
157454
157452
157427
157424
157373
157362
157355
157324
157308
157303
157296
157285
157279
157228
157213
157204
157193
157169
157146
157082
157079
157067
157049
157015
156985
156916
156902
156851
156844
156843
156819
156776
156737
156735
156735
156712
156703
156673
156624
156614
156574
156571
156553
156507
156505
156500
156499
156468
156449
156441
156432
156430
156424
156395
156391
156351
156323
156303
156299
156294
156238
156238
156226
156209
156190
156171
156132
156102
156092
156080
156079
156065
156043
156032
156025
156018
156015
156000
155962
155930
155875
155872
155871
155851
155811
155790
155780
155779
155765
155765
155709
155699
155696
155684
155632
155630
155594
155588
155533
155518
155508
155496
155451
155440
155282
155271
155253
155243
155206
155203
155184
155176
155175
155164
155129
155109
155089
155061
155050
155049
155030
155027
154928
154905
154886
154875
154855
154818
154809
154809
154802
154800
154792
154779
154770
154726
154702
154690
154656
154637
154612
154612
154573
154554
154533
154510
154472
154445
154427
154417
154416
154414
154407
154393
154354
154317
154280
154270
154206
154200
154136
154104
154098
154093
154057
154054
154048
153945
153944
153925
153900
153890
153885
153873
153857
153820
153794
153789
153780
153774
153751
153735
153725
153725
153722
153714
153705
153697
153656
153653
153626
153599
153582
153568
153562
153554
153553
153512
153508
153480
153471
153462
153459
153457
153456
153455
153436
153380
153339
153333
153325
153294
153278
153241
153190
153190
153183
153166
153153
153149
153138
153133
153098
153063
153049
153032
153025
153014
152960
152945
152928
152924
152884
152849
152832
152811
152795
152770
152743
152739
152710
152699
152663
152654
152640
152635
152601
152588
152538
152528
152472
152448
152395
152382
152382
152379
152345
152305
152295
152293
152283
152222
152204
152194
152187
152183
152178
152155
152128
152107
152053
152009
151995
151973
151959
151909
151858
151840
151824
151806
151779
151763
151710
151672
151659
151657
151653
151637
151637
151621
151595
151586
151574
151567
151547
151503
151488
151479
151468
151456
151453
151355
151327
151322
151308
151306
151261
151241
151226
151200
151134
151109
151102
151090
151077
151059
151053
151028
151006
151004
150994
150947
150922
150906
150904
150900
150861
150861
150855
150849
150837
150820
150817
150816
150816
150777
150744
150736
150720
150693
150681
150667
150646
150642
150598
150532
150520
150469
150468
150448
150438
150437
150412
150402
150385
150376
150338
150326
150314
150299
150264
150236
150226
150185
150180
150174
150150
150122
150113
150085
150011
149995
149990
149948
149921
149918
149906
149903
149863
149795
149793
149745
149697
149678
149667
149652
149634
149620
149617
149563
149553
149517
149508
149503
149501
149480
149464
149427
149412
149410
149377
149333
149318
149315
149305
149289
149288
149256
149219
149212
149193
149183
149139
149119
149115
149102
149099
149086
149055
149043
149039
149038
149013
149004
149002
148979
148978
148957
148942
148917
148909
148887
148872
148861
148804
148802
148800
148779
148729
148723
148721
148684
148681
148662
148640
148635
148613
148570
148564
148525
148514
148499
148492
148482
148481
148446
148439
148425
148389
148379
148376
148280
148259
148255
148228
148214
148213
148207
148192
148185
148110
148081
148072
148068
147993
147993
147965
147930
147855
147790
147788
147779
147708
147706
147668
147635
147633
147629
147582
147574
147508
147499
147494
147478
147474
147447
147446
147387
147380
147353
147321
147315
147282
147246
147193
147111
147043
147022
147000
146999
146992
146990
146970
146969
146967
146963
146959
146909
146839
146837
146833
146826
146784
146774
146757
146757
146752
146750
146731
146725
146619
146584
146551
146544
146538
146496
146488
146472
146458
146428
146428
146423
146415
146405
146393
146391
146390
146380
146371
146368
146347
146343
146301
146285
146249
146231
146227
146199
146197
146197
146196
146171
146160
146159
146143
146130
146101
146099
146071
146052
146046
146020
145993
145978
145953
145916
145914
145898
145893
145888
145886
145841
145836
145834
145831
145831
145829
145829
145827
145798
145795
145785
145750
145680
145654
145651
145637
145622
145613
145585
145543
145489
145474
145460
145440
145438
145426
145376
145346
145317
145315
145281
145263
145230
145221
145198
145174
145162
145114
145113
145069
145068
145059
145054
145047
145041
145041
145038
144996
144988
144988
144988
144981
144981
144977
144965
144921
144893
144861
144850
144840
144831
144830
144821
144818
144790
144789
144747
144743
144730
144724
144710
144698
144686
144680
144541
144526
144522
144518
144518
144509
144507
144498
144487
144467
144452
144418
144388
144370
144367
144329
144323
144284
144281
144279
144237
144233
144218
144213
144199
144163
144115
144099
144080
144035
144010
143977
143928
143900
143897
143893
143882
143877
143847
143839
143796
143740
143718
143683
143678
143668
143641
143638
143637
143634
143621
143615
143607
143593
143591
143539
143515
143513
143483
143467
143456
143421
143407
143401
143399
143378
143370
143309
143279
143235
143225
143196
143158
143148
143125
143086
143086
143066
143050
143028
143021
143020
143004
142997
142989
142987
142932
142896
142892
142884
142875
142858
142835
142826
142820
142802
142737
142726
142716
142707
142706
142688
142680
142678
142638
142631
142600
142569
142531
142529
142528
142482
142474
142469
142432
142430
142426
142396
142395
142393
142366
142355
142318
142307
142278
142270
142241
142194
142159
142155
142128
142096
142086
142083
142083
142070
142058
142057
142051
142048
142043
142024
141980
141959
141917
141897
141892
141888
141854
141853
141845
141827
141818
141803
141767
141733
141721
141716
141706
141697
141636
141618
141601
141583
141578
141574
141543
141540
141508
141491
141484
141466
141401
141391
141313
141307
141285
141226
141180
141171
141171
141123
141123
141119
141080
141074
141028
141022
141014
140992
140977
140967
140967
140964
140926
140877
140823
140779
140738
140697
140689
140686
140675
140616
140613
140602
140585
140568
140561
140544
140541
140523
140519
140492
140483
140431
140396
140361
140327
140324
140310
140286
140284
140274
140254
140230
140196
140180
140138
140106
140105
140105
140102
140085
140075
140069
140050
140013
139995
139975
139974
139963
139945
139945
139927
139878
139868
139866
139825
139820
139806
139788
139786
139785
139781
139772
139756
139756
139714
139712
139690
139681
139609
139575
139566
139564
139518
139497
139496
139496
139466
139454
139454
139443
139409
139377
139360
139329
139327
139315
139273
139234
139229
139219
139192
139183
139169
139152
139144
139124
139082
139068
139067
138963
138942
138932
138931
138922
138896
138873
138858
138841
138745
138706
138689
138643
138625
138600
138583
138569
138551
138516
138466
138455
138428
138389
138387
138383
138367
138360
138313
138281
138279
138277
138260
138223
138222
138216
138202
138174
138157
138135
138130
138117
138097
138014
138009
138005
137998
137923
137923
137900
137899
137871
137770
137720
137708
137654
137634
137633
137607
137604
137593
137590
137583
137500
137497
137496
137484
137452
137420
137401
137401
137394
137349
137328
137325
137304
137294
137280
137271
137265
137203
137186
137130
137097
137090
137078
137046
137037
137007
136996
136982
136951
136947
136937
136894
136884
136871
136828
136791
136773
136768
136753
136738
136673
136668
136661
136654
136645
136641
136624
136610
136601
136598
136518
136512
136508
136503
136469
136443
136367
136357
136355
136346
136329
136279
136243
136229
136154
136151
136144
136107
136106
136105
136089
136082
136064
136034
136023
135987
135984
135980
135948
135937
135925
135891
135852
135806
135800
135790
135777
135740
135705
135704
135689
135662
135661
135650
135629
135612
135598
135586
135583
135579
135563
135472
135444
135425
135416
135415
135395
135319
135271
135250
135238
135233
135232
135207
135191
135190
135184
135172
135074
135069
135059
135024
135022
135020
135016
134984
134949
134943
134937
134935
134926
134892
134874
134852
134815
134814
134812
134809
134743
134716
134654
134653
134648
134629
134582
134525
134517
134499
134493
134467
134454
134439
134431
134423
134404
134381
134348
134231
134208
134204
134114
134100
134100
134096
134096
134085
134079
134061
134045
133997
133993
133980
133958
133933
133929
133922
133885
133859
133851
133849
133812
133805
133798
133793
133791
133768
133744
133720
133711
133654
133641
133633
133632
133602
133581
133557
133557
133542
133516
133491
133469
133340
133339
133312
133310
133289
133276
133268
133267
133242
133178
133174
133163
133150
133119
133100
133080
133035
133035
133035
133018
133017
132987
132959
132937
132927
132923
132919
132908
132894
132872
132846
132825
132823
132804
132794
132785
132765
132761
132680
132673
132670
132644
132637
132576
132570
132564
132546
132484
132481
132470
132443
132437
132435
132430
132422
132417
132401
132400
132356
132311
132206
132204
132176
132169
132143
132126
132093
132050
132036
132029
131992
131987
131929
131922
131876
131868
131867
131840
131828
131824
131801
131784
131768
131759
131740
131707
131688
131638
131629
131615
131610
131566
131561
131542
131527
131520
131465
131460
131459
131451
131449
131401
131398
131370
131369
131361
131358
131347
131344
131284
131279
131246
131242
131190
131174
131125
131096
131066
131065
131063
131059
131048
131040
131028
131027
131025
131021
130975
130966
130948
130938
130906
130893
130876
130873
130835
130819
130793
130777
130772
130760
130746
130743
130739
130731
130725
130671
130670
130614
130575
130562
130482
130478
130476
130440
130366
130361
130346
130333
130323
130278
130242
130230
130223
130202
130186
130168
130167
130123
130072
130065
130059
130041
130025
129989
129986
129982
129967
129934
129903
129901
129885
129865
129842
129838
129833
129816
129799
129775
129765
129763
129738
129709
129699
129686
129684
129656
129655
129634
129627
129624
129618
129617
129612
129602
129572
129529
129506
129502
129501
129493
129468
129465
129434
129430
129370
129362
129360
129345
129340
129307
129300
129295
129287
129252
129236
129230
129216
129209
129188
129108
129107
129099
129097
129096
129036
129014
128965
128946
128937
128924
128916
128906
128820
128798
128791
128780
128780
128776
128745
128738
128714
128712
128670
128638
128635
128622
128603
128597
128559
128520
128513
128493
128465
128433
128416
128404
128398
128394
128382
128344
128313
128302
128274
128247
128247
128244
128237
128231
128212
128195
128167
128162
128127
128093
128074
128073
128057
128045
128040
128028
128020
127993
127983
127952
127949
127944
127914
127870
127857
127798
127781
127695
127668
127601
127526
127487
127474
127395
127347
127324
127296
127275
127205
127195
127162
127136
127133
127066
127032
127010
126974
126940
126924
126921
126919
126909
126880
126875
126862
126837
126823
126809
126808
126787
126787
126778
126777
126771
126770
126757
126721
126633
126596
126576
126554
126550
126500
126491
126475
126448
126416
126382
126361
126356
126343
126291
126280
126272
126261
126215
126209
126174
126165
126162
126158
126156
126154
126147
126143
126118
126094
126082
126073
126030
126021
126019
125985
125957
125927
125904
125875
125857
125837
125815
125765
125725
125674
125635
125597
125592
125530
125485
125475
125456
125424
125418
125399
125394
125373
125362
125358
125349
125302
125281
125268
125201
125167
125124
125078
125046
125036
125032
125006
124982
124978
124967
124910
124891
124887
124885
124881
124847
124847
124827
124817
124800
124798
124770
124766
124757
124731
124715
124618
124613
124570
124468
124394
124331
124309
124293
124288
124287
124268
124246
124245
124229
124201
124197
124184
124175
124156
124145
124123
124046
124025
124021
124014
123973
123973
123953
123911
123879
123871
123826
123785
123783
123774
123748
123747
123739
123734
123705
123693
123681
123668
123658
123649
123647
123640
123615
123610
123590
123583
123579
123567
123530
123504
123499
123491
123473
123437
123433
123431
123426
123416
123410
123396
123369
123346
123275
123273
123270
123242
123233
123219
123198
123195
123163
123118
123115
123096
123065
123021
123019
123009
123006
122946
122946
122892
122859
122813
122808
122789
122780
122758
122751
122749
122748
122737
122728
122693
122668
122664
122620
122604
122591
122588
122566
122541
122523
122520
122484
122453
122440
122429
122384
122362
122346
122329
122303
122291
122258
122253
122234
122180
122162
122146
122119
122106
122103
122093
122087
122068
121996
121992
121970
121969
121963
121929
121907
121898
121893
121880
121850
121809
121786
121766
121746
121729
121717
121694
121689
121676
121669
121652
121652
121609
121602
121595
121564
121562
121526
121502
121471
121426
121408
121399
121373
121324
121322
121261
121238
121236
121188
121179
121156
121148
121146
121135
121135
121087
121085
121084
121079
121069
121067
121065
121065
121050
120976
120972
120937
120935
120925
120905
120857
120824
120821
120787
120762
120730
120650
120625
120611
120595
120561
120556
120549
120542
120541
120529
120527
120524
120523
120490
120473
120468
120463
120412
120386
120381
120340
120337
120332
120313
120301
120293
120265
120256
120206
120152
120151
120150
120094
120050
120040
120029
119996
119974
119969
119958
119906
119900
119883
119869
119849
119835
119792
119789
119747
119738
119737
119714
119696
119667
119667
119654
119635
119632
119624
119615
119566
119509
119503
119474
119452
119434
119427
119415
119391
119382
119378
119350
119305
119293
119270
119261
119236
119217
119188
119151
119118
119107
119069
119068
119057
119038
119035
119019
119015
119015
119001
118966
118923
118918
118871
118858
118812
118793
118771
118767
118762
118759
118754
118747
118745
118729
118708
118685
118672
118647
118647
118626
118603
118602
118599
118570
118553
118548
118548
118540
118521
118510
118509
118477
118476
118471
118457
118439
118415
118388
118319
118310
118243
118237
118220
118160
118151
118136
118126
118106
118095
118075
118067
118019
118001
117999
117947
117943
117889
117879
117870
117800
117789
117787
117785
117769
117745
117723
117716
117705
117692
117670
117644
117609
117595
117564
117560
117547
117546
117529
117502
117440
117419
117416
117384
117374
117369
117357
117349
117319
117314
117314
117312
117301
117299
117259
117232
117207
117196
117164
117158
117128
117114
117110
117097
117072
117061
117000
116987
116938
116937
116920
116906
116894
116827
116809
116800
116768
116752
116738
116724
116718
116717
116714
116701
116672
116651
116617
116614
116614
116611
116542
116525
116521
116432
116432
116401
116397
116388
116383
116378
116324
116284
116257
116240
116233
116207
116151
116101
116098
116082
116020
116008
116007
115971
115937
115917
115898
115875
115811
115802
115802
115795
115767
115756
115741
115732
115699
115694
115683
115681
115666
115655
115634
115610
115570
115495
115494
115430
115416
115396
115336
115318
115306
115302
115288
115288
115271
115266
115253
115213
115201
115187
115162
115122
115031
115008
115005
114997
114982
114971
114929
114917
114889
114860
114850
114850
114835
114775
114750
114745
114742
114716
114651
114616
114601
114560
114549
114509
114497
114488
114474
114472
114425
114385
114370
114364
114347
114324
114316
114267
114266
114253
114244
114196
114162
114147
114126
114075
114066
114062
114055
113997
113996
113960
113947
113926
113881
113881
113872
113853
113846
113841
113838
113835
113834
113816
113806
113800
113789
113769
113764
113758
113706
113703
113683
113638
113621
113616
113598
113581
113555
113509
113464
113423
113423
113416
113405
113397
113384
113345
113262
113205
113205
113193
113166
113164
113127
113119
113077
113073
113036
113030
112989
112969
112950
112940
112880
112879
112872
112865
112812
112635
112628
112612
112611
112603
112600
112553
112541
112536
112527
112527
112508
112471
112456
112434
112432
112399
112327
112320
112309
112279
112248
112242
112235
112232
112221
112187
112128
112123
112108
112088
112084
112056
112035
111994
111944
111936
111930
111907
111907
111900
111890
111847
111786
111774
111738
111723
111677
111660
111652
111562
111553
111490
111462
111453
111427
111388
111368
111347
111338
111325
111316
111297
111265
111237
111233
111218
111166
111158
111146
111136
111135
111131
111128
111074
111067
111051
111032
110996
110975
110886
110846
110837
110834
110830
110817
110808
110805
110803
110784
110728
110728
110725
110712
110700
110680
110676
110671
110660
110643
110632
110601
110601
110584
110583
110567
110542
110535
110533
110526
110519
110516
110493
110466
110461
110420
110402
110382
110376
110291
110283
110268
110267
110180
110168
110165
110158
110156
110152
110135
110105
110056
110051
110005
110004
110003
109973
109971
109967
109966
109953
109938
109932
109932
109931
109921
109870
109862
109851
109850
109816
109815
109772
109733
109732
109726
109697
109685
109677
109669
109647
109624
109584
109580
109569
109565
109565
109562
109554
109554
109537
109522
109514
109510
109503
109445
109430
109397
109376
109360
109283
109206
109180
109165
109119
109108
109087
109085
109060
109038
109028
108974
108966
108922
108900
108896
108878
108877
108831
108799
108793
108776
108766
108749
108735
108730
108724
108722
108718
108700
108658
108651
108625
108622
108567
108559
108557
108554
108536
108531
108528
108521
108481
108473
108472
108450
108414
108402
108391
108375
108369
108366
108365
108300
108264
108264
108239
108236
108215
108151
108132
108124
108077
108054
108017
107988
107979
107976
107968
107961
107944
107891
107844
107832
107822
107776
107747
107746
107730
107728
107690
107678
107677
107597
107592
107587
107556
107535
107525
107498
107492
107472
107424
107378
107342
107258
107219
107176
107170
107133
107074
107058
107052
107027
107026
106998
106984
106975
106974
106944
106933
106919
106917
106902
106838
106838
106812
106811
106799
106779
106728
106714
106666
106620
106549
106547
106523
106482
106468
106430
106422
106408
106392
106390
106390
106383
106374
106371
106370
106344
106343
106297
106288
106287
106272
106236
106224
106208
106206
106186
106178
106168
106149
106135
106132
106131
106124
106118
106114
106103
106088
106088
106064
106059
106056
106043
105974
105970
105927
105912
105904
105888
105857
105780
105771
105758
105739
105658
105648
105646
105642
105607
105575
105573
105569
105515
105507
105492
105471
105449
105430
105399
105378
105360
105354
105342
105338
105336
105330
105324
105311
105298
105298
105278
105265
105262
105240
105236
105223
105193
105180
105167
105161
105122
105113
105107
105101
105097
105065
105054
105039
105028
104954
104931
104926
104925
104870
104861
104847
104846
104785
104778
104773
104766
104758
104751
104741
104711
104670
104660
104627
104625
104621
104588
104568
104558
104550
104550
104533
104526
104457
104436
104419
104411
104390
104359
104340
104338
104317
104307
104304
104273
104268
104235
104232
104210
104182
104168
104163
104150
104146
104093
104044
103992
103983
103975
103972
103952
103951
103935
103870
103866
103841
103822
103801
103784
103753
103752
103746
103739
103729
103717
103674
103651
103607
103544
103530
103510
103486
103441
103439
103423
103417
103389
103356
103326
103293
103271
103253
103246
103219
103187
103184
103156
103153
103147
103146
103139
103132
103111
103085
103070
103060
103042
103027
102992
102966
102932
102925
102914
102914
102912
102907
102907
102905
102904
102888
102801
102753
102625
102611
102611
102590
102583
102455
102427
102419
102417
102350
102301
102253
102244
102199
102183
102146
102122
102113
102059
102026
102025
101988
101975
101959
101916
101910
101863
101857
101842
101810
101798
101779
101777
101776
101749
101738
101713
101601
101579
101562
101561
101526
101495
101495
101477
101450
101420
101393
101379
101374
101338
101315
101308
101304
101301
101292
101281
101261
101258
101258
101240
101239
101238
101229
101217
101182
101161
101155
101149
101046
101036
101029
101019
101007
100992
100958
100956
100936
100927
100909
100889
100845
100773
100729
100723
100722
100638
100621
100619
100613
100590
100575
100548
100538
100536
100500
100431
100430
100347
100341
100155
100088
100063
100044
100030
99967
99934
99923
99913
99905
99893
99856
99788
99756
99752
99747
99690
99661
99658
99655
99655
99646
99635
99622
99571
99551
99494
99479
99478
99462
99437
99426
99417
99366
99364
99341
99265
99252
99249
99178
99161
99153
99143
99142
99121
99116
99115
99104
99095
99090
99078
98999
98986
98953
98943
98927
98868
98854
98838
98803
98793
98786
98716
98705
98647
98618
98601
98590
98573
98561
98551
98495
98492
98492
98464
98453
98415
98400
98396
98395
98389
98388
98324
98301
98300
98298
98298
98278
98247
98246
98237
98207
98186
98163
98156
98138
98136
98128
98103
98102
98099
98083
98080
98054
98027
98019
97998
97984
97981
97961
97927
97926
97918
97917
97855
97809
97785
97783
97737
97706
97665
97662
97652
97639
97630
97608
97599
97599
97592
97571
97568
97563
97529
97506
97495
97454
97409
97408
97401
97388
97357
97349
97289
97213
97208
97184
97164
97157
97155
97153
97146
97138
97120
97106
97064
97050
97047
97032
96979
96971
96895
96874
96867
96862
96861
96859
96838
96829
96804
96796
96790
96759
96719
96709
96705
96694
96627
96621
96594
96589
96564
96549
96505
96496
96469
96365
96354
96354
96343
96338
96309
96288
96279
96278
96234
96199
96197
96190
96188
96163
96162
96159
96135
96106
96105
96085
96059
96053
96045
96038
96016
95983
95953
95923
95905
95863
95851
95848
95843
95815
95800
95774
95773
95768
95756
95744
95716
95686
95665
95655
95647
95624
95593
95548
95538
95474
95462
95459
95418
95400
95373
95358
95338
95334
95307
95281
95278
95277
95192
95190
95185
95172
95114
95082
95069
95051
95047
94994
94963
94946
94933
94931
94895
94851
94831
94809
94781
94731
94707
94690
94679
94645
94626
94603
94594
94579
94578
94516
94498
94489
94480
94480
94430
94430
94394
94347
94305
94302
94280
94276
94273
94264
94262
94223
94204
94176
94165
94124
94123
94078
94037
94033
93988
93981
93977
93949
93948
93941
93924
93883
93833
93829
93823
93809
93806
93804
93757
93744
93697
93688
93687
93679
93648
93640
93627
93622
93621
93620
93606
93604
93597
93578
93541
93523
93481
93476
93470
93464
93453
93451
93448
93432
93376
93365
93349
93309
93287
93287
93270
93261
93228
93221
93202
93184
93180
93174
93124
93099
93040
93037
93024
92942
92927
92863
92836
92805
92787
92783
92780
92769
92768
92732
92719
92679
92645
92615
92600
92582
92578
92572
92541
92516
92511
92507
92496
92490
92480
92477
92446
92432
92409
92403
92380
92359
92351
92310
92288
92283
92264
92264
92249
92231
92188
92153
92113
92080
92061
91993
91965
91962
91951
91947
91919
91891
91831
91808
91806
91745
91742
91739
91702
91680
91677
91665
91645
91601
91593
91591
91566
91549
91545
91543
91537
91519
91516
91512
91464
91456
91440
91438
91436
91409
91375
91354
91339
91336
91324
91321
91251
91160
91141
91136
91131
91099
91094
91071
91053
91000
91000
90981
90980
90934
90930
90916
90903
90875
90844
90808
90803
90781
90774
90738
90721
90706
90684
90673
90665
90652
90651
90635
90631
90609
90605
90575
90562
90555
90523
90504
90497
90476
90455
90453
90449
90401
90397
90347
90342
90325
90311
90308
90304
90304
90260
90258
90248
90179
90179
90172
90142
90133
90131
90106
90094
90052
90019
90009
89977
89970
89961
89944
89914
89897
89888
89849
89839
89820
89819
89816
89783
89772
89750
89743
89726
89697
89662
89643
89565
89565
89543
89538
89537
89473
89452
89435
89418
89389
89378
89355
89339
89339
89330
89315
89307
89305
89283
89276
89260
89257
89256
89203
89140
89136
89119
89108
89088
89079
89060
89043
89043
89040
89026
89011
89006
88998
88983
88981
88979
88948
88892
88885
88883
88875
88862
88838
88832
88827
88818
88807
88781
88746
88740
88696
88660
88625
88625
88609
88603
88595
88590
88584
88552
88544
88541
88540
88539
88489
88489
88458
88441
88436
88406
88392
88391
88386
88305
88299
88283
88277
88270
88216
88199
88181
88141
88123
88121
88084
88075
88070
88062
88057
88040
88032
88031
88016
88003
88000
87994
87982
87977
87977
87949
87946
87929
87926
87886
87883
87879
87866
87791
87754
87753
87752
87734
87678
87664
87660
87639
87548
87532
87530
87504
87480
87418
87413
87349
87344
87328
87327
87317
87229
87207
87184
87157
87136
87134
87119
87091
87082
87080
87059
87059
87055
87035
87033
87031
87030
87025
87023
87017
87006
86988
86984
86971
86968
86966
86963
86944
86900
86892
86874
86853
86850
86809
86776
86756
86716
86705
86694
86693
86675
86641
86637
86623
86578
86568
86550
86544
86530
86503
86454
86430
86376
86331
86327
86327
86323
86298
86276
86257
86241
86232
86232
86231
86227
86212
86209
86197
86193
86167
86158
86134
86089
86074
86070
86058
86049
86009
86006
86000
85965
85960
85953
85907
85881
85880
85802
85788
85783
85753
85749
85743
85732
85699
85682
85631
85621
85576
85575
85555
85536
85521
85513
85478
85477
85462
85425
85399
85395
85367
85359
85345
85339
85277
85246
85243
85240
85169
85140
85049
84991
84989
84986
84980
84966
84946
84919
84883
84874
84821
84819
84802
84784
84781
84780
84779
84768
84754
84727
84702
84692
84608
84604
84570
84569
84542
84523
84521
84494
84494
84491
84464
84401
84400
84386
84367
84365
84364
84354
84330
84309
84300
84286
84266
84248
84241
84207
84190
84162
84146
84110
84107
84096
84079
84078
84061
84054
84045
84032
84031
84026
83992
83975
83972
83923
83903
83881
83868
83838
83832
83807
83767
83752
83709
83704
83700
83674
83664
83663
83660
83650
83632
83572
83571
83563
83546
83501
83480
83466
83427
83423
83355
83350
83337
83302
83251
83219
83195
83191
83190
83181
83138
83068
83031
83014
82918
82917
82917
82895
82876
82841
82841
82818
82788
82747
82726
82702
82688
82656
82649
82646
82637
82628
82624
82580
82572
82506
82498
82493
82486
82462
82447
82415
82247
82238
82225
82161
82145
82143
82139
82105
82086
82068
82047
82017
81974
81925
81918
81905
81901
81891
81877
81821
81804
81800
81792
81772
81751
81750
81727
81707
81697
81681
81646
81638
81607
81604
81579
81547
81397
81332
81327
81314
81312
81298
81294
81249
81226
81209
81209
81199
81193
81164
81151
81120
81107
81068
81043
81010
81007
80999
80991
80983
80932
80925
80917
80876
80871
80870
80862
80858
80820
80806
80769
80742
80730
80699
80694
80641
80620
80616
80570
80514
80512
80440
80416
80413
80403
80394
80372
80351
80320
80297
80289
80264
80246
80246
80223
80214
80201
80186
80177
80165
80161
80130
80130
80106
80104
80080
80071
80047
80020
79914
79894
79859
79833
79832
79801
79797
79779
79771
79743
79732
79720
79717
79713
79690
79688
79686
79658
79626
79606
79579
79488
79450
79446
79442
79426
79411
79396
79395
79370
79359
79342
79315
79298
79283
79272
79247
79238
79197
79194
79184
79159
79143
79134
79122
79086
79062
79027
78982
78974
78955
78937
78926
78918
78917
78886
78859
78857
78842
78840
78787
78779
78734
78703
78690
78641
78604
78602
78535
78518
78511
78507
78499
78499
78497
78473
78470
78435
78432
78431
78427
78395
78395
78384
78328
78315
78292
78290
78290
78288
78223
78184
78153
78137
78089
78081
78073
78072
78023
78017
78013
78011
78010
77991
77991
77983
77950
77947
77936
77935
77934
77854
77844
77835
77831
77828
77793
77783
77779
77731
77720
77719
77714
77710
77701
77688
77650
77643
77612
77516
77475
77453
77433
77371
77340
77313
77293
77285
77282
77236
77206
77196
77190
77170
77163
77151
77137
77130
77122
77097
77092
77088
77082
77066
77060
77040
77034
77030
77029
77019
77015
77003
76975
76966
76931
76906
76878
76878
76874
76838
76821
76808
76772
76762
76646
76629
76605
76578
76572
76572
76548
76532
76502
76487
76477
76434
76428
76382
76355
76347
76336
76334
76322
76272
76245
76245
76220
76219
76218
76165
76154
76141
76101
76081
76062
76031
76029
76019
76016
76012
75904
75901
75848
75826
75775
75754
75721
75706
75705
75696
75687
75682
75667
75662
75645
75638
75632
75632
75589
75570
75567
75532
75521
75480
75480
75401
75375
75368
75358
75336
75334
75332
75309
75269
75235
75184
75176
75146
75115
75103
75046
75011
74978
74939
74882
74879
74869
74847
74811
74790
74770
74770
74768
74745
74690
74683
74670
74632
74600
74595
74532
74519
74513
74462
74453
74442
74426
74403
74393
74343
74296
74265
74248
74180
74176
74147
74143
74133
74132
74125
74115
74114
74068
73946
73918
73841
73831
73814
73723
73719
73717
73702
73688
73670
73659
73631
73613
73566
73546
73543
73542
73502
73366
73339
73332
73331
73299
73292
73269
73268
73219
73175
73154
73139
73131
73130
73128
73109
73046
73040
72968
72964
72923
72908
72871
72866
72853
72849
72826
72749
72747
72710
72708
72685
72684
72682
72652
72642
72619
72588
72533
72488
72473
72473
72441
72411
72401
72346
72342
72306
72281
72253
72236
72150
72090
72051
72043
72037
72006
71976
71971
71970
71961
71954
71916
71904
71880
71822
71782
71781
71767
71758
71707
71707
71700
71677
71677
71670
71622
71620
71615
71609
71606
71598
71592
71567
71554
71474
71469
71422
71417
71317
71288
71268
71255
71254
71224
71194
71187
71138
71097
71096
71092
71074
71049
71015
70997
70951
70930
70922
70911
70887
70878
70874
70860
70821
70781
70774
70723
70714
70666
70643
70601
70596
70586
70580
70567
70556
70503
70495
70424
70423
70418
70404
70399
70391
70376
70369
70360
70353
70330
70328
70327
70314
70310
70291
70255
70237
70232
70164
70156
70127
70060
70022
70019
69971
69956
69949
69910
69873
69862
69857
69836
69786
69768
69764
69720
69714
69686
69676
69637
69600
69585
69569
69540
69534
69533
69523
69508
69504
69504
69464
69446
69428
69405
69399
69396
69378
69312
69294
69290
69260
69252
69241
69234
69225
69220
69219
69200
69188
69176
69168
69165
69155
69155
69151
69138
69131
69119
69116
69113
69106
69078
69028
69020
69019
69019
68966
68896
68869
68864
68851
68840
68813
68781
68751
68747
68710
68591
68566
68533
68512
68484
68470
68461
68458
68451
68447
68440
68426
68379
68375
68368
68349
68336
68323
68293
68293
68281
68257
68253
68132
68126
68097
68087
68049
68021
68000
67991
67978
67940
67928
67918
67891
67869
67867
67856
67855
67855
67847
67846
67826
67705
67683
67680
67656
67627
67617
67589
67580
67578
67573
67570
67563
67556
67508
67504
67502
67498
67495
67493
67463
67456
67454
67431
67409
67406
67403
67390
67358
67346
67322
67318
67301
67242
67211
67208
67192
67186
67162
67105
67094
67085
67028
67026
67005
66989
66936
66921
66918
66897
66893
66864
66858
66850
66844
66844
66841
66828
66818
66806
66754
66746
66723
66684
66676
66658
66645
66644
66630
66628
66608
66585
66551
66545
66526
66519
66497
66486
66457
66430
66398
66385
66333
66297
66271
66260
66229
66219
66163
66137
66067
66037
66026
66008
65983
65970
65958
65926
65895
65888
65854
65826
65791
65789
65782
65769
65709
65708
65674
65674
65648
65639
65627
65626
65607
65606
65605
65604
65579
65500
65440
65421
65333
65304
65297
65288
65280
65274
65273
65265
65234
65211
65199
65187
65127
65123
65097
65091
65089
65086
65079
65069
65057
65047
64969
64953
64939
64910
64890
64877
64824
64794
64769
64733
64700
64691
64659
64637
64624
64623
64595
64589
64553
64522
64493
64492
64485
64467
64457
64454
64453
64430
64429
64377
64377
64308
64287
64252
64245
64213
64162
64162
64118
64080
64029
64028
64004
63989
63967
63957
63952
63951
63949
63895
63893
63879
63853
63849
63840
63793
63776
63751
63751
63746
63739
63706
63705
63697
63667
63651
63640
63632
63621
63612
63610
63605
63604
63545
63541
63532
63521
63512
63509
63507
63496
63460
63443
63399
63388
63380
63330
63329
63324
63322
63304
63302
63300
63245
63242
63234
63172
63157
63137
63119
63118
63070
63037
63029
63017
63011
63006
62996
62959
62942
62934
62931
62870
62860
62853
62793
62766
62762
62752
62744
62708
62666
62622
62585
62527
62450
62425
62423
62407
62362
62346
62343
62335
62322
62318
62316
62291
62282
62282
62269
62197
62197
62195
62191
62189
62157
62150
62118
62117
62103
62074
62049
62001
62000
62000
61995
61961
61892
61855
61853
61844
61838
61811
61807
61807
61790
61739
61724
61712
61705
61690
61689
61665
61664
61662
61635
61631
61628
61587
61553
61500
61441
61426
61376
61372
61371
61370
61354
61341
61318
61310
61273
61269
61246
61238
61222
61221
61214
61201
61173
61150
61142
61142
61124
61096
61014
60994
60964
60883
60850
60810
60792
60729
60726
60711
60670
60669
60629
60588
60587
60551
60534
60440
60435
60433
60432
60429
60425
60398
60390
60386
60383
60378
60336
60335
60309
60279
60269
60254
60218
60212
60204
60196
60175
60173
60123
60114
60069
60017
59999
59981
59964
59961
59943
59936
59906
59893
59892
59874
59815
59780
59765
59721
59697
59692
59682
59682
59677
59665
59662
59653
59641
59592
59575
59530
59440
59437
59416
59390
59377
59376
59365
59359
59358
59326
59279
59248
59200
59156
59138
59134
59111
59095
59090
59080
59077
59047
59035
59024
59022
59010
58994
58983
58982
58910
58905
58852
58849
58813
58810
58779
58702
58693
58673
58657
58646
58624
58551
58527
58484
58482
58477
58466
58441
58434
58433
58430
58429
58422
58409
58396
58387
58370
58355
58348
58326
58287
58272
58256
58252
58237
58233
58225
58193
58120
58111
58064
58053
58026
58023
58018
57967
57917
57915
57900
57887
57866
57865
57855
57849
57832
57817
57761
57756
57712
57705
57703
57691
57675
57613
57609
57588
57586
57581
57581
57579
57557
57554
57543
57515
57499
57449
57445
57433
57418
57408
57391
57391
57329
57310
57309
57292
57283
57265
57252
57248
57183
57142
57119
57107
57056
57055
57043
57020
56952
56938
56899
56882
56834
56831
56810
56751
56749
56746
56732
56727
56700
56618
56610
56606
56605
56572
56545
56542
56520
56440
56432
56429
56399
56349
56348
56264
56260
56207
56147
56128
56091
56080
56071
56028
56015
55938
55927
55923
55882
55845
55815
55810
55763
55755
55730
55691
55682
55671
55658
55623
55621
55602
55573
55523
55523
55466
55420
55372
55343
55330
55329
55309
55257
55256
55143
55057
55010
54992
54989
54986
54974
54968
54961
54945
54922
54918
54874
54846
54826
54805
54792
54777
54773
54761
54750
54711
54673
54671
54669
54603
54593
54567
54478
54461
54446
54404
54404
54379
54370
54353
54334
54332
54296
54266
54231
54218
54215
54200
54186
54180
54173
54134
54127
54124
54058
54017
54015
54007
53987
53959
53926
53920
53918
53881
53826
53821
53764
53741
53730
53724
53716
53715
53707
53673
53667
53644
53622
53599
53595
53593
53592
53587
53578
53487
53486
53421
53413
53403
53371
53326
53320
53314
53305
53287
53276
53273
53265
53252
53245
53241
53176
53176
53163
53141
53102
53099
53059
53049
53018
52987
52970
52938
52929
52884
52870
52857
52854
52836
52830
52826
52823
52821
52772
52766
52712
52706
52687
52685
52674
52661
52653
52645
52629
52622
52617
52606
52551
52541
52541
52497
52436
52428
52377
52353
52329
52303
52302
52299
52282
52278
52267
52257
52245
52238
52220
52205
52195
52156
52154
52137
52102
52091
52079
52076
52074
52050
52034
52012
51992
51939
51938
51905
51870
51865
51842
51837
51801
51763
51734
51726
51705
51689
51657
51641
51640
51638
51612
51598
51594
51591
51532
51521
51481
51476
51472
51392
51372
51371
51366
51366
51348
51312
51296
51288
51287
51276
51245
51244
51211
51205
51198
51157
51140
51138
51133
51064
51001
50982
50979
50977
50960
50957
50953
50952
50949
50929
50896
50817
50808
50768
50760
50740
50709
50675
50613
50558
50547
50542
50533
50520
50520
50505
50498
50478
50463
50461
50451
50447
50446
50440
50412
50368
50301
50259
50228
50187
50136
50127
50121
50115
50095
50085
50029
50023
50020
49985
49958
49953
49947
49895
49894
49880
49864
49847
49832
49814
49805
49773
49765
49742
49739
49738
49708
49658
49623
49620
49615
49528
49437
49408
49387
49348
49332
49332
49319
49310
49310
49265
49249
49233
49214
49214
49211
49201
49197
49146
49094
49025
49025
49023
49010
48968
48963
48900
48896
48894
48872
48871
48857
48831
48822
48818
48809
48777
48754
48742
48734
48712
48672
48657
48639
48623
48619
48569
48558
48547
48530
48523
48493
48491
48483
48467
48459
48452
48449
48412
48394
48378
48334
48333
48312
48290
48282
48268
48255
48253
48243
48209
48199
48173
48155
48140
48134
48106
48076
48065
48064
48050
48003
47989
47986
47974
47971
47938
47911
47879
47873
47855
47850
47835
47809
47788
47763
47704
47701
47671
47657
47636
47627
47604
47572
47521
47506
47497
47478
47458
47447
47389
47380
47358
47328
47317
47288
47286
47262
47235
47223
47203
47118
47092
47090
47068
47051
47039
47022
46995
46957
46951
46889
46826
46816
46809
46763
46747
46711
46693
46649
46601
46578
46570
46562
46552
46498
46479
46464
46457
46403
46390
46373
46365
46361
46351
46324
46312
46298
46294
46288
46285
46284
46246
46245
46236
46227
46214
46206
46174
46168
46101
46087
46086
46084
46046
46024
45895
45867
45866
45739
45711
45689
45613
45571
45542
45480
45467
45444
45443
45414
45396
45393
45342
45315
45299
45278
45263
45246
45233
45218
45172
45132
45111
45085
45078
45073
45034
45013
44993
44959
44930
44927
44912
44881
44878
44853
44824
44807
44802
44797
44785
44766
44755
44734
44676
44658
44649
44617
44572
44551
44530
44525
44503
44500
44458
44435
44426
44400
44393
44379
44375
44364
44361
44353
44316
44286
44268
44262
44259
44256
44237
44227
44185
44174
44144
44121
44117
44087
44085
44049
44025
44006
44005
43958
43881
43879
43814
43800
43793
43777
43755
43742
43738
43735
43726
43723
43721
43709
43693
43675
43673
43639
43631
43572
43560
43544
43514
43505
43492
43484
43479
43465
43462
43398
43396
43396
43341
43337
43320
43299
43296
43279
43246
43244
43223
43141
43130
43111
43058
43025
43013
42965
42920
42869
42860
42847
42844
42812
42806
42802
42793
42739
42708
42664
42652
42623
42620
42579
42552
42540
42534
42533
42530
42513
42508
42497
42472
42458
42455
42442
42435
42413
42402
42399
42390
42389
42375
42335
42307
42266
42236
42220
42220
42215
42202
42169
42138
42138
42117
42107
42047
42039
42019
42019
41951
41949
41942
41934
41934
41841
41812
41811
41776
41744
41738
41737
41733
41733
41726
41717
41671
41669
41668
41666
41645
41592
41563
41548
41509
41429
41421
41342
41326
41317
41307
41306
41288
41212
41147
41122
41098
41096
41060
41056
41036
41033
40990
40967
40947
40946
40943
40937
40921
40866
40865
40853
40848
40844
40832
40811
40796
40793
40773
40749
40738
40721
40714
40672
40671
40653
40649
40645
40611
40584
40565
40558
40550
40534
40527
40510
40503
40493
40468
40446
40440
40429
40418
40413
40369
40364
40283
40280
40231
40214
40196
40194
40169
40091
40072
40033
40006
40000
39993
39920
39919
39896
39893
39892
39890
39878
39878
39852
39812
39801
39799
39775
39716
39658
39656
39652
39641
39638
39618
39530
39513
39503
39500
39472
39420
39408
39390
39343
39330
39321
39295
39278
39241
39227
39198
39187
39170
39166
39153
39115
39076
39050
39045
39031
38961
38940
38937
38936
38917
38884
38863
38846
38829
38813
38779
38769
38745
38741
38714
38703
38666
38658
38656
38644
38640
38603
38602
38597
38582
38490
38489
38448
38439
38424
38401
38381
38357
38346
38330
38322
38309
38298
38282
38277
38270
38236
38208
38204
38183
38161
38154
38147
38093
38075
38071
38067
38049
38027
38024
38009
38008
38007
37989
37939
37895
37891
37889
37881
37879
37873
37866
37835
37806
37775
37773
37759
37702
37697
37692
37667
37652
37632
37630
37627
37617
37617
37566
37556
37546
37541
37523
37517
37497
37486
37443
37400
37359
37357
37343
37343
37334
37236
37226
37195
37088
37076
37028
37016
36973
36954
36927
36904
36891
36889
36887
36855
36835
36829
36812
36781
36781
36780
36741
36740
36731
36708
36705
36684
36607
36596
36583
36537
36529
36511
36509
36496
36479
36467
36458
36457
36457
36437
36430
36426
36399
36375
36342
36333
36319
36312
36278
36276
36255
36254
36251
36244
36243
36233
36220
36194
36167
36144
36097
36094
36088
36066
36000
35998
35957
35943
35933
35903
35897
35868
35816
35806
35791
35787
35773
35753
35747
35723
35680
35678
35611
35611
35596
35568
35529
35470
35452
35398
35385
35341
35339
35287
35266
35246
35207
35205
35177
35119
35106
35062
35043
35039
35032
35030
35025
35024
35002
34986
34893
34890
34889
34825
34817
34801
34791
34741
34726
34709
34691
34664
34639
34619
34619
34618
34523
34511
34506
34500
34487
34476
34464
34454
34423
34396
34372
34366
34344
34333
34318
34302
34222
34204
34185
34170
34166
34157
34120
34115
34071
34070
34067
34067
34050
34047
34037
34036
34035
34013
33993
33984
33984
33975
33962
33917
33863
33846
33757
33751
33733
33698
33698
33696
33678
33670
33656
33634
33598
33596
33541
33527
33509
33487
33482
33478
33465
33440
33413
33371
33334
33305
33240
33198
33150
33136
33116
33091
33053
33024
32999
32996
32936
32932
32929
32912
32872
32838
32797
32774
32773
32754
32738
32712
32697
32660
32640
32605
32601
32601
32593
32592
32550
32537
32535
32531
32495
32465
32465
32397
32396
32378
32367
32357
32335
32310
32281
32265
32246
32223
32214
32188
32159
32150
32145
32107
32085
32070
32044
32029
32016
32004
32002
31996
31996
31963
31961
31929
31895
31873
31836
31827
31825
31820
31755
31752
31741
31661
31650
31642
31628
31616
31611
31600
31588
31587
31577
31556
31520
31439
31432
31429
31422
31411
31392
31370
31359
31356
31311
31308
31255
31229
31184
31161
31149
31117
31085
31083
31043
31040
31021
31021
31020
31003
30992
30986
30952
30950
30934
30900
30897
30894
30868
30860
30857
30838
30831
30753
30747
30741
30724
30706
30696
30696
30688
30686
30685
30633
30620
30569
30552
30532
30529
30527
30479
30474
30458
30347
30329
30329
30322
30322
30316
30315
30302
30296
30286
30275
30241
30214
30189
30177
30167
30150
30149
30133
30088
30066
30028
30021
30018
29988
29963
29943
29937
29932
29928
29920
29897
29873
29866
29862
29826
29781
29757
29724
29718
29645
29574
29553
29540
29512
29500
29486
29484
29473
29468
29448
29441
29429
29424
29401
29396
29393
29366
29359
29341
29322
29312
29280
29274
29251
29228
29206
29171
29159
29144
29136
29100
29092
29045
29034
29021
29015
29014
29009
28967
28955
28950
28949
28942
28931
28903
28845
28781
28776
28769
28761
28723
28682
28677
28644
28622
28606
28606
28575
28558
28539
28536
28525
28501
28449
28439
28436
28409
28409
28384
28369
28364
28358
28346
28341
28318
28315
28309
28249
28244
28196
28049
28041
28028
28022
28000
27982
27981
27972
27949
27946
27937
27937
27926
27911
27906
27864
27855
27848
27813
27811
27776
27754
27721
27693
27673
27671
27655
27653
27631
27604
27566
27534
27533
27531
27520
27517
27501
27501
27497
27477
27445
27442
27437
27424
27417
27407
27373
27368
27367
27367
27340
27335
27322
27282
27280
27255
27246
27232
27220
27198
27163
27160
27151
27151
27147
27048
27008
26983
26970
26961
26923
26920
26885
26868
26866
26850
26849
26836
26809
26798
26789
26784
26753
26745
26740
26724
26703
26702
26689
26638
26635
26631
26608
26542
26473
26452
26447
26426
26422
26355
26341
26340
26329
26324
26315
26304
26299
26299
26273
26272
26167
26159
26151
26150
26150
26147
26143
26127
26113
26049
26043
26037
26015
26013
25998
25994
25945
25935
25908
25865
25864
25844
25833
25793
25782
25780
25744
25724
25694
25658
25629
25626
25617
25612
25578
25570
25523
25505
25477
25453
25445
25439
25439
25431
25421
25420
25392
25382
25380
25361
25354
25350
25350
25335
25331
25311
25288
25272
25257
25248
25244
25224
25222
25205
25170
25149
25134
25117
25091
25065
25050
25031
25030
25027
25009
24991
24957
24952
24947
24935
24928
24909
24908
24871
24847
24846
24833
24762
24729
24716
24706
24706
24703
24692
24687
24665
24583
24580
24509
24495
24492
24410
24394
24385
24384
24360
24353
24317
24315
24311
24265
24216
24192
24177
24169
24167
24165
24126
24108
24101
24096
24066
24039
24035
24032
24010
23971
23924
23909
23835
23825
23825
23759
23733
23716
23714
23712
23707
23701
23699
23680
23676
23615
23587
23579
23569
23562
23550
23542
23533
23498
23498
23498
23467
23456
23428
23426
23361
23314
23237
23185
23173
23167
23088
23085
23066
23060
23005
22990
22952
22940
22902
22857
22818
22809
22808
22774
22723
22701
22596
22587
22552
22528
22507
22479
22473
22468
22446
22438
22436
22421
22365
22334
22301
22297
22279
22269
22231
22179
22178
22157
22129
22094
22060
22048
21990
21979
21976
21963
21958
21939
21936
21906
21875
21864
21851
21815
21786
21780
21772
21759
21745
21742
21741
21720
21705
21684
21681
21676
21630
21618
21591
21567
21541
21518
21509
21506
21491
21482
21465
21460
21441
21431
21426
21408
21381
21374
21365
21340
21336
21295
21285
21284
21277
21272
21251
21250
21244
21234
21232
21213
21195
21188
21174
21164
21119
21039
21028
21026
21021
21008
20998
20920
20919
20898
20873
20851
20817
20747
20732
20716
20712
20712
20690
20688
20662
20658
20628
20627
20626
20625
20619
20583
20556
20529
20498
20484
20465
20460
20454
20449
20427
20426
20422
20421
20302
20291
20269
20251
20218
20214
20203
20202
20173
20161
20160
20160
20147
20125
20099
20068
20039
20033
19999
19989
19988
19908
19905
19897
19896
19863
19850
19809
19806
19802
19791
19786
19772
19768
19739
19730
19703
19701
19609
19597
19590
19568
19555
19517
19516
19509
19496
19489
19485
19481
19479
19446
19440
19372
19351
19337
19318
19310
19271
19248
19220
19193
19192
19158
19138
19091
19081
19066
19062
19043
19041
19024
19022
19007
19003
18966
18966
18948
18946
18881
18871
18868
18859
18844
18818
18808
18777
18750
18748
18739
18714
18706
18704
18700
18688
18661
18660
18651
18632
18619
18604
18591
18588
18571
18559
18542
18455
18445
18439
18416
18405
18403
18380
18347
18319
18281
18268
18258
18248
18233
18199
18192
18163
18153
18129
18108
18093
18039
18026
18021
18009
17989
17955
17954
17944
17916
17897
17862
17802
17790
17680
17680
17675
17669
17650
17635
17615
17607
17588
17502
17496
17495
17493
17439
17422
17403
17381
17366
17337
17319
17268
17208
17198
17192
17166
17161
17148
17133
17129
17095
17087
17087
17065
17065
17013
17005
17003
16982
16950
16934
16905
16892
16892
16885
16873
16869
16867
16864
16854
16826
16826
16821
16817
16814
16765
16761
16760
16720
16696
16663
16637
16635
16577
16572
16568
16564
16559
16559
16542
16530
16466
16453
16444
16437
16432
16409
16404
16394
16382
16365
16359
16352
16310
16306
16294
16280
16251
16179
16178
16152
16133
16124
16121
16110
16070
16067
16063
16055
16052
16052
16051
16038
16019
15996
15984
15979
15932
15879
15866
15848
15812
15793
15754
15747
15692
15646
15621
15610
15593
15593
15581
15555
15513
15499
15483
15428
15318
15266
15254
15251
15243
15233
15230
15228
15193
15160
15154
15147
15085
15062
15050
15004
14977
14951
14909
14876
14859
14852
14808
14805
14796
14796
14785
14774
14771
14726
14724
14717
14663
14627
14603
14594
14567
14566
14517
14512
14488
14480
14457
14445
14426
14420
14412
14377
14352
14288
14288
14276
14261
14260
14259
14251
14248
14232
14215
14202
14140
14133
14122
14098
14080
14076
14070
14054
14024
14015
13992
13992
13953
13920
13879
13869
13865
13862
13760
13738
13732
13732
13709
13681
13662
13600
13569
13559
13536
13506
13502
13473
13450
13402
13382
13367
13362
13355
13344
13341
13329
13308
13238
13235
13215
13214
13213
13211
13194
13109
13071
13062
13056
12986
12968
12946
12922
12871
12862
12823
12820
12738
12717
12708
12691
12677
12646
12584
12578
12575
12549
12505
12485
12474
12425
12409
12384
12378
12369
12342
12333
12329
12325
12324
12305
12249
12218
12189
12171
12161
12131
12107
12094
12083
12038
11990
11963
11945
11945
11940
11905
11894
11812
11808
11804
11780
11777
11773
11770
11727
11725
11717
11711
11705
11704
11697
11689
11688
11660
11658
11657
11633
11613
11593
11584
11583
11563
11543
11511
11485
11384
11380
11373
11361
11349
11333
11327
11202
11156
11147
11143
11135
11105
11103
11103
11100
11031
10987
10940
10911
10909
10884
10875
10861
10830
10798
10764
10759
10705
10685
10598
10588
10579
10575
10573
10521
10508
10507
10493
10487
10478
10473
10449
10434
10391
10387
10348
10304
10303
10245
10213
10202
10201
10195
10192
10165
10153
10132
10074
10069
10047
10038
10022
10000
9986
9985
9980
9944
9919
9916
9892
9845
9844
9836
9834
9818
9808
9807
9750
9737
9733
9732
9715
9694
9674
9667
9649
9645
9624
9600
9594
9588
9584
9505
9479
9475
9466
9439
9437
9429
9405
9368
9366
9365
9349
9347
9341
9282
9252
9252
9236
9206
9194
9177
9140
9119
9097
9077
9069
9065
9062
9061
9044
8976
8927
8897
8873
8871
8825
8804
8803
8795
8770
8749
8731
8722
8722
8719
8705
8693
8687
8674
8649
8647
8645
8635
8579
8558
8513
8493
8490
8433
8419
8416
8389
8377
8372
8360
8346
8339
8338
8318
8316
8289
8271
8256
8254
8203
8191
8185
8178
8168
8126
8104
8084
8081
8029
8017
8008
7966
7929
7914
7912
7906
7904
7886
7869
7868
7858
7851
7836
7817
7790
7789
7773
7746
7673
7657
7653
7634
7596
7590
7588
7585
7579
7557
7507
7506
7437
7421
7411
7399
7394
7362
7340
7327
7304
7278
7187
7178
7157
7152
7147
7127
7108
7098
7096
7065
7033
7009
6989
6958
6954
6944
6894
6875
6861
6861
6844
6811
6810
6802
6780
6729
6722
6674
6621
6621
6617
6598
6587
6564
6561
6540
6526
6516
6515
6505
6463
6440
6431
6415
6410
6384
6382
6315
6314
6296
6284
6268
6268
6248
6212
6184
6167
6135
6112
6085
6045
5933
5929
5925
5920
5910
5894
5858
5819
5774
5718
5717
5717
5691
5655
5635
5631
5569
5483
5469
5444
5437
5432
5429
5410
5383
5345
5287
5236
5234
5228
5175
5154
5153
5140
5096
5091
5088
5068
5061
5052
5017
5003
4986
4985
4982
4978
4941
4935
4933
4927
4926
4895
4838
4797
4784
4767
4763
4746
4719
4683
4669
4662
4604
4547
4542
4531
4524
4504
4503
4492
4428
4419
4389
4351
4349
4346
4306
4297
4285
4266
4251
4246
4237
4230
4220
4201
4178
4171
4163
4125
4122
4111
4095
4091
4086
4054
4043
4042
4015
3970
3970
3955
3919
3855
3829
3814
3806
3779
3747
3741
3732
3715
3690
3690
3675
3663
3655
3624
3620
3619
3596
3593
3469
3463
3460
3426
3425
3424
3419
3418
3374
3371
3352
3347
3327
3317
3275
3268
3257
3229
3227
3219
3199
3177
3163
3123
3111
3071
3066
3060
3044
3019
2990
2987
2984
2971
2944
2920
2917
2913
2893
2889
2871
2856
2840
2802
2772
2756
2717
2708
2703
2696
2662
2654
2651
2649
2623
2617
2598
2589
2579
2578
2575
2561
2558
2527
2482
2476
2462
2452
2430
2415
2384
2335
2328
2303
2296
2268
2224
2219
2173
2133
2129
2123
2099
2032
2029
2015
1995
1964
1941
1939
1931
1875
1869
1863
1847
1835
1834
1816
1802
1766
1717
1698
1652
1636
1602
1569
1565
1559
1536
1482
1477
1468
1466
1421
1366
1336
1310
1284
1269
1264
1221
1205
1162
1161
1153
1136
1127
1124
1100
1093
1086
1077
1070
1025
1024
1018
1012
1008
933
922
920
918
876
862
849
841
840
823
800
782
735
732
719
711
697
688
678
677
667
662
630
629
626
575
537
533
517
515
513
497
461
415
397
395
364
335
312
298
298
244
244
215
151
148
146
132
129
50
30
1
-6
-38
-54
-55
-72
-84
-135
-142
-176
-206
-212
-223
-260
-265
-281
-295
-309
-313
-340
-352
-381
-388
-398
-406
-408
-412
-459
-466
-485
-486
-487
-498
-521
-551
-556
-575
-576
-597
-655
-658
-660
-666
-696
-734
-738
-897
-899
-917
-934
-935
-941
-967
-981
-1006
-1006
-1056
-1070
-1080
-1111
-1112
-1121
-1166
-1231
-1266
-1274
-1287
-1289
-1324
-1332
-1339
-1346
-1347
-1351
-1360
-1374
-1398
-1405
-1408
-1465
-1467
-1505
-1571
-1574
-1598
-1608
-1664
-1672
-1700
-1722
-1796
-1808
-1820
-1825
-1854
-1860
-1900
-1910
-1914
-1920
-1947
-1949
-1966
-1994
-2004
-2073
-2083
-2094
-2199
-2205
-2258
-2258
-2264
-2271
-2345
-2364
-2384
-2440
-2455
-2459
-2510
-2526
-2534
-2547
-2555
-2596
-2619
-2632
-2650
-2696
-2698
-2707
-2714
-2740
-2751
-2770
-2793
-2811
-2822
-2843
-2858
-2876
-2877
-2901
-2914
-2925
-2946
-2955
-2965
-3004
-3012
-3030
-3045
-3064
-3066
-3107
-3121
-3131
-3143
-3165
-3212
-3244
-3259
-3275
-3324
-3341
-3350
-3351
-3365
-3370
-3427
-3429
-3430
-3437
-3488
-3494
-3555
-3582
-3598
-3615
-3637
-3653
-3691
-3702
-3727
-3731
-3743
-3751
-3771
-3839
-3879
-3903
-3959
-3972
-3977
-3985
-3990
-4013
-4051
-4072
-4077
-4093
-4126
-4169
-4183
-4228
-4235
-4242
-4247
-4266
-4300
-4301
-4322
-4327
-4349
-4356
-4360
-4366
-4373
-4374
-4392
-4401
-4415
-4416
-4420
-4432
-4433
-4435
-4439
-4501
-4517
-4529
-4610
-4622
-4640
-4642
-4657
-4674
-4677
-4682
-4683
-4702
-4729
-4731
-4742
-4757
-4768
-4786
-4795
-4799
-4817
-4837
-4855
-4956
-4980
-4986
-4997
-5019
-5030
-5035
-5035
-5051
-5057
-5148
-5165
-5180
-5191
-5266
-5307
-5392
-5398
-5441
-5470
-5491
-5587
-5589
-5589
-5606
-5614
-5614
-5624
-5641
-5652
-5655
-5671
-5689
-5816
-5817
-5836
-5911
-5926
-5947
-5970
-5971
-6007
-6022
-6034
-6039
-6049
-6051
-6074
-6075
-6075
-6108
-6119
-6122
-6129
-6143
-6170
-6172
-6221
-6225
-6267
-6283
-6311
-6358
-6361
-6363
-6382
-6398
-6415
-6417
-6431
-6436
-6446
-6455
-6457
-6471
-6581
-6615
-6642
-6665
-6719
-6747
-6757
-6795
-6816
-6820
-6824
-6834
-6872
-6890
-6913
-6914
-6917
-6945
-6959
-6999
-6999
-7039
-7073
-7083
-7092
-7112
-7114
-7136
-7158
-7163
-7221
-7231
-7249
-7256
-7262
-7263
-7291
-7295
-7307
-7320
-7358
-7363
-7397
-7401
-7404
-7413
-7431
-7512
-7533
-7613
-7614
-7633
-7642
-7644
-7655
-7690
-7704
-7721
-7744
-7767
-7773
-7813
-7832
-7850
-7863
-7871
-7886
-7887
-7896
-7916
-7919
-7950
-7957
-7963
-8018
-8018
-8020
-8063
-8070
-8072
-8099
-8100
-8112
-8137
-8147
-8154
-8175
-8194
-8207
-8291
-8318
-8331
-8336
-8373
-8382
-8391
-8428
-8429
-8431
-8449
-8451
-8483
-8521
-8525
-8527
-8532
-8538
-8566
-8585
-8608
-8621
-8753
-8780
-8798
-8873
-8878
-8899
-8927
-8929
-8967
-8973
-8973
-8989
-8998
-8998
-9010
-9016
-9028
-9037
-9048
-9072
-9155
-9187
-9194
-9232
-9270
-9271
-9280
-9283
-9313
-9343
-9351
-9378
-9405
-9446
-9451
-9460
-9492
-9504
-9512
-9531
-9615
-9649
-9673
-9677
-9680
-9682
-9692
-9717
-9787
-9804
-9817
-9865
-9886
-9913
-9946
-9953
-9960
-9986
-10029
-10031
-10039
-10049
-10110
-10143
-10156
-10166
-10167
-10214
-10242
-10259
-10263
-10312
-10317
-10372
-10393
-10408
-10410
-10413
-10438
-10449
-10464
-10493
-10529
-10534
-10580
-10585
-10610
-10624
-10686
-10700
-10713
-10723
-10754
-10772
-10793
-10804
-10805
-10818
-10854
-10860
-10869
-10872
-10932
-10940
-10963
-10976
-10984
-10997
-11060
-11080
-11103
-11132
-11150
-11171
-11182
-11190
-11238
-11241
-11269
-11318
-11380
-11386
-11387
-11392
-11412
-11441
-11442
-11463
-11535
-11547
-11573
-11597
-11632
-11641
-11652
-11667
-11669
-11742
-11771
-11771
-11791
-11793
-11817
-11862
-11884
-11892
-11918
-11932
-11947
-11977
-11978
-11982
-11985
-11988
-12045
-12056
-12058
-12061
-12071
-12099
-12144
-12148
-12155
-12173
-12206
-12254
-12262
-12297
-12298
-12299
-12315
-12328
-12353
-12378
-12395
-12398
-12417
-12421
-12455
-12456
-12471
-12516
-12519
-12549
-12553
-12592
-12597
-12605
-12617
-12620
-12645
-12645
-12655
-12658
-12699
-12707
-12714
-12729
-12784
-12828
-12850
-12876
-12902
-12935
-12942
-12968
-12977
-13035
-13037
-13071
-13078
-13117
-13142
-13169
-13249
-13250
-13260
-13271
-13285
-13313
-13347
-13350
-13379
-13443
-13548
-13563
-13645
-13664
-13678
-13735
-13749
-13768
-13801
-13817
-13829
-13909
-13934
-13963
-13978
-13985
-14080
-14098
-14156
-14204
-14237
-14240
-14276
-14281
-14320
-14323
-14344
-14350
-14378
-14412
-14431
-14458
-14479
-14508
-14511
-14511
-14529
-14548
-14549
-14561
-14577
-14579
-14632
-14636
-14669
-14685
-14696
-14729
-14811
-14824
-14826
-14832
-14850
-14899
-14908
-14938
-14997
-15043
-15056
-15072
-15096
-15096
-15107
-15108
-15119
-15137
-15153
-15169
-15195
-15210
-15215
-15215
-15287
-15289
-15299
-15308
-15332
-15357
-15378
-15422
-15517
-15521
-15546
-15561
-15571
-15608
-15610
-15615
-15624
-15664
-15678
-15687
-15696
-15723
-15727
-15761
-15785
-15793
-15799
-15807
-15811
-15813
-15826
-15842
-15903
-15923
-15931
-15940
-15969
-15986
-16014
-16042
-16050
-16073
-16103
-16128
-16139
-16159
-16162
-16237
-16275
-16282
-16312
-16326
-16361
-16388
-16410
-16427
-16433
-16466
-16467
-16484
-16486
-16506
-16509
-16513
-16515
-16517
-16529
-16543
-16547
-16558
-16568
-16593
-16600
-16613
-16615
-16618
-16647
-16673
-16683
-16692
-16704
-16715
-16725
-16748
-16808
-16814
-16822
-16822
-16823
-16832
-16848
-16856
-16894
-16907
-16929
-16953
-16968
-16978
-16983
-16984
-16985
-16995
-17005
-17021
-17061
-17069
-17097
-17161
-17205
-17213
-17274
-17294
-17295
-17295
-17307
-17336
-17339
-17349
-17409
-17412
-17436
-17467
-17468
-17482
-17505
-17523
-17536
-17557
-17564
-17615
-17616
-17624
-17630
-17632
-17677
-17685
-17687
-17714
-17719
-17764
-17767
-17790
-17790
-17864
-17870
-17895
-17903
-18015
-18028
-18057
-18063
-18093
-18124
-18201
-18204
-18204
-18229
-18243
-18264
-18278
-18298
-18301
-18338
-18346
-18395
-18402
-18426
-18427
-18459
-18468
-18501
-18516
-18531
-18564
-18565
-18582
-18622
-18628
-18652
-18673
-18682
-18687
-18689
-18740
-18755
-18776
-18847
-18875
-18891
-18900
-18914
-18925
-18931
-18937
-18941
-19011
-19035
-19088
-19104
-19109
-19121
-19136
-19136
-19143
-19150
-19152
-19164
-19175
-19206
-19256
-19273
-19290
-19379
-19443
-19448
-19450
-19477
-19529
-19560
-19589
-19605
-19615
-19652
-19721
-19751
-19767
-19776
-19777
-19781
-19805
-19835
-19855
-19859
-19890
-19902
-19912
-19979
-19987
-20015
-20078
-20105
-20130
-20137
-20147
-20155
-20166
-20190
-20204
-20215
-20230
-20264
-20265
-20272
-20303
-20321
-20321
-20324
-20342
-20358
-20366
-20379
-20397
-20410
-20411
-20446
-20453
-20512
-20533
-20556
-20556
-20564
-20608
-20650
-20651
-20660
-20671
-20673
-20735
-20750
-20752
-20758
-20769
-20771
-20803
-20805
-20849
-20865
-20880
-20885
-20909
-20937
-20952
-20989
-20996
-20998
-21006
-21008
-21017
-21045
-21064
-21065
-21156
-21241
-21246
-21249
-21254
-21266
-21272
-21274
-21290
-21296
-21322
-21326
-21337
-21353
-21354
-21363
-21392
-21399
-21409
-21462
-21463
-21503
-21512
-21520
-21546
-21547
-21580
-21589
-21611
-21616
-21665
-21697
-21734
-21741
-21761
-21769
-21789
-21794
-21837
-21864
-21872
-21881
-21926
-21933
-21934
-21936
-21952
-21970
-21984
-21988
-22059
-22079
-22103
-22174
-22178
-22227
-22255
-22268
-22280
-22324
-22342
-22357
-22373
-22389
-22400
-22401
-22417
-22417
-22448
-22449
-22515
-22520
-22569
-22592
-22594
-22615
-22626
-22658
-22682
-22699
-22729
-22789
-22805
-22808
-22814
-22833
-22873
-22882
-22894
-22895
-22899
-22914
-22923
-22931
-22936
-22942
-22950
-22951
-22959
-22987
-22989
-22998
-23013
-23031
-23089
-23103
-23207
-23213
-23311
-23325
-23368
-23377
-23384
-23393
-23428
-23430
-23436
-23442
-23483
-23491
-23528
-23543
-23559
-23576
-23577
-23605
-23611
-23638
-23665
-23677
-23691
-23694
-23699
-23703
-23711
-23733
-23734
-23743
-23762
-23773
-23816
-23826
-23859
-23869
-23907
-23941
-23967
-23974
-23979
-23989
-24083
-24112
-24142
-24165
-24195
-24228
-24232
-24302
-24309
-24319
-24334
-24369
-24372
-24373
-24373
-24451
-24481
-24495
-24495
-24563
-24566
-24572
-24602
-24602
-24614
-24637
-24647
-24657
-24673
-24697
-24817
-24822
-24830
-24874
-24888
-24894
-24906
-24907
-25001
-25009
-25095
-25130
-25148
-25159
-25166
-25182
-25192
-25227
-25238
-25259
-25289
-25314
-25316
-25344
-25384
-25398
-25410
-25424
-25446
-25463
-25488
-25504
-25510
-25519
-25538
-25562
-25575
-25662
-25671
-25689
-25714
-25749
-25803
-25837
-25843
-25844
-25847
-25888
-25889
-25890
-25895
-25926
-25932
-25970
-25995
-26001
-26003
-26016
-26018
-26025
-26038
-26046
-26050
-26075
-26102
-26127
-26139
-26145
-26154
-26155
-26158
-26163
-26175
-26194
-26198
-26209
-26218
-26221
-26269
-26272
-26274
-26332
-26348
-26349
-26362
-26385
-26394
-26402
-26450
-26485
-26502
-26510
-26515
-26525
-26537
-26544
-26551
-26558
-26578
-26604
-26630
-26644
-26668
-26683
-26735
-26890
-26932
-26944
-26995
-26998
-27010
-27029
-27035
-27036
-27065
-27067
-27105
-27131
-27182
-27210
-27226
-27232
-27246
-27277
-27291
-27298
-27317
-27331
-27334
-27358
-27423
-27431
-27435
-27454
-27463
-27485
-27500
-27505
-27540
-27548
-27559
-27642
-27679
-27698
-27703
-27712
-27735
-27780
-27796
-27858
-27863
-27895
-27900
-27908
-27918
-27926
-27967
-27975
-28036
-28048
-28059
-28061
-28070
-28082
-28084
-28109
-28110
-28115
-28143
-28146
-28153
-28210
-28210
-28250
-28253
-28256
-28286
-28321
-28325
-28340
-28358
-28374
-28387
-28392
-28398
-28412
-28416
-28433
-28473
-28527
-28537
-28592
-28614
-28622
-28643
-28672
-28681
-28699
-28712
-28713
-28739
-28751
-28786
-28803
-28807
-28861
-28899
-28902
-28914
-28962
-28967
-28969
-28971
-29030
-29052
-29058
-29061
-29105
-29127
-29131
-29138
-29145
-29175
-29208
-29237
-29283
-29288
-29370
-29372
-29407
-29413
-29463
-29524
-29524
-29525
-29577
-29657
-29691
-29707
-29713
-29721
-29761
-29762
-29775
-29776
-29834
-29834
-29857
-29913
-29929
-29976
-30040
-30063
-30076
-30104
-30106
-30116
-30124
-30158
-30194
-30230
-30233
-30254
-30256
-30261
-30262
-30267
-30318
-30322
-30327
-30339
-30356
-30364
-30387
-30395
-30425
-30427
-30436
-30445
-30447
-30456
-30458
-30472
-30499
-30509
-30533
-30560
-30565
-30579
-30591
-30593
-30604
-30648
-30649
-30706
-30750
-30771
-30821
-30844
-30880
-30904
-30906
-30907
-30918
-30927
-30962
-30969
-31010
-31013
-31030
-31034
-31066
-31068
-31072
-31083
-31160
-31188
-31228
-31239
-31283
-31301
-31319
-31357
-31475
-31517
-31525
-31543
-31553
-31600
-31623
-31671
-31690
-31692
-31708
-31746
-31774
-31797
-31938
-31949
-31952
-31994
-31999
-32022
-32031
-32072
-32126
-32135
-32151
-32169
-32173
-32175
-32176
-32180
-32199
-32243
-32267
-32267
-32277
-32282
-32286
-32294
-32306
-32309
-32326
-32332
-32380
-32402
-32408
-32426
-32434
-32462
-32465
-32507
-32526
-32599
-32611
-32622
-32636
-32642
-32656
-32671
-32672
-32674
-32676
-32685
-32720
-32738
-32751
-32767
-32770
-32797
-32842
-32852
-32861
-32902
-32925
-32934
-32938
-32953
-32961
-32984
-33031
-33056
-33090
-33124
-33140
-33159
-33183
-33195
-33195
-33199
-33200
-33211
-33215
-33245
-33252
-33280
-33289
-33290
-33295
-33325
-33354
-33408
-33446
-33486
-33510
-33547
-33559
-33565
-33576
-33577
-33586
-33597
-33601
-33641
-33643
-33654
-33694
-33706
-33718
-33734
-33739
-33764
-33772
-33803
-33820
-33829
-33875
-33959
-33975
-33995
-34022
-34037
-34128
-34133
-34134
-34163
-34180
-34201
-34215
-34230
-34238
-34283
-34294
-34304
-34307
-34316
-34327
-34360
-34390
-34402
-34423
-34455
-34491
-34498
-34510
-34535
-34558
-34558
-34573
-34587
-34598
-34650
-34656
-34686
-34686
-34688
-34689
-34699
-34759
-34785
-34787
-34790
-34796
-34805
-34805
-34837
-34849
-34891
-34908
-34943
-34958
-34966
-34967
-34974
-35003
-35082
-35090
-35111
-35117
-35118
-35123
-35146
-35146
-35177
-35202
-35215
-35234
-35248
-35249
-35256
-35261
-35273
-35287
-35292
-35319
-35322
-35379
-35399
-35408
-35417
-35430
-35445
-35457
-35483
-35494
-35524
-35539
-35539
-35553
-35597
-35620
-35642
-35651
-35669
-35705
-35708
-35757
-35759
-35807
-35862
-35865
-35879
-35885
-35900
-35901
-35903
-35915
-35932
-35948
-35958
-35988
-36006
-36035
-36087
-36089
-36132
-36134
-36141
-36182
-36185
-36210
-36246
-36268
-36269
-36275
-36278
-36280
-36293
-36315
-36352
-36376
-36382
-36383
-36384
-36466
-36474
-36564
-36628
-36649
-36663
-36721
-36725
-36725
-36738
-36759
-36793
-36803
-36815
-36826
-36909
-36924
-36961
-36968
-37008
-37031
-37032
-37048
-37063
-37064
-37097
-37132
-37140
-37140
-37199
-37207
-37209
-37220
-37230
-37253
-37286
-37334
-37337
-37356
-37365
-37370
-37372
-37394
-37397
-37404
-37424
-37446
-37468
-37515
-37520
-37538
-37599
-37603
-37605
-37629
-37640
-37642
-37646
-37654
-37672
-37693
-37696
-37745
-37787
-37821
-37837
-37848
-37880
-37910
-37935
-37936
-37947
-37980
-37997
-38022
-38029
-38084
-38115
-38137
-38147
-38152
-38159
-38200
-38202
-38207
-38251
-38258
-38259
-38314
-38325
-38351
-38366
-38370
-38374
-38389
-38396
-38405
-38419
-38443
-38474
-38507
-38519
-38529
-38585
-38595
-38609
-38611
-38618
-38629
-38635
-38664
-38718
-38726
-38727
-38735
-38762
-38789
-38824
-38846
-38855
-38861
-38880
-38916
-38924
-38936
-38953
-38958
-39005
-39044
-39058
-39066
-39067
-39136
-39139
-39157
-39210
-39227
-39266
-39304
-39317
-39318
-39322
-39326
-39342
-39401
-39402
-39486
-39494
-39511
-39512
-39530
-39537
-39555
-39560
-39567
-39590
-39607
-39696
-39707
-39710
-39740
-39768
-39768
-39772
-39791
-39899
-39909
-39927
-39962
-39977
-39998
-40022
-40044
-40047
-40087
-40129
-40156
-40209
-40246
-40247
-40271
-40287
-40290
-40315
-40316
-40356
-40386
-40468
-40484
-40519
-40525
-40568
-40574
-40575
-40597
-40602
-40629
-40631
-40653
-40656
-40674
-40675
-40701
-40774
-40785
-40786
-40804
-40834
-40840
-40857
-40865
-40868
-40889
-40894
-40900
-40903
-40919
-40920
-40943
-40952
-40953
-40966
-40982
-40993
-40998
-41017
-41038
-41084
-41087
-41100
-41164
-41259
-41323
-41327
-41340
-41363
-41408
-41445
-41476
-41495
-41500
-41530
-41530
-41561
-41598
-41605
-41616
-41636
-41651
-41710
-41726
-41745
-41751
-41754
-41800
-41829
-41861
-41872
-41894
-41906
-41916
-41948
-41985
-42033
-42046
-42058
-42071
-42091
-42116
-42131
-42135
-42138
-42140
-42149
-42159
-42161
-42190
-42218
-42240
-42288
-42299
-42350
-42359
-42383
-42451
-42471
-42496
-42507
-42510
-42589
-42621
-42668
-42685
-42720
-42761
-42783
-42799
-42844
-42849
-42900
-42934
-42977
-42982
-42989
-42998
-43011
-43035
-43038
-43060
-43068
-43072
-43078
-43094
-43127
-43138
-43196
-43203
-43214
-43242
-43244
-43245
-43306
-43317
-43318
-43325
-43330
-43339
-43346
-43351
-43398
-43411
-43527
-43570
-43581
-43592
-43603
-43651
-43675
-43680
-43693
-43711
-43724
-43734
-43760
-43776
-43794
-43825
-43831
-43837
-43846
-43924
-43937
-43937
-43953
-43956
-43982
-43991
-44021
-44038
-44043
-44045
-44094
-44114
-44117
-44122
-44173
-44177
-44184
-44208
-44237
-44258
-44259
-44287
-44346
-44384
-44394
-44401
-44403
-44451
-44469
-44476
-44534
-44553
-44567
-44596
-44607
-44660
-44696
-44709
-44753
-44766
-44767
-44806
-44809
-44812
-44839
-44889
-44905
-44910
-44915
-44935
-44944
-44970
-44986
-45011
-45117
-45156
-45168
-45179
-45186
-45233
-45240
-45245
-45264
-45275
-45318
-45347
-45358
-45363
-45366
-45394
-45441
-45455
-45488
-45542
-45544
-45567
-45657
-45667
-45675
-45691
-45706
-45716
-45837
-45854
-45881
-45886
-45934
-45940
-45957
-46002
-46011
-46034
-46054
-46074
-46109
-46116
-46119
-46137
-46189
-46198
-46226
-46248
-46281
-46315
-46343
-46369
-46411
-46446
-46474
-46523
-46526
-46558
-46594
-46605
-46618
-46642
-46661
-46709
-46713
-46722
-46731
-46732
-46741
-46816
-46832
-46837
-46882
-46884
-46911
-46918
-46934
-46936
-46960
-46970
-47036
-47043
-47054
-47057
-47066
-47087
-47104
-47115
-47136
-47161
-47169
-47190
-47201
-47208
-47260
-47325
-47423
-47428
-47464
-47479
-47527
-47528
-47548
-47553
-47582
-47585
-47585
-47606
-47622
-47637
-47678
-47691
-47710
-47726
-47770
-47850
-47866
-47873
-47886
-47896
-47900
-47905
-47926
-47943
-47950
-47959
-47973
-48031
-48038
-48038
-48072
-48077
-48079
-48080
-48090
-48095
-48096
-48115
-48129
-48148
-48152
-48155
-48164
-48180
-48205
-48206
-48247
-48301
-48318
-48328
-48343
-48355
-48357
-48357
-48359
-48431
-48440
-48441
-48454
-48495
-48524
-48553
-48570
-48579
-48582
-48592
-48613
-48639
-48649
-48680
-48687
-48703
-48703
-48748
-48750
-48766
-48774
-48830
-48845
-48857
-48895
-48908
-48924
-48947
-48951
-48956
-48957
-48964
-48973
-49019
-49036
-49052
-49076
-49089
-49103
-49126
-49154
-49180
-49188
-49192
-49237
-49255
-49282
-49297
-49305
-49340
-49344
-49354
-49355
-49362
-49374
-49410
-49414
-49447
-49458
-49459
-49471
-49482
-49489
-49503
-49505
-49519
-49556
-49661
-49695
-49718
-49745
-49784
-49845
-49917
-49949
-49950
-49966
-50010
-50043
-50044
-50066
-50100
-50125
-50154
-50170
-50171
-50172
-50173
-50246
-50247
-50277
-50298
-50311
-50336
-50337
-50337
-50343
-50350
-50364
-50364
-50407
-50418
-50429
-50430
-50456
-50474
-50475
-50479
-50491
-50501
-50509
-50517
-50546
-50602
-50638
-50655
-50656
-50696
-50709
-50728
-50739
-50761
-50779
-50817
-50876
-50897
-50913
-50928
-50976
-51016
-51062
-51074
-51094
-51133
-51202
-51207
-51218
-51259
-51268
-51278
-51310
-51342
-51353
-51363
-51373
-51387
-51436
-51442
-51443
-51453
-51463
-51488
-51490
-51495
-51500
-51533
-51546
-51546
-51578
-51620
-51653
-51672
-51692
-51713
-51747
-51766
-51792
-51808
-51811
-51821
-51859
-51869
-51909
-51926
-51929
-51940
-51949
-52004
-52037
-52058
-52061
-52069
-52079
-52082
-52086
-52088
-52091
-52118
-52144
-52180
-52201
-52211
-52226
-52276
-52314
-52329
-52350
-52382
-52389
-52409
-52430
-52443
-52445
-52537
-52549
-52646
-52654
-52689
-52704
-52725
-52758
-52785
-52785
-52794
-52841
-52849
-52849
-52857
-52866
-52869
-52904
-52935
-52951
-52983
-52990
-53003
-53014
-53015
-53026
-53044
-53056
-53068
-53072
-53084
-53085
-53119
-53141
-53195
-53220
-53231
-53255
-53287
-53289
-53297
-53312
-53318
-53340
-53350
-53371
-53409
-53445
-53447
-53454
-53480
-53536
-53540
-53549
-53552
-53570
-53575
-53582
-53587
-53629
-53644
-53649
-53653
-53675
-53677
-53686
-53767
-53780
-53805
-53840
-53842
-53966
-53980
-54011
-54018
-54039
-54058
-54070
-54124
-54146
-54157
-54217
-54259
-54295
-54322
-54351
-54352
-54360
-54433
-54439
-54474
-54506
-54517
-54536
-54564
-54573
-54611
-54614
-54631
-54658
-54659
-54664
-54676
-54679
-54696
-54704
-54763
-54779
-54801
-54882
-54953
-54972
-54987
-54997
-55035
-55120
-55134
-55147
-55174
-55179
-55189
-55191
-55220
-55268
-55300
-55302
-55309
-55315
-55384
-55390
-55396
-55408
-55418
-55467
-55468
-55473
-55544
-55623
-55639
-55689
-55716
-55719
-55732
-55747
-55766
-55802
-55811
-55831
-55877
-55882
-55893
-55893
-56012
-56042
-56052
-56065
-56103
-56111
-56116
-56124
-56143
-56149
-56174
-56175
-56202
-56217
-56231
-56251
-56255
-56305
-56325
-56332
-56337
-56360
-56394
-56401
-56421
-56430
-56443
-56452
-56489
-56491
-56498
-56513
-56523
-56536
-56551
-56553
-56570
-56575
-56640
-56677
-56684
-56688
-56698
-56711
-56763
-56783
-56787
-56796
-56799
-56801
-56869
-56986
-57001
-57018
-57023
-57030
-57056
-57075
-57081
-57098
-57118
-57136
-57141
-57143
-57177
-57184
-57186
-57197
-57223
-57242
-57294
-57321
-57338
-57408
-57446
-57456
-57489
-57489
-57492
-57493
-57541
-57549
-57595
-57598
-57619
-57647
-57675
-57679
-57732
-57786
-57813
-57867
-57923
-57924
-57924
-57933
-57956
-57958
-57965
-58015
-58046
-58061
-58082
-58084
-58091
-58103
-58109
-58119
-58125
-58136
-58137
-58142
-58152
-58174
-58203
-58225
-58236
-58240
-58241
-58242
-58268
-58270
-58283
-58284
-58295
-58304
-58320
-58326
-58339
-58361
-58371
-58383
-58388
-58394
-58405
-58421
-58450
-58453
-58459
-58477
-58484
-58506
-58557
-58576
-58609
-58612
-58631
-58651
-58672
-58724
-58745
-58781
-58797
-58829
-58839
-58868
-58868
-58899
-58909
-58952
-59026
-59061
-59078
-59091
-59103
-59106
-59147
-59168
-59180
-59212
-59214
-59236
-59240
-59256
-59268
-59287
-59322
-59331
-59366
-59367
-59372
-59381
-59390
-59395
-59400
-59445
-59465
-59479
-59506
-59556
-59559
-59571
-59578
-59617
-59620
-59626
-59652
-59722
-59732
-59739
-59740
-59768
-59785
-59788
-59812
-59818
-59839
-59853
-59901
-59948
-59950
-59983
-59986
-60014
-60043
-60061
-60062
-60070
-60076
-60122
-60130
-60170
-60206
-60209
-60213
-60253
-60280
-60318
-60335
-60337
-60371
-60425
-60428
-60493
-60497
-60498
-60543
-60572
-60606
-60608
-60635
-60635
-60642
-60665
-60674
-60675
-60699
-60737
-60746
-60748
-60754
-60772
-60798
-60817
-60818
-60833
-60852
-60863
-60924
-60941
-60947
-60961
-61036
-61092
-61098
-61160
-61162
-61238
-61248
-61257
-61270
-61293
-61299
-61301
-61312
-61333
-61338
-61346
-61355
-61362
-61373
-61385
-61418
-61421
-61460
-61478
-61485
-61497
-61535
-61547
-61639
-61643
-61647
-61660
-61668
-61713
-61717
-61860
-61891
-61899
-61918
-61931
-61983
-62045
-62093
-62095
-62128
-62139
-62180
-62197
-62207
-62209
-62226
-62270
-62279
-62330
-62402
-62484
-62517
-62540
-62557
-62663
-62718
-62731
-62814
-62870
-62871
-62898
-62966
-62990
-63005
-63008
-63040
-63048
-63057
-63126
-63135
-63205
-63222
-63223
-63248
-63332
-63375
-63387
-63403
-63403
-63412
-63429
-63501
-63527
-63575
-63599
-63655
-63661
-63682
-63692
-63694
-63708
-63714
-63715
-63761
-63786
-63797
-63798
-63815
-63856
-63884
-63903
-63920
-63953
-63959
-64004
-64010
-64032
-64065
-64066
-64108
-64265
-64285
-64303
-64314
-64364
-64371
-64377
-64402
-64418
-64435
-64470
-64471
-64472
-64494
-64520
-64525
-64535
-64541
-64541
-64549
-64606
-64629
-64650
-64654
-64707
-64709
-64712
-64724
-64746
-64748
-64769
-64780
-64792
-64803
-64825
-64851
-64865
-64866
-64906
-64910
-64920
-64939
-64986
-65004
-65034
-65082
-65084
-65096
-65107
-65124
-65154
-65170
-65222
-65222
-65235
-65250
-65275
-65294
-65310
-65326
-65329
-65362
-65369
-65406
-65415
-65441
-65460
-65485
-65494
-65506
-65532
-65573
-65586
-65593
-65623
-65628
-65642
-65651
-65660
-65676
-65688
-65695
-65696
-65702
-65708
-65725
-65751
-65766
-65774
-65781
-65825
-65869
-65873
-65898
-65951
-65988
-66031
-66051
-66085
-66111
-66180
-66202
-66230
-66240
-66257
-66257
-66278
-66293
-66300
-66327
-66332
-66372
-66388
-66395
-66404
-66406
-66414
-66423
-66429
-66451
-66475
-66524
-66538
-66580
-66611
-66622
-66623
-66624
-66673
-66689
-66693
-66700
-66705
-66709
-66713
-66721
-66723
-66741
-66769
-66772
-66772
-66790
-66847
-66855
-66862
-66864
-66874
-66893
-66932
-66957
-66979
-66991
-67002
-67048
-67085
-67160
-67211
-67300
-67312
-67338
-67365
-67433
-67441
-67450
-67456
-67486
-67495
-67512
-67556
-67565
-67596
-67620
-67668
-67686
-67715
-67747
-67752
-67767
-67814
-67815
-67876
-67916
-67955
-68041
-68074
-68085
-68110
-68145
-68181
-68196
-68205
-68223
-68293
-68295
-68328
-68330
-68335
-68386
-68392
-68434
-68462
-68512
-68514
-68514
-68522
-68547
-68563
-68566
-68568
-68600
-68611
-68613
-68662
-68662
-68719
-68799
-68815
-68827
-68839
-68843
-68844
-68852
-68860
-68863
-68873
-68885
-68912
-68939
-68941
-68951
-68964
-68977
-69009
-69009
-69010
-69011
-69012
-69063
-69065
-69090
-69102
-69176
-69194
-69210
-69234
-69239
-69290
-69311
-69355
-69359
-69376
-69412
-69414
-69425
-69428
-69477
-69497
-69540
-69564
-69579
-69597
-69608
-69646
-69667
-69676
-69678
-69683
-69684
-69692
-69701
-69717
-69726
-69755
-69758
-69795
-69841
-69850
-69888
-69917
-69919
-69926
-69935
-69958
-69961
-70000
-70001
-70013
-70019
-70038
-70039
-70048
-70067
-70072
-70085
-70087
-70088
-70118
-70128
-70146
-70148
-70178
-70230
-70248
-70286
-70298
-70316
-70319
-70341
-70370
-70374
-70398
-70454
-70459
-70480
-70489
-70511
-70524
-70574
-70594
-70595
-70623
-70638
-70658
-70662
-70663
-70681
-70731
-70736
-70737
-70744
-70780
-70813
-70832
-70857
-70930
-70971
-71030
-71038
-71046
-71060
-71119
-71141
-71166
-71182
-71183
-71196
-71215
-71231
-71318
-71338
-71340
-71348
-71349
-71351
-71368
-71369
-71371
-71373
-71397
-71476
-71477
-71482
-71482
-71498
-71598
-71601
-71638
-71660
-71666
-71685
-71703
-71705
-71725
-71727
-71745
-71767
-71769
-71817
-71893
-71921
-71947
-72009
-72049
-72056
-72087
-72115
-72120
-72126
-72191
-72204
-72217
-72223
-72235
-72250
-72261
-72290
-72293
-72294
-72337
-72358
-72361
-72364
-72419
-72463
-72468
-72509
-72523
-72549
-72587
-72607
-72633
-72653
-72715
-72729
-72744
-72773
-72780
-72809
-72816
-72833
-72841
-72849
-72888
-72908
-72931
-72932
-72942
-72961
-73001
-73015
-73045
-73054
-73061
-73084
-73135
-73139
-73157
-73172
-73220
-73327
-73375
-73390
-73399
-73411
-73422
-73458
-73469
-73499
-73501
-73508
-73511
-73532
-73550
-73567
-73576
-73599
-73635
-73637
-73648
-73651
-73698
-73728
-73737
-73748
-73752
-73755
-73775
-73775
-73800
-73820
-73824
-73843
-73870
-73891
-73907
-73914
-73924
-73926
-73957
-73975
-73996
-74013
-74036
-74043
-74044
-74079
-74107
-74110
-74119
-74152
-74171
-74235
-74273
-74303
-74307
-74316
-74347
-74363
-74421
-74446
-74471
-74549
-74557
-74573
-74601
-74610
-74688
-74710
-74765
-74773
-74802
-74807
-74842
-74880
-74913
-74917
-74940
-75003
-75034
-75042
-75056
-75072
-75075
-75081
-75106
-75125
-75178
-75188
-75196
-75203
-75219
-75219
-75235
-75250
-75253
-75296
-75311
-75332
-75358
-75358
-75386
-75412
-75418
-75440
-75454
-75462
-75472
-75527
-75540
-75547
-75587
-75601
-75601
-75635
-75697
-75726
-75761
-75761
-75765
-75775
-75786
-75788
-75792
-75794
-75804
-75808
-75823
-75839
-75849
-75869
-75873
-75883
-75904
-75937
-75940
-75963
-75964
-75964
-75979
-76005
-76032
-76046
-76070
-76094
-76130
-76133
-76144
-76162
-76220
-76246
-76247
-76253
-76253
-76289
-76324
-76344
-76351
-76359
-76368
-76457
-76489
-76531
-76598
-76608
-76632
-76651
-76674
-76677
-76699
-76744
-76762
-76768
-76783
-76824
-76824
-76830
-76838
-76942
-76968
-76984
-76987
-77002
-77018
-77056
-77063
-77073
-77078
-77104
-77113
-77155
-77167
-77168
-77169
-77173
-77173
-77176
-77194
-77215
-77276
-77291
-77306
-77319
-77325
-77330
-77345
-77352
-77356
-77361
-77369
-77386
-77406
-77409
-77437
-77440
-77445
-77463
-77468
-77501
-77508
-77533
-77569
-77585
-77602
-77608
-77616
-77625
-77648
-77651
-77671
-77684
-77722
-77751
-77769
-77778
-77783
-77810
-77848
-77878
-77917
-77939
-77952
-77953
-77970
-77989
-77992
-77992
-77994
-78029
-78031
-78086
-78088
-78113
-78131
-78134
-78146
-78148
-78159
-78171
-78196
-78198
-78201
-78248
-78295
-78302
-78307
-78347
-78358
-78380
-78401
-78412
-78434
-78450
-78499
-78530
-78569
-78610
-78637
-78640
-78669
-78684
-78708
-78735
-78736
-78755
-78814
-78818
-78858
-78873
-78885
-78916
-78920
-78926
-78953
-78973
-78997
-79053
-79071
-79075
-79115
-79128
-79160
-79168
-79238
-79263
-79269
-79273
-79321
-79324
-79333
-79336
-79358
-79408
-79414
-79431
-79434
-79435
-79443
-79471
-79507
-79515
-79521
-79541
-79552
-79553
-79563
-79577
-79584
-79594
-79595
-79619
-79636
-79640
-79646
-79710
-79711
-79734
-79743
-79835
-79847
-79880
-79892
-79934
-79946
-79956
-79983
-79999
-80046
-80164
-80165
-80180
-80228
-80228
-80253
-80282
-80335
-80352
-80367
-80378
-80416
-80416
-80454
-80496
-80556
-80594
-80598
-80681
-80694
-80713
-80733
-80775
-80781
-80800
-80815
-80858
-80870
-80910
-80913
-80945
-80948
-80954
-80964
-80981
-81020
-81030
-81049
-81072
-81082
-81097
-81125
-81171
-81172
-81184
-81191
-81200
-81245
-81266
-81299
-81302
-81311
-81324
-81332
-81342
-81342
-81343
-81349
-81359
-81377
-81405
-81421
-81433
-81438
-81539
-81559
-81566
-81570
-81603
-81615
-81632
-81634
-81656
-81666
-81720
-81726
-81833
-81836
-81840
-81974
-82038
-82043
-82051
-82075
-82080
-82084
-82092
-82093
-82111
-82123
-82127
-82145
-82164
-82190
-82206
-82233
-82243
-82247
-82252
-82261
-82283
-82292
-82317
-82331
-82367
-82381
-82449
-82453
-82484
-82489
-82509
-82516
-82544
-82561
-82564
-82579
-82584
-82601
-82617
-82624
-82655
-82707
-82714
-82733
-82743
-82743
-82751
-82772
-82785
-82789
-82802
-82805
-82837
-82876
-82927
-82979
-82984
-82986
-83013
-83042
-83049
-83091
-83095
-83115
-83143
-83146
-83149
-83170
-83195
-83196
-83199
-83220
-83229
-83261
-83280
-83280
-83295
-83331
-83337
-83362
-83404
-83405
-83413
-83426
-83446
-83476
-83517
-83531
-83539
-83547
-83562
-83572
-83596
-83603
-83647
-83650
-83672
-83675
-83723
-83733
-83765
-83770
-83775
-83804
-83828
-83848
-83855
-83860
-83895
-83902
-83915
-83917
-83930
-83948
-83948
-83996
-84020
-84038
-84040
-84046
-84051
-84059
-84068
-84095
-84110
-84133
-84138
-84193
-84193
-84199
-84213
-84228
-84277
-84324
-84332
-84337
-84342
-84367
-84390
-84392
-84396
-84397
-84413
-84441
-84456
-84457
-84467
-84491
-84505
-84541
-84543
-84567
-84573
-84608
-84626
-84630
-84636
-84653
-84699
-84726
-84727
-84739
-84787
-84848
-84860
-84879
-84885
-84921
-84924
-84931
-84987
-85060
-85075
-85145
-85161
-85167
-85184
-85237
-85244
-85277
-85278
-85324
-85330
-85362
-85366
-85412
-85415
-85439
-85452
-85462
-85472
-85511
-85557
-85561
-85569
-85603
-85607
-85619
-85625
-85637
-85638
-85670
-85670
-85680
-85691
-85708
-85714
-85766
-85783
-85785
-85799
-85809
-85820
-85829
-85836
-85837
-85838
-85864
-85886
-85931
-85943
-85961
-85969
-85977
-85979
-85990
-86012
-86049
-86061
-86093
-86100
-86136
-86146
-86150
-86222
-86228
-86240
-86240
-86264
-86281
-86284
-86306
-86319
-86321
-86334
-86344
-86371
-86374
-86378
-86400
-86406
-86432
-86436
-86444
-86447
-86460
-86468
-86512
-86515
-86532
-86553
-86577
-86596
-86671
-86675
-86689
-86706
-86707
-86711
-86725
-86816
-86841
-86859
-86887
-86907
-86909
-86930
-86934
-86947
-86962
-86971
-86989
-86991
-87017
-87018
-87042
-87052
-87057
-87079
-87085
-87108
-87131
-87207
-87224
-87231
-87245
-87246
-87247
-87263
-87274
-87276
-87278
-87329
-87367
-87376
-87433
-87468
-87470
-87481
-87499
-87511
-87533
-87545
-87552
-87617
-87620
-87624
-87624
-87637
-87649
-87673
-87695
-87714
-87730
-87735
-87738
-87744
-87748
-87749
-87753
-87758
-87774
-87779
-87805
-87828
-87870
-87900
-87901
-87983
-87989
-88003
-88050
-88082
-88089
-88101
-88130
-88142
-88146
-88152
-88183
-88197
-88204
-88253
-88274
-88284
-88341
-88348
-88349
-88355
-88371
-88379
-88387
-88403
-88424
-88427
-88443
-88452
-88496
-88516
-88517
-88549
-88561
-88605
-88614
-88616
-88616
-88638
-88654
-88723
-88725
-88751
-88756
-88758
-88760
-88778
-88804
-88807
-88812
-88824
-88853
-88860
-88863
-88870
-88916
-88942
-88966
-88967
-89041
-89090
-89151
-89156
-89178
-89180
-89219
-89246
-89251
-89265
-89267
-89290
-89345
-89348
-89352
-89395
-89409
-89419
-89422
-89425
-89486
-89498
-89510
-89674
-89686
-89690
-89705
-89716
-89739
-89745
-89750
-89755
-89767
-89779
-89787
-89797
-89841
-89853
-89922
-89946
-89951
-89953
-89954
-89973
-89987
-90006
-90007
-90009
-90023
-90046
-90060
-90084
-90088
-90088
-90095
-90121
-90154
-90172
-90201
-90242
-90250
-90296
-90309
-90312
-90322
-90346
-90375
-90390
-90397
-90399
-90417
-90421
-90484
-90670
-90687
-90706
-90706
-90710
-90713
-90726
-90731
-90755
-90761
-90770
-90772
-90779
-90796
-90799
-90842
-90857
-90858
-90880
-90908
-90934
-90958
-91073
-91086
-91086
-91107
-91127
-91139
-91159
-91198
-91208
-91253
-91257
-91274
-91319
-91329
-91361
-91382
-91396
-91412
-91454
-91461
-91467
-91525
-91590
-91651
-91656
-91659
-91671
-91710
-91712
-91719
-91730
-91745
-91755
-91763
-91769
-91794
-91809
-91822
-91870
-91894
-91909
-91917
-91922
-91970
-91980
-91984
-92004
-92009
-92039
-92054
-92059
-92086
-92110
-92110
-92129
-92157
-92161
-92181
-92232
-92243
-92253
-92332
-92342
-92349
-92349
-92354
-92375
-92432
-92434
-92436
-92459
-92506
-92509
-92569
-92610
-92646
-92664
-92664
-92677
-92678
-92729
-92737
-92744
-92747
-92854
-92877
-92883
-92907
-92925
-92930
-92947
-92948
-92988
-92998
-93002
-93022
-93036
-93039
-93133
-93133
-93143
-93164
-93168
-93172
-93194
-93199
-93217
-93217
-93220
-93238
-93247
-93263
-93266
-93284
-93354
-93358
-93413
-93425
-93444
-93452
-93472
-93479
-93481
-93498
-93505
-93531
-93555
-93631
-93647
-93668
-93681
-93704
-93723
-93750
-93844
-93870
-93888
-93892
-93898
-93958
-93987
-94034
-94074
-94108
-94173
-94182
-94196
-94206
-94265
-94271
-94275
-94281
-94329
-94332
-94349
-94354
-94362
-94365
-94366
-94374
-94378
-94384
-94439
-94483
-94514
-94584
-94602
-94612
-94627
-94644
-94672
-94686
-94701
-94723
-94723
-94732
-94792
-94815
-94820
-94832
-94833
-94902
-94956
-95002
-95005
-95007
-95027
-95056
-95091
-95107
-95166
-95196
-95210
-95231
-95239
-95245
-95246
-95248
-95258
-95322
-95332
-95346
-95359
-95363
-95367
-95428
-95428
-95471
-95490
-95493
-95524
-95529
-95543
-95550
-95568
-95579
-95583
-95619
-95621
-95625
-95627
-95671
-95767
-95786
-95801
-95815
-95852
-95879
-95881
-95887
-95896
-95941
-95969
-95971
-96030
-96031
-96055
-96066
-96113
-96114
-96130
-96155
-96172
-96180
-96186
-96205
-96213
-96237
-96265
-96288
-96294
-96303
-96352
-96372
-96393
-96422
-96450
-96453
-96455
-96456
-96517
-96518
-96552
-96594
-96622
-96635
-96673
-96691
-96693
-96706
-96748
-96751
-96761
-96791
-96809
-96843
-96860
-96895
-96899
-96915
-96932
-96948
-96951
-96985
-96997
-97044
-97060
-97063
-97073
-97084
-97085
-97103
-97135
-97137
-97139
-97142
-97150
-97180
-97223
-97235
-97238
-97255
-97290
-97305
-97312
-97331
-97375
-97416
-97432
-97475
-97482
-97562
-97572
-97577
-97600
-97602
-97604
-97606
-97606
-97617
-97649
-97652
-97655
-97656
-97677
-97693
-97763
-97769
-97845
-97865
-97875
-97900
-97904
-97923
-97948
-97957
-97959
-97972
-97987
-97996
-98013
-98026
-98047
-98055
-98057
-98073
-98080
-98081
-98121
-98163
-98171
-98182
-98242
-98248
-98261
-98267
-98278
-98278
-98294
-98365
-98369
-98388
-98407
-98456
-98492
-98492
-98513
-98532
-98535
-98538
-98560
-98562
-98563
-98569
-98622
-98630
-98662
-98707
-98720
-98759
-98774
-98791
-98807
-98848
-98857
-98883
-98892
-98947
-98949
-98949
-98984
-98992
-99037
-99058
-99071
-99078
-99094
-99098
-99111
-99165
-99219
-99223
-99224
-99255
-99259
-99264
-99265
-99268
-99293
-99301
-99303
-99323
-99351
-99370
-99371
-99375
-99399
-99430
-99436
-99486
-99527
-99531
-99543
-99551
-99556
-99556
-99588
-99596
-99597
-99676
-99701
-99752
-99768
-99788
-99792
-99812
-99854
-99867
-99885
-99886
-99895
-99909
-99917
-99934
-99935
-99936
-99958
-99960
-100011
-100013
-100026
-100027
-100091
-100106
-100108
-100137
-100158
-100164
-100197
-100201
-100225
-100264
-100271
-100277
-100285
-100300
-100310
-100327
-100366
-100383
-100387
-100409
-100466
-100468
-100550
-100566
-100611
-100648
-100660
-100673
-100698
-100711
-100728
-100739
-100779
-100786
-100791
-100825
-100832
-100841
-100908
-100936
-100939
-100941
-100947
-100977
-100979
-100990
-100990
-101007
-101015
-101027
-101051
-101061
-101064
-101098
-101107
-101116
-101120
-101131
-101148
-101172
-101202
-101233
-101239
-101247
-101251
-101257
-101296
-101313
-101317
-101336
-101337
-101357
-101400
-101400
-101432
-101465
-101474
-101476
-101501
-101530
-101583
-101588
-101617
-101622
-101631
-101632
-101645
-101647
-101648
-101651
-101699
-101710
-101749
-101758
-101786
-101802
-101826
-101836
-101836
-101837
-101842
-101881
-101905
-101908
-101936
-101950
-101953
-101955
-101972
-101976
-101986
-102028
-102036
-102078
-102101
-102104
-102123
-102127
-102141
-102178
-102216
-102223
-102240
-102243
-102253
-102259
-102259
-102261
-102263
-102264
-102273
-102277
-102294
-102326
-102331
-102334
-102339
-102414
-102414
-102464
-102474
-102482
-102567
-102572
-102598
-102619
-102635
-102695
-102709
-102713
-102722
-102735
-102742
-102742
-102800
-102803
-102806
-102853
-102871
-102872
-102875
-102882
-102890
-102898
-102928
-102997
-103007
-103019
-103024
-103056
-103061
-103062
-103070
-103071
-103092
-103143
-103157
-103199
-103212
-103233
-103252
-103270
-103284
-103291
-103343
-103349
-103368
-103374
-103384
-103405
-103408
-103424
-103468
-103474
-103501
-103513
-103518
-103534
-103535
-103577
-103597
-103605
-103651
-103702
-103708
-103709
-103747
-103750
-103776
-103796
-103800
-103805
-103860
-103867
-103883
-103909
-103913
-103914
-103958
-103969
-103984
-103995
-104038
-104041
-104055
-104075
-104077
-104079
-104084
-104087
-104092
-104113
-104117
-104135
-104138
-104231
-104232
-104233
-104267
-104270
-104283
-104295
-104322
-104324
-104351
-104369
-104370
-104387
-104418
-104422
-104451
-104461
-104464
-104468
-104469
-104509
-104644
-104670
-104698
-104710
-104730
-104734
-104771
-104775
-104784
-104838
-104844
-104861
-104866
-104903
-104911
-104931
-104970
-104990
-104993
-105022
-105037
-105044
-105048
-105062
-105083
-105089
-105118
-105165
-105174
-105202
-105208
-105214
-105232
-105232
-105244
-105250
-105253
-105264
-105272
-105320
-105330
-105341
-105352
-105367
-105442
-105448
-105456
-105476
-105501
-105521
-105567
-105593
-105597
-105600
-105603
-105613
-105614
-105638
-105669
-105712
-105723
-105737
-105753
-105813
-105817
-105844
-105849
-105851
-105866
-105959
-105966
-105966
-105994
-106015
-106023
-106093
-106120
-106143
-106144
-106156
-106159
-106168
-106172
-106176
-106178
-106184
-106194
-106216
-106227
-106250
-106254
-106255
-106276
-106288
-106304
-106320
-106356
-106410
-106432
-106438
-106528
-106549
-106565
-106576
-106597
-106642
-106649
-106656
-106658
-106721
-106728
-106744
-106781
-106816
-106829
-106841
-106870
-106874
-106901
-106901
-106930
-106930
-106950
-106968
-107067
-107070
-107088
-107094
-107119
-107132
-107135
-107157
-107158
-107168
-107177
-107203
-107217
-107219
-107219
-107239
-107245
-107267
-107267
-107317
-107324
-107330
-107332
-107340
-107357
-107403
-107496
-107516
-107519
-107560
-107580
-107585
-107586
-107625
-107645
-107646
-107676
-107683
-107737
-107801
-107806
-107856
-107869
-107901
-107920
-107957
-107977
-107991
-107994
-107995
-108049
-108093
-108110
-108139
-108146
-108148
-108182
-108184
-108214
-108237
-108244
-108246
-108249
-108256
-108270
-108276
-108276
-108284
-108290
-108319
-108336
-108348
-108351
-108391
-108405
-108432
-108439
-108441
-108444
-108445
-108498
-108500
-108546
-108553
-108580
-108581
-108604
-108606
-108619
-108655
-108666
-108666
-108670
-108680
-108690
-108720
-108732
-108740
-108781
-108793
-108808
-108819
-108896
-108943
-108963
-108964
-108969
-108971
-108975
-109034
-109040
-109074
-109086
-109095
-109100
-109101
-109122
-109136
-109139
-109162
-109185
-109190
-109241
-109265
-109267
-109296
-109299
-109315
-109373
-109425
-109437
-109467
-109498
-109504
-109591
-109591
-109670
-109688
-109712
-109714
-109740
-109742
-109751
-109777
-109777
-109800
-109814
-109823
-109825
-109829
-109878
-109881
-109886
-109898
-109905
-109913
-109917
-109946
-109948
-109983
-109988
-110024
-110029
-110036
-110069
-110071
-110082
-110084
-110098
-110118
-110138
-110139
-110197
-110212
-110263
-110319
-110346
-110361
-110370
-110379
-110424
-110428
-110430
-110444
-110459
-110467
-110470
-110471
-110474
-110502
-110526
-110602
-110667
-110720
-110728
-110743
-110763
-110764
-110783
-110796
-110797
-110799
-110799
-110821
-110837
-110841
-110845
-110859
-110862
-110862
-110869
-110877
-110886
-110886
-110904
-110929
-110999
-111013
-111060
-111064
-111076
-111078
-111101
-111102
-111110
-111122
-111163
-111183
-111212
-111227
-111243
-111254
-111267
-111286
-111303
-111318
-111356
-111358
-111367
-111380
-111411
-111442
-111457
-111508
-111557
-111560
-111573
-111596
-111601
-111619
-111666
-111681
-111716
-111718
-111759
-111769
-111833
-111836
-111867
-111913
-111917
-111922
-111927
-111930
-111962
-111993
-112010
-112062
-112071
-112080
-112087
-112118
-112187
-112205
-112217
-112218
-112224
-112271
-112289
-112304
-112305
-112435
-112452
-112468
-112494
-112498
-112510
-112512
-112513
-112540
-112560
-112565
-112569
-112600
-112628
-112645
-112647
-112682
-112705
-112771
-112782
-112813
-112828
-112843
-112849
-112855
-112882
-112886
-112892
-112899
-112902
-112908
-112966
-112966
-112980
-113027
-113127
-113141
-113166
-113175
-113185
-113195
-113235
-113265
-113274
-113311
-113343
-113344
-113352
-113354
-113355
-113373
-113469
-113480
-113487
-113489
-113495
-113512
-113538
-113580
-113594
-113651
-113657
-113659
-113711
-113735
-113754
-113760
-113764
-113764
-113779
-113788
-113817
-113818
-113830
-113884
-113894
-113923
-113965
-113996
-114006
-114041
-114042
-114094
-114100
-114146
-114149
-114150
-114176
-114225
-114235
-114280
-114292
-114301
-114336
-114351
-114363
-114376
-114377
-114377
-114399
-114419
-114431
-114474
-114484
-114504
-114507
-114522
-114549
-114595
-114652
-114669
-114669
-114674
-114681
-114715
-114747
-114759
-114862
-114877
-114913
-114935
-114935
-114991
-114997
-115019
-115055
-115056
-115119
-115132
-115154
-115189
-115207
-115207
-115211
-115211
-115223
-115223
-115225
-115261
-115275
-115279
-115304
-115306
-115347
-115351
-115364
-115372
-115386
-115413
-115416
-115438
-115443
-115447
-115460
-115461
-115485
-115500
-115505
-115508
-115551
-115554
-115591
-115593
-115594
-115594
-115611
-115634
-115645
-115669
-115696
-115707
-115718
-115719
-115727
-115739
-115750
-115834
-115876
-115885
-115891
-115913
-115946
-115946
-116003
-116048
-116054
-116059
-116113
-116115
-116130
-116174
-116187
-116202
-116212
-116233
-116239
-116275
-116307
-116338
-116362
-116383
-116391
-116393
-116397
-116422
-116437
-116462
-116474
-116494
-116497
-116505
-116541
-116550
-116553
-116575
-116613
-116627
-116643
-116648
-116655
-116658
-116725
-116751
-116768
-116801
-116828
-116845
-116852
-116878
-116879
-116897
-116910
-116926
-116946
-116962
-116985
-116985
-116995
-116996
-117007
-117007
-117009
-117010
-117087
-117100
-117122
-117129
-117175
-117197
-117197
-117197
-117227
-117235
-117245
-117269
-117287
-117300
-117311
-117338
-117388
-117415
-117422
-117435
-117493
-117540
-117566
-117586
-117599
-117607
-117617
-117622
-117634
-117678
-117715
-117720
-117722
-117729
-117739
-117741
-117748
-117758
-117759
-117777
-117783
-117796
-117833
-117858
-117872
-117916
-117988
-117990
-117998
-118005
-118022
-118045
-118055
-118073
-118109
-118133
-118136
-118140
-118171
-118178
-118275
-118288
-118299
-118321
-118324
-118337
-118347
-118366
-118429
-118460
-118461
-118463
-118516
-118517
-118532
-118535
-118573
-118575
-118580
-118591
-118605
-118611
-118635
-118655
-118678
-118680
-118689
-118690
-118690
-118692
-118701
-118716
-118739
-118763
-118786
-118790
-118791
-118817
-118863
-118905
-118912
-118921
-118923
-118933
-118940
-118942
-118945
-118953
-118968
-118969
-118990
-118991
-119019
-119022
-119030
-119050
-119083
-119100
-119108
-119145
-119154
-119177
-119219
-119264
-119282
-119301
-119329
-119349
-119397
-119423
-119466
-119468
-119505
-119509
-119526
-119533
-119546
-119571
-119575
-119631
-119638
-119649
-119662
-119696
-119720
-119739
-119747
-119754
-119793
-119794
-119862
-119901
-119909
-119968
-119983
-120019
-120060
-120115
-120127
-120131
-120142
-120153
-120159
-120159
-120175
-120182
-120190
-120192
-120232
-120241
-120261
-120270
-120281
-120316
-120328
-120357
-120389
-120416
-120431
-120436
-120438
-120438
-120475
-120523
-120602
-120617
-120621
-120668
-120682
-120688
-120724
-120733
-120735
-120773
-120781
-120783
-120804
-120825
-120842
-120854
-120862
-120862
-120867
-120903
-120906
-120931
-121003
-121010
-121011
-121018
-121061
-121061
-121066
-121072
-121073
-121094
-121125
-121125
-121144
-121145
-121257
-121280
-121327
-121327
-121347
-121350
-121354
-121356
-121360
-121381
-121401
-121416
-121496
-121535
-121536
-121541
-121562
-121617
-121663
-121714
-121726
-121730
-121743
-121749
-121751
-121762
-121767
-121786
-121789
-121858
-121875
-121880
-121883
-121896
-121896
-121920
-121924
-121959
-121962
-121976
-122070
-122081
-122103
-122103
-122116
-122138
-122142
-122190
-122195
-122234
-122240
-122288
-122308
-122313
-122373
-122390
-122421
-122440
-122448
-122449
-122453
-122455
-122462
-122504
-122514
-122517
-122537
-122552
-122576
-122580
-122585
-122604
-122628
-122659
-122670
-122705
-122715
-122723
-122742
-122753
-122754
-122760
-122770
-122777
-122788
-122798
-122844
-122852
-122866
-122882
-122911
-122918
-122925
-122933
-122950
-122951
-122987
-123011
-123027
-123044
-123086
-123092
-123112
-123135
-123167
-123180
-123193
-123209
-123219
-123229
-123230
-123255
-123268
-123283
-123308
-123315
-123324
-123350
-123351
-123354
-123361
-123369
-123406
-123409
-123415
-123422
-123428
-123437
-123439
-123500
-123516
-123525
-123584
-123586
-123603
-123605
-123622
-123647
-123659
-123680
-123735
-123738
-123775
-123782
-123790
-123797
-123807
-123844
-123881
-123903
-123920
-123921
-123925
-123934
-123935
-123937
-123989
-124019
-124040
-124048
-124049
-124073
-124101
-124120
-124134
-124141
-124164
-124170
-124192
-124208
-124211
-124213
-124241
-124266
-124328
-124371
-124406
-124408
-124410
-124417
-124426
-124440
-124452
-124503
-124511
-124514
-124555
-124566
-124568
-124602
-124613
-124615
-124650
-124684
-124689
-124710
-124816
-124824
-124838
-124838
-124840
-124894
-124938
-124944
-124944
-124988
-124997
-125043
-125062
-125112
-125123
-125153
-125157
-125193
-125203
-125212
-125225
-125230
-125285
-125291
-125292
-125344
-125355
-125410
-125435
-125505
-125531
-125546
-125566
-125589
-125613
-125665
-125687
-125695
-125723
-125730
-125742
-125762
-125766
-125766
-125779
-125781
-125786
-125805
-125820
-125822
-125827
-125830
-125847
-125861
-125894
-125911
-125915
-125916
-125943
-125955
-125974
-126034
-126044
-126079
-126080
-126090
-126103
-126106
-126133
-126142
-126158
-126168
-126187
-126247
-126261
-126261
-126265
-126277
-126296
-126319
-126339
-126360
-126368
-126386
-126387
-126491
-126537
-126537
-126538
-126547
-126567
-126582
-126584
-126587
-126602
-126616
-126635
-126644
-126657
-126657
-126692
-126726
-126741
-126749
-126780
-126825
-126836
-126885
-126886
-126907
-126999
-127011
-127091
-127145
-127159
-127163
-127189
-127191
-127202
-127228
-127234
-127236
-127239
-127261
-127264
-127273
-127276
-127277
-127309
-127324
-127335
-127335
-127360
-127401
-127408
-127419
-127428
-127452
-127456
-127485
-127522
-127544
-127602
-127605
-127632
-127642
-127648
-127661
-127664
-127698
-127728
-127733
-127737
-127741
-127753
-127767
-127774
-127793
-127803
-127818
-127818
-127843
-127881
-127884
-127895
-127898
-127900
-127933
-127948
-127952
-127963
-127983
-128021
-128022
-128030
-128047
-128062
-128075
-128081
-128088
-128103
-128116
-128173
-128203
-128223
-128257
-128257
-128277
-128291
-128296
-128303
-128348
-128375
-128378
-128396
-128416
-128451
-128479
-128504
-128599
-128615
-128618
-128661
-128697
-128727
-128744
-128748
-128757
-128766
-128774
-128792
-128806
-128839
-128841
-128863
-128870
-128874
-128889
-128889
-128897
-128897
-128912
-128916
-128933
-129010
-129016
-129016
-129044
-129046
-129083
-129119
-129154
-129156
-129169
-129171
-129177
-129219
-129240
-129257
-129263
-129268
-129279
-129319
-129350
-129361
-129365
-129379
-129382
-129383
-129393
-129401
-129439
-129451
-129496
-129521
-129531
-129572
-129601
-129622
-129642
-129650
-129650
-129664
-129719
-129722
-129764
-129766
-129767
-129772
-129776
-129777
-129816
-129829
-129831
-129862
-129864
-129874
-129874
-129884
-129894
-129899
-129939
-129958
-129963
-129968
-129979
-129980
-130000
-130028
-130050
-130093
-130097
-130098
-130124
-130134
-130135
-130167
-130213
-130220
-130250
-130271
-130275
-130285
-130318
-130333
-130355
-130381
-130386
-130409
-130419
-130430
-130443
-130448
-130455
-130455
-130510
-130521
-130557
-130562
-130631
-130637
-130649
-130660
-130701
-130710
-130718
-130738
-130765
-130782
-130813
-130833
-130839
-130866
-130913
-130974
-130996
-131012
-131057
-131062
-131068
-131073
-131114
-131209
-131218
-131248
-131283
-131292
-131344
-131360
-131419
-131458
-131487
-131507
-131544
-131551
-131565
-131580
-131597
-131612
-131613
-131665
-131670
-131696
-131698
-131704
-131718
-131772
-131779
-131828
-131845
-131926
-131932
-131943
-131955
-131961
-131970
-131993
-131997
-132015
-132028
-132030
-132035
-132048
-132053
-132074
-132137
-132175
-132189
-132199
-132208
-132254
-132265
-132279
-132298
-132309
-132311
-132383
-132386
-132393
-132437
-132478
-132529
-132531
-132532
-132573
-132632
-132641
-132670
-132689
-132718
-132721
-132721
-132737
-132758
-132799
-132814
-132822
-132823
-132825
-132831
-132892
-132922
-132975
-132988
-133004
-133024
-133025
-133030
-133036
-133088
-133089
-133109
-133125
-133170
-133173
-133181
-133195
-133258
-133260
-133264
-133266
-133294
-133335
-133384
-133392
-133399
-133426
-133433
-133438
-133439
-133453
-133458
-133466
-133467
-133470
-133481
-133515
-133562
-133585
-133609
-133616
-133619
-133629
-133630
-133661
-133662
-133681
-133711
-133767
-133776
-133815
-133823
-133828
-133878
-133899
-133914
-133954
-133963
-133968
-133971
-134012
-134022
-134053
-134070
-134210
-134211
-134219
-134279
-134298
-134412
-134415
-134425
-134452
-134457
-134511
-134517
-134521
-134572
-134608
-134631
-134668
-134733
-134738
-134750
-134762
-134766
-134809
-134813
-134813
-134831
-134853
-134882
-134882
-134897
-134901
-134930
-134939
-134941
-134957
-134977
-135002
-135063
-135069
-135103
-135113
-135145
-135151
-135164
-135168
-135175
-135214
-135221
-135222
-135226
-135232
-135234
-135265
-135266
-135287
-135287
-135324
-135328
-135331
-135336
-135367
-135400
-135433
-135440
-135450
-135515
-135516
-135533
-135537
-135538
-135542
-135598
-135636
-135652
-135657
-135680
-135686
-135714
-135726
-135731
-135738
-135760
-135770
-135787
-135788
-135841
-135844
-135854
-135855
-135893
-135950
-135960
-135980
-135985
-135995
-136023
-136034
-136038
-136062
-136067
-136101
-136133
-136178
-136206
-136211
-136217
-136228
-136247
-136289
-136300
-136320
-136323
-136332
-136365
-136366
-136382
-136383
-136418
-136427
-136465
-136479
-136527
-136528
-136536
-136569
-136578
-136627
-136642
-136650
-136674
-136706
-136730
-136748
-136775
-136782
-136788
-136813
-136824
-136824
-136846
-136865
-136881
-136891
-136892
-136927
-136937
-136952
-136960
-137000
-137027
-137039
-137056
-137058
-137066
-137090
-137092
-137150
-137153
-137183
-137191
-137211
-137344
-137400
-137458
-137462
-137462
-137468
-137470
-137483
-137487
-137495
-137529
-137533
-137537
-137544
-137545
-137577
-137578
-137580
-137591
-137642
-137658
-137726
-137736
-137747
-137755
-137765
-137773
-137831
-137867
-137881
-137911
-137920
-137951
-137962
-137980
-137996
-138047
-138087
-138125
-138149
-138168
-138169
-138174
-138209
-138274
-138281
-138287
-138333
-138338
-138391
-138396
-138432
-138452
-138524
-138544
-138582
-138609
-138615
-138630
-138640
-138651
-138671
-138681
-138699
-138710
-138711
-138727
-138794
-138797
-138811
-138815
-138823
-138832
-138842
-138875
-138877
-138889
-138891
-138907
-138913
-138930
-138966
-139009
-139011
-139015
-139021
-139023
-139043
-139072
-139081
-139084
-139130
-139131
-139147
-139180
-139183
-139194
-139199
-139207
-139210
-139222
-139250
-139258
-139266
-139273
-139298
-139330
-139343
-139354
-139355
-139425
-139467
-139510
-139534
-139599
-139633
-139655
-139664
-139667
-139707
-139732
-139737
-139779
-139802
-139821
-139829
-139869
-139910
-139953
-140006
-140012
-140016
-140126
-140136
-140184
-140194
-140202
-140294
-140313
-140332
-140376
-140418
-140435
-140436
-140458
-140460
-140482
-140483
-140507
-140513
-140534
-140560
-140593
-140594
-140599
-140606
-140657
-140664
-140666
-140715
-140770
-140782
-140889
-140893
-140894
-140901
-140904
-140951
-140991
-140994
-141000
-141004
-141016
-141028
-141030
-141042
-141048
-141085
-141116
-141133
-141163
-141194
-141212
-141238
-141240
-141256
-141262
-141267
-141273
-141276
-141276
-141283
-141296
-141317
-141326
-141370
-141370
-141436
-141437
-141462
-141529
-141590
-141601
-141607
-141626
-141633
-141647
-141659
-141712
-141717
-141722
-141768
-141772
-141794
-141805
-141865
-141914
-141919
-141947
-141952
-141984
-141993
-142004
-142022
-142052
-142054
-142069
-142095
-142098
-142123
-142128
-142135
-142204
-142206
-142221
-142312
-142378
-142387
-142393
-142404
-142414
-142428
-142465
-142466
-142474
-142475
-142475
-142475
-142476
-142488
-142494
-142499
-142514
-142534
-142543
-142554
-142567
-142572
-142574
-142575
-142580
-142587
-142596
-142599
-142606
-142653
-142662
-142689
-142724
-142786
-142795
-142808
-142818
-142837
-142861
-142873
-142906
-142917
-142923
-143036
-143040
-143059
-143075
-143082
-143089
-143112
-143119
-143139
-143166
-143171
-143172
-143182
-143209
-143213
-143215
-143232
-143238
-143273
-143297
-143305
-143312
-143362
-143370
-143376
-143385
-143391
-143403
-143418
-143458
-143480
-143488
-143528
-143551
-143559
-143570
-143580
-143584
-143630
-143685
-143695
-143708
-143746
-143750
-143770
-143770
-143798
-143812
-143843
-143853
-143866
-143914
-143932
-143951
-143977
-143980
-144000
-144041
-144082
-144112
-144148
-144160
-144193
-144208
-144222
-144224
-144227
-144258
-144266
-144276
-144293
-144316
-144348
-144382
-144408
-144486
-144488
-144540
-144540
-144545
-144545
-144550
-144566
-144593
-144595
-144613
-144619
-144633
-144635
-144637
-144694
-144703
-144707
-144719
-144746
-144747
-144768
-144777
-144783
-144869
-144877
-144879
-144887
-144905
-144905
-145010
-145035
-145070
-145103
-145132
-145142
-145160
-145245
-145252
-145254
-145265
-145283
-145313
-145314
-145319
-145340
-145341
-145388
-145409
-145411
-145422
-145433
-145441
-145455
-145485
-145490
-145491
-145499
-145525
-145532
-145542
-145546
-145580
-145584
-145602
-145623
-145625
-145640
-145652
-145694
-145696
-145772
-145803
-145806
-145814
-145850
-145881
-145904
-146011
-146031
-146101
-146113
-146136
-146142
-146142
-146202
-146246
-146255
-146274
-146281
-146290
-146313
-146319
-146340
-146353
-146376
-146382
-146438
-146444
-146445
-146459
-146461
-146494
-146512
-146626
-146629
-146680
-146748
-146804
-146876
-146895
-146903
-146929
-146987
-147036
-147063
-147064
-147070
-147084
-147105
-147137
-147148
-147161
-147172
-147223
-147231
-147254
-147254
-147256
-147260
-147318
-147322
-147377
-147380
-147386
-147398
-147422
-147423
-147433
-147433
-147457
-147461
-147511
-147555
-147614
-147615
-147635
-147635
-147665
-147693
-147694
-147711
-147715
-147726
-147737
-147740
-147744
-147773
-147848
-147869
-147933
-147937
-147958
-147987
-147991
-148030
-148031
-148031
-148054
-148068
-148073
-148081
-148090
-148105
-148130
-148161
-148205
-148222
-148274
-148275
-148281
-148308
-148318
-148354
-148376
-148405
-148428
-148436
-148567
-148568
-148635
-148669
-148673
-148691
-148695
-148706
-148762
-148785
-148798
-148840
-148842
-148843
-148850
-148858
-148902
-148908
-148931
-148945
-148953
-148954
-148972
-148989
-149015
-149026
-149041
-149084
-149096
-149112
-149113
-149146
-149156
-149179
-149254
-149288
-149307
-149315
-149327
-149354
-149374
-149384
-149390
-149461
-149492
-149566
-149592
-149597
-149641
-149701
-149706
-149798
-149826
-149829
-149842
-149869
-149875
-149894
-149926
-150014
-150032
-150042
-150043
-150059
-150115
-150147
-150167
-150176
-150184
-150204
-150218
-150240
-150276
-150384
-150395
-150460
-150489
-150499
-150563
-150573
-150579
-150604
-150662
-150669
-150677
-150685
-150696
-150719
-150720
-150721
-150733
-150738
-150755
-150771
-150781
-150801
-150807
-150812
-150866
-150871
-150934
-150949
-150982
-150993
-150996
-150998
-151037
-151052
-151090
-151096
-151100
-151103
-151113
-151177
-151186
-151202
-151232
-151239
-151243
-151251
-151260
-151264
-151269
-151312
-151357
-151372
-151375
-151382
-151392
-151396
-151435
-151512
-151520
-151539
-151539
-151542
-151558
-151570
-151590
-151618
-151631
-151684
-151724
-151738
-151768
-151808
-151870
-151909
-151941
-152001
-152127
-152212
-152229
-152284
-152304
-152326
-152347
-152360
-152384
-152387
-152391
-152396
-152398
-152400
-152413
-152423
-152431
-152434
-152479
-152487
-152488
-152551
-152553
-152564
-152569
-152582
-152585
-152618
-152643
-152649
-152657
-152710
-152725
-152727
-152771
-152793
-152814
-152815
-152819
-152847
-152884
-152888
-152907
-152909
-152910
-152917
-152955
-152958
-152958
-152978
-153029
-153075
-153090
-153099
-153106
-153116
-153127
-153165
-153168
-153246
-153269
-153282
-153291
-153294
-153299
-153299
-153321
-153331
-153338
-153366
-153375
-153378
-153418
-153450
-153501
-153520
-153528
-153544
-153548
-153555
-153558
-153568
-153571
-153586
-153612
-153623
-153651
-153657
-153667
-153687
-153694
-153706
-153714
-153737
-153749
-153750
-153756
-153770
-153792
-153793
-153830
-153836
-153840
-153840
-153863
-153868
-153875
-153879
-153890
-153917
-153920
-153927
-153949
-153953
-153955
-153961
-153975
-153977
-153980
-153983
-154047
-154066
-154105
-154116
-154150
-154157
-154209
-154215
-154226
-154229
-154252
-154254
-154277
-154279
-154293
-154311
-154319
-154335
-154354
-154369
-154415
-154422
-154430
-154435
-154459
-154473
-154474
-154519
-154523
-154544
-154588
-154599
-154602
-154603
-154611
-154612
-154641
-154652
-154696
-154703
-154708
-154725
-154739
-154758
-154792
-154808
-154829
-154830
-154876
-154905
-154926
-155009
-155009
-155025
-155029
-155056
-155068
-155070
-155117
-155123
-155135
-155136
-155149
-155185
-155190
-155210
-155222
-155227
-155266
-155286
-155312
-155334
-155334
-155386
-155401
-155425
-155444
-155475
-155504
-155531
-155534
-155548
-155563
-155573
-155594
-155596
-155605
-155605
-155621
-155627
-155632
-155640
-155640
-155693
-155740
-155753
-155795
-155827
-155885
-155901
-155917
-155928
-155930
-155949
-155951
-155998
-156014
-156018
-156031
-156047
-156056
-156060
-156066
-156069
-156197
-156228
-156254
-156268
-156287
-156288
-156299
-156453
-156465
-156544
-156545
-156562
-156579
-156588
-156593
-156615
-156616
-156618
-156619
-156627
-156629
-156694
-156749
-156767
-156773
-156790
-156832
-156879
-156890
-156891
-156916
-156936
-156947
-156983
-157008
-157019
-157062
-157063
-157081
-157097
-157102
-157111
-157158
-157162
-157182
-157222
-157276
-157308
-157316
-157345
-157358
-157365
-157369
-157373
-157396
-157397
-157402
-157419
-157430
-157439
-157449
-157450
-157485
-157485
-157491
-157500
-157517
-157532
-157541
-157544
-157556
-157559
-157583
-157600
-157601
-157619
-157717
-157723
-157736
-157754
-157781
-157787
-157796
-157800
-157823
-157836
-157837
-157839
-157846
-157863
-157864
-157869
-157869
-157869
-157871
-157874
-157876
-157890
-157905
-157911
-157916
-157926
-157933
-157942
-157945
-157953
-157953
-157969
-157998
-158011
-158049
-158069
-158073
-158086
-158105
-158126
-158142
-158181
-158208
-158229
-158255
-158271
-158281
-158306
-158316
-158322
-158328
-158338
-158351
-158373
-158391
-158426
-158442
-158481
-158488
-158495
-158519
-158526
-158587
-158599
-158613
-158632
-158654
-158657
-158681
-158696
-158753
-158768
-158783
-158788
-158790
-158797
-158819
-158839
-158853
-158855
-158926
-158943
-158945
-158946
-158952
-158998
-159022
-159092
-159125
-159136
-159137
-159143
-159158
-159165
-159168
-159190
-159202
-159202
-159204
-159241
-159273
-159302
-159316
-159356
-159356
-159359
-159393
-159395
-159409
-159418
-159429
-159431
-159432
-159465
-159476
-159546
-159568
-159624
-159663
-159682
-159715
-159737
-159781
-159789
-159812
-159852
-159881
-159910
-159932
-159954
-159973
-159976
-159978
-160006
-160035
-160037
-160080
-160081
-160084
-160117
-160138
-160243
-160279
-160293
-160303
-160306
-160326
-160339
-160350
-160350
-160353
-160355
-160376
-160393
-160406
-160406
-160408
-160464
-160518
-160530
-160611
-160639
-160650
-160666
-160670
-160682
-160737
-160754
-160769
-160772
-160772
-160780
-160784
-160797
-160806
-160821
-160823
-160828
-160841
-160846
-160848
-160860
-160889
-160889
-160921
-161023
-161044
-161109
-161125
-161154
-161187
-161190
-161290
-161292
-161303
-161323
-161337
-161341
-161346
-161378
-161404
-161427
-161454
-161467
-161475
-161494
-161527
-161544
-161573
-161573
-161622
-161627
-161645
-161645
-161651
-161676
-161685
-161701
-161702
-161705
-161706
-161720
-161734
-161743
-161745
-161761
-161766
-161781
-161827
-161832
-161861
-161872
-161894
-161909
-161912
-161919
-161947
-161966
-161987
-162048
-162062
-162070
-162103
-162136
-162169
-162178
-162190
-162194
-162209
-162220
-162261
-162264
-162302
-162310
-162337
-162384
-162485
-162503
-162535
-162545
-162597
-162606
-162611
-162628
-162638
-162656
-162670
-162697
-162750
-162759
-162777
-162784
-162802
-162843
-162864
-162867
-162912
-162928
-162934
-162939
-162949
-162962
-162975
-162980
-162982
-162990
-163009
-163009
-163025
-163034
-163035
-163048
-163053
-163066
-163067
-163096
-163226
-163230
-163249
-163269
-163290
-163294
-163315
-163353
-163385
-163399
-163478
-163506
-163508
-163521
-163534
-163542
-163551
-163554
-163559
-163565
-163566
-163567
-163597
-163599
-163601
-163614
-163617
-163630
-163644
-163649
-163650
-163677
-163695
-163712
-163728
-163755
-163755
-163756
-163761
-163768
-163772
-163782
-163814
-163840
-163853
-163877
-163887
-163918
-163937
-163966
-164004
-164014
-164017
-164049
-164049
-164066
-164107
-164165
-164189
-164205
-164250
-164252
-164285
-164297
-164341
-164353
-164370
-164388
-164400
-164419
-164423
-164468
-164477
-164504
-164558
-164571
-164600
-164608
-164611
-164617
-164624
-164629
-164630
-164687
-164723
-164733
-164734
-164746
-164766
-164786
-164797
-164804
-164817
-164886
-164902
-164908
-164917
-164931
-164940
-164942
-164955
-165008
-165021
-165034
-165053
-165055
-165063
-165075
-165123
-165137
-165198
-165232
-165232
-165237
-165259
-165261
-165299
-165309
-165310
-165322
-165333
-165335
-165347
-165350
-165371
-165375
-165387
-165389
-165417
-165418
-165443
-165451
-165451
-165468
-165484
-165492
-165493
-165516
-165529
-165556
-165592
-165619
-165624
-165627
-165632
-165653
-165680
-165696
-165701
-165711
-165771
-165797
-165798
-165807
-165819
-165823
-165826
-165863
-165874
-165899
-165904
-165910
-165946
-165958
-165961
-165972
-166008
-166018
-166020
-166031
-166062
-166064
-166068
-166073
-166085
-166150
-166174
-166259
-166263
-166269
-166276
-166283
-166317
-166339
-166367
-166368
-166391
-166397
-166418
-166433
-166523
-166526
-166548
-166577
-166582
-166607
-166629
-166654
-166657
-166723
-166723
-166734
-166764
-166811
-166833
-166834
-166842
-166844
-166847
-166874
-166888
-166913
-166920
-166921
-166970
-166983
-166989
-166996
-167005
-167048
-167084
-167110
-167116
-167173
-167186
-167205
-167224
-167237
-167257
-167266
-167273
-167315
-167320
-167353
-167357
-167364
-167367
-167411
-167425
-167436
-167447
-167452
-167454
-167485
-167512
-167538
-167547
-167561
-167570
-167591
-167600
-167629
-167705
-167728
-167733
-167739
-167764
-167769
-167788
-167798
-167800
-167814
-167847
-167864
-167881
-167908
-167939
-167951
-167966
-168003
-168013
-168018
-168025
-168038
-168038
-168039
-168045
-168049
-168077
-168085
-168094
-168101
-168102
-168176
-168200
-168215
-168249
-168253
-168302
-168314
-168380
-168402
-168404
-168412
-168412
-168414
-168415
-168424
-168440
-168459
-168459
-168461
-168522
-168524
-168607
-168625
-168630
-168642
-168661
-168683
-168685
-168764
-168796
-168812
-168815
-168824
-168830
-168838
-168877
-168905
-168906
-168928
-168978
-168979
-168986
-169001
-169004
-169070
-169120
-169168
-169173
-169197
-169250
-169299
-169353
-169389
-169438
-169455
-169465
-169481
-169491
-169497
-169508
-169517
-169523
-169608
-169609
-169706
-169708
-169715
-169722
-169735
-169783
-169846
-169886
-169906
-169915
-169923
-169927
-169936
-169949
-169988
-169993
-169998
-170009
-170071
-170087
-170090
-170125
-170138
-170157
-170163
-170194
-170212
-170214
-170219
-170339
-170363
-170365
-170366
-170387
-170415
-170416
-170434
-170459
-170519
-170563
-170563
-170564
-170578
-170604
-170611
-170634
-170642
-170645
-170673
-170677
-170680
-170695
-170714
-170735
-170773
-170836
-170843
-170848
-170882
-170884
-170885
-170930
-170933
-170957
-170960
-170964
-170970
-171004
-171006
-171011
-171023
-171041
-171047
-171072
-171097
-171146
-171156
-171156
-171192
-171204
-171228
-171229
-171230
-171244
-171276
-171277
-171286
-171300
-171319
-171348
-171378
-171416
-171449
-171453
-171483
-171501
-171509
-171570
-171598
-171600
-171605
-171614
-171690
-171708
-171723
-171760
-171877
-171887
-171940
-171983
-171996
-172009
-172036
-172037
-172042
-172128
-172173
-172174
-172184
-172211
-172288
-172303
-172304
-172346
-172364
-172366
-172374
-172399
-172436
-172438
-172439
-172446
-172452
-172461
-172465
-172534
-172575
-172579
-172689
-172713
-172738
-172759
-172767
-172769
-172775
-172775
-172786
-172791
-172799
-172823
-172853
-172859
-172872
-172878
-172881
-172900
-172901
-172907
-172907
-172908
-172935
-172949
-172975
-172986
-172991
-173000
-173007
-173020
-173021
-173052
-173054
-173107
-173130
-173144
-173191
-173192
-173202
-173208
-173292
-173293
-173311
-173343
-173346
-173362
-173388
-173394
-173398
-173405
-173407
-173415
-173429
-173480
-173490
-173499
-173523
-173534
-173545
-173548
-173604
-173614
-173623
-173627
-173627
-173696
-173713
-173718
-173722
-173738
-173788
-173790
-173831
-173855
-173861
-173861
-173901
-173911
-173924
-173932
-173973
-173974
-173998
-174116
-174129
-174134
-174153
-174158
-174176
-174189
-174206
-174223
-174239
-174299
-174327
-174362
-174440
-174447
-174452
-174481
-174504
-174508
-174515
-174577
-174594
-174607
-174607
-174614
-174648
-174661
-174666
-174672
-174680
-174686
-174690
-174772
-174825
-174875
-174898
-174924
-174934
-174939
-174996
-175003
-175019
-175035
-175088
-175108
-175127
-175145
-175158
-175168
-175173
-175196
-175203
-175243
-175265
-175278
-175354
-175386
-175396
-175420
-175444
-175487
-175488
-175546
-175593
-175630
-175633
-175707
-175730
-175738
-175754
-175770
-175791
-175830
-175848
-175854
-175856
-175885
-175950
-175975
-175981
-176074
-176076
-176115
-176129
-176161
-176214
-176227
-176234
-176238
-176241
-176243
-176258
-176286
-176318
-176325
-176326
-176333
-176336
-176337
-176351
-176356
-176371
-176377
-176387
-176415
-176429
-176497
-176499
-176505
-176525
-176563
-176567
-176574
-176672
-176689
-176709
-176713
-176726
-176728
-176730
-176743
-176744
-176752
-176885
-176903
-176907
-176962
-176962
-176973
-176973
-177021
-177024
-177047
-177091
-177099
-177120
-177144
-177153
-177164
-177169
-177171
-177204
-177206
-177215
-177240
-177242
-177279
-177292
-177300
-177309
-177327
-177365
-177366
-177370
-177387
-177394
-177410
-177444
-177458
-177505
-177561
-177595
-177609
-177616
-177645
-177660
-177663
-177672
-177689
-177731
-177734
-177789
-177805
-177834
-177845
-177870
-177872
-177873
-177884
-177896
-177923
-177947
-177992
-178000
-178057
-178072
-178084
-178106
-178113
-178119
-178124
-178155
-178160
-178228
-178248
-178254
-178283
-178297
-178302
-178303
-178333
-178344
-178361
-178369
-178386
-178389
-178397
-178399
-178421
-178446
-178447
-178455
-178459
-178514
-178521
-178544
-178556
-178593
-178596
-178619
-178667
-178679
-178709
-178711
-178725
-178732
-178775
-178905
-178916
-178988
-178992
-178999
-179016
-179019
-179023
-179079
-179085
-179086
-179093
-179135
-179151
-179159
-179178
-179182
-179227
-179271
-179282
-179319
-179348
-179370
-179403
-179427
-179461
-179475
-179495
-179498
-179518
-179518
-179557
-179636
-179655
-179668
-179673
-179687
-179690
-179767
-179770
-179771
-179782
-179784
-179789
-179806
-179847
-179861
-179876
-179881
-179891
-179901
-179904
-179935
-179939
-179940
-179958
-179998
-180001
-180036
-180040
-180054
-180055
-180093
-180108
-180139
-180152
-180174
-180205
-180216
-180249
-180250
-180251
-180252
-180257
-180263
-180317
-180318
-180345
-180372
-180391
-180427
-180437
-180443
-180466
-180476
-180484
-180493
-180494
-180496
-180525
-180532
-180541
-180547
-180551
-180560
-180569
-180629
-180633
-180677
-180688
-180715
-180720
-180735
-180756
-180814
-180820
-180837
-180855
-180899
-180906
-180909
-180912
-180930
-180959
-180959
-180964
-180975
-181017
-181045
-181059
-181082
-181094
-181105
-181112
-181121
-181141
-181148
-181154
-181171
-181174
-181243
-181247
-181261
-181315
-181360
-181380
-181408
-181425
-181429
-181446
-181484
-181485
-181487
-181488
-181491
-181523
-181599
-181609
-181612
-181621
-181639
-181644
-181647
-181680
-181695
-181697
-181708
-181710
-181726
-181737
-181750
-181754
-181756
-181781
-181784
-181836
-181842
-181845
-181876
-181881
-181901
-181907
-181918
-181933
-181943
-181945
-181950
-181957
-182016
-182024
-182034
-182041
-182043
-182085
-182091
-182097
-182108
-182121
-182124
-182127
-182138
-182149
-182238
-182240
-182258
-182303
-182306
-182309
-182354
-182363
-182369
-182377
-182379
-182383
-182402
-182410
-182434
-182448
-182474
-182485
-182506
-182512
-182532
-182556
-182572
-182588
-182623
-182643
-182645
-182661
-182676
-182696
-182706
-182735
-182753
-182759
-182764
-182793
-182799
-182804
-182804
-182824
-182843
-182854
-182856
-182895
-182897
-182912
-182927
-182954
-183007
-183032
-183056
-183074
-183125
-183139
-183144
-183149
-183151
-183236
-183241
-183258
-183308
-183319
-183367
-183392
-183405
-183420
-183434
-183448
-183456
-183459
-183501
-183501
-183505
-183537
-183563
-183571
-183586
-183591
-183619
-183634
-183636
-183656
-183686
-183698
-183719
-183825
-183847
-183855
-183871
-183924
-183948
-184057
-184082
-184089
-184097
-184103
-184108
-184114
-184114
-184119
-184147
-184160
-184167
-184182
-184211
-184215
-184230
-184257
-184330
-184347
-184347
-184396
-184398
-184400
-184412
-184419
-184446
-184454
-184461
-184472
-184480
-184492
-184506
-184510
-184517
-184548
-184554
-184564
-184585
-184585
-184662
-184672
-184677
-184678
-184703
-184727
-184728
-184741
-184742
-184742
-184777
-184789
-184808
-184833
-184836
-184855
-184908
-184920
-184965
-185028
-185064
-185096
-185099
-185174
-185175
-185179
-185204
-185277
-185279
-185329
-185363
-185367
-185368
-185374
-185379
-185390
-185392
-185400
-185404
-185426
-185431
-185442
-185446
-185452
-185467
-185475
-185492
-185493
-185538
-185560
-185570
-185587
-185636
-185636
-185640
-185674
-185711
-185713
-185721
-185726
-185729
-185736
-185760
-185776
-185812
-185848
-185849
-185899
-185904
-185909
-185918
-185933
-185950
-185951
-185956
-185979
-185996
-185997
-186008
-186021
-186028
-186029
-186097
-186105
-186112
-186115
-186135
-186137
-186151
-186162
-186172
-186225
-186228
-186267
-186277
-186294
-186295
-186300
-186301
-186311
-186321
-186349
-186389
-186399
-186435
-186441
-186480
-186486
-186524
-186543
-186588
-186617
-186690
-186693
-186714
-186723
-186725
-186732
-186736
-186741
-186771
-186782
-186799
-186817
-186822
-186846
-186882
-186907
-186944
-186951
-186952
-186954
-186956
-186971
-186972
-186999
-187008
-187025
-187027
-187119
-187122
-187168
-187176
-187286
-187289
-187290
-187302
-187312
-187339
-187400
-187404
-187411
-187425
-187426
-187440
-187489
-187518
-187532
-187552
-187631
-187671
-187682
-187682
-187738
-187740
-187789
-187797
-187799
-187825
-187833
-187880
-187882
-187900
-187901
-187915
-187919
-187932
-187952
-187975
-187981
-187993
-187998
-188009
-188012
-188051
-188062
-188074
-188078
-188103
-188107
-188124
-188150
-188167
-188203
-188212
-188229
-188294
-188296
-188307
-188310
-188361
-188366
-188375
-188377
-188380
-188401
-188411
-188439
-188444
-188447
-188463
-188519
-188575
-188595
-188624
-188629
-188632
-188643
-188650
-188655
-188661
-188679
-188696
-188733
-188766
-188772
-188781
-188782
-188805
-188818
-188841
-188855
-188904
-188909
-188977
-188980
-189004
-189015
-189034
-189039
-189066
-189144
-189162
-189166
-189169
-189175
-189177
-189187
-189192
-189245
-189246
-189249
-189252
-189269
-189299
-189336
-189410
-189417
-189433
-189449
-189477
-189482
-189489
-189516
-189522
-189562
-189597
-189597
-189626
-189648
-189678
-189689
-189692
-189705
-189709
-189731
-189788
-189790
-189835
-189847
-189852
-189890
-189903
-189918
-189990
-190001
-190034
-190095
-190096
-190110
-190122
-190123
-190153
-190181
-190205
-190218
-190220
-190226
-190242
-190258
-190260
-190269
-190272
-190317
-190326
-190329
-190339
-190345
-190374
-190383
-190441
-190461
-190464
-190511
-190527
-190552
-190564
-190565
-190595
-190697
-190706
-190728
-190780
-190827
-190830
-190862
-190864
-190865
-190869
-190888
-190889
-190910
-190916
-190932
-190942
-190962
-190972
-191038
-191075
-191079
-191093
-191095
-191151
-191190
-191204
-191219
-191252
-191256
-191257
-191276
-191292
-191306
-191323
-191330
-191365
-191365
-191377
-191382
-191385
-191409
-191421
-191492
-191497
-191498
-191518
-191538
-191563
-191594
-191617
-191647
-191650
-191655
-191659
-191752
-191783
-191784
-191786
-191844
-191876
-191876
-191897
-191953
-191956
-191988
-192001
-192010
-192029
-192054
-192073
-192076
-192077
-192116
-192120
-192160
-192166
-192175
-192227
-192232
-192235
-192256
-192270
-192301
-192320
-192325
-192379
-192388
-192423
-192444
-192484
-192509
-192521
-192531
-192537
-192559
-192567
-192622
-192628
-192643
-192678
-192684
-192692
-192705
-192722
-192735
-192741
-192756
-192761
-192784
-192816
-192840
-192886
-192888
-192956
-192960
-192963
-192968
-192976
-192987
-193005
-193014
-193016
-193031
-193084
-193088
-193128
-193134
-193153
-193171
-193172
-193199
-193212
-193231
-193259
-193264
-193270
-193273
-193276
-193285
-193297
-193335
-193341
-193347
-193387
-193393
-193412
-193413
-193425
-193447
-193449
-193464
-193478
-193511
-193519
-193527
-193541
-193581
-193628
-193633
-193642
-193648
-193650
-193666
-193675
-193676
-193686
-193688
-193695
-193706
-193728
-193782
-193789
-193850
-193877
-193886
-193906
-193923
-193943
-193943
-193950
-193956
-193987
-194000
-194018
-194055
-194077
-194095
-194115
-194135
-194144
-194180
-194216
-194227
-194238
-194267
-194285
-194287
-194308
-194318
-194347
-194358
-194378
-194379
-194407
-194433
-194450
-194476
-194490
-194522
-194523
-194563
-194578
-194610
-194620
-194625
-194651
-194675
-194681
-194728
-194751
-194788
-194805
-194826
-194865
-194869
-194873
-194887
-194908
-194908
-194914
-194932
-194944
-194974
-195013
-195021
-195049
-195065
-195079
-195092
-195094
-195100
-195107
-195114
-195156
-195193
-195230
-195266
-195276
-195278
-195296
-195302
-195308
-195318
-195365
-195382
-195410
-195424
-195443
-195482
-195496
-195512
-195549
-195565
-195588
-195590
-195595
-195603
-195607
-195617
-195627
-195693
-195700
-195710
-195746
-195776
-195807
-195813
-195820
-195846
-195850
-195862
-195903
-195905
-195906
-195981
-196014
-196029
-196056
-196057
-196069
-196088
-196089
-196095
-196109
-196122
-196126
-196177
-196187
-196195
-196209
-196246
-196254
-196258
-196270
-196279
-196284
-196296
-196335
-196367
-196375
-196385
-196402
-196422
-196451
-196464
-196480
-196562
-196631
-196661
-196718
-196728
-196744
-196754
-196784
-196792
-196894
-196899
-196957
-197001
-197062
-197086
-197102
-197126
-197126
-197184
-197193
-197258
-197274
-197316
-197404
-197435
-197437
-197459
-197470
-197518
-197533
-197575
-197577
-197584
-197598
-197680
-197682
-197683
-197692
-197702
-197727
-197728
-197802
-197810
-197823
-197835
-197837
-197852
-197853
-197867
-197867
-197873
-197895
-197928
-197929
-197937
-197976
-197987
-198097
-198097
-198106
-198115
-198132
-198153
-198178
-198180
-198180
-198187
-198191
-198193
-198194
-198195
-198211
-198249
-198305
-198338
-198361
-198385
-198390
-198410
-198410
-198422
-198422
-198430
-198470
-198482
-198490
-198490
-198512
-198553
-198586
-198601
-198618
-198703
-198725
-198740
-198765
-198828
-198828
-198864
-198887
-198891
-198894
-198907
-198934
-198945
-198989
-198993
-198994
-199017
-199025
-199032
-199105
-199114
-199130
-199133
-199140
-199174
-199180
-199207
-199214
-199237
-199242
-199254
-199311
-199343
-199348
-199353
-199367
-199447
-199451
-199477
-199478
-199559
-199560
-199579
-199595
-199603
-199608
-199608
-199611
-199644
-199654
-199655
-199659
-199684
-199690
-199698
-199701
-199715
-199790
-199792
-199809
-199869
-199871
-199909
-199930
-199941
-199942
-199943
-199943
-199948
-199967
-199996
-200016
-200022
-200040
-200045
-200048
-200049
-200057
-200060
-200073
-200164
-200183
-200195
-200207
-200213
-200214
-200241
-200266
-200270
-200281
-200302
-200316
-200345
-200359
-200403
-200424
-200548
-200577
-200580
-200599
-200601
-200602
-200635
-200640
-200650
-200656
-200672
-200717
-200749
-200764
-200773
-200793
-200798
-200804
-200810
-200832
-200862
-200867
-200874
-200885
-200900
-200932
-200960
-200983
-201058
-201104
-201122
-201135
-201137
-201148
-201224
-201226
-201251
-201258
-201265
-201274
-201274
-201277
-201281
-201292
-201301
-201304
-201348
-201417
-201432
-201452
-201454
-201476
-201486
-201543
-201570
-201571
-201589
-201597
-201618
-201654
-201655
-201716
-201759
-201769
-201775
-201805
-201898
-201904
-201942
-201944
-201946
-202007
-202048
-202061
-202070
-202112
-202188
-202205
-202209
-202217
-202227
-202231
-202278
-202291
-202307
-202339
-202416
-202443
-202449
-202457
-202469
-202497
-202516
-202522
-202603
-202625
-202629
-202633
-202643
-202660
-202661
-202700
-202707
-202722
-202732
-202740
-202746
-202783
-202797
-202805
-202838
-202840
-202858
-202927
-202954
-202958
-203112
-203120
-203131
-203140
-203153
-203171
-203176
-203181
-203194
-203208
-203245
-203262
-203342
-203397
-203420
-203431
-203449
-203460
-203484
-203496
-203503
-203510
-203517
-203525
-203526
-203549
-203581
-203607
-203619
-203630
-203652
-203687
-203694
-203711
-203746
-203747
-203758
-203767
-203789
-203821
-203838
-203868
-203874
-203890
-203910
-203916
-203924
-203928
-203966
-203992
-204001
-204017
-204039
-204056
-204057
-204060
-204085
-204122
-204129
-204136
-204180
-204189
-204264
-204275
-204310
-204323
-204330
-204341
-204403
-204431
-204437
-204465
-204497
-204500
-204504
-204550
-204557
-204584
-204587
-204611
-204614
-204625
-204634
-204639
-204642
-204780
-204818
-204828
-204879
-204909
-204963
-204989
-204989
-204996
-205030
-205053
-205058
-205073
-205104
-205134
-205135
-205141
-205178
-205187
-205208
-205249
-205257
-205259
-205286
-205288
-205305
-205308
-205328
-205359
-205359
-205366
-205366
-205409
-205412
-205418
-205425
-205444
-205450
-205460
-205506
-205508
-205512
-205527
-205540
-205570
-205572
-205584
-205585
-205589
-205629
-205730
-205733
-205735
-205753
-205769
-205782
-205789
-205798
-205800
-205816
-205831
-205860
-205883
-205912
-205912
-205930
-205932
-205978
-205981
-205986
-205987
-206032
-206049
-206049
-206105
-206121
-206133
-206144
-206145
-206185
-206190
-206193
-206249
-206259
-206260
-206301
-206346
-206394
-206402
-206464
-206523
-206533
-206569
-206576
-206595
-206627
-206642
-206659
-206659
-206670
-206713
-206715
-206718
-206728
-206729
-206735
-206750
-206755
-206817
-206866
-206887
-206926
-206929
-206954
-206972
-207001
-207003
-207046
-207079
-207082
-207131
-207189
-207217
-207221
-207222
-207283
-207318
-207356
-207357
-207363
-207396
-207433
-207437
-207465
-207468
-207468
-207485
-207491
-207567
-207574
-207588
-207597
-207602
-207607
-207658
-207685
-207700
-207716
-207734
-207742
-207774
-207781
-207819
-207827
-207870
-207878
-207888
-207944
-207988
-207998
-208000
-208000
-208011
-208041
-208054
-208120
-208144
-208162
-208190
-208247
-208274
-208289
-208315
-208334
-208338
-208365
-208368
-208391
-208393
-208400
-208411
-208412
-208497
-208523
-208564
-208574
-208621
-208628
-208630
-208660
-208669
-208684
-208689
-208699
-208714
-208716
-208729
-208756
-208765
-208794
-208803
-208822
-208827
-208848
-208905
-208918
-208946
-208960
-208970
-208991
-208998
-209025
-209025
-209066
-209066
-209164
-209174
-209200
-209205
-209275
-209275
-209289
-209318
-209369
-209373
-209429
-209457
-209495
-209505
-209524
-209531
-209534
-209550
-209559
-209564
-209566
-209598
-209625
-209632
-209653
-209654
-209662
-209676
-209721
-209729
-209765
-209774
-209787
-209831
-209863
-209879
-209880
-209893
-209894
-209896
-209898
-209922
-209944
-209948
-209955
-209979
-209982
-209986
-209997
-210008
-210038
-210059
-210062
-210074
-210078
-210102
-210109
-210113
-210128
-210147
-210181
-210200
-210226
-210244
-210249
-210268
-210306
-210309
-210340
-210372
-210460
-210467
-210530
-210556
-210575
-210579
-210579
-210587
-210617
-210656
-210657
-210666
-210680
-210682
-210790
-210840
-210854
-210877
-210881
-210934
-210958
-210961
-210973
-210988
-210997
-211008
-211017
-211038
-211042
-211043
-211053
-211053
-211158
-211174
-211232
-211242
-211286
-211291
-211324
-211327
-211346
-211409
-211416
-211431
-211487
-211493
-211511
-211526
-211538
-211616
-211631
-211635
-211691
-211705
-211727
-211729
-211733
-211774
-211793
-211809
-211811
-211820
-211858
-211867
-211868
-211875
-211876
-211879
-211890
-211907
-211923
-211972
-212013
-212024
-212086
-212097
-212136
-212141
-212182
-212261
-212265
-212267
-212283
-212292
-212292
-212305
-212407
-212427
-212458
-212460
-212468
-212483
-212496
-212509
-212517
-212518
-212562
-212592
-212632
-212656
-212704
-212719
-212736
-212758
-212759
-212760
-212778
-212780
-212792
-212835
-212893
-212900
-212924
-212986
-213014
-213022
-213046
-213124
-213147
-213168
-213234
-213238
-213246
-213266
-213278
-213289
-213311
-213368
-213409
-213419
-213424
-213440
-213454
-213474
-213483
-213491
-213495
-213510
-213541
-213548
-213551
-213558
-213574
-213583
-213640
-213648
-213675
-213696
-213698
-213714
-213718
-213726
-213769
-213783
-213839
-213855
-213860
-213935
-213940
-213976
-214031
-214085
-214122
-214131
-214194
-214236
-214251
-214280
-214311
-214348
-214365
-214381
-214381
-214401
-214403
-214404
-214405
-214438
-214478
-214496
-214511
-214527
-214527
-214528
-214547
-214566
-214583
-214587
-214664
-214668
-214736
-214767
-214769
-214783
-214848
-214904
-214917
-214935
-214953
-214953
-214985
-215011
-215044
-215065
-215081
-215108
-215117
-215133
-215177
-215188
-215204
-215264
-215271
-215282
-215287
-215326
-215327
-215342
-215355
-215378
-215405
-215406
-215412
-215418
-215432
-215434
-215450
-215519
-215525
-215526
-215532
-215540
-215580
-215585
-215607
-215620
-215640
-215651
-215733
-215743
-215745
-215798
-215814
-215819
-215820
-215829
-215870
-215878
-215882
-215908
-215919
-215967
-215996
-216004
-216029
-216073
-216082
-216091
-216100
-216121
-216135
-216151
-216162
-216164
-216177
-216208
-216219
-216226
-216238
-216244
-216251
-216261
-216270
-216288
-216308
-216311
-216319
-216346
-216350
-216380
-216383
-216385
-216392
-216393
-216424
-216426
-216429
-216434
-216444
-216448
-216494
-216498
-216498
-216503
-216525
-216527
-216531
-216560
-216576
-216583
-216589
-216590
-216594
-216595
-216610
-216635
-216654
-216666
-216699
-216709
-216723
-216763
-216777
-216837
-216848
-216942
-216952
-216970
-216971
-216974
-216985
-217030
-217031
-217046
-217127
-217149
-217165
-217168
-217179
-217219
-217260
-217306
-217356
-217359
-217366
-217379
-217402
-217431
-217553
-217580
-217610
-217620
-217630
-217635
-217642
-217660
-217668
-217696
-217741
-217749
-217750
-217761
-217778
-217782
-217812
-217818
-217821
-217848
-217854
-217919
-217932
-217954
-217959
-217969
-217976
-217983
-217984
-217987
-217993
-218025
-218040
-218045
-218063
-218078
-218092
-218111
-218212
-218214
-218219
-218245
-218261
-218269
-218302
-218315
-218334
-218337
-218362
-218379
-218400
-218415
-218471
-218578
-218584
-218590
-218606
-218626
-218628
-218638
-218640
-218691
-218694
-218718
-218733
-218752
-218763
-218800
-218846
-218851
-218962
-218992
-219000
-219076
-219154
-219167
-219175
-219194
-219195
-219199
-219214
-219219
-219243
-219262
-219267
-219275
-219280
-219285
-219356
-219365
-219383
-219430
-219432
-219439
-219483
-219506
-219515
-219528
-219551
-219560
-219619
-219622
-219628
-219630
-219638
-219644
-219739
-219740
-219823
-219874
-219884
-219885
-219905
-219907
-219924
-219932
-219945
-219958
-220012
-220055
-220084
-220094
-220106
-220155
-220196
-220253
-220259
-220338
-220340
-220342
-220348
-220351
-220368
-220377
-220385
-220386
-220399
-220420
-220428
-220432
-220435
-220439
-220451
-220470
-220513
-220522
-220548
-220549
-220587
-220623
-220634
-220655
-220663
-220666
-220676
-220682
-220697
-220698
-220708
-220711
-220737
-220755
-220806
-220819
-220826
-220831
-220848
-220855
-220904
-220922
-220959
-220982
-220985
-220992
-220994
-221000
-221030
-221045
-221053
-221056
-221104
-221111
-221127
-221145
-221154
-221162
-221172
-221180
-221187
-221197
-221227
-221231
-221265
-221280
-221288
-221304
-221316
-221400
-221424
-221495
-221514
-221526
-221563
-221586
-221595
-221638
-221645
-221654
-221707
-221738
-221825
-221828
-221836
-221853
-221858
-221934
-221953
-221964
-221973
-221980
-221990
-222012
-222014
-222057
-222061
-222073
-222103
-222124
-222164
-222178
-222196
-222238
-222292
-222296
-222341
-222351
-222375
-222412
-222488
-222509
-222518
-222573
-222608
-222616
-222624
-222680
-222684
-222709
-222735
-222743
-222743
-222753
-222761
-222773
-222781
-222806
-222835
-222898
-222900
-222912
-222957
-222976
-222979
-223001
-223007
-223029
-223045
-223055
-223072
-223130
-223135
-223136
-223139
-223143
-223171
-223183
-223206
-223239
-223269
-223314
-223318
-223330
-223332
-223348
-223355
-223381
-223384
-223396
-223422
-223529
-223532
-223537
-223548
-223563
-223577
-223607
-223664
-223669
-223687
-223693
-223722
-223764
-223774
-223777
-223819
-223825
-223848
-223895
-223915
-223974
-223998
-224000
-224024
-224038
-224060
-224082
-224094
-224105
-224118
-224120
-224144
-224233
-224242
-224259
-224275
-224295
-224303
-224316
-224326
-224336
-224341
-224379
-224380
-224390
-224410
-224427
-224478
-224483
-224514
-224520
-224572
-224587
-224613
-224630
-224655
-224671
-224674
-224746
-224797
-224841
-224881
-224904
-224907
-224907
-224939
-224943
-224953
-224963
-224970
-224977
-224990
-225000
-225028
-225034
-225176
-225198
-225199
-225201
-225222
-225241
-225261
-225261
-225274
-225280
-225307
-225309
-225309
-225327
-225337
-225345
-225352
-225392
-225394
-225398
-225452
-225458
-225475
-225482
-225513
-225535
-225585
-225593
-225594
-225609
-225638
-225641
-225644
-225649
-225650
-225651
-225660
-225665
-225696
-225712
-225717
-225723
-225753
-225784
-225797
-225820
-225829
-225831
-225832
-225911
-225927
-225938
-225978
-225983
-225999
-226033
-226041
-226054
-226060
-226062
-226072
-226074
-226084
-226125
-226134
-226141
-226155
-226156
-226176
-226183
-226197
-226223
-226227
-226265
-226270
-226270
-226315
-226320
-226338
-226342
-226346
-226365
-226391
-226435
-226449
-226455
-226466
-226474
-226501
-226593
-226604
-226617
-226623
-226663
-226670
-226679
-226681
-226719
-226789
-226826
-226866
-226880
-226959
-226973
-226981
-226990
-227065
-227110
-227119
-227122
-227122
-227131
-227135
-227140
-227175
-227184
-227186
-227187
-227221
-227234
-227245
-227250
-227267
-227279
-227286
-227287
-227294
-227304
-227381
-227385
-227397
-227398
-227461
-227464
-227468
-227471
-227508
-227525
-227550
-227572
-227574
-227607
-227664
-227721
-227734
-227773
-227793
-227819
-227833
-227845
-227901
-227978
-228006
-228031
-228060
-228073
-228089
-228165
-228174
-228224
-228247
-228260
-228261
-228269
-228322
-228330
-228333
-228360
-228369
-228382
-228385
-228405
-228428
-228482
-228492
-228539
-228543
-228552
-228591
-228622
-228647
-228687
-228703
-228707
-228727
-228729
-228759
-228763
-228783
-228823
-228830
-228846
-228851
-228853
-228861
-228870
-228896
-228925
-228934
-228981
-228993
-229045
-229059
-229068
-229088
-229097
-229116
-229137
-229153
-229155
-229173
-229264
-229329
-229333
-229339
-229346
-229357
-229381
-229400
-229406
-229438
-229458
-229568
-229582
-229628
-229679
-229685
-229690
-229698
-229731
-229746
-229764
-229770
-229776
-229781
-229793
-229804
-229812
-229819
-229840
-229869
-229913
-229915
-229950
-229969
-229995
-230007
-230041
-230077
-230085
-230089
-230123
-230181
-230189
-230193
-230202
-230214
-230248
-230263
-230273
-230284
-230287
-230291
-230321
-230325
-230333
-230365
-230380
-230401
-230413
-230453
-230471
-230489
-230542
-230600
-230632
-230660
-230662
-230703
-230713
-230720
-230721
-230744
-230758
-230769
-230772
-230781
-230787
-230798
-230804
-230814
-230825
-230828
-230832
-230851
-230854
-230867
-230873
-230884
-230940
-230963
-230985
-230995
-231026
-231030
-231039
-231047
-231069
-231088
-231107
-231116
-231122
-231125
-231133
-231168
-231263
-231286
-231310
-231320
-231345
-231425
-231427
-231462
-231463
-231474
-231520
-231524
-231539
-231575
-231603
-231613
-231650
-231697
-231700
-231703
-231715
-231717
-231719
-231730
-231887
-231900
-231905
-231905
-231912
-231948
-231984
-231995
-232008
-232010
-232073
-232151
-232162
-232169
-232216
-232226
-232238
-232240
-232266
-232281
-232282
-232283
-232284
-232321
-232328
-232374
-232380
-232430
-232477
-232529
-232545
-232575
-232612
-232612
-232655
-232663
-232673
-232678
-232697
-232705
-232777
-232783
-232804
-232850
-232851
-232881
-232887
-232981
-233008
-233022
-233035
-233038
-233101
-233115
-233182
-233184
-233197
-233203
-233221
-233222
-233240
-233276
-233299
-233348
-233357
-233398
-233418
-233422
-233434
-233437
-233485
-233490
-233501
-233513
-233522
-233525
-233538
-233546
-233557
-233563
-233563
-233583
-233605
-233655
-233668
-233683
-233691
-233696
-233707
-233723
-233727
-233731
-233750
-233758
-233770
-233787
-233791
-233792
-233827
-233827
-233875
-233935
-233945
-233965
-234003
-234043
-234045
-234061
-234070
-234083
-234091
-234131
-234133
-234135
-234160
-234173
-234194
-234196
-234211
-234232
-234237
-234238
-234259
-234260
-234283
-234319
-234334
-234388
-234388
-234393
-234427
-234474
-234493
-234519
-234534
-234572
-234582
-234593
-234639
-234651
-234669
-234719
-234720
-234779
-234807
-234815
-234860
-234865
-234913
-234917
-234925
-234930
-234932
-234944
-234961
-234966
-234975
-234976
-234991
-235011
-235015
-235043
-235111
-235125
-235142
-235180
-235194
-235205
-235213
-235370
-235383
-235395
-235413
-235449
-235457
-235459
-235471
-235482
-235496
-235539
-235570
-235579
-235595
-235596
-235596
-235606
-235615
-235626
-235632
-235649
-235676
-235685
-235752
-235786
-235809
-235828
-235849
-235877
-235879
-235899
-235899
-235900
-236001
-236047
-236055
-236070
-236080
-236083
-236088
-236141
-236160
-236216
-236221
-236253
-236300
-236330
-236377
-236386
-236394
-236428
-236444
-236456
-236457
-236465
-236479
-236500
-236507
-236536
-236542
-236553
-236569
-236577
-236581
-236588
-236614
-236624
-236631
-236653
-236696
-236698
-236713
-236736
-236756
-236764
-236770
-236774
-236777
-236790
-236796
-236896
-236971
-236980
-237018
-237034
-237051
-237074
-237088
-237094
-237116
-237123
-237126
-237164
-237194
-237295
-237349
-237357
-237402
-237562
-237566
-237568
-237569
-237617
-237639
-237661
-237689
-237695
-237723
-237740
-237750
-237752
-237763
-237765
-237778
-237877
-237895
-237922
-237924
-237936
-237955
-237993
-238002
-238009
-238013
-238041
-238043
-238055
-238057
-238059
-238074
-238085
-238087
-238125
-238132
-238139
-238221
-238226
-238234
-238243
-238283
-238290
-238305
-238327
-238380
-238415
-238462
-238484
-238508
-238509
-238563
-238578
-238607
-238624
-238632
-238653
-238656
-238687
-238720
-238737
-238741
-238763
-238773
-238816
-238819
-238874
-238883
-238899
-238916
-238921
-238950
-238951
-238955
-239001
-239001
-239003
-239039
-239042
-239042
-239047
-239114
-239129
-239134
-239152
-239155
-239161
-239166
-239181
-239197
-239210
-239238
-239251
-239270
-239280
-239280
-239328
-239346
-239396
-239404
-239412
-239486
-239493
-239509
-239551
-239617
-239643
-239647
-239651
-239776
-239794
-239807
-239820
-239832
-239909
-239915
-239944
-239945
-239965
-239970
-239973
-239988
-239994
-240042
-240073
-240077
-240082
-240139
-240152
-240186
-240218
-240222
-240232
-240243
-240262
-240286
-240299
-240314
-240381
-240390
-240447
-240448
-240502
-240547
-240559
-240651
-240666
-240686
-240694
-240724
-240732
-240753
-240774
-240780
-240781
-240797
-240847
-240863
-240890
-240899
-240921
-240967
-240974
-240990
-241017
-241048
-241082
-241091
-241120
-241136
-241148
-241154
-241157
-241159
-241161
-241169
-241217
-241226
-241227
-241231
-241238
-241239
-241245
-241256
-241259
-241287
-241288
-241347
-241354
-241371
-241417
-241426
-241433
-241441
-241445
-241449
-241452
-241459
-241525
-241533
-241542
-241545
-241617
-241690
-241697
-241721
-241732
-241790
-241823
-241828
-241831
-241841
-241845
-241848
-241896
-241942
-241944
-241946
-241958
-241984
-241988
-242010
-242011
-242016
-242036
-242052
-242124
-242133
-242135
-242172
-242177
-242239
-242246
-242252
-242253
-242280
-242300
-242311
-242317
-242323
-242337
-242353
-242377
-242379
-242386
-242443
-242459
-242465
-242489
-242516
-242524
-242546
-242568
-242587
-242592
-242614
-242678
-242684
-242708
-242728
-242730
-242744
-242748
-242750
-242755
-242764
-242864
-242901
-242907
-242955
-242960
-242961
-242975
-242977
-242992
-243014
-243016
-243026
-243027
-243028
-243031
-243041
-243047
-243089
-243114
-243123
-243167
-243208
-243215
-243245
-243276
-243326
-243346
-243351
-243360
-243361
-243400
-243455
-243499
-243523
-243527
-243549
-243563
-243570
-243579
-243579
-243597
-243605
-243608
-243609
-243678
-243703
-243713
-243742
-243769
-243827
-243835
-243889
-243893
-243897
-243907
-243914
-243934
-243945
-243967
-243982
-244028
-244051
-244052
-244073
-244108
-244117
-244123
-244138
-244181
-244223
-244230
-244266
-244331
-244363
-244393
-244409
-244414
-244440
-244440
-244498
-244533
-244553
-244585
-244586
-244598
-244624
-244642
-244651
-244659
-244716
-244733
-244741
-244746
-244766
-244777
-244785
-244815
-244829
-244850
-244864
-244864
-244881
-244886
-244916
-244917
-244941
-244981
-244989
-245002
-245012
-245021
-245052
-245057
-245076
-245078
-245091
-245123
-245166
-245170
-245172
-245190
-245210
-245212
-245218
-245219
-245244
-245264
-245274
-245302
-245320
-245348
-245365
-245369
-245403
-245479
-245487
-245500
-245540
-245544
-245599
-245652
-245736
-245737
-245741
-245755
-245788
-245815
-245832
-245834
-245839
-245860
-245865
-245893
-245898
-245900
-245925
-245930
-245944
-245947
-245947
-245958
-245974
-245979
-245998
-246009
-246025
-246042
-246055
-246059
-246065
-246069
-246071
-246072
-246124
-246125
-246137
-246138
-246152
-246168
-246185
-246194
-246227
-246233
-246236
-246247
-246291
-246298
-246320
-246338
-246359
-246379
-246395
-246410
-246420
-246431
-246436
-246453
-246454
-246483
-246484
-246491
-246515
-246525
-246570
-246574
-246612
-246618
-246652
-246659
-246673
-246677
-246691
-246695
-246697
-246747
-246759
-246781
-246783
-246784
-246787
-246797
-246812
-246824
-246831
-246847
-246872
-246898
-246899
-246938
-246978
-246983
-247003
-247016
-247030
-247038
-247063
-247083
-247093
-247094
-247124
-247165
-247188
-247205
-247222
-247251
-247273
-247310
-247317
-247333
-247369
-247391
-247416
-247453
-247455
-247457
-247497
-247506
-247507
-247539
-247554
-247560
-247575
-247580
-247602
-247630
-247648
-247651
-247656
-247662
-247672
-247690
-247723
-247739
-247759
-247790
-247796
-247824
-247842
-247901
-247923
-247948
-247954
-247977
-247992
-247995
-247999
-248003
-248009
-248025
-248027
-248040
-248042
-248047
-248066
-248137
-248139
-248151
-248169
-248187
-248232
-248370
-248398
-248443
-248445
-248446
-248452
-248456
-248485
-248500
-248585
-248593
-248594
-248610
-248613
-248639
-248661
-248724
-248758
-248795
-248829
-248832
-248845
-248854
-248869
-248883
-248888
-248890
-248919
-248931
-248973
-248976
-249016
-249019
-249030
-249040
-249070
-249110
-249112
-249123
-249159
-249164
-249165
-249216
-249236
-249238
-249263
-249281
-249303
-249315
-249355
-249363
-249364
-249370
-249372
-249402
-249422
-249424
-249452
-249462
-249471
-249495
-249496
-249497
-249538
-249544
-249547
-249592
-249618
-249627
-249659
-249743
-249751
-249758
-249776
-249811
-249814
-249837
-249873
-249884
-249898
-249906
-249914
-249921
-249952
-249953
-250063
-250074
-250075
-250086
-250087
-250109
-250124
-250136
-250223
-250225
-250270
-250284
-250334
-250343
-250359
-250365
-250365
-250371
-250412
-250437
-250456
-250464
-250474
-250516
-250557
-250561
-250561
-250595
-250596
-250598
-250631
-250636
-250649
-250654
-250663
-250686
-250694
-250698
-250699
-250709
-250737
-250738
-250755
-250761
-250786
-250802
-250805
-250838
-250841
-250852
-250852
-250865
-250929
-250950
-250950
-250952
-250983
-250990
-251023
-251067
-251071
-251078
-251102
-251128
-251139
-251176
-251184
-251213
-251225
-251274
-251314
-251319
-251326
-251366
-251380
-251402
-251418
-251429
-251450
-251465
-251496
-251538
-251544
-251594
-251638
-251639
-251694
-251704
-251739
-251740
-251745
-251796
-251801
-251839
-251876
-251901
-251922
-251928
-251936
-251937
-251939
-251953
-251955
-251964
-252062
-252095
-252102
-252116
-252117
-252132
-252171
-252221
-252231
-252236
-252251
-252274
-252299
-252299
-252337
-252347
-252366
-252405
-252422
-252473
-252511
-252513
-252518
-252538
-252604
-252633
-252652
-252682
-252690
-252697
-252700
-252728
-252745
-252745
-252750
-252751
-252756
-252855
-252878
-252911
-252942
-252976
-252978
-252992
-253017
-253025
-253056
-253079
-253081
-253084
-253134
-253151
-253151
-253162
-253163
-253166
-253209
-253211
-253226
-253226
-253230
-253252
-253253
-253279
-253288
-253336
-253340
-253340
-253359
-253363
-253365
-253395
-253398
-253434
-253436
-253442
-253477
-253480
-253541
-253547
-253548
-253562
-253567
-253572
-253578
-253586
-253588
-253597
-253602
-253614
-253617
-253622
-253636
-253643
-253647
-253648
-253717
-253719
-253723
-253754
-253788
-253793
-253808
-253840
-253873
-253883
-253892
-253907
-253946
-253975
-253996
-253997
-254011
-254018
-254019
-254038
-254042
-254060
-254062
-254064
-254069
-254071
-254082
-254092
-254152
-254193
-254251
-254289
-254297
-254298
-254315
-254318
-254356
-254401
-254425
-254431
-254437
-254444
-254445
-254469
-254475
-254476
-254484
-254488
-254507
-254533
-254557
-254565
-254576
-254606
-254623
-254627
-254683
-254684
-254798
-254808
-254817
-254877
-254916
-254948
-254973
-254978
-254983
-254987
-254991
-254991
-254993
-255008
-255033
-255037
-255041
-255042
-255050
-255063
-255096
-255104
-255105
-255137
-255144
-255151
-255196
-255197
-255228
-255245
-255298
-255311
-255323
-255330
-255337
-255373
-255448
-255451
-255455
-255476
-255494
-255532
-255534
-255599
-255609
-255614
-255637
-255668
-255688
-255711
-255714
-255719
-255728
-255741
-255752
-255754
-255766
-255780
-255802
-255825
-255826
-255863
-255882
-255887
-255930
-255969
-255972
-255986
-256037
-256053
-256058
-256063
-256070
-256087
-256091
-256106
-256110
-256113
-256125
-256129
-256129
-256144
-256165
-256209
-256257
-256264
-256266
-256267
-256269
-256277
-256305
-256358
-256366
-256385
-256398
-256408
-256419
-256442
-256447
-256469
-256470
-256514
-256515
-256527
-256552
-256561
-256582
-256645
-256649
-256656
-256675
-256699
-256701
-256746
-256802
-256813
-256822
-256833
-256839
-256846
-256849
-256886
-256887
-257036
-257049
-257052
-257083
-257085
-257129
-257133
-257143
-257172
-257189
-257202
-257207
-257217
-257258
-257273
-257289
-257293
-257334
-257346
-257352
-257386
-257391
-257417
-257436
-257442
-257463
-257480
-257486
-257507
-257512
-257526
-257583
-257620
-257655
-257683
-257733
-257764
-257774
-257787
-257790
-257808
-257812
-257825
-257834
-257837
-257903
-257921
-257933
-258015
-258021
-258056
-258062
-258098
-258115
-258134
-258149
-258174
-258176
-258185
-258191
-258204
-258205
-258236
-258262
-258291
-258297
-258347
-258384
-258398
-258417
-258419
-258447
-258454
-258459
-258477
-258482
-258507
-258514
-258517
-258524
-258570
-258615
-258695
-258698
-258713
-258726
-258790
-258791
-258804
-258907
-258923
-258925
-258942
-258943
-258957
-258961
-258969
-258975
-258986
-259069
-259070
-259088
-259138
-259151
-259154
-259175
-259190
-259201
-259215
-259258
-259271
-259281
-259290
-259365
-259395
-259425
-259429
-259436
-259445
-259475
-259556
-259566
-259608
-259612
-259620
-259633
-259638
-259640
-259654
-259656
-259663
-259669
-259688
-259704
-259768
-259802
-259804
-259843
-259845
-259856
-259871
-259885
-259888
-259911
-259929
-259932
-259946
-259965
-260016
-260020
-260071
-260075
-260092
-260096
-260100
-260109
-260157
-260161
-260197
-260209
-260218
-260230
-260236
-260263
-260267
-260282
-260333
-260348
-260357
-260375
-260386
-260416
-260421
-260428
-260441
-260460
-260491
-260512
-260534
-260546
-260558
-260611
-260612
-260643
-260662
-260678
-260705
-260779
-260811
-260852
-260858
-260874
-260911
-260923
-260925
-260977
-260984
-261035
-261052
-261092
-261126
-261146
-261152
-261165
-261171
-261172
-261172
-261200
-261210
-261214
-261235
-261265
-261269
-261297
-261327
-261331
-261347
-261352
-261378
-261422
-261451
-261490
-261538
-261541
-261542
-261574
-261577
-261589
-261615
-261632
-261641
-261651
-261669
-261672
-261681
-261684
-261711
-261761
-261770
-261775
-261800
-261813
-261823
-261881
-261906
-261909
-261936
-261938
-261971
-261972
-262062
-262068
-262093
-262104
-262127
-262135
-262153
-262194
-262230
-262290
-262311
-262313
-262325
-262337
-262349
-262384
-262404
-262472
-262477
-262488
-262490
-262534
-262561
-262562
-262564
-262601
-262604
-262632
-262655
-262684
-262687
-262687
-262715
-262770
-262823
-262835
-262864
-262879
-262928
-262935
-262953
-262962
-262967
-262975
-262975
-262997
-263017
-263057
-263104
-263106
-263106
-263139
-263192
-263206
-263221
-263222
-263224
-263272
-263314
-263316
-263336
-263344
-263385
-263402
-263416
-263445
-263510
-263540
-263595
-263618
-263622
-263639
-263648
-263649
-263657
-263712
-263739
-263749
-263757
-263783
-263792
-263809
-263842
-263848
-263848
-263862
-263892
-263982
-263985
-264004
-264064
-264073
-264095
-264162
-264164
-264178
-264208
-264212
-264212
-264231
-264237
-264264
-264282
-264297
-264326
-264328
-264349
-264367
-264412
-264412
-264448
-264460
-264469
-264472
-264493
-264541
-264603
-264608
-264624
-264625
-264638
-264651
-264663
-264682
-264691
-264701
-264721
-264722
-264754
-264765
-264781
-264795
-264795
-264801
-264809
-264921
-264923
-264943
-264985
-264999
-265002
-265005
-265021
-265036
-265048
-265056
-265066
-265069
-265076
-265077
-265080
-265081
-265081
-265089
-265106
-265111
-265115
-265181
-265201
-265233
-265236
-265328
-265367
-265407
-265410
-265422
-265473
-265485
-265522
-265522
-265530
-265561
-265590
-265593
-265613
-265613
-265623
-265644
-265667
-265685
-265736
-265738
-265748
-265752
-265782
-265792
-265807
-265817
-265840
-265844
-265863
-265863
-265900
-265912
-265915
-265927
-265955
-265970
-265999
-266008
-266035
-266049
-266066
-266093
-266094
-266120
-266183
-266240
-266267
-266269
-266282
-266286
-266303
-266321
-266322
-266347
-266396
-266406
-266421
-266435
-266475
-266475
-266480
-266501
-266540
-266569
-266618
-266661
-266682
-266706
-266738
-266738
-266813
-266840
-266842
-266880
-266944
-266962
-267013
-267027
-267034
-267063
-267079
-267100
-267105
-267114
-267158
-267168
-267179
-267185
-267211
-267211
-267234
-267252
-267259
-267273
-267286
-267290
-267321
-267349
-267375
-267384
-267414
-267437
-267472
-267486
-267491
-267513
-267532
-267540
-267549
-267562
-267570
-267576
-267579
-267603
-267615
-267636
-267637
-267682
-267698
-267698
-267715
-267730
-267739
-267766
-267768
-267818
-267838
-267840
-267880
-267883
-267918
-267921
-267953
-267993
-268060
-268097
-268115
-268132
-268146
-268196
-268237
-268280
-268304
-268307
-268333
-268348
-268383
-268389
-268408
-268423
-268434
-268442
-268463
-268497
-268507
-268516
-268517
-268519
-268589
-268597
-268602
-268617
-268630
-268644
-268663
-268695
-268723
-268732
-268740
-268772
-268783
-268792
-268796
-268804
-268815
-268822
-268827
-268919
-268928
-268940
-268973
-268978
-269039
-269118
-269131
-269134
-269143
-269162
-269173
-269180
-269181
-269204
-269216
-269217
-269248
-269262
-269263
-269272
-269367
-269368
-269398
-269426
-269434
-269480
-269493
-269496
-269503
-269550
-269559
-269566
-269594
-269599
-269623
-269699
-269700
-269714
-269740
-269770
-269801
-269846
-269855
-269874
-269877
-269883
-269894
-269936
-270003
-270027
-270032
-270057
-270061
-270083
-270093
-270096
-270114
-270130
-270136
-270161
-270202
-270208
-270219
-270222
-270229
-270251
-270267
-270269
-270288
-270312
-270318
-270325
-270360
-270406
-270451
-270470
-270482
-270510
-270535
-270560
-270574
-270597
-270605
-270613
-270616
-270664
-270668
-270673
-270682
-270699
-270703
-270727
-270761
-270788
-270795
-270796
-270806
-270824
-270876
-270901
-270901
-271008
-271023
-271051
-271097
-271100
-271127
-271160
-271172
-271208
-271213
-271265
-271297
-271297
-271374
-271396
-271398
-271403
-271422
-271441
-271452
-271454
-271491
-271511
-271526
-271544
-271548
-271551
-271594
-271594
-271599
-271626
-271627
-271645
-271650
-271686
-271699
-271706
-271711
-271755
-271817
-271851
-271877
-271901
-271916
-271924
-271930
-271966
-271982
-272044
-272063
-272170
-272228
-272241
-272245
-272252
-272264
-272267
-272270
-272277
-272303
-272312
-272327
-272338
-272366
-272390
-272433
-272451
-272467
-272471
-272495
-272500
-272536
-272595
-272606
-272612
-272632
-272639
-272650
-272663
-272670
-272671
-272714
-272726
-272791
-272810
-272836
-272853
-272871
-272901
-272938
-272973
-272979
-272982
-272988
-272994
-272998
-273022
-273055
-273059
-273125
-273128
-273135
-273206
-273216
-273259
-273321
-273381
-273426
-273441
-273448
-273457
-273474
-273475
-273481
-273487
-273489
-273491
-273519
-273536
-273556
-273561
-273564
-273592
-273604
-273614
-273622
-273627
-273671
-273696
-273732
-273746
-273747
-273763
-273843
-273893
-273898
-273898
-273916
-273922
-273932
-273933
-273947
-273957
-273957
-273989
-273990
-274011
-274021
-274051
-274078
-274108
-274110
-274131
-274164
-274165
-274191
-274199
-274199
-274228
-274243
-274288
-274307
-274398
-274419
-274439
-274505
-274514
-274541
-274561
-274574
-274637
-274643
-274683
-274745
-274745
-274759
-274771
-274797
-274804
-274805
-274810
-274816
-274831
-274845
-274858
-274865
-274871
-274899
-274923
-274934
-274957
-274975
-274994
-274997
-275005
-275014
-275054
-275059
-275120
-275134
-275150
-275172
-275173
-275178
-275186
-275197
-275206
-275241
-275252
-275273
-275318
-275329
-275353
-275359
-275372
-275420
-275457
-275469
-275525
-275536
-275537
-275548
-275550
-275626
-275705
-275711
-275714
-275754
-275756
-275768
-275787
-275788
-275851
-275859
-275889
-275897
-275905
-275915
-275921
-275937
-275959
-275962
-275967
-275984
-276040
-276065
-276082
-276135
-276161
-276161
-276189
-276243
-276255
-276257
-276268
-276282
-276327
-276356
-276370
-276405
-276419
-276424
-276448
-276462
-276474
-276507
-276507
-276523
-276560
-276561
-276602
-276612
-276633
-276640
-276643
-276649
-276674
-276686
-276703
-276732
-276766
-276806
-276860
-276887
-276902
-276905
-276912
-276924
-276925
-276935
-276940
-276940
-276958
-276972
-276973
-276998
-277002
-277004
-277034
-277111
-277112
-277134
-277143
-277185
-277221
-277241
-277255
-277292
-277308
-277337
-277343
-277378
-277417
-277508
-277508
-277524
-277545
-277558
-277607
-277619
-277624
-277627
-277670
-277679
-277696
-277698
-277698
-277712
-277757
-277768
-277786
-277815
-277822
-277842
-277845
-277875
-277901
-277962
-277983
-277985
-277997
-278032
-278035
-278057
-278063
-278075
-278243
-278281
-278328
-278360
-278363
-278370
-278402
-278421
-278447
-278512
-278543
-278549
-278555
-278601
-278607
-278612
-278626
-278642
-278690
-278723
-278725
-278742
-278744
-278756
-278760
-278770
-278783
-278796
-278797
-278803
-278959
-278999
-279004
-279036
-279036
-279044
-279075
-279092
-279111
-279136
-279141
-279219
-279245
-279309
-279315
-279356
-279370
-279408
-279422
-279478
-279517
-279536
-279565
-279611
-279639
-279645
-279675
-279686
-279689
-279712
-279722
-279779
-279803
-279843
-279880
-279932
-279936
-279941
-279944
-279961
-279975
-279992
-280015
-280041
-280046
-280048
-280073
-280096
-280099
-280106
-280166
-280171
-280214
-280233
-280270
-280272
-280307
-280344
-280344
-280364
-280370
-280388
-280395
-280397
-280428
-280454
-280466
-280476
-280545
-280563
-280583
-280585
-280619
-280620
-280621
-280625
-280660
-280673
-280710
-280818
-280859
-280895
-280943
-280950
-280955
-281036
-281037
-281073
-281096
-281137
-281208
-281224
-281295
-281298
-281302
-281308
-281319
-281322
-281323
-281332
-281340
-281391
-281436
-281440
-281442
-281445
-281445
-281462
-281516
-281531
-281538
-281577
-281583
-281624
-281641
-281654
-281672
-281683
-281698
-281725
-281726
-281755
-281757
-281764
-281787
-281809
-281826
-281829
-281840
-281884
-281905
-281917
-281943
-281947
-281979
-282026
-282044
-282070
-282082
-282097
-282103
-282107
-282107
-282112
-282115
-282186
-282188
-282276
-282318
-282323
-282342
-282351
-282366
-282382
-282416
-282487
-282525
-282540
-282573
-282638
-282641
-282660
-282668
-282685
-282701
-282709
-282712
-282745
-282750
-282750
-282799
-282823
-282833
-282835
-282875
-282887
-282903
-282914
-282916
-282944
-282997
-283025
-283041
-283057
-283079
-283083
-283106
-283123
-283196
-283208
-283228
-283228
-283231
-283269
-283291
-283328
-283356
-283388
-283398
-283445
-283464
-283467
-283497
-283498
-283527
-283605
-283613
-283654
-283656
-283658
-283678
-283705
-283710
-283712
-283717
-283733
-283737
-283742
-283782
-283794
-283816
-283841
-283881
-283909
-283931
-283954
-283975
-283985
-284037
-284068
-284087
-284113
-284122
-284127
-284159
-284184
-284204
-284243
-284247
-284249
-284252
-284253
-284291
-284314
-284314
-284321
-284338
-284340
-284379
-284402
-284403
-284405
-284416
-284421
-284425
-284439
-284476
-284502
-284509
-284543
-284592
-284595
-284612
-284639
-284695
-284697
-284715
-284718
-284719
-284720
-284736
-284760
-284769
-284777
-284784
-284785
-284808
-284848
-284862
-284871
-284889
-284893
-284907
-284931
-284964
-284984
-285010
-285039
-285111
-285113
-285128
-285142
-285172
-285180
-285189
-285210
-285248
-285254
-285258
-285260
-285312
-285324
-285333
-285339
-285343
-285350
-285375
-285385
-285412
-285413
-285427
-285430
-285526
-285534
-285562
-285569
-285579
-285603
-285665
-285668
-285748
-285758
-285773
-285775
-285786
-285787
-285815
-285864
-285884
-285916
-285931
-285975
-286035
-286146
-286159
-286186
-286208
-286235
-286262
-286282
-286285
-286302
-286351
-286370
-286375
-286385
-286427
-286428
-286431
-286431
-286435
-286481
-286503
-286519
-286527
-286549
-286550
-286554
-286560
-286563
-286586
-286601
-286601
-286615
-286621
-286670
-286702
-286708
-286769
-286832
-286871
-286941
-286966
-286973
-286975
-286988
-287042
-287061
-287077
-287105
-287118
-287183
-287203
-287203
-287211
-287214
-287230
-287244
-287257
-287315
-287317
-287318
-287340
-287345
-287372
-287373
-287374
-287405
-287406
-287437
-287457
-287485
-287491
-287522
-287548
-287556
-287586
-287596
-287643
-287657
-287671
-287741
-287759
-287769
-287788
-287795
-287820
-287847
-287891
-287892
-287911
-287934
-287945
-287946
-287959
-287985
-288006
-288017
-288020
-288044
-288058
-288060
-288060
-288096
-288144
-288189
-288189
-288224
-288227
-288251
-288259
-288314
-288353
-288358
-288390
-288410
-288442
-288501
-288501
-288525
-288570
-288615
-288636
-288655
-288668
-288690
-288694
-288737
-288738
-288740
-288755
-288764
-288828
-288899
-288917
-288919
-288939
-288947
-288949
-288959
-288988
-289012
-289034
-289035
-289164
-289189
-289219
-289228
-289237
-289302
-289398
-289422
-289448
-289452
-289467
-289523
-289530
-289550
-289603
-289619
-289634
-289660
-289668
-289707
-289740
-289752
-289757
-289767
-289793
-289876
-289879
-289938
-289939
-290006
-290013
-290014
-290074
-290092
-290102
-290183
-290212
-290237
-290247
-290276
-290291
-290292
-290302
-290317
-290327
-290341
-290349
-290368
-290377
-290390
-290410
-290412
-290432
-290443
-290449
-290467
-290468
-290510
-290569
-290571
-290594
-290599
-290696
-290734
-290800
-290859
-290944
-290953
-291004
-291049
-291051
-291051
-291092
-291105
-291125
-291127
-291136
-291138
-291140
-291150
-291169
-291183
-291211
-291230
-291294
-291322
-291328
-291338
-291355
-291361
-291411
-291443
-291447
-291450
-291461
-291471
-291487
-291539
-291541
-291541
-291554
-291600
-291625
-291643
-291643
-291663
-291680
-291699
-291724
-291762
-291778
-291801
-291803
-291833
-291848
-291860
-291884
-291957
-291970
-292074
-292079
-292091
-292094
-292102
-292142
-292154
-292156
-292174
-292176
-292186
-292231
-292279
-292289
-292307
-292315
-292330
-292375
-292387
-292388
-292391
-292408
-292417
-292429
-292445
-292452
-292485
-292501
-292508
-292512
-292516
-292520
-292530
-292534
-292615
-292651
-292653
-292676
-292705
-292712
-292721
-292733
-292748
-292760
-292772
-292783
-292784
-292832
-292837
-292854
-292907
-292907
-292909
-292947
-292969
-293007
-293018
-293048
-293125
-293136
-293189
-293201
-293206
-293223
-293248
-293264
-293272
-293295
-293314
-293314
-293316
-293327
-293380
-293409
-293432
-293469
-293494
-293503
-293519
-293526
-293543
-293566
-293589
-293634
-293637
-293638
-293651
-293711
-293717
-293732
-293737
-293752
-293785
-293787
-293815
-293835
-293862
-293906
-293936
-293959
-293973
-293981
-293993
-293995
-293995
-294027
-294088
-294094
-294128
-294138
-294153
-294165
-294165
-294167
-294177
-294251
-294291
-294304
-294309
-294320
-294332
-294377
-294391
-294428
-294462
-294539
-294542
-294547
-294579
-294593
-294598
-294602
-294632
-294647
-294649
-294654
-294694
-294694
-294709
-294713
-294786
-294808
-294812
-294827
-294830
-294845
-294857
-294861
-294877
-294883
-294889
-294906
-294935
-294978
-294982
-294983
-295025
-295026
-295047
-295055
-295090
-295107
-295120
-295144
-295150
-295174
-295177
-295185
-295188
-295218
-295242
-295269
-295310
-295320
-295375
-295395
-295418
-295422
-295423
-295473
-295480
-295485
-295530
-295545
-295593
-295597
-295651
-295664
-295687
-295735
-295769
-295772
-295785
-295819
-295901
-295928
-295942
-295969
-295983
-295990
-296000
-296018
-296056
-296071
-296091
-296094
-296134
-296141
-296158
-296163
-296180
-296183
-296215
-296224
-296231
-296233
-296235
-296244
-296266
-296272
-296282
-296284
-296301
-296305
-296317
-296335
-296376
-296433
-296502
-296503
-296505
-296528
-296539
-296543
-296543
-296548
-296549
-296557
-296602
-296639
-296640
-296657
-296723
-296741
-296744
-296838
-296866
-296872
-296878
-296907
-296909
-296913
-296914
-296919
-296949
-296954
-296960
-296961
-296966
-296973
-296990
-297068
-297086
-297096
-297102
-297197
-297210
-297265
-297290
-297304
-297342
-297346
-297356
-297381
-297397
-297447
-297462
-297469
-297507
-297521
-297525
-297532
-297544
-297553
-297566
-297568
-297570
-297577
-297657
-297677
-297692
-297703
-297725
-297745
-297754
-297779
-297791
-297792
-297835
-297843
-297844
-297862
-297870
-297899
-297912
-297921
-297935
-297945
-297962
-297964
-297979
-297990
-297995
-298037
-298042
-298055
-298064
-298075
-298080
-298101
-298119
-298119
-298178
-298185
-298212
-298237
-298257
-298279
-298283
-298312
-298313
-298341
-298357
-298377
-298384
-298432
-298449
-298455
-298504
-298563
-298610
-298624
-298657
-298709
-298716
-298728
-298753
-298757
-298812
-298884
-298894
-298899
-298921
-298963
-298975
-298977
-298980
-299032
-299085
-299105
-299108
-299154
-299168
-299176
-299178
-299202
-299213
-299222
-299239
-299252
-299253
-299269
-299375
-299387
-299395
-299409
-299436
-299459
-299466
-299476
-299536
-299543
-299565
-299579
-299593
-299615
-299633
-299692
-299695
-299696
-299722
-299725
-299736
-299738
-299773
-299814
-299814
-299838
-299890
-299893
-299902
-299914
-299942
-299961
-299993
-300002
-300008
-300025
-300047
-300063
-300076
-300078
-300104
-300121
-300122
-300134
-300206
-300371
-300383
-300393
-300394
-300406
-300411
-300471
-300502
-300538
-300576
-300582
-300582
-300583
-300633
-300638
-300640
-300655
-300679
-300688
-300714
-300714
-300714
-300744
-300753
-300759
-300768
-300788
-300855
-300867
-300879
-300887
-300913
-300927
-300939
-300940
-300954
-300968
-300972
-301041
-301056
-301070
-301089
-301130
-301180
-301195
-301225
-301315
-301332
-301356
-301387
-301389
-301393
-301445
-301446
-301461
-301485
-301491
-301492
-301571
-301591
-301630
-301656
-301659
-301695
-301698
-301702
-301722
-301749
-301774
-301795
-301801
-301802
-301802
-301825
-301862
-301873
-301877
-301879
-301891
-301930
-301933
-301971
-301978
-301993
-301994
-302075
-302080
-302103
-302117
-302121
-302137
-302142
-302154
-302155
-302176
-302180
-302183
-302185
-302186
-302212
-302215
-302216
-302249
-302277
-302282
-302283
-302306
-302359
-302408
-302441
-302460
-302487
-302506
-302528
-302536
-302547
-302556
-302576
-302576
-302603
-302612
-302627
-302654
-302659
-302668
-302692
-302705
-302746
-302758
-302782
-302811
-302814
-302868
-302884
-302885
-302888
-302921
-302926
-302934
-302940
-302995
-303012
-303013
-303026
-303082
-303100
-303110
-303112
-303128
-303144
-303151
-303158
-303166
-303184
-303192
-303231
-303240
-303243
-303276
-303293
-303312
-303317
-303323
-303342
-303387
-303392
-303393
-303398
-303402
-303410
-303423
-303478
-303489
-303519
-303521
-303527
-303544
-303551
-303555
-303559
-303614
-303659
-303659
-303677
-303691
-303711
-303727
-303731
-303740
-303743
-303748
-303795
-303805
-303810
-303848
-303871
-303890
-303921
-303922
-303979
-303979
-303979
-303993
-304099
-304115
-304127
-304154
-304163
-304165
-304174
-304178
-304188
-304227
-304262
-304265
-304277
-304277
-304283
-304299
-304348
-304389
-304391
-304420
-304426
-304442
-304450
-304476
-304507
-304510
-304516
-304540
-304604
-304644
-304646
-304740
-304761
-304762
-304791
-304793
-304794
-304836
-304887
-304890
-304893
-304953
-304976
-304982
-305005
-305034
-305059
-305068
-305093
-305102
-305133
-305156
-305184
-305228
-305234
-305237
-305272
-305315
-305327
-305328
-305340
-305344
-305355
-305366
-305368
-305370
-305370
-305378
-305379
-305403
-305407
-305424
-305433
-305436
-305451
-305463
-305471
-305477
-305552
-305619
-305632
-305638
-305646
-305654
-305667
-305672
-305672
-305699
-305708
-305825
-305868
-305878
-305911
-305953
-305981
-305989
-305989
-306002
-306030
-306040
-306043
-306083
-306126
-306137
-306178
-306193
-306199
-306238
-306240
-306247
-306251
-306265
-306291
-306307
-306355
-306377
-306389
-306420
-306422
-306424
-306454
-306478
-306527
-306537
-306598
-306636
-306698
-306716
-306725
-306784
-306801
-306841
-306846
-306852
-306886
-306889
-306890
-306902
-306946
-306990
-307001
-307037
-307037
-307043
-307046
-307056
-307067
-307085
-307118
-307132
-307178
-307186
-307245
-307255
-307272
-307303
-307304
-307319
-307320
-307358
-307359
-307374
-307451
-307462
-307496
-307503
-307593
-307627
-307651
-307665
-307682
-307725
-307752
-307803
-307891
-307896
-307904
-307932
-307962
-307976
-308015
-308070
-308087
-308109
-308109
-308111
-308133
-308171
-308184
-308194
-308219
-308263
-308271
-308314
-308335
-308344
-308403
-308415
-308422
-308438
-308460
-308484
-308552
-308563
-308619
-308631
-308676
-308721
-308760
-308765
-308766
-308768
-308769
-308802
-308814
-308857
-308862
-308872
-308872
-308889
-308898
-308915
-308968
-308980
-308981
-308983
-308984
-308991
-309001
-309053
-309056
-309068
-309109
-309145
-309145
-309189
-309198
-309200
-309202
-309204
-309239
-309242
-309268
-309314
-309335
-309338
-309363
-309392
-309424
-309446
-309456
-309479
-309481
-309494
-309511
-309521
-309589
-309600
-309617
-309668
-309690
-309697
-309700
-309710
-309748
-309751
-309788
-309845
-309860
-309867
-309879
-309892
-310007
-310016
-310022
-310027
-310032
-310035
-310050
-310052
-310075
-310095
-310098
-310172
-310178
-310204
-310209
-310211
-310217
-310232
-310258
-310269
-310275
-310287
-310298
-310307
-310323
-310335
-310365
-310412
-310428
-310448
-310463
-310520
-310551
-310561
-310581
-310596
-310602
-310623
-310658
-310665
-310679
-310706
-310710
-310745
-310749
-310791
-310794
-310810
-310810
-310823
-310839
-310847
-310884
-310950
-310957
-310958
-310973
-310999
-311025
-311029
-311038
-311042
-311056
-311118
-311137
-311150
-311178
-311198
-311228
-311231
-311248
-311253
-311258
-311290
-311301
-311346
-311367
-311385
-311400
-311464
-311470
-311488
-311496
-311511
-311587
-311592
-311614
-311615
-311624
-311635
-311652
-311689
-311706
-311708
-311754
-311767
-311775
-311778
-311784
-311831
-311836
-311878
-311894
-311899
-311906
-311927
-311943
-311972
-311978
-311986
-311993
-312028
-312049
-312063
-312100
-312114
-312117
-312125
-312138
-312150
-312175
-312186
-312221
-312239
-312242
-312248
-312248
-312259
-312265
-312285
-312296
-312296
-312301
-312315
-312355
-312388
-312410
-312412
-312473
-312486
-312496
-312506
-312510
-312514
-312516
-312550
-312554
-312572
-312577
-312579
-312583
-312633
-312661
-312675
-312680
-312703
-312737
-312740
-312813
-312882
-312907
-312907
-312909
-312914
-312952
-312979
-313072
-313119
-313127
-313130
-313161
-313164
-313170
-313188
-313236
-313240
-313243
-313258
-313263
-313291
-313298
-313332
-313338
-313345
-313353
-313360
-313418
-313419
-313419
-313446
-313449
-313455
-313461
-313469
-313521
-313526
-313551
-313566
-313606
-313639
-313640
-313663
-313669
-313709
-313724
-313724
-313726
-313728
-313740
-313773
-313776
-313823
-313836
-313859
-313874
-313895
-313951
-313983
-313989
-314018
-314028
-314044
-314056
-314082
-314103
-314119
-314158
-314187
-314200
-314216
-314235
-314248
-314291
-314358
-314366
-314382
-314385
-314402
-314434
-314486
-314498
-314523
-314537
-314568
-314583
-314610
-314611
-314616
-314671
-314693
-314693
-314714
-314724
-314730
-314732
-314792
-314795
-314804
-314806
-314809
-314829
-314834
-314864
-314887
-314889
-314892
-314937
-314955
-314970
-315030
-315102
-315205
-315216
-315219
-315252
-315261
-315310
-315347
-315386
-315398
-315401
-315407
-315431
-315432
-315465
-315484
-315533
-315560
-315562
-315612
-315628
-315632
-315654
-315656
-315734
-315742
-315758
-315768
-315775
-315786
-315818
-315860
-315889
-315904
-315915
-315935
-315940
-315944
-315944
-315969
-315972
-315984
-315991
-315993
-315993
-316001
-316008
-316116
-316118
-316126
-316141
-316166
-316193
-316287
-316293
-316295
-316309
-316311
-316320
-316344
-316358
-316381
-316386
-316398
-316445
-316460
-316461
-316587
-316630
-316632
-316653
-316657
-316662
-316687
-316769
-316789
-316811
-316815
-316823
-316834
-316881
-316889
-316918
-316926
-316959
-316996
-317015
-317027
-317071
-317076
-317080
-317083
-317099
-317100
-317151
-317169
-317184
-317190
-317231
-317258
-317258
-317273
-317291
-317321
-317322
-317326
-317343
-317366
-317392
-317420
-317434
-317441
-317479
-317520
-317536
-317555
-317560
-317594
-317603
-317603
-317616
-317661
-317684
-317694
-317699
-317716
-317726
-317741
-317777
-317789
-317790
-317866
-317883
-317901
-317907
-317926
-317928
-317953
-317968
-317977
-317981
-318006
-318024
-318069
-318088
-318114
-318139
-318151
-318152
-318153
-318162
-318165
-318207
-318210
-318224
-318240
-318246
-318258
-318273
-318299
-318303
-318305
-318312
-318326
-318345
-318375
-318383
-318388
-318392
-318465
-318477
-318485
-318487
-318517
-318557
-318577
-318591
-318614
-318631
-318661
-318684
-318726
-318792
-318807
-318830
-318849
-318908
-318931
-318937
-318955
-318957
-318978
-318987
-319042
-319057
-319076
-319080
-319085
-319101
-319110
-319116
-319127
-319145
-319295
-319321
-319361
-319374
-319396
-319453
-319455
-319505
-319529
-319542
-319544
-319552
-319575
-319601
-319619
-319642
-319643
-319666
-319676
-319686
-319697
-319703
-319729
-319738
-319839
-319840
-319853
-319866
-319882
-319886
-319899
-319912
-319914
-319939
-319950
-319961
-319983
-319992
-320000
-320007
-320007
-320011
-320071
-320080
-320086
-320098
-320104
-320109
-320123
-320157
-320202
-320204
-320205
-320210
-320244
-320259
-320269
-320281
-320312
-320317
-320320
-320343
-320347
-320386
-320406
-320454
-320530
-320598
-320600
-320637
-320649
-320663
-320678
-320682
-320694
-320704
-320719
-320736
-320737
-320758
-320758
-320760
-320767
-320791
-320797
-320805
-320807
-320820
-320869
-320873
-320926
-320958
-320967
-320991
-321034
-321097
-321113
-321118
-321119
-321166
-321180
-321205
-321223
-321225
-321228
-321240
-321247
-321258
-321259
-321283
-321301
-321305
-321330
-321335
-321341
-321349
-321371
-321372
-321380
-321397
-321400
-321439
-321440
-321443
-321480
-321516
-321546
-321547
-321549
-321587
-321593
-321647
-321687
-321708
-321718
-321721
-321732
-321732
-321733
-321831
-321835
-321844
-321855
-321862
-321876
-321885
-321924
-321941
-321947
-321996
-322059
-322060
-322074
-322084
-322086
-322104
-322121
-322128
-322152
-322224
-322239
-322246
-322248
-322291
-322303
-322305
-322328
-322329
-322344
-322362
-322378
-322429
-322502
-322546
-322549
-322612
-322619
-322625
-322666
-322666
-322697
-322699
-322723
-322738
-322756
-322761
-322762
-322769
-322806
-322812
-322821
-322823
-322840
-322869
-322908
-322973
-322976
-322983
-323024
-323078
-323118
-323125
-323160
-323181
-323183
-323220
-323246
-323261
-323264
-323295
-323323
-323326
-323334
-323341
-323406
-323414
-323470
-323533
-323543
-323564
-323577
-323636
-323649
-323650
-323652
-323676
-323682
-323702
-323759
-323770
-323783
-323816
-323830
-323833
-323834
-323839
-323863
-323876
-323885
-323962
-324049
-324053
-324063
-324071
-324099
-324145
-324162
-324195
-324281
-324283
-324304
-324315
-324323
-324326
-324333
-324345
-324347
-324375
-324396
-324399
-324421
-324423
-324431
-324439
-324458
-324468
-324477
-324484
-324486
-324486
-324533
-324567
-324568
-324593
-324617
-324625
-324676
-324693
-324716
-324729
-324744
-324757
-324765
-324778
-324832
-324865
-324877
-324888
-324893
-324943
-324999
-325025
-325074
-325083
-325085
-325093
-325136
-325136
-325140
-325140
-325172
-325240
-325273
-325300
-325307
-325349
-325351
-325415
-325476
-325490
-325490
-325492
-325506
-325513
-325534
-325536
-325541
-325543
-325561
-325602
-325619
-325653
-325712
-325722
-325738
-325739
-325741
-325773
-325782
-325805
-325814
-325839
-325847
-325851
-325853
-325897
-325907
-325926
-325943
-325947
-325955
-325987
-326000
-326001
-326016
-326016
-326035
-326039
-326044
-326061
-326110
-326120
-326139
-326181
-326186
-326214
-326272
-326276
-326280
-326288
-326299
-326367
-326383
-326392
-326400
-326403
-326436
-326459
-326459
-326477
-326489
-326517
-326523
-326526
-326527
-326546
-326558
-326566
-326580
-326588
-326600
-326632
-326634
-326652
-326685
-326753
-326768
-326771
-326790
-326844
-326852
-326854
-326866
-326870
-326883
-326890
-326929
-326989
-327055
-327138
-327144
-327146
-327149
-327161
-327166
-327190
-327248
-327249
-327251
-327253
-327274
-327301
-327317
-327318
-327323
-327349
-327455
-327467
-327473
-327475
-327481
-327494
-327506
-327512
-327517
-327536
-327537
-327566
-327611
-327614
-327626
-327628
-327634
-327659
-327678
-327701
-327746
-327779
-327793
-327799
-327874
-327881
-327893
-327909
-327911
-327917
-327924
-327988
-328076
-328086
-328121
-328130
-328139
-328163
-328199
-328203
-328217
-328234
-328260
-328268
-328287
-328318
-328329
-328359
-328365
-328385
-328395
-328414
-328419
-328432
-328441
-328502
-328507
-328550
-328558
-328596
-328644
-328649
-328677
-328683
-328709
-328717
-328781
-328790
-328814
-328817
-328877
-328884
-328895
-328898
-328932
-328937
-328950
-328976
-328993
-329015
-329027
-329036
-329044
-329053
-329084
-329088
-329098
-329102
-329127
-329165
-329196
-329247
-329289
-329323
-329324
-329333
-329345
-329352
-329365
-329444
-329463
-329477
-329502
-329502
-329536
-329582
-329584
-329605
-329678
-329696
-329706
-329708
-329715
-329717
-329718
-329742
-329778
-329778
-329821
-329860
-329880
-329896
-329898
-329907
-329912
-329932
-329933
-329941
-329963
-329972
-330004
-330020
-330047
-330063
-330074
-330120
-330131
-330137
-330143
-330148
-330151
-330152
-330160
-330163
-330181
-330207
-330217
-330230
-330277
-330298
-330327
-330353
-330443
-330488
-330493
-330496
-330568
-330597
-330615
-330618
-330651
-330653
-330673
-330703
-330707
-330784
-330794
-330795
-330802
-330803
-330810
-330822
-330849
-330903
-330925
-330931
-330934
-330936
-330943
-330953
-330974
-331000
-331007
-331022
-331025
-331075
-331093
-331099
-331118
-331152
-331172
-331193
-331234
-331237
-331242
-331264
-331266
-331270
-331289
-331290
-331293
-331295
-331300
-331309
-331311
-331332
-331334
-331383
-331403
-331406
-331434
-331451
-331453
-331464
-331478
-331511
-331557
-331560
-331574
-331615
-331629
-331655
-331662
-331679
-331679
-331688
-331722
-331731
-331732
-331764
-331786
-331817
-331821
-331839
-331908
-331981
-331989
-332009
-332045
-332088
-332104
-332107
-332124
-332127
-332152
-332175
-332179
-332182
-332184
-332191
-332273
-332274
-332312
-332314
-332328
-332331
-332337
-332376
-332416
-332441
-332447
-332478
-332485
-332545
-332578
-332615
-332623
-332629
-332642
-332648
-332678
-332688
-332702
-332703
-332716
-332740
-332750
-332760
-332767
-332798
-332823
-332866
-332869
-332882
-332888
-332979
-333033
-333054
-333099
-333147
-333147
-333174
-333194
-333270
-333314
-333352
-333353
-333375
-333385
-333412
-333419
-333419
-333434
-333446
-333447
-333463
-333472
-333474
-333475
-333487
-333501
-333511
-333524
-333537
-333550
-333559
-333568
-333639
-333644
-333691
-333697
-333747
-333747
-333752
-333763
-333764
-333796
-333807
-333819
-333836
-333849
-333853
-333862
-333899
-333902
-333928
-333943
-333991
-333994
-334025
-334045
-334054
-334087
-334094
-334141
-334144
-334179
-334207
-334210
-334242
-334271
-334276
-334296
-334309
-334333
-334333
-334339
-334341
-334368
-334378
-334418
-334470
-334505
-334542
-334544
-334547
-334588
-334592
-334603
-334639
-334645
-334664
-334686
-334698
-334702
-334717
-334720
-334739
-334750
-334784
-334796
-334803
-334829
-334836
-334858
-334907
-334950
-334996
-335007
-335034
-335073
-335073
-335081
-335091
-335092
-335128
-335138
-335150
-335160
-335167
-335169
-335210
-335213
-335221
-335253
-335257
-335288
-335303
-335310
-335336
-335336
-335339
-335340
-335343
-335360
-335368
-335371
-335375
-335411
-335417
-335427
-335476
-335520
-335529
-335535
-335558
-335561
-335579
-335584
-335591
-335592
-335656
-335662
-335711
-335714
-335728
-335742
-335748
-335752
-335777
-335797
-335802
-335848
-335912
-335915
-335923
-335945
-335957
-335980
-336004
-336006
-336031
-336047
-336061
-336065
-336087
-336128
-336149
-336178
-336184
-336221
-336227
-336258
-336261
-336297
-336300
-336304
-336323
-336340
-336371
-336379
-336385
-336391
-336407
-336418
-336425
-336434
-336435
-336436
-336445
-336502
-336506
-336519
-336526
-336548
-336549
-336567
-336604
-336612
-336626
-336632
-336654
-336661
-336663
-336663
-336664
-336666
-336675
-336679
-336698
-336708
-336716
-336750
-336753
-336777
-336791
-336807
-336813
-336814
-336851
-336861
-336873
-336882
-336901
-336906
-336936
-336984
-337025
-337030
-337035
-337035
-337035
-337041
-337112
-337123
-337142
-337163
-337172
-337198
-337212
-337222
-337266
-337269
-337301
-337328
-337330
-337332
-337344
-337398
-337406
-337417
-337423
-337449
-337449
-337450
-337524
-337525
-337549
-337585
-337586
-337586
-337595
-337620
-337643
-337648
-337700
-337729
-337732
-337736
-337737
-337749
-337754
-337759
-337762
-337764
-337778
-337787
-337820
-337820
-337834
-337847
-337868
-337891
-337927
-337957
-337965
-338033
-338045
-338056
-338069
-338096
-338099
-338101
-338104
-338106
-338126
-338151
-338175
-338205
-338229
-338232
-338257
-338265
-338283
-338283
-338299
-338312
-338352
-338352
-338370
-338382
-338403
-338423
-338427
-338431
-338452
-338460
-338461
-338467
-338472
-338558
-338588
-338681
-338690
-338695
-338696
-338709
-338721
-338721
-338730
-338746
-338756
-338775
-338836
-338837
-338848
-338859
-338867
-338898
-338936
-338936
-338944
-338960
-338970
-338992
-339058
-339059
-339064
-339068
-339078
-339119
-339136
-339169
-339182
-339196
-339197
-339254
-339261
-339264
-339278
-339300
-339303
-339334
-339343
-339354
-339360
-339369
-339466
-339514
-339533
-339548
-339579
-339603
-339641
-339653
-339664
-339735
-339793
-339794
-339795
-339836
-339902
-339909
-339920
-339928
-339963
-339968
-339989
-339999
-340013
-340043
-340046
-340055
-340059
-340061
-340073
-340077
-340079
-340083
-340109
-340113
-340119
-340137
-340151
-340159
-340209
-340239
-340251
-340253
-340275
-340297
-340305
-340326
-340338
-340354
-340363
-340370
-340382
-340391
-340442
-340458
-340463
-340469
-340494
-340501
-340503
-340509
-340515
-340521
-340533
-340541
-340550
-340579
-340637
-340651
-340653
-340655
-340658
-340661
-340670
-340677
-340679
-340693
-340718
-340729
-340746
-340815
-340823
-340830
-340833
-340842
-340844
-340898
-340916
-340922
-340944
-340961
-340964
-340965
-340969
-340970
-340986
-340987
-340994
-341032
-341096
-341119
-341125
-341127
-341128
-341128
-341143
-341147
-341154
-341160
-341178
-341200
-341201
-341209
-341243
-341247
-341261
-341275
-341287
-341288
-341346
-341364
-341377
-341420
-341429
-341454
-341458
-341472
-341474
-341475
-341534
-341549
-341556
-341566
-341571
-341582
-341595
-341603
-341604
-341641
-341654
-341655
-341656
-341657
-341673
-341677
-341683
-341729
-341737
-341743
-341744
-341773
-341781
-341823
-341865
-341882
-341889
-341904
-342001
-342023
-342054
-342135
-342148
-342172
-342174
-342213
-342220
-342220
-342243
-342249
-342249
-342272
-342276
-342302
-342306
-342308
-342312
-342313
-342332
-342340
-342343
-342384
-342408
-342417
-342442
-342603
-342616
-342651
-342652
-342696
-342718
-342787
-342787
-342802
-342819
-342844
-342845
-342848
-342862
-342866
-342917
-342931
-342935
-342950
-342953
-342971
-343071
-343074
-343097
-343144
-343182
-343201
-343265
-343281
-343305
-343356
-343378
-343379
-343393
-343413
-343416
-343464
-343475
-343493
-343511
-343523
-343540
-343541
-343561
-343576
-343640
-343645
-343658
-343698
-343701
-343724
-343739
-343740
-343779
-343783
-343785
-343790
-343790
-343798
-343803
-343824
-343833
-343877
-343892
-343892
-343912
-343951
-343962
-343999
-344022
-344077
-344082
-344118
-344129
-344136
-344139
-344140
-344164
-344175
-344220
-344224
-344226
-344238
-344270
-344308
-344309
-344323
-344367
-344370
-344373
-344389
-344396
-344409
-344469
-344477
-344512
-344515
-344571
-344574
-344586
-344599
-344653
-344655
-344692
-344728
-344751
-344766
-344776
-344808
-344821
-344821
-344858
-344859
-344886
-344904
-344913
-344924
-344952
-345010
-345032
-345034
-345043
-345098
-345104
-345133
-345133
-345138
-345141
-345151
-345232
-345247
-345274
-345277
-345285
-345286
-345297
-345307
-345358
-345359
-345366
-345373
-345395
-345406
-345411
-345446
-345484
-345509
-345512
-345513
-345538
-345550
-345550
-345553
-345609
-345614
-345628
-345644
-345650
-345685
-345738
-345753
-345753
-345795
-345800
-345834
-345883
-345918
-345926
-345958
-345961
-345966
-345979
-346001
-346099
-346125
-346134
-346168
-346181
-346208
-346209
-346219
-346263
-346265
-346274
-346320
-346333
-346351
-346354
-346379
-346385
-346424
-346448
-346449
-346496
-346504
-346521
-346609
-346619
-346624
-346629
-346629
-346697
-346698
-346709
-346727
-346737
-346772
-346800
-346867
-346869
-346900
-346904
-346913
-346919
-346924
-346984
-347038
-347071
-347075
-347088
-347094
-347121
-347124
-347135
-347144
-347163
-347167
-347202
-347216
-347226
-347241
-347310
-347311
-347353
-347429
-347434
-347519
-347540
-347576
-347624
-347657
-347700
-347711
-347734
-347737
-347750
-347781
-347786
-347818
-347826
-347856
-347889
-347905
-347916
-347936
-347940
-347953
-347963
-347974
-347977
-347988
-348007
-348012
-348029
-348053
-348054
-348084
-348109
-348146
-348154
-348185
-348212
-348219
-348231
-348273
-348294
-348313
-348318
-348388
-348418
-348449
-348454
-348478
-348480
-348482
-348488
-348491
-348494
-348530
-348544
-348555
-348590
-348640
-348657
-348717
-348723
-348727
-348734
-348741
-348761
-348788
-348833
-348835
-348837
-348853
-348936
-348941
-348963
-349011
-349016
-349024
-349033
-349076
-349082
-349084
-349122
-349149
-349155
-349164
-349171
-349174
-349213
-349219
-349244
-349250
-349261
-349264
-349290
-349291
-349302
-349327
-349368
-349372
-349417
-349434
-349447
-349451
-349470
-349472
-349495
-349512
-349513
-349515
-349518
-349528
-349529
-349531
-349540
-349636
-349637
-349663
-349685
-349722
-349745
-349763
-349766
-349780
-349786
-349794
-349833
-349881
-349888
-349928
-349960
-349962
-349977
-349980
-349991
-349992
-349996
-350007
-350008
-350009
-350017
-350036
-350050
-350055
-350056
-350086
-350091
-350102
-350147
-350150
-350208
-350240
-350242
-350316
-350355
-350364
-350385
-350403
-350453
-350507
-350513
-350532
-350558
-350652
-350655
-350672
-350675
-350679
-350721
-350726
-350736
-350742
-350795
-350836
-350841
-350846
-350848
-350863
-350937
-350997
-351060
-351064
-351075
-351085
-351113
-351147
-351155
-351156
-351164
-351165
-351193
-351201
-351206
-351242
-351243
-351251
-351259
-351260
-351290
-351294
-351295
-351307
-351336
-351350
-351377
-351389
-351420
-351469
-351474
-351496
-351499
-351553
-351601
-351675
-351687
-351718
-351722
-351742
-351790
-351807
-351813
-351816
-351905
-351916
-351923
-351950
-351951
-351953
-351962
-351993
-352013
-352033
-352036
-352063
-352130
-352144
-352167
-352207
-352220
-352367
-352378
-352393
-352448
-352462
-352477
-352486
-352495
-352511
-352543
-352556
-352627
-352633
-352639
-352655
-352663
-352676
-352694
-352714
-352720
-352720
-352746
-352752
-352830
-352836
-352838
-352862
-352891
-352940
-352989
-352996
-353002
-353060
-353104
-353127
-353140
-353152
-353163
-353218
-353226
-353232
-353239
-353341
-353341
-353353
-353366
-353384
-353387
-353396
-353482
-353499
-353508
-353538
-353542
-353591
-353595
-353597
-353598
-353623
-353642
-353651
-353659
-353680
-353683
-353727
-353731
-353768
-353783
-353788
-353795
-353817
-353848
-353853
-353860
-353889
-353903
-353908
-353911
-353927
-353942
-353945
-353965
-353971
-354008
-354010
-354021
-354023
-354029
-354037
-354050
-354053
-354058
-354064
-354097
-354104
-354121
-354134
-354156
-354173
-354213
-354252
-354264
-354270
-354320
-354344
-354361
-354374
-354399
-354406
-354437
-354455
-354466
-354467
-354481
-354490
-354490
-354512
-354521
-354550
-354551
-354554
-354574
-354588
-354594
-354607
-354639
-354707
-354733
-354740
-354750
-354750
-354760
-354824
-354837
-354840
-354844
-354851
-354868
-354934
-354939
-354940
-354953
-354983
-354984
-355045
-355076
-355141
-355215
-355236
-355240
-355253
-355261
-355303
-355307
-355389
-355473
-355479
-355500
-355542
-355616
-355681
-355693
-355694
-355725
-355767
-355811
-355815
-355837
-355839
-355889
-355944
-355955
-355965
-355984
-356012
-356089
-356100
-356104
-356106
-356128
-356132
-356136
-356147
-356150
-356154
-356179
-356230
-356246
-356334
-356344
-356348
-356374
-356381
-356387
-356407
-356442
-356459
-356503
-356555
-356578
-356605
-356606
-356631
-356636
-356661
-356683
-356706
-356791
-356792
-356797
-356801
-356816
-356837
-356845
-356858
-356874
-356889
-356894
-356900
-356912
-356924
-357022
-357069
-357091
-357091
-357126
-357143
-357176
-357239
-357247
-357357
-357364
-357388
-357410
-357438
-357495
-357502
-357559
-357576
-357606
-357624
-357630
-357632
-357633
-357638
-357643
-357666
-357676
-357724
-357725
-357726
-357734
-357735
-357755
-357765
-357787
-357791
-357809
-357829
-357898
-357903
-357937
-357937
-357938
-357977
-358023
-358032
-358035
-358038
-358070
-358083
-358089
-358103
-358108
-358110
-358114
-358152
-358205
-358241
-358254
-358282
-358289
-358297
-358337
-358343
-358358
-358392
-358434
-358457
-358469
-358470
-358528
-358540
-358570
-358600
-358603
-358623
-358625
-358626
-358627
-358640
-358703
-358719
-358747
-358782
-358790
-358814
-358820
-358825
-358859
-358876
-358878
-358889
-358901
-358974
-359011
-359067
-359103
-359122
-359136
-359161
-359168
-359186
-359227
-359277
-359323
-359330
-359360
-359402
-359430
-359437
-359443
-359474
-359477
-359511
-359535
-359543
-359571
-359575
-359577
-359604
-359627
-359627
-359644
-359673
-359676
-359677
-359680
-359691
-359694
-359764
-359809
-359850
-359862
-359866
-359898
-359946
-359983
-360021
-360033
-360053
-360098
-360143
-360168
-360199
-360238
-360334
-360397
-360402
-360424
-360472
-360482
-360561
-360584
-360625
-360633
-360634
-360641
-360647
-360670
-360694
-360717
-360719
-360741
-360753
-360793
-360866
-360926
-360991
-361014
-361023
-361076
-361172
-361175
-361186
-361205
-361205
-361229
-361297
-361336
-361365
-361380
-361392
-361400
-361424
-361438
-361447
-361476
-361491
-361496
-361513
-361522
-361526
-361529
-361530
-361683
-361695
-361713
-361748
-361756
-361781
-361784
-361791
-361792
-361836
-361856
-361865
-361876
-361939
-361968
-362002
-362011
-362013
-362037
-362062
-362067
-362087
-362103
-362125
-362164
-362167
-362200
-362226
-362244
-362245
-362251
-362274
-362276
-362324
-362329
-362339
-362358
-362365
-362366
-362367
-362368
-362369
-362410
-362431
-362456
-362461
-362468
-362571
-362587
-362612
-362627
-362649
-362717
-362723
-362732
-362740
-362752
-362758
-362788
-362820
-362826
-362842
-362859
-362942
-362953
-362956
-362992
-363019
-363023
-363024
-363075
-363080
-363087
-363112
-363163
-363173
-363188
-363210
-363228
-363251
-363279
-363325
-363335
-363353
-363360
-363391
-363404
-363412
-363420
-363425
-363440
-363482
-363500
-363512
-363554
-363565
-363585
-363586
-363603
-363634
-363688
-363736
-363742
-363762
-363819
-363825
-363829
-363829
-363832
-363835
-363878
-363921
-363931
-363935
-363940
-363971
-363973
-363981
-364036
-364072
-364102
-364106
-364117
-364126
-364134
-364137
-364146
-364158
-364171
-364219
-364229
-364254
-364308
-364311
-364316
-364339
-364356
-364367
-364386
-364393
-364398
-364405
-364421
-364422
-364423
-364439
-364461
-364485
-364490
-364571
-364578
-364598
-364641
-364646
-364681
-364683
-364747
-364787
-364857
-364863
-364865
-364869
-364869
-364879
-364903
-364930
-364938
-364961
-364964
-364985
-364996
-365014
-365015
-365076
-365092
-365130
-365206
-365253
-365275
-365280
-365341
-365348
-365392
-365465
-365492
-365502
-365503
-365514
-365550
-365564
-365624
-365636
-365646
-365661
-365674
-365678
-365722
-365746
-365844
-365856
-365872
-365899
-365909
-365971
-365980
-365999
-366019
-366020
-366062
-366067
-366067
-366117
-366120
-366160
-366167
-366210
-366232
-366245
-366249
-366318
-366328
-366348
-366349
-366361
-366372
-366402
-366414
-366426
-366482
-366490
-366517
-366563
-366584
-366611
-366637
-366667
-366668
-366744
-366787
-366790
-366794
-366802
-366825
-366831
-366901
-366923
-366949
-366963
-366973
-366988
-366992
-367004
-367026
-367026
-367053
-367079
-367108
-367190
-367229
-367299
-367314
-367408
-367419
-367444
-367454
-367459
-367473
-367492
-367529
-367543
-367554
-367570
-367634
-367666
-367694
-367727
-367756
-367760
-367808
-367833
-367837
-367864
-367879
-367916
-367935
-367951
-367984
-367985
-368040
-368052
-368052
-368063
-368083
-368084
-368124
-368124
-368142
-368157
-368173
-368184
-368191
-368197
-368205
-368213
-368221
-368236
-368288
-368289
-368294
-368326
-368381
-368385
-368402
-368496
-368539
-368548
-368571
-368575
-368592
-368620
-368651
-368657
-368658
-368710
-368717
-368733
-368751
-368755
-368806
-368811
-368840
-368843
-368873
-368989
-369009
-369016
-369044
-369044
-369076
-369080
-369101
-369113
-369117
-369156
-369168
-369216
-369234
-369239
-369288
-369289
-369293
-369307
-369338
-369364
-369364
-369381
-369426
-369428
-369438
-369496
-369525
-369534
-369538
-369547
-369558
-369558
-369571
-369575
-369597
-369615
-369627
-369675
-369680
-369682
-369691
-369693
-369747
-369761
-369771
-369781
-369807
-369825
-369832
-369836
-369840
-369848
-369851
-369859
-369867
-369876
-369881
-369888
-369910
-369974
-369992
-370028
-370135
-370194
-370194
-370198
-370215
-370239
-370277
-370294
-370327
-370332
-370365
-370378
-370385
-370410
-370417
-370433
-370435
-370456
-370482
-370492
-370518
-370567
-370609
-370616
-370620
-370628
-370694
-370716
-370727
-370729
-370740
-370765
-370781
-370803
-370840
-370865
-370879
-370880
-370904
-370906
-370909
-370951
-370957
-370958
-370987
-370988
-371007
-371072
-371095
-371100
-371110
-371123
-371162
-371166
-371174
-371187
-371188
-371191
-371206
-371215
-371232
-371247
-371247
-371262
-371266
-371294
-371303
-371306
-371315
-371330
-371339
-371347
-371349
-371421
-371447
-371448
-371456
-371463
-371474
-371504
-371513
-371553
-371572
-371608
-371614
-371620
-371679
-371701
-371737
-371739
-371753
-371770
-371783
-371829
-371839
-371843
-371847
-371850
-371864
-371944
-371989
-371994
-372058
-372089
-372097
-372107
-372108
-372152
-372163
-372174
-372182
-372193
-372196
-372217
-372242
-372273
-372300
-372349
-372350
-372352
-372366
-372392
-372393
-372398
-372457
-372487
-372517
-372527
-372545
-372546
-372578
-372593
-372609
-372614
-372617
-372656
-372694
-372721
-372745
-372759
-372859
-372860
-372883
-372991
-373003
-373005
-373012
-373023
-373044
-373067
-373071
-373093
-373103
-373116
-373151
-373174
-373181
-373196
-373199
-373207
-373216
-373244
-373295
-373308
-373321
-373335
-373342
-373346
-373346
-373357
-373360
-373389
-373438
-373440
-373482
-373499
-373515
-373538
-373588
-373590
-373592
-373593
-373594
-373610
-373619
-373644
-373648
-373648
-373655
-373665
-373702
-373708
-373730
-373732
-373773
-373785
-373811
-373838
-373894
-373896
-373919
-373926
-373934
-374078
-374092
-374095
-374135
-374151
-374152
-374158
-374203
-374248
-374282
-374310
-374350
-374395
-374418
-374424
-374481
-374487
-374502
-374579
-374595
-374616
-374622
-374625
-374627
-374631
-374645
-374649
-374658
-374708
-374770
-374806
-374896
-374899
-374900
-374953
-375044
-375056
-375070
-375079
-375086
-375092
-375105
-375108
-375123
-375129
-375175
-375185
-375190
-375256
-375260
-375260
-375267
-375400
-375408
-375416
-375459
-375491
-375511
-375523
-375578
-375601
-375603
-375624
-375646
-375727
-375775
-375818
-375829
-375835
-375845
-375867
-375871
-375881
-375886
-375905
-375906
-375955
-375957
-375967
-375985
-375985
-375992
-375993
-375996
-376010
-376029
-376040
-376045
-376071
-376072
-376117
-376137
-376174
-376193
-376214
-376218
-376218
-376245
-376298
-376300
-376301
-376304
-376321
-376339
-376369
-376379
-376379
-376383
-376388
-376416
-376446
-376458
-376476
-376490
-376528
-376531
-376551
-376558
-376560
-376573
-376594
-376595
-376614
-376642
-376669
-376676
-376721
-376738
-376761
-376764
-376770
-376770
-376773
-376775
-376879
-376893
-376901
-376902
-376919
-376921
-376960
-376967
-376967
-376998
-377016
-377028
-377050
-377076
-377089
-377089
-377124
-377135
-377158
-377183
-377195
-377200
-377203
-377224
-377231
-377276
-377285
-377323
-377328
-377335
-377395
-377482
-377494
-377507
-377542
-377554
-377567
-377616
-377616
-377660
-377675
-377694
-377699
-377743
-377744
-377750
-377779
-377785
-377792
-377839
-377862
-377877
-377910
-377930
-377956
-377976
-377979
-377986
-378026
-378029
-378059
-378070
-378092
-378109
-378117
-378119
-378130
-378147
-378203
-378210
-378211
-378217
-378227
-378247
-378257
-378258
-378265
-378269
-378272
-378282
-378287
-378310
-378320
-378321
-378323
-378327
-378337
-378344
-378353
-378356
-378364
-378396
-378400
-378402
-378403
-378435
-378455
-378464
-378486
-378555
-378563
-378584
-378592
-378631
-378633
-378636
-378651
-378716
-378780
-378803
-378850
-378913
-378915
-378988
-378990
-379045
-379061
-379063
-379073
-379077
-379133
-379156
-379167
-379172
-379179
-379180
-379209
-379231
-379256
-379280
-379285
-379306
-379322
-379327
-379348
-379363
-379376
-379387
-379400
-379429
-379454
-379512
-379530
-379551
-379596
-379614
-379630
-379634
-379634
-379638
-379644
-379668
-379680
-379687
-379690
-379693
-379727
-379736
-379745
-379764
-379775
-379812
-379817
-379823
-379825
-379827
-379841
-379854
-379859
-379874
-379917
-379939
-379944
-379948
-379960
-379977
-380004
-380013
-380074
-380171
-380172
-380204
-380226
-380228
-380264
-380307
-380344
-380350
-380350
-380355
-380362
-380380
-380404
-380444
-380446
-380452
-380473
-380525
-380536
-380542
-380549
-380556
-380572
-380592
-380610
-380616
-380636
-380637
-380653
-380670
-380690
-380756
-380763
-380778
-380838
-380841
-380899
-380906
-380915
-380918
-380930
-380950
-381015
-381015
-381034
-381045
-381048
-381072
-381075
-381099
-381100
-381108
-381112
-381192
-381201
-381238
-381256
-381261
-381261
-381286
-381286
-381299
-381316
-381323
-381339
-381354
-381407
-381461
-381476
-381485
-381487
-381550
-381566
-381577
-381587
-381593
-381596
-381617
-381623
-381631
-381646
-381656
-381674
-381684
-381792
-381793
-381834
-381859
-381872
-381902
-381932
-381960
-381975
-382039
-382057
-382087
-382100
-382126
-382127
-382139
-382145
-382161
-382174
-382193
-382228
-382257
-382264
-382267
-382268
-382275
-382300
-382360
-382385
-382388
-382413
-382424
-382438
-382456
-382520
-382556
-382624
-382626
-382749
-382760
-382839
-382858
-382894
-382937
-382945
-382962
-382998
-383003
-383005
-383009
-383021
-383022
-383027
-383061
-383082
-383082
-383098
-383130
-383148
-383152
-383170
-383217
-383218
-383264
-383270
-383271
-383274
-383293
-383308
-383343
-383401
-383404
-383421
-383441
-383449
-383567
-383574
-383576
-383626
-383647
-383701
-383741
-383742
-383744
-383754
-383776
-383787
-383793
-383803
-383831
-383863
-383865
-383868
-383884
-383935
-383989
-383995
-384057
-384079
-384083
-384088
-384118
-384136
-384162
-384180
-384202
-384220
-384223
-384228
-384243
-384247
-384282
-384294
-384307
-384325
-384346
-384357
-384361
-384397
-384398
-384449
-384466
-384484
-384502
-384514
-384550
-384581
-384585
-384596
-384604
-384661
-384667
-384669
-384709
-384740
-384752
-384762
-384770
-384781
-384862
-384879
-384926
-384934
-384939
-384944
-384947
-384952
-384995
-385005
-385033
-385039
-385113
-385128
-385175
-385190
-385239
-385271
-385289
-385346
-385349
-385355
-385411
-385453
-385494
-385495
-385500
-385507
-385512
-385540
-385556
-385621
-385642
-385654
-385658
-385659
-385721
-385757
-385763
-385792
-385831
-385861
-385875
-385879
-385919
-385951
-385959
-385968
-385992
-386043
-386061
-386092
-386111
-386143
-386195
-386199
-386211
-386237
-386252
-386257
-386284
-386317
-386340
-386362
-386368
-386410
-386411
-386433
-386434
-386462
-386505
-386563
-386567
-386601
-386625
-386652
-386657
-386684
-386692
-386718
-386748
-386783
-386795
-386805
-386807
-386834
-386837
-386863
-386866
-386872
-386882
-386915
-386916
-386928
-387012
-387026
-387041
-387042
-387082
-387090
-387117
-387185
-387190
-387214
-387221
-387265
-387321
-387347
-387369
-387374
-387379
-387445
-387483
-387495
-387502
-387525
-387566
-387617
-387630
-387686
-387719
-387728
-387732
-387753
-387753
-387758
-387780
-387794
-387811
-387819
-387861
-387869
-387885
-387886
-387886
-387888
-387899
-387911
-387922
-387937
-387975
-387976
-388011
-388014
-388028
-388033
-388041
-388062
-388072
-388073
-388090
-388095
-388152
-388168
-388171
-388258
-388268
-388311
-388323
-388356
-388370
-388378
-388401
-388419
-388432
-388446
-388449
-388451
-388479
-388517
-388534
-388544
-388563
-388593
-388601
-388611
-388622
-388644
-388674
-388712
-388715
-388803
-388827
-388866
-388885
-388899
-388903
-388926
-388950
-389019
-389027
-389045
-389045
-389079
-389083
-389105
-389112
-389142
-389147
-389230
-389234
-389252
-389253
-389275
-389280
-389326
-389349
-389361
-389368
-389402
-389410
-389414
-389426
-389443
-389444
-389474
-389584
-389593
-389656
-389673
-389673
-389697
-389723
-389751
-389761
-389818
-389876
-389897
-389898
-389926
-389926
-389951
-389964
-389971
-390038
-390055
-390057
-390084
-390094
-390099
-390115
-390146
-390159
-390166
-390212
-390256
-390265
-390291
-390295
-390298
-390303
-390350
-390352
-390392
-390445
-390536
-390548
-390555
-390562
-390571
-390581
-390603
-390619
-390633
-390653
-390672
-390686
-390692
-390718
-390750
-390763
-390802
-390809
-390852
-390870
-390890
-390890
-390933
-390946
-390961
-390986
-390995
-390998
-391033
-391037
-391061
-391123
-391143
-391151
-391165
-391167
-391178
-391182
-391201
-391217
-391231
-391240
-391264
-391302
-391319
-391332
-391350
-391359
-391371
-391383
-391417
-391466
-391470
-391482
-391513
-391520
-391532
-391539
-391582
-391631
-391640
-391660
-391668
-391685
-391701
-391716
-391723
-391765
-391791
-391821
-391908
-391961
-391965
-391984
-391984
-391993
-392009
-392015
-392020
-392030
-392037
-392092
-392101
-392151
-392160
-392163
-392177
-392196
-392206
-392216
-392238
-392244
-392276
-392285
-392291
-392310
-392310
-392322
-392326
-392354
-392357
-392369
-392378
-392418
-392428
-392472
-392483
-392497
-392507
-392508
-392546
-392561
-392575
-392578
-392597
-392623
-392641
-392666
-392701
-392709
-392745
-392780
-392791
-392810
-392815
-392826
-392831
-392839
-392879
-392900
-392918
-392950
-392955
-392965
-392975
-392976
-392985
-393015
-393041
-393057
-393091
-393098
-393108
-393129
-393132
-393141
-393217
-393224
-393232
-393257
-393272
-393277
-393299
-393312
-393330
-393343
-393346
-393392
-393407
-393421
-393427
-393459
-393484
-393497
-393513
-393525
-393531
-393549
-393555
-393558
-393566
-393581
-393588
-393599
-393694
-393732
-393738
-393777
-393778
-393807
-393817
-393833
-393854
-393862
-393949
-393958
-393962
-393966
-393981
-394004
-394024
-394062
-394078
-394093
-394100
-394105
-394139
-394159
-394170
-394185
-394186
-394186
-394195
-394238
-394268
-394358
-394385
-394405
-394432
-394454
-394484
-394484
-394534
-394545
-394577
-394579
-394588
-394592
-394606
-394614
-394618
-394632
-394665
-394711
-394736
-394765
-394789
-394793
-394794
-394837
-394856
-394863
-394866
-394868
-394872
-394874
-394891
-394895
-394925
-394954
-394986
-395021
-395022
-395036
-395058
-395062
-395073
-395110
-395137
-395179
-395208
-395211
-395231
-395286
-395312
-395344
-395348
-395363
-395363
-395378
-395409
-395410
-395410
-395435
-395508
-395521
-395523
-395548
-395552
-395557
-395572
-395586
-395597
-395602
-395604
-395620
-395638
-395654
-395661
-395684
-395729
-395742
-395804
-395862
-395868
-395877
-395889
-395894
-395935
-395937
-395938
-395963
-395964
-396016
-396027
-396044
-396055
-396070
-396095
-396103
-396107
-396136
-396174
-396210
-396230
-396252
-396253
-396259
-396275
-396278
-396298
-396344
-396351
-396357
-396421
-396438
-396444
-396444
-396471
-396509
-396514
-396533
-396575
-396620
-396652
-396653
-396657
-396685
-396691
-396704
-396719
-396731
-396809
-396817
-396869
-396871
-396873
-396890
-396920
-396936
-396959
-396973
-396988
-396988
-396989
-397004
-397007
-397018
-397103
-397112
-397116
-397120
-397138
-397159
-397210
-397223
-397228
-397232
-397239
-397242
-397276
-397282
-397314
-397339
-397346
-397367
-397388
-397422
-397432
-397450
-397451
-397456
-397468
-397493
-397519
-397528
-397532
-397557
-397589
-397620
-397636
-397656
-397658
-397677
-397714
-397723
-397728
-397763
-397771
-397776
-397806
-397845
-397884
-397901
-397906
-397931
-397955
-397977
-397997
-398037
-398057
-398077
-398080
-398080
-398082
-398110
-398119
-398136
-398188
-398215
-398243
-398271
-398298
-398301
-398308
-398323
-398347
-398374
-398389
-398393
-398437
-398456
-398473
-398479
-398488
-398489
-398503
-398511
-398526
-398547
-398553
-398584
-398599
-398606
-398612
-398651
-398734
-398736
-398741
-398791
-398801
-398803
-398827
-398838
-398838
-398865
-398890
-398908
-398916
-398922
-398956
-398956
-398973
-399015
-399027
-399052
-399078
-399113
-399157
-399172
-399190
-399217
-399219
-399222
-399227
-399230
-399246
-399259
-399266
-399280
-399300
-399305
-399308
-399310
-399315
-399335
-399358
-399401
-399414
-399458
-399468
-399471
-399487
-399515
-399516
-399529
-399561
-399584
-399632
-399650
-399658
-399664
-399706
-399760
-399762
-399781
-399820
-399841
-399845
-399862
-399922
-399978
-399979
-400000
-400020
-400020
-400035
-400035
-400045
-400156
-400167
-400196
-400227
-400262
-400285
-400306
-400314
-400333
-400344
-400379
-400382
-400413
-400418
-400430
-400466
-400470
-400475
-400518
-400521
-400528
-400546
-400557
-400573
-400633
-400635
-400663
-400683
-400697
-400770
-400776
-400823
-400830
-400846
-400853
-400855
-400856
-400864
-400868
-400875
-400876
-400895
-400922
-400931
-400941
-400956
-400975
-400994
-401007
-401007
-401057
-401066
-401071
-401090
-401107
-401107
-401118
-401123
-401169
-401173
-401180
-401198
-401199
-401220
-401224
-401240
-401244
-401252
-401280
-401316
-401342
-401364
-401414
-401439
-401452
-401477
-401501
-401555
-401555
-401592
-401634
-401649
-401650
-401661
-401710
-401777
-401780
-401803
-401826
-401835
-401875
-401877
-401880
-401905
-401939
-401945
-401965
-401976
-401986
-402051
-402114
-402120
-402123
-402141
-402154
-402154
-402173
-402176
-402200
-402212
-402260
-402277
-402280
-402303
-402320
-402329
-402332
-402347
-402384
-402387
-402407
-402422
-402423
-402477
-402497
-402509
-402510
-402520
-402524
-402525
-402578
-402614
-402634
-402660
-402675
-402680
-402683
-402708
-402726
-402786
-402806
-402855
-402870
-402878
-402881
-402902
-402914
-402917
-402918
-402936
-402948
-402967
-402989
-402996
-403018
-403018
-403041
-403073
-403076
-403080
-403090
-403129
-403169
-403188
-403190
-403204
-403218
-403231
-403263
-403292
-403302
-403316
-403319
-403321
-403325
-403330
-403336
-403348
-403361
-403384
-403388
-403390
-403420
-403484
-403523
-403531
-403564
-403570
-403572
-403597
-403611
-403625
-403625
-403652
-403689
-403736
-403736
-403748
-403761
-403765
-403840
-403854
-403864
-403869
-403881
-403886
-403906
-403906
-403908
-403915
-403917
-403954
-403976
-404005
-404052
-404079
-404082
-404085
-404134
-404182
-404183
-404192
-404203
-404210
-404215
-404220
-404243
-404255
-404257
-404289
-404334
-404340
-404341
-404345
-404346
-404367
-404369
-404388
-404440
-404457
-404497
-404538
-404542
-404562
-404612
-404629
-404640
-404670
-404719
-404752
-404759
-404776
-404777
-404783
-404794
-404796
-404832
-404884
-404904
-404925
-404944
-404946
-404954
-405036
-405038
-405048
-405053
-405070
-405072
-405087
-405155
-405160
-405190
-405210
-405229
-405255
-405274
-405279
-405313
-405343
-405365
-405372
-405407
-405431
-405442
-405468
-405507
-405577
-405579
-405633
-405652
-405664
-405669
-405687
-405698
-405738
-405754
-405791
-405793
-405802
-405808
-405810
-405813
-405832
-405834
-405933
-405938
-405975
-406006
-406014
-406015
-406042
-406048
-406064
-406077
-406080
-406122
-406134
-406143
-406166
-406214
-406222
-406242
-406244
-406247
-406258
-406332
-406347
-406352
-406357
-406361
-406433
-406442
-406447
-406457
-406458
-406460
-406464
-406493
-406506
-406507
-406508
-406531
-406536
-406565
-406613
-406642
-406663
-406704
-406707
-406771
-406804
-406832
-406861
-406866
-406872
-406874
-406876
-406888
-406888
-406916
-407018
-407027
-407033
-407053
-407080
-407133
-407135
-407174
-407180
-407205
-407216
-407268
-407298
-407317
-407369
-407376
-407393
-407410
-407430
-407447
-407487
-407510
-407518
-407520
-407546
-407563
-407640
-407641
-407649
-407661
-407665
-407678
-407704
-407761
-407816
-407818
-407834
-407843
-407845
-407862
-407878
-407961
-407980
-407996
-407997
-408010
-408012
-408023
-408050
-408063
-408112
-408142
-408162
-408189
-408224
-408245
-408259
-408261
-408289
-408346
-408354
-408372
-408384
-408420
-408427
-408435
-408438
-408457
-408488
-408491
-408493
-408508
-408535
-408555
-408581
-408597
-408607
-408625
-408644
-408671
-408679
-408695
-408706
-408706
-408715
-408731
-408778
-408792
-408793
-408818
-408818
-408822
-408857
-408861
-408864
-408875
-408941
-408980
-409001
-409018
-409032
-409047
-409065
-409078
-409082
-409082
-409083
-409087
-409105
-409107
-409135
-409167
-409176
-409217
-409219
-409226
-409230
-409268
-409284
-409288
-409318
-409324
-409346
-409359
-409380
-409382
-409386
-409392
-409399
-409408
-409432
-409434
-409477
-409485
-409517
-409519
-409538
-409557
-409600
-409621
-409645
-409664
-409695
-409733
-409752
-409824
-409829
-409830
-409831
-409865
-409881
-409884
-409916
-409943
-409956
-409968
-409983
-409994
-410000
-410001
-410012
-410065
-410087
-410171
-410172
-410179
-410180
-410188
-410208
-410218
-410235
-410253
-410290
-410291
-410321
-410322
-410333
-410360
-410367
-410369
-410371
-410410
-410470
-410474
-410474
-410488
-410502
-410504
-410541
-410559
-410601
-410609
-410616
-410633
-410641
-410663
-410688
-410728
-410770
-410776
-410789
-410794
-410877
-410900
-410917
-410974
-410987
-410999
-411036
-411051
-411058
-411075
-411103
-411119
-411122
-411123
-411128
-411138
-411143
-411165
-411173
-411212
-411228
-411304
-411317
-411326
-411336
-411431
-411468
-411474
-411475
-411506
-411541
-411556
-411561
-411561
-411562
-411573
-411592
-411597
-411626
-411646
-411649
-411680
-411690
-411728
-411768
-411807
-411873
-411917
-411924
-411929
-411941
-411970
-412006
-412022
-412044
-412051
-412057
-412093
-412114
-412176
-412185
-412186
-412196
-412225
-412241
-412305
-412338
-412348
-412358
-412360
-412376
-412452
-412455
-412480
-412482
-412486
-412501
-412530
-412556
-412567
-412603
-412639
-412665
-412667
-412677
-412682
-412699
-412704
-412732
-412737
-412836
-412850
-412880
-412900
-412926
-412929
-412950
-412990
-412994
-413011
-413022
-413053
-413062
-413081
-413102
-413129
-413175
-413294
-413302
-413339
-413356
-413363
-413371
-413393
-413429
-413433
-413433
-413453
-413464
-413465
-413476
-413534
-413572
-413658
-413676
-413684
-413689
-413709
-413742
-413786
-413824
-413847
-413932
-413932
-413947
-413999
-414020
-414034
-414099
-414107
-414116
-414133
-414142
-414183
-414248
-414278
-414315
-414349
-414350
-414362
-414404
-414458
-414465
-414467
-414482
-414518
-414534
-414535
-414537
-414572
-414584
-414592
-414623
-414630
-414632
-414642
-414681
-414692
-414697
-414698
-414703
-414731
-414775
-414802
-414814
-414843
-414902
-414921
-414960
-414963
-414967
-414986
-415036
-415055
-415092
-415103
-415122
-415129
-415171
-415206
-415239
-415291
-415338
-415339
-415344
-415378
-415389
-415421
-415424
-415436
-415439
-415482
-415489
-415489
-415513
-415530
-415554
-415576
-415588
-415613
-415633
-415658
-415668
-415685
-415747
-415753
-415791
-415810
-415816
-415874
-415905
-415954
-415957
-415957
-415996
-416006
-416011
-416035
-416118
-416120
-416139
-416191
-416219
-416250
-416271
-416323
-416329
-416340
-416361
-416415
-416416
-416429
-416467
-416474
-416481
-416486
-416498
-416517
-416519
-416550
-416570
-416581
-416605
-416626
-416635
-416648
-416703
-416727
-416731
-416732
-416736
-416740
-416743
-416773
-416799
-416825
-416832
-416844
-416853
-416880
-416892
-416898
-416905
-416937
-416941
-416966
-416976
-416999
-417022
-417038
-417048
-417071
-417084
-417116
-417152
-417187
-417188
-417199
-417203
-417222
-417258
-417273
-417329
-417330
-417411
-417421
-417423
-417452
-417455
-417483
-417493
-417508
-417514
-417591
-417592
-417616
-417626
-417630
-417654
-417659
-417712
-417719
-417787
-417832
-417833
-417834
-417851
-417866
-417879
-417894
-417926
-417928
-417934
-417948
-417953
-417962
-418012
-418033
-418079
-418111
-418145
-418182
-418212
-418223
-418224
-418270
-418314
-418316
-418344
-418348
-418357
-418372
-418406
-418418
-418438
-418474
-418476
-418477
-418494
-418525
-418527
-418578
-418582
-418636
-418640
-418642
-418661
-418677
-418685
-418692
-418707
-418710
-418740
-418744
-418758
-418805
-418818
-418836
-418858
-418874
-418874
-418881
-418919
-418920
-418927
-418972
-418973
-419002
-419030
-419049
-419055
-419056
-419056
-419076
-419088
-419146
-419154
-419157
-419172
-419278
-419298
-419329
-419352
-419379
-419413
-419427
-419433
-419440
-419440
-419491
-419491
-419510
-419511
-419518
-419551
-419565
-419574
-419582
-419650
-419657
-419675
-419693
-419716
-419732
-419737
-419760
-419785
-419793
-419798
-419815
-419857
-419863
-419868
-419890
-419891
-419902
-419902
-419928
-419947
-420010
-420042
-420050
-420058
-420060
-420124
-420132
-420134
-420136
-420192
-420238
-420242
-420243
-420286
-420300
-420356
-420373
-420375
-420385
-420404
-420415
-420432
-420441
-420490
-420517
-420613
-420614
-420623
-420633
-420690
-420698
-420707
-420714
-420724
-420729
-420755
-420760
-420763
-420770
-420829
-420869
-420870
-420898
-420927
-420928
-420932
-420940
-420941
-420974
-420977
-420984
-420990
-420993
-420997
-421002
-421036
-421047
-421064
-421128
-421206
-421231
-421234
-421264
-421289
-421297
-421298
-421345
-421362
-421374
-421376
-421427
-421452
-421475
-421492
-421494
-421506
-421509
-421509
-421517
-421518
-421522
-421538
-421556
-421602
-421604
-421649
-421652
-421654
-421674
-421749
-421889
-421902
-421922
-421929
-421949
-421964
-422011
-422016
-422052
-422053
-422088
-422137
-422144
-422176
-422233
-422308
-422311
-422317
-422321
-422335
-422346
-422349
-422366
-422368
-422413
-422423
-422445
-422449
-422483
-422520
-422614
-422624
-422631
-422632
-422641
-422687
-422692
-422694
-422696
-422724
-422745
-422819
-422875
-422918
-422928
-422937
-422941
-422969
-422980
-422999
-423007
-423027
-423036
-423040
-423076
-423091
-423093
-423124
-423159
-423187
-423191
-423212
-423333
-423336
-423371
-423378
-423390
-423414
-423440
-423466
-423472
-423482
-423491
-423493
-423515
-423542
-423549
-423582
-423614
-423615
-423632
-423654
-423674
-423714
-423781
-423795
-423815
-423817
-423844
-423851
-423890
-423921
-423945
-423957
-423969
-423979
-423990
-424018
-424030
-424043
-424049
-424153
-424215
-424220
-424247
-424293
-424295
-424302
-424305
-424348
-424402
-424425
-424435
-424443
-424489
-424509
-424517
-424529
-424533
-424547
-424587
-424597
-424601
-424612
-424628
-424638
-424647
-424657
-424684
-424714
-424750
-424760
-424767
-424772
-424809
-424811
-424832
-424840
-424850
-424871
-424895
-424930
-424935
-424940
-424965
-424994
-425031
-425041
-425069
-425071
-425087
-425121
-425165
-425169
-425170
-425173
-425187
-425190
-425241
-425265
-425283
-425302
-425304
-425311
-425333
-425405
-425426
-425439
-425445
-425474
-425536
-425544
-425623
-425628
-425652
-425672
-425687
-425709
-425748
-425755
-425840
-425846
-425851
-425872
-425908
-425909
-425917
-425932
-426027
-426039
-426064
-426096
-426128
-426157
-426167
-426189
-426201
-426205
-426207
-426222
-426300
-426310
-426310
-426341
-426368
-426395
-426417
-426506
-426512
-426518
-426542
-426561
-426562
-426604
-426622
-426634
-426644
-426656
-426714
-426717
-426731
-426735
-426755
-426784
-426784
-426788
-426846
-426847
-426849
-426857
-426927
-426928
-426933
-426938
-426959
-426962
-426964
-426973
-426986
-427000
-427017
-427032
-427036
-427064
-427099
-427123
-427165
-427173
-427195
-427221
-427226
-427230
-427255
-427278
-427280
-427323
-427421
-427456
-427473
-427476
-427505
-427549
-427557
-427571
-427582
-427591
-427600
-427656
-427667
-427702
-427729
-427746
-427755
-427806
-427828
-427835
-427845
-427890
-427897
-427930
-427945
-427958
-427968
-427971
-428021
-428041
-428095
-428106
-428115
-428145
-428152
-428152
-428162
-428165
-428173
-428208
-428232
-428254
-428277
-428282
-428296
-428308
-428315
-428343
-428357
-428389
-428424
-428425
-428432
-428435
-428459
-428460
-428466
-428491
-428500
-428541
-428584
-428596
-428608
-428612
-428656
-428658
-428666
-428690
-428727
-428729
-428748
-428751
-428752
-428762
-428779
-428782
-428783
-428788
-428852
-428859
-428872
-428894
-428895
-428975
-429024
-429026
-429028
-429082
-429085
-429094
-429101
-429103
-429128
-429135
-429137
-429166
-429188
-429236
-429279
-429281
-429288
-429332
-429368
-429370
-429395
-429398
-429423
-429446
-429466
-429470
-429489
-429507
-429510
-429531
-429551
-429580
-429639
-429644
-429663
-429682
-429753
-429792
-429797
-429833
-429836
-429838
-429850
-429854
-429926
-429930
-429954
-430006
-430027
-430051
-430065
-430080
-430099
-430138
-430160
-430169
-430203
-430207
-430213
-430228
-430238
-430240
-430244
-430273
-430286
-430309
-430315
-430335
-430388
-430392
-430398
-430405
-430429
-430429
-430429
-430433
-430447
-430453
-430464
-430474
-430483
-430486
-430492
-430492
-430495
-430505
-430530
-430541
-430542
-430546
-430547
-430578
-430598
-430619
-430624
-430635
-430647
-430647
-430703
-430714
-430728
-430747
-430759
-430775
-430781
-430791
-430852
-430854
-430881
-430882
-430892
-430910
-430910
-430927
-430942
-430952
-430962
-430964
-430979
-431031
-431052
-431070
-431079
-431087
-431096
-431096
-431118
-431148
-431181
-431201
-431219
-431286
-431286
-431286
-431293
-431306
-431306
-431343
-431352
-431361
-431365
-431484
-431485
-431502
-431556
-431619
-431646
-431652
-431658
-431701
-431708
-431724
-431757
-431777
-431797
-431800
-431807
-431827
-431837
-431863
-431864
-431876
-431910
-431918
-431921
-431928
-431937
-431950
-431954
-431989
-432037
-432043
-432045
-432064
-432085
-432113
-432134
-432149
-432156
-432173
-432196
-432196
-432219
-432222
-432222
-432227
-432265
-432273
-432285
-432292
-432307
-432315
-432345
-432367
-432406
-432426
-432441
-432444
-432444
-432463
-432466
-432486
-432523
-432540
-432568
-432637
-432656
-432659
-432678
-432684
-432701
-432746
-432760
-432765
-432791
-432822
-432835
-432882
-432888
-432907
-432907
-432923
-432943
-432954
-432958
-432998
-433016
-433017
-433028
-433041
-433044
-433058
-433066
-433099
-433114
-433122
-433169
-433192
-433213
-433275
-433282
-433291
-433301
-433303
-433306
-433338
-433350
-433376
-433387
-433421
-433457
-433463
-433485
-433509
-433534
-433541
-433552
-433561
-433565
-433607
-433617
-433633
-433666
-433669
-433688
-433704
-433728
-433760
-433770
-433814
-433816
-433817
-433824
-433866
-433866
-433869
-433871
-433876
-433895
-433914
-433916
-433919
-434022
-434032
-434043
-434081
-434132
-434155
-434162
-434173
-434179
-434181
-434189
-434263
-434269
-434305
-434308
-434348
-434393
-434425
-434445
-434449
-434462
-434467
-434518
-434559
-434561
-434568
-434584
-434605
-434625
-434626
-434642
-434751
-434761
-434775
-434783
-434807
-434812
-434851
-434889
-434897
-434929
-434953
-434958
-434958
-434966
-434970
-435004
-435069
-435072
-435094
-435096
-435105
-435106
-435108
-435118
-435133
-435137
-435141
-435161
-435184
-435211
-435264
-435265
-435325
-435340
-435388
-435427
-435492
-435503
-435505
-435520
-435548
-435555
-435584
-435603
-435608
-435614
-435657
-435661
-435676
-435708
-435713
-435726
-435728
-435757
-435760
-435786
-435803
-435809
-435813
-435827
-435883
-435904
-435950
-435967
-436032
-436036
-436037
-436045
-436057
-436071
-436073
-436085
-436098
-436111
-436116
-436121
-436129
-436129
-436158
-436166
-436172
-436174
-436177
-436241
-436287
-436288
-436296
-436308
-436316
-436334
-436366
-436388
-436398
-436462
-436469
-436501
-436518
-436524
-436526
-436552
-436600
-436630
-436635
-436730
-436761
-436813
-436821
-436822
-436903
-436919
-436944
-436955
-436965
-436977
-437041
-437045
-437088
-437096
-437097
-437121
-437122
-437128
-437129
-437148
-437185
-437194
-437232
-437235
-437257
-437265
-437282
-437305
-437370
-437383
-437397
-437442
-437491
-437496
-437504
-437515
-437519
-437554
-437590
-437615
-437621
-437636
-437641
-437676
-437681
-437691
-437714
-437722
-437739
-437753
-437783
-437798
-437847
-437892
-437923
-437929
-437931
-437976
-437977
-437977
-437977
-438003
-438086
-438122
-438124
-438138
-438151
-438181
-438196
-438222
-438234
-438259
-438306
-438320
-438350
-438395
-438401
-438414
-438423
-438451
-438507
-438509
-438544
-438552
-438552
-438569
-438591
-438630
-438635
-438663
-438668
-438691
-438719
-438722
-438752
-438776
-438787
-438792
-438820
-438849
-438862
-438877
-438883
-438896
-438963
-438973
-438975
-439012
-439027
-439042
-439042
-439084
-439121
-439134
-439137
-439156
-439156
-439189
-439191
-439256
-439259
-439280
-439298
-439299
-439324
-439328
-439393
-439408
-439466
-439475
-439490
-439494
-439498
-439521
-439528
-439547
-439576
-439582
-439593
-439614
-439647
-439679
-439681
-439723
-439725
-439732
-439745
-439751
-439759
-439775
-439798
-439807
-439807
-439816
-439817
-439834
-439837
-439856
-439860
-439920
-439931
-439943
-439951
-439977
-440025
-440037
-440047
-440060
-440072
-440103
-440118
-440129
-440130
-440158
-440173
-440207
-440226
-440249
-440290
-440301
-440327
-440362
-440383
-440389
-440411
-440413
-440417
-440422
-440427
-440439
-440483
-440490
-440524
-440547
-440572
-440592
-440592
-440596
-440614
-440650
-440660
-440667
-440677
-440685
-440698
-440713
-440752
-440773
-440806
-440840
-440842
-440856
-440868
-440872
-440883
-440902
-440941
-440947
-441006
-441013
-441017
-441053
-441054
-441091
-441166
-441178
-441209
-441239
-441243
-441247
-441253
-441256
-441278
-441285
-441288
-441325
-441353
-441358
-441368
-441395
-441407
-441415
-441522
-441598
-441617
-441628
-441647
-441651
-441693
-441707
-441714
-441714
-441720
-441726
-441756
-441800
-441829
-441830
-441838
-441871
-441877
-441885
-441885
-441889
-441901
-441909
-441921
-441931
-441932
-441948
-441950
-441983
-441986
-441996
-442021
-442054
-442055
-442083
-442094
-442096
-442100
-442105
-442116
-442181
-442205
-442209
-442230
-442261
-442273
-442284
-442285
-442291
-442301
-442320
-442368
-442382
-442429
-442434
-442453
-442454
-442458
-442463
-442466
-442477
-442478
-442489
-442494
-442495
-442500
-442522
-442550
-442576
-442578
-442589
-442596
-442654
-442659
-442671
-442674
-442694
-442697
-442727
-442774
-442781
-442794
-442797
-442832
-442924
-442928
-442953
-442979
-443010
-443012
-443019
-443064
-443081
-443084
-443090
-443138
-443139
-443182
-443203
-443208
-443208
-443210
-443213
-443231
-443273
-443276
-443312
-443316
-443325
-443326
-443364
-443407
-443419
-443424
-443441
-443446
-443482
-443483
-443493
-443523
-443527
-443661
-443664
-443680
-443682
-443691
-443725
-443732
-443747
-443758
-443765
-443795
-443828
-443873
-443894
-443904
-443912
-443931
-443940
-443965
-443979
-443986
-443995
-444002
-444008
-444019
-444028
-444077
-444109
-444141
-444180
-444182
-444183
-444298
-444310
-444347
-444369
-444415
-444440
-444458
-444465
-444477
-444478
-444479
-444513
-444548
-444549
-444555
-444560
-444577
-444594
-444598
-444600
-444619
-444656
-444674
-444713
-444781
-444799
-444807
-444817
-444831
-444844
-444873
-444887
-444943
-444977
-444996
-445023
-445048
-445055
-445075
-445103
-445159
-445171
-445182
-445213
-445244
-445257
-445266
-445268
-445274
-445283
-445287
-445334
-445342
-445371
-445376
-445377
-445378
-445386
-445419
-445419
-445430
-445442
-445477
-445479
-445509
-445541
-445554
-445565
-445598
-445617
-445660
-445677
-445688
-445705
-445706
-445710
-445715
-445735
-445836
-445849
-445899
-445899
-445908
-445910
-445916
-445916
-445946
-445949
-445978
-445981
-445995
-446047
-446060
-446064
-446105
-446108
-446128
-446140
-446152
-446158
-446165
-446179
-446194
-446217
-446225
-446229
-446242
-446245
-446249
-446260
-446266
-446285
-446339
-446359
-446371
-446383
-446412
-446425
-446457
-446492
-446501
-446503
-446540
-446568
-446613
-446659
-446666
-446670
-446705
-446735
-446735
-446742
-446760
-446767
-446780
-446790
-446804
-446810
-446848
-446850
-446861
-446871
-446891
-446893
-446899
-446956
-446971
-446983
-447026
-447044
-447053
-447064
-447087
-447090
-447091
-447102
-447108
-447130
-447200
-447275
-447291
-447292
-447313
-447318
-447330
-447372
-447387
-447432
-447467
-447486
-447493
-447507
-447542
-447593
-447618
-447622
-447622
-447633
-447721
-447811
-447813
-447829
-447843
-447847
-447857
-447887
-447942
-447944
-447972
-448001
-448029
-448036
-448050
-448055
-448085
-448094
-448100
-448190
-448243
-448288
-448297
-448311
-448319
-448334
-448366
-448394
-448406
-448412
-448463
-448487
-448523
-448537
-448584
-448618
-448665
-448674
-448683
-448726
-448733
-448740
-448747
-448752
-448768
-448855
-448898
-448900
-448926
-448981
-449030
-449034
-449046
-449046
-449069
-449118
-449119
-449121
-449125
-449142
-449160
-449167
-449168
-449205
-449259
-449269
-449283
-449314
-449427
-449432
-449435
-449439
-449440
-449453
-449516
-449525
-449595
-449617
-449618
-449619
-449645
-449653
-449679
-449682
-449685
-449704
-449707
-449723
-449733
-449737
-449803
-449828
-449835
-449858
-449904
-449913
-449948
-449956
-449963
-449965
-449988
-449996
-450002
-450013
-450024
-450109
-450169
-450206
-450223
-450231
-450262
-450284
-450293
-450317
-450332
-450334
-450363
-450384
-450397
-450414
-450415
-450419
-450468
-450489
-450491
-450492
-450497
-450520
-450540
-450575
-450581
-450610
-450665
-450755
-450798
-450814
-450821
-450840
-450876
-450894
-450928
-450939
-451016
-451061
-451062
-451138
-451146
-451179
-451198
-451209
-451214
-451217
-451274
-451345
-451368
-451369
-451392
-451392
-451394
-451444
-451444
-451504
-451511
-451521
-451523
-451528
-451625
-451650
-451655
-451658
-451665
-451672
-451714
-451727
-451734
-451741
-451782
-451854
-451857
-451861
-451876
-451881
-451891
-451896
-451909
-451953
-451973
-451987
-451987
-451991
-451995
-452030
-452070
-452107
-452108
-452117
-452122
-452128
-452134
-452147
-452148
-452163
-452203
-452211
-452238
-452256
-452268
-452278
-452280
-452311
-452312
-452321
-452323
-452388
-452416
-452420
-452429
-452430
-452454
-452462
-452496
-452529
-452541
-452561
-452580
-452591
-452605
-452611
-452629
-452640
-452646
-452686
-452706
-452757
-452772
-452775
-452782
-452816
-452832
-452838
-452860
-452861
-452900
-452938
-452945
-452964
-452964
-452965
-452975
-452977
-452996
-453001
-453024
-453047
-453054
-453060
-453062
-453093
-453122
-453125
-453128
-453205
-453217
-453223
-453228
-453236
-453279
-453295
-453327
-453371
-453406
-453424
-453426
-453439
-453440
-453446
-453461
-453498
-453503
-453549
-453649
-453655
-453658
-453672
-453680
-453725
-453730
-453837
-453845
-453847
-453859
-453859
-453867
-453919
-453945
-453957
-453966
-453974
-454110
-454115
-454135
-454136
-454175
-454208
-454226
-454227
-454235
-454262
-454283
-454300
-454312
-454334
-454366
-454368
-454368
-454373
-454449
-454462
-454465
-454471
-454499
-454520
-454529
-454545
-454557
-454587
-454625
-454640
-454684
-454697
-454705
-454729
-454729
-454767
-454776
-454786
-454791
-454795
-454804
-454810
-454825
-454870
-454872
-454885
-454914
-454937
-454944
-454951
-454981
-454985
-454998
-455021
-455036
-455053
-455108
-455128
-455136
-455158
-455245
-455252
-455271
-455286
-455287
-455296
-455310
-455317
-455362
-455374
-455394
-455426
-455458
-455466
-455467
-455471
-455482
-455507
-455515
-455542
-455595
-455601
-455636
-455652
-455711
-455720
-455736
-455745
-455785
-455815
-455835
-455837
-455912
-455916
-455956
-455983
-455987
-455999
-456015
-456039
-456077
-456104
-456121
-456130
-456134
-456148
-456158
-456213
-456246
-456280
-456292
-456360
-456386
-456407
-456430
-456443
-456446
-456453
-456467
-456490
-456501
-456512
-456531
-456615
-456634
-456655
-456659
-456666
-456707
-456710
-456718
-456737
-456750
-456753
-456786
-456806
-456819
-456846
-456925
-456926
-456930
-456971
-456993
-457016
-457017
-457019
-457036
-457048
-457095
-457100
-457101
-457105
-457107
-457118
-457148
-457181
-457256
-457261
-457268
-457279
-457296
-457311
-457313
-457342
-457357
-457359
-457389
-457391
-457394
-457434
-457563
-457565
-457594
-457606
-457607
-457616
-457618
-457656
-457684
-457762
-457798
-457812
-457822
-457831
-457836
-457866
-457878
-457883
-457886
-457886
-457900
-457945
-457980
-457986
-458018
-458026
-458036
-458080
-458178
-458193
-458212
-458258
-458263
-458273
-458284
-458306
-458318
-458324
-458325
-458332
-458374
-458377
-458382
-458436
-458441
-458484
-458484
-458505
-458557
-458562
-458585
-458592
-458630
-458633
-458684
-458704
-458719
-458750
-458760
-458761
-458786
-458818
-458867
-458877
-458877
-458879
-458893
-458896
-458917
-458926
-458935
-458940
-458980
-459005
-459030
-459044
-459046
-459059
-459060
-459091
-459103
-459121
-459138
-459158
-459237
-459258
-459288
-459318
-459380
-459391
-459400
-459419
-459444
-459470
-459471
-459498
-459505
-459506
-459549
-459589
-459596
-459607
-459618
-459687
-459752
-459761
-459769
-459770
-459781
-459799
-459808
-459814
-459823
-459828
-459831
-459863
-459868
-459904
-459904
-459912
-459977
-459987
-460068
-460074
-460109
-460111
-460140
-460140
-460150
-460151
-460153
-460155
-460176
-460198
-460204
-460205
-460212
-460213
-460254
-460260
-460263
-460278
-460291
-460318
-460341
-460353
-460419
-460424
-460425
-460456
-460458
-460466
-460468
-460499
-460505
-460509
-460540
-460560
-460604
-460609
-460615
-460633
-460643
-460644
-460659
-460675
-460687
-460734
-460743
-460787
-460792
-460807
-460824
-460837
-460883
-460897
-460941
-461005
-461006
-461029
-461039
-461044
-461046
-461053
-461132
-461158
-461191
-461216
-461243
-461261
-461266
-461272
-461282
-461297
-461319
-461348
-461414
-461416
-461418
-461476
-461483
-461549
-461550
-461558
-461573
-461585
-461586
-461588
-461602
-461614
-461630
-461650
-461661
-461680
-461735
-461796
-461802
-461816
-461855
-461882
-461902
-461906
-461951
-461963
-461965
-461992
-461998
-462049
-462050
-462060
-462079
-462080
-462092
-462093
-462112
-462126
-462151
-462152
-462158
-462191
-462193
-462194
-462196
-462215
-462221
-462224
-462249
-462251
-462264
-462267
-462270
-462311
-462319
-462331
-462361
-462381
-462412
-462427
-462428
-462429
-462439
-462457
-462477
-462494
-462525
-462535
-462544
-462552
-462554
-462558
-462572
-462587
-462595
-462602
-462630
-462642
-462724
-462754
-462776
-462785
-462940
-462952
-462960
-463039
-463041
-463062
-463077
-463130
-463140
-463156
-463163
-463168
-463187
-463189
-463201
-463274
-463277
-463287
-463323
-463330
-463335
-463371
-463396
-463405
-463439
-463491
-463494
-463511
-463680
-463688
-463726
-463728
-463740
-463753
-463758
-463772
-463773
-463776
-463789
-463801
-463854
-463854
-463865
-463880
-463902
-463909
-463917
-463951
-463983
-463983
-463997
-463999
-464028
-464096
-464113
-464122
-464128
-464131
-464159
-464162
-464166
-464219
-464246
-464267
-464294
-464340
-464344
-464352
-464360
-464389
-464389
-464394
-464405
-464412
-464417
-464431
-464442
-464470
-464480
-464540
-464578
-464580
-464612
-464710
-464768
-464778
-464794
-464821
-464847
-464861
-464869
-464880
-464912
-464924
-464949
-464959
-464968
-464978
-464985
-465071
-465116
-465141
-465142
-465175
-465225
-465303
-465318
-465358
-465367
-465379
-465392
-465410
-465436
-465438
-465444
-465465
-465471
-465509
-465574
-465576
-465587
-465597
-465612
-465614
-465640
-465651
-465653
-465663
-465668
-465671
-465693
-465711
-465783
-465783
-465791
-465826
-465826
-465854
-465865
-465888
-465898
-465931
-466024
-466034
-466046
-466049
-466053
-466129
-466200
-466204
-466226
-466227
-466304
-466312
-466325
-466339
-466363
-466395
-466417
-466490
-466495
-466522
-466550
-466562
-466574
-466581
-466625
-466632
-466666
-466671
-466671
-466675
-466718
-466728
-466730
-466763
-466802
-466834
-466837
-466837
-466841
-466868
-466884
-466917
-466918
-466920
-466965
-466969
-466977
-466978
-466988
-467004
-467009
-467010
-467033
-467045
-467076
-467103
-467127
-467136
-467142
-467151
-467193
-467213
-467243
-467256
-467266
-467284
-467295
-467305
-467327
-467336
-467350
-467385
-467430
-467439
-467449
-467458
-467492
-467505
-467507
-467519
-467532
-467549
-467560
-467565
-467568
-467604
-467609
-467612
-467668
-467693
-467711
-467713
-467727
-467755
-467761
-467773
-467817
-467832
-467867
-467885
-467895
-467913
-467941
-467967
-468000
-468006
-468044
-468062
-468143
-468146
-468148
-468168
-468212
-468244
-468264
-468267
-468275
-468284
-468291
-468304
-468316
-468332
-468382
-468411
-468426
-468470
-468487
-468529
-468566
-468583
-468585
-468599
-468603
-468603
-468605
-468610
-468615
-468618
-468624
-468627
-468640
-468653
-468714
-468730
-468750
-468760
-468773
-468777
-468790
-468791
-468800
-468805
-468825
-468853
-468860
-468864
-468868
-468869
-468872
-468909
-468939
-468954
-468979
-469014
-469030
-469065
-469092
-469093
-469102
-469103
-469132
-469169
-469175
-469207
-469243
-469265
-469316
-469357
-469368
-469382
-469388
-469401
-469405
-469482
-469496
-469502
-469508
-469513
-469576
-469589
-469613
-469624
-469652
-469671
-469741
-469755
-469757
-469761
-469762
-469782
-469818
-469823
-469864
-469866
-469876
-469902
-469908
-469910
-469940
-469946
-469957
-469968
-469970
-469970
-469987
-470000
-470006
-470014
-470023
-470096
-470107
-470131
-470147
-470149
-470164
-470170
-470230
-470263
-470265
-470270
-470295
-470295
-470311
-470313
-470359
-470364
-470413
-470422
-470436
-470441
-470480
-470521
-470558
-470600
-470637
-470639
-470666
-470684
-470711
-470744
-470744
-470764
-470781
-470872
-470882
-470889
-470901
-470902
-470918
-470920
-470930
-470932
-470981
-470998
-471008
-471031
-471059
-471096
-471112
-471175
-471203
-471223
-471278
-471354
-471396
-471414
-471463
-471519
-471551
-471559
-471577
-471626
-471630
-471652
-471661
-471672
-471696
-471716
-471716
-471739
-471767
-471777
-471795
-471830
-471858
-471894
-471901
-471902
-471963
-471968
-471980
-471982
-471988
-472007
-472085
-472112
-472132
-472157
-472187
-472199
-472221
-472239
-472242
-472244
-472273
-472285
-472314
-472374
-472409
-472444
-472465
-472473
-472474
-472508
-472532
-472538
-472554
-472557
-472577
-472591
-472595
-472625
-472688
-472695
-472700
-472722
-472730
-472737
-472749
-472783
-472790
-472807
-472812
-472914
-472915
-472922
-472965
-473000
-473018
-473028
-473051
-473057
-473069
-473081
-473103
-473149
-473155
-473177
-473192
-473194
-473239
-473288
-473302
-473321
-473329
-473342
-473343
-473372
-473384
-473389
-473395
-473407
-473420
-473443
-473445
-473449
-473490
-473491
-473498
-473527
-473540
-473548
-473584
-473625
-473665
-473670
-473697
-473725
-473732
-473752
-473766
-473775
-473777
-473788
-473788
-473790
-473817
-473821
-473849
-473851
-473857
-473869
-473869
-473890
-473908
-473911
-473917
-473950
-474009
-474011
-474024
-474024
-474025
-474028
-474087
-474092
-474134
-474150
-474166
-474168
-474171
-474174
-474185
-474202
-474250
-474288
-474291
-474320
-474334
-474354
-474370
-474376
-474383
-474391
-474409
-474423
-474449
-474470
-474473
-474486
-474509
-474514
-474519
-474521
-474532
-474547
-474632
-474646
-474673
-474694
-474710
-474717
-474741
-474746
-474749
-474802
-474825
-474829
-474849
-474895
-474906
-474952
-474953
-474968
-475044
-475066
-475087
-475113
-475154
-475210
-475260
-475261
-475287
-475336
-475379
-475395
-475409
-475414
-475416
-475421
-475424
-475426
-475433
-475498
-475556
-475573
-475576
-475588
-475599
-475610
-475636
-475663
-475663
-475666
-475693
-475698
-475707
-475723
-475732
-475752
-475752
-475759
-475809
-475833
-475845
-475854
-475859
-475859
-475871
-475880
-475903
-475908
-475912
-475913
-475918
-475932
-475957
-475966
-475975
-476011
-476082
-476090
-476111
-476164
-476164
-476176
-476197
-476198
-476297
-476307
-476323
-476333
-476340
-476356
-476431
-476431
-476438
-476451
-476465
-476500
-476505
-476607
-476618
-476631
-476654
-476685
-476693
-476713
-476730
-476751
-476760
-476808
-476868
-476890
-476918
-476974
-477048
-477057
-477105
-477124
-477147
-477193
-477248
-477253
-477271
-477278
-477283
-477312
-477318
-477350
-477357
-477390
-477446
-477501
-477513
-477524
-477538
-477563
-477577
-477617
-477656
-477668
-477701
-477703
-477726
-477750
-477771
-477854
-477854
-477865
-477878
-477887
-477892
-477900
-477990
-478012
-478050
-478077
-478082
-478111
-478139
-478157
-478186
-478187
-478191
-478215
-478231
-478235
-478264
-478267
-478269
-478285
-478298
-478299
-478331
-478358
-478380
-478380
-478384
-478393
-478411
-478428
-478452
-478508
-478540
-478555
-478557
-478570
-478614
-478616
-478625
-478666
-478668
-478684
-478709
-478715
-478723
-478773
-478829
-478832
-478840
-478841
-478867
-478869
-478909
-478947
-479016
-479043
-479094
-479108
-479109
-479116
-479124
-479168
-479185
-479198
-479222
-479223
-479232
-479243
-479250
-479283
-479283
-479299
-479362
-479368
-479369
-479396
-479404
-479436
-479481
-479501
-479509
-479540
-479544
-479546
-479547
-479553
-479598
-479604
-479645
-479653
-479668
-479677
-479726
-479739
-479748
-479748
-479757
-479777
-479783
-479792
-479804
-479805
-479820
-479827
-479838
-479846
-479866
-479894
-479897
-479909
-479928
-479943
-479944
-479951
-479962
-479978
-479983
-480002
-480028
-480040
-480056
-480075
-480150
-480173
-480177
-480241
-480246
-480252
-480252
-480255
-480270
-480280
-480284
-480333
-480351
-480358
-480371
-480399
-480418
-480423
-480491
-480494
-480504
-480569
-480584
-480591
-480613
-480619
-480624
-480627
-480641
-480657
-480660
-480703
-480707
-480724
-480734
-480742
-480749
-480759
-480768
-480781
-480787
-480794
-480816
-480831
-480837
-480865
-480925
-480965
-480976
-481007
-481026
-481040
-481046
-481064
-481078
-481108
-481131
-481131
-481151
-481190
-481218
-481220
-481239
-481244
-481265
-481300
-481302
-481352
-481395
-481445
-481449
-481466
-481479
-481481
-481490
-481527
-481543
-481553
-481569
-481577
-481629
-481630
-481639
-481644
-481649
-481689
-481732
-481760
-481766
-481794
-481796
-481827
-481832
-481862
-481883
-481944
-482004
-482006
-482007
-482040
-482059
-482063
-482066
-482076
-482083
-482086
-482091
-482098
-482099
-482106
-482114
-482149
-482164
-482172
-482174
-482187
-482187
-482189
-482191
-482205
-482229
-482229
-482248
-482290
-482298
-482335
-482349
-482390
-482392
-482405
-482452
-482455
-482468
-482488
-482502
-482530
-482531
-482535
-482548
-482571
-482591
-482608
-482625
-482639
-482641
-482644
-482646
-482670
-482692
-482719
-482730
-482771
-482797
-482849
-482857
-482877
-482920
-482959
-482969
-482979
-482986
-482999
-483012
-483060
-483083
-483115
-483167
-483181
-483181
-483183
-483206
-483215
-483226
-483239
-483251
-483251
-483270
-483298
-483367
-483408
-483491
-483539
-483546
-483552
-483554
-483604
-483646
-483650
-483672
-483674
-483685
-483690
-483721
-483754
-483772
-483792
-483829
-483927
-483932
-483943
-483971
-483975
-483983
-484032
-484040
-484066
-484075
-484076
-484086
-484088
-484089
-484096
-484100
-484109
-484120
-484143
-484172
-484214
-484251
-484257
-484259
-484282
-484290
-484298
-484302
-484306
-484317
-484349
-484374
-484404
-484414
-484420
-484421
-484432
-484445
-484448
-484455
-484491
-484492
-484517
-484537
-484562
-484594
-484598
-484613
-484622
-484622
-484626
-484644
-484662
-484681
-484717
-484722
-484764
-484779
-484793
-484841
-484866
-484869
-484881
-484938
-484947
-484955
-484969
-484972
-484992
-484992
-485023
-485024
-485056
-485121
-485127
-485167
-485180
-485191
-485192
-485208
-485275
-485275
-485318
-485348
-485352
-485363
-485400
-485420
-485420
-485436
-485449
-485497
-485499
-485519
-485531
-485540
-485553
-485554
-485571
-485644
-485650
-485652
-485663
-485692
-485706
-485710
-485711
-485723
-485737
-485764
-485835
-485844
-485858
-485905
-485925
-485949
-485970
-485986
-485997
-485998
-486015
-486054
-486070
-486120
-486124
-486125
-486201
-486203
-486212
-486262
-486317
-486327
-486344
-486381
-486410
-486420
-486435
-486442
-486459
-486475
-486484
-486550
-486557
-486568
-486582
-486589
-486614
-486631
-486635
-486679
-486682
-486694
-486775
-486786
-486800
-486800
-486813
-486826
-486829
-486855
-486914
-486925
-486928
-486948
-486955
-486958
-486964
-486972
-486979
-486981
-486996
-487016
-487059
-487066
-487093
-487121
-487186
-487215
-487237
-487260
-487303
-487311
-487328
-487344
-487345
-487348
-487360
-487399
-487404
-487414
-487439
-487439
-487439
-487475
-487494
-487494
-487508
-487513
-487553
-487557
-487567
-487622
-487647
-487647
-487684
-487686
-487699
-487701
-487702
-487708
-487713
-487725
-487796
-487829
-487869
-487875
-487875
-487899
-487901
-487905
-487923
-488087
-488097
-488265
-488267
-488323
-488368
-488398
-488454
-488476
-488508
-488522
-488575
-488629
-488646
-488646
-488675
-488696
-488723
-488768
-488784
-488789
-488822
-488831
-488884
-488985
-488997
-489033
-489061
-489078
-489141
-489189
-489193
-489211
-489227
-489236
-489239
-489242
-489256
-489259
-489281
-489292
-489304
-489334
-489340
-489353
-489366
-489371
-489387
-489425
-489440
-489497
-489498
-489503
-489547
-489556
-489582
-489610
-489629
-489633
-489652
-489665
-489737
-489779
-489800
-489808
-489823
-489871
-489873
-489910
-489932
-489937
-489957
-489959
-489969
-489980
-490023
-490046
-490054
-490054
-490057
-490089
-490130
-490169
-490204
-490226
-490252
-490272
-490279
-490282
-490293
-490308
-490329
-490367
-490372
-490380
-490402
-490406
-490429
-490437
-490460
-490462
-490477
-490579
-490593
-490604
-490619
-490646
-490651
-490658
-490689
-490699
-490725
-490739
-490754
-490779
-490789
-490791
-490815
-490849
-490850
-490860
-490877
-490912
-490917
-490939
-490946
-490959
-490971
-490975
-491033
-491053
-491087
-491088
-491129
-491147
-491153
-491167
-491227
-491241
-491247
-491254
-491255
-491276
-491309
-491315
-491334
-491346
-491360
-491405
-491420
-491452
-491461
-491490
-491526
-491530
-491541
-491544
-491551
-491585
-491628
-491661
-491661
-491689
-491701
-491729
-491753
-491794
-491809
-491812
-491829
-491863
-491893
-491919
-491919
-491937
-491943
-491950
-491958
-491971
-491971
-491998
-492011
-492034
-492040
-492074
-492079
-492097
-492100
-492167
-492194
-492202
-492209
-492231
-492294
-492312
-492318
-492354
-492368
-492375
-492384
-492421
-492438
-492450
-492469
-492481
-492550
-492554
-492565
-492566
-492610
-492637
-492645
-492649
-492669
-492674
-492675
-492703
-492715
-492726
-492732
-492747
-492747
-492749
-492751
-492767
-492772
-492775
-492775
-492810
-492850
-492854
-492900
-492903
-492921
-492931
-492946
-492979
-492992
-492999
-493002
-493033
-493054
-493056
-493062
-493087
-493097
-493134
-493142
-493168
-493174
-493202
-493227
-493237
-493240
-493245
-493262
-493272
-493290
-493290
-493322
-493347
-493372
-493379
-493387
-493479
-493483
-493498
-493502
-493512
-493521
-493523
-493526
-493526
-493535
-493561
-493577
-493635
-493639
-493668
-493671
-493676
-493707
-493718
-493738
-493757
-493786
-493829
-493849
-493858
-493875
-493886
-493892
-493897
-493913
-493915
-493942
-493957
-493961
-493982
-494001
-494032
-494060
-494089
-494096
-494109
-494114
-494141
-494183
-494184
-494226
-494233
-494298
-494327
-494343
-494349
-494350
-494361
-494405
-494426
-494457
-494463
-494485
-494487
-494523
-494570
-494606
-494631
-494651
-494665
-494696
-494751
-494814
-494827
-494849
-494850
-494870
-494871
-494881
-494925
-494962
-494967
-494978
-494979
-494985
-494988
-495021
-495030
-495051
-495073
-495075
-495083
-495094
-495098
-495123
-495125
-495135
-495151
-495228
-495228
-495241
-495257
-495275
-495299
-495304
-495318
-495348
-495357
-495363
-495379
-495387
-495402
-495405
-495411
-495418
-495472
-495495
-495495
-495507
-495513
-495513
-495546
-495648
-495680
-495716
-495720
-495731
-495734
-495742
-495743
-495750
-495810
-495835
-495845
-495871
-495909
-495913
-495956
-495962
-495965
-496000
-496078
-496082
-496118
-496161
-496162
-496198
-496236
-496240
-496269
-496273
-496323
-496335
-496345
-496368
-496395
-496403
-496430
-496436
-496436
-496437
-496439
-496467
-496472
-496485
-496511
-496567
-496593
-496619
-496671
-496731
-496738
-496741
-496751
-496753
-496764
-496769
-496794
-496807
-496810
-496872
-496882
-496912
-496919
-496939
-496948
-496956
-496975
-496986
-496997
-497013
-497029
-497049
-497074
-497075
-497080
-497097
-497133
-497138
-497149
-497163
-497252
-497259
-497261
-497299
-497329
-497345
-497362
-497369
-497396
-497397
-497428
-497431
-497431
-497440
-497448
-497483
-497487
-497488
-497504
-497517
-497520
-497543
-497551
-497557
-497592
-497615
-497648
-497656
-497692
-497711
-497759
-497776
-497805
-497812
-497864
-497864
-497885
-497890
-497893
-497909
-497935
-497946
-497948
-497950
-497952
-497962
-497987
-497990
-498004
-498008
-498019
-498025
-498036
-498084
-498114
-498139
-498187
-498207
-498230
-498261
-498272
-498299
-498304
-498331
-498338
-498350
-498423
-498431
-498454
-498490
-498528
-498539
-498615
-498620
-498661
-498713
-498714
-498726
-498728
-498752
-498797
-498804
-498836
-498842
-498848
-498859
-498870
-498879
-498886
-498915
-498929
-498930
-498984
-498984
-499001
-499049
-499070
-499073
-499091
-499103
-499107
-499149
-499161
-499190
-499200
-499234
-499238
-499239
-499264
-499281
-499290
-499313
-499413
-499416
-499425
-499432
-499435
-499444
-499471
-499526
-499551
-499581
-499620
-499645
-499682
-499716
-499743
-499749
-499755
-499783
-499792
-499833
-499839
-499892
-499904
-499984
-500023
-500043
-500067
-500070
-500072
-500074
-500079
-500085
-500100
-500128
-500132
-500142
-500146
-500149
-500156
-500171
-500185
-500200
-500207
-500211
-500269
-500283
-500285
-500290
-500302
-500335
-500337
-500370
-500374
-500399
-500440
-500452
-500453
-500480
-500485
-500524
-500536
-500548
-500551
-500552
-500571
-500604
-500610
-500628
-500668
-500678
-500684
-500727
-500792
-500795
-500823
-500829
-500852
-500901
-500906
-500916
-500917
-500946
-500968
-500978
-500988
-500995
-501004
-501013
-501022
-501031
-501038
-501061
-501147
-501191
-501213
-501213
-501244
-501248
-501249
-501277
-501285
-501311
-501339
-501390
-501423
-501446
-501527
-501545
-501573
-501573
-501574
-501677
-501688
-501718
-501755
-501760
-501769
-501787
-501829
-501848
-501864
-501891
-501913
-501949
-501967
-501967
-501994
-502030
-502038
-502041
-502063
-502078
-502088
-502094
-502095
-502126
-502134
-502137
-502149
-502161
-502216
-502231
-502260
-502283
-502295
-502329
-502343
-502408
-502415
-502419
-502452
-502461
-502478
-502514
-502515
-502519
-502530
-502574
-502618
-502622
-502636
-502641
-502641
-502721
-502744
-502767
-502798
-502798
-502856
-502867
-502894
-502923
-502944
-502944
-502982
-503004
-503050
-503055
-503072
-503084
-503101
-503129
-503155
-503181
-503181
-503197
-503227
-503230
-503244
-503249
-503249
-503337
-503346
-503347
-503380
-503420
-503434
-503439
-503463
-503529
-503550
-503585
-503601
-503603
-503641
-503650
-503672
-503681
-503690
-503722
-503730
-503771
-503804
-503805
-503808
-503826
-503874
-503885
-503934
-503970
-504076
-504101
-504106
-504135
-504137
-504147
-504150
-504156
-504171
-504177
-504196
-504204
-504204
-504226
-504234
-504277
-504303
-504309
-504325
-504325
-504326
-504333
-504340
-504400
-504412
-504417
-504435
-504443
-504456
-504498
-504516
-504529
-504567
-504613
-504624
-504634
-504636
-504680
-504700
-504737
-504744
-504755
-504762
-504789
-504794
-504811
-504833
-504842
-504878
-504929
-504930
-504947
-504955
-504960
-504992
-504997
-505024
-505061
-505066
-505079
-505105
-505159
-505169
-505187
-505194
-505195
-505243
-505287
-505301
-505354
-505358
-505359
-505386
-505391
-505429
-505478
-505500
-505518
-505529
-505531
-505551
-505570
-505574
-505579
-505591
-505607
-505661
-505669
-505690
-505702
-505734
-505736
-505780
-505791
-505792
-505846
-505864
-505894
-505897
-505927
-505933
-505947
-505974
-506002
-506011
-506012
-506024
-506025
-506027
-506028
-506053
-506065
-506080
-506102
-506114
-506116
-506119
-506120
-506188
-506198
-506217
-506233
-506248
-506256
-506267
-506274
-506310
-506317
-506319
-506320
-506330
-506349
-506379
-506461
-506464
-506512
-506516
-506576
-506590
-506614
-506639
-506652
-506667
-506684
-506713
-506759
-506811
-506870
-506877
-506987
-507005
-507013
-507070
-507102
-507105
-507154
-507176
-507181
-507223
-507225
-507242
-507250
-507256
-507265
-507281
-507327
-507354
-507363
-507398
-507404
-507407
-507411
-507425
-507441
-507444
-507457
-507461
-507463
-507467
-507507
-507512
-507513
-507526
-507531
-507542
-507555
-507564
-507600
-507655
-507662
-507666
-507681
-507744
-507798
-507799
-507824
-507834
-507843
-507878
-507924
-507927
-507927
-507943
-507987
-507990
-508004
-508040
-508041
-508049
-508057
-508061
-508062
-508070
-508083
-508093
-508107
-508118
-508133
-508157
-508157
-508160
-508160
-508164
-508181
-508203
-508204
-508226
-508239
-508292
-508292
-508316
-508328
-508343
-508355
-508363
-508373
-508374
-508379
-508381
-508403
-508441
-508447
-508469
-508471
-508506
-508538
-508555
-508567
-508579
-508583
-508596
-508603
-508614
-508624
-508631
-508652
-508692
-508697
-508699
-508716
-508717
-508722
-508722
-508767
-508801
-508831
-508836
-508849
-508878
-508887
-508896
-508944
-508947
-508952
-508958
-508976
-509002
-509009
-509012
-509039
-509070
-509089
-509113
-509117
-509127
-509150
-509167
-509171
-509176
-509180
-509217
-509237
-509273
-509315
-509317
-509327
-509328
-509339
-509347
-509354
-509355
-509357
-509385
-509388
-509419
-509420
-509424
-509433
-509454
-509465
-509480
-509506
-509535
-509573
-509589
-509644
-509652
-509706
-509707
-509711
-509718
-509746
-509757
-509776
-509783
-509802
-509806
-509818
-509833
-509840
-509934
-509952
-510028
-510042
-510066
-510073
-510076
-510086
-510140
-510146
-510182
-510189
-510208
-510209
-510219
-510235
-510254
-510262
-510265
-510266
-510270
-510284
-510288
-510323
-510343
-510357
-510376
-510407
-510421
-510447
-510508
-510511
-510541
-510555
-510559
-510608
-510609
-510626
-510658
-510691
-510694
-510718
-510729
-510747
-510754
-510778
-510790
-510812
-510837
-510866
-510881
-510913
-510925
-510942
-510988
-510995
-511010
-511015
-511039
-511083
-511127
-511136
-511165
-511181
-511218
-511232
-511252
-511281
-511287
-511342
-511360
-511410
-511449
-511493
-511526
-511541
-511542
-511565
-511585
-511589
-511590
-511594
-511626
-511666
-511708
-511710
-511710
-511721
-511728
-511743
-511784
-511796
-511812
-511867
-511872
-511940
-511965
-511980
-511990
-512046
-512080
-512100
-512165
-512184
-512191
-512203
-512213
-512221
-512245
-512284
-512301
-512314
-512321
-512342
-512393
-512393
-512397
-512441
-512485
-512536
-512538
-512565
-512606
-512618
-512624
-512639
-512656
-512662
-512680
-512702
-512713
-512714
-512766
-512768
-512777
-512841
-512872
-512876
-512886
-512891
-512937
-512957
-512978
-513004
-513033
-513055
-513077
-513138
-513156
-513164
-513221
-513243
-513275
-513321
-513328
-513359
-513366
-513390
-513406
-513427
-513428
-513450
-513482
-513484
-513518
-513522
-513573
-513601
-513609
-513672
-513751
-513778
-513792
-513808
-513850
-513854
-513873
-513888
-513891
-513906
-513907
-513916
-513946
-513983
-514009
-514051
-514076
-514079
-514107
-514114
-514134
-514134
-514143
-514170
-514177
-514208
-514222
-514262
-514282
-514317
-514322
-514330
-514346
-514352
-514353
-514353
-514360
-514361
-514389
-514399
-514401
-514441
-514443
-514453
-514480
-514502
-514559
-514573
-514598
-514603
-514603
-514607
-514608
-514672
-514674
-514686
-514713
-514763
-514797
-514805
-514812
-514814
-514846
-514851
-514855
-514874
-514917
-514919
-514948
-514955
-514959
-514962
-515023
-515035
-515068
-515087
-515096
-515115
-515120
-515139
-515143
-515166
-515193
-515195
-515205
-515222
-515239
-515253
-515270
-515293
-515311
-515347
-515349
-515382
-515419
-515468
-515469
-515488
-515512
-515530
-515584
-515602
-515621
-515671
-515686
-515709
-515724
-515745
-515746
-515751
-515808
-515809
-515813
-515814
-515820
-515838
-515928
-515956
-515972
-515989
-516022
-516093
-516108
-516120
-516121
-516129
-516130
-516158
-516186
-516210
-516227
-516245
-516249
-516255
-516256
-516302
-516320
-516323
-516323
-516335
-516357
-516361
-516368
-516410
-516416
-516435
-516460
-516482
-516585
-516589
-516625
-516651
-516765
-516791
-516792
-516819
-516836
-516844
-516851
-516883
-516899
-516899
-516902
-516903
-516978
-516980
-516994
-516997
-517044
-517076
-517084
-517118
-517122
-517142
-517171
-517185
-517188
-517206
-517302
-517327
-517336
-517338
-517352
-517378
-517393
-517401
-517407
-517424
-517461
-517471
-517475
-517499
-517503
-517569
-517586
-517589
-517617
-517634
-517635
-517638
-517638
-517651
-517685
-517745
-517748
-517766
-517779
-517821
-517892
-517922
-517949
-517962
-517967
-518006
-518019
-518039
-518041
-518046
-518052
-518089
-518119
-518123
-518150
-518166
-518181
-518189
-518198
-518210
-518243
-518279
-518286
-518292
-518335
-518344
-518357
-518375
-518378
-518391
-518420
-518433
-518473
-518505
-518531
-518542
-518572
-518613
-518627
-518634
-518652
-518664
-518700
-518729
-518756
-518764
-518767
-518768
-518827
-518843
-518881
-518917
-518921
-518938
-518986
-519001
-519006
-519011
-519045
-519047
-519060
-519085
-519098
-519103
-519118
-519130
-519147
-519160
-519218
-519253
-519259
-519260
-519276
-519289
-519299
-519309
-519317
-519340
-519352
-519356
-519360
-519369
-519379
-519388
-519403
-519409
-519428
-519437
-519481
-519490
-519576
-519597
-519601
-519603
-519676
-519689
-519703
-519705
-519718
-519729
-519753
-519763
-519777
-519783
-519785
-519873
-519897
-519944
-519973
-520008
-520048
-520076
-520088
-520091
-520116
-520155
-520164
-520177
-520178
-520181
-520189
-520204
-520210
-520213
-520271
-520275
-520300
-520320
-520336
-520337
-520342
-520369
-520376
-520424
-520460
-520467
-520474
-520477
-520488
-520498
-520548
-520583
-520588
-520655
-520655
-520678
-520695
-520709
-520748
-520789
-520827
-520848
-520852
-520853
-520863
-520870
-520915
-520917
-520990
-520992
-521028
-521031
-521058
-521059
-521066
-521070
-521080
-521081
-521090
-521126
-521130
-521162
-521182
-521196
-521203
-521216
-521220
-521242
-521259
-521262
-521266
-521306
-521328
-521345
-521349
-521360
-521381
-521481
-521490
-521565
-521577
-521581
-521589
-521591
-521593
-521730
-521742
-521774
-521782
-521795
-521812
-521814
-521838
-521867
-521898
-521913
-521949
-521950
-521964
-521984
-521994
-522000
-522000
-522027
-522094
-522102
-522106
-522120
-522122
-522129
-522130
-522192
-522222
-522236
-522237
-522238
-522249
-522265
-522309
-522314
-522328
-522339
-522352
-522379
-522430
-522438
-522448
-522481
-522483
-522530
-522533
-522543
-522551
-522553
-522556
-522598
-522611
-522616
-522648
-522666
-522680
-522696
-522724
-522767
-522767
-522771
-522796
-522800
-522806
-522813
-522844
-522894
-522902
-522950
-522963
-522982
-523031
-523034
-523044
-523059
-523087
-523093
-523107
-523130
-523159
-523159
-523170
-523208
-523242
-523242
-523293
-523320
-523330
-523347
-523364
-523399
-523400
-523418
-523425
-523425
-523448
-523492
-523529
-523536
-523544
-523569
-523605
-523626
-523646
-523694
-523707
-523709
-523710
-523718
-523738
-523749
-523758
-523761
-523770
-523794
-523806
-523830
-523854
-523885
-523921
-523929
-523964
-524001
-524007
-524009
-524018
-524029
-524040
-524051
-524078
-524080
-524111
-524137
-524157
-524159
-524177
-524196
-524207
-524224
-524236
-524262
-524284
-524285
-524287
-524288
-524296
-524318
-524331
-524337
-524367
-524418
-524450
-524463
-524484
-524509
-524534
-524536
-524543
-524580
-524632
-524643
-524645
-524708
-524722
-524890
-524908
-524917
-524941
-524974
-525016
-525047
-525077
-525087
-525089
-525093
-525106
-525136
-525148
-525155
-525191
-525205
-525261
-525265
-525327
-525329
-525348
-525373
-525393
-525398
-525403
-525418
-525496
-525517
-525523
-525540
-525581
-525591
-525629
-525634
-525668
-525670
-525674
-525696
-525719
-525729
-525753
-525788
-525818
-525833
-525852
-525924
-525925
-525926
-525932
-525960
-525961
-525969
-526017
-526018
-526018
-526092
-526099
-526108
-526110
-526115
-526154
-526204
-526205
-526212
-526214
-526227
-526271
-526272
-526283
-526319
-526324
-526340
-526353
-526353
-526365
-526376
-526421
-526425
-526440
-526460
-526471
-526483
-526492
-526492
-526599
-526630
-526677
-526680
-526715
-526719
-526723
-526742
-526750
-526833
-526835
-526905
-526924
-526933
-526968
-526990
-527046
-527072
-527076
-527082
-527105
-527109
-527141
-527145
-527208
-527268
-527285
-527306
-527312
-527313
-527322
-527359
-527376
-527393
-527414
-527421
-527428
-527446
-527468
-527479
-527515
-527548
-527592
-527639
-527669
-527685
-527736
-527867
-527899
-527899
-527931
-527980
-528042
-528044
-528045
-528051
-528069
-528092
-528109
-528148
-528166
-528232
-528253
-528272
-528274
-528281
-528293
-528301
-528311
-528330
-528340
-528342
-528356
-528397
-528410
-528417
-528422
-528439
-528446
-528455
-528471
-528472
-528479
-528499
-528501
-528502
-528536
-528544
-528547
-528552
-528602
-528604
-528625
-528665
-528671
-528672
-528673
-528679
-528695
-528724
-528781
-528807
-528825
-528853
-528872
-528919
-528927
-528929
-528930
-528967
-528985
-528998
-528998
-529035
-529077
-529081
-529093
-529097
-529106
-529172
-529188
-529196
-529224
-529237
-529252
-529262
-529311
-529316
-529320
-529326
-529348
-529365
-529385
-529420
-529424
-529493
-529496
-529506
-529529
-529543
-529558
-529612
-529622
-529659
-529672
-529673
-529692
-529757
-529828
-529908
-529925
-529945
-529971
-529972
-530019
-530045
-530078
-530081
-530085
-530088
-530177
-530192
-530207
-530220
-530268
-530268
-530275
-530282
-530282
-530289
-530302
-530305
-530310
-530314
-530347
-530349
-530356
-530362
-530370
-530418
-530421
-530441
-530463
-530478
-530511
-530522
-530538
-530554
-530618
-530626
-530655
-530680
-530707
-530752
-530754
-530768
-530784
-530789
-530805
-530833
-530846
-530944
-530945
-530954
-530966
-531009
-531048
-531054
-531069
-531080
-531119
-531126
-531183
-531213
-531242
-531252
-531279
-531310
-531349
-531402
-531405
-531431
-531433
-531500
-531532
-531536
-531570
-531581
-531612
-531651
-531683
-531695
-531713
-531721
-531743
-531823
-531828
-531854
-531859
-531887
-531888
-531910
-531917
-531933
-531952
-531985
-531987
-531988
-531993
-532028
-532034
-532035
-532053
-532090
-532091
-532094
-532117
-532119
-532135
-532135
-532156
-532157
-532167
-532184
-532195
-532198
-532210
-532263
-532264
-532320
-532351
-532380
-532403
-532426
-532438
-532468
-532504
-532511
-532525
-532568
-532594
-532619
-532638
-532677
-532679
-532735
-532738
-532746
-532748
-532752
-532761
-532777
-532781
-532782
-532805
-532876
-532882
-532882
-532891
-532968
-532970
-532975
-532988
-533024
-533033
-533068
-533081
-533121
-533149
-533154
-533188
-533219
-533233
-533258
-533268
-533268
-533271
-533272
-533275
-533350
-533356
-533368
-533430
-533529
-533530
-533538
-533581
-533602
-533635
-533636
-533649
-533655
-533666
-533671
-533697
-533705
-533710
-533712
-533786
-533804
-533832
-533833
-533842
-533853
-533884
-533891
-533922
-533979
-534018
-534023
-534031
-534037
-534077
-534078
-534098
-534134
-534139
-534189
-534237
-534241
-534246
-534317
-534328
-534391
-534415
-534441
-534452
-534525
-534566
-534578
-534612
-534619
-534649
-534651
-534663
-534689
-534700
-534733
-534734
-534748
-534769
-534769
-534775
-534790
-534794
-534794
-534834
-534843
-534879
-534903
-534942
-534988
-535010
-535068
-535070
-535089
-535103
-535128
-535152
-535208
-535220
-535228
-535245
-535252
-535259
-535265
-535271
-535301
-535326
-535390
-535400
-535400
-535401
-535411
-535428
-535452
-535458
-535461
-535473
-535509
-535524
-535536
-535544
-535567
-535579
-535579
-535583
-535635
-535661
-535662
-535690
-535721
-535737
-535756
-535775
-535789
-535792
-535818
-535894
-535903
-535916
-535941
-535944
-536060
-536063
-536091
-536092
-536136
-536193
-536212
-536218
-536224
-536229
-536230
-536295
-536310
-536368
-536373
-536391
-536391
-536410
-536429
-536434
-536446
-536450
-536457
-536458
-536537
-536602
-536615
-536650
-536727
-536731
-536735
-536749
-536811
-536816
-536850
-536856
-536880
-536897
-536916
-536916
-536921
-536923
-537012
-537022
-537052
-537066
-537103
-537128
-537141
-537154
-537166
-537186
-537197
-537198
-537213
-537243
-537266
-537291
-537315
-537326
-537331
-537359
-537368
-537371
-537396
-537432
-537462
-537483
-537490
-537492
-537508
-537514
-537531
-537548
-537600
-537631
-537703
-537719
-537733
-537752
-537771
-537775
-537786
-537846
-537867
-537877
-537884
-537898
-537900
-537900
-537900
-537919
-537958
-537958
-537994
-538072
-538118
-538123
-538136
-538136
-538228
-538256
-538272
-538320
-538323
-538337
-538339
-538341
-538364
-538366
-538378
-538406
-538408
-538464
-538465
-538492
-538495
-538520
-538544
-538553
-538581
-538600
-538630
-538684
-538693
-538699
-538731
-538793
-538806
-538806
-538827
-538838
-538854
-538855
-538908
-538912
-538921
-538927
-538979
-538984
-538992
-539008
-539012
-539027
-539033
-539050
-539054
-539091
-539101
-539127
-539136
-539150
-539164
-539192
-539200
-539214
-539251
-539269
-539274
-539287
-539291
-539301
-539324
-539328
-539328
-539349
-539350
-539353
-539405
-539408
-539428
-539458
-539464
-539480
-539515
-539543
-539544
-539548
-539550
-539590
-539592
-539596
-539619
-539649
-539651
-539705
-539720
-539726
-539737
-539796
-539809
-539830
-539845
-539849
-539851
-539852
-539860
-539880
-539882
-539899
-539929
-539930
-539938
-539970
-539970
-539980
-539999
-540028
-540061
-540066
-540078
-540093
-540126
-540128
-540133
-540165
-540171
-540178
-540190
-540264
-540284
-540284
-540296
-540308
-540364
-540379
-540386
-540428
-540438
-540444
-540447
-540451
-540469
-540479
-540482
-540483
-540514
-540528
-540530
-540556
-540559
-540601
-540602
-540605
-540608
-540614
-540649
-540669
-540670
-540701
-540707
-540729
-540758
-540762
-540767
-540770
-540788
-540846
-540858
-540892
-540914
-540915
-540928
-540979
-541025
-541051
-541068
-541070
-541075
-541086
-541113
-541161
-541184
-541199
-541213
-541216
-541218
-541236
-541236
-541252
-541263
-541263
-541300
-541335
-541350
-541369
-541390
-541407
-541411
-541529
-541532
-541546
-541607
-541627
-541656
-541676
-541702
-541709
-541714
-541758
-541767
-541779
-541793
-541817
-541837
-541860
-541860
-541888
-541900
-541903
-541905
-541906
-541914
-541928
-541950
-541957
-541958
-542006
-542019
-542058
-542131
-542146
-542172
-542183
-542201
-542205
-542209
-542224
-542225
-542259
-542267
-542284
-542316
-542325
-542363
-542421
-542423
-542432
-542457
-542490
-542498
-542503
-542518
-542548
-542578
-542610
-542619
-542629
-542632
-542661
-542661
-542674
-542683
-542686
-542734
-542735
-542778
-542803
-542809
-542814
-542831
-542847
-542861
-542862
-542865
-542881
-542881
-542909
-542946
-542967
-542970
-543003
-543060
-543115
-543136
-543137
-543148
-543168
-543198
-543227
-543255
-543271
-543283
-543290
-543295
-543301
-543332
-543363
-543405
-543453
-543455
-543458
-543466
-543480
-543503
-543540
-543552
-543553
-543555
-543566
-543575
-543576
-543622
-543646
-543672
-543675
-543675
-543705
-543719
-543722
-543723
-543741
-543774
-543838
-543873
-543877
-543903
-543915
-543918
-543964
-544000
-544003
-544004
-544022
-544055
-544055
-544067
-544070
-544099
-544099
-544108
-544138
-544150
-544176
-544200
-544202
-544207
-544239
-544250
-544253
-544271
-544272
-544275
-544290
-544296
-544312
-544317
-544330
-544334
-544341
-544386
-544416
-544418
-544441
-544445
-544448
-544474
-544477
-544498
-544502
-544513
-544529
-544548
-544548
-544566
-544579
-544580
-544588
-544661
-544669
-544798
-544804
-544817
-544819
-544836
-544842
-544847
-544858
-544891
-544899
-544916
-544927
-544939
-544939
-544951
-544954
-544958
-544966
-544984
-545013
-545014
-545030
-545031
-545043
-545056
-545063
-545072
-545140
-545169
-545205
-545213
-545223
-545229
-545262
-545302
-545312
-545323
-545341
-545367
-545382
-545413
-545418
-545452
-545487
-545489
-545504
-545531
-545532
-545539
-545566
-545604
-545705
-545714
-545732
-545767
-545771
-545798
-545808
-545851
-545891
-545902
-545926
-545927
-545943
-545948
-545955
-545962
-545967
-545976
-545983
-545987
-545992
-546029
-546037
-546061
-546099
-546100
-546116
-546161
-546166
-546184
-546196
-546209
-546244
-546246
-546274
-546315
-546355
-546359
-546367
-546368
-546380
-546399
-546408
-546443
-546448
-546458
-546473
-546476
-546478
-546481
-546503
-546563
-546601
-546601
-546627
-546660
-546672
-546694
-546694
-546718
-546732
-546804
-546809
-546830
-546855
-546861
-546872
-546917
-546926
-546928
-546948
-546965
-546985
-547009
-547012
-547019
-547022
-547032
-547038
-547043
-547091
-547104
-547131
-547144
-547171
-547182
-547194
-547203
-547206
-547232
-547290
-547329
-547329
-547358
-547366
-547396
-547406
-547415
-547424
-547433
-547442
-547451
-547460
-547462
-547463
-547506
-547510
-547534
-547545
-547551
-547559
-547564
-547593
-547635
-547655
-547673
-547684
-547717
-547740
-547748
-547749
-547757
-547773
-547822
-547827
-547850
-547891
-547900
-547909
-547916
-547927
-547949
-547988
-547990
-548037
-548045
-548088
-548142
-548154
-548205
-548215
-548232
-548267
-548287
-548291
-548329
-548374
-548377
-548385
-548396
-548429
-548441
-548472
-548486
-548527
-548534
-548559
-548595
-548599
-548609
-548624
-548630
-548650
-548666
-548672
-548673
-548686
-548732
-548750
-548759
-548786
-548801
-548807
-548824
-548829
-548851
-548853
-548861
-548862
-548869
-548882
-548885
-548888
-548903
-548914
-548970
-548990
-549009
-549030
-549061
-549065
-549067
-549101
-549141
-549153
-549234
-549275
-549319
-549320
-549385
-549398
-549403
-549410
-549432
-549449
-549460
-549468
-549469
-549475
-549475
-549476
-549531
-549548
-549602
-549610
-549611
-549621
-549625
-549638
-549641
-549641
-549648
-549672
-549680
-549708
-549718
-549749
-549762
-549770
-549814
-549815
-549845
-549855
-549869
-549882
-549884
-549918
-549962
-549975
-549995
-549996
-550007
-550069
-550092
-550116
-550127
-550144
-550159
-550184
-550201
-550213
-550221
-550234
-550241
-550258
-550265
-550308
-550322
-550342
-550385
-550409
-550423
-550432
-550463
-550485
-550493
-550511
-550516
-550522
-550541
-550547
-550569
-550590
-550620
-550645
-550675
-550708
-550727
-550740
-550745
-550836
-550841
-550888
-550901
-550912
-550925
-550943
-550964
-550988
-551003
-551005
-551014
-551046
-551076
-551088
-551091
-551124
-551130
-551165
-551171
-551181
-551193
-551203
-551235
-551247
-551250
-551255
-551262
-551304
-551321
-551348
-551373
-551380
-551381
-551395
-551429
-551448
-551477
-551496
-551513
-551521
-551577
-551617
-551623
-551631
-551644
-551662
-551665
-551711
-551783
-551794
-551865
-551871
-551876
-551885
-551895
-551906
-551945
-551974
-551975
-551986
-552003
-552081
-552098
-552201
-552221
-552237
-552248
-552260
-552271
-552359
-552366
-552376
-552391
-552433
-552461
-552461
-552469
-552485
-552501
-552502
-552510
-552514
-552523
-552588
-552595
-552606
-552635
-552650
-552657
-552675
-552731
-552732
-552755
-552784
-552840
-552851
-552896
-552896
-552905
-552909
-552924
-552931
-552943
-552971
-552995
-553009
-553030
-553032
-553046
-553058
-553077
-553091
-553099
-553099
-553141
-553158
-553165
-553181
-553182
-553220
-553221
-553235
-553235
-553275
-553275
-553334
-553388
-553399
-553403
-553404
-553404
-553416
-553453
-553482
-553571
-553579
-553592
-553594
-553607
-553630
-553642
-553656
-553664
-553734
-553796
-553838
-553843
-553869
-553887
-553898
-553952
-553971
-554000
-554086
-554087
-554095
-554106
-554109
-554116
-554119
-554121
-554148
-554189
-554290
-554322
-554336
-554345
-554348
-554388
-554425
-554439
-554465
-554512
-554525
-554529
-554551
-554552
-554572
-554572
-554579
-554587
-554596
-554605
-554612
-554634
-554641
-554677
-554716
-554739
-554741
-554774
-554786
-554789
-554824
-554921
-554965
-554968
-555012
-555025
-555031
-555086
-555088
-555120
-555122
-555143
-555157
-555171
-555187
-555239
-555286
-555292
-555298
-555298
-555316
-555329
-555380
-555388
-555388
-555391
-555397
-555421
-555443
-555450
-555468
-555471
-555481
-555492
-555514
-555540
-555541
-555550
-555588
-555613
-555615
-555645
-555660
-555749
-555762
-555774
-555783
-555806
-555813
-555816
-555860
-555874
-555886
-555922
-555923
-555987
-555995
-556003
-556049
-556100
-556135
-556143
-556187
-556238
-556246
-556251
-556258
-556291
-556340
-556342
-556352
-556388
-556415
-556432
-556434
-556456
-556485
-556491
-556492
-556535
-556536
-556549
-556558
-556560
-556571
-556611
-556616
-556645
-556655
-556681
-556690
-556696
-556802
-556803
-556864
-556883
-556939
-556952
-556985
-557003
-557004
-557005
-557042
-557050
-557054
-557086
-557124
-557134
-557181
-557205
-557210
-557212
-557240
-557258
-557313
-557324
-557339
-557363
-557365
-557368
-557408
-557411
-557417
-557431
-557489
-557557
-557578
-557580
-557593
-557627
-557634
-557657
-557657
-557661
-557674
-557685
-557686
-557687
-557712
-557721
-557730
-557738
-557755
-557772
-557784
-557786
-557788
-557803
-557828
-557852
-557854
-557861
-557863
-557928
-557954
-557989
-557999
-558007
-558030
-558059
-558065
-558089
-558090
-558102
-558105
-558141
-558149
-558160
-558172
-558188
-558225
-558229
-558296
-558322
-558334
-558347
-558356
-558359
-558359
-558365
-558387
-558416
-558424
-558481
-558509
-558512
-558548
-558665
-558667
-558709
-558721
-558733
-558742
-558747
-558756
-558782
-558803
-558864
-558865
-558874
-558900
-558931
-558934
-558955
-559027
-559056
-559058
-559096
-559130
-559159
-559181
-559207
-559220
-559222
-559259
-559268
-559288
-559291
-559304
-559322
-559347
-559366
-559396
-559422
-559447
-559458
-559468
-559499
-559527
-559531
-559578
-559583
-559588
-559589
-559591
-559661
-559679
-559698
-559715
-559726
-559742
-559759
-559779
-559782
-559804
-559843
-559853
-559855
-559883
-559904
-559995
-560039
-560040
-560051
-560063
-560078
-560113
-560132
-560133
-560152
-560165
-560167
-560169
-560173
-560235
-560259
-560260
-560280
-560320
-560359
-560383
-560388
-560397
-560412
-560430
-560432
-560457
-560502
-560526
-560572
-560574
-560576
-560589
-560640
-560654
-560666
-560719
-560723
-560732
-560741
-560747
-560791
-560797
-560802
-560803
-560814
-560826
-560843
-560858
-560865
-560889
-560890
-560891
-560891
-560898
-560931
-560960
-560992
-561085
-561158
-561182
-561201
-561235
-561235
-561269
-561272
-561289
-561292
-561294
-561302
-561310
-561311
-561327
-561335
-561345
-561354
-561354
-561363
-561365
-561384
-561479
-561500
-561515
-561521
-561523
-561531
-561540
-561540
-561553
-561566
-561581
-561603
-561677
-561717
-561733
-561738
-561750
-561825
-561862
-561899
-561913
-561929
-561949
-561968
-562021
-562025
-562041
-562044
-562076
-562096
-562103
-562105
-562132
-562162
-562174
-562201
-562211
-562235
-562253
-562272
-562294
-562345
-562356
-562419
-562432
-562436
-562439
-562445
-562457
-562489
-562528
-562529
-562539
-562627
-562633
-562657
-562672
-562678
-562716
-562730
-562749
-562777
-562859
-562880
-562900
-562928
-562947
-562957
-562986
-563019
-563021
-563041
-563045
-563105
-563117
-563139
-563139
-563143
-563157
-563162
-563208
-563219
-563234
-563253
-563254
-563258
-563281
-563287
-563300
-563308
-563335
-563340
-563347
-563371
-563386
-563394
-563398
-563419
-563423
-563428
-563443
-563447
-563457
-563476
-563476
-563484
-563547
-563564
-563589
-563591
-563600
-563604
-563628
-563633
-563660
-563669
-563709
-563716
-563726
-563739
-563755
-563756
-563817
-563821
-563852
-563857
-563866
-563889
-563954
-563955
-564000
-564011
-564018
-564072
-564080
-564096
-564125
-564132
-564172
-564183
-564215
-564270
-564274
-564277
-564297
-564300
-564308
-564310
-564368
-564477
-564491
-564496
-564542
-564608
-564613
-564628
-564637
-564641
-564651
-564691
-564696
-564726
-564731
-564772
-564773
-564799
-564805
-564865
-564887
-564899
-564934
-564945
-564995
-565014
-565051
-565061
-565061
-565065
-565119
-565124
-565127
-565131
-565137
-565165
-565188
-565219
-565237
-565290
-565319
-565320
-565372
-565372
-565421
-565437
-565491
-565497
-565509
-565525
-565528
-565554
-565639
-565682
-565698
-565698
-565711
-565724
-565729
-565748
-565760
-565772
-565776
-565790
-565800
-565819
-565826
-565831
-565834
-565849
-565853
-565890
-565895
-565928
-565938
-565948
-565953
-565959
-565988
-565989
-566044
-566062
-566113
-566122
-566127
-566155
-566268
-566283
-566297
-566299
-566301
-566314
-566332
-566336
-566376
-566408
-566454
-566457
-566459
-566460
-566521
-566527
-566543
-566544
-566551
-566584
-566587
-566611
-566637
-566639
-566670
-566703
-566711
-566729
-566745
-566762
-566762
-566778
-566786
-566816
-566840
-566850
-566865
-566867
-566881
-566905
-566917
-566924
-566944
-566950
-566993
-567009
-567024
-567074
-567084
-567108
-567126
-567172
-567175
-567203
-567229
-567278
-567335
-567366
-567367
-567419
-567439
-567451
-567491
-567512
-567522
-567536
-567545
-567566
-567617
-567642
-567648
-567650
-567655
-567667
-567693
-567695
-567726
-567744
-567767
-567783
-567806
-567867
-567882
-567884
-567932
-567956
-567983
-568005
-568020
-568049
-568054
-568061
-568072
-568120
-568125
-568125
-568145
-568167
-568182
-568241
-568262
-568276
-568286
-568309
-568327
-568350
-568463
-568478
-568535
-568581
-568589
-568594
-568595
-568597
-568632
-568634
-568658
-568689
-568693
-568730
-568736
-568742
-568745
-568754
-568766
-568770
-568784
-568796
-568800
-568808
-568828
-568869
-568873
-568902
-568927
-568940
-568944
-568953
-568956
-568995
-569003
-569028
-569064
-569076
-569101
-569166
-569182
-569205
-569213
-569223
-569229
-569255
-569260
-569296
-569427
-569462
-569470
-569474
-569512
-569533
-569551
-569551
-569562
-569569
-569570
-569587
-569589
-569589
-569627
-569654
-569664
-569672
-569719
-569721
-569723
-569728
-569731
-569746
-569757
-569799
-569814
-569822
-569825
-569843
-569846
-569879
-569882
-569883
-569915
-569942
-569951
-569951
-569951
-569988
-570000
-570011
-570027
-570029
-570050
-570102
-570113
-570147
-570161
-570192
-570210
-570226
-570242
-570253
-570302
-570308
-570318
-570321
-570375
-570376
-570387
-570394
-570396
-570399
-570417
-570424
-570430
-570432
-570458
-570474
-570487
-570514
-570525
-570555
-570576
-570655
-570672
-570673
-570679
-570707
-570725
-570725
-570753
-570766
-570768
-570792
-570795
-570802
-570805
-570895
-570897
-570898
-570906
-570930
-570960
-570994
-571001
-571032
-571032
-571046
-571088
-571097
-571104
-571205
-571221
-571229
-571237
-571240
-571251
-571285
-571295
-571304
-571309
-571317
-571336
-571338
-571395
-571396
-571418
-571422
-571434
-571444
-571451
-571477
-571482
-571489
-571518
-571543
-571565
-571586
-571614
-571640
-571645
-571645
-571671
-571675
-571687
-571694
-571695
-571711
-571744
-571750
-571768
-571780
-571788
-571825
-571852
-571853
-571860
-571860
-571875
-571888
-571893
-571911
-571951
-571968
-571971
-572006
-572012
-572016
-572022
-572024
-572039
-572127
-572145
-572150
-572175
-572177
-572209
-572209
-572211
-572226
-572242
-572247
-572254
-572276
-572295
-572297
-572323
-572330
-572371
-572442
-572445
-572475
-572512
-572536
-572550
-572611
-572613
-572617
-572619
-572628
-572633
-572654
-572673
-572752
-572754
-572763
-572779
-572786
-572837
-572871
-572911
-572922
-572946
-572950
-572958
-572972
-573023
-573031
-573079
-573132
-573181
-573193
-573289
-573289
-573307
-573307
-573309
-573329
-573354
-573393
-573421
-573433
-573439
-573467
-573476
-573479
-573492
-573506
-573508
-573516
-573535
-573536
-573543
-573551
-573573
-573582
-573597
-573606
-573607
-573618
-573619
-573666
-573666
-573698
-573712
-573726
-573732
-573771
-573838
-573877
-573927
-573951
-573960
-573962
-573965
-573972
-573972
-573986
-573992
-573994
-574000
-574016
-574019
-574040
-574084
-574088
-574109
-574134
-574174
-574247
-574251
-574253
-574264
-574267
-574302
-574314
-574347
-574356
-574421
-574476
-574510
-574564
-574583
-574594
-574601
-574623
-574646
-574649
-574683
-574690
-574696
-574697
-574729
-574834
-574848
-574850
-574851
-574853
-574854
-574866
-574878
-574885
-574893
-574893
-574915
-574933
-574961
-574966
-574975
-575060
-575104
-575107
-575120
-575127
-575137
-575147
-575149
-575160
-575189
-575230
-575251
-575264
-575288
-575306
-575309
-575322
-575332
-575360
-575393
-575416
-575429
-575429
-575432
-575436
-575484
-575486
-575487
-575488
-575494
-575504
-575564
-575572
-575572
-575574
-575594
-575630
-575645
-575661
-575662
-575671
-575713
-575750
-575753
-575760
-575767
-575779
-575793
-575799
-575803
-575812
-575831
-575860
-575885
-575891
-575971
-575989
-576011
-576024
-576028
-576070
-576070
-576077
-576137
-576155
-576174
-576185
-576193
-576195
-576209
-576222
-576224
-576225
-576234
-576237
-576277
-576290
-576317
-576355
-576391
-576401
-576426
-576492
-576507
-576510
-576513
-576521
-576524
-576524
-576544
-576557
-576565
-576565
-576588
-576619
-576625
-576645
-576663
-576668
-576668
-576697
-576703
-576718
-576726
-576726
-576728
-576740
-576780
-576819
-576857
-576868
-576873
-576881
-576894
-576921
-576923
-576946
-576972
-576986
-576994
-577001
-577006
-577020
-577022
-577046
-577051
-577055
-577072
-577079
-577089
-577108
-577109
-577114
-577133
-577161
-577221
-577301
-577302
-577377
-577465
-577470
-577518
-577522
-577552
-577591
-577596
-577599
-577605
-577632
-577656
-577696
-577721
-577797
-577807
-577811
-577815
-577833
-577845
-577909
-577911
-577918
-577921
-577966
-577986
-577989
-578004
-578029
-578090
-578103
-578119
-578120
-578122
-578123
-578125
-578159
-578164
-578197
-578210
-578231
-578232
-578271
-578274
-578274
-578337
-578366
-578401
-578402
-578416
-578461
-578486
-578486
-578490
-578529
-578565
-578581
-578587
-578599
-578612
-578618
-578622
-578651
-578653
-578697
-578716
-578744
-578772
-578778
-578780
-578781
-578803
-578812
-578823
-578829
-578849
-578854
-578901
-578905
-578922
-578949
-578968
-578970
-578990
-578999
-579011
-579011
-579022
-579029
-579045
-579051
-579058
-579060
-579078
-579188
-579203
-579246
-579268
-579278
-579316
-579358
-579358
-579389
-579406
-579411
-579453
-579470
-579482
-579490
-579503
-579513
-579514
-579546
-579556
-579558
-579559
-579581
-579586
-579635
-579680
-579688
-579734
-579760
-579774
-579794
-579798
-579805
-579821
-579828
-579838
-579839
-579894
-579942
-579972
-579975
-580051
-580082
-580095
-580107
-580133
-580151
-580210
-580214
-580230
-580231
-580260
-580263
-580273
-580328
-580342
-580354
-580424
-580458
-580470
-580482
-580513
-580514
-580518
-580555
-580565
-580570
-580574
-580605
-580617
-580661
-580661
-580666
-580688
-580699
-580715
-580732
-580741
-580744
-580787
-580817
-580828
-580829
-580869
-580884
-580888
-580909
-580922
-580931
-580936
-580966
-580980
-580987
-580997
-581009
-581042
-581060
-581079
-581101
-581150
-581160
-581164
-581170
-581204
-581216
-581273
-581318
-581326
-581351
-581364
-581388
-581392
-581409
-581449
-581476
-581502
-581502
-581546
-581561
-581574
-581579
-581595
-581613
-581679
-581680
-581684
-581690
-581698
-581727
-581748
-581751
-581758
-581811
-581857
-581863
-581864
-581866
-581870
-581878
-581880
-581906
-581974
-582066
-582103
-582115
-582133
-582151
-582186
-582187
-582231
-582254
-582260
-582360
-582401
-582414
-582475
-582475
-582488
-582524
-582546
-582584
-582683
-582722
-582737
-582788
-582803
-582843
-582865
-582898
-582899
-582908
-582916
-582918
-582919
-582935
-582947
-582955
-582976
-582982
-582993
-583031
-583049
-583056
-583068
-583079
-583108
-583173
-583175
-583217
-583228
-583283
-583302
-583317
-583348
-583356
-583364
-583389
-583401
-583449
-583479
-583484
-583492
-583512
-583552
-583555
-583597
-583604
-583617
-583635
-583640
-583660
-583662
-583668
-583675
-583685
-583728
-583731
-583755
-583790
-583852
-583876
-583886
-583900
-583954
-583957
-583973
-584013
-584028
-584061
-584064
-584073
-584075
-584081
-584095
-584107
-584120
-584192
-584196
-584231
-584243
-584246
-584282
-584357
-584366
-584378
-584394
-584400
-584441
-584443
-584530
-584545
-584562
-584568
-584594
-584595
-584609
-584639
-584656
-584663
-584675
-584704
-584713
-584720
-584725
-584734
-584777
-584814
-584835
-584867
-584901
-584906
-584914
-584915
-584937
-585015
-585019
-585031
-585046
-585144
-585164
-585178
-585185
-585199
-585203
-585232
-585236
-585247
-585251
-585256
-585259
-585345
-585365
-585368
-585375
-585391
-585405
-585427
-585486
-585533
-585547
-585591
-585615
-585618
-585623
-585644
-585654
-585655
-585657
-585667
-585681
-585685
-585713
-585838
-585865
-585866
-585867
-585901
-585903
-585942
-585950
-585962
-585971
-586001
-586002
-586019
-586025
-586049
-586121
-586122
-586129
-586201
-586207
-586279
-586289
-586301
-586302
-586328
-586360
-586368
-586400
-586492
-586501
-586504
-586506
-586539
-586579
-586626
-586672
-586690
-586704
-586710
-586732
-586757
-586758
-586829
-586840
-586913
-586916
-586923
-586942
-586957
-586967
-587038
-587047
-587055
-587057
-587065
-587073
-587128
-587178
-587181
-587191
-587322
-587396
-587406
-587423
-587443
-587457
-587512
-587514
-587542
-587555
-587568
-587569
-587603
-587608
-587617
-587619
-587662
-587694
-587721
-587769
-587797
-587821
-587833
-587846
-587846
-587859
-587878
-587888
-587899
-587943
-587944
-587948
-587958
-587960
-588042
-588046
-588068
-588082
-588114
-588124
-588126
-588135
-588155
-588197
-588208
-588210
-588232
-588268
-588278
-588306
-588341
-588368
-588373
-588374
-588376
-588386
-588435
-588468
-588480
-588490
-588513
-588520
-588554
-588597
-588638
-588671
-588671
-588672
-588686
-588693
-588706
-588713
-588735
-588755
-588785
-588882
-588886
-588888
-588917
-588940
-588945
-588960
-588982
-589006
-589022
-589035
-589080
-589083
-589091
-589101
-589114
-589153
-589185
-589186
-589229
-589229
-589238
-589239
-589260
-589347
-589351
-589356
-589410
-589418
-589438
-589476
-589529
-589537
-589592
-589609
-589616
-589623
-589639
-589641
-589642
-589656
-589664
-589686
-589688
-589696
-589697
-589722
-589768
-589789
-589813
-589824
-589842
-589885
-589932
-589961
-589966
-590004
-590014
-590118
-590194
-590232
-590234
-590246
-590246
-590272
-590278
-590314
-590323
-590327
-590347
-590348
-590358
-590388
-590444
-590447
-590450
-590460
-590494
-590508
-590542
-590543
-590558
-590558
-590568
-590581
-590591
-590708
-590764
-590779
-590780
-590820
-590820
-590838
-590865
-590885
-590930
-590946
-590948
-590985
-591007
-591025
-591044
-591086
-591156
-591160
-591193
-591252
-591261
-591261
-591264
-591287
-591289
-591357
-591357
-591361
-591362
-591371
-591388
-591436
-591441
-591442
-591455
-591460
-591473
-591498
-591502
-591514
-591550
-591598
-591605
-591631
-591649
-591690
-591705
-591738
-591751
-591755
-591798
-591805
-591806
-591810
-591834
-591875
-591944
-591998
-591999
-592005
-592066
-592114
-592187
-592204
-592210
-592241
-592253
-592296
-592311
-592317
-592321
-592332
-592335
-592337
-592368
-592403
-592433
-592486
-592558
-592558
-592560
-592565
-592594
-592607
-592629
-592651
-592676
-592684
-592684
-592705
-592709
-592716
-592745
-592745
-592746
-592829
-592848
-592891
-592915
-592938
-592955
-592976
-593002
-593057
-593067
-593088
-593089
-593098
-593108
-593135
-593138
-593160
-593167
-593202
-593212
-593244
-593281
-593324
-593346
-593377
-593380
-593395
-593416
-593425
-593459
-593482
-593485
-593525
-593528
-593570
-593595
-593604
-593605
-593629
-593653
-593655
-593658
-593739
-593742
-593798
-593816
-593828
-593893
-593920
-593947
-593971
-593981
-594034
-594063
-594099
-594116
-594130
-594150
-594190
-594192
-594199
-594203
-594204
-594209
-594216
-594217
-594240
-594257
-594259
-594285
-594286
-594296
-594302
-594322
-594335
-594340
-594340
-594346
-594359
-594365
-594389
-594431
-594458
-594479
-594487
-594502
-594503
-594520
-594523
-594524
-594625
-594665
-594691
-594692
-594705
-594712
-594717
-594720
-594720
-594744
-594771
-594854
-594877
-594879
-594884
-594906
-594926
-594945
-594992
-595038
-595039
-595051
-595057
-595062
-595069
-595096
-595104
-595114
-595132
-595148
-595153
-595176
-595205
-595208
-595229
-595250
-595251
-595276
-595281
-595283
-595289
-595303
-595332
-595360
-595395
-595405
-595409
-595417
-595419
-595474
-595484
-595545
-595552
-595555
-595565
-595591
-595647
-595675
-595715
-595726
-595729
-595733
-595739
-595748
-595758
-595761
-595769
-595821
-595825
-595832
-595832
-595846
-595873
-595914
-595918
-595950
-595966
-595972
-595996
-596006
-596006
-596006
-596009
-596017
-596023
-596024
-596066
-596068
-596075
-596094
-596098
-596111
-596113
-596138
-596165
-596202
-596211
-596228
-596232
-596266
-596271
-596279
-596304
-596316
-596319
-596410
-596415
-596435
-596443
-596498
-596498
-596521
-596553
-596554
-596557
-596568
-596586
-596588
-596597
-596647
-596657
-596673
-596674
-596685
-596710
-596710
-596725
-596779
-596809
-596835
-596852
-596871
-596878
-596882
-596886
-596890
-596918
-596923
-596938
-596942
-596943
-596976
-596988
-597004
-597036
-597040
-597064
-597093
-597100
-597110
-597126
-597133
-597136
-597156
-597209
-597225
-597227
-597240
-597268
-597292
-597311
-597323
-597330
-597369
-597382
-597403
-597422
-597428
-597431
-597464
-597484
-597497
-597513
-597546
-597547
-597560
-597611
-597668
-597673
-597714
-597730
-597736
-597742
-597750
-597753
-597757
-597764
-597766
-597787
-597803
-597803
-597814
-597870
-597886
-597921
-597936
-597948
-597980
-598033
-598049
-598057
-598070
-598080
-598081
-598085
-598088
-598091
-598135
-598158
-598229
-598261
-598261
-598268
-598294
-598313
-598323
-598355
-598361
-598420
-598473
-598493
-598513
-598562
-598579
-598592
-598649
-598691
-598696
-598750
-598759
-598760
-598836
-598852
-598856
-598859
-598861
-598868
-598877
-598940
-598950
-598953
-598964
-598995
-599022
-599075
-599092
-599096
-599109
-599112
-599114
-599134
-599156
-599160
-599160
-599163
-599166
-599177
-599179
-599179
-599186
-599192
-599201
-599207
-599210
-599223
-599224
-599231
-599245
-599255
-599257
-599261
-599290
-599328
-599347
-599352
-599354
-599403
-599430
-599431
-599461
-599474
-599474
-599489
-599495
-599500
-599514
-599525
-599531
-599542
-599605
-599606
-599613
-599669
-599701
-599705
-599710
-599714
-599724
-599724
-599755
-599776
-599786
-599795
-599800
-599806
-599815
-599818
-599845
-599846
-599850
-599853
-599858
-599861
-599931
-599947
-599963
-599964
-599967
-600004
-600006
-600018
-600024
-600049
-600065
-600096
-600122
-600129
-600205
-600212
-600217
-600219
-600223
-600246
-600248
-600251
-600261
-600273
-600275
-600308
-600312
-600361
-600392
-600411
-600414
-600420
-600489
-600491
-600559
-600585
-600603
-600658
-600660
-600699
-600728
-600734
-600748
-600755
-600774
-600778
-600797
-600808
-600823
-600823
-600833
-600861
-600879
-600893
-600895
-600901
-600920
-600946
-600986
-600987
-600987
-601002
-601023
-601056
-601056
-601060
-601069
-601072
-601086
-601086
-601100
-601106
-601155
-601163
-601164
-601170
-601180
-601229
-601233
-601248
-601256
-601262
-601265
-601280
-601284
-601287
-601289
-601289
-601310
-601318
-601323
-601376
-601398
-601461
-601468
-601484
-601484
-601528
-601540
-601565
-601641
-601670
-601676
-601732
-601757
-601762
-601768
-601770
-601813
-601814
-601815
-601854
-601862
-601864
-601871
-601899
-601904
-601934
-601936
-601946
-601947
-601988
-602012
-602016
-602019
-602054
-602065
-602096
-602101
-602130
-602139
-602164
-602180
-602210
-602215
-602224
-602225
-602227
-602255
-602262
-602262
-602269
-602318
-602335
-602344
-602345
-602361
-602376
-602420
-602425
-602444
-602488
-602490
-602504
-602535
-602540
-602586
-602593
-602615
-602630
-602645
-602647
-602674
-602690
-602692
-602711
-602716
-602732
-602766
-602807
-602874
-602895
-602899
-602905
-602919
-602926
-602986
-602987
-603007
-603009
-603018
-603066
-603068
-603068
-603177
-603183
-603228
-603289
-603302
-603319
-603355
-603389
-603434
-603442
-603452
-603459
-603469
-603513
-603546
-603551
-603559
-603565
-603581
-603595
-603609
-603635
-603654
-603663
-603669
-603676
-603716
-603724
-603733
-603739
-603786
-603796
-603808
-603823
-603854
-603863
-603885
-603894
-603901
-603925
-603974
-603975
-603986
-604007
-604030
-604060
-604067
-604081
-604103
-604132
-604141
-604152
-604181
-604225
-604244
-604262
-604276
-604287
-604307
-604343
-604352
-604353
-604394
-604398
-604399
-604448
-604457
-604459
-604491
-604519
-604519
-604524
-604528
-604607
-604625
-604650
-604661
-604720
-604728
-604758
-604810
-604811
-604814
-604819
-604864
-604972
-605008
-605046
-605076
-605090
-605107
-605112
-605142
-605143
-605146
-605215
-605228
-605232
-605237
-605269
-605288
-605333
-605338
-605341
-605370
-605382
-605465
-605470
-605487
-605501
-605516
-605534
-605564
-605591
-605591
-605602
-605665
-605724
-605773
-605779
-605784
-605795
-605821
-605836
-605858
-605864
-605870
-605893
-605925
-605939
-605950
-605967
-605974
-605985
-605991
-606009
-606012
-606044
-606053
-606063
-606073
-606111
-606120
-606124
-606126
-606167
-606181
-606185
-606212
-606247
-606255
-606293
-606345
-606370
-606372
-606407
-606410
-606422
-606424
-606431
-606449
-606487
-606492
-606507
-606514
-606517
-606551
-606551
-606553
-606561
-606577
-606623
-606630
-606632
-606667
-606667
-606704
-606712
-606713
-606743
-606773
-606815
-606843
-606865
-606875
-606891
-606924
-606926
-606933
-606955
-606991
-606997
-607025
-607046
-607073
-607078
-607080
-607080
-607097
-607104
-607126
-607142
-607217
-607227
-607230
-607276
-607293
-607304
-607312
-607331
-607347
-607353
-607363
-607364
-607380
-607389
-607408
-607423
-607429
-607434
-607455
-607483
-607493
-607523
-607535
-607542
-607568
-607585
-607623
-607644
-607654
-607659
-607665
-607684
-607703
-607706
-607729
-607744
-607750
-607768
-607772
-607784
-607794
-607813
-607836
-607876
-607920
-607930
-607933
-607939
-607940
-607983
-607991
-607996
-608037
-608038
-608077
-608077
-608081
-608085
-608112
-608119
-608129
-608262
-608262
-608293
-608294
-608295
-608321
-608426
-608430
-608440
-608449
-608477
-608485
-608489
-608495
-608508
-608518
-608546
-608573
-608582
-608588
-608595
-608640
-608643
-608644
-608656
-608669
-608701
-608731
-608756
-608757
-608759
-608783
-608801
-608802
-608811
-608815
-608863
-608869
-608887
-608918
-608919
-608921
-608938
-608939
-608939
-608973
-608979
-609019
-609023
-609049
-609108
-609140
-609175
-609186
-609218
-609224
-609226
-609231
-609267
-609330
-609346
-609347
-609350
-609352
-609360
-609361
-609369
-609406
-609406
-609421
-609431
-609445
-609457
-609457
-609461
-609461
-609502
-609521
-609532
-609569
-609579
-609594
-609638
-609652
-609686
-609699
-609703
-609704
-609723
-609724
-609735
-609737
-609751
-609785
-609838
-609875
-609877
-609930
-609973
-609984
-609998
-610014
-610030
-610033
-610044
-610138
-610153
-610187
-610210
-610217
-610242
-610267
-610274
-610303
-610330
-610367
-610394
-610400
-610408
-610448
-610478
-610516
-610518
-610528
-610538
-610540
-610563
-610570
-610587
-610624
-610702
-610719
-610739
-610786
-610797
-610824
-610840
-610844
-610845
-610848
-610857
-610859
-610913
-610935
-610968
-611001
-611025
-611063
-611092
-611094
-611121
-611126
-611153
-611160
-611169
-611237
-611238
-611245
-611248
-611270
-611275
-611331
-611381
-611440
-611460
-611477
-611524
-611527
-611536
-611542
-611558
-611605
-611627
-611643
-611678
-611688
-611696
-611721
-611731
-611747
-611749
-611799
-611811
-611815
-611843
-611901
-611916
-611959
-611977
-612062
-612076
-612105
-612131
-612132
-612135
-612153
-612208
-612231
-612242
-612300
-612323
-612329
-612337
-612378
-612413
-612413
-612470
-612477
-612523
-612530
-612577
-612586
-612631
-612632
-612646
-612652
-612681
-612713
-612716
-612716
-612718
-612738
-612752
-612791
-612804
-612812
-612836
-612882
-612891
-612908
-612935
-612938
-612974
-612996
-613004
-613010
-613012
-613023
-613036
-613037
-613047
-613107
-613123
-613136
-613140
-613152
-613161
-613170
-613171
-613208
-613237
-613254
-613261
-613261
-613281
-613299
-613303
-613329
-613343
-613344
-613348
-613384
-613418
-613446
-613473
-613492
-613498
-613573
-613586
-613620
-613689
-613706
-613731
-613761
-613793
-613798
-613822
-613836
-613860
-613905
-613906
-613914
-613919
-613929
-614014
-614055
-614061
-614064
-614090
-614112
-614131
-614182
-614184
-614222
-614222
-614245
-614256
-614283
-614305
-614324
-614331
-614407
-614454
-614465
-614473
-614484
-614515
-614547
-614555
-614556
-614620
-614628
-614662
-614668
-614672
-614674
-614709
-614712
-614719
-614725
-614790
-614794
-614818
-614857
-614875
-614939
-614954
-614959
-614980
-614984
-614986
-615003
-615026
-615048
-615149
-615152
-615157
-615168
-615180
-615181
-615207
-615225
-615264
-615284
-615296
-615300
-615301
-615304
-615305
-615330
-615361
-615366
-615377
-615379
-615393
-615414
-615437
-615442
-615535
-615552
-615590
-615605
-615636
-615644
-615707
-615729
-615730
-615737
-615796
-615801
-615887
-615920
-615921
-615933
-615935
-615935
-615940
-615967
-615971
-616001
-616001
-616001
-616004
-616050
-616060
-616065
-616081
-616099
-616126
-616166
-616176
-616183
-616184
-616210
-616226
-616251
-616257
-616260
-616268
-616292
-616327
-616344
-616346
-616368
-616370
-616413
-616435
-616437
-616477
-616502
-616511
-616513
-616520
-616526
-616541
-616553
-616564
-616565
-616602
-616603
-616616
-616644
-616705
-616713
-616737
-616750
-616765
-616854
-616858
-616929
-616933
-616939
-616939
-616948
-616954
-616969
-617028
-617065
-617067
-617076
-617108
-617110
-617147
-617160
-617169
-617195
-617226
-617278
-617283
-617304
-617315
-617349
-617361
-617362
-617378
-617385
-617396
-617404
-617489
-617502
-617507
-617539
-617566
-617575
-617629
-617639
-617645
-617685
-617710
-617741
-617746
-617779
-617789
-617821
-617840
-617854
-617877
-617890
-617899
-617921
-618002
-618012
-618038
-618042
-618047
-618107
-618113
-618114
-618153
-618206
-618228
-618231
-618249
-618267
-618319
-618326
-618355
-618424
-618454
-618488
-618490
-618503
-618519
-618548
-618552
-618567
-618604
-618658
-618659
-618667
-618668
-618677
-618692
-618708
-618711
-618783
-618785
-618797
-618805
-618847
-618984
-618995
-618996
-619027
-619032
-619102
-619131
-619185
-619189
-619195
-619238
-619319
-619325
-619328
-619351
-619364
-619365
-619365
-619375
-619383
-619397
-619398
-619460
-619469
-619475
-619525
-619536
-619550
-619573
-619580
-619603
-619618
-619639
-619648
-619701
-619750
-619759
-619785
-619807
-619821
-619863
-619866
-619869
-619894
-619900
-619907
-619927
-619928
-619929
-619936
-619937
-619938
-619947
-619954
-619971
-619975
-619998
-620025
-620060
-620119
-620142
-620170
-620180
-620221
-620231
-620250
-620273
-620282
-620293
-620298
-620298
-620321
-620355
-620357
-620361
-620370
-620380
-620391
-620396
-620432
-620455
-620518
-620549
-620554
-620570
-620572
-620584
-620600
-620630
-620637
-620642
-620695
-620715
-620730
-620734
-620747
-620760
-620764
-620779
-620796
-620820
-620842
-620853
-620863
-620865
-620933
-620968
-620970
-620973
-620975
-621040
-621058
-621108
-621149
-621160
-621164
-621175
-621184
-621194
-621196
-621205
-621231
-621256
-621261
-621264
-621283
-621300
-621322
-621327
-621329
-621344
-621401
-621407
-621415
-621428
-621449
-621473
-621495
-621502
-621539
-621540
-621574
-621580
-621601
-621603
-621605
-621606
-621606
-621673
-621722
-621737
-621748
-621749
-621759
-621765
-621771
-621794
-621813
-621816
-621843
-621849
-621850
-621869
-621928
-621940
-621966
-621988
-622022
-622023
-622034
-622049
-622063
-622063
-622064
-622064
-622066
-622078
-622150
-622172
-622173
-622202
-622232
-622255
-622261
-622301
-622305
-622305
-622379
-622382
-622402
-622438
-622439
-622443
-622449
-622453
-622477
-622492
-622497
-622499
-622510
-622511
-622563
-622598
-622640
-622682
-622734
-622746
-622755
-622766
-622772
-622781
-622801
-622834
-622837
-622846
-622854
-622861
-622886
-622887
-622942
-622962
-622979
-623018
-623030
-623056
-623081
-623082
-623127
-623138
-623172
-623197
-623213
-623252
-623265
-623268
-623301
-623322
-623331
-623334
-623343
-623357
-623376
-623388
-623405
-623427
-623438
-623439
-623441
-623444
-623452
-623460
-623465
-623481
-623481
-623487
-623491
-623510
-623512
-623517
-623532
-623571
-623571
-623589
-623602
-623612
-623642
-623647
-623687
-623702
-623730
-623734
-623810
-623838
-623847
-623869
-623895
-623911
-623932
-623933
-623934
-623945
-623963
-623988
-623993
-624018
-624018
-624065
-624070
-624083
-624093
-624100
-624102
-624143
-624177
-624193
-624214
-624232
-624282
-624298
-624308
-624313
-624319
-624334
-624334
-624339
-624365
-624402
-624421
-624430
-624434
-624445
-624461
-624481
-624499
-624529
-624530
-624530
-624536
-624584
-624629
-624650
-624654
-624688
-624708
-624715
-624718
-624719
-624774
-624817
-624829
-624838
-624897
-624910
-624943
-624980
-625009
-625035
-625055
-625072
-625124
-625130
-625141
-625194
-625202
-625234
-625256
-625299
-625314
-625318
-625334
-625344
-625348
-625367
-625377
-625399
-625407
-625423
-625433
-625442
-625448
-625468
-625474
-625477
-625505
-625559
-625574
-625615
-625649
-625649
-625679
-625687
-625716
-625722
-625727
-625727
-625730
-625741
-625745
-625757
-625778
-625785
-625793
-625805
-625806
-625839
-625870
-625891
-625899
-625906
-625906
-625923
-625941
-626000
-626006
-626038
-626075
-626092
-626106
-626129
-626139
-626150
-626159
-626210
-626216
-626222
-626250
-626268
-626297
-626312
-626313
-626333
-626344
-626345
-626357
-626374
-626386
-626390
-626413
-626467
-626471
-626507
-626540
-626545
-626599
-626633
-626635
-626641
-626700
-626706
-626790
-626805
-626810
-626812
-626843
-626844
-626881
-626936
-626960
-627015
-627016
-627039
-627042
-627048
-627091
-627098
-627103
-627109
-627110
-627147
-627211
-627216
-627225
-627244
-627249
-627254
-627273
-627292
-627305
-627307
-627347
-627367
-627394
-627418
-627448
-627457
-627469
-627493
-627524
-627532
-627564
-627572
-627583
-627594
-627705
-627771
-627774
-627835
-627861
-627878
-627886
-627913
-627940
-627948
-627979
-627983
-627985
-627986
-628053
-628060
-628064
-628087
-628123
-628132
-628140
-628145
-628156
-628193
-628238
-628245
-628283
-628295
-628348
-628355
-628381
-628412
-628418
-628508
-628518
-628541
-628547
-628572
-628576
-628603
-628608
-628644
-628646
-628648
-628655
-628675
-628677
-628691
-628701
-628736
-628741
-628741
-628764
-628787
-628815
-628822
-628842
-628884
-628905
-628915
-628917
-628931
-628966
-628976
-628991
-629026
-629070
-629108
-629114
-629123
-629138
-629194
-629202
-629207
-629232
-629245
-629279
-629296
-629297
-629299
-629301
-629301
-629324
-629336
-629342
-629360
-629379
-629390
-629391
-629431
-629436
-629473
-629477
-629483
-629523
-629540
-629554
-629568
-629625
-629674
-629697
-629726
-629752
-629801
-629823
-629827
-629830
-629836
-629850
-629857
-629865
-629879
-629886
-629914
-629923
-629927
-629994
-629995
-630023
-630029
-630032
-630049
-630057
-630081
-630088
-630093
-630093
-630127
-630169
-630201
-630297
-630302
-630310
-630314
-630352
-630355
-630374
-630383
-630400
-630405
-630437
-630453
-630467
-630480
-630495
-630501
-630516
-630538
-630549
-630585
-630614
-630617
-630638
-630647
-630653
-630680
-630736
-630761
-630798
-630833
-630912
-630951
-630951
-630992
-630999
-631002
-631007
-631066
-631072
-631150
-631181
-631185
-631187
-631188
-631208
-631275
-631283
-631292
-631329
-631369
-631408
-631415
-631441
-631462
-631486
-631491
-631542
-631602
-631612
-631615
-631636
-631647
-631658
-631682
-631693
-631719
-631722
-631727
-631751
-631752
-631752
-631765
-631771
-631779
-631802
-631836
-631838
-631877
-631907
-631924
-631925
-632016
-632017
-632021
-632025
-632052
-632053
-632060
-632066
-632067
-632134
-632147
-632200
-632245
-632247
-632294
-632299
-632302
-632326
-632340
-632342
-632416
-632451
-632456
-632485
-632511
-632514
-632518
-632519
-632537
-632625
-632682
-632686
-632686
-632703
-632709
-632753
-632771
-632776
-632795
-632798
-632799
-632817
-632834
-632841
-632893
-632913
-632932
-632960
-632997
-633028
-633056
-633070
-633096
-633102
-633142
-633152
-633185
-633187
-633210
-633216
-633236
-633247
-633274
-633290
-633307
-633316
-633327
-633346
-633346
-633352
-633476
-633518
-633534
-633539
-633553
-633562
-633565
-633566
-633577
-633613
-633669
-633695
-633696
-633707
-633711
-633720
-633736
-633773
-633777
-633793
-633798
-633809
-633840
-633856
-633864
-633889
-633896
-633967
-633970
-633971
-633975
-633995
-633999
-634000
-634007
-634044
-634049
-634091
-634108
-634110
-634132
-634133
-634139
-634141
-634162
-634162
-634171
-634173
-634178
-634182
-634221
-634228
-634249
-634258
-634271
-634290
-634330
-634357
-634369
-634378
-634399
-634423
-634425
-634441
-634512
-634514
-634540
-634600
-634632
-634652
-634656
-634805
-634816
-634820
-634870
-634898
-634912
-634933
-634947
-634956
-634968
-634970
-635000
-635003
-635027
-635057
-635081
-635091
-635095
-635100
-635166
-635167
-635180
-635247
-635257
-635261
-635307
-635343
-635372
-635389
-635454
-635517
-635523
-635529
-635569
-635571
-635616
-635620
-635665
-635670
-635688
-635690
-635725
-635732
-635744
-635818
-635820
-635824
-635829
-635848
-635854
-635862
-635921
-635956
-635973
-635988
-636008
-636038
-636085
-636100
-636126
-636145
-636145
-636152
-636158
-636166
-636189
-636212
-636230
-636241
-636254
-636300
-636395
-636405
-636453
-636480
-636493
-636528
-636536
-636540
-636578
-636585
-636588
-636598
-636621
-636657
-636684
-636694
-636736
-636791
-636798
-636801
-636823
-636849
-636865
-636869
-636893
-636930
-636938
-636954
-636957
-636968
-636974
-636977
-636982
-637041
-637046
-637058
-637059
-637064
-637078
-637158
-637169
-637188
-637188
-637228
-637242
-637247
-637316
-637316
-637317
-637325
-637354
-637374
-637401
-637422
-637425
-637439
-637442
-637451
-637476
-637582
-637622
-637630
-637642
-637648
-637682
-637743
-637783
-637816
-637837
-637852
-637858
-637894
-637896
-637930
-637961
-638061
-638071
-638078
-638095
-638100
-638109
-638133
-638133
-638148
-638169
-638195
-638199
-638249
-638274
-638311
-638354
-638380
-638383
-638400
-638409
-638414
-638463
-638464
-638519
-638542
-638567
-638582
-638590
-638591
-638620
-638620
-638621
-638622
-638650
-638702
-638717
-638730
-638741
-638776
-638780
-638796
-638796
-638805
-638870
-638913
-638922
-638930
-638946
-638959
-638970
-638981
-638998
-639005
-639037
-639066
-639109
-639202
-639243
-639248
-639278
-639312
-639349
-639355
-639357
-639364
-639440
-639440
-639463
-639471
-639530
-639561
-639586
-639606
-639613
-639626
-639653
-639664
-639745
-639755
-639762
-639787
-639796
-639814
-639827
-639865
-639866
-639907
-639917
-639919
-639939
-639970
-639970
-639985
-639990
-640023
-640027
-640052
-640068
-640072
-640103
-640147
-640206
-640206
-640264
-640297
-640304
-640355
-640403
-640453
-640475
-640536
-640576
-640576
-640582
-640585
-640624
-640637
-640669
-640682
-640720
-640738
-640756
-640761
-640764
-640769
-640774
-640790
-640800
-640819
-640826
-640840
-640866
-640866
-640901
-640904
-640926
-640936
-640967
-640982
-640987
-640993
-641009
-641040
-641090
-641151
-641153
-641161
-641211
-641213
-641267
-641279
-641293
-641326
-641342
-641367
-641400
-641409
-641441
-641463
-641467
-641469
-641472
-641552
-641636
-641648
-641672
-641676
-641679
-641681
-641755
-641770
-641833
-641838
-641855
-641864
-641885
-641887
-641888
-641891
-641906
-641923
-641938
-641955
-641959
-641969
-641997
-642000
-642013
-642016
-642036
-642089
-642097
-642129
-642132
-642133
-642143
-642150
-642163
-642217
-642235
-642243
-642250
-642254
-642298
-642300
-642320
-642424
-642444
-642467
-642474
-642515
-642540
-642546
-642561
-642561
-642586
-642604
-642606
-642608
-642624
-642647
-642660
-642678
-642689
-642715
-642741
-642793
-642832
-642854
-642867
-642886
-642963
-642972
-642973
-642973
-642975
-643005
-643045
-643055
-643060
-643084
-643089
-643093
-643094
-643109
-643120
-643124
-643147
-643176
-643210
-643212
-643220
-643303
-643307
-643308
-643309
-643321
-643323
-643451
-643460
-643474
-643488
-643504
-643507
-643512
-643520
-643551
-643571
-643582
-643582
-643591
-643651
-643657
-643658
-643663
-643667
-643668
-643699
-643714
-643735
-643747
-643782
-643797
-643849
-643854
-643874
-643994
-643998
-643998
-644017
-644021
-644043
-644053
-644074
-644143
-644144
-644178
-644202
-644225
-644263
-644301
-644324
-644335
-644354
-644410
-644411
-644411
-644432
-644442
-644475
-644490
-644491
-644504
-644506
-644516
-644546
-644551
-644565
-644570
-644658
-644747
-644777
-644800
-644803
-644808
-644880
-644916
-644923
-644926
-644938
-644943
-644945
-644977
-645070
-645129
-645156
-645208
-645231
-645235
-645241
-645266
-645274
-645287
-645346
-645362
-645383
-645406
-645427
-645430
-645467
-645475
-645476
-645485
-645489
-645506
-645510
-645515
-645515
-645539
-645555
-645558
-645658
-645660
-645671
-645726
-645730
-645751
-645768
-645827
-645838
-645844
-645877
-645896
-645910
-645955
-645962
-645965
-645966
-645983
-645987
-646014
-646026
-646152
-646292
-646299
-646301
-646314
-646319
-646333
-646364
-646373
-646380
-646384
-646400
-646406
-646413
-646431
-646466
-646468
-646478
-646484
-646486
-646506
-646507
-646510
-646520
-646526
-646529
-646553
-646588
-646594
-646599
-646611
-646640
-646649
-646666
-646689
-646717
-646730
-646733
-646747
-646749
-646804
-646822
-646836
-646990
-647049
-647076
-647095
-647097
-647102
-647130
-647172
-647178
-647228
-647250
-647312
-647317
-647333
-647412
-647415
-647431
-647447
-647486
-647486
-647494
-647505
-647518
-647528
-647537
-647540
-647545
-647547
-647547
-647565
-647611
-647617
-647625
-647626
-647630
-647639
-647641
-647642
-647670
-647698
-647712
-647722
-647726
-647736
-647756
-647773
-647800
-647829
-647843
-647871
-647881
-647889
-647894
-647926
-647955
-647959
-647971
-647993
-648007
-648013
-648031
-648034
-648042
-648045
-648053
-648091
-648095
-648099
-648103
-648119
-648138
-648164
-648169
-648203
-648218
-648231
-648255
-648258
-648258
-648261
-648267
-648293
-648297
-648317
-648365
-648375
-648398
-648401
-648411
-648412
-648425
-648434
-648438
-648472
-648486
-648486
-648488
-648510
-648534
-648582
-648610
-648616
-648619
-648620
-648626
-648651
-648661
-648668
-648671
-648684
-648711
-648716
-648728
-648787
-648791
-648807
-648820
-648821
-648825
-648833
-648849
-648869
-648883
-648886
-648896
-648896
-648904
-648906
-648907
-648920
-648921
-648932
-648947
-648948
-649021
-649058
-649060
-649083
-649092
-649104
-649145
-649148
-649160
-649166
-649192
-649211
-649212
-649237
-649264
-649273
-649284
-649284
-649292
-649312
-649334
-649340
-649362
-649373
-649457
-649488
-649556
-649593
-649639
-649651
-649709
-649721
-649761
-649762
-649775
-649787
-649789
-649792
-649808
-649830
-649889
-649910
-649917
-649950
-649990
-650019
-650029
-650035
-650100
-650105
-650105
-650110
-650138
-650152
-650157
-650158
-650160
-650164
-650203
-650230
-650258
-650293
-650299
-650301
-650442
-650442
-650512
-650547
-650586
-650623
-650648
-650663
-650678
-650739
-650755
-650755
-650781
-650786
-650811
-650879
-650890
-650914
-650923
-650939
-651028
-651049
-651056
-651073
-651102
-651123
-651143
-651147
-651148
-651156
-651200
-651221
-651245
-651268
-651298
-651322
-651327
-651375
-651382
-651387
-651443
-651445
-651445
-651499
-651505
-651510
-651525
-651537
-651557
-651565
-651574
-651609
-651622
-651641
-651644
-651662
-651707
-651732
-651742
-651762
-651775
-651776
-651785
-651856
-651860
-651893
-651906
-651910
-651930
-651931
-651942
-651963
-651974
-651989
-651996
-652008
-652040
-652054
-652101
-652134
-652163
-652177
-652206
-652223
-652240
-652251
-652257
-652265
-652276
-652328
-652345
-652396
-652412
-652422
-652429
-652432
-652459
-652459
-652460
-652461
-652474
-652482
-652485
-652514
-652534
-652566
-652583
-652597
-652608
-652608
-652615
-652620
-652627
-652630
-652647
-652682
-652685
-652710
-652742
-652759
-652768
-652777
-652823
-652846
-652849
-652880
-652899
-652901
-652936
-652937
-652944
-652960
-652974
-653021
-653048
-653058
-653064
-653095
-653125
-653132
-653145
-653160
-653163
-653198
-653226
-653248
-653256
-653261
-653289
-653296
-653303
-653310
-653349
-653407
-653454
-653465
-653503
-653514
-653534
-653537
-653575
-653612
-653649
-653652
-653681
-653698
-653701
-653755
-653772
-653794
-653860
-653862
-653872
-653881
-653882
-653886
-653896
-653930
-653957
-653963
-653978
-653988
-653994
-654037
-654050
-654077
-654110
-654141
-654145
-654157
-654157
-654160
-654168
-654182
-654194
-654228
-654305
-654310
-654328
-654331
-654362
-654402
-654406
-654428
-654470
-654473
-654477
-654525
-654528
-654532
-654541
-654579
-654595
-654641
-654647
-654647
-654652
-654654
-654659
-654698
-654701
-654780
-654784
-654815
-654880
-654936
-654944
-654995
-655002
-655002
-655006
-655016
-655019
-655171
-655179
-655208
-655277
-655280
-655285
-655297
-655301
-655308
-655333
-655342
-655342
-655353
-655371
-655394
-655420
-655442
-655464
-655472
-655495
-655500
-655544
-655577
-655609
-655633
-655640
-655663
-655667
-655675
-655687
-655702
-655709
-655741
-655766
-655794
-655856
-655899
-655919
-655923
-655924
-655927
-655934
-655954
-655957
-656008
-656051
-656068
-656106
-656127
-656128
-656150
-656158
-656187
-656197
-656207
-656219
-656228
-656230
-656233
-656282
-656286
-656287
-656320
-656341
-656366
-656377
-656412
-656420
-656423
-656449
-656459
-656484
-656489
-656497
-656527
-656547
-656676
-656731
-656746
-656761
-656791
-656793
-656810
-656843
-656857
-656872
-656901
-656934
-656976
-657028
-657049
-657062
-657062
-657086
-657096
-657112
-657140
-657159
-657170
-657176
-657195
-657207
-657236
-657286
-657344
-657395
-657461
-657461
-657504
-657519
-657523
-657541
-657549
-657554
-657590
-657639
-657649
-657653
-657694
-657694
-657695
-657738
-657750
-657755
-657785
-657785
-657788
-657790
-657814
-657833
-657846
-657852
-657879
-657882
-657900
-657903
-657907
-657920
-657936
-657937
-657953
-657968
-657983
-658009
-658018
-658018
-658021
-658039
-658044
-658060
-658066
-658074
-658108
-658135
-658140
-658148
-658172
-658190
-658201
-658202
-658225
-658240
-658284
-658294
-658363
-658369
-658377
-658393
-658405
-658428
-658435
-658443
-658449
-658455
-658458
-658467
-658470
-658486
-658512
-658534
-658587
-658649
-658681
-658689
-658725
-658729
-658746
-658771
-658772
-658791
-658793
-658809
-658815
-658861
-658887
-658901
-658907
-658925
-658990
-659006
-659039
-659060
-659074
-659082
-659089
-659130
-659160
-659176
-659224
-659225
-659248
-659256
-659268
-659274
-659296
-659324
-659324
-659359
-659374
-659396
-659443
-659465
-659488
-659490
-659516
-659520
-659523
-659540
-659552
-659553
-659578
-659578
-659579
-659607
-659632
-659638
-659668
-659671
-659707
-659724
-659791
-659834
-659864
-659870
-659890
-659911
-659918
-659933
-659944
-659966
-659966
-660011
-660110
-660131
-660171
-660173
-660210
-660221
-660225
-660229
-660269
-660288
-660303
-660327
-660340
-660408
-660410
-660439
-660456
-660459
-660467
-660510
-660531
-660544
-660589
-660602
-660619
-660662
-660685
-660706
-660728
-660765
-660800
-660856
-660857
-660879
-660889
-660890
-660895
-660911
-660919
-660934
-660957
-660971
-660975
-661008
-661027
-661052
-661062
-661068
-661072
-661097
-661131
-661152
-661161
-661221
-661235
-661281
-661316
-661328
-661414
-661422
-661424
-661450
-661457
-661484
-661537
-661615
-661702
-661716
-661750
-661753
-661794
-661831
-661835
-661839
-661858
-661871
-661889
-661922
-661923
-661981
-661990
-662000
-662030
-662058
-662090
-662128
-662183
-662245
-662254
-662267
-662286
-662294
-662344
-662346
-662463
-662482
-662483
-662495
-662496
-662505
-662511
-662519
-662521
-662529
-662542
-662565
-662578
-662583
-662596
-662603
-662626
-662645
-662654
-662676
-662734
-662746
-662756
-662762
-662788
-662792
-662815
-662826
-662876
-662887
-662910
-662915
-662931
-662931
-662954
-662956
-662968
-662991
-663009
-663023
-663054
-663089
-663110
-663145
-663162
-663176
-663176
-663177
-663184
-663193
-663270
-663300
-663355
-663359
-663361
-663438
-663439
-663483
-663483
-663495
-663520
-663523
-663525
-663579
-663598
-663666
-663667
-663669
-663695
-663733
-663808
-663821
-663870
-663875
-663940
-663983
-663987
-664012
-664071
-664117
-664129
-664140
-664152
-664154
-664163
-664184
-664207
-664210
-664230
-664257
-664283
-664288
-664294
-664311
-664319
-664322
-664343
-664343
-664379
-664389
-664402
-664403
-664410
-664413
-664458
-664466
-664473
-664488
-664491
-664501
-664518
-664521
-664534
-664545
-664569
-664579
-664607
-664618
-664632
-664643
-664704
-664755
-664759
-664772
-664828
-664881
-664883
-664955
-664977
-665007
-665021
-665044
-665061
-665061
-665089
-665102
-665105
-665128
-665140
-665159
-665169
-665174
-665196
-665213
-665237
-665282
-665291
-665305
-665318
-665367
-665433
-665479
-665499
-665502
-665526
-665529
-665562
-665606
-665626
-665631
-665647
-665662
-665704
-665814
-665818
-665854
-665896
-665904
-665909
-665948
-665965
-665990
-666008
-666012
-666024
-666034
-666041
-666063
-666064
-666066
-666071
-666081
-666086
-666093
-666094
-666115
-666126
-666134
-666145
-666182
-666211
-666239
-666243
-666245
-666255
-666278
-666293
-666344
-666354
-666360
-666370
-666405
-666416
-666429
-666453
-666462
-666463
-666463
-666464
-666487
-666494
-666527
-666538
-666628
-666628
-666667
-666723
-666724
-666773
-666774
-666778
-666810
-666812
-666831
-666854
-666869
-666882
-666902
-666907
-666921
-666927
-666942
-666965
-667038
-667088
-667091
-667115
-667139
-667144
-667170
-667192
-667211
-667225
-667232
-667240
-667268
-667273
-667283
-667315
-667335
-667336
-667374
-667394
-667396
-667437
-667492
-667498
-667532
-667570
-667618
-667626
-667627
-667649
-667708
-667713
-667718
-667722
-667736
-667743
-667744
-667748
-667750
-667771
-667841
-667849
-667856
-667876
-667904
-667915
-667950
-667961
-667972
-667983
-667993
-668007
-668035
-668039
-668072
-668098
-668102
-668103
-668134
-668191
-668246
-668267
-668286
-668296
-668303
-668321
-668346
-668356
-668365
-668386
-668465
-668471
-668477
-668486
-668488
-668498
-668500
-668504
-668505
-668523
-668549
-668550
-668579
-668594
-668602
-668628
-668655
-668724
-668727
-668759
-668790
-668799
-668802
-668807
-668811
-668831
-668887
-668890
-668904
-668936
-669015
-669033
-669035
-669040
-669043
-669123
-669149
-669173
-669185
-669204
-669227
-669233
-669237
-669275
-669313
-669317
-669319
-669323
-669333
-669361
-669393
-669401
-669430
-669436
-669438
-669448
-669478
-669486
-669534
-669565
-669572
-669582
-669586
-669594
-669615
-669652
-669655
-669686
-669730
-669744
-669746
-669769
-669783
-669794
-669824
-669873
-669876
-669895
-669899
-669916
-669921
-669923
-669926
-669982
-669984
-670012
-670018
-670040
-670066
-670079
-670086
-670100
-670115
-670161
-670188
-670209
-670226
-670234
-670265
-670318
-670337
-670351
-670370
-670380
-670392
-670419
-670433
-670440
-670445
-670450
-670501
-670503
-670541
-670552
-670567
-670574
-670604
-670618
-670645
-670646
-670676
-670708
-670730
-670743
-670750
-670769
-670781
-670795
-670803
-670809
-670855
-670859
-670869
-670888
-670890
-670896
-670898
-670904
-670939
-670943
-670944
-670948
-670974
-670987
-670992
-670992
-671017
-671034
-671053
-671138
-671144
-671193
-671221
-671226
-671234
-671235
-671306
-671327
-671348
-671348
-671361
-671376
-671383
-671383
-671423
-671450
-671466
-671471
-671487
-671487
-671499
-671499
-671512
-671513
-671519
-671568
-671596
-671628
-671674
-671674
-671674
-671675
-671733
-671746
-671754
-671782
-671788
-671811
-671834
-671843
-671879
-671880
-671885
-671895
-671919
-671926
-671933
-671945
-671955
-671960
-671967
-672006
-672015
-672019
-672092
-672114
-672122
-672187
-672193
-672208
-672219
-672264
-672268
-672273
-672297
-672314
-672331
-672344
-672433
-672457
-672487
-672491
-672491
-672527
-672533
-672545
-672562
-672574
-672576
-672637
-672637
-672642
-672648
-672664
-672676
-672704
-672735
-672793
-672797
-672801
-672809
-672871
-672879
-672880
-672906
-672909
-672912
-672960
-672978
-672991
-673010
-673029
-673086
-673170
-673192
-673195
-673200
-673207
-673215
-673227
-673270
-673295
-673316
-673333
-673350
-673351
-673373
-673385
-673408
-673483
-673510
-673546
-673547
-673552
-673559
-673563
-673590
-673630
-673631
-673641
-673759
-673763
-673764
-673795
-673800
-673812
-673846
-673848
-673851
-673852
-673856
-673857
-673859
-673859
-673871
-673879
-673897
-673900
-673903
-673954
-673986
-674015
-674079
-674082
-674129
-674151
-674165
-674182
-674200
-674218
-674269
-674300
-674314
-674316
-674321
-674335
-674396
-674419
-674435
-674438
-674446
-674474
-674497
-674525
-674529
-674534
-674563
-674615
-674618
-674629
-674632
-674637
-674647
-674666
-674681
-674692
-674698
-674702
-674710
-674742
-674752
-674762
-674767
-674793
-674796
-674811
-674832
-674832
-674880
-674890
-674898
-674910
-674929
-674934
-674940
-674950
-674952
-675027
-675048
-675053
-675080
-675123
-675146
-675156
-675175
-675178
-675201
-675213
-675220
-675240
-675244
-675256
-675280
-675291
-675312
-675333
-675342
-675369
-675380
-675421
-675445
-675457
-675464
-675475
-675495
-675513
-675537
-675540
-675552
-675591
-675604
-675617
-675639
-675652
-675677
-675698
-675698
-675709
-675722
-675744
-675773
-675781
-675797
-675806
-675841
-675852
-675864
-675900
-675937
-675940
-675944
-675980
-675992
-676032
-676035
-676044
-676075
-676094
-676189
-676192
-676209
-676209
-676220
-676234
-676236
-676242
-676250
-676260
-676309
-676316
-676322
-676371
-676378
-676393
-676397
-676424
-676443
-676492
-676541
-676570
-676578
-676600
-676671
-676709
-676735
-676747
-676753
-676764
-676796
-676802
-676815
-676828
-676849
-676875
-676896
-676994
-677030
-677036
-677049
-677063
-677103
-677132
-677166
-677173
-677176
-677228
-677249
-677261
-677293
-677306
-677348
-677381
-677382
-677391
-677404
-677419
-677423
-677436
-677451
-677500
-677502
-677502
-677506
-677523
-677524
-677597
-677604
-677646
-677661
-677682
-677706
-677726
-677743
-677748
-677782
-677802
-677828
-677831
-677832
-677844
-677847
-677853
-677862
-677868
-677870
-677874
-677915
-677944
-677980
-678097
-678135
-678145
-678196
-678202
-678232
-678331
-678370
-678372
-678395
-678401
-678419
-678460
-678495
-678507
-678559
-678592
-678600
-678603
-678633
-678661
-678705
-678728
-678733
-678793
-678796
-678811
-678828
-678847
-678849
-678860
-678866
-678872
-678909
-678920
-678952
-678975
-679003
-679023
-679026
-679068
-679090
-679113
-679155
-679169
-679251
-679276
-679293
-679479
-679479
-679492
-679508
-679537
-679546
-679550
-679560
-679565
-679598
-679608
-679612
-679683
-679709
-679712
-679720
-679737
-679751
-679783
-679785
-679818
-679833
-679837
-679885
-679890
-679909
-679929
-679941
-679968
-680050
-680082
-680143
-680154
-680167
-680195
-680198
-680203
-680216
-680239
-680260
-680261
-680297
-680301
-680306
-680369
-680421
-680431
-680461
-680483
-680520
-680564
-680591
-680593
-680597
-680613
-680631
-680653
-680661
-680662
-680674
-680675
-680676
-680699
-680731
-680755
-680859
-680868
-680869
-680897
-680912
-680941
-680979
-680991
-681000
-681001
-681014
-681033
-681049
-681165
-681201
-681238
-681243
-681246
-681278
-681288
-681321
-681329
-681355
-681469
-681476
-681508
-681509
-681517
-681534
-681552
-681595
-681615
-681653
-681670
-681673
-681688
-681727
-681791
-681809
-681814
-681817
-681850
-681852
-681868
-681891
-681911
-681935
-681948
-681970
-681973
-681999
-682002
-682010
-682023
-682058
-682067
-682076
-682080
-682086
-682092
-682096
-682098
-682111
-682178
-682248
-682253
-682275
-682281
-682289
-682316
-682320
-682340
-682349
-682356
-682367
-682396
-682400
-682404
-682430
-682450
-682462
-682486
-682512
-682524
-682538
-682544
-682578
-682585
-682587
-682587
-682602
-682636
-682645
-682649
-682667
-682695
-682717
-682807
-682813
-682813
-682916
-682917
-682966
-682968
-682986
-683001
-683017
-683046
-683048
-683076
-683081
-683101
-683103
-683125
-683132
-683191
-683226
-683252
-683282
-683289
-683309
-683312
-683339
-683358
-683472
-683516
-683529
-683544
-683548
-683555
-683573
-683595
-683609
-683609
-683614
-683616
-683618
-683658
-683745
-683779
-683792
-683801
-683808
-683808
-683817
-683851
-683922
-683932
-683944
-683968
-683980
-684008
-684085
-684094
-684117
-684126
-684155
-684167
-684168
-684220
-684237
-684239
-684265
-684271
-684296
-684303
-684337
-684389
-684394
-684434
-684435
-684442
-684529
-684537
-684543
-684595
-684604
-684700
-684703
-684716
-684731
-684761
-684776
-684807
-684836
-684886
-684908
-684922
-684923
-684949
-684965
-684975
-684976
-684979
-684987
-684997
-685005
-685007
-685010
-685031
-685039
-685071
-685118
-685119
-685154
-685171
-685186
-685188
-685215
-685239
-685275
-685292
-685310
-685310
-685311
-685322
-685322
-685364
-685371
-685377
-685385
-685465
-685468
-685478
-685482
-685492
-685495
-685542
-685556
-685563
-685564
-685591
-685612
-685690
-685748
-685759
-685762
-685777
-685777
-685798
-685819
-685869
-685882
-685944
-686089
-686115
-686120
-686129
-686150
-686163
-686167
-686176
-686188
-686228
-686244
-686302
-686349
-686357
-686369
-686383
-686406
-686408
-686427
-686473
-686476
-686508
-686526
-686534
-686540
-686544
-686587
-686649
-686666
-686678
-686713
-686727
-686729
-686732
-686816
-686819
-686850
-686855
-686863
-686874
-686882
-686916
-686969
-686982
-686984
-686987
-686987
-686992
-687050
-687056
-687057
-687064
-687068
-687072
-687080
-687101
-687119
-687128
-687132
-687176
-687211
-687246
-687253
-687259
-687276
-687299
-687357
-687359
-687364
-687365
-687386
-687389
-687413
-687429
-687540
-687547
-687553
-687557
-687560
-687568
-687580
-687585
-687605
-687643
-687647
-687661
-687695
-687719
-687729
-687739
-687747
-687747
-687838
-687868
-687874
-687879
-687881
-687913
-687914
-687929
-687938
-688008
-688024
-688041
-688049
-688072
-688102
-688113
-688148
-688161
-688173
-688200
-688206
-688213
-688255
-688260
-688282
-688323
-688391
-688445
-688457
-688465
-688476
-688479
-688498
-688510
-688513
-688536
-688551
-688573
-688602
-688605
-688620
-688623
-688624
-688630
-688645
-688675
-688681
-688700
-688778
-688782
-688789
-688806
-688813
-688820
-688835
-688839
-688849
-688857
-688877
-688915
-688926
-688939
-688957
-688966
-688982
-689038
-689044
-689078
-689128
-689161
-689183
-689243
-689245
-689253
-689259
-689259
-689270
-689294
-689295
-689306
-689359
-689361
-689368
-689373
-689385
-689393
-689416
-689422
-689469
-689562
-689564
-689584
-689640
-689660
-689661
-689673
-689680
-689692
-689697
-689704
-689718
-689751
-689783
-689827
-689833
-689899
-689914
-689919
-689954
-690022
-690027
-690056
-690070
-690079
-690098
-690143
-690146
-690151
-690155
-690163
-690165
-690170
-690182
-690186
-690199
-690224
-690233
-690233
-690251
-690258
-690298
-690324
-690326
-690363
-690430
-690437
-690461
-690482
-690491
-690493
-690500
-690529
-690530
-690531
-690538
-690565
-690608
-690638
-690647
-690664
-690714
-690857
-690910
-690929
-690961
-690982
-691004
-691014
-691030
-691043
-691071
-691074
-691080
-691128
-691146
-691147
-691214
-691223
-691224
-691254
-691259
-691266
-691315
-691354
-691357
-691379
-691413
-691433
-691434
-691436
-691437
-691460
-691464
-691466
-691482
-691499
-691525
-691644
-691648
-691690
-691803
-691805
-691809
-691826
-691831
-691841
-691856
-691887
-691906
-691947
-691962
-692041
-692045
-692046
-692067
-692090
-692091
-692100
-692102
-692134
-692176
-692193
-692225
-692227
-692323
-692343
-692381
-692401
-692404
-692432
-692453
-692470
-692518
-692540
-692559
-692570
-692616
-692700
-692712
-692754
-692789
-692790
-692794
-692838
-692855
-692890
-692928
-692973
-692989
-692994
-693035
-693035
-693041
-693063
-693071
-693072
-693123
-693127
-693162
-693170
-693186
-693284
-693284
-693306
-693306
-693312
-693323
-693341
-693371
-693373
-693377
-693428
-693444
-693514
-693533
-693550
-693580
-693580
-693593
-693668
-693685
-693691
-693722
-693736
-693759
-693762
-693783
-693788
-693847
-693857
-693857
-693879
-693918
-693921
-693965
-694056
-694081
-694106
-694109
-694111
-694129
-694166
-694169
-694217
-694227
-694240
-694251
-694311
-694321
-694375
-694391
-694394
-694399
-694431
-694489
-694490
-694516
-694518
-694582
-694601
-694607
-694650
-694652
-694686
-694698
-694704
-694738
-694758
-694767
-694784
-694785
-694833
-694842
-694853
-694875
-694923
-694943
-694977
-694981
-695011
-695031
-695035
-695051
-695053
-695105
-695140
-695141
-695166
-695180
-695253
-695280
-695282
-695297
-695328
-695344
-695345
-695375
-695375
-695385
-695415
-695445
-695467
-695481
-695482
-695502
-695504
-695525
-695545
-695591
-695605
-695682
-695690
-695701
-695728
-695739
-695762
-695799
-695850
-695853
-695855
-695934
-695941
-695945
-695974
-695994
-696051
-696056
-696099
-696111
-696131
-696147
-696178
-696193
-696195
-696201
-696211
-696296
-696296
-696299
-696299
-696308
-696329
-696343
-696348
-696354
-696375
-696384
-696405
-696412
-696437
-696452
-696456
-696466
-696475
-696491
-696498
-696506
-696537
-696548
-696591
-696602
-696616
-696626
-696630
-696648
-696691
-696720
-696746
-696779
-696791
-696795
-696808
-696818
-696820
-696882
-696936
-696945
-696948
-696957
-696970
-697009
-697037
-697050
-697079
-697101
-697114
-697121
-697134
-697147
-697164
-697166
-697177
-697188
-697188
-697195
-697196
-697235
-697248
-697280
-697288
-697322
-697331
-697366
-697379
-697397
-697409
-697423
-697444
-697445
-697471
-697550
-697551
-697556
-697585
-697592
-697648
-697652
-697699
-697736
-697770
-697800
-697802
-697808
-697808
-697816
-697852
-697856
-697900
-697913
-697919
-697927
-697932
-698029
-698031
-698044
-698079
-698085
-698086
-698096
-698127
-698166
-698173
-698184
-698192
-698200
-698206
-698215
-698231
-698300
-698306
-698316
-698340
-698355
-698408
-698431
-698432
-698506
-698536
-698541
-698570
-698596
-698608
-698621
-698689
-698706
-698718
-698719
-698747
-698770
-698775
-698860
-698897
-698910
-698919
-698923
-698939
-698953
-698973
-698990
-699010
-699014
-699050
-699118
-699124
-699138
-699154
-699171
-699191
-699203
-699242
-699243
-699271
-699280
-699296
-699301
-699305
-699306
-699330
-699388
-699411
-699423
-699440
-699449
-699449
-699471
-699483
-699512
-699514
-699552
-699561
-699571
-699583
-699592
-699598
-699610
-699675
-699677
-699685
-699720
-699735
-699753
-699761
-699796
-699798
-699807
-699836
-699840
-699904
-699916
-699948
-699956
-699956
-699959
-699974
-700019
-700067
-700070
-700080
-700082
-700085
-700116
-700129
-700142
-700151
-700239
-700259
-700304
-700308
-700309
-700346
-700351
-700362
-700395
-700423
-700436
-700442
-700467
-700499
-700502
-700528
-700528
-700531
-700532
-700572
-700594
-700598
-700627
-700641
-700698
-700701
-700701
-700715
-700729
-700740
-700780
-700785
-700791
-700804
-700807
-700821
-700840
-700882
-700898
-700937
-700966
-700978
-700981
-701050
-701097
-701104
-701111
-701117
-701132
-701148
-701153
-701156
-701235
-701276
-701290
-701454
-701471
-701473
-701538
-701584
-701587
-701601
-701613
-701636
-701653
-701654
-701665
-701677
-701702
-701705
-701715
-701726
-701737
-701811
-701812
-701816
-701829
-701841
-701859
-701861
-701906
-701909
-701918
-701942
-702040
-702054
-702065
-702070
-702088
-702090
-702108
-702114
-702124
-702137
-702139
-702140
-702142
-702154
-702174
-702219
-702233
-702239
-702324
-702326
-702359
-702387
-702394
-702403
-702435
-702445
-702461
-702464
-702466
-702495
-702496
-702498
-702506
-702513
-702515
-702528
-702532
-702597
-702639
-702643
-702688
-702718
-702719
-702720
-702757
-702761
-702801
-702807
-702834
-702863
-702869
-702884
-702911
-702947
-702951
-702997
-703001
-703004
-703009
-703034
-703034
-703072
-703098
-703127
-703141
-703146
-703171
-703244
-703247
-703338
-703384
-703386
-703400
-703454
-703477
-703501
-703511
-703529
-703602
-703638
-703641
-703643
-703672
-703681
-703691
-703707
-703711
-703712
-703725
-703748
-703781
-703868
-703874
-703886
-703899
-703906
-703910
-703911
-703918
-703927
-703933
-703937
-703955
-703955
-704009
-704028
-704060
-704073
-704117
-704130
-704135
-704151
-704216
-704247
-704283
-704283
-704302
-704324
-704353
-704362
-704367
-704371
-704376
-704380
-704394
-704411
-704419
-704424
-704443
-704481
-704486
-704488
-704604
-704613
-704659
-704693
-704694
-704699
-704710
-704710
-704723
-704758
-704768
-704773
-704776
-704833
-704896
-704911
-704948
-704962
-704986
-705075
-705082
-705087
-705097
-705133
-705158
-705174
-705176
-705181
-705189
-705202
-705211
-705244
-705274
-705288
-705306
-705344
-705351
-705354
-705360
-705367
-705372
-705407
-705418
-705425
-705463
-705477
-705482
-705489
-705492
-705497
-705511
-705528
-705537
-705540
-705546
-705550
-705589
-705595
-705607
-705625
-705691
-705698
-705698
-705711
-705717
-705768
-705786
-705809
-705830
-705841
-705847
-705871
-705884
-705886
-705924
-705944
-705959
-706005
-706027
-706028
-706065
-706067
-706076
-706117
-706128
-706161
-706198
-706201
-706257
-706273
-706277
-706294
-706297
-706300
-706320
-706324
-706324
-706331
-706349
-706413
-706466
-706519
-706520
-706539
-706549
-706550
-706606
-706623
-706674
-706684
-706710
-706712
-706721
-706740
-706748
-706766
-706779
-706804
-706806
-706810
-706857
-706867
-706867
-706889
-706890
-706900
-706954
-707018
-707050
-707103
-707107
-707110
-707123
-707144
-707187
-707190
-707199
-707233
-707252
-707254
-707257
-707290
-707310
-707358
-707410
-707415
-707468
-707482
-707528
-707532
-707540
-707548
-707583
-707592
-707636
-707639
-707640
-707641
-707650
-707670
-707679
-707685
-707707
-707720
-707722
-707723
-707748
-707759
-707770
-707789
-707815
-707854
-707869
-707876
-707902
-707950
-707978
-707992
-708017
-708031
-708049
-708061
-708098
-708112
-708119
-708121
-708203
-708210
-708231
-708267
-708271
-708274
-708288
-708390
-708397
-708413
-708413
-708422
-708435
-708441
-708452
-708456
-708470
-708481
-708542
-708552
-708560
-708574
-708582
-708648
-708667
-708696
-708742
-708748
-708769
-708787
-708787
-708802
-708807
-708841
-708843
-708856
-708870
-708873
-708875
-708878
-708898
-708899
-708915
-708957
-708977
-708991
-709013
-709026
-709033
-709062
-709080
-709087
-709101
-709120
-709144
-709148
-709158
-709177
-709179
-709253
-709274
-709278
-709328
-709340
-709341
-709347
-709400
-709427
-709442
-709464
-709479
-709495
-709496
-709536
-709557
-709589
-709595
-709596
-709620
-709629
-709645
-709663
-709668
-709688
-709728
-709756
-709781
-709786
-709787
-709798
-709811
-709815
-709833
-709850
-709876
-709880
-709900
-709940
-709950
-709982
-709995
-710027
-710037
-710040
-710049
-710070
-710116
-710131
-710177
-710183
-710198
-710208
-710229
-710239
-710242
-710285
-710290
-710309
-710317
-710323
-710363
-710373
-710397
-710399
-710399
-710404
-710406
-710420
-710428
-710466
-710483
-710499
-710525
-710527
-710532
-710543
-710587
-710599
-710608
-710648
-710659
-710667
-710703
-710734
-710765
-710772
-710775
-710787
-710792
-710797
-710799
-710803
-710825
-710863
-710864
-710871
-710886
-710900
-710902
-710905
-710961
-710990
-711004
-711016
-711051
-711063
-711081
-711119
-711157
-711169
-711281
-711306
-711315
-711371
-711374
-711385
-711393
-711405
-711413
-711427
-711441
-711447
-711447
-711476
-711488
-711526
-711531
-711548
-711549
-711594
-711597
-711600
-711621
-711627
-711649
-711654
-711706
-711708
-711716
-711728
-711728
-711747
-711765
-711771
-711806
-711807
-711830
-711845
-711863
-711914
-711918
-711947
-711989
-711994
-712039
-712065
-712077
-712078
-712090
-712116
-712117
-712131
-712131
-712150
-712170
-712170
-712181
-712197
-712200
-712206
-712251
-712268
-712269
-712296
-712296
-712324
-712328
-712340
-712398
-712399
-712410
-712424
-712430
-712437
-712478
-712494
-712503
-712512
-712514
-712529
-712535
-712535
-712595
-712597
-712609
-712620
-712681
-712694
-712725
-712730
-712751
-712753
-712762
-712771
-712775
-712824
-712842
-712843
-712877
-712882
-712892
-712910
-712928
-712956
-713026
-713032
-713062
-713088
-713094
-713100
-713139
-713160
-713172
-713178
-713193
-713220
-713265
-713288
-713316
-713342
-713344
-713346
-713359
-713389
-713437
-713488
-713492
-713508
-713525
-713531
-713559
-713584
-713622
-713644
-713664
-713669
-713708
-713770
-713814
-713837
-713841
-713851
-713882
-713884
-713889
-713896
-713899
-713900
-713901
-713938
-713950
-713953
-713988
-713993
-714014
-714018
-714028
-714031
-714048
-714064
-714089
-714105
-714107
-714109
-714129
-714165
-714179
-714185
-714208
-714260
-714270
-714334
-714339
-714430
-714442
-714458
-714460
-714461
-714512
-714523
-714552
-714561
-714571
-714578
-714590
-714667
-714670
-714741
-714751
-714774
-714777
-714786
-714791
-714797
-714797
-714819
-714829
-714851
-714882
-714894
-714910
-714919
-714931
-714937
-714942
-714944
-714951
-714989
-714994
-715025
-715025
-715036
-715060
-715069
-715107
-715124
-715133
-715134
-715143
-715145
-715148
-715224
-715246
-715256
-715270
-715308
-715309
-715317
-715321
-715363
-715375
-715407
-715425
-715441
-715447
-715460
-715462
-715475
-715505
-715550
-715563
-715601
-715636
-715641
-715653
-715657
-715691
-715705
-715713
-715715
-715723
-715758
-715776
-715785
-715796
-715805
-715835
-715839
-715875
-715958
-715986
-715996
-715997
-715999
-715999
-716045
-716049
-716086
-716118
-716163
-716173
-716196
-716205
-716220
-716252
-716304
-716334
-716357
-716361
-716412
-716416
-716426
-716429
-716443
-716450
-716463
-716468
-716474
-716478
-716494
-716529
-716535
-716542
-716558
-716563
-716570
-716570
-716570
-716574
-716618
-716628
-716650
-716729
-716744
-716832
-716840
-716879
-716893
-716938
-716969
-716999
-717027
-717064
-717068
-717107
-717124
-717136
-717147
-717156
-717181
-717209
-717249
-717280
-717294
-717325
-717336
-717352
-717360
-717371
-717378
-717454
-717465
-717495
-717513
-717515
-717561
-717578
-717635
-717674
-717681
-717685
-717700
-717706
-717725
-717756
-717756
-717795
-717796
-717803
-717822
-717829
-717836
-717877
-717922
-717959
-717996
-718026
-718026
-718049
-718057
-718059
-718082
-718121
-718175
-718179
-718189
-718197
-718236
-718273
-718336
-718338
-718341
-718346
-718348
-718356
-718397
-718398
-718426
-718427
-718472
-718496
-718543
-718545
-718551
-718558
-718662
-718669
-718676
-718681
-718738
-718772
-718786
-718813
-718828
-718829
-718848
-718853
-718856
-718913
-718956
-719000
-719060
-719080
-719120
-719146
-719173
-719214
-719246
-719253
-719279
-719290
-719303
-719312
-719326
-719335
-719383
-719407
-719423
-719430
-719433
-719445
-719452
-719470
-719479
-719508
-719528
-719565
-719570
-719581
-719582
-719591
-719599
-719610
-719617
-719653
-719697
-719723
-719727
-719735
-719743
-719755
-719783
-719826
-719846
-719860
-719875
-719894
-719898
-719901
-719905
-719919
-719935
-719940
-719998
-720072
-720100
-720119
-720152
-720157
-720169
-720197
-720209
-720214
-720220
-720236
-720240
-720268
-720273
-720286
-720415
-720431
-720435
-720478
-720491
-720531
-720538
-720553
-720560
-720577
-720579
-720609
-720619
-720688
-720693
-720716
-720728
-720781
-720807
-720808
-720861
-720895
-720918
-720926
-720938
-720947
-720948
-720949
-720973
-720996
-720998
-721003
-721039
-721042
-721058
-721064
-721099
-721100
-721135
-721176
-721198
-721216
-721216
-721218
-721219
-721237
-721241
-721266
-721279
-721307
-721312
-721335
-721343
-721347
-721367
-721371
-721375
-721388
-721414
-721446
-721466
-721476
-721478
-721486
-721507
-721534
-721584
-721588
-721591
-721627
-721663
-721663
-721753
-721797
-721799
-721804
-721807
-721816
-721828
-721840
-721864
-721894
-721895
-721896
-721906
-721911
-721921
-721932
-721935
-721982
-721987
-721988
-721999
-722019
-722045
-722049
-722069
-722133
-722142
-722157
-722193
-722205
-722219
-722220
-722266
-722281
-722330
-722346
-722393
-722406
-722408
-722425
-722429
-722439
-722445
-722447
-722447
-722448
-722488
-722491
-722493
-722502
-722553
-722634
-722641
-722642
-722791
-722828
-722841
-722849
-722903
-722935
-722944
-722991
-722993
-723010
-723024
-723070
-723080
-723109
-723130
-723138
-723168
-723180
-723189
-723202
-723207
-723250
-723264
-723274
-723293
-723345
-723372
-723408
-723439
-723463
-723472
-723515
-723538
-723550
-723578
-723587
-723600
-723625
-723625
-723626
-723638
-723640
-723661
-723712
-723720
-723721
-723727
-723845
-723871
-723881
-723883
-723899
-723928
-723930
-723945
-723946
-723963
-723981
-723984
-724029
-724041
-724051
-724069
-724079
-724079
-724082
-724090
-724112
-724120
-724129
-724145
-724151
-724177
-724199
-724249
-724283
-724315
-724328
-724365
-724387
-724410
-724459
-724479
-724482
-724486
-724496
-724522
-724567
-724586
-724603
-724627
-724659
-724660
-724673
-724708
-724712
-724722
-724730
-724736
-724742
-724766
-724857
-724859
-724873
-724884
-724887
-724891
-724896
-724898
-724908
-724930
-724944
-724947
-724954
-725053
-725056
-725110
-725122
-725130
-725171
-725180
-725184
-725203
-725224
-725272
-725349
-725353
-725354
-725373
-725416
-725419
-725454
-725474
-725479
-725489
-725497
-725532
-725534
-725541
-725545
-725571
-725579
-725661
-725670
-725764
-725773
-725782
-725828
-725876
-725927
-725931
-725934
-725957
-725959
-725982
-725989
-725996
-725998
-726023
-726034
-726036
-726043
-726046
-726067
-726085
-726100
-726131
-726141
-726194
-726194
-726219
-726262
-726266
-726275
-726287
-726296
-726305
-726309
-726311
-726332
-726344
-726359
-726377
-726400
-726429
-726436
-726446
-726487
-726531
-726535
-726549
-726613
-726622
-726630
-726655
-726673
-726697
-726697
-726699
-726710
-726728
-726731
-726783
-726870
-726939
-726963
-727003
-727014
-727018
-727030
-727041
-727063
-727073
-727091
-727098
-727102
-727118
-727128
-727146
-727155
-727215
-727223
-727233
-727241
-727252
-727293
-727306
-727326
-727362
-727475
-727476
-727536
-727545
-727571
-727576
-727588
-727637
-727665
-727692
-727710
-727738
-727739
-727824
-727826
-727845
-727847
-727848
-727874
-727896
-727913
-727936
-727970
-727987
-727989
-728015
-728059
-728118
-728146
-728148
-728151
-728161
-728241
-728246
-728248
-728272
-728362
-728393
-728394
-728398
-728404
-728428
-728457
-728466
-728537
-728545
-728546
-728549
-728573
-728610
-728613
-728622
-728626
-728652
-728663
-728665
-728792
-728901
-728907
-728910
-728925
-728935
-728974
-728984
-729002
-729019
-729023
-729046
-729051
-729054
-729079
-729083
-729094
-729179
-729269
-729277
-729289
-729304
-729348
-729393
-729405
-729407
-729422
-729423
-729446
-729472
-729475
-729499
-729508
-729526
-729530
-729539
-729560
-729610
-729618
-729631
-729641
-729641
-729644
-729644
-729697
-729700
-729736
-729742
-729749
-729771
-729776
-729796
-729821
-729823
-729836
-729867
-729891
-729892
-729907
-729912
-729949
-729950
-729956
-729966
-729977
-729994
-730017
-730037
-730042
-730078
-730085
-730088
-730088
-730106
-730135
-730148
-730150
-730151
-730151
-730152
-730164
-730172
-730177
-730220
-730228
-730286
-730299
-730305
-730349
-730360
-730456
-730491
-730559
-730580
-730590
-730639
-730640
-730647
-730649
-730701
-730709
-730716
-730723
-730732
-730796
-730814
-730888
-730919
-730933
-730938
-730953
-730979
-730981
-731039
-731063
-731129
-731132
-731150
-731217
-731244
-731268
-731317
-731322
-731326
-731330
-731336
-731378
-731418
-731439
-731450
-731460
-731482
-731485
-731499
-731509
-731538
-731544
-731550
-731562
-731581
-731586
-731592
-731676
-731690
-731707
-731720
-731773
-731793
-731794
-731796
-731814
-731899
-731900
-731906
-731913
-731927
-731947
-731953
-731953
-731953
-731953
-731955
-731991
-732019
-732026
-732053
-732055
-732057
-732059
-732096
-732106
-732134
-732136
-732156
-732173
-732178
-732213
-732228
-732228
-732231
-732241
-732247
-732249
-732255
-732257
-732271
-732283
-732296
-732347
-732367
-732375
-732375
-732381
-732393
-732406
-732409
-732432
-732451
-732472
-732480
-732487
-732497
-732499
-732508
-732514
-732582
-732585
-732638
-732638
-732666
-732691
-732729
-732758
-732782
-732800
-732821
-732839
-732867
-732897
-732926
-732939
-732982
-733042
-733064
-733066
-733077
-733083
-733086
-733116
-733124
-733128
-733135
-733142
-733143
-733178
-733181
-733186
-733198
-733205
-733215
-733266
-733272
-733284
-733323
-733350
-733390
-733411
-733417
-733440
-733448
-733456
-733477
-733488
-733502
-733506
-733530
-733559
-733564
-733584
-733589
-733593
-733641
-733700
-733770
-733785
-733786
-733792
-733814
-733851
-733856
-733861
-733871
-733905
-733940
-733946
-733946
-733948
-733980
-733987
-734010
-734024
-734056
-734106
-734115
-734124
-734131
-734173
-734174
-734225
-734269
-734282
-734340
-734342
-734395
-734414
-734448
-734450
-734512
-734531
-734595
-734601
-734605
-734649
-734687
-734697
-734718
-734743
-734762
-734777
-734796
-734817
-734827
-734837
-734852
-734854
-734871
-734898
-734923
-734927
-734928
-734932
-734955
-735002
-735006
-735014
-735057
-735059
-735100
-735102
-735105
-735121
-735163
-735179
-735182
-735215
-735236
-735245
-735246
-735249
-735258
-735261
-735277
-735302
-735316
-735322
-735333
-735354
-735363
-735378
-735398
-735400
-735460
-735504
-735507
-735508
-735515
-735569
-735604
-735637
-735649
-735719
-735741
-735762
-735779
-735781
-735786
-735834
-735863
-735874
-735876
-735910
-735942
-735957
-735979
-735995
-736002
-736028
-736034
-736070
-736074
-736145
-736163
-736179
-736188
-736211
-736240
-736248
-736254
-736262
-736342
-736343
-736359
-736370
-736407
-736450
-736456
-736459
-736474
-736475
-736521
-736525
-736526
-736537
-736553
-736556
-736595
-736599
-736604
-736609
-736614
-736617
-736617
-736637
-736694
-736694
-736731
-736738
-736757
-736769
-736774
-736795
-736796
-736841
-736859
-736882
-736913
-736958
-736971
-736985
-736997
-737006
-737039
-737048
-737068
-737071
-737079
-737094
-737099
-737139
-737165
-737181
-737186
-737198
-737212
-737212
-737240
-737270
-737309
-737342
-737343
-737345
-737382
-737390
-737393
-737396
-737399
-737420
-737429
-737438
-737444
-737488
-737508
-737518
-737549
-737593
-737637
-737638
-737644
-737732
-737775
-737896
-737902
-737972
-738018
-738025
-738051
-738051
-738074
-738075
-738144
-738154
-738156
-738159
-738184
-738249
-738270
-738276
-738292
-738297
-738301
-738321
-738339
-738378
-738383
-738393
-738408
-738408
-738409
-738416
-738451
-738463
-738468
-738479
-738482
-738495
-738514
-738518
-738519
-738551
-738578
-738580
-738584
-738628
-738654
-738698
-738724
-738766
-738795
-738796
-738831
-738854
-738879
-738889
-738896
-738901
-738935
-738961
-738993
-739001
-739005
-739086
-739167
-739213
-739223
-739252
-739265
-739280
-739291
-739298
-739325
-739347
-739350
-739352
-739362
-739382
-739430
-739471
-739532
-739538
-739539
-739547
-739553
-739565
-739567
-739587
-739613
-739634
-739653
-739656
-739716
-739732
-739734
-739744
-739763
-739775
-739800
-739808
-739817
-739820
-739824
-739904
-739911
-739915
-739923
-739944
-739963
-739988
-740042
-740048
-740100
-740126
-740128
-740130
-740135
-740146
-740154
-740161
-740168
-740202
-740217
-740232
-740236
-740255
-740275
-740278
-740287
-740315
-740328
-740348
-740370
-740377
-740396
-740409
-740474
-740475
-740478
-740488
-740503
-740511
-740516
-740558
-740587
-740625
-740625
-740648
-740652
-740668
-740679
-740704
-740726
-740844
-740863
-740907
-740920
-740934
-740939
-740944
-740947
-740987
-740990
-741064
-741077
-741080
-741085
-741089
-741098
-741107
-741129
-741155
-741175
-741192
-741204
-741226
-741246
-741252
-741253
-741268
-741273
-741274
-741310
-741324
-741327
-741385
-741411
-741433
-741435
-741439
-741455
-741459
-741474
-741475
-741487
-741495
-741504
-741517
-741532
-741553
-741555
-741555
-741592
-741608
-741609
-741615
-741616
-741624
-741647
-741649
-741668
-741696
-741703
-741737
-741785
-741801
-741824
-741838
-741843
-741909
-741910
-741968
-742000
-742039
-742058
-742058
-742062
-742063
-742066
-742097
-742134
-742151
-742186
-742246
-742304
-742326
-742352
-742387
-742399
-742409
-742416
-742447
-742456
-742484
-742496
-742504
-742522
-742587
-742594
-742598
-742614
-742617
-742655
-742687
-742689
-742752
-742763
-742798
-742799
-742800
-742813
-742838
-742843
-742854
-742934
-742935
-742941
-742968
-743001
-743010
-743013
-743018
-743057
-743077
-743084
-743086
-743117
-743148
-743169
-743220
-743245
-743264
-743271
-743295
-743295
-743305
-743358
-743391
-743394
-743428
-743449
-743465
-743480
-743486
-743491
-743513
-743556
-743558
-743568
-743575
-743586
-743588
-743651
-743679
-743696
-743754
-743760
-743761
-743771
-743783
-743833
-743843
-743847
-743850
-743855
-743872
-743900
-743926
-743926
-743938
-743966
-743978
-743981
-744014
-744024
-744069
-744095
-744096
-744122
-744145
-744158
-744170
-744221
-744225
-744244
-744248
-744251
-744275
-744300
-744313
-744330
-744332
-744332
-744367
-744383
-744418
-744421
-744477
-744497
-744511
-744525
-744542
-744549
-744565
-744618
-744672
-744673
-744753
-744756
-744764
-744819
-744827
-744830
-744858
-744883
-744914
-744949
-744968
-744978
-744982
-744999
-745013
-745052
-745066
-745083
-745084
-745092
-745180
-745184
-745200
-745204
-745247
-745259
-745264
-745274
-745282
-745292
-745313
-745314
-745338
-745357
-745365
-745376
-745398
-745450
-745488
-745576
-745601
-745620
-745632
-745634
-745634
-745649
-745649
-745695
-745732
-745747
-745760
-745776
-745783
-745787
-745793
-745796
-745815
-745839
-745868
-745889
-745914
-745946
-745963
-745970
-745993
-746000
-746036
-746041
-746056
-746057
-746100
-746102
-746141
-746156
-746164
-746234
-746246
-746261
-746264
-746296
-746309
-746333
-746347
-746387
-746389
-746413
-746419
-746425
-746452
-746464
-746478
-746488
-746501
-746515
-746521
-746539
-746591
-746616
-746620
-746621
-746672
-746676
-746694
-746732
-746751
-746756
-746780
-746789
-746817
-746833
-746863
-746877
-746885
-746905
-746914
-746931
-746962
-746969
-746985
-747052
-747062
-747069
-747077
-747104
-747149
-747156
-747180
-747199
-747211
-747227
-747250
-747251
-747285
-747288
-747321
-747338
-747343
-747364
-747411
-747465
-747474
-747520
-747552
-747556
-747562
-747621
-747628
-747704
-747717
-747732
-747736
-747773
-747848
-747856
-747863
-747863
-747947
-747958
-747960
-748000
-748004
-748024
-748045
-748074
-748103
-748131
-748136
-748198
-748199
-748210
-748227
-748230
-748256
-748256
-748265
-748310
-748322
-748322
-748330
-748342
-748345
-748385
-748405
-748414
-748453
-748511
-748516
-748543
-748555
-748559
-748565
-748572
-748605
-748621
-748664
-748671
-748678
-748687
-748687
-748723
-748740
-748785
-748804
-748844
-748855
-748871
-748881
-748882
-748908
-748924
-748959
-748970
-748986
-749024
-749051
-749061
-749095
-749099
-749111
-749123
-749136
-749178
-749183
-749190
-749194
-749204
-749206
-749207
-749245
-749261
-749265
-749280
-749324
-749355
-749410
-749420
-749478
-749501
-749531
-749600
-749609
-749636
-749716
-749717
-749750
-749801
-749839
-749841
-749847
-749849
-749850
-749872
-749878
-749880
-749901
-749902
-749906
-749908
-749909
-749948
-749949
-750019
-750070
-750088
-750144
-750154
-750155
-750173
-750175
-750183
-750190
-750231
-750232
-750290
-750295
-750297
-750298
-750313
-750325
-750340
-750367
-750375
-750403
-750416
-750435
-750646
-750657
-750659
-750671
-750683
-750707
-750740
-750802
-750807
-750811
-750840
-750875
-750889
-750912
-750961
-751037
-751049
-751067
-751082
-751088
-751119
-751124
-751158
-751160
-751231
-751246
-751248
-751269
-751275
-751301
-751319
-751356
-751415
-751470
-751521
-751554
-751568
-751588
-751608
-751625
-751654
-751671
-751683
-751714
-751771
-751787
-751789
-751790
-751800
-751864
-751890
-751923
-751959
-751968
-751969
-751992
-751995
-752018
-752025
-752029
-752042
-752047
-752053
-752057
-752058
-752072
-752084
-752110
-752117
-752141
-752149
-752181
-752195
-752228
-752230
-752230
-752266
-752266
-752267
-752277
-752282
-752283
-752322
-752339
-752381
-752390
-752425
-752426
-752455
-752458
-752462
-752471
-752476
-752477
-752501
-752533
-752553
-752556
-752569
-752593
-752618
-752632
-752663
-752714
-752758
-752764
-752777
-752787
-752790
-752792
-752828
-752833
-752845
-752859
-752862
-752863
-752870
-752886
-752897
-752937
-752937
-752962
-752986
-752991
-753030
-753036
-753060
-753093
-753142
-753145
-753167
-753188
-753193
-753234
-753247
-753247
-753260
-753268
-753288
-753290
-753308
-753308
-753316
-753383
-753397
-753421
-753431
-753441
-753471
-753473
-753488
-753495
-753511
-753524
-753534
-753545
-753558
-753564
-753565
-753567
-753590
-753596
-753603
-753603
-753611
-753649
-753683
-753697
-753698
-753701
-753709
-753726
-753731
-753771
-753830
-753855
-753866
-753867
-753913
-753921
-753925
-753925
-753929
-753957
-753961
-753990
-753993
-754018
-754021
-754022
-754056
-754128
-754146
-754152
-754192
-754204
-754249
-754255
-754261
-754278
-754326
-754341
-754346
-754356
-754376
-754413
-754422
-754429
-754446
-754451
-754456
-754482
-754484
-754523
-754591
-754595
-754608
-754618
-754678
-754709
-754717
-754722
-754725
-754732
-754796
-754839
-754850
-754874
-754887
-754889
-754902
-754919
-754929
-754942
-754994
-754999
-755032
-755051
-755071
-755072
-755079
-755118
-755124
-755154
-755208
-755210
-755214
-755222
-755230
-755236
-755260
-755310
-755349
-755364
-755371
-755380
-755393
-755422
-755439
-755452
-755507
-755511
-755520
-755524
-755534
-755538
-755598
-755612
-755627
-755692
-755700
-755721
-755723
-755742
-755759
-755808
-755816
-755819
-755832
-755846
-755855
-755888
-755908
-755954
-755962
-755968
-755997
-756010
-756021
-756059
-756071
-756075
-756075
-756108
-756130
-756138
-756178
-756220
-756235
-756252
-756256
-756263
-756319
-756325
-756332
-756338
-756338
-756342
-756344
-756344
-756345
-756349
-756350
-756366
-756404
-756419
-756450
-756525
-756531
-756539
-756543
-756562
-756576
-756592
-756618
-756624
-756639
-756666
-756669
-756697
-756728
-756729
-756764
-756770
-756791
-756792
-756792
-756799
-756842
-756864
-756864
-756894
-756896
-756913
-756931
-756951
-756953
-756962
-756969
-756971
-756981
-757054
-757069
-757100
-757111
-757111
-757114
-757142
-757159
-757159
-757161
-757180
-757181
-757192
-757256
-757260
-757270
-757276
-757290
-757293
-757300
-757303
-757313
-757326
-757333
-757356
-757375
-757378
-757394
-757395
-757414
-757415
-757424
-757469
-757501
-757510
-757543
-757593
-757647
-757679
-757686
-757687
-757708
-757709
-757716
-757752
-757783
-757783
-757787
-757819
-757827
-757831
-757860
-757868
-757925
-757946
-757987
-757999
-758028
-758040
-758073
-758077
-758081
-758102
-758108
-758113
-758116
-758131
-758163
-758166
-758179
-758183
-758210
-758217
-758218
-758268
-758278
-758295
-758315
-758322
-758342
-758349
-758354
-758374
-758390
-758400
-758428
-758451
-758471
-758545
-758547
-758556
-758571
-758645
-758657
-758658
-758677
-758731
-758736
-758780
-758785
-758804
-758825
-758852
-758885
-758886
-758897
-758958
-758963
-758965
-758979
-758991
-759000
-759015
-759036
-759084
-759086
-759110
-759142
-759143
-759153
-759177
-759188
-759195
-759195
-759209
-759275
-759294
-759313
-759347
-759349
-759353
-759409
-759431
-759450
-759455
-759479
-759485
-759492
-759497
-759528
-759541
-759576
-759632
-759699
-759716
-759730
-759745
-759765
-759767
-759770
-759784
-759812
-759818
-759820
-759820
-759851
-759861
-759912
-759944
-759946
-759955
-759967
-759988
-759995
-760000
-760034
-760040
-760056
-760059
-760061
-760066
-760081
-760086
-760092
-760093
-760097
-760119
-760123
-760141
-760177
-760188
-760208
-760228
-760255
-760260
-760296
-760297
-760304
-760322
-760338
-760350
-760358
-760388
-760389
-760414
-760424
-760448
-760450
-760470
-760493
-760517
-760533
-760541
-760567
-760625
-760658
-760702
-760738
-760747
-760749
-760760
-760765
-760877
-760890
-760920
-760942
-760948
-760951
-760991
-761042
-761043
-761068
-761070
-761083
-761092
-761122
-761151
-761164
-761183
-761209
-761225
-761253
-761260
-761263
-761267
-761270
-761275
-761281
-761293
-761319
-761376
-761414
-761417
-761440
-761449
-761467
-761502
-761508
-761513
-761519
-761537
-761538
-761573
-761625
-761639
-761654
-761694
-761720
-761769
-761793
-761811
-761821
-761822
-761849
-761853
-761867
-761879
-761911
-761954
-761954
-761969
-761975
-761983
-762047
-762068
-762070
-762089
-762131
-762149
-762151
-762169
-762192
-762220
-762264
-762277
-762317
-762325
-762347
-762382
-762451
-762458
-762474
-762481
-762482
-762543
-762545
-762547
-762574
-762577
-762602
-762604
-762618
-762624
-762656
-762663
-762668
-762689
-762702
-762714
-762787
-762813
-762842
-762865
-762892
-762948
-762953
-762962
-762973
-762978
-762993
-763022
-763032
-763032
-763032
-763070
-763077
-763085
-763102
-763118
-763132
-763147
-763150
-763225
-763248
-763251
-763255
-763299
-763328
-763338
-763342
-763375
-763378
-763409
-763432
-763435
-763440
-763443
-763469
-763477
-763478
-763488
-763517
-763524
-763526
-763539
-763601
-763616
-763627
-763628
-763634
-763637
-763638
-763674
-763688
-763694
-763719
-763731
-763775
-763792
-763808
-763841
-763854
-763860
-763900
-763902
-763937
-763952
-763965
-764019
-764031
-764050
-764054
-764122
-764124
-764182
-764190
-764217
-764218
-764220
-764312
-764352
-764369
-764406
-764407
-764412
-764438
-764447
-764449
-764451
-764471
-764496
-764521
-764553
-764585
-764604
-764642
-764656
-764686
-764708
-764766
-764769
-764775
-764832
-764839
-764847
-764861
-764866
-764879
-764889
-764900
-764923
-764963
-764991
-765030
-765047
-765089
-765093
-765100
-765152
-765165
-765174
-765176
-765182
-765234
-765295
-765330
-765337
-765362
-765411
-765424
-765506
-765523
-765542
-765544
-765550
-765552
-765555
-765576
-765643
-765654
-765695
-765707
-765769
-765790
-765801
-765818
-765822
-765864
-765875
-765903
-765911
-765926
-765928
-765943
-765962
-765987
-766047
-766071
-766098
-766102
-766120
-766120
-766129
-766150
-766151
-766157
-766178
-766208
-766213
-766241
-766267
-766268
-766296
-766303
-766327
-766382
-766394
-766421
-766434
-766434
-766452
-766487
-766492
-766494
-766509
-766517
-766536
-766570
-766573
-766596
-766596
-766630
-766643
-766656
-766659
-766681
-766704
-766723
-766746
-766752
-766769
-766792
-766798
-766825
-766839
-766859
-766912
-766925
-766928
-766971
-767012
-767013
-767025
-767066
-767088
-767128
-767138
-767247
-767268
-767270
-767294
-767310
-767323
-767329
-767332
-767333
-767337
-767380
-767411
-767414
-767425
-767431
-767469
-767497
-767543
-767562
-767566
-767591
-767598
-767631
-767633
-767665
-767672
-767689
-767708
-767731
-767757
-767774
-767778
-767787
-767799
-767803
-767803
-767807
-767824
-767843
-767866
-767884
-767894
-767917
-767934
-767943
-767984
-767989
-768034
-768071
-768071
-768087
-768095
-768102
-768137
-768167
-768173
-768188
-768190
-768213
-768226
-768281
-768283
-768285
-768297
-768315
-768333
-768360
-768362
-768368
-768413
-768439
-768482
-768497
-768525
-768531
-768532
-768576
-768577
-768590
-768652
-768659
-768682
-768685
-768785
-768796
-768812
-768861
-768865
-768894
-768943
-768959
-768964
-768984
-768997
-769028
-769064
-769066
-769072
-769078
-769079
-769107
-769139
-769195
-769197
-769254
-769310
-769312
-769317
-769320
-769320
-769326
-769351
-769371
-769388
-769397
-769402
-769415
-769435
-769476
-769558
-769594
-769602
-769609
-769611
-769615
-769639
-769644
-769657
-769662
-769698
-769724
-769725
-769733
-769745
-769764
-769768
-769790
-769835
-769863
-769883
-769884
-769888
-769893
-769908
-769927
-769936
-769938
-769949
-769974
-769982
-769987
-769994
-770040
-770068
-770068
-770172
-770178
-770210
-770238
-770277
-770277
-770301
-770322
-770331
-770332
-770344
-770370
-770394
-770418
-770428
-770505
-770524
-770537
-770537
-770541
-770546
-770549
-770552
-770577
-770599
-770620
-770624
-770647
-770656
-770657
-770665
-770738
-770779
-770786
-770835
-770845
-770848
-770878
-770976
-771032
-771053
-771058
-771073
-771074
-771084
-771096
-771130
-771161
-771170
-771217
-771233
-771261
-771281
-771294
-771302
-771319
-771328
-771334
-771398
-771445
-771470
-771497
-771530
-771554
-771568
-771665
-771684
-771708
-771757
-771759
-771781
-771782
-771789
-771824
-771848
-771850
-771867
-771895
-771907
-771947
-771951
-771962
-771978
-771992
-771997
-772024
-772044
-772048
-772080
-772100
-772115
-772119
-772140
-772160
-772169
-772205
-772214
-772252
-772261
-772270
-772339
-772371
-772400
-772427
-772445
-772447
-772448
-772454
-772462
-772465
-772510
-772527
-772610
-772612
-772638
-772672
-772677
-772688
-772693
-772723
-772735
-772743
-772762
-772783
-772795
-772813
-772841
-772897
-772915
-773009
-773021
-773035
-773036
-773064
-773092
-773098
-773122
-773180
-773196
-773203
-773227
-773247
-773249
-773270
-773308
-773314
-773322
-773351
-773398
-773401
-773446
-773454
-773462
-773489
-773496
-773499
-773529
-773531
-773571
-773573
-773577
-773579
-773597
-773610
-773627
-773658
-773667
-773673
-773673
-773685
-773700
-773719
-773772
-773839
-773847
-773849
-773913
-773916
-773926
-773929
-773957
-773972
-773980
-773995
-773997
-774018
-774027
-774058
-774058
-774095
-774100
-774107
-774129
-774139
-774140
-774221
-774241
-774252
-774258
-774260
-774370
-774372
-774378
-774401
-774408
-774421
-774429
-774433
-774433
-774452
-774478
-774500
-774509
-774541
-774562
-774566
-774588
-774615
-774625
-774671
-774676
-774677
-774687
-774690
-774735
-774781
-774790
-774808
-774819
-774872
-774879
-774896
-774908
-774928
-774940
-774948
-774955
-775016
-775018
-775029
-775063
-775084
-775090
-775099
-775138
-775188
-775193
-775216
-775228
-775236
-775250
-775338
-775341
-775349
-775353
-775354
-775377
-775382
-775388
-775467
-775488
-775493
-775521
-775534
-775558
-775569
-775588
-775607
-775672
-775687
-775708
-775710
-775738
-775771
-775779
-775802
-775812
-775814
-775833
-775838
-775862
-775863
-775873
-775896
-775913
-775921
-775959
-775980
-775990
-775992
-776011
-776037
-776051
-776057
-776057
-776071
-776100
-776146
-776173
-776187
-776193
-776225
-776236
-776237
-776330
-776335
-776337
-776342
-776395
-776397
-776397
-776470
-776575
-776597
-776614
-776691
-776700
-776723
-776735
-776738
-776744
-776768
-776796
-776799
-776802
-776804
-776808
-776831
-776839
-776886
-776902
-776936
-776946
-776955
-776963
-776975
-776996
-777000
-777029
-777061
-777111
-777122
-777142
-777163
-777248
-777249
-777256
-777297
-777308
-777327
-777342
-777359
-777386
-777442
-777463
-777531
-777580
-777580
-777676
-777748
-777754
-777774
-777781
-777867
-777905
-777969
-777970
-777978
-777981
-778000
-778008
-778017
-778019
-778029
-778031
-778058
-778119
-778136
-778187
-778259
-778268
-778295
-778392
-778394
-778424
-778477
-778504
-778518
-778528
-778603
-778630
-778652
-778665
-778700
-778714
-778731
-778732
-778733
-778741
-778770
-778772
-778835
-778840
-778851
-778855
-778869
-778870
-778878
-778892
-778918
-778921
-778932
-778974
-778987
-778991
-778994
-778997
-779012
-779046
-779048
-779061
-779120
-779126
-779191
-779208
-779212
-779234
-779282
-779284
-779291
-779316
-779354
-779362
-779365
-779388
-779390
-779395
-779407
-779434
-779442
-779447
-779452
-779470
-779481
-779552
-779563
-779591
-779594
-779632
-779666
-779694
-779717
-779718
-779744
-779753
-779763
-779791
-779849
-779858
-779871
-779912
-779932
-779946
-779946
-779953
-779955
-779955
-779973
-779981
-779995
-780003
-780004
-780085
-780101
-780108
-780110
-780123
-780146
-780150
-780180
-780205
-780211
-780224
-780234
-780238
-780262
-780278
-780312
-780312
-780321
-780347
-780347
-780382
-780494
-780551
-780566
-780575
-780618
-780634
-780652
-780656
-780657
-780712
-780776
-780782
-780806
-780829
-780833
-780848
-780862
-780905
-780947
-780994
-781004
-781068
-781083
-781090
-781093
-781142
-781187
-781205
-781254
-781277
-781285
-781330
-781335
-781337
-781359
-781372
-781409
-781467
-781470
-781473
-781484
-781506
-781507
-781507
-781518
-781529
-781533
-781550
-781561
-781571
-781575
-781579
-781580
-781584
-781598
-781639
-781670
-781677
-781680
-781692
-781702
-781713
-781732
-781786
-781826
-781861
-781888
-781903
-781918
-781985
-781996
-782008
-782024
-782026
-782045
-782065
-782103
-782106
-782125
-782145
-782173
-782211
-782211
-782237
-782240
-782246
-782258
-782264
-782267
-782283
-782297
-782301
-782313
-782340
-782354
-782365
-782374
-782376
-782412
-782433
-782456
-782457
-782476
-782499
-782504
-782517
-782534
-782565
-782575
-782603
-782613
-782621
-782632
-782677
-782745
-782769
-782788
-782791
-782793
-782834
-782834
-782836
-782839
-782850
-782851
-782868
-782887
-782903
-782921
-782947
-782980
-782982
-783000
-783001
-783016
-783023
-783031
-783037
-783066
-783093
-783127
-783131
-783142
-783158
-783170
-783170
-783182
-783216
-783219
-783245
-783301
-783308
-783345
-783345
-783354
-783359
-783360
-783364
-783373
-783400
-783424
-783446
-783467
-783477
-783493
-783497
-783523
-783560
-783577
-783601
-783631
-783676
-783680
-783685
-783691
-783697
-783698
-783708
-783710
-783715
-783732
-783764
-783765
-783780
-783784
-783792
-783855
-783889
-783981
-784031
-784061
-784069
-784093
-784103
-784120
-784131
-784140
-784160
-784161
-784179
-784185
-784206
-784209
-784209
-784227
-784236
-784249
-784252
-784266
-784269
-784271
-784276
-784281
-784302
-784304
-784307
-784319
-784371
-784380
-784381
-784385
-784414
-784455
-784479
-784480
-784507
-784533
-784604
-784607
-784622
-784674
-784675
-784680
-784689
-784700
-784700
-784732
-784737
-784738
-784739
-784745
-784749
-784749
-784789
-784803
-784806
-784812
-784829
-784847
-784936
-784937
-784938
-784957
-784964
-784965
-784977
-785072
-785139
-785141
-785152
-785169
-785225
-785277
-785288
-785303
-785307
-785352
-785382
-785427
-785493
-785592
-785601
-785608
-785672
-785693
-785729
-785757
-785770
-785805
-785838
-785893
-785902
-785905
-785929
-785944
-785989
-786009
-786018
-786041
-786078
-786080
-786106
-786194
-786200
-786211
-786219
-786222
-786232
-786256
-786259
-786291
-786326
-786346
-786388
-786394
-786396
-786413
-786423
-786477
-786494
-786536
-786555
-786571
-786578
-786611
-786680
-786688
-786735
-786764
-786782
-786784
-786800
-786804
-786822
-786853
-786871
-786872
-786909
-786916
-786946
-786955
-786989
-787006
-787020
-787038
-787043
-787046
-787117
-787117
-787119
-787125
-787145
-787193
-787193
-787234
-787242
-787257
-787258
-787258
-787264
-787279
-787280
-787305
-787307
-787308
-787313
-787323
-787338
-787348
-787391
-787398
-787400
-787403
-787461
-787507
-787515
-787521
-787526
-787574
-787595
-787601
-787618
-787678
-787681
-787729
-787742
-787745
-787752
-787792
-787803
-787814
-787816
-787831
-787836
-787840
-787850
-787862
-787864
-787883
-787913
-787974
-788017
-788030
-788064
-788098
-788120
-788141
-788157
-788183
-788231
-788249
-788298
-788301
-788330
-788374
-788390
-788397
-788407
-788413
-788422
-788485
-788506
-788510
-788516
-788548
-788577
-788581
-788597
-788614
-788616
-788621
-788624
-788642
-788642
-788685
-788698
-788720
-788736
-788765
-788785
-788792
-788874
-788877
-788891
-788914
-788929
-788952
-788959
-789007
-789043
-789063
-789108
-789145
-789213
-789271
-789272
-789279
-789289
-789331
-789352
-789410
-789432
-789444
-789448
-789454
-789459
-789465
-789509
-789534
-789546
-789578
-789644
-789651
-789662
-789663
-789677
-789689
-789702
-789704
-789713
-789739
-789751
-789753
-789754
-789776
-789778
-789811
-789824
-789846
-789852
-789853
-789903
-789915
-789924
-789942
-789950
-789952
-790003
-790015
-790035
-790069
-790114
-790147
-790194
-790243
-790244
-790300
-790301
-790312
-790313
-790325
-790355
-790386
-790434
-790439
-790440
-790443
-790462
-790500
-790502
-790529
-790545
-790557
-790599
-790599
-790632
-790639
-790640
-790660
-790692
-790709
-790726
-790731
-790788
-790831
-790832
-790844
-790848
-790860
-790892
-790901
-790919
-790937
-790937
-790944
-791003
-791036
-791094
-791108
-791123
-791183
-791187
-791197
-791228
-791239
-791257
-791258
-791309
-791351
-791351
-791358
-791362
-791362
-791373
-791377
-791390
-791403
-791411
-791437
-791441
-791445
-791468
-791472
-791540
-791597
-791614
-791641
-791643
-791648
-791651
-791652
-791676
-791683
-791722
-791770
-791771
-791810
-791811
-791816
-791849
-791897
-791906
-791908
-791917
-791963
-791973
-791996
-791997
-792117
-792123
-792177
-792183
-792218
-792232
-792237
-792260
-792262
-792278
-792300
-792303
-792308
-792330
-792358
-792359
-792359
-792359
-792369
-792371
-792397
-792397
-792413
-792418
-792425
-792457
-792480
-792502
-792509
-792511
-792515
-792518
-792527
-792585
-792599
-792608
-792622
-792624
-792650
-792681
-792748
-792784
-792797
-792804
-792848
-792848
-792860
-792881
-792884
-792951
-792974
-792984
-793013
-793035
-793091
-793092
-793101
-793115
-793130
-793155
-793174
-793186
-793190
-793230
-793242
-793243
-793253
-793258
-793291
-793347
-793383
-793430
-793468
-793492
-793520
-793581
-793591
-793617
-793630
-793644
-793653
-793673
-793727
-793781
-793787
-793862
-793866
-793867
-793900
-793916
-793921
-793938
-793944
-793991
-794005
-794034
-794053
-794084
-794111
-794116
-794117
-794154
-794171
-794178
-794240
-794250
-794255
-794262
-794285
-794299
-794347
-794362
-794365
-794448
-794450
-794514
-794550
-794643
-794645
-794667
-794688
-794692
-794692
-794708
-794715
-794732
-794739
-794758
-794782
-794785
-794810
-794816
-794819
-794866
-794870
-794909
-794915
-794918
-794919
-794952
-795013
-795045
-795045
-795047
-795049
-795052
-795074
-795089
-795115
-795135
-795145
-795146
-795152
-795158
-795163
-795169
-795169
-795204
-795240
-795258
-795260
-795265
-795270
-795286
-795305
-795310
-795328
-795375
-795388
-795436
-795447
-795449
-795505
-795517
-795548
-795554
-795561
-795603
-795614
-795640
-795678
-795690
-795701
-795705
-795722
-795734
-795744
-795750
-795754
-795760
-795804
-795812
-795824
-795837
-795839
-795848
-795862
-795903
-795921
-795932
-795969
-795995
-796008
-796032
-796090
-796093
-796095
-796107
-796148
-796156
-796162
-796176
-796196
-796197
-796210
-796230
-796232
-796254
-796301
-796321
-796347
-796384
-796396
-796470
-796497
-796498
-796509
-796515
-796547
-796576
-796577
-796579
-796611
-796641
-796708
-796718
-796747
-796750
-796886
-796900
-796900
-796901
-796941
-796946
-796959
-796964
-796975
-797002
-797033
-797048
-797078
-797085
-797105
-797109
-797116
-797119
-797124
-797124
-797126
-797151
-797161
-797193
-797230
-797233
-797241
-797246
-797270
-797298
-797332
-797363
-797408
-797412
-797428
-797433
-797472
-797532
-797548
-797562
-797565
-797590
-797598
-797600
-797608
-797640
-797671
-797712
-797788
-797802
-797804
-797830
-797833
-797898
-797933
-797956
-797970
-797974
-797992
-798010
-798017
-798028
-798039
-798061
-798067
-798075
-798078
-798082
-798097
-798098
-798113
-798117
-798152
-798155
-798167
-798170
-798171
-798201
-798275
-798303
-798362
-798381
-798389
-798401
-798411
-798416
-798435
-798444
-798470
-798473
-798513
-798559
-798559
-798568
-798601
-798623
-798660
-798663
-798702
-798704
-798738
-798749
-798762
-798773
-798838
-798845
-798870
-798873
-798917
-798939
-798962
-798981
-799006
-799033
-799060
-799116
-799126
-799146
-799176
-799183
-799195
-799199
-799222
-799243
-799246
-799248
-799268
-799301
-799319
-799353
-799355
-799379
-799396
-799447
-799455
-799521
-799542
-799547
-799549
-799572
-799584
-799599
-799602
-799603
-799603
-799690
-799731
-799756
-799823
-799883
-799890
-799941
-799995
-800010
-800028
-800030
-800036
-800067
-800079
-800112
-800133
-800187
-800188
-800197
-800205
-800235
-800278
-800290
-800304
-800312
-800344
-800375
-800384
-800387
-800394
-800442
-800464
-800494
-800494
-800520
-800527
-800529
-800550
-800553
-800560
-800573
-800617
-800659
-800695
-800696
-800698
-800698
-800704
-800704
-800718
-800721
-800733
-800778
-800787
-800787
-800804
-800810
-800919
-800977
-801006
-801017
-801041
-801048
-801086
-801103
-801105
-801123
-801135
-801150
-801153
-801176
-801188
-801201
-801230
-801263
-801299
-801320
-801322
-801343
-801352
-801419
-801495
-801515
-801526
-801528
-801539
-801566
-801590
-801638
-801651
-801657
-801659
-801697
-801734
-801755
-801759
-801767
-801789
-801794
-801836
-801845
-801866
-801892
-801893
-801894
-801903
-801914
-801959
-801978
-801991
-802010
-802016
-802037
-802067
-802092
-802149
-802183
-802226
-802227
-802278
-802279
-802334
-802362
-802402
-802418
-802456
-802503
-802547
-802554
-802582
-802602
-802621
-802623
-802654
-802659
-802662
-802672
-802682
-802689
-802720
-802722
-802736
-802737
-802788
-802846
-802854
-802884
-802903
-802938
-802944
-802978
-803032
-803066
-803084
-803114
-803168
-803204
-803204
-803218
-803218
-803224
-803227
-803246
-803256
-803269
-803273
-803294
-803306
-803315
-803322
-803326
-803361
-803377
-803396
-803431
-803454
-803465
-803490
-803519
-803531
-803531
-803563
-803568
-803574
-803640
-803649
-803652
-803654
-803687
-803695
-803703
-803704
-803723
-803734
-803748
-803750
-803756
-803762
-803776
-803829
-803835
-803846
-803854
-803922
-803966
-803968
-803975
-803985
-803989
-804004
-804027
-804034
-804091
-804101
-804124
-804155
-804160
-804166
-804185
-804210
-804254
-804258
-804292
-804300
-804339
-804346
-804353
-804358
-804374
-804399
-804409
-804420
-804457
-804469
-804503
-804513
-804538
-804546
-804547
-804573
-804591
-804604
-804606
-804613
-804625
-804685
-804702
-804743
-804750
-804763
-804811
-804814
-804822
-804830
-804850
-804863
-804875
-804900
-804928
-804934
-804937
-804965
-804967
-804986
-805001
-805020
-805023
-805157
-805185
-805188
-805189
-805227
-805230
-805232
-805244
-805263
-805268
-805321
-805365
-805392
-805405
-805417
-805425
-805457
-805461
-805479
-805504
-805525
-805574
-805574
-805635
-805658
-805673
-805675
-805717
-805732
-805761
-805762
-805821
-805823
-805829
-805853
-805869
-805898
-805924
-805959
-805976
-805995
-806001
-806037
-806091
-806132
-806185
-806192
-806219
-806229
-806244
-806273
-806281
-806287
-806291
-806314
-806320
-806349
-806369
-806369
-806381
-806385
-806386
-806404
-806419
-806428
-806583
-806590
-806595
-806622
-806627
-806634
-806641
-806646
-806647
-806648
-806656
-806661
-806662
-806697
-806699
-806704
-806746
-806768
-806791
-806807
-806810
-806816
-806825
-806834
-806872
-806875
-806904
-806913
-806916
-806919
-806942
-807016
-807016
-807046
-807051
-807068
-807102
-807102
-807148
-807208
-807254
-807254
-807283
-807339
-807402
-807413
-807450
-807493
-807530
-807539
-807549
-807556
-807557
-807582
-807597
-807597
-807659
-807662
-807676
-807740
-807767
-807776
-807827
-807868
-807903
-807903
-807915
-807926
-807939
-807941
-807948
-807948
-807949
-807950
-807955
-807969
-807971
-807988
-808033
-808039
-808039
-808045
-808075
-808099
-808117
-808135
-808161
-808162
-808225
-808231
-808238
-808239
-808252
-808281
-808287
-808296
-808300
-808323
-808350
-808408
-808409
-808423
-808450
-808461
-808464
-808494
-808500
-808505
-808531
-808546
-808550
-808600
-808631
-808656
-808657
-808660
-808667
-808669
-808699
-808723
-808786
-808802
-808816
-808828
-808876
-808886
-808918
-808919
-808929
-808956
-809024
-809089
-809099
-809159
-809159
-809168
-809174
-809184
-809187
-809189
-809205
-809217
-809221
-809226
-809244
-809291
-809299
-809317
-809329
-809399
-809399
-809403
-809440
-809441
-809455
-809464
-809468
-809499
-809575
-809585
-809590
-809607
-809613
-809658
-809681
-809710
-809727
-809759
-809784
-809790
-809791
-809808
-809829
-809839
-809851
-809859
-809862
-809871
-809892
-809906
-809912
-809943
-809949
-809969
-809973
-810015
-810022
-810031
-810054
-810060
-810078
-810092
-810094
-810122
-810127
-810131
-810132
-810176
-810203
-810221
-810240
-810248
-810304
-810347
-810350
-810364
-810399
-810401
-810437
-810462
-810475
-810478
-810493
-810506
-810512
-810517
-810555
-810566
-810567
-810574
-810618
-810622
-810640
-810665
-810687
-810694
-810766
-810779
-810782
-810837
-810851
-810871
-810877
-810896
-810915
-810934
-810936
-810980
-810980
-810989
-811045
-811047
-811065
-811081
-811087
-811101
-811178
-811206
-811215
-811218
-811229
-811272
-811297
-811323
-811396
-811404
-811415
-811429
-811431
-811444
-811472
-811476
-811530
-811540
-811546
-811572
-811608
-811611
-811613
-811625
-811649
-811718
-811718
-811733
-811734
-811743
-811768
-811777
-811797
-811823
-811831
-811846
-811879
-811880
-811896
-811956
-811983
-812004
-812006
-812022
-812028
-812064
-812140
-812142
-812168
-812205
-812232
-812246
-812259
-812261
-812281
-812286
-812295
-812296
-812311
-812315
-812334
-812341
-812346
-812368
-812398
-812477
-812515
-812565
-812584
-812584
-812647
-812647
-812648
-812713
-812717
-812736
-812741
-812745
-812765
-812782
-812789
-812833
-812904
-812920
-812954
-813087
-813103
-813130
-813151
-813188
-813260
-813268
-813273
-813277
-813291
-813302
-813342
-813352
-813363
-813431
-813454
-813460
-813466
-813491
-813500
-813505
-813510
-813510
-813522
-813553
-813571
-813677
-813693
-813705
-813705
-813711
-813723
-813729
-813750
-813769
-813775
-813778
-813789
-813802
-813803
-813902
-813938
-813951
-813967
-813976
-813999
-814000
-814015
-814025
-814066
-814068
-814126
-814145
-814162
-814174
-814203
-814262
-814322
-814330
-814364
-814366
-814369
-814413
-814415
-814432
-814474
-814501
-814521
-814526
-814554
-814573
-814587
-814612
-814644
-814688
-814688
-814743
-814747
-814748
-814751
-814761
-814784
-814806
-814820
-814831
-814854
-814858
-814880
-814891
-814910
-814916
-814935
-815070
-815091
-815111
-815124
-815138
-815167
-815172
-815182
-815191
-815196
-815260
-815281
-815281
-815289
-815313
-815321
-815368
-815391
-815414
-815471
-815504
-815532
-815541
-815571
-815572
-815610
-815631
-815637
-815645
-815668
-815681
-815687
-815708
-815717
-815737
-815741
-815775
-815792
-815828
-815842
-815844
-815867
-815873
-815899
-815957
-815973
-815987
-815990
-816028
-816078
-816098
-816107
-816116
-816118
-816147
-816181
-816196
-816218
-816248
-816252
-816263
-816263
-816331
-816344
-816391
-816394
-816399
-816433
-816450
-816471
-816496
-816496
-816507
-816524
-816628
-816665
-816721
-816726
-816727
-816728
-816755
-816760
-816800
-816805
-816832
-816836
-816850
-816864
-816893
-816917
-816931
-816950
-816983
-816988
-817001
-817010
-817062
-817079
-817116
-817118
-817127
-817142
-817152
-817162
-817183
-817259
-817260
-817310
-817327
-817334
-817340
-817370
-817378
-817398
-817421
-817430
-817431
-817451
-817461
-817463
-817465
-817468
-817469
-817475
-817485
-817491
-817542
-817576
-817600
-817620
-817660
-817678
-817695
-817737
-817753
-817766
-817784
-817833
-817842
-817845
-817857
-817866
-817870
-817879
-817884
-817885
-817888
-817889
-817895
-817903
-817998
-818042
-818092
-818124
-818128
-818145
-818160
-818167
-818211
-818220
-818226
-818233
-818243
-818292
-818343
-818379
-818387
-818389
-818427
-818527
-818566
-818573
-818658
-818707
-818711
-818725
-818728
-818747
-818748
-818755
-818768
-818814
-818827
-818838
-818878
-818916
-818919
-818925
-818933
-818956
-818957
-818993
-819011
-819042
-819045
-819065
-819073
-819112
-819120
-819122
-819127
-819134
-819152
-819166
-819184
-819192
-819206
-819229
-819241
-819252
-819259
-819261
-819265
-819270
-819287
-819288
-819289
-819325
-819334
-819340
-819352
-819359
-819414
-819431
-819441
-819451
-819455
-819477
-819495
-819498
-819510
-819537
-819620
-819655
-819670
-819672
-819673
-819709
-819712
-819725
-819731
-819744
-819758
-819763
-819770
-819830
-819862
-819869
-819874
-819926
-819931
-819969
-819988
-819999
-819999
-820019
-820022
-820038
-820082
-820136
-820155
-820219
-820237
-820317
-820319
-820343
-820351
-820383
-820436
-820450
-820465
-820477
-820485
-820561
-820601
-820669
-820682
-820694
-820702
-820707
-820713
-820721
-820792
-820817
-820825
-820836
-820858
-820863
-820865
-820887
-820891
-820896
-820901
-820939
-820941
-820944
-820975
-820994
-821021
-821032
-821140
-821170
-821182
-821192
-821250
-821252
-821262
-821319
-821357
-821368
-821408
-821437
-821523
-821537
-821578
-821599
-821607
-821611
-821612
-821617
-821621
-821647
-821658
-821665
-821724
-821730
-821737
-821739
-821769
-821774
-821774
-821798
-821814
-821846
-821847
-821847
-821869
-821903
-821911
-821943
-821970
-822037
-822052
-822056
-822113
-822130
-822191
-822192
-822222
-822257
-822259
-822271
-822273
-822294
-822330
-822438
-822471
-822484
-822497
-822510
-822519
-822536
-822576
-822586
-822669
-822676
-822685
-822685
-822686
-822692
-822697
-822748
-822750
-822751
-822769
-822769
-822796
-822830
-822856
-822868
-822900
-822926
-822954
-822963
-822972
-822972
-822975
-823019
-823057
-823068
-823071
-823082
-823133
-823149
-823151
-823151
-823163
-823167
-823206
-823218
-823236
-823251
-823261
-823336
-823336
-823341
-823356
-823359
-823365
-823385
-823407
-823455
-823472
-823477
-823510
-823537
-823591
-823616
-823626
-823640
-823660
-823690
-823707
-823731
-823740
-823774
-823794
-823840
-823849
-823880
-823889
-823895
-823899
-823927
-823940
-823975
-824011
-824067
-824077
-824092
-824103
-824113
-824114
-824130
-824131
-824132
-824139
-824158
-824171
-824178
-824213
-824254
-824323
-824401
-824404
-824404
-824445
-824468
-824469
-824480
-824482
-824506
-824523
-824533
-824546
-824553
-824572
-824581
-824589
-824605
-824621
-824621
-824672
-824701
-824703
-824734
-824738
-824747
-824863
-824864
-824869
-824893
-824913
-824929
-824954
-824967
-824982
-825062
-825063
-825079
-825102
-825111
-825137
-825163
-825165
-825189
-825198
-825207
-825227
-825242
-825258
-825284
-825285
-825301
-825309
-825324
-825332
-825358
-825358
-825369
-825379
-825391
-825391
-825419
-825433
-825459
-825462
-825472
-825517
-825521
-825537
-825548
-825554
-825559
-825565
-825587
-825591
-825591
-825610
-825612
-825616
-825631
-825689
-825709
-825717
-825736
-825738
-825756
-825757
-825788
-825802
-825933
-825949
-826002
-826007
-826036
-826064
-826083
-826094
-826094
-826109
-826117
-826156
-826164
-826190
-826203
-826204
-826210
-826230
-826284
-826297
-826298
-826339
-826393
-826427
-826452
-826466
-826484
-826523
-826561
-826595
-826611
-826628
-826641
-826651
-826722
-826752
-826764
-826767
-826784
-826792
-826813
-826841
-826886
-826903
-826921
-826930
-826969
-827015
-827017
-827049
-827075
-827076
-827076
-827119
-827131
-827137
-827162
-827165
-827201
-827215
-827254
-827261
-827270
-827299
-827322
-827356
-827357
-827379
-827386
-827408
-827442
-827449
-827468
-827476
-827518
-827518
-827558
-827560
-827572
-827585
-827607
-827666
-827668
-827675
-827695
-827697
-827706
-827731
-827744
-827762
-827769
-827809
-827822
-827827
-827870
-827881
-827904
-827913
-827917
-827939
-827947
-827977
-827987
-828030
-828062
-828065
-828090
-828097
-828110
-828113
-828123
-828126
-828144
-828165
-828168
-828215
-828223
-828249
-828256
-828350
-828361
-828459
-828461
-828466
-828471
-828513
-828528
-828532
-828565
-828576
-828618
-828645
-828645
-828665
-828672
-828704
-828720
-828738
-828790
-828800
-828801
-828845
-828882
-828886
-828895
-828920
-828933
-828981
-828993
-828994
-829001
-829006
-829016
-829054
-829062
-829072
-829099
-829101
-829139
-829177
-829189
-829210
-829213
-829286
-829293
-829300
-829323
-829334
-829335
-829359
-829371
-829420
-829432
-829439
-829443
-829450
-829454
-829456
-829475
-829505
-829528
-829534
-829537
-829571
-829603
-829640
-829653
-829657
-829670
-829679
-829683
-829714
-829759
-829835
-829843
-829846
-829862
-829873
-829878
-829903
-829932
-830007
-830043
-830059
-830093
-830120
-830127
-830129
-830163
-830179
-830198
-830205
-830239
-830258
-830266
-830270
-830287
-830323
-830330
-830363
-830366
-830381
-830395
-830399
-830421
-830446
-830531
-830539
-830556
-830595
-830610
-830617
-830642
-830650
-830660
-830700
-830705
-830709
-830720
-830735
-830751
-830761
-830768
-830792
-830811
-830844
-830846
-830869
-830875
-830881
-830915
-830927
-830952
-830954
-830967
-830969
-830971
-830992
-831044
-831059
-831060
-831062
-831076
-831096
-831124
-831130
-831168
-831174
-831176
-831176
-831177
-831183
-831190
-831210
-831213
-831292
-831309
-831322
-831344
-831383
-831399
-831429
-831459
-831472
-831477
-831497
-831541
-831558
-831574
-831593
-831595
-831601
-831605
-831605
-831643
-831644
-831657
-831665
-831674
-831716
-831727
-831729
-831763
-831830
-831844
-831858
-831870
-831891
-831912
-831923
-831926
-831962
-831970
-831985
-832022
-832025
-832049
-832070
-832073
-832075
-832095
-832116
-832119
-832122
-832171
-832200
-832200
-832212
-832217
-832255
-832270
-832276
-832279
-832289
-832365
-832373
-832389
-832408
-832427
-832433
-832440
-832478
-832507
-832511
-832532
-832563
-832653
-832699
-832702
-832722
-832725
-832746
-832768
-832800
-832801
-832822
-832826
-832830
-832892
-832922
-832944
-832945
-832979
-832984
-832993
-833005
-833025
-833037
-833063
-833069
-833080
-833106
-833132
-833138
-833165
-833210
-833251
-833251
-833252
-833259
-833263
-833341
-833350
-833354
-833364
-833385
-833390
-833398
-833414
-833435
-833487
-833496
-833509
-833517
-833543
-833562
-833580
-833595
-833606
-833608
-833616
-833662
-833662
-833669
-833680
-833684
-833684
-833724
-833739
-833766
-833782
-833825
-833833
-833851
-833857
-833860
-833922
-833961
-833975
-833985
-834068
-834082
-834083
-834086
-834087
-834100
-834116
-834178
-834243
-834258
-834300
-834304
-834323
-834381
-834402
-834403
-834404
-834405
-834431
-834439
-834473
-834478
-834483
-834495
-834544
-834594
-834600
-834612
-834635
-834641
-834669
-834684
-834690
-834699
-834701
-834711
-834715
-834753
-834758
-834778
-834780
-834817
-834820
-834825
-834840
-834852
-834887
-834954
-834963
-834966
-834985
-834987
-834991
-834997
-835006
-835020
-835028
-835067
-835080
-835084
-835129
-835131
-835166
-835170
-835173
-835198
-835247
-835260
-835332
-835344
-835348
-835350
-835401
-835409
-835448
-835456
-835465
-835470
-835524
-835553
-835565
-835594
-835595
-835601
-835601
-835615
-835647
-835669
-835691
-835707
-835749
-835772
-835800
-835823
-835827
-835843
-835852
-835854
-835854
-835861
-835895
-835900
-835924
-835935
-835965
-835967
-835978
-835990
-835992
-836007
-836021
-836090
-836107
-836156
-836178
-836198
-836210
-836234
-836240
-836252
-836275
-836343
-836345
-836377
-836379
-836423
-836431
-836434
-836445
-836446
-836448
-836491
-836538
-836541
-836542
-836594
-836598
-836613
-836643
-836652
-836670
-836676
-836716
-836727
-836739
-836765
-836773
-836780
-836797
-836838
-836868
-836879
-836886
-836898
-836899
-836950
-836986
-837007
-837021
-837025
-837047
-837053
-837089
-837108
-837160
-837176
-837176
-837188
-837205
-837225
-837241
-837300
-837304
-837309
-837311
-837350
-837359
-837387
-837409
-837436
-837476
-837502
-837557
-837601
-837612
-837614
-837626
-837627
-837632
-837638
-837655
-837660
-837691
-837709
-837716
-837734
-837744
-837784
-837791
-837794
-837834
-837878
-837895
-837901
-837969
-837970
-837997
-838003
-838043
-838051
-838056
-838091
-838189
-838194
-838199
-838218
-838227
-838239
-838244
-838245
-838249
-838260
-838269
-838283
-838287
-838291
-838313
-838318
-838327
-838331
-838364
-838369
-838377
-838397
-838460
-838496
-838497
-838527
-838543
-838560
-838586
-838586
-838594
-838597
-838643
-838667
-838685
-838689
-838699
-838746
-838753
-838755
-838760
-838773
-838780
-838782
-838787
-838798
-838813
-838837
-838859
-838890
-838939
-838974
-838975
-838999
-839058
-839060
-839062
-839074
-839098
-839105
-839143
-839166
-839168
-839171
-839198
-839237
-839257
-839257
-839279
-839286
-839330
-839333
-839340
-839354
-839384
-839396
-839407
-839408
-839439
-839449
-839493
-839495
-839509
-839524
-839530
-839556
-839565
-839571
-839599
-839607
-839620
-839622
-839626
-839634
-839681
-839687
-839752
-839768
-839796
-839818
-839821
-839821
-839827
-839922
-839941
-839986
-839992
-840026
-840070
-840073
-840084
-840089
-840092
-840100
-840124
-840148
-840196
-840200
-840227
-840234
-840238
-840257
-840257
-840272
-840280
-840286
-840311
-840322
-840350
-840357
-840371
-840380
-840406
-840429
-840436
-840446
-840447
-840461
-840507
-840524
-840566
-840584
-840634
-840661
-840662
-840664
-840748
-840768
-840808
-840852
-840877
-840917
-840926
-840938
-840956
-840969
-841004
-841012
-841076
-841084
-841112
-841122
-841128
-841136
-841149
-841164
-841185
-841187
-841196
-841203
-841241
-841259
-841286
-841309
-841382
-841399
-841411
-841436
-841446
-841455
-841472
-841547
-841563
-841602
-841611
-841634
-841663
-841667
-841682
-841692
-841703
-841720
-841729
-841732
-841738
-841751
-841768
-841812
-841819
-841821
-841826
-841843
-841860
-841880
-841904
-841906
-841915
-841965
-841971
-841972
-841983
-842012
-842044
-842046
-842079
-842085
-842130
-842142
-842145
-842177
-842251
-842281
-842294
-842300
-842310
-842313
-842368
-842373
-842381
-842390
-842399
-842400
-842434
-842435
-842435
-842437
-842451
-842459
-842484
-842557
-842629
-842631
-842636
-842652
-842653
-842662
-842669
-842669
-842682
-842748
-842779
-842791
-842808
-842851
-842853
-842865
-842884
-842890
-842901
-842910
-842934
-842963
-842965
-842978
-843005
-843025
-843044
-843053
-843115
-843123
-843128
-843179
-843186
-843191
-843215
-843234
-843272
-843282
-843289
-843297
-843312
-843316
-843331
-843333
-843397
-843409
-843450
-843451
-843475
-843492
-843556
-843735
-843743
-843768
-843798
-843798
-843809
-843826
-843847
-843847
-843865
-843872
-843889
-843923
-843942
-843969
-844001
-844055
-844076
-844097
-844110
-844120
-844134
-844151
-844152
-844173
-844190
-844198
-844217
-844225
-844226
-844231
-844233
-844237
-844260
-844268
-844300
-844302
-844302
-844305
-844317
-844319
-844325
-844353
-844400
-844404
-844408
-844463
-844513
-844530
-844532
-844534
-844601
-844620
-844632
-844649
-844670
-844679
-844689
-844695
-844710
-844734
-844736
-844755
-844787
-844857
-844902
-844939
-844963
-844986
-845023
-845041
-845047
-845076
-845081
-845132
-845154
-845192
-845250
-845261
-845263
-845279
-845295
-845343
-845363
-845380
-845389
-845402
-845432
-845463
-845494
-845522
-845528
-845597
-845630
-845633
-845657
-845658
-845669
-845675
-845683
-845762
-845769
-845834
-845840
-845847
-845847
-845866
-845882
-845905
-845907
-845912
-845931
-845966
-845970
-845992
-846075
-846079
-846083
-846110
-846123
-846136
-846139
-846143
-846144
-846218
-846235
-846254
-846327
-846338
-846393
-846424
-846441
-846457
-846458
-846469
-846498
-846503
-846504
-846536
-846560
-846579
-846617
-846629
-846655
-846658
-846672
-846689
-846727
-846738
-846770
-846786
-846792
-846804
-846811
-846816
-846838
-846844
-846849
-846855
-846876
-846913
-846948
-846949
-846981
-846995
-847081
-847093
-847104
-847128
-847158
-847187
-847207
-847254
-847261
-847266
-847267
-847268
-847283
-847295
-847413
-847425
-847437
-847449
-847462
-847465
-847501
-847503
-847506
-847507
-847608
-847615
-847625
-847629
-847631
-847648
-847649
-847692
-847714
-847731
-847735
-847762
-847765
-847780
-847810
-847811
-847816
-847828
-847873
-847879
-847891
-847943
-847987
-848036
-848046
-848065
-848118
-848173
-848203
-848236
-848292
-848325
-848326
-848327
-848336
-848360
-848387
-848400
-848428
-848458
-848487
-848528
-848540
-848549
-848570
-848581
-848619
-848624
-848687
-848693
-848713
-848721
-848740
-848778
-848794
-848804
-848808
-848810
-848840
-848850
-848854
-848879
-848888
-848897
-848954
-848963
-848974
-848975
-848979
-849031
-849038
-849040
-849078
-849126
-849223
-849248
-849293
-849340
-849382
-849384
-849428
-849480
-849526
-849631
-849637
-849638
-849640
-849659
-849678
-849732
-849737
-849760
-849790
-849839
-849845
-849866
-849879
-849883
-849889
-849906
-849941
-849955
-849962
-849975
-850021
-850028
-850032
-850094
-850095
-850143
-850158
-850160
-850177
-850179
-850191
-850251
-850254
-850261
-850272
-850285
-850297
-850309
-850332
-850337
-850352
-850366
-850395
-850424
-850436
-850462
-850469
-850487
-850521
-850530
-850542
-850545
-850557
-850559
-850579
-850597
-850610
-850614
-850643
-850644
-850684
-850692
-850708
-850713
-850733
-850760
-850785
-850787
-850826
-850844
-850855
-850862
-850899
-850964
-850979
-850980
-851000
-851005
-851027
-851051
-851052
-851071
-851136
-851137
-851164
-851164
-851173
-851177
-851178
-851188
-851188
-851214
-851242
-851244
-851262
-851319
-851328
-851338
-851361
-851379
-851391
-851426
-851464
-851549
-851562
-851573
-851582
-851590
-851628
-851647
-851651
-851674
-851690
-851698
-851713
-851739
-851752
-851765
-851774
-851776
-851812
-851831
-851837
-851871
-851920
-851920
-851936
-851937
-851958
-851963
-851975
-852001
-852005
-852020
-852023
-852040
-852112
-852133
-852146
-852169
-852188
-852191
-852256
-852271
-852275
-852277
-852327
-852329
-852372
-852416
-852448
-852459
-852533
-852534
-852547
-852596
-852611
-852620
-852627
-852656
-852684
-852750
-852750
-852753
-852757
-852782
-852785
-852792
-852875
-852917
-852928
-852940
-852960
-852967
-853017
-853043
-853111
-853132
-853179
-853217
-853238
-853254
-853311
-853363
-853454
-853514
-853577
-853580
-853629
-853646
-853655
-853662
-853709
-853735
-853742
-853758
-853762
-853772
-853784
-853795
-853879
-853887
-853891
-853912
-853915
-853924
-853964
-853985
-854002
-854011
-854027
-854041
-854070
-854078
-854137
-854237
-854238
-854251
-854291
-854293
-854328
-854329
-854342
-854368
-854381
-854392
-854414
-854419
-854466
-854489
-854511
-854538
-854546
-854561
-854568
-854589
-854591
-854603
-854606
-854640
-854661
-854669
-854670
-854693
-854703
-854710
-854728
-854749
-854764
-854773
-854798
-854810
-854819
-854824
-854884
-854889
-854981
-855025
-855071
-855077
-855082
-855117
-855138
-855146
-855186
-855238
-855241
-855255
-855280
-855295
-855345
-855352
-855370
-855408
-855439
-855449
-855461
-855467
-855494
-855506
-855530
-855610
-855632
-855667
-855673
-855687
-855689
-855729
-855780
-855787
-855792
-855795
-855831
-855853
-855863
-855925
-855954
-855973
-856005
-856022
-856026
-856028
-856040
-856063
-856085
-856091
-856105
-856115
-856143
-856193
-856196
-856197
-856204
-856211
-856248
-856258
-856289
-856303
-856306
-856311
-856315
-856345
-856345
-856378
-856389
-856416
-856425
-856432
-856464
-856471
-856477
-856479
-856489
-856489
-856498
-856502
-856510
-856576
-856609
-856682
-856684
-856688
-856729
-856736
-856768
-856773
-856873
-856874
-856892
-856905
-856916
-856923
-856932
-856968
-856968
-856981
-856993
-856996
-857004
-857005
-857032
-857033
-857054
-857072
-857082
-857106
-857116
-857121
-857135
-857140
-857164
-857166
-857198
-857207
-857217
-857234
-857273
-857294
-857324
-857349
-857353
-857356
-857376
-857457
-857472
-857508
-857515
-857545
-857584
-857587
-857607
-857643
-857648
-857659
-857709
-857726
-857742
-857757
-857760
-857772
-857780
-857799
-857806
-857950
-857976
-857977
-857980
-857994
-858011
-858044
-858049
-858131
-858146
-858210
-858210
-858216
-858228
-858231
-858240
-858244
-858291
-858318
-858328
-858330
-858356
-858367
-858376
-858444
-858460
-858463
-858477
-858565
-858619
-858622
-858624
-858639
-858659
-858673
-858692
-858696
-858697
-858720
-858753
-858767
-858769
-858784
-858790
-858811
-858816
-858844
-858902
-858938
-858943
-858966
-859006
-859020
-859029
-859031
-859043
-859048
-859057
-859140
-859171
-859189
-859208
-859240
-859241
-859267
-859315
-859322
-859329
-859331
-859347
-859422
-859433
-859454
-859495
-859501
-859532
-859534
-859540
-859559
-859568
-859594
-859595
-859637
-859641
-859648
-859676
-859680
-859685
-859724
-859773
-859778
-859779
-859781
-859784
-859798
-859814
-859817
-859839
-859840
-859854
-859890
-859903
-859905
-859909
-859916
-859928
-859981
-860001
-860019
-860033
-860035
-860039
-860053
-860114
-860123
-860129
-860192
-860228
-860230
-860238
-860239
-860268
-860290
-860317
-860343
-860356
-860382
-860394
-860399
-860427
-860430
-860474
-860530
-860532
-860559
-860560
-860560
-860595
-860607
-860611
-860635
-860680
-860690
-860721
-860731
-860754
-860765
-860777
-860778
-860793
-860805
-860833
-860838
-860840
-860845
-860870
-860871
-860872
-860881
-860887
-860947
-860954
-860970
-860973
-860984
-860988
-861013
-861019
-861028
-861030
-861034
-861041
-861049
-861077
-861090
-861131
-861133
-861178
-861200
-861265
-861283
-861295
-861317
-861320
-861339
-861356
-861358
-861387
-861412
-861434
-861438
-861452
-861461
-861462
-861486
-861512
-861525
-861534
-861571
-861574
-861574
-861581
-861612
-861625
-861631
-861644
-861647
-861647
-861800
-861811
-861814
-861837
-861869
-861869
-861879
-861887
-861888
-861891
-861920
-861948
-861963
-861965
-861965
-861985
-861986
-862011
-862024
-862025
-862028
-862053
-862055
-862066
-862113
-862113
-862115
-862122
-862129
-862143
-862154
-862166
-862214
-862264
-862285
-862286
-862290
-862294
-862300
-862305
-862342
-862344
-862358
-862382
-862386
-862446
-862478
-862508
-862554
-862607
-862625
-862627
-862644
-862655
-862658
-862677
-862758
-862773
-862784
-862784
-862792
-862813
-862822
-862861
-862874
-862886
-862891
-862898
-862913
-862980
-863062
-863064
-863071
-863082
-863103
-863105
-863128
-863134
-863146
-863160
-863161
-863175
-863180
-863217
-863263
-863302
-863305
-863308
-863338
-863357
-863366
-863368
-863377
-863427
-863450
-863484
-863515
-863523
-863533
-863542
-863564
-863569
-863617
-863647
-863688
-863691
-863695
-863760
-863783
-863818
-863830
-863872
-863878
-863891
-863903
-863921
-863944
-863957
-863963
-863966
-863994
-864022
-864035
-864074
-864081
-864086
-864089
-864093
-864098
-864102
-864107
-864168
-864182
-864183
-864187
-864187
-864196
-864202
-864204
-864211
-864220
-864244
-864265
-864285
-864287
-864304
-864335
-864381
-864384
-864395
-864398
-864409
-864419
-864421
-864438
-864441
-864493
-864503
-864505
-864526
-864546
-864630
-864663
-864664
-864665
-864691
-864717
-864725
-864727
-864736
-864758
-864783
-864795
-864808
-864831
-864831
-864856
-864870
-864917
-864972
-865004
-865059
-865069
-865071
-865091
-865098
-865118
-865143
-865144
-865150
-865163
-865188
-865197
-865251
-865262
-865278
-865279
-865279
-865283
-865290
-865295
-865331
-865344
-865401
-865408
-865413
-865422
-865424
-865483
-865491
-865501
-865503
-865555
-865569
-865587
-865592
-865593
-865594
-865600
-865610
-865614
-865622
-865641
-865673
-865727
-865824
-865845
-865852
-865894
-865899
-865916
-865934
-865949
-865997
-866056
-866108
-866136
-866139
-866174
-866175
-866177
-866184
-866186
-866193
-866213
-866220
-866238
-866259
-866264
-866268
-866277
-866299
-866332
-866374
-866378
-866382
-866408
-866410
-866412
-866417
-866430
-866454
-866459
-866462
-866489
-866516
-866587
-866598
-866603
-866627
-866645
-866656
-866663
-866689
-866717
-866727
-866784
-866791
-866807
-866824
-866840
-866862
-866962
-866980
-866982
-866990
-867016
-867050
-867050
-867064
-867129
-867156
-867158
-867178
-867199
-867268
-867283
-867362
-867372
-867392
-867424
-867425
-867459
-867477
-867501
-867505
-867519
-867530
-867575
-867583
-867602
-867606
-867617
-867677
-867717
-867719
-867743
-867804
-867815
-867844
-867885
-867900
-867938
-867945
-867970
-868003
-868009
-868041
-868052
-868127
-868143
-868155
-868167
-868188
-868197
-868222
-868267
-868284
-868312
-868330
-868358
-868366
-868369
-868381
-868432
-868437
-868443
-868456
-868457
-868477
-868486
-868538
-868573
-868599
-868604
-868634
-868649
-868655
-868659
-868670
-868675
-868678
-868778
-868788
-868792
-868800
-868808
-868819
-868829
-868839
-868881
-868887
-868911
-868942
-868991
-869037
-869042
-869050
-869077
-869102
-869106
-869129
-869160
-869162
-869163
-869172
-869201
-869212
-869219
-869225
-869234
-869246
-869313
-869335
-869340
-869371
-869390
-869433
-869467
-869474
-869477
-869507
-869563
-869564
-869567
-869630
-869707
-869731
-869736
-869746
-869812
-869815
-869872
-869877
-869905
-869927
-869944
-869964
-869977
-870000
-870015
-870019
-870069
-870084
-870090
-870099
-870113
-870119
-870147
-870182
-870190
-870207
-870226
-870232
-870236
-870242
-870248
-870255
-870261
-870292
-870326
-870333
-870382
-870396
-870420
-870441
-870450
-870494
-870499
-870500
-870502
-870534
-870584
-870585
-870587
-870589
-870595
-870632
-870642
-870681
-870702
-870765
-870794
-870842
-870874
-870880
-870911
-870925
-870975
-870978
-870984
-871041
-871077
-871103
-871104
-871115
-871135
-871137
-871147
-871153
-871171
-871174
-871200
-871212
-871243
-871278
-871285
-871302
-871305
-871311
-871342
-871366
-871384
-871385
-871425
-871453
-871460
-871480
-871493
-871509
-871516
-871568
-871625
-871635
-871686
-871719
-871725
-871726
-871735
-871738
-871739
-871749
-871751
-871753
-871766
-871783
-871787
-871803
-871805
-871822
-871823
-871825
-871831
-871850
-871891
-871907
-871908
-871917
-871917
-871964
-871984
-872009
-872013
-872014
-872056
-872092
-872101
-872128
-872178
-872209
-872210
-872271
-872276
-872348
-872355
-872412
-872412
-872418
-872437
-872451
-872461
-872467
-872477
-872504
-872513
-872541
-872545
-872555
-872569
-872576
-872594
-872626
-872639
-872658
-872747
-872774
-872801
-872839
-872843
-872845
-872888
-872897
-872954
-872960
-872975
-872988
-873000
-873061
-873064
-873097
-873108
-873125
-873142
-873168
-873215
-873220
-873226
-873275
-873278
-873383
-873400
-873411
-873476
-873491
-873522
-873535
-873568
-873577
-873597
-873624
-873634
-873642
-873658
-873690
-873701
-873703
-873711
-873736
-873778
-873798
-873817
-873823
-873952
-873955
-873981
-874011
-874041
-874046
-874128
-874164
-874176
-874176
-874179
-874188
-874195
-874287
-874306
-874346
-874347
-874357
-874408
-874444
-874446
-874459
-874467
-874471
-874487
-874488
-874519
-874538
-874563
-874593
-874642
-874671
-874676
-874685
-874725
-874764
-874765
-874781
-874784
-874787
-874833
-874862
-874895
-874912
-874912
-874942
-875008
-875042
-875133
-875182
-875199
-875201
-875227
-875232
-875242
-875259
-875276
-875292
-875304
-875331
-875338
-875344
-875464
-875473
-875514
-875528
-875541
-875546
-875608
-875670
-875679
-875681
-875693
-875698
-875711
-875730
-875755
-875778
-875797
-875805
-875826
-875832
-875854
-875861
-875874
-875878
-875883
-875898
-875934
-875949
-875954
-875977
-875986
-876013
-876087
-876107
-876121
-876122
-876163
-876163
-876183
-876198
-876200
-876204
-876227
-876237
-876271
-876336
-876339
-876361
-876378
-876380
-876396
-876400
-876403
-876409
-876411
-876433
-876439
-876444
-876481
-876496
-876527
-876546
-876563
-876635
-876754
-876762
-876795
-876905
-876939
-876979
-876984
-876997
-877032
-877050
-877083
-877130
-877145
-877147
-877163
-877212
-877248
-877303
-877313
-877336
-877337
-877341
-877349
-877353
-877359
-877360
-877364
-877368
-877421
-877481
-877512
-877532
-877542
-877545
-877550
-877564
-877564
-877581
-877582
-877607
-877627
-877648
-877658
-877678
-877690
-877764
-877765
-877771
-877859
-877860
-877861
-877861
-877899
-877973
-877974
-877988
-878000
-878013
-878053
-878076
-878127
-878176
-878210
-878225
-878258
-878269
-878295
-878320
-878338
-878412
-878415
-878437
-878438
-878445
-878453
-878460
-878492
-878524
-878534
-878565
-878589
-878600
-878603
-878622
-878644
-878697
-878707
-878725
-878762
-878790
-878821
-878838
-878844
-878849
-878868
-878874
-878877
-878883
-878892
-878918
-878918
-878942
-878954
-878956
-878968
-878984
-879017
-879050
-879052
-879073
-879074
-879107
-879126
-879134
-879140
-879198
-879226
-879227
-879242
-879256
-879269
-879284
-879322
-879334
-879338
-879348
-879383
-879410
-879411
-879416
-879479
-879487
-879490
-879514
-879525
-879548
-879589
-879631
-879669
-879712
-879748
-879756
-879761
-879775
-879802
-879890
-879909
-879915
-879921
-879960
-879986
-880011
-880073
-880076
-880094
-880105
-880126
-880155
-880173
-880192
-880197
-880219
-880233
-880255
-880255
-880266
-880286
-880289
-880371
-880405
-880414
-880446
-880475
-880480
-880525
-880542
-880573
-880627
-880649
-880650
-880650
-880672
-880703
-880749
-880772
-880782
-880790
-880803
-880835
-880862
-880869
-880910
-880912
-880920
-880920
-880926
-880946
-880961
-880969
-880990
-881009
-881056
-881109
-881110
-881155
-881182
-881192
-881210
-881235
-881281
-881296
-881302
-881338
-881354
-881361
-881362
-881397
-881398
-881422
-881450
-881457
-881492
-881504
-881545
-881560
-881567
-881572
-881611
-881633
-881662
-881680
-881724
-881742
-881744
-881747
-881780
-881784
-881798
-881805
-881844
-881844
-881866
-881904
-881905
-881927
-881946
-881946
-881991
-881992
-882000
-882011
-882012
-882026
-882077
-882080
-882100
-882114
-882157
-882170
-882172
-882173
-882178
-882198
-882216
-882237
-882247
-882270
-882278
-882281
-882286
-882310
-882313
-882348
-882376
-882385
-882423
-882450
-882472
-882492
-882496
-882546
-882558
-882582
-882590
-882608
-882634
-882637
-882652
-882652
-882682
-882718
-882745
-882876
-882890
-882900
-882904
-882932
-882938
-882957
-882958
-882981
-883029
-883214
-883234
-883245
-883277
-883346
-883349
-883352
-883364
-883367
-883377
-883380
-883390
-883394
-883429
-883432
-883459
-883463
-883463
-883491
-883537
-883554
-883570
-883574
-883579
-883587
-883620
-883639
-883647
-883654
-883669
-883674
-883676
-883693
-883709
-883711
-883716
-883761
-883765
-883767
-883821
-883824
-883833
-883846
-883881
-883889
-883936
-884018
-884035
-884088
-884103
-884109
-884113
-884114
-884117
-884143
-884164
-884174
-884176
-884198
-884230
-884254
-884269
-884286
-884295
-884299
-884328
-884339
-884350
-884360
-884362
-884454
-884482
-884494
-884504
-884572
-884574
-884601
-884609
-884667
-884713
-884723
-884733
-884741
-884790
-884799
-884875
-884878
-884887
-884906
-884967
-884972
-884975
-884993
-884998
-885009
-885018
-885025
-885083
-885091
-885112
-885147
-885158
-885174
-885190
-885196
-885199
-885202
-885209
-885222
-885248
-885248
-885324
-885327
-885358
-885370
-885410
-885434
-885460
-885466
-885486
-885527
-885574
-885574
-885612
-885612
-885636
-885642
-885688
-885724
-885725
-885741
-885777
-885798
-885806
-885809
-885843
-885857
-885858
-885881
-885898
-885962
-886014
-886023
-886024
-886050
-886079
-886081
-886088
-886108
-886128
-886145
-886181
-886198
-886201
-886260
-886265
-886275
-886400
-886416
-886459
-886471
-886505
-886543
-886584
-886603
-886618
-886635
-886639
-886639
-886642
-886682
-886691
-886697
-886702
-886732
-886740
-886763
-886766
-886778
-886797
-886820
-886829
-886834
-886845
-886870
-886877
-886888
-886890
-886893
-886909
-886927
-886936
-886955
-886955
-886960
-886968
-887023
-887027
-887039
-887085
-887086
-887087
-887102
-887119
-887149
-887178
-887186
-887203
-887215
-887232
-887299
-887315
-887324
-887330
-887384
-887448
-887457
-887472
-887478
-887484
-887485
-887490
-887538
-887542
-887554
-887574
-887584
-887599
-887611
-887618
-887658
-887673
-887681
-887713
-887739
-887767
-887783
-887793
-887820
-887829
-887836
-887889
-887894
-887907
-887936
-887958
-887961
-887988
-888000
-888019
-888079
-888089
-888089
-888116
-888123
-888132
-888143
-888188
-888202
-888211
-888307
-888316
-888333
-888359
-888421
-888421
-888424
-888425
-888447
-888452
-888460
-888476
-888497
-888513
-888538
-888573
-888579
-888597
-888600
-888628
-888639
-888640
-888656
-888656
-888666
-888675
-888685
-888712
-888747
-888756
-888798
-888799
-888823
-888841
-888880
-888902
-888941
-888944
-888972
-888991
-889028
-889041
-889065
-889077
-889083
-889105
-889108
-889141
-889150
-889159
-889173
-889177
-889183
-889205
-889210
-889216
-889222
-889239
-889249
-889285
-889318
-889352
-889401
-889443
-889451
-889484
-889489
-889492
-889499
-889521
-889524
-889532
-889551
-889623
-889637
-889665
-889670
-889683
-889684
-889708
-889731
-889731
-889761
-889766
-889779
-889793
-889813
-889880
-889908
-889939
-889947
-889988
-890079
-890087
-890096
-890104
-890129
-890132
-890145
-890167
-890182
-890202
-890202
-890205
-890227
-890279
-890297
-890314
-890365
-890366
-890366
-890388
-890389
-890412
-890416
-890417
-890423
-890423
-890463
-890549
-890591
-890649
-890657
-890738
-890786
-890817
-890821
-890828
-890852
-890874
-890921
-890953
-891058
-891078
-891090
-891107
-891132
-891147
-891225
-891260
-891291
-891309
-891310
-891343
-891348
-891364
-891384
-891418
-891426
-891432
-891457
-891477
-891485
-891486
-891488
-891492
-891495
-891504
-891523
-891532
-891535
-891548
-891558
-891578
-891591
-891608
-891725
-891726
-891738
-891779
-891823
-891839
-891870
-891888
-891897
-891918
-891934
-891954
-891972
-891988
-892001
-892007
-892009
-892033
-892045
-892064
-892068
-892074
-892078
-892096
-892137
-892138
-892144
-892168
-892184
-892186
-892197
-892219
-892221
-892231
-892275
-892279
-892301
-892318
-892355
-892382
-892385
-892388
-892409
-892409
-892448
-892484
-892488
-892513
-892614
-892620
-892624
-892678
-892694
-892705
-892720
-892735
-892759
-892779
-892799
-892838
-892911
-892917
-892922
-892952
-892990
-892996
-893008
-893020
-893114
-893131
-893137
-893163
-893168
-893191
-893192
-893207
-893240
-893241
-893309
-893366
-893372
-893407
-893430
-893449
-893462
-893468
-893487
-893504
-893552
-893582
-893595
-893607
-893621
-893638
-893684
-893689
-893715
-893730
-893745
-893780
-893784
-893787
-893822
-893829
-893836
-893876
-893911
-893916
-893921
-893942
-893946
-893970
-893980
-893984
-893990
-893995
-894001
-894034
-894079
-894102
-894116
-894135
-894157
-894160
-894166
-894201
-894216
-894249
-894252
-894258
-894262
-894264
-894272
-894306
-894307
-894316
-894324
-894336
-894336
-894348
-894385
-894420
-894446
-894449
-894462
-894490
-894515
-894517
-894537
-894556
-894558
-894602
-894623
-894657
-894690
-894699
-894724
-894744
-894771
-894783
-894791
-894792
-894797
-894804
-894814
-894851
-894883
-894891
-894903
-894910
-894911
-894915
-894960
-894979
-894982
-895008
-895034
-895058
-895068
-895104
-895109
-895111
-895117
-895123
-895130
-895141
-895149
-895155
-895157
-895200
-895247
-895260
-895286
-895322
-895350
-895366
-895416
-895511
-895517
-895538
-895578
-895599
-895607
-895627
-895642
-895683
-895716
-895747
-895763
-895781
-895811
-895829
-895830
-895850
-895864
-895912
-895939
-895954
-895962
-895968
-895991
-896020
-896033
-896064
-896079
-896103
-896156
-896157
-896167
-896168
-896182
-896196
-896199
-896204
-896277
-896281
-896284
-896293
-896303
-896315
-896318
-896338
-896352
-896363
-896373
-896408
-896410
-896435
-896438
-896450
-896515
-896531
-896545
-896558
-896559
-896584
-896605
-896635
-896653
-896674
-896700
-896728
-896762
-896799
-896810
-896833
-896872
-896884
-896922
-896969
-897004
-897033
-897059
-897066
-897149
-897154
-897182
-897185
-897217
-897236
-897264
-897285
-897285
-897315
-897317
-897387
-897413
-897448
-897463
-897467
-897494
-897499
-897531
-897578
-897585
-897598
-897625
-897632
-897635
-897649
-897675
-897687
-897717
-897717
-897720
-897725
-897735
-897761
-897817
-897822
-897825
-897852
-897856
-897869
-897875
-897924
-897927
-897932
-897957
-897963
-897997
-898043
-898045
-898058
-898063
-898078
-898095
-898119
-898124
-898142
-898202
-898218
-898251
-898298
-898328
-898335
-898337
-898342
-898375
-898414
-898419
-898449
-898450
-898513
-898536
-898557
-898615
-898623
-898623
-898673
-898680
-898681
-898683
-898684
-898696
-898709
-898710
-898718
-898742
-898789
-898798
-898885
-898894
-898921
-898961
-898964
-898979
-898991
-899042
-899049
-899089
-899118
-899134
-899140
-899150
-899224
-899226
-899242
-899255
-899266
-899276
-899284
-899310
-899313
-899343
-899349
-899359
-899376
-899399
-899407
-899452
-899466
-899468
-899488
-899505
-899506
-899506
-899545
-899552
-899582
-899597
-899626
-899657
-899666
-899673
-899675
-899684
-899691
-899699
-899737
-899740
-899749
-899752
-899790
-899814
-899822
-899831
-899876
-899878
-899884
-899904
-899961
-899973
-900000
-900052
-900057
-900182
-900206
-900229
-900263
-900275
-900285
-900289
-900317
-900317
-900320
-900325
-900329
-900330
-900334
-900344
-900397
-900399
-900407
-900420
-900420
-900443
-900446
-900455
-900465
-900466
-900497
-900503
-900504
-900510
-900520
-900593
-900668
-900683
-900704
-900713
-900740
-900753
-900754
-900761
-900767
-900783
-900792
-900792
-900805
-900816
-900818
-900873
-900876
-900923
-900974
-900980
-900994
-901014
-901017
-901027
-901030
-901040
-901057
-901140
-901146
-901198
-901199
-901232
-901246
-901249
-901259
-901276
-901288
-901347
-901365
-901370
-901383
-901392
-901396
-901414
-901438
-901454
-901465
-901480
-901484
-901534
-901550
-901561
-901572
-901595
-901598
-901622
-901625
-901656
-901657
-901687
-901810
-901819
-901822
-901823
-901826
-901880
-901934
-901935
-901964
-901984
-902024
-902049
-902088
-902137
-902151
-902152
-902161
-902168
-902184
-902229
-902257
-902264
-902299
-902306
-902310
-902312
-902322
-902359
-902366
-902374
-902380
-902396
-902398
-902403
-902454
-902460
-902471
-902479
-902550
-902686
-902695
-902697
-902728
-902731
-902735
-902738
-902742
-902785
-902789
-902811
-902816
-902836
-902842
-902865
-902877
-902888
-902905
-902911
-902968
-902996
-903001
-903002
-903003
-903040
-903071
-903075
-903083
-903105
-903111
-903118
-903140
-903172
-903180
-903180
-903180
-903186
-903189
-903210
-903252
-903271
-903292
-903417
-903460
-903475
-903504
-903533
-903545
-903563
-903598
-903689
-903706
-903723
-903738
-903740
-903750
-903773
-903776
-903787
-903819
-903842
-903878
-903885
-903910
-903913
-903930
-903944
-903963
-903984
-903989
-903993
-904012
-904031
-904052
-904054
-904062
-904074
-904101
-904120
-904128
-904139
-904154
-904154
-904159
-904180
-904184
-904184
-904186
-904259
-904274
-904287
-904311
-904329
-904340
-904369
-904402
-904403
-904407
-904410
-904431
-904447
-904452
-904480
-904522
-904546
-904559
-904561
-904576
-904612
-904629
-904647
-904703
-904714
-904734
-904739
-904752
-904864
-904892
-904941
-904956
-905024
-905026
-905037
-905042
-905058
-905065
-905081
-905084
-905112
-905151
-905161
-905164
-905196
-905197
-905204
-905226
-905234
-905284
-905304
-905328
-905343
-905345
-905352
-905364
-905369
-905383
-905449
-905479
-905484
-905494
-905518
-905539
-905541
-905548
-905556
-905562
-905563
-905570
-905579
-905636
-905641
-905684
-905719
-905726
-905733
-905734
-905773
-905819
-905835
-905870
-905915
-905917
-905924
-905938
-905948
-905955
-905956
-905998
-906040
-906040
-906050
-906058
-906070
-906084
-906098
-906128
-906214
-906256
-906279
-906283
-906297
-906369
-906386
-906399
-906403
-906408
-906409
-906412
-906438
-906449
-906473
-906493
-906506
-906508
-906513
-906536
-906548
-906585
-906599
-906630
-906693
-906730
-906734
-906749
-906755
-906755
-906778
-906805
-906808
-906816
-906830
-906831
-906847
-906848
-906869
-906885
-906925
-906961
-906984
-906994
-906997
-907001
-907009
-907015
-907026
-907032
-907037
-907101
-907107
-907212
-907215
-907246
-907282
-907300
-907334
-907437
-907438
-907466
-907480
-907481
-907481
-907516
-907519
-907544
-907553
-907593
-907598
-907600
-907631
-907644
-907666
-907690
-907744
-907775
-907812
-907845
-907857
-907923
-907949
-907995
-908016
-908057
-908063
-908088
-908095
-908143
-908164
-908168
-908170
-908176
-908204
-908205
-908224
-908228
-908278
-908289
-908309
-908324
-908355
-908411
-908432
-908444
-908480
-908493
-908500
-908520
-908532
-908546
-908563
-908563
-908575
-908584
-908586
-908605
-908626
-908627
-908635
-908670
-908673
-908679
-908699
-908712
-908737
-908738
-908740
-908768
-908809
-908811
-908814
-908840
-908848
-908875
-908910
-908943
-908944
-908970
-908980
-908983
-909019
-909020
-909023
-909058
-909062
-909093
-909139
-909146
-909161
-909163
-909175
-909180
-909185
-909186
-909210
-909246
-909303
-909307
-909321
-909321
-909327
-909355
-909379
-909395
-909437
-909444
-909446
-909468
-909469
-909500
-909513
-909525
-909597
-909610
-909613
-909628
-909646
-909652
-909714
-909730
-909754
-909805
-909841
-909896
-909930
-909930
-909939
-910012
-910027
-910068
-910087
-910095
-910100
-910123
-910151
-910157
-910184
-910187
-910286
-910317
-910333
-910362
-910378
-910395
-910397
-910416
-910428
-910480
-910492
-910533
-910599
-910609
-910626
-910630
-910645
-910652
-910665
-910733
-910749
-910771
-910817
-910852
-910865
-910873
-910882
-910921
-910934
-910961
-910964
-910971
-910979
-910999
-911029
-911088
-911119
-911142
-911153
-911171
-911174
-911194
-911214
-911226
-911233
-911294
-911308
-911344
-911372
-911395
-911406
-911407
-911417
-911460
-911469
-911483
-911503
-911515
-911552
-911624
-911627
-911638
-911638
-911687
-911758
-911814
-911819
-911822
-911826
-911860
-911899
-911914
-911980
-912022
-912059
-912064
-912065
-912067
-912098
-912099
-912110
-912120
-912120
-912152
-912180
-912216
-912237
-912257
-912311
-912352
-912358
-912367
-912390
-912396
-912402
-912409
-912420
-912482
-912517
-912519
-912539
-912574
-912679
-912725
-912740
-912771
-912794
-912802
-912811
-912833
-912848
-912857
-912864
-912867
-912884
-912940
-912947
-912958
-912965
-912972
-912976
-913000
-913007
-913010
-913045
-913081
-913112
-913115
-913118
-913160
-913189
-913198
-913199
-913224
-913227
-913227
-913241
-913256
-913285
-913287
-913295
-913303
-913318
-913331
-913335
-913352
-913355
-913370
-913392
-913394
-913426
-913438
-913456
-913475
-913485
-913486
-913528
-913533
-913564
-913565
-913572
-913582
-913584
-913585
-913599
-913612
-913618
-913624
-913626
-913627
-913670
-913679
-913691
-913699
-913734
-913735
-913761
-913785
-913801
-913815
-913820
-913836
-913868
-913882
-913891
-913896
-913917
-913922
-913935
-914005
-914046
-914133
-914146
-914169
-914170
-914224
-914231
-914241
-914248
-914264
-914264
-914264
-914285
-914292
-914328
-914328
-914339
-914359
-914366
-914375
-914414
-914434
-914464
-914514
-914524
-914528
-914531
-914539
-914554
-914577
-914592
-914604
-914640
-914672
-914676
-914679
-914686
-914698
-914728
-914746
-914750
-914761
-914784
-914797
-914817
-914858
-914859
-914893
-914928
-914928
-914940
-914941
-914984
-915014
-915024
-915051
-915062
-915066
-915071
-915083
-915088
-915096
-915096
-915106
-915126
-915144
-915164
-915201
-915218
-915220
-915240
-915267
-915272
-915289
-915292
-915308
-915309
-915316
-915370
-915405
-915432
-915451
-915457
-915465
-915479
-915511
-915518
-915538
-915545
-915561
-915599
-915619
-915624
-915663
-915730
-915754
-915798
-915825
-915873
-915876
-915880
-915907
-915909
-915913
-915983
-915992
-916020
-916033
-916055
-916088
-916105
-916113
-916198
-916208
-916211
-916224
-916286
-916296
-916297
-916298
-916309
-916314
-916322
-916334
-916348
-916364
-916369
-916379
-916402
-916433
-916448
-916478
-916487
-916509
-916523
-916529
-916557
-916562
-916583
-916583
-916587
-916631
-916637
-916655
-916667
-916698
-916711
-916751
-916782
-916789
-916807
-916816
-916882
-916905
-916911
-916921
-916944
-916954
-916960
-917015
-917020
-917025
-917055
-917068
-917081
-917083
-917092
-917100
-917124
-917124
-917159
-917202
-917204
-917209
-917212
-917222
-917228
-917236
-917249
-917268
-917276
-917285
-917323
-917393
-917399
-917430
-917447
-917484
-917487
-917502
-917503
-917534
-917541
-917570
-917581
-917637
-917653
-917663
-917666
-917679
-917713
-917714
-917740
-917762
-917777
-917793
-917798
-917821
-917825
-917847
-917894
-917908
-917925
-917928
-917929
-917934
-917950
-917977
-917979
-918004
-918014
-918032
-918050
-918054
-918075
-918094
-918113
-918178
-918221
-918229
-918235
-918239
-918267
-918282
-918312
-918347
-918362
-918365
-918372
-918375
-918396
-918397
-918417
-918475
-918502
-918506
-918514
-918518
-918538
-918643
-918751
-918769
-918776
-918796
-918826
-918878
-918899
-918912
-918940
-918940
-918943
-918945
-918990
-919009
-919077
-919118
-919120
-919125
-919148
-919176
-919177
-919270
-919283
-919283
-919287
-919323
-919343
-919346
-919362
-919420
-919450
-919477
-919489
-919570
-919589
-919592
-919619
-919624
-919629
-919637
-919647
-919686
-919703
-919711
-919712
-919738
-919746
-919763
-919786
-919791
-919798
-919815
-919831
-919831
-919844
-919851
-919886
-919915
-919921
-919944
-919969
-919977
-919988
-919988
-919993
-920013
-920057
-920090
-920113
-920147
-920150
-920171
-920175
-920207
-920211
-920213
-920253
-920274
-920282
-920319
-920319
-920339
-920485
-920486
-920488
-920514
-920592
-920601
-920630
-920635
-920658
-920675
-920690
-920691
-920695
-920710
-920716
-920722
-920723
-920735
-920738
-920739
-920755
-920791
-920826
-920838
-920883
-920883
-920911
-920945
-920984
-920997
-921127
-921199
-921210
-921228
-921239
-921249
-921276
-921286
-921301
-921302
-921351
-921355
-921419
-921425
-921454
-921465
-921489
-921493
-921498
-921502
-921548
-921549
-921577
-921610
-921630
-921635
-921650
-921673
-921706
-921751
-921769
-921801
-921832
-921835
-921855
-921859
-921876
-921901
-921913
-921920
-921953
-921993
-921999
-922018
-922066
-922083
-922113
-922156
-922207
-922257
-922265
-922276
-922282
-922295
-922328
-922331
-922340
-922352
-922374
-922379
-922391
-922393
-922407
-922407
-922510
-922512
-922514
-922534
-922576
-922585
-922601
-922621
-922696
-922720
-922747
-922767
-922796
-922835
-922848
-922873
-922894
-922903
-922955
-922985
-923002
-923023
-923027
-923028
-923052
-923066
-923074
-923074
-923075
-923077
-923119
-923147
-923169
-923176
-923202
-923203
-923228
-923233
-923249
-923281
-923339
-923347
-923350
-923351
-923362
-923401
-923452
-923458
-923462
-923472
-923483
-923528
-923532
-923540
-923623
-923646
-923668
-923695
-923714
-923742
-923770
-923788
-923820
-923865
-923897
-923913
-923922
-923924
-923949
-924012
-924040
-924080
-924084
-924107
-924154
-924189
-924222
-924253
-924266
-924299
-924340
-924354
-924387
-924398
-924403
-924418
-924424
-924475
-924560
-924563
-924610
-924623
-924630
-924640
-924691
-924707
-924713
-924762
-924779
-924784
-924789
-924805
-924814
-924817
-924818
-924825
-924848
-924853
-924874
-924885
-924885
-924913
-924955
-924956
-924968
-924991
-924996
-925001
-925007
-925076
-925099
-925126
-925127
-925214
-925226
-925239
-925247
-925261
-925295
-925306
-925317
-925352
-925379
-925412
-925413
-925447
-925469
-925490
-925494
-925520
-925527
-925593
-925594
-925689
-925697
-925720
-925742
-925746
-925774
-925786
-925791
-925811
-925863
-925877
-925888
-925894
-925941
-925947
-925965
-925986
-926006
-926022
-926039
-926051
-926053
-926053
-926057
-926060
-926069
-926083
-926093
-926136
-926238
-926278
-926281
-926284
-926369
-926403
-926412
-926423
-926424
-926477
-926499
-926499
-926503
-926514
-926518
-926537
-926550
-926559
-926588
-926649
-926677
-926715
-926749
-926880
-926901
-926906
-926932
-926940
-926941
-926960
-926967
-927087
-927099
-927118
-927130
-927152
-927205
-927216
-927296
-927309
-927341
-927385
-927387
-927398
-927456
-927460
-927462
-927490
-927493
-927559
-927582
-927595
-927658
-927663
-927668
-927678
-927683
-927690
-927697
-927719
-927751
-927820
-927827
-927837
-927866
-927868
-927883
-927932
-927936
-927940
-927941
-927956
-927968
-927992
-927993
-928000
-928003
-928016
-928026
-928048
-928052
-928069
-928089
-928098
-928154
-928163
-928203
-928262
-928341
-928345
-928361
-928364
-928398
-928431
-928569
-928579
-928620
-928633
-928673
-928676
-928679
-928732
-928763
-928780
-928840
-928876
-928898
-928927
-928941
-928948
-928955
-928978
-929004
-929013
-929035
-929036
-929080
-929099
-929101
-929110
-929121
-929170
-929183
-929190
-929204
-929217
-929242
-929248
-929291
-929311
-929340
-929340
-929352
-929373
-929378
-929403
-929413
-929426
-929440
-929444
-929474
-929505
-929512
-929545
-929546
-929558
-929566
-929569
-929571
-929631
-929646
-929656
-929664
-929667
-929699
-929714
-929804
-929829
-929855
-929856
-929868
-929897
-929927
-929938
-929941
-929984
-929994
-930034
-930084
-930170
-930186
-930199
-930201
-930209
-930244
-930246
-930256
-930269
-930316
-930325
-930353
-930444
-930450
-930457
-930458
-930464
-930476
-930482
-930553
-930612
-930613
-930620
-930629
-930639
-930645
-930658
-930666
-930725
-930727
-930783
-930792
-930812
-930827
-930842
-930889
-930907
-930925
-930932
-930951
-930955
-930959
-931051
-931058
-931064
-931074
-931096
-931160
-931162
-931171
-931205
-931212
-931215
-931219
-931222
-931253
-931279
-931288
-931294
-931295
-931308
-931318
-931374
-931386
-931399
-931416
-931445
-931464
-931478
-931516
-931658
-931675
-931677
-931680
-931683
-931686
-931736
-931743
-931743
-931793
-931803
-931834
-931850
-931864
-931911
-931944
-931950
-931971
-931971
-931999
-932000
-932027
-932054
-932075
-932100
-932101
-932119
-932132
-932144
-932163
-932165
-932232
-932233
-932293
-932347
-932378
-932399
-932409
-932434
-932443
-932443
-932467
-932513
-932646
-932651
-932727
-932745
-932767
-932805
-932864
-932897
-932906
-932906
-932940
-932962
-932963
-932989
-932991
-933009
-933025
-933040
-933065
-933076
-933087
-933110
-933130
-933130
-933140
-933158
-933161
-933171
-933192
-933248
-933254
-933259
-933336
-933354
-933356
-933361
-933428
-933433
-933449
-933471
-933484
-933487
-933536
-933542
-933545
-933551
-933568
-933574
-933593
-933598
-933600
-933636
-933636
-933640
-933720
-933739
-933740
-933785
-933785
-933794
-933798
-933802
-933857
-933863
-933920
-933930
-933931
-933936
-933942
-933942
-933952
-933954
-933970
-933984
-934005
-934024
-934043
-934054
-934062
-934099
-934116
-934119
-934127
-934137
-934159
-934177
-934183
-934186
-934191
-934210
-934214
-934232
-934253
-934260
-934289
-934350
-934383
-934403
-934428
-934429
-934455
-934486
-934496
-934524
-934547
-934547
-934583
-934601
-934624
-934655
-934669
-934763
-934807
-934822
-934968
-934973
-934978
-935044
-935084
-935097
-935113
-935129
-935145
-935151
-935166
-935177
-935192
-935195
-935212
-935218
-935253
-935264
-935268
-935282
-935304
-935307
-935336
-935340
-935368
-935380
-935390
-935408
-935434
-935463
-935500
-935517
-935551
-935557
-935562
-935657
-935673
-935684
-935704
-935720
-935720
-935723
-935729
-935730
-935737
-935789
-935798
-935804
-935809
-935818
-935818
-935862
-935893
-935900
-935909
-935919
-935939
-935970
-935987
-935990
-936009
-936024
-936028
-936057
-936130
-936140
-936144
-936190
-936197
-936213
-936216
-936256
-936265
-936281
-936282
-936285
-936396
-936403
-936405
-936472
-936473
-936493
-936502
-936527
-936608
-936663
-936664
-936664
-936688
-936703
-936725
-936730
-936747
-936777
-936797
-936830
-936862
-936864
-936887
-936897
-936911
-936913
-936920
-936921
-936976
-936980
-936981
-937003
-937003
-937048
-937050
-937069
-937092
-937094
-937100
-937123
-937127
-937129
-937152
-937163
-937166
-937183
-937190
-937196
-937196
-937258
-937262
-937311
-937331
-937380
-937388
-937404
-937415
-937427
-937460
-937469
-937514
-937556
-937582
-937636
-937658
-937691
-937705
-937739
-937743
-937753
-937756
-937775
-937788
-937832
-937844
-937872
-937938
-937952
-937953
-938015
-938044
-938045
-938047
-938050
-938056
-938085
-938145
-938177
-938209
-938253
-938256
-938278
-938320
-938329
-938339
-938359
-938413
-938425
-938427
-938438
-938468
-938483
-938507
-938521
-938533
-938538
-938544
-938578
-938584
-938610
-938629
-938661
-938669
-938696
-938815
-938823
-938847
-938866
-938893
-938916
-938932
-938953
-938964
-939037
-939040
-939085
-939091
-939169
-939178
-939180
-939195
-939200
-939220
-939286
-939373
-939380
-939423
-939438
-939438
-939446
-939464
-939464
-939488
-939494
-939529
-939534
-939540
-939545
-939562
-939591
-939594
-939620
-939654
-939666
-939673
-939705
-939732
-939839
-939865
-939869
-939874
-939875
-939880
-939894
-939911
-939915
-939917
-939944
-939952
-939952
-939975
-939980
-940010
-940026
-940035
-940068
-940085
-940124
-940149
-940155
-940193
-940302
-940308
-940315
-940371
-940391
-940433
-940473
-940480
-940494
-940527
-940533
-940546
-940584
-940614
-940669
-940695
-940704
-940712
-940773
-940823
-940849
-940884
-940896
-940936
-940975
-940975
-940983
-941041
-941093
-941105
-941125
-941130
-941142
-941148
-941175
-941210
-941213
-941218
-941226
-941244
-941257
-941282
-941299
-941306
-941330
-941340
-941356
-941373
-941377
-941392
-941440
-941443
-941476
-941509
-941515
-941518
-941523
-941564
-941573
-941638
-941696
-941708
-941757
-941757
-941791
-941812
-941817
-941825
-941842
-941866
-941897
-941906
-941976
-941985
-942008
-942035
-942070
-942088
-942126
-942132
-942162
-942180
-942187
-942251
-942262
-942264
-942271
-942273
-942291
-942308
-942308
-942322
-942323
-942328
-942367
-942413
-942414
-942430
-942431
-942452
-942453
-942501
-942501
-942524
-942528
-942540
-942543
-942560
-942565
-942583
-942587
-942593
-942607
-942627
-942631
-942637
-942662
-942670
-942672
-942684
-942695
-942707
-942740
-942794
-942794
-942820
-942842
-942855
-942890
-942908
-942909
-942918
-942929
-942962
-943003
-943017
-943018
-943025
-943027
-943087
-943103
-943116
-943127
-943157
-943165
-943166
-943180
-943182
-943194
-943197
-943237
-943240
-943248
-943263
-943299
-943326
-943333
-943344
-943353
-943369
-943409
-943413
-943429
-943461
-943498
-943563
-943571
-943572
-943595
-943600
-943600
-943607
-943609
-943628
-943707
-943707
-943709
-943730
-943731
-943764
-943773
-943781
-943791
-943806
-943815
-943824
-943827
-943833
-943847
-943873
-943885
-943887
-943889
-943905
-943910
-943928
-943939
-943970
-943981
-944010
-944015
-944040
-944052
-944095
-944109
-944132
-944152
-944162
-944178
-944250
-944252
-944254
-944267
-944318
-944340
-944341
-944420
-944428
-944437
-944464
-944489
-944515
-944519
-944523
-944528
-944570
-944576
-944582
-944584
-944590
-944603
-944609
-944610
-944618
-944628
-944636
-944636
-944645
-944646
-944729
-944751
-944788
-944817
-944855
-944877
-944909
-944929
-944987
-945006
-945071
-945073
-945123
-945148
-945162
-945174
-945185
-945186
-945193
-945209
-945222
-945237
-945237
-945304
-945331
-945350
-945361
-945376
-945387
-945399
-945400
-945406
-945407
-945425
-945463
-945468
-945474
-945481
-945495
-945498
-945534
-945548
-945575
-945586
-945640
-945640
-945647
-945650
-945663
-945664
-945669
-945679
-945685
-945691
-945713
-945726
-945729
-945751
-945766
-945787
-945823
-945824
-945825
-945836
-945838
-945844
-945856
-945869
-945884
-945893
-945903
-945922
-945935
-945942
-945943
-945946
-945957
-946015
-946027
-946065
-946082
-946102
-946113
-946209
-946218
-946229
-946231
-946303
-946320
-946348
-946351
-946357
-946375
-946397
-946425
-946431
-946452
-946455
-946456
-946474
-946478
-946483
-946503
-946515
-946521
-946560
-946564
-946599
-946601
-946605
-946617
-946632
-946639
-946653
-946689
-946692
-946710
-946711
-946778
-946793
-946831
-946831
-946842
-946864
-946884
-946900
-946963
-946978
-946984
-946990
-946994
-946996
-947029
-947036
-947043
-947043
-947052
-947057
-947134
-947165
-947190
-947241
-947251
-947252
-947254
-947270
-947271
-947277
-947279
-947282
-947293
-947309
-947342
-947358
-947381
-947410
-947421
-947424
-947436
-947465
-947494
-947532
-947558
-947565
-947573
-947626
-947637
-947641
-947663
-947697
-947698
-947698
-947699
-947739
-947759
-947777
-947814
-947832
-947873
-947896
-947925
-947958
-947978
-947985
-947987
-948003
-948010
-948037
-948049
-948050
-948058
-948068
-948068
-948161
-948166
-948197
-948223
-948228
-948234
-948269
-948303
-948330
-948341
-948366
-948401
-948477
-948501
-948519
-948544
-948559
-948575
-948671
-948713
-948725
-948737
-948742
-948745
-948748
-948764
-948775
-948790
-948835
-948855
-948855
-948858
-948887
-948898
-948924
-948946
-948957
-948962
-948972
-948973
-948975
-948979
-948988
-949013
-949064
-949077
-949079
-949091
-949104
-949114
-949130
-949134
-949144
-949166
-949186
-949191
-949199
-949213
-949275
-949311
-949333
-949356
-949368
-949399
-949412
-949436
-949474
-949510
-949544
-949551
-949565
-949574
-949578
-949660
-949660
-949662
-949706
-949724
-949762
-949787
-949788
-949797
-949845
-949856
-949901
-949921
-949927
-949951
-949957
-949965
-950078
-950093
-950111
-950118
-950138
-950142
-950205
-950238
-950239
-950268
-950278
-950283
-950289
-950310
-950349
-950383
-950413
-950417
-950436
-950447
-950494
-950523
-950532
-950590
-950592
-950599
-950645
-950657
-950659
-950660
-950671
-950690
-950698
-950715
-950719
-950766
-950778
-950810
-950815
-950820
-950865
-950867
-950879
-950880
-950882
-950897
-950901
-950915
-950931
-950931
-950935
-950981
-950996
-951007
-951013
-951017
-951033
-951034
-951047
-951087
-951141
-951152
-951175
-951178
-951237
-951280
-951282
-951284
-951288
-951307
-951307
-951336
-951336
-951348
-951349
-951350
-951422
-951427
-951428
-951447
-951456
-951500
-951531
-951537
-951589
-951604
-951620
-951625
-951660
-951671
-951711
-951731
-951751
-951773
-951779
-951783
-951790
-951803
-951866
-951933
-951973
-952033
-952062
-952075
-952077
-952086
-952106
-952167
-952181
-952181
-952272
-952285
-952296
-952341
-952353
-952480
-952494
-952520
-952553
-952606
-952609
-952652
-952654
-952696
-952713
-952734
-952758
-952779
-952874
-952891
-952902
-952916
-952917
-952922
-952936
-952961
-952961
-952965
-952966
-952996
-953019
-953029
-953039
-953040
-953052
-953061
-953086
-953086
-953099
-953116
-953120
-953124
-953137
-953226
-953282
-953301
-953306
-953306
-953308
-953318
-953323
-953410
-953411
-953469
-953473
-953479
-953512
-953540
-953553
-953604
-953649
-953679
-953683
-953717
-953729
-953742
-953762
-953764
-953770
-953808
-953810
-953825
-953832
-953881
-953881
-953903
-953925
-953948
-953949
-953956
-953968
-953979
-953984
-954009
-954067
-954076
-954087
-954097
-954098
-954124
-954156
-954160
-954170
-954215
-954235
-954251
-954295
-954297
-954323
-954327
-954327
-954347
-954404
-954405
-954409
-954465
-954469
-954505
-954506
-954514
-954522
-954533
-954549
-954552
-954563
-954583
-954596
-954613
-954632
-954640
-954658
-954672
-954694
-954704
-954722
-954731
-954745
-954748
-954759
-954806
-954833
-954834
-954912
-954922
-954927
-954935
-954946
-955072
-955081
-955090
-955106
-955117
-955140
-955206
-955242
-955251
-955260
-955296
-955299
-955315
-955342
-955352
-955364
-955392
-955407
-955468
-955519
-955546
-955558
-955579
-955594
-955617
-955647
-955670
-955673
-955699
-955731
-955777
-955779
-955802
-955807
-955840
-955865
-955901
-955925
-955929
-955937
-955950
-955979
-955988
-956026
-956040
-956063
-956085
-956087
-956109
-956115
-956123
-956124
-956140
-956165
-956175
-956185
-956189
-956194
-956207
-956213
-956237
-956332
-956435
-956444
-956476
-956512
-956525
-956598
-956639
-956670
-956687
-956697
-956720
-956721
-956753
-956770
-956794
-956809
-956824
-956832
-956864
-956893
-956900
-956936
-956940
-956994
-957006
-957050
-957074
-957123
-957130
-957151
-957156
-957176
-957177
-957207
-957246
-957255
-957256
-957272
-957272
-957272
-957311
-957315
-957317
-957331
-957334
-957338
-957373
-957385
-957431
-957446
-957464
-957477
-957488
-957509
-957510
-957589
-957614
-957629
-957654
-957660
-957665
-957666
-957697
-957721
-957727
-957743
-957744
-957804
-957884
-957898
-957921
-957931
-957943
-957962
-958000
-958034
-958051
-958065
-958075
-958098
-958113
-958131
-958202
-958253
-958261
-958299
-958318
-958331
-958335
-958363
-958395
-958436
-958468
-958476
-958500
-958534
-958542
-958559
-958575
-958593
-958684
-958688
-958711
-958725
-958748
-958805
-958847
-958873
-958900
-958911
-958919
-958928
-958937
-958981
-959012
-959026
-959027
-959037
-959065
-959118
-959135
-959136
-959179
-959195
-959218
-959243
-959257
-959311
-959326
-959341
-959363
-959379
-959424
-959467
-959470
-959485
-959540
-959574
-959591
-959650
-959672
-959679
-959707
-959708
-959752
-959775
-959788
-959790
-959809
-959842
-959842
-959842
-959849
-959854
-959905
-959918
-959945
-959973
-959980
-960021
-960056
-960066
-960099
-960115
-960116
-960167
-960194
-960197
-960197
-960209
-960218
-960235
-960236
-960245
-960279
-960305
-960330
-960339
-960345
-960356
-960363
-960372
-960499
-960510
-960518
-960519
-960533
-960549
-960553
-960576
-960577
-960577
-960588
-960593
-960611
-960667
-960676
-960685
-960687
-960700
-960712
-960726
-960739
-960740
-960741
-960761
-960776
-960791
-960823
-960843
-960849
-960903
-960911
-960919
-960933
-960988
-961060
-961067
-961072
-961121
-961160
-961185
-961205
-961210
-961212
-961213
-961227
-961263
-961277
-961295
-961301
-961332
-961349
-961370
-961396
-961403
-961412
-961423
-961431
-961478
-961483
-961489
-961556
-961602
-961634
-961641
-961665
-961680
-961681
-961699
-961707
-961708
-961757
-961763
-961786
-961791
-961862
-961890
-961897
-961914
-961920
-961921
-961936
-961958
-961984
-961994
-961999
-962027
-962057
-962065
-962100
-962106
-962124
-962190
-962217
-962236
-962241
-962287
-962319
-962353
-962368
-962391
-962398
-962416
-962418
-962473
-962504
-962516
-962535
-962536
-962543
-962553
-962571
-962587
-962589
-962590
-962603
-962604
-962604
-962611
-962665
-962684
-962690
-962703
-962711
-962715
-962751
-962771
-962787
-962807
-962835
-962870
-962893
-962898
-962944
-962966
-962980
-962987
-963012
-963030
-963096
-963119
-963160
-963171
-963173
-963178
-963195
-963197
-963247
-963248
-963256
-963269
-963298
-963306
-963315
-963325
-963385
-963387
-963471
-963486
-963491
-963514
-963528
-963529
-963548
-963575
-963588
-963607
-963613
-963615
-963615
-963619
-963765
-963830
-963869
-963890
-963953
-963958
-963967
-963998
-964000
-964014
-964026
-964034
-964047
-964060
-964065
-964092
-964103
-964129
-964146
-964157
-964187
-964235
-964260
-964290
-964339
-964342
-964407
-964419
-964454
-964462
-964463
-964473
-964491
-964523
-964557
-964635
-964668
-964684
-964700
-964710
-964711
-964724
-964726
-964735
-964747
-964748
-964783
-964839
-964840
-964861
-964864
-964869
-964873
-964900
-964954
-964958
-965015
-965043
-965068
-965079
-965084
-965095
-965195
-965235
-965237
-965255
-965261
-965324
-965334
-965343
-965352
-965356
-965386
-965405
-965405
-965410
-965428
-965458
-965465
-965546
-965553
-965555
-965566
-965571
-965590
-965629
-965642
-965643
-965680
-965691
-965700
-965717
-965731
-965774
-965815
-965816
-965837
-965851
-965881
-965883
-965922
-965925
-965931
-965990
-965995
-966027
-966034
-966047
-966047
-966056
-966105
-966146
-966152
-966163
-966188
-966198
-966198
-966228
-966230
-966266
-966268
-966310
-966330
-966339
-966343
-966362
-966395
-966408
-966412
-966423
-966463
-966474
-966479
-966485
-966489
-966520
-966530
-966542
-966553
-966559
-966565
-966579
-966580
-966584
-966586
-966592
-966602
-966602
-966616
-966687
-966703
-966726
-966726
-966741
-966743
-966764
-966769
-966775
-966793
-966801
-966811
-966831
-966835
-966864
-966871
-966874
-966891
-966894
-966898
-966901
-966917
-966925
-966926
-966977
-967024
-967041
-967049
-967057
-967058
-967070
-967132
-967149
-967178
-967182
-967193
-967198
-967268
-967271
-967288
-967310
-967423
-967435
-967438
-967443
-967455
-967472
-967528
-967533
-967533
-967570
-967591
-967620
-967628
-967677
-967687
-967713
-967725
-967763
-967787
-967789
-967795
-967820
-967822
-967869
-967883
-967900
-967921
-967921
-967921
-967947
-967953
-967956
-967970
-967978
-967980
-967987
-967997
-968003
-968004
-968049
-968099
-968104
-968105
-968136
-968166
-968182
-968205
-968298
-968304
-968307
-968314
-968327
-968328
-968345
-968353
-968359
-968362
-968434
-968515
-968603
-968627
-968627
-968653
-968656
-968709
-968719
-968755
-968761
-968784
-968784
-968798
-968815
-968905
-968916
-968970
-969028
-969058
-969100
-969100
-969112
-969116
-969125
-969160
-969169
-969182
-969204
-969232
-969239
-969243
-969252
-969263
-969267
-969296
-969307
-969312
-969321
-969356
-969361
-969365
-969373
-969419
-969444
-969445
-969446
-969456
-969460
-969460
-969498
-969515
-969599
-969608
-969655
-969667
-969702
-969710
-969790
-969828
-969855
-969868
-969883
-969926
-969948
-969974
-969979
-970011
-970014
-970034
-970054
-970094
-970099
-970137
-970150
-970214
-970229
-970230
-970246
-970247
-970248
-970259
-970287
-970311
-970312
-970423
-970467
-970475
-970480
-970484
-970496
-970540
-970546
-970546
-970620
-970621
-970682
-970686
-970697
-970697
-970708
-970712
-970717
-970725
-970780
-970781
-970815
-970866
-970867
-970882
-970950
-970953
-970973
-970998
-970998
-970999
-970999
-971040
-971055
-971066
-971075
-971076
-971085
-971094
-971162
-971208
-971209
-971213
-971219
-971221
-971234
-971269
-971303
-971325
-971333
-971341
-971382
-971388
-971392
-971429
-971444
-971464
-971477
-971524
-971529
-971541
-971552
-971576
-971584
-971598
-971605
-971674
-971682
-971714
-971716
-971747
-971786
-971823
-971833
-971880
-971929
-971953
-971955
-972012
-972037
-972040
-972040
-972060
-972091
-972093
-972152
-972180
-972213
-972233
-972234
-972237
-972247
-972251
-972280
-972282
-972298
-972314
-972327
-972333
-972350
-972357
-972360
-972395
-972404
-972424
-972426
-972476
-972478
-972483
-972517
-972517
-972519
-972530
-972530
-972536
-972549
-972550
-972558
-972563
-972589
-972619
-972650
-972667
-972673
-972677
-972740
-972747
-972750
-972771
-972799
-972829
-972836
-972845
-972865
-972865
-972903
-972911
-972919
-972938
-972939
-972943
-972964
-972984
-973008
-973008
-973009
-973016
-973018
-973029
-973029
-973038
-973061
-973067
-973091
-973123
-973129
-973133
-973143
-973158
-973166
-973170
-973177
-973194
-973231
-973260
-973266
-973269
-973285
-973288
-973322
-973380
-973395
-973396
-973404
-973405
-973408
-973446
-973510
-973540
-973551
-973561
-973577
-973593
-973594
-973646
-973662
-973666
-973669
-973700
-973732
-973744
-973752
-973768
-973770
-973771
-973772
-973781
-973803
-973811
-973819
-973872
-973918
-973919
-973924
-973938
-973963
-973980
-974017
-974087
-974123
-974131
-974154
-974211
-974211
-974234
-974259
-974303
-974320
-974354
-974417
-974442
-974447
-974452
-974456
-974458
-974489
-974501
-974509
-974532
-974540
-974568
-974586
-974588
-974614
-974618
-974639
-974639
-974671
-974676
-974725
-974732
-974760
-974777
-974809
-974818
-974896
-974921
-974934
-974942
-974963
-974985
-975044
-975052
-975071
-975092
-975118
-975121
-975172
-975190
-975220
-975230
-975255
-975259
-975259
-975271
-975272
-975308
-975314
-975321
-975325
-975330
-975374
-975383
-975384
-975394
-975405
-975409
-975441
-975441
-975460
-975502
-975505
-975511
-975519
-975526
-975532
-975558
-975558
-975581
-975604
-975615
-975618
-975635
-975644
-975658
-975697
-975732
-975762
-975791
-975811
-975814
-975835
-975881
-975887
-975916
-975918
-975934
-975953
-975977
-976056
-976124
-976136
-976150
-976198
-976228
-976237
-976265
-976276
-976277
-976294
-976307
-976344
-976363
-976371
-976394
-976399
-976410
-976434
-976451
-976474
-976494
-976495
-976501
-976511
-976613
-976623
-976645
-976651
-976722
-976758
-976807
-976819
-976823
-976863
-976869
-976883
-976918
-976947
-976956
-976959
-976960
-976990
-977033
-977052
-977055
-977084
-977147
-977234
-977236
-977285
-977285
-977319
-977348
-977362
-977375
-977375
-977425
-977425
-977475
-977504
-977522
-977579
-977583
-977609
-977613
-977633
-977684
-977692
-977701
-977713
-977768
-977768
-977808
-977808
-977854
-977858
-977872
-977875
-977895
-977904
-977911
-977945
-977948
-977955
-978006
-978034
-978056
-978058
-978067
-978067
-978069
-978083
-978090
-978110
-978152
-978155
-978157
-978175
-978183
-978188
-978201
-978204
-978207
-978266
-978310
-978321
-978342
-978349
-978362
-978365
-978380
-978384
-978399
-978408
-978424
-978430
-978462
-978508
-978586
-978588
-978595
-978614
-978615
-978622
-978636
-978674
-978686
-978707
-978733
-978763
-978812
-978828
-978842
-978846
-978871
-978881
-978902
-978905
-978998
-979000
-979013
-979058
-979058
-979061
-979061
-979073
-979074
-979076
-979079
-979082
-979092
-979104
-979114
-979125
-979172
-979181
-979181
-979186
-979201
-979208
-979232
-979296
-979299
-979308
-979316
-979331
-979339
-979342
-979351
-979392
-979396
-979438
-979440
-979519
-979521
-979526
-979547
-979566
-979612
-979645
-979666
-979678
-979687
-979687
-979688
-979689
-979691
-979741
-979773
-979788
-979795
-979818
-979825
-979856
-979869
-979883
-979935
-979968
-979977
-979984
-980004
-980022
-980049
-980063
-980077
-980098
-980114
-980115
-980169
-980184
-980202
-980229
-980241
-980242
-980248
-980308
-980309
-980329
-980345
-980368
-980394
-980410
-980425
-980534
-980536
-980550
-980571
-980594
-980599
-980608
-980609
-980628
-980633
-980747
-980752
-980781
-980798
-980843
-980853
-980890
-980903
-980916
-980916
-980926
-980936
-980938
-980947
-980960
-981014
-981029
-981034
-981063
-981068
-981069
-981073
-981095
-981132
-981134
-981137
-981150
-981169
-981221
-981228
-981243
-981282
-981288
-981298
-981305
-981327
-981331
-981390
-981399
-981419
-981433
-981437
-981476
-981492
-981511
-981515
-981557
-981582
-981616
-981617
-981629
-981671
-981684
-981689
-981697
-981722
-981723
-981754
-981756
-981812
-981820
-981826
-981865
-981875
-981886
-981928
-981982
-981983
-981990
-982000
-982072
-982083
-982125
-982143
-982144
-982152
-982176
-982184
-982208
-982210
-982256
-982276
-982320
-982341
-982359
-982429
-982429
-982439
-982461
-982464
-982482
-982495
-982502
-982516
-982520
-982556
-982557
-982563
-982674
-982692
-982733
-982760
-982774
-982816
-982827
-982832
-982836
-982848
-982852
-982868
-982887
-982889
-982932
-982934
-982935
-982936
-982938
-982943
-982953
-982960
-982971
-983003
-983017
-983055
-983060
-983089
-983116
-983121
-983133
-983147
-983151
-983155
-983163
-983166
-983170
-983181
-983208
-983215
-983236
-983261
-983307
-983313
-983314
-983321
-983347
-983370
-983389
-983391
-983435
-983435
-983443
-983447
-983471
-983507
-983533
-983582
-983607
-983613
-983615
-983615
-983618
-983625
-983636
-983641
-983643
-983644
-983674
-983677
-983717
-983752
-983772
-983790
-983800
-983852
-983900
-983943
-983967
-983968
-983970
-983989
-983991
-984003
-984026
-984037
-984043
-984051
-984059
-984108
-984117
-984120
-984123
-984125
-984140
-984140
-984185
-984189
-984223
-984227
-984301
-984311
-984324
-984357
-984360
-984403
-984411
-984421
-984439
-984463
-984497
-984526
-984530
-984535
-984544
-984547
-984574
-984603
-984630
-984637
-984658
-984722
-984749
-984771
-984806
-984806
-984870
-984917
-984971
-984995
-985027
-985032
-985037
-985046
-985070
-985078
-985089
-985150
-985154
-985161
-985173
-985190
-985241
-985242
-985271
-985277
-985283
-985309
-985311
-985315
-985351
-985371
-985430
-985448
-985485
-985492
-985493
-985500
-985512
-985515
-985545
-985551
-985565
-985573
-985612
-985639
-985645
-985645
-985671
-985679
-985718
-985742
-985775
-985799
-985815
-985820
-985859
-985870
-985883
-985887
-985903
-985908
-985909
-985911
-985961
-986050
-986066
-986095
-986150
-986189
-986210
-986234
-986237
-986259
-986284
-986297
-986307
-986326
-986354
-986365
-986366
-986371
-986392
-986416
-986440
-986443
-986478
-986482
-986495
-986547
-986548
-986562
-986568
-986583
-986587
-986647
-986678
-986714
-986815
-986817
-986829
-986875
-986887
-986895
-986922
-986922
-986951
-986960
-986969
-987003
-987038
-987079
-987084
-987109
-987109
-987137
-987186
-987191
-987224
-987235
-987239
-987271
-987284
-987289
-987309
-987321
-987328
-987330
-987352
-987360
-987365
-987366
-987392
-987433
-987455
-987456
-987482
-987513
-987515
-987531
-987533
-987548
-987583
-987593
-987595
-987607
-987629
-987660
-987667
-987674
-987711
-987715
-987717
-987724
-987787
-987808
-987833
-987889
-987896
-987920
-987935
-987956
-987979
-987983
-988024
-988038
-988041
-988052
-988062
-988072
-988074
-988092
-988162
-988170
-988198
-988238
-988247
-988247
-988298
-988324
-988337
-988338
-988347
-988365
-988376
-988391
-988402
-988417
-988446
-988487
-988502
-988518
-988553
-988632
-988640
-988666
-988669
-988677
-988701
-988747
-988796
-988802
-988807
-988827
-988883
-988887
-988924
-988941
-988947
-988978
-989012
-989031
-989036
-989055
-989067
-989081
-989127
-989138
-989143
-989157
-989167
-989188
-989213
-989228
-989229
-989240
-989247
-989256
-989336
-989343
-989374
-989404
-989410
-989428
-989465
-989499
-989616
-989650
-989696
-989703
-989705
-989727
-989733
-989741
-989839
-989839
-989844
-989852
-989852
-989856
-989888
-989910
-989933
-989933
-989956
-989989
-989991
-989995
-990007
-990016
-990059
-990079
-990105
-990119
-990121
-990143
-990178
-990220
-990276
-990345
-990361
-990391
-990412
-990446
-990475
-990522
-990538
-990561
-990569
-990581
-990588
-990590
-990613
-990624
-990635
-990644
-990650
-990674
-990676
-990697
-990702
-990722
-990738
-990758
-990770
-990790
-990861
-990879
-990886
-990898
-990902
-990917
-990929
-990950
-990960
-990963
-990964
-990975
-991006
-991021
-991022
-991028
-991030
-991043
-991047
-991073
-991104
-991125
-991137
-991165
-991169
-991174
-991198
-991201
-991227
-991232
-991254
-991255
-991277
-991299
-991302
-991332
-991372
-991377
-991398
-991414
-991431
-991433
-991458
-991474
-991611
-991704
-991707
-991731
-991752
-991767
-991801
-991809
-991830
-991830
-991838
-991843
-991845
-991880
-991885
-991897
-991918
-991943
-991950
-991967
-991979
-992006
-992010
-992060
-992073
-992082
-992093
-992121
-992129
-992152
-992154
-992204
-992205
-992208
-992218
-992234
-992236
-992251
-992256
-992282
-992289
-992316
-992326
-992329
-992334
-992353
-992356
-992359
-992362
-992388
-992406
-992417
-992457
-992468
-992478
-992525
-992525
-992551
-992579
-992596
-992617
-992628
-992673
-992713
-992728
-992729
-992768
-992790
-992887
-992942
-992948
-992953
-992954
-992970
-992972
-992974
-992983
-993002
-993053
-993082
-993096
-993108
-993110
-993140
-993140
-993175
-993201
-993205
-993244
-993263
-993302
-993306
-993329
-993344
-993365
-993375
-993384
-993426
-993436
-993478
-993499
-993501
-993513
-993546
-993547
-993562
-993572
-993587
-993606
-993618
-993656
-993679
-993688
-993709
-993732
-993748
-993782
-993796
-993821
-993881
-993883
-993939
-993947
-993949
-994009
-994046
-994052
-994056
-994083
-994087
-994097
-994134
-994159
-994163
-994248
-994252
-994266
-994278
-994294
-994307
-994397
-994417
-994423
-994431
-994450
-994483
-994550
-994553
-994590
-994612
-994624
-994637
-994651
-994661
-994664
-994681
-994683
-994693
-994717
-994723
-994755
-994780
-994787
-994796
-994854
-994860
-994869
-994901
-994914
-994918
-994924
-994942
-994983
-994991
-994997
-995017
-995033
-995042
-995051
-995054
-995056
-995106
-995113
-995132
-995134
-995189
-995192
-995193
-995212
-995213
-995229
-995246
-995306
-995310
-995323
-995362
-995363
-995369
-995398
-995418
-995432
-995581
-995592
-995592
-995662
-995709
-995721
-995747
-995750
-995767
-995768
-995784
-995803
-995833
-995838
-995868
-995876
-995876
-995898
-995902
-995937
-995969
-995996
-995998
-996002
-996023
-996071
-996074
-996084
-996140
-996148
-996152
-996175
-996186
-996223
-996224
-996248
-996263
-996274
-996276
-996301
-996315
-996321
-996330
-996347
-996376
-996417
-996430
-996441
-996459
-996477
-996525
-996563
-996628
-996639
-996655
-996687
-996693
-996699
-996741
-996744
-996746
-996755
-996771
-996775
-996776
-996808
-996819
-996824
-996824
-996828
-996856
-996869
-996876
-996879
-996917
-996956
-996962
-996967
-996972
-996974
-997001
-997006
-997006
-997013
-997013
-997024
-997054
-997069
-997075
-997078
-997143
-997146
-997171
-997172
-997181
-997200
-997205
-997238
-997238
-997277
-997291
-997348
-997370
-997384
-997424
-997462
-997479
-997492
-997492
-997516
-997517
-997523
-997532
-997561
-997569
-997593
-997625
-997627
-997636
-997638
-997715
-997733
-997748
-997751
-997764
-997765
-997776
-997818
-997822
-997823
-997829
-997860
-997872
-997913
-997916
-997964
-997981
-997999
-998025
-998063
-998102
-998109
-998123
-998140
-998194
-998196
-998224
-998248
-998255
-998255
-998270
-998316
-998338
-998348
-998356
-998358
-998371
-998396
-998432
-998475
-998491
-998564
-998613
-998632
-998634
-998651
-998667
-998698
-998711
-998787
-998787
-998790
-998792
-998800
-998801
-998817
-998880
-998896
-998905
-998911
-998919
-998958
-998977
-998993
-998996
-999002
-999010
-999019
-999020
-999031
-999032
-999034
-999040
-999046
-999122
-999167
-999213
-999214
-999222
-999233
-999233
-999240
-999245
-999275
-999281
-999293
-999342
-999365
-999378
-999413
-999429
-999441
-999447
-999477
-999485
-999522
-999552
-999566
-999568
-999568
-999595
-999611
-999626
-999628
-999651
-999680
-999758
-999771
-999778
-999836
-999841
-999858
-999882
-999945
-999949
-999969
-999979
-999991
