999940
999917
999868
999655
999538
999484
999398
999389
999346
999338
999319
999273
999232
999185
999149
999043
999028
998989
998915
998806
998764
998711
998610
998570
998491
998481
998470
998466
998398
998392
998383
998300
998257
998166
998129
998069
998016
998002
997909
997890
997855
997804
997788
997739
997695
997561
997524
997345
997291
997269
997262
997236
997125
996959
996920
996857
996817
996748
996590
996456
996396
996261
996242
996056
995992
995935
995817
995764
995737
995721
995558
995483
995427
995258
995238
995198
995141
995122
995037
995026
994966
994946
994893
994756
994716
994536
994371
994370
994355
994262
994154
994039
993986
993982
993887
993815
993697
993588
993508
993397
993335
993313
993219
993191
993102
992957
992914
992895
992865
992793
992724
992632
992566
992519
992457
992332
992327
992246
992163
992152
992068
992025
991746
991725
991434
991379
991272
991242
991171
991093
990931
990887
990815
990801
990716
990710
990595
990468
990220
990091
989996
989946
989864
989856
989816
989749
989722
989683
989630
989627
989534
989513
989512
989403
989146
989113
989087
988872
988827
988695
988687
988669
988666
988575
988549
988479
988441
988413
988398
988153
988129
988109
988100
988002
987976
987941
987826
987772
987756
987614
987492
987474
987376
987283
987269
987189
987120
987090
987075
987071
987046
986852
986831
986806
986744
986646
986588
986560
986530
986460
986437
986354
986196
986185
986182
986025
985975
985874
985836
985753
985731
985662
985540
985516
985461
985443
985439
985070
984983
984951
984931
984927
984893
984890
984881
984787
984774
984741
984729
984716
984703
984644
984510
984495
984419
984416
984400
984258
984241
984201
984153
984076
984055
983943
983886
983751
983630
983630
983618
983617
983578
983532
983486
983461
983282
983222
983177
983106
982935
982905
982893
982835
982807
982797
982753
982741
982704
982582
982482
982479
982436
982397
982284
982169
982102
981962
981831
981773
981757
981727
981726
981705
981647
981548
981476
981430
981429
981343
981323
981298
981269
981201
981138
981097
981090
981086
980902
980878
980869
980860
980860
980850
980797
980582
980543
980449
980441
980412
980410
980338
980255
980243
980149
980066
979975
979741
979726
979617
979591
979562
979544
979372
979347
979135
979115
979022
978892
978871
978843
978807
978781
978741
978651
978561
978457
978345
978290
978240
978225
978221
978216
978205
978171
978094
978078
978055
977968
977963
977878
977869
977858
977681
977639
977631
977619
977593
977492
977478
977336
977294
977205
977202
977189
977162
977120
977083
976932
976931
976904
976881
976839
976783
976774
976684
976682
976465
976368
976357
976336
976335
976118
976031
975988
975827
975690
975552
975421
975227
975195
975194
975185
975156
975134
975045
975036
975027
975015
974759
974661
974659
974552
974514
974463
974463
974124
974090
974045
973923
973907
973894
973870
973749
973673
973634
973599
973570
973481
973462
973336
973321
973268
973257
973218
973141
973057
972835
972834
972744
972709
972643
972637
972568
972235
972177
972150
972141
972053
972031
972002
971974
971964
971913
971580
971470
971369
971358
971280
971174
971158
971102
971026
971025
970673
970556
970480
970389
970294
970281
970264
970242
970236
970168
970149
970118
969969
969964
969898
969868
969832
969529
969509
969439
969379
969345
969316
969282
969213
969191
969099
968958
968856
968768
968762
968759
968645
968634
968627
968620
968514
968490
968477
968409
968404
968329
968309
968151
968140
968115
968080
968045
968034
968028
967916
967868
967787
967646
967581
967551
967369
967222
967192
967144
967135
967081
967002
966971
966925
966901
966888
966884
966879
966867
966658
966637
966572
966352
966341
966323
966299
966255
966220
966219
966208
966084
965979
965963
965828
965792
965698
965661
965647
965627
965556
965512
965414
965311
965166
965143
965021
964905
964760
964714
964404
964374
964325
964294
964292
964246
964095
963973
963945
963854
963842
963807
963804
963795
963679
963644
963634
963620
963585
963579
963527
963470
963462
963432
963375
963343
963210
963095
963002
962807
962804
962751
962712
962710
962685
962675
962600
962572
962360
962349
962337
962202
962171
962165
962118
962088
961991
961940
961937
961902
961827
961745
961695
961571
961548
961503
961491
961375
961352
961074
961072
960975
960860
960784
960702
960684
960521
960519
960487
960478
960394
960321
960012
959967
959914
959794
959765
959762
959646
959584
959469
959409
959305
959202
959175
959041
958784
958751
958609
958519
958473
958456
958436
958238
958203
958047
958045
957928
957777
957775
957767
957743
957741
957687
957635
957612
957573
957415
957387
957374
957359
957306
957195
957085
956925
956726
956653
956653
956648
956646
956565
956546
956457
956410
956408
956378
956351
956309
956256
956254
956244
956175
956013
955923
955817
955806
955660
955653
955643
955489
955405
955331
955317
955277
955228
955090
955016
955005
954961
954948
954871
954752
954574
954544
954404
954071
954038
953893
953858
953803
953750
953738
953736
953730
953669
953473
953413
953387
953275
953126
953092
953079
953044
953032
953014
952867
952797
952737
952625
952605
952487
952458
952442
952423
952406
952396
952217
952131
952130
952089
952078
951795
951737
951696
951590
951428
951366
951363
951279
951165
951162
951102
951052
950762
950760
950637
950626
950580
950567
950474
950466
950460
950435
950429
950419
950404
950346
950319
950290
950185
950132
950130
950033
949879
949878
949793
949780
949750
949736
949730
949617
949542
949509
949445
949400
949100
948922
948793
948783
948762
948609
948568
948491
948461
948347
948331
948262
948229
948215
948176
948050
947744
947645
947639
947609
947494
947448
947307
947267
947148
946837
946659
946282
946232
946181
946035
945980
945895
945754
945740
945722
945647
945554
945537
945522
945483
945441
945414
945403
945399
945383
945345
945304
945287
945249
945216
945135
945077
944894
944873
944775
944771
944698
944642
944614
944609
944548
944480
944465
944464
944409
944339
944338
944268
944228
944214
944155
943992
943946
943754
943655
943304
943227
943044
942904
942824
942816
942637
942390
942352
942312
942300
942281
942261
942241
942212
942148
942091
942076
942040
941974
941948
941935
941889
941883
941820
941807
941776
941677
941673
941655
941591
941489
941379
941280
941177
941161
941151
941134
941103
941099
940998
940993
940987
940960
940938
940919
940907
940833
940820
940817
940811
940805
940771
940711
940641
940624
940417
940399
940330
940327
940258
940234
940202
940163
940159
940139
940094
939945
939872
939858
939706
939632
939622
939561
939479
939435
939422
939182
939108
939101
938925
938880
938816
938742
938681
938676
938630
938497
938466
938431
938428
938387
938370
938255
938179
938169
938131
938128
938112
938084
938020
937999
937959
937947
937915
937877
937864
937857
937851
937833
937576
937571
937570
937537
937443
937436
937310
937292
937288
937264
937249
936961
936908
936905
936802
936662
936604
936566
936530
936480
936445
936298
936171
935914
935737
935682
935630
935498
935430
935395
935334
935283
935267
935082
934936
934896
934895
934799
934643
934526
934449
934383
934176
934156
934064
933975
933972
933926
933857
933818
933804
933790
933766
933707
933700
933663
933657
933655
933592
933586
933569
933529
933523
933469
933390
933337
933278
933265
933257
933236
933176
933156
933135
933112
933040
932989
932822
932698
932598
932517
932156
932146
932027
932022
931971
931928
931895
931804
931771
931732
931702
931486
931453
931435
931364
931109
931054
931025
931019
930956
930846
930833
930727
930673
930607
930587
930550
930524
930480
930434
930432
930430
930415
930345
930325
930294
930236
930199
930154
930135
930033
929810
929745
929721
929719
929681
929494
929440
929315
929237
929236
929187
929178
929128
929083
929040
928972
928958
928934
928874
928654
928609
928572
928516
928458
928424
928380
928328
928321
928288
928251
928249
928244
928168
928064
927907
927831
927825
927748
927693
927684
927577
927572
927507
927474
927414
927388
927361
927355
927221
927103
927059
926958
926945
926918
926787
926742
926708
926662
926655
926572
926349
926280
926121
926053
925999
925991
925830
925738
925674
925611
925609
925450
925441
925296
925121
925119
925052
925040
925035
925032
924926
924741
924724
924485
924485
924461
924442
924249
924144
924118
924104
924084
924033
923888
923886
923866
923707
923698
923649
923621
923589
923543
923504
923330
923123
922887
922879
922746
922736
922651
922601
922562
922515
922486
922472
922462
922386
922367
922285
922221
922205
922127
922084
922069
922063
922040
921959
921953
921833
921756
921707
921681
921654
921640
921634
921589
921382
921380
921369
921351
921300
921267
921072
921043
921036
920881
920804
920786
920698
920639
920619
920522
920483
920380
920301
920298
920290
920270
920238
920210
920110
920093
919996
919849
919638
919475
919438
919346
919312
919260
919180
919172
919094
919082
918994
918991
918989
918898
918722
918688
918634
918591
918586
918563
918540
918462
918442
918303
918221
918201
918192
918037
917904
917903
917891
917882
917787
917757
917702
917641
917532
917477
917429
917394
917172
917155
917067
916957
916877
916855
916826
916786
916767
916753
916568
916553
916509
916388
916177
916173
916146
916129
916052
916026
916005
915943
915890
915886
915833
915810
915674
915606
915586
915569
915530
915502
915433
915381
915213
915212
915179
915177
915149
915002
914990
914922
914874
914851
914798
914791
914418
914304
914260
914250
914089
914048
914029
914025
913989
913960
913948
913878
913737
913668
913516
913445
913407
913345
913244
913233
913178
913141
913103
912959
912939
912836
912726
912709
912664
912633
912608
912575
912568
912403
912399
912380
912363
912355
912314
912256
912211
912140
912038
911960
911756
911596
911580
911434
911378
911308
911196
911162
911094
910925
910911
910902
910871
910844
910642
910616
910560
910468
910357
910345
910336
910318
910103
910012
910007
909948
909880
909858
909844
909833
909442
909417
909382
909378
909364
909250
909210
909188
909148
909089
908987
908982
908968
908968
908954
908859
908793
908743
908731
908723
908709
908678
908601
908551
908471
908465
908390
908362
908359
908290
908235
907930
907782
907709
907688
907574
907531
907296
907228
907208
907088
907072
906948
906875
906599
906533
906516
906342
906307
906255
906250
906165
906119
906118
906078
906067
906032
905946
905863
905820
905734
905645
905635
905628
905564
905548
905541
905498
905378
905219
905190
905087
905044
904945
904810
904785
904768
904696
904643
904348
904336
904309
904243
904230
904220
904175
904172
904112
904044
903967
903954
903835
903816
903799
903750
903587
903480
903460
903443
903395
903381
903354
903210
903182
903158
903080
902671
902535
902297
902265
902203
902154
902153
902130
902114
902104
901968
901882
901564
901529
901238
901028
900995
900950
900927
900888
900852
900658
900656
900543
900533
900342
900313
900169
900061
900047
900017
900011
899773
899738
899728
899703
899700
899521
899508
899414
899404
899325
899307
899262
899210
899115
899059
898999
898856
898645
898594
898553
898510
898457
898448
898349
898349
898298
898272
898225
898170
898066
898003
897947
897944
897782
897764
897661
897648
897618
897495
897490
897459
897394
897383
897349
897338
897334
897322
897201
897133
897090
897003
896991
896963
896890
896781
896652
896598
896485
896389
896251
896246
896218
896182
896143
896080
895950
895934
895920
895862
895850
895830
895754
895692
895632
895577
895568
895557
895532
895419
895386
895367
895187
895143
895143
895092
895053
894968
894598
894581
894428
894408
894391
894377
894357
894356
894152
894119
894107
893968
893879
893759
893631
893417
893405
893370
893342
893177
893057
893039
893011
892999
892970
892851
892805
892731
892507
892484
892470
892257
892253
892241
892178
892128
892088
892074
892039
892016
891682
891618
891567
891544
891516
891465
891442
891249
891149
891080
890970
890949
890934
890787
890436
890315
890279
890150
890138
890138
889936
889861
889720
889431
889410
889311
889266
889253
889190
889073
889069
889041
889039
889025
889010
888901
888731
888693
888670
888635
888634
888533
888444
888437
888427
888409
888350
888342
888332
888325
888292
888255
888188
888139
888037
887967
887896
887760
887570
887540
887539
887312
887232
887150
887013
886961
886947
886932
886816
886791
886715
886710
886624
886365
886319
886313
886298
886295
886286
886196
886181
886137
886106
886053
885997
885995
885967
885898
885824
885812
885782
885685
885558
885424
885371
885251
885167
885117
885080
885030
885020
885010
884993
884989
884968
884934
884868
884811
884774
884696
884676
884616
884550
884474
884426
884410
884380
884371
884244
884242
884207
884207
884148
884117
884084
884075
883989
883976
883922
883665
883581
883521
883390
883367
883332
883297
883092
883087
883074
883057
882822
882813
882772
882452
882430
882423
882361
882334
882198
882045
882032
881991
881977
881974
881947
881889
881873
881864
881861
881789
881685
881617
881562
881549
881532
881523
881265
881144
881133
881104
881080
881003
880936
880819
880785
880774
880773
880760
880738
880717
880714
880704
880698
880434
880405
880381
880159
880122
880116
880025
880012
879939
879906
879813
879732
879640
879569
879561
879488
879454
879446
879384
879223
879185
879170
879061
878941
878932
878885
878749
878673
878622
878534
878506
878493
878406
878397
878396
878140
878117
878080
877955
877874
877864
877822
877718
877677
877554
877532
877374
877368
877332
877257
877208
877206
876963
876916
876712
876581
876484
876478
876414
876355
876350
876310
876258
876214
876198
876113
875978
875889
875841
875746
875420
875394
875331
875274
875263
875042
875021
874999
874954
874950
874919
874808
874729
874699
874649
874451
874423
874305
874267
874113
874078
874059
874056
874046
873973
873808
873796
873762
873746
873654
873588
873381
873368
873260
873193
873140
873052
873003
872939
872884
872880
872873
872753
872690
872682
872674
872522
872509
872466
872465
872426
872357
872048
871990
871958
871881
871837
871806
871739
871715
871679
871567
871489
871435
871386
871370
871349
871326
871322
871313
871274
871264
871061
870960
870950
870935
870898
870817
870795
870713
870649
870649
870484
870404
870358
869909
869858
869816
869735
869731
869607
869529
869393
869351
869235
869209
869125
869088
868924
868876
868776
868717
868702
868610
868563
868541
868536
868479
868466
868435
868412
868405
868341
868310
868309
868300
868222
867834
867826
867742
867700
867650
867599
867593
867554
867543
867468
867381
867354
867317
867238
867108
867094
867028
866907
866828
866719
866500
866450
866343
866330
866059
866002
865997
865993
865914
865889
865786
865782
865741
865675
865651
865542
865497
865426
865336
865315
865305
865251
865217
865091
865080
865054
865004
864986
864765
864742
864737
864725
864595
864553
864491
864469
864309
864179
864168
864136
864122
864105
864002
863925
863828
863705
863688
863646
863642
863610
863606
863513
863480
863472
863429
863354
863235
863176
863145
862943
862878
862730
862538
862491
862447
862321
862249
862233
862230
862204
862152
862118
862087
861978
861652
861613
861584
861331
861220
861189
861175
861134
861129
861079
861034
861008
860961
860900
860852
860839
860616
860501
860465
860439
860434
860426
860301
860298
860264
860244
860110
860046
859940
859781
859752
859746
859679
859667
859663
859585
859531
859516
859514
859478
859456
859328
859302
859229
859187
859135
859076
859043
858952
858950
858913
858845
858832
858684
858634
858592
858463
858413
858320
858261
858253
858239
858182
858108
858087
858077
858058
857714
857580
857521
857496
857377
857353
857343
857328
857271
857253
857168
857081
857064
856909
856902
856781
856718
856558
856520
856510
856466
856380
856341
856218
856099
856006
855933
855844
855819
855806
855756
855631
855558
855510
855496
855408
855280
855239
855227
854977
854904
854902
854797
854760
854695
854592
854563
854517
854444
854168
854097
854058
853871
853824
853677
853610
853560
853463
853381
853291
853122
853090
853082
853060
853039
853024
852909
852901
852896
852887
852865
852821
852785
852754
852744
852703
852593
852565
852431
852398
852244
852191
852161
852145
852107
852079
852044
852024
851858
851621
851548
851540
851537
851428
851345
851303
851297
851285
851284
851200
851115
851113
851097
851020
850946
850910
850905
850861
850838
850823
850769
850705
850532
850506
850442
850376
850357
850332
850125
850072
849986
849945
849933
849932
849828
849799
849765
849700
849688
849674
849663
849631
849593
849505
849346
849320
849216
849185
849127
849106
849045
849006
848977
848949
848856
848749
848739
848677
848641
848595
848551
848328
848250
848246
848084
848022
848006
847998
847967
847910
847909
847842
847738
847629
847592
847529
847354
847328
847284
847241
847232
847111
847061
847004
846999
846981
846971
846898
846866
846838
846691
846684
846608
846545
846401
846364
846253
846196
846193
845922
845785
845612
845480
845411
845403
845279
845235
845158
845156
845149
845097
845090
845078
845050
845003
844990
844978
844871
844809
844808
844759
844758
844753
844709
844666
844606
844543
844499
844453
844433
844406
844402
844401
844275
844102
844022
843975
843956
843928
843815
843654
843621
843545
843485
843462
843447
843408
843353
843327
843327
843323
843294
843209
843139
843055
842877
842836
842711
842488
842468
842448
842402
842375
842365
842324
842318
842308
842107
842106
842099
841935
841934
841859
841842
841807
841352
841351
841290
841287
841272
841271
841262
841222
841083
840895
840640
840585
840475
840414
840325
840255
840235
840154
840075
840066
839992
839987
839885
839882
839822
839802
839786
839704
839613
839403
839167
839138
838989
838901
838877
838848
838843
838809
838805
838784
838738
838686
838665
838663
838492
838422
838407
838245
838199
837984
837981
837908
837888
837864
837835
837706
837703
837653
837633
837594
837511
837314
837203
837125
837124
837073
837046
836946
836859
836699
836568
836492
836323
836274
836235
836218
836156
836147
836007
835834
835689
835603
835517
835246
835179
835133
835063
834929
834928
834826
834821
834792
834675
834670
834614
834541
834538
834528
834524
834392
834366
834223
834222
834139
834091
834049
833956
833854
833670
833563
833477
833455
833172
833141
833089
833057
832879
832867
832864
832822
832804
832789
832700
832603
832601
832510
832505
832203
832173
832152
832129
832090
832082
832037
831687
831683
831661
831581
831566
831513
831397
831384
831377
831326
831193
831162
831098
831055
830923
830898
830867
830762
830710
830665
830659
830553
830515
830473
830417
830403
830357
830297
830249
830212
830209
830157
830152
830062
829851
829847
829597
829560
829499
829469
829400
829291
829163
829067
828757
828626
828625
828558
828531
828520
828467
828410
828245
828194
828175
828173
828157
828132
828044
828021
827895
827789
827789
827760
827644
827635
827510
827330
827305
827250
827231
827229
827175
827087
826828
826753
826721
826692
826672
826603
826461
826401
826388
826359
826358
826320
826174
825899
825881
825502
825454
825349
825195
825139
824998
824964
824853
824847
824786
824775
824688
824639
824627
824560
824518
824484
824319
824274
824239
824223
824208
824180
824142
824130
824079
824059
824047
824027
823965
823606
823555
823439
823379
823228
823145
823145
823036
822948
822816
822669
822594
822542
822471
822421
822384
822353
822230
822181
822152
822062
821917
821843
821778
821546
821488
821467
821375
821370
821355
821341
821331
821299
821052
820969
820950
820919
820890
820763
820577
820539
820374
820362
820329
820313
820228
819953
819841
819761
819748
819700
819663
819637
819608
819487
819449
819447
819356
819341
819075
819011
819008
818968
818958
818830
818823
818821
818770
818657
818584
818522
818504
818227
818119
818087
818012
817988
817937
817917
817860
817822
817821
817750
817732
817685
817663
817639
817563
817552
817541
817442
817356
817295
817246
817242
817219
817194
817073
816890
816846
816790
816608
816581
816577
816339
816184
816181
816033
815980
815861
815802
815691
815682
815679
815599
815520
815463
815404
815387
815370
815273
815210
815166
814989
814959
814958
814818
814816
814804
814571
814482
814310
814266
814262
814260
814148
814129
814035
814023
813924
813853
813715
813629
813603
813579
813535
813497
813468
813463
813251
813061
813018
813015
812948
812860
812836
812739
812443
812280
812232
812170
812089
812077
812076
812047
811812
811752
811719
811505
811449
811425
811339
811332
811149
811072
811068
811054
811040
810723
810423
810305
810214
810195
809935
809930
809832
809651
809563
809540
809491
809413
809396
809387
809372
809142
809064
808975
808759
808559
808546
808546
808436
808299
808293
808291
808225
808163
808096
808084
808055
808040
807938
807849
807828
807785
807768
807651
807588
807581
807565
807524
807458
807427
807400
807378
807289
807281
807252
807230
806953
806891
806840
806832
806804
806767
806753
806734
806721
806677
806572
806569
806536
806528
806519
806498
806368
806307
806307
806121
806119
806040
806038
806000
805581
805531
805502
805460
805394
805329
805327
805230
805199
805188
805175
804989
804907
804893
804808
804805
804799
804781
804709
804613
804358
804332
804266
804249
804195
804170
804148
804128
804053
803935
803925
803850
803813
803734
803725
803692
803593
803569
803566
803467
803440
803133
803004
802935
802739
802717
802634
802595
802529
802480
802269
802158
802063
801990
801599
801429
801395
801207
801189
801087
801077
801071
801001
800880
800860
800795
800759
800353
800301
800155
799994
799829
799811
799712
799573
799493
799369
799238
799222
799205
799174
799159
799047
798831
798814
798800
798748
798654
798580
798576
798560
798540
798523
798495
798461
798442
798317
798301
798251
798243
798229
798227
798077
798039
797969
797963
797822
797810
797776
797771
797708
797589
797556
797513
797411
797217
797137
796941
796926
796858
796781
796614
796604
796537
796417
796365
796342
796271
796202
796171
796149
796091
795933
795891
795890
795880
795879
795839
795765
795665
795632
795496
795393
795366
795322
795231
795203
795070
795005
794926
794868
794677
794647
794640
794496
794485
794456
794381
794278
794257
794182
794179
793970
793882
793748
793719
793687
793680
793649
793562
793530
793359
793347
793275
793234
793026
793025
792981
792974
792953
792918
792833
792804
792801
792670
792593
792467
792371
792271
792244
792170
792151
791962
791874
791808
791792
791648
791594
791491
791483
791386
791256
791252
791173
791157
791151
791061
791057
790970
790950
790906
790833
790797
790782
790734
790670
790633
790558
790545
790522
790451
790439
790318
790287
790120
790111
790050
789912
789751
789745
789730
789676
789671
789665
789638
789563
789525
789442
789302
789060
789040
788967
788892
788888
788487
788289
788287
788140
788091
788060
788009
787994
787974
787889
787885
787876
787793
787716
787694
787692
787626
787601
787557
787528
787410
787360
787312
787248
787109
787099
786983
786982
786976
786943
786898
786894
786859
786842
786744
786632
786456
786339
786137
786109
786084
786004
785865
785813
785786
785751
785677
785617
785354
785285
785162
785121
784936
784821
784782
784726
784724
784523
784483
784383
784352
784336
784331
784327
784305
784295
784276
784233
784220
784181
784154
784006
783981
783896
783782
783722
783603
783568
783518
783515
783482
783412
783362
783322
783303
783247
783241
783078
783029
782957
782945
782896
782802
782648
782500
782328
781958
781927
781919
781903
781898
781842
781820
781750
781733
781700
781692
781604
781583
781517
781492
781430
781382
781309
781308
781264
781155
781098
780978
780962
780957
780939
780885
780824
780777
780470
780437
780234
780104
780091
780018
779994
779942
779850
779799
779773
779734
779607
779559
779559
779499
779447
779411
779341
779176
779089
778911
778597
778537
778524
778514
778473
778468
778449
778415
778257
778236
778220
778172
778166
778053
778050
778030
777995
777908
777878
777831
777784
777783
777762
777663
777483
777447
777294
777216
777155
777155
777089
777083
777038
776943
776921
776906
776892
776601
776437
776417
776391
776369
776320
776257
776184
776160
776056
776020
776016
775977
775958
775953
775930
775871
775823
775734
775685
775669
775568
775522
775454
775340
775240
775209
775143
775128
775009
774827
774702
774649
774647
774543
774537
774531
774517
774503
774381
774366
774196
774178
774161
774161
774160
774092
774086
774024
773977
773940
773818
773773
773604
773420
773404
773364
773338
773238
773205
773199
773191
773091
773089
772825
772813
772802
772790
772724
772649
772616
772610
772573
772456
772409
772409
772406
772400
772389
772376
772376
772305
772164
772086
771981
771944
771870
771857
771793
771743
771482
771473
771458
771365
771289
771101
770978
770972
770529
770501
770486
770424
770325
770080
769956
769948
769885
769872
769825
769739
769732
769728
769705
769676
769676
769595
769549
769231
769197
769179
769132
769041
769006
768944
768911
768911
768901
768845
768780
768716
768683
768666
768660
768590
768588
768558
768467
768394
768392
768392
768303
768249
768232
768180
768165
768136
768095
768056
767987
767918
767832
767723
767653
767586
767570
767560
767495
767492
767441
767306
767255
767215
767213
767010
766908
766878
766753
766718
766653
766629
766532
766506
766302
766264
766194
766175
765990
765894
765877
765874
765865
765571
765429
765345
765195
765186
765170
765151
765124
765054
765002
764907
764665
764546
764361
764134
764075
764056
763929
763900
763809
763790
763760
763718
763704
763581
763537
763503
763479
763474
763406
763388
763237
763172
763107
763100
762920
762858
762814
762808
762722
762624
762604
762559
762440
762376
762296
762279
762136
762121
762079
762054
762043
762021
762008
761994
761959
761926
761752
761713
761671
761664
761637
761629
761590
761532
761143
761128
761005
760966
760960
760924
760878
760734
760680
760633
760612
760581
760529
760525
760509
760499
760402
760396
760316
760222
760191
760189
760108
759989
759950
759816
759797
759632
759598
759515
759484
759456
759450
759425
759386
759330
759273
759267
759259
758952
758866
758816
758728
758616
758572
758494
758482
758279
758235
758052
758020
757966
757936
757805
757797
757726
757695
757618
757489
757479
757472
757464
757399
757302
757253
757092
757069
757067
757041
757027
756998
756956
756921
756877
756818
756743
756730
756572
756538
756405
756347
756273
756202
756183
756175
756119
756096
756057
756017
755759
755645
755500
755498
755458
755449
755447
755441
755405
755233
755170
754999
754917
754877
754856
754695
754607
754584
754557
754532
754484
754476
754320
754200
754176
754105
754069
753975
753777
753639
753598
753435
753423
753361
753336
753268
753267
753238
753155
753138
753073
753013
752966
752858
752729
752604
752591
752569
752540
752530
752387
752383
752350
752231
752223
752156
752145
752067
752023
751956
751811
751782
751724
751718
751475
751449
751442
751437
751422
751382
751367
751350
751337
751303
751288
751192
751157
751153
751111
751025
750935
750811
750787
750775
750742
750651
750600
750552
750534
750507
750450
750423
750321
750255
750184
750176
749920
749864
749670
749645
749271
749247
749171
749093
749083
749020
748995
748983
748966
748846
748827
748821
748821
748722
748665
748652
748594
748535
748526
748478
748427
748203
748039
748013
747834
747820
747809
747763
747751
747715
747693
747690
747663
747660
747544
747472
747425
747424
747297
747269
747263
747204
747154
747053
747038
746952
746916
746765
746740
746645
746598
746591
746565
746515
746465
746437
746383
746278
746138
746119
746090
746073
745923
745874
745851
745829
745777
745406
745304
745264
745258
745181
745136
745110
745082
744832
744766
744762
744735
744714
744654
744534
744429
744272
744211
744156
743786
743749
743691
743564
743527
743462
743400
743282
743214
743206
743192
743154
743144
743111
743059
743011
742938
742862
742586
742491
742385
742371
742358
742328
742214
742153
742068
742051
741965
741864
741854
741696
741624
741588
741526
741481
741453
741395
741385
741358
741325
741312
740927
740921
740889
740804
740732
740730
740454
740445
740260
740138
740137
740118
740005
739792
739762
739740
739731
739723
739607
739591
739541
739400
739334
739313
739123
739046
739040
738992
738940
738925
738836
738784
738577
738569
738555
738539
738460
738418
738364
738337
738234
737981
737943
737786
737576
737544
737541
737540
737365
737203
736958
736882
736817
736744
736681
736557
736554
736541
736403
736314
736309
736287
736220
736187
736185
736110
736058
736056
735992
735895
735888
735790
735771
735714
735692
735664
735634
735633
735620
735581
735578
735516
735447
735398
735351
735294
735294
735194
734963
734895
734682
734673
734542
734452
734450
734407
734243
734237
734214
734213
734202
734195
734105
734097
733953
733894
733866
733828
733807
733752
733739
733668
733538
733471
733466
733321
733293
733254
733090
732739
732626
732466
732336
732126
732085
732012
731955
731778
731778
731704
731484
731422
731408
731407
731299
731289
731264
731230
731157
731080
731050
731026
730997
730906
730857
730843
730774
730713
730669
730568
730531
730517
730486
730420
730341
730316
730295
730193
730176
730171
730094
730079
730063
730057
730011
730011
729996
729946
729900
729854
729830
729717
729714
729695
729648
729614
729524
729501
729484
729273
729095
728979
728857
728803
728754
728729
728596
728392
728375
728365
728335
728214
728213
728174
728173
728119
728099
728093
727785
727772
727697
727645
727620
727519
727362
727353
727205
727190
727067
726987
726958
726774
726758
726651
726571
726548
726399
726391
726261
726198
726140
726039
726038
725959
725934
725834
725741
725497
725451
725396
725382
725247
725187
725053
724873
724760
724702
724570
724553
724514
724389
724303
724269
724131
724096
724093
724083
724016
723969
723947
723903
723900
723887
723878
723876
723825
723763
723594
723576
723178
723142
723003
722996
722979
722895
722853
722761
722634
722591
722490
722459
722456
722436
722419
722410
722311
722285
722283
722276
722127
722086
722084
722072
721873
721819
721808
721785
721784
721750
721559
721520
721489
721486
721484
721278
721141
721133
721019
720979
720978
720954
720949
720926
720917
720916
720677
720647
720592
720548
720470
720467
720409
720397
720343
720301
720228
720196
720102
720068
720021
719915
719912
719883
719858
719804
719797
719753
719707
719599
719564
719509
719424
719401
719345
719243
719192
719170
719138
719075
718903
718781
718697
718696
718670
718632
718547
718468
718438
718432
718366
718341
718215
718062
717897
717800
717664
717631
717539
717517
717312
717260
717207
717183
717170
717146
717128
717081
716988
716696
716599
716485
716439
716423
716375
715996
715892
715876
715852
715707
715652
715628
715613
715611
715538
715316
715118
715046
714993
714968
714931
714716
714648
714596
714533
714296
714259
714247
714234
714135
714133
714072
713921
713882
713749
713683
713567
713479
713451
713440
713386
713329
713272
713243
713138
713137
712885
712855
712845
712830
712780
712686
712639
712478
712402
712399
712234
712144
712118
712073
712062
711880
711699
711565
711468
711419
711390
711251
711178
711054
711009
710863
710720
710718
710710
710688
710460
710379
710250
710249
710200
710134
710126
710105
709998
709802
709757
709713
709707
709697
709673
709661
709610
709515
709441
709284
709234
709164
709092
709034
708836
708753
708700
708668
708657
708597
708516
708501
708472
708381
708329
708280
708206
708197
708119
708054
707972
707810
707649
707615
707460
707341
707327
707124
707104
707052
706657
706656
706572
706523
706414
706203
706138
706137
706130
706040
706035
705838
705705
705693
705672
705652
705648
705615
705430
705409
705344
705183
705172
705118
705093
704959
704942
704820
704770
704747
704735
704731
704665
704657
704638
704494
704467
704430
704368
704306
704286
704199
704121
704095
704085
704027
703691
703686
703648
703532
703476
703290
703266
703197
703088
703086
703079
702950
702797
702517
702504
702333
702291
702209
702187
702179
702122
701847
701815
701704
701600
701591
701540
701517
701511
701483
701460
701410
701333
701297
701293
701195
701135
700906
700883
700819
700784
700701
700669
700615
700598
700594
700417
700410
700360
700277
700215
699758
699742
699669
699549
699536
699383
699276
699271
699234
699182
699141
699121
699073
699029
698922
698905
698794
698767
698747
698726
698679
698530
698465
698427
698416
698330
698148
698114
698080
697881
697834
697807
697804
697731
697666
697573
697517
697453
697344
697285
697124
697044
696834
696796
696744
696722
696712
696566
696336
696289
696236
696132
695999
695908
695858
695637
695609
695585
695563
695562
695540
695225
695091
695047
694718
694697
694683
694626
694617
694599
694583
694553
694472
694316
694246
694075
693923
693767
693676
693626
693534
693455
693445
693410
693410
693384
693375
693323
693298
693270
693270
693086
693036
692976
692923
692841
692769
692616
692592
692533
692338
692291
692221
692185
692113
692041
691957
691899
691834
691798
691737
691729
691699
691673
691636
691580
691464
691416
691362
691344
691217
691148
691106
690987
690634
690633
690535
690484
690412
690378
690352
690188
690183
690172
690135
690093
690085
690058
690057
690037
689818
689813
689781
689655
689535
689447
689441
689438
689401
689381
689351
689336
689324
689313
689253
689237
689195
689170
689155
689071
688944
688898
688896
688873
688835
688789
688640
688610
688610
688598
688549
688536
688518
688281
688202
688098
688075
688015
688009
687998
687690
687683
687646
687563
687513
687512
687444
687363
687263
687252
687191
687180
687125
687049
686986
686817
686800
686797
686670
686648
686637
686630
686614
686607
686536
686487
686467
686340
686313
686307
686217
686199
686195
686093
686031
685797
685783
685743
685420
685222
685157
685148
685125
684978
684960
684917
684867
684858
684780
684746
684604
684598
684524
684412
684205
684175
684126
683931
683714
683679
683670
683573
683552
683548
683509
683498
683439
683431
683356
683242
683238
683187
683135
683122
683113
683064
683048
683033
682777
682768
682675
682639
682616
682553
682535
682499
682463
682433
682398
682275
682240
682232
682217
682003
681976
681866
681846
681692
681654
681641
681632
681624
681457
681102
680958
680834
680653
680547
680530
680517
680187
680149
680137
680132
680126
680092
680010
679955
679933
679925
679478
679383
679278
679119
679080
678984
678814
678707
678582
678500
678414
678323
678304
678165
678137
678125
678061
677683
677656
677648
677580
677517
677501
677476
677405
677243
677231
677107
677055
676906
676850
676728
676688
676686
676657
676609
676583
676582
676486
676406
676163
676142
676140
676055
676037
675694
675692
675585
675578
675471
675446
675387
675313
675282
675250
675174
675093
674983
674931
674929
674927
674846
674833
674632
674594
674454
674435
674400
674294
674227
674202
674152
674092
674001
673793
673765
673650
673628
673510
673481
673433
673398
673392
673377
673263
673241
673217
673184
673168
673162
673019
672992
672956
672897
672571
672508
672353
672168
672083
671911
671715
671582
671528
671486
671391
671303
671279
671245
671232
671220
671158
671110
671102
671053
671049
670940
670922
670909
670874
670866
670860
670854
670850
670840
670831
670793
670603
670548
670538
670425
670320
670294
670239
670053
670029
669956
669939
669769
669766
669704
669686
669655
669645
669621
669620
669611
669608
669541
669535
669514
669476
669476
669403
669348
669314
669250
669212
669209
668986
668931
668923
668861
668754
668689
668682
668596
668544
668491
668123
668104
668057
667946
667925
667587
667535
667317
667256
667213
667174
667091
666903
666903
666897
666857
666827
666792
666682
666680
666428
666046
665902
665877
665843
665726
665623
665482
665375
665339
665262
665245
665244
665235
665219
665033
664996
664874
664864
664830
664656
664576
664538
664454
664376
664235
664142
664058
664035
664018
664014
664009
663928
663727
663713
663677
663662
663587
663570
663558
663457
663344
663341
663258
663254
663173
663146
663096
663050
662936
662803
662755
662619
662565
662521
662507
662487
662445
662390
662377
662362
662321
662064
662059
661947
661868
661719
661677
661633
661597
661485
661396
661209
661180
661176
661073
660917
660839
660772
660744
660743
660506
660484
660334
660196
660173
660089
659877
659813
659711
659703
659619
659437
659366
659159
659083
659074
658986
658896
658841
658768
658761
658723
658652
658619
658566
658461
658416
658291
658212
658199
658194
658162
657973
657844
657775
657706
657684
657641
657543
657527
657213
657207
657134
657118
657079
657062
657059
657016
656924
656898
656892
656865
656828
656513
656483
656441
656355
656332
656314
656307
656282
656263
656248
656134
656046
655994
655976
655958
655835
655831
655798
655790
655771
655712
655623
655521
655471
655452
655435
655359
655272
655261
655253
655224
655219
655106
655002
655000
654813
654796
654678
654615
654582
654491
654480
654458
654443
654387
654329
654192
654161
654159
654116
654044
654025
654012
653997
653985
653945
653929
653921
653730
653699
653696
653623
653573
653571
653418
653155
652915
652883
652854
652840
652691
652640
652566
652519
652293
652256
652190
652174
652133
652121
651900
651838
651808
651779
651710
651533
651289
651262
651148
651096
651092
651055
650922
650905
650900
650891
650883
650804
650734
650732
650710
650611
650541
650481
650350
650347
650295
650117
650000
649841
649798
649688
649561
649558
649533
649434
649387
649381
649369
649283
649237
649072
649015
648978
648967
648760
648740
648732
648670
648646
648636
648551
648430
648401
648350
648302
648284
648214
648211
648202
648172
647950
647945
647908
647875
647741
647729
647715
647710
647699
647600
647540
647384
647258
647258
647224
647212
647189
647163
647114
647086
646908
646759
646684
646601
646445
646428
646402
646382
646268
646150
646099
646023
645954
645912
645838
645766
645534
645461
645445
645437
645423
645322
645243
645092
644987
644983
644954
644903
644796
644779
644779
644774
644685
644541
644438
644437
644395
644345
644343
644139
643881
643803
643716
643397
643386
643377
643367
643352
643136
643100
643083
643059
642849
642750
642692
642623
642594
642477
642359
642285
642265
642258
642199
642002
641941
641840
641768
641674
641645
641633
641468
641455
641313
641259
640911
640910
640750
640748
640690
640681
640669
640552
640363
640150
640135
640124
640059
640045
639937
639910
639884
639853
639832
639775
639660
639617
639611
639609
639338
639315
639311
639223
639101
638985
638983
638856
638846
638806
638767
638748
638742
638604
638534
638423
638353
638267
638239
638206
638196
638063
638028
637982
637962
637926
637868
637857
637843
637750
637512
637458
637394
637344
637198
637119
637063
636967
636926
636917
636426
636377
636307
636138
636106
636015
635935
635791
635771
635769
635767
635717
635667
635665
635335
635328
635145
634977
634932
634928
634709
634662
634643
634621
634535
634527
634412
634382
634339
634333
634303
634295
634265
634169
634158
634003
633999
633983
633980
633712
633689
633683
633593
633583
633555
633553
633471
633450
633442
633408
633383
633280
633205
633172
633166
633100
632887
632508
632499
632484
632473
632464
632403
632390
632342
632323
632239
632188
631904
631870
631865
631835
631753
631714
631605
631518
631428
631269
631179
631064
630786
630696
630614
630550
630509
630504
630501
630500
630412
630269
630268
630231
630146
629959
629870
629824
629801
629707
629187
629095
629073
629050
628996
628988
628946
628923
628832
628725
628719
628689
628678
628660
628547
628407
628226
628170
628156
628035
627942
627923
627908
627890
627831
627826
627753
627720
627648
627645
627532
627466
627459
627453
627381
627233
627154
626916
626913
626867
626821
626805
626688
626462
626434
626362
626342
626326
626323
626311
626309
626221
626166
626030
626002
625988
625924
625904
625873
625858
625743
625700
625598
625507
625466
625265
625192
625135
625122
625118
624926
624903
624894
624844
624779
624703
624583
624544
624501
624335
624298
624193
624055
623973
623970
623964
623905
623871
623822
623687
623644
623607
623555
623518
623405
623381
623323
623315
623301
623301
623279
623237
623187
623167
623021
623001
622995
622959
622946
622904
622824
622816
622794
622741
622670
622621
622556
622487
622387
622345
622122
622103
622057
622028
621893
621797
621758
621548
621492
621462
621454
621446
621431
621351
621317
621253
621253
620745
620651
620624
620499
620392
620369
620305
620206
620117
620100
620097
620050
619925
619891
619755
619692
619658
619635
619574
619511
619412
619392
619297
619004
618892
618878
618866
618865
618856
618853
618837
618802
618768
618762
618749
618749
618690
618667
618587
618586
618579
618499
618359
618332
618206
618199
618182
618089
618086
617939
617841
617827
617779
617609
617547
617430
617327
617287
617066
617063
617032
617022
616996
616960
616898
616881
616700
616659
616651
616627
616509
616366
616262
616251
616227
616223
616185
616167
616154
616154
616134
616059
616019
616017
615950
615824
615810
615725
615704
615658
615629
615538
615471
615433
615396
615370
615218
615195
615191
615039
614979
614926
614924
614546
614508
614490
614476
614433
614374
614077
614062
613923
613839
613788
613672
613581
613454
613412
613342
613277
613252
613189
613119
613069
613049
612864
612842
612731
612394
612132
611943
611793
611598
611511
611397
611257
611212
611183
611138
611098
610996
610990
610967
610927
610896
610858
610778
610745
610678
610668
610652
610596
610555
610529
610491
610474
610473
610418
610415
610414
610367
610182
610123
610047
609963
609960
609809
609726
609721
609721
609646
609584
609564
609520
609440
609311
609238
609197
609191
609164
609121
609109
609092
609070
609059
609043
609013
609003
608996
608989
608952
608905
608844
608745
608743
608594
608511
608490
608462
608308
608293
608214
608192
608136
608093
608049
608031
607952
607857
607855
607704
607671
607671
607634
607595
607523
607489
607421
607311
607249
607234
607097
606970
606948
606910
606773
606690
606613
606516
606444
606367
606340
606258
606256
606207
606198
606176
606097
606058
606007
605988
605980
605877
605853
605850
605805
605690
605682
605628
605540
605491
605446
605421
605344
605342
605162
605033
604899
604845
604821
604799
604733
604671
604625
604491
604474
604335
604231
604067
604014
604006
603985
603897
603801
603795
603750
603741
603665
603534
603520
603434
603218
603150
603071
602962
602887
602809
602633
602581
602561
602542
602463
602348
602345
602336
602171
602148
602112
602049
602025
601885
601874
601666
601663
601608
601554
601488
601408
601324
601319
601268
601140
600837
600764
600664
600646
600434
600327
600301
600230
600166
600068
599935
599925
599879
599875
599868
599812
599757
599693
599612
599504
599438
599347
599019
598957
598806
598606
598434
598348
598347
598242
598032
598020
597976
597974
597892
597878
597873
597834
597818
597760
597729
597562
597543
597518
597494
597484
597442
597208
597135
597099
597061
597045
597044
596955
596938
596904
596711
596702
596598
596596
596461
596423
596338
596269
596176
595875
595859
595804
595800
595796
595783
595754
595595
595573
595477
595456
595425
595407
595367
595331
595262
595249
595100
595080
594997
594709
594659
594629
594561
594541
594534
594495
594439
594373
594265
594117
594114
593928
593899
593764
593717
593652
593634
593573
593411
593193
592988
592981
592890
592688
592608
592522
592386
592353
592335
592231
592111
592111
592030
592026
591829
591751
591738
591737
591629
591611
591578
591536
591481
591468
591444
591435
591426
591426
591385
591354
591323
591247
591151
591078
591072
591066
590919
590909
590863
590756
590541
590511
590481
590375
590361
590257
590128
590039
589934
589820
589804
589776
589631
589604
589522
589276
589267
589043
588866
588856
588800
588751
588724
588677
588668
588650
588636
588492
588472
588271
588031
587950
587921
587880
587875
587829
587759
587642
587591
587577
587512
587463
587342
587296
587279
587198
587181
587012
586953
586916
586891
586824
586677
586345
586285
586281
586190
586182
586166
586118
586090
586083
586015
585968
585948
585937
585875
585875
585869
585734
585639
585550
585546
585530
585460
585456
585371
585368
585365
585264
585249
585229
585189
585125
584972
584950
584877
584848
584718
584683
584608
584563
584525
584503
584435
584356
584350
584276
584259
584225
584207
584133
584117
584090
583964
583962
583900
583875
583874
583787
583729
583726
583719
583589
583575
583575
583556
583496
583431
583278
583192
583026
582980
582949
582946
582853
582848
582837
582809
582794
582677
582664
582615
582605
582560
582330
582303
582192
582066
582064
581863
581817
581726
581664
581655
581583
581565
581407
581339
581300
581185
581132
581071
581050
580858
580777
580736
580544
580497
580373
580339
580336
580274
580093
580011
579990
579933
579928
579870
579759
579686
579682
579494
579232
579185
579133
579097
578973
578917
578908
578893
578864
578820
578771
578742
578645
578570
578539
578496
578440
578408
578326
578213
578198
577952
577949
577931
577887
577884
577853
577756
577748
577593
577519
577514
577470
577465
577354
577344
577307
577241
577235
577225
577015
576763
576761
576708
576617
576486
576314
576186
576139
576085
576056
575981
575959
575845
575776
575770
575700
575674
575659
575528
575480
575345
575267
575190
575021
575013
574944
574897
574873
574740
574732
574622
574588
574516
574446
574396
574394
574337
574299
574245
574245
574213
574208
573959
573953
573821
573778
573767
573617
573545
573503
573447
573236
573183
573133
573119
572881
572828
572743
572732
572694
572610
572529
572505
572501
572199
572160
571984
571975
571945
571887
571755
571648
571614
571485
571392
571364
571346
571267
571138
571083
571043
570972
570951
570885
570710
570671
570659
570606
570597
570492
570490
570378
570371
570144
569996
569941
569842
569801
569667
569642
569609
569582
569541
569537
569533
569484
569450
569423
569394
569367
569326
569302
569287
569217
569140
569077
568993
568932
568812
568704
568671
568670
568573
568509
568482
568400
568324
568103
568095
568020
567907
567718
567714
567703
567418
567377
567361
567285
567124
567082
567068
567007
566947
566934
566925
566912
566822
566610
566587
566322
566288
566256
566167
566013
565906
565822
565779
565757
565722
565579
565575
565546
565502
565411
565261
565158
564890
564821
564761
564674
564626
564572
564322
564295
564226
564057
564052
563908
563864
563768
563711
563659
563634
563251
563179
563161
563101
562986
562917
562847
562819
562594
562569
562401
562401
562255
562251
562219
562208
562185
562103
562089
561978
561978
561803
561522
561423
561363
561315
561237
561206
561149
561011
561006
560966
560932
560826
560722
560689
560676
560650
560477
560445
560084
560020
560018
559981
559951
559902
559842
559807
559720
559690
559655
559645
559592
559531
559527
559517
559483
559471
559447
559431
559296
559143
559090
559084
559035
558997
558913
558890
558886
558813
558759
558529
558506
558458
558453
558365
558284
558228
558145
558123
558069
558033
557736
557693
557686
557642
557558
557501
557490
557236
557223
557179
557141
557131
557098
557097
557094
557033
556966
556891
556889
556796
556747
556608
556528
556444
556399
556336
556331
556328
556204
556117
556079
556026
556023
555985
555959
555942
555787
555686
555626
555601
555431
555344
555292
555270
555085
555015
554965
554635
554465
554417
554382
554380
554303
554292
554190
554150
554087
553948
553924
553923
553736
553718
553630
553605
553252
553234
553214
553193
553179
553174
553161
553141
553117
553103
553085
553045
553021
552961
552947
552812
552798
552744
552615
552380
552330
552288
552287
552131
552128
551896
551846
551787
551663
551636
551611
551588
551499
551428
551418
551396
551305
551241
551186
551144
551049
550977
550972
550841
550509
550458
550371
550368
550294
550245
550239
549930
549792
549773
549658
549557
549556
549453
549380
549198
549146
549000
548915
548862
548860
548793
548779
548753
548743
548685
548528
548483
548431
548386
548185
548142
548080
547976
547931
547919
547901
547821
547805
547803
547783
547773
547581
547580
547571
547537
547426
547211
547141
547096
547077
546952
546908
546861
546825
546820
546746
546681
546681
546515
546502
546306
546271
546184
546166
545926
545894
545833
545791
545790
545717
545708
545673
545622
545568
545563
545473
545437
545381
545348
545318
545316
545310
545297
545269
545253
545250
545229
545227
545080
545043
544987
544868
544794
544766
544729
544708
544675
544602
544586
544450
544426
544334
544329
544292
544234
544230
544163
544155
544064
543864
543754
543744
543662
543652
543596
543526
543494
543429
543393
543368
543363
543097
542891
542781
542608
542459
542366
542346
542244
542194
542182
542175
542159
541827
541791
541753
541715
541439
541323
541309
541244
541100
540811
540769
540738
540724
540648
540634
540535
540478
540343
540298
540212
540193
540088
540000
540000
539988
539949
539756
539704
539584
539440
539316
539200
539160
539115
539026
539008
538969
538891
538868
538847
538823
538712
538577
538543
538461
538331
538310
538282
538266
538251
538186
538160
538146
537914
537906
537893
537876
537860
537849
537806
537735
537713
537564
537478
537469
537307
537207
537088
536931
536595
536437
536422
536420
536317
536263
536144
536124
535988
535745
535678
535598
535597
535587
535477
535468
535357
535222
535214
535166
534992
534957
534906
534829
534796
534774
534728
534725
534660
534605
534573
534507
534505
534291
534236
534212
534107
534107
534089
534069
533937
533877
533875
533858
533797
533718
533456
533379
533311
533304
533290
533185
533107
532983
532943
532865
532767
532729
532715
532537
532496
532453
532436
532398
532370
532039
531993
531867
531792
531767
531765
531764
531740
531735
531713
531646
531642
531641
531625
531599
531594
531576
531556
531380
531378
531355
531305
531225
531170
531140
531098
531036
530939
530928
530810
530738
530613
530548
530544
530467
530370
530240
530234
530194
530178
530126
530036
529873
529756
529724
529612
529528
529381
529377
529350
529337
529336
529328
529205
529120
529047
528992
528899
528883
528859
528755
528740
528621
528570
528525
528418
528376
528372
528359
528193
528130
528083
527934
527931
527926
527919
527876
527755
527706
527699
527692
527621
527576
527564
527376
527350
527307
527252
527207
527115
526996
526863
526710
526677
526670
526624
526540
526503
526469
526419
526374
526344
526230
526204
526146
526081
526004
526001
525837
525813
525560
525508
525370
525328
525248
525234
525123
525103
525090
525079
525014
524999
524835
524820
524732
524645
524572
524520
524479
524303
524222
524212
524120
524061
524023
523827
523767
523702
523683
523653
523609
523575
523522
523504
523502
523431
523293
523016
522924
522891
522876
522786
522778
522751
522706
522618
522606
522287
522191
522167
522091
522025
522021
521977
521962
521893
521853
521848
521828
521818
521754
521702
521698
521681
521590
521589
521417
521371
521359
521252
521140
521111
521081
521074
521046
521046
521043
521034
521012
520980
520936
520862
520736
520711
520639
520602
520560
520436
520374
520301
520232
520202
520123
520051
519902
519893
519786
519645
519614
519530
519528
519387
519363
519325
519317
519242
519082
519011
518977
518854
518768
518618
518479
518436
518332
518317
517709
517684
517668
517651
517640
517629
517492
517454
517441
517413
517351
517293
517201
517161
516976
516930
516910
516896
516830
516729
516720
516558
516515
516316
516306
516302
516296
516182
516145
516142
516067
515955
515935
515931
515878
515788
515689
515664
515627
515531
515430
515421
515292
515290
515233
515156
515133
515064
515042
515035
515021
514982
514736
514243
514219
514210
514082
514033
513965
513929
513858
513780
513735
513465
513343
513309
513298
513293
513216
513119
513083
513009
512990
512940
512849
512762
512748
512721
512603
512388
512257
512252
512154
512128
512093
512085
512075
512041
511864
511855
511853
511743
511621
511473
511465
511307
510959
510733
510722
510629
510583
510509
510457
510389
510324
510298
510248
510121
510069
509991
509963
509929
509910
509871
509868
509858
509837
509773
509735
509663
509454
509429
509309
509270
509035
508959
508900
508869
508841
508795
508750
508739
508730
508600
508560
508469
508455
508412
508407
508280
508217
508189
508123
508121
508071
508041
507978
507902
507874
507796
507734
507720
507683
507387
507363
507321
507308
507296
507270
507188
507169
507143
507093
507085
507049
506964
506930
506700
506671
506646
506364
506311
506290
506225
506214
506193
506119
506070
506047
506001
505958
505884
505858
505854
505676
505595
505582
505556
505535
505522
505042
504930
504924
504837
504833
504817
504757
504727
504688
504662
504449
504403
504352
504112
504086
504013
503941
503874
503859
503776
503716
503692
503590
503522
503504
503274
503258
503223
503131
503121
503094
503015
502826
502789
502726
502717
502659
502592
502304
502110
502028
501922
501889
501808
501797
501628
501608
501455
501429
501365
501345
501306
501192
501183
501107
501074
501065
500987
500944
500916
500822
500746
500602
500599
500587
500549
500521
500490
500483
500419
500396
500340
500298
500295
500277
500231
500217
499616
499587
499539
499422
499377
499374
499371
499317
499267
499182
499148
499147
499058
498959
498892
498875
498668
498658
498652
498623
498518
498363
498322
498028
497984
497858
497645
497614
497396
497253
497131
497062
496962
496941
496739
496654
496635
496419
496385
496087
496079
496052
495947
495931
495922
495872
495707
495431
495256
495184
495065
495062
494961
494873
494816
494808
494713
494585
494549
494517
494261
494153
494115
493924
493848
493783
493670
493660
493501
493446
493403
493397
493225
493223
493091
493053
493023
492977
492952
492880
492765
492482
492415
492381
492353
492340
492309
492210
492196
492160
492110
492049
491890
491778
491725
491563
491511
491501
491385
491179
491175
491152
491109
491010
490658
490637
490556
490414
490314
490234
490213
490205
490169
490084
490062
489980
489907
489818
489805
489768
489691
489641
489622
489576
489421
489383
489381
489347
489271
489228
489171
489145
489126
489028
488966
488807
488759
488734
488687
488545
488531
488457
488291
488224
488205
488200
488194
488060
488055
488005
487899
487884
487824
487806
487792
487753
487686
487637
487462
487332
487292
487292
487279
487147
487114
487034
486994
486952
486863
486846
486719
486703
486661
486570
486543
486492
486475
486303
486260
486227
486178
486127
486104
486102
486082
486038
486038
486000
485918
485887
485837
485792
485671
485659
485612
485587
485486
485433
485422
485397
485395
485375
485353
485284
485275
485191
485139
485111
485102
485047
485001
484883
484843
484800
484676
484646
484644
484640
484581
484545
484523
484464
484461
484440
484432
484427
484258
484075
484008
483995
483949
483877
483874
483859
483836
483765
483732
483719
483707
483703
483667
483627
483550
483520
483509
483347
483253
483239
483238
483129
483033
483021
483006
482957
482753
482695
482543
482514
482494
482462
482324
482311
482204
482184
482101
482059
482053
482033
481984
481948
481943
481840
481753
481597
481585
481520
481439
481363
481346
481274
481255
481077
481020
481009
481002
480960
480817
480752
480702
480467
480428
480427
480377
480265
480198
480191
480053
479989
479852
479740
479688
479670
479618
479494
479419
479374
479336
479198
479123
479107
478990
478915
478831
478719
478653
478649
478543
478533
478186
478102
478045
477956
477819
477611
477496
477442
477397
477306
477249
477231
477188
477168
477127
477118
477075
476988
476949
476942
476934
476860
476858
476796
476787
476747
476726
476673
476649
476620
476563
476412
476404
476295
476169
476071
476044
475994
475992
475899
475889
475873
475718
475640
475561
475372
475335
475277
475243
475237
475203
475163
475151
475120
475107
475064
475011
474978
474917
474904
474868
474826
474787
474686
474563
474508
474409
474382
474357
474256
474204
474187
473974
473793
473784
473756
473710
473529
473305
473231
473078
473017
473003
472986
472963
472745
472705
472636
472489
472324
472129
472095
472030
472014
471994
471952
471935
471893
471826
471512
471494
471402
471375
471323
471227
471220
470987
470985
470915
470893
470823
470792
470603
470549
470533
470497
470360
470334
470309
470290
470222
470134
470130
470112
470066
469992
469985
469769
469718
469679
469632
469575
469456
469423
469304
469278
469197
469142
469067
469066
468915
468903
468873
468803
468743
468719
468606
468605
468584
468578
468463
468417
468387
468384
468201
468193
468176
468127
468107
468066
468040
467972
467811
467747
467716
467693
467621
467614
467346
467283
467187
467183
467181
467167
467141
467108
467104
466829
466800
466756
466592
466483
466223
466221
466198
466106
465969
465968
465927
465839
465814
465798
465685
465666
465627
465616
465606
465489
465327
465267
465201
465141
465047
465018
464927
464879
464816
464716
464703
464681
464679
464665
464631
464628
464589
464372
464356
464056
463972
463958
463942
463898
463872
463869
463839
463824
463781
463775
463711
463701
463541
463529
463524
463500
463393
463288
463214
463160
463062
462986
462912
462834
462824
462629
462553
462525
462430
462336
462308
462277
462218
462216
462103
462034
461820
461795
461632
461448
461443
461435
461390
461197
461176
461062
461044
461031
461031
460873
460869
460757
460741
460535
460534
460395
460262
459991
459768
459428
459410
459385
459352
459241
459194
459141
459125
459028
458859
458802
458764
458755
458650
458535
458443
458394
458256
458237
458177
458128
458122
458081
458078
457995
457909
457878
457846
457823
457777
457706
457664
457570
457482
457454
457306
457246
457214
457164
457126
457074
457046
457045
456993
456973
456960
456917
456912
456896
456676
456604
456603
456568
456487
456483
456424
456370
456328
456297
456187
456038
456033
455806
455781
455773
455661
455655
455608
455566
455535
455444
455403
455383
455369
455281
455209
455176
455138
455119
455115
454988
454957
454907
454577
454562
454419
454407
454340
454266
454233
454221
454093
454092
454061
454038
453861
453798
453793
453764
453760
453662
453595
453565
453543
453472
453371
453312
453207
453188
453173
453126
453110
452881
452875
452698
452676
452627
452588
452563
452521
452477
452469
452454
452398
452266
452142
452075
452074
452049
451853
451783
451750
451723
451283
451219
451127
451126
451116
451108
451058
450930
450906
450832
450828
450812
450774
450753
450706
450666
450518
450441
450421
450360
450270
450190
450141
450091
450046
449924
449885
449874
449872
449854
449779
449599
449449
449326
449115
449093
449005
449001
448897
448854
448752
448738
448722
448617
448501
448414
448381
448294
448273
448259
448226
448118
448061
448040
447945
447905
447826
447773
447694
447687
447518
447466
447402
447276
447194
447139
447070
446920
446717
446697
446670
446648
446435
446309
446149
446108
446048
446035
445922
445908
445889
445859
445709
445659
445606
445551
445516
445424
445331
445311
445273
445215
445160
444872
444836
444830
444814
444797
444785
444560
444456
444325
444309
444093
444066
443952
443860
443767
443747
443667
443550
443540
443539
443508
443416
443364
443296
443243
443152
443127
443123
443093
443008
442967
442829
442514
442473
442447
442350
442225
442221
442128
441975
441877
441852
441825
441822
441614
441607
441591
441542
441522
441406
441394
441369
441365
441278
441250
441218
441143
441070
441043
441028
441017
440939
440906
440815
440751
440680
440600
440599
440576
440496
440433
440414
440264
440256
440122
440058
440011
439869
439789
439776
439641
439588
439397
439295
439150
439063
438959
438928
438896
438809
438687
438643
438519
438361
438315
438261
438236
438167
438044
437884
437874
437855
437747
437747
437720
437629
437588
437527
437471
437461
437419
437375
437228
437160
437154
437030
436878
436819
436699
436690
436627
436438
436437
436240
436182
436027
435999
435909
435865
435858
435833
435806
435679
435623
435623
435590
435541
435451
435409
435293
435243
435164
435135
435128
435045
434977
434970
434895
434856
434834
434829
434757
434685
434656
434602
434588
434556
434493
434458
434372
434367
434314
434218
434193
434139
434122
434068
434019
433971
433965
433903
433872
433832
433828
433808
433792
433776
433725
433358
433335
433244
433212
433184
433168
433124
433083
432940
432615
432607
432557
432443
432395
432390
432382
432310
432147
432105
432034
432017
431957
431724
431489
431467
431395
431336
431316
431284
431268
431263
431146
431145
431103
430977
430793
430759
430661
430643
430545
430522
430505
430405
430368
430301
430299
430263
430214
430181
430155
430130
430124
430117
429861
429838
429578
429549
429539
429518
429516
429513
429426
429210
429055
429031
429019
429012
428989
428697
428617
428600
428570
428413
428402
428392
428330
428255
428150
428137
428077
428031
427956
427752
427703
427697
427656
427555
427446
427336
427315
427306
427292
427276
427135
427109
426986
426978
426967
426902
426897
426745
426733
426715
426687
426626
426573
426572
426409
426292
426245
426227
426205
426170
426168
426074
426010
425996
425967
425924
425874
425757
425740
425727
425708
425699
425682
425659
425650
425617
425553
425379
425275
425268
425265
425130
425092
424996
424882
424863
424852
424842
424832
424803
424794
424779
424765
424697
424639
424493
424472
424192
424167
424016
423981
423848
423810
423803
423647
423567
423497
423466
423453
423419
423382
423329
423260
423141
423114
423061
423051
422923
422922
422792
422746
422731
422528
422506
422454
422444
422118
422116
422111
422039
422027
421996
421884
421726
421658
421641
421618
421596
421530
421518
421516
421457
421374
421318
421229
421153
420896
420728
420715
420709
420663
420655
420454
420418
420359
420355
420338
420253
420245
420149
420106
420077
420031
419870
419786
419672
419580
419492
419355
419345
419238
419191
419142
419123
419062
418914
418828
418804
418665
418626
418462
418447
418367
418336
418321
418312
418158
417974
417927
417919
417835
417808
417738
417730
417638
417620
417525
417511
417444
417427
417352
417337
417263
417211
417186
417161
416914
416901
416885
416856
416715
416537
416533
416372
416341
415921
415866
415754
415735
415703
415645
415641
415568
415523
415407
415325
415168
415094
414971
414871
414871
414734
414720
414658
414656
414489
414452
414356
414270
414144
414045
414035
413876
413851
413850
413781
413750
413696
413684
413606
413589
413539
413475
413345
413339
413269
413223
413212
413192
413148
413131
413103
413059
413031
413027
413016
412932
412887
412616
412608
412562
412505
412460
412388
412351
412313
412301
412185
412040
411991
411960
411914
411902
411830
411739
411667
411308
411208
411188
411118
411116
411050
410931
410852
410818
410804
410761
410721
410718
410697
410644
410449
410405
410388
410369
410362
410197
410164
410078
409841
409826
409819
409722
409715
409656
409538
409493
409446
409153
409097
408911
408763
408585
408570
408548
408508
408279
408166
408041
408028
408015
407983
407955
407935
407896
407891
407849
407829
407813
407759
407671
407653
407625
407594
407593
407566
407440
407430
407317
407310
407298
407252
407223
407221
407206
407198
407086
406837
406823
406740
406659
406549
406511
406410
406247
406239
406163
406149
406096
405986
405925
405919
405919
405744
405718
405699
405655
405599
405547
405408
405397
405358
405347
405174
405131
405087
404999
404844
404802
404790
404756
404705
404536
404532
404366
404313
404187
404177
404063
403968
403913
403841
403830
403820
403817
403614
403565
403539
403521
403468
403381
403379
403331
403303
403302
403215
403160
403085
403074
403035
402991
402970
402904
402814
402782
402774
402774
402700
402670
402669
402621
402578
402542
402539
402510
402504
402462
402425
402356
402272
402134
402001
401965
401945
401878
401822
401806
401750
401733
401726
401702
401626
401608
401602
401591
401471
401406
401278
401224
401157
401116
400993
400959
400898
400821
400777
400680
400678
400538
400443
400441
400406
400371
400322
400299
400289
400246
400148
400041
400005
399974
399871
399714
399570
399559
399483
399391
399356
399305
399071
399063
399001
398883
398736
398710
398688
398682
398586
398365
398296
398280
398236
398217
398175
398122
398047
398039
397972
397956
397830
397782
397561
397490
397453
397420
397377
397311
397289
397288
397276
397258
397221
397207
397198
397190
397175
397118
397106
397050
396924
396918
396799
396770
396730
396669
396567
396516
396413
396232
396053
396028
395997
395891
395882
395742
395723
395377
395259
395218
395217
395214
395079
394917
394864
394840
394836
394793
394759
394734
394692
394650
394634
394608
394473
394451
394287
394107
394050
394042
394007
393948
393853
393641
393613
393599
393570
393505
393498
393480
393335
393218
393161
393155
393134
393104
393075
393069
392963
392952
392935
392790
392776
392694
392573
392489
392485
392459
392449
392420
392415
392391
392336
392306
392299
392231
392148
392136
392128
392100
391962
391907
391871
391825
391820
391811
391795
391721
391716
391575
391570
391489
391415
391292
391266
391234
391166
391058
390860
390852
390790
390752
390728
390725
390667
390653
390493
390376
390252
390236
390227
390107
390039
389997
389885
389749
389737
389591
389573
389522
389337
389337
389304
389205
388708
388659
388562
388414
388271
387925
387899
387808
387711
387708
387593
387443
387365
387346
387309
387234
387177
387171
387088
387044
387035
386965
386866
386814
386633
386603
386575
386394
386311
386240
386156
386142
386120
386069
386069
386012
385857
385832
385669
385653
385634
385623
385619
385550
385527
385424
385416
385316
385268
385225
385209
385068
384871
384766
384756
384756
384526
384397
384203
384137
384068
383865
383704
383675
383632
383457
383371
383323
383315
383228
382878
382736
382653
382623
382620
382604
382513
382413
382314
382290
382042
381929
381759
381756
381743
381716
381695
381560
381553
381525
381389
381360
381216
381157
381129
381057
381049
381043
380968
380933
380920
380855
380767
380764
380726
380671
380611
380578
380539
380352
380337
380167
380105
380101
380089
380083
379912
379855
379770
379758
379613
379479
379404
379346
379233
379169
379140
379113
379098
379061
378983
378953
378949
378928
378884
378810
378664
378642
378481
378427
378399
378354
378177
378174
378034
378031
378029
378022
377989
377969
377920
377827
377821
377765
377629
377606
377551
377498
377392
377384
377370
377352
377191
377146
377138
377113
377020
376686
376678
376653
376593
376492
376449
376376
376368
376299
376273
376272
376236
376229
376189
376166
376159
375717
375665
375513
375487
375456
375346
375285
375273
375248
375230
375199
375091
375082
375067
374907
374871
374857
374768
374630
374611
374503
374438
374405
374369
374333
374308
374270
374214
374107
374055
373936
373872
373846
373828
373771
373750
373514
373493
373484
373403
373363
373143
373108
373084
373032
372967
372932
372929
372912
372803
372790
372652
372647
372607
372538
372459
372394
372255
372139
372031
372015
371946
371867
371847
371667
371658
371645
371633
371607
371599
371581
371535
371519
371486
371476
371475
371460
371397
371297
371236
371161
371131
371122
370965
370771
370728
370700
370678
370624
370604
370602
370593
370592
370530
370520
370077
370060
370056
370018
369915
369722
369637
369605
369595
369571
369538
369341
369323
369247
369198
369167
369039
368990
368989
368956
368764
368735
368645
368611
368604
368515
368487
368454
368453
368416
368389
368358
368341
368086
368019
367891
367711
367703
367379
367331
367211
367133
367082
367081
367045
366973
366905
366874
366806
366687
366681
366544
366509
366419
366361
366352
366291
366233
366146
366110
365995
365973
365811
365792
365735
365615
365540
365523
365430
365350
365229
365135
365026
365007
364947
364782
364759
364720
364677
364536
364408
364353
364352
364230
364103
364073
364024
363920
363780
363756
363575
363569
363560
363496
363424
363340
363293
363012
362933
362847
362749
362743
362665
362296
362269
362253
362049
361965
361844
361801
361707
361554
361354
361321
361289
361265
361261
361255
361252
361163
361110
361082
361022
360996
360896
360752
360721
360712
360656
360648
360595
360468
360453
360420
360390
360319
360096
360067
359975
359920
359897
359765
359712
359704
359695
359453
359370
359346
359301
359300
359243
359058
359033
358935
358858
358822
358810
358796
358740
358736
358663
358621
358539
358528
358440
358278
358207
358161
358070
357947
357940
357858
357752
357752
357728
357719
357664
357652
357633
357520
357356
357232
357190
357147
356981
356920
356907
356737
356731
356719
356677
356624
356599
356570
356450
356291
356254
356218
356061
356047
356028
356011
355995
355967
355932
355851
355831
355746
355583
355548
355467
355459
355455
355356
355335
355318
355221
355155
354945
354786
354719
354663
354634
354603
354581
354535
354453
354443
354416
354357
354309
354219
354208
354150
354119
354084
353969
353963
353834
353820
353816
353730
353728
353693
353410
353210
353184
353183
353026
353024
352987
352937
352922
352880
352681
352587
352525
352524
352524
352414
352366
352359
352326
352258
352181
352147
352093
351981
351950
351931
351851
351792
351626
351602
351599
351551
351540
351516
351470
351469
351431
351377
351372
351363
351361
351173
351123
351007
350988
350832
350821
350795
350763
350708
350577
350458
350382
350312
350252
350250
350140
349928
349924
349890
349781
349658
349426
349221
349132
349063
349047
348825
348820
348735
348730
348667
348662
348561
348551
348493
348359
348294
348196
348120
348112
348046
347998
347913
347899
347895
347885
347862
347822
347800
347745
347618
347523
347453
347346
347330
347315
347256
347132
347028
347019
347010
346977
346919
346891
346851
346746
346679
346657
346606
346463
346443
346428
346393
346190
346177
345984
345976
345950
345811
345544
345453
345425
345406
345358
345296
345244
345183
345175
345097
344891
344869
344863
344769
344729
344709
344699
344672
344651
344562
344303
344208
344188
344167
343947
343888
343777
343771
343609
343605
343428
343424
343408
343392
343325
343220
342860
342855
342790
342704
342659
342588
342553
342460
342255
342081
342060
341930
341505
341449
341395
341352
341323
341320
341262
341258
341244
341088
341032
341010
340978
340937
340575
340502
340500
340436
340427
340398
340234
340198
340177
340088
340050
340021
339980
339849
339722
339566
339514
339491
339390
339350
339333
339290
339288
339229
339208
339178
339166
339122
339118
339049
339000
338989
338932
338881
338810
338741
338735
338725
338706
338625
338531
338367
338324
338231
338108
338107
338057
338056
338002
337970
337945
337928
337856
337762
337761
337560
337463
337431
337333
337306
337266
337131
337122
337037
336987
336944
336892
336872
336842
336703
336688
336677
336547
336540
336535
336526
336418
336416
336383
336349
336327
336305
336288
336197
336162
336129
336108
336080
335971
335760
335653
335618
335462
335339
335195
335187
335076
335062
334892
334884
334835
334767
334665
334663
334451
334378
334344
334311
334204
334163
334094
333926
333822
333711
333500
333465
333432
333383
333378
333346
333122
333111
333104
333000
332983
332953
332953
332881
332844
332833
332715
332713
332638
332586
332468
332466
332433
332419
332298
332281
332215
332201
332005
331990
331823
331822
331770
331705
331652
331531
331490
331423
331418
331398
331390
331322
331273
331168
331136
331093
331083
330997
330702
330589
330549
330400
330249
330117
330055
329998
329879
329786
329781
329537
329479
329393
329213
329186
329137
329052
328956
328927
328717
328597
328550
328535
328427
328415
328369
328274
328188
328182
328161
327804
327759
327664
327655
327510
327498
327490
327480
327464
327462
327398
327369
327327
327316
327303
327268
327236
327203
327199
327144
327112
327103
327071
326930
326770
326555
326519
326323
326312
326187
326131
326072
326016
325822
325674
325661
325439
325437
325419
325195
325191
325158
325151
325144
325087
325022
324909
324815
324729
324709
324706
324661
324413
324400
324374
324304
324232
324194
324187
324090
324079
323849
323801
323789
323565
323544
323528
323441
323251
323227
323184
323115
323092
322977
322945
322799
322635
322485
322476
322403
322390
322302
322215
322158
322127
322111
322004
321993
321978
321808
321764
321717
321640
321564
321550
321395
321349
321312
321225
321185
321113
321113
321028
320959
320861
320809
320707
320554
320536
320522
320511
320500
320398
320284
320207
320187
320061
319953
319805
319763
319763
319704
319630
319622
319236
319198
319104
319039
319028
319027
318917
318776
318697
318691
318635
318575
318547
318540
318462
318447
318149
318113
317929
317886
317863
317839
317774
317757
317599
317400
317369
317333
317252
317181
317169
317126
317074
316856
316664
316587
316545
316442
316415
316394
316375
316167
316016
315982
315968
315689
315687
315636
315600
315576
315561
315528
315475
315413
315361
315346
315294
315179
315098
315090
315027
314990
314867
314845
314806
314618
314362
314321
314256
314161
314153
314106
313841
313791
313758
313670
313561
313526
313520
313486
313477
313344
313274
313261
313064
312868
312828
312777
312669
312656
312648
312595
312514
312432
312425
312424
312382
312322
312294
312266
312221
312204
312200
312167
312051
311919
311701
311659
311636
311634
311396
311384
311369
311369
311285
311281
311242
311212
311189
311087
311057
311011
310942
310838
310770
310761
310756
310713
310648
310559
310553
310447
310334
310277
310250
310247
310190
310166
310154
310115
309977
309965
309944
309788
309767
309747
309720
309674
309669
309504
309491
309481
309448
309441
309378
309296
309233
309194
309180
308961
308895
308891
308864
308858
308820
308584
308234
308198
308196
307992
307967
307948
307771
307719
307503
307472
307412
307303
307255
307089
306998
306998
306973
306968
306929
306907
306872
306792
306646
306613
306395
306372
306339
306316
306218
306125
305863
305772
305698
305498
305484
305441
305433
305366
305326
305312
305215
305031
304999
304981
304963
304945
304834
304795
304764
304744
304684
304559
304495
304494
304370
304069
304055
303821
303809
303703
303665
303625
303610
303590
303539
303422
303314
303282
303187
303168
303016
303014
302968
302939
302866
302863
302826
302717
302582
302569
302283
302252
302181
302170
302165
301898
301830
301814
301737
301651
301610
301608
301588
301468
301216
300991
300944
300895
300823
300699
300697
300599
300301
300281
300087
300055
300051
299994
299978
299851
299754
299670
299661
299630
299609
299581
299519
299465
299455
299393
299377
299357
299318
299290
299234
299165
298975
298972
298816
298743
298677
298604
298512
298507
298425
298422
298417
298218
298123
298066
297819
297767
297761
297569
297513
297493
297444
297143
297087
296947
296934
296776
296736
296659
296612
296476
296454
296368
296316
296288
296283
295991
295776
295767
295717
295696
295696
295654
295549
295548
295521
295483
295462
295405
295257
295179
295174
295090
295089
295048
294887
294869
294762
294673
294620
294596
294554
294540
294508
294375
294358
294321
294205
294045
294029
294017
293774
293653
293640
293590
293569
293560
293523
293516
293369
293248
293053
292923
292485
292429
292340
292301
292282
292252
292206
292159
292104
292047
292021
291992
291972
291915
291858
291849
291765
291716
291662
291395
291323
291300
291260
291158
291150
291137
290955
290607
290586
290506
290325
290324
290317
290285
290268
290191
290161
290146
290142
290103
290003
289973
289944
289922
289878
289845
289836
289812
289806
289717
289646
289570
289479
289367
289326
289283
289260
289216
289180
289122
289105
289061
289051
289033
288998
288790
288787
288619
288565
288468
288440
288313
288292
288275
288110
288093
287874
287865
287773
287769
287687
287675
287560
287472
287413
287409
287317
287240
287180
287158
286964
286855
286825
286692
286615
286525
286444
286368
286172
286127
286117
286016
286007
286003
285789
285707
285647
285582
285450
285294
285207
285055
285046
284884
284876
284864
284738
284649
284619
284467
284379
284312
284286
284252
284206
284043
284042
283927
283689
283689
283679
283420
283375
283277
283190
283184
283125
283051
282826
282753
282744
282732
282729
282660
282651
282603
282488
282434
282376
282355
282291
282211
282030
282000
281979
281817
281811
281771
281665
281619
281574
281566
281488
281381
281317
281225
281208
281030
280952
280937
280886
280806
280736
280686
280686
280591
280503
280441
280414
280398
280279
280210
280142
279978
279922
279917
279734
279730
279725
279692
279646
279207
279131
279061
278922
278906
278894
278816
278815
278779
278723
278717
278687
278673
278506
278417
278292
278196
278084
278056
278022
277990
277938
277927
277917
277883
277820
277741
277710
277699
277658
277617
277536
277528
277520
277471
277440
277429
277404
277340
277045
276964
276960
276884
276815
276714
276700
276700
276572
276556
276545
276371
276354
276337
276296
275911
275868
275846
275831
275743
275648
275589
275511
275396
275384
275319
275288
275288
275226
275191
275095
275004
274662
274651
274378
274375
274303
274295
273879
273852
273759
273734
273703
273678
273675
273662
273606
273573
273475
273458
273418
273344
273325
273189
273175
273152
273147
273140
273104
272959
272890
272761
272749
272667
272632
272542
272363
272328
272174
272034
272002
271872
271715
271689
271688
271533
271530
271336
271265
271194
271181
271164
271041
271033
270903
270873
270796
270768
270741
270634
270584
270549
270538
270533
270503
270434
270380
270379
270156
270044
269999
269980
269969
269963
269945
269859
269850
269719
269682
269669
269662
269655
269535
269506
269464
269460
269447
269367
269338
269276
269210
269166
269165
269161
269146
269140
269120
269114
269008
268899
268884
268849
268799
268735
268527
268356
268340
268329
268315
268278
267962
267929
267731
267507
267463
267451
267380
267379
267344
267281
267232
267224
267183
267079
266979
266912
266804
266729
266625
266457
266441
266418
266341
266306
266262
266141
266098
266091
265907
265846
265768
265714
265710
265675
265590
265481
265418
265372
265309
265305
265235
265024
264992
264769
264748
264631
264586
264568
264357
264313
264045
263993
263966
263944
263926
263891
263878
263837
263830
263740
263626
263516
263376
263286
263286
263282
263178
262974
262922
262894
262877
262854
262849
262818
262571
262444
262362
262295
262228
262189
262098
261930
261869
261750
261744
261725
261693
261684
261645
261493
261462
261418
261348
261305
261290
261260
261166
261079
261016
260946
260912
260895
260676
260644
260602
260600
260518
260477
260471
260405
260346
260296
260276
260266
260262
260192
260124
260083
260058
260058
259819
259750
259728
259604
259587
259533
259512
259506
259411
259395
259377
259364
259316
259314
259206
259092
258962
258943
258887
258872
258844
258804
258712
258643
258612
258578
258572
258483
258309
258265
258243
258205
257995
257919
257829
257677
257670
257471
257405
257404
257393
257153
257016
256957
256870
256870
256843
256824
256726
256503
256401
256266
256179
256040
256003
255938
255892
255597
255572
255564
255543
255446
255423
255378
255377
255358
255145
255075
255066
254905
254847
254767
254733
254717
254579
254544
254519
254355
254326
254300
254272
254174
253987
253799
253738
253725
253692
253544
253272
253135
253099
253099
252982
252953
252728
252581
252571
252559
252529
252528
252498
252440
252408
252366
252351
252312
252262
252062
252059
252045
252006
251943
251898
251880
251776
251765
251750
251713
251686
251614
251477
251407
251406
251361
251321
251201
251191
251166
251151
251134
251121
251081
251036
251007
250958
250854
250808
250780
250719
250569
250524
250331
250027
249895
249854
249783
249782
249773
249723
249696
249623
249569
249547
249518
249511
249426
249202
249196
249143
249034
248934
248913
248876
248811
248801
248787
248777
248725
248659
248593
248539
248497
248491
248470
248362
248324
248123
248030
247988
247974
247900
247794
247701
247537
247409
247331
247320
247307
247183
247161
247126
247067
247006
246454
246426
246371
246283
246053
246007
245915
245860
245799
245648
245442
245426
245411
245168
245068
245011
244961
244817
244783
244753
244753
244742
244706
244610
244578
244458
244426
244401
244312
244254
244177
244098
244006
243947
243940
243702
243644
243385
243289
243146
243085
243015
242999
242959
242935
242731
242720
242690
242483
242476
242331
242312
242218
242133
241838
241804
241678
241643
241567
241457
241242
240982
240942
240941
240841
240789
240732
240726
240697
240578
240494
240433
240284
240063
240059
239932
239801
239712
239711
239702
239634
239614
239585
239580
239575
239471
239425
239321
239261
239165
239151
238909
238896
238869
238636
238544
238530
238513
238470
238347
238151
238148
238122
237956
237950
237825
237761
237742
237713
237706
237453
237403
237090
237078
236996
236950
236944
236913
236679
236640
236594
236556
236518
236488
236352
236221
236183
236095
236053
235913
235812
235798
235791
235773
235668
235554
235549
235520
235466
235194
235028
234942
234938
234809
234678
234675
234642
234533
234459
234336
234223
234187
234185
234175
234119
234075
234020
233927
233877
233668
233661
233646
233612
233565
233488
233463
233393
233216
233165
232877
232858
232718
232686
232665
232655
232605
232464
232414
232256
232223
232196
232019
232008
231836
231827
231809
231774
231710
231693
231664
231585
231584
231568
231539
231494
231484
231474
231460
231420
231416
231398
231385
231381
231379
231293
231200
231138
231135
231124
230917
230915
230867
230600
230541
230536
230527
230307
230189
230155
230070
229891
229873
229831
229788
229604
229591
229583
229582
229577
229544
229422
229408
229375
229363
229260
229246
229217
229213
229183
228830
228723
228716
228672
228531
228501
228456
228244
228172
228149
228098
228098
228059
228047
227977
227973
227965
227946
227914
227830
227787
227735
227710
227638
227573
227533
227466
227461
227420
227378
227261
227229
227215
227192
227130
227089
227015
226990
226913
226905
226846
226498
226444
226278
226269
226218
226181
226105
226092
226055
225988
225855
225824
225821
225815
225772
225707
225633
225581
225526
225474
225439
225331
225235
225199
225187
225075
225070
225053
225034
224997
224991
224887
224869
224815
224682
224582
224507
224474
224449
224436
224382
224378
224357
224340
224295
224263
224239
224187
224177
224126
224070
223760
223582
223576
223574
223356
223274
223239
223234
223172
223135
223134
223087
223018
222975
222935
222895
222763
222735
222733
222391
222258
222107
222045
221954
221946
221870
221856
221812
221762
221738
221571
221515
221454
221348
221288
221147
221105
221042
220980
220953
220855
220835
220813
220769
220697
220614
220526
220366
220345
220308
220271
220226
220196
220192
220188
220166
220165
220112
220079
220010
219994
219968
219954
219930
219891
219852
219790
219746
219681
219563
219519
219487
219384
219348
219341
219323
219318
219162
219090
218980
218955
218919
218860
218852
218697
218650
218324
218313
218305
218297
218263
218224
218118
217965
217884
217854
217835
217707
217588
217584
217494
217477
217346
217249
217236
217217
217171
217150
217091
217071
217035
216930
216915
216909
216716
216637
216608
216591
216316
216252
216246
216151
216145
216104
216069
215937
215821
215775
215652
215615
215518
215504
215494
215293
215289
215254
215231
215212
215121
215073
214996
214908
214853
214811
214635
214590
214582
214571
214488
214478
214453
214382
214381
214364
214175
214160
213950
213921
213914
213876
213716
213694
213634
213301
213237
213223
213194
213162
213116
213061
213049
212823
212813
212801
212799
212707
212686
212592
212563
212523
212519
212472
212454
212375
212289
212269
212263
212247
212217
212192
212169
212158
212096
212025
211943
211899
211809
211802
211775
211608
211563
211489
211459
211393
211368
211324
211283
211265
211196
211163
211097
210988
210940
210875
210872
210811
210703
210584
210568
210554
210540
210475
210460
210455
210446
210364
210361
210342
210255
210224
210151
210105
210085
209970
209896
209881
209834
209700
209695
209650
209477
209454
209397
209255
209253
209222
209085
209043
209012
208915
208822
208517
208516
208413
208364
208308
208300
208076
208059
207993
207958
207948
207883
207840
207788
207716
207692
207681
207663
207654
207628
207412
207366
207343
207204
207142
207054
207016
206879
206793
206788
206674
206643
206621
206618
206580
206484
206461
206377
206343
206278
206259
206074
206027
206021
205808
205800
205778
205759
205737
205720
205714
205667
205623
205568
205562
205557
205529
205486
205366
205312
205198
205189
205170
205095
205057
205051
204952
204888
204867
204780
204691
204666
204630
204612
204583
204555
204537
204347
204305
204290
204281
204138
204115
204093
204030
204016
203997
203945
203909
203832
203811
203699
203573
203385
203260
203232
203122
203067
203029
203023
202994
202886
202885
202740
202699
202654
202642
202619
202614
202594
202591
202541
202466
202462
202337
202220
202092
202065
202038
201953
201948
201877
201779
201646
201630
201552
201533
201522
201475
201460
201364
201343
201255
201181
201163
201149
201089
201017
200931
200764
200719
200556
200532
200487
200445
200394
200212
200161
200152
200053
200003
199980
199882
199882
199678
199554
199545
199512
199508
199267
199166
199129
199026
198966
198722
198577
198521
198508
198446
198315
198292
198186
198133
198112
198103
198103
197930
197799
197724
197644
197257
197231
197123
197090
196971
196967
196932
196670
196593
196536
196518
196435
196390
196347
196301
196289
196217
196130
196095
196031
195855
195575
195572
195537
195438
195257
195234
195163
195054
195001
194908
194833
194817
194724
194554
194511
194327
194239
194143
194133
194132
194090
194088
194083
194083
193983
193971
193943
193877
193819
193798
193734
193619
193549
193536
193490
193424
193191
193158
193150
193030
192956
192913
192844
192836
192830
192829
192806
192803
192728
192638
192635
192539
192465
192337
192242
192124
191881
191856
191835
191736
191723
191557
191553
191533
191513
191424
191290
191244
191199
191115
191048
191000
190875
190825
190812
190812
190760
190496
190487
190398
190397
190265
190263
190184
190143
190112
190100
190087
190057
189959
189936
189921
189901
189900
189808
189794
189786
189736
189722
189702
189649
189587
189584
189495
189426
189418
189347
189313
189310
189266
189243
189233
188949
188874
188869
188805
188715
188701
188643
188554
188483
188427
188318
188269
188258
188228
188199
188142
188121
188001
187787
187737
187691
187659
187652
187629
187368
187210
187154
187033
186995
186972
186963
186839
186776
186765
186606
186452
186436
186325
186278
186264
186256
186192
186183
185864
185819
185811
185714
185695
185577
185445
185434
185236
185112
185088
184871
184821
184763
184761
184742
184721
184713
184695
184591
184589
184587
184529
184481
184453
184412
184393
184305
184196
184155
184145
184095
184049
184045
184036
183987
183970
183883
183862
183732
183597
183582
183579
183523
183387
183356
183291
183264
183231
183188
183119
183112
183036
182956
182925
182831
182731
182516
182464
182240
182172
182146
182135
181984
181965
181916
181901
181621
181607
181558
181523
181485
181336
181294
181281
181278
181259
181256
181161
181157
181107
180919
180755
180666
180646
180551
180363
180192
180190
180168
180070
179956
179803
179786
179668
179656
179627
179529
179418
179365
179338
179225
179041
178999
178892
178881
178815
178769
178730
178627
178614
178523
178492
178428
178400
178398
178245
178233
178208
178116
178091
177693
177678
177650
177621
177406
177289
177221
177132
177082
177070
176986
176975
176936
176926
176826
176806
176798
176759
176584
176376
176306
176302
176296
176296
176255
176248
176203
176126
175954
175947
175922
175790
175779
175730
175713
175589
175583
175577
175410
175385
175346
175150
175105
175049
175021
174917
174772
174690
174440
174294
174188
174104
174098
174052
174002
173806
173801
173693
173638
173616
173609
173415
173391
173383
173373
173189
173161
173141
173132
173126
173015
172973
172955
172813
172762
172735
172528
172518
172504
172468
172464
172423
172411
172346
172329
172265
172257
172246
172023
171936
171909
171906
171777
171736
171702
171701
171682
171553
171541
171530
171529
171473
171060
171019
170891
170821
170622
170610
170458
170443
170408
170224
170203
170189
170064
170047
170032
169985
169945
169941
169817
169806
169797
169705
169579
169572
169564
169533
169443
169387
169354
169342
169274
169223
169223
169207
169147
169146
169134
169124
168993
168988
168972
168947
168920
168874
168871
168863
168844
168803
168719
168553
168473
168460
168456
168442
168336
168300
168221
168181
168139
167995
167981
167953
167938
167885
167688
167646
167433
167368
167307
167272
167221
167015
167006
166939
166862
166834
166800
166701
166609
166593
166584
166572
166562
166523
166428
166398
166396
166353
166316
166225
166154
165762
165757
165716
165669
165646
165641
165638
165452
165438
165391
165384
165360
165336
165307
165281
165272
165220
165056
165031
165029
165000
164881
164723
164691
164636
164498
164484
164361
164345
164333
164327
164275
164175
164152
164110
163950
163938
163933
163725
163681
163654
163569
163559
163484
163454
163447
163334
163274
163186
163167
163124
163109
162900
162894
162894
162850
162666
162645
162571
162552
162537
162506
162486
162435
162263
162227
162095
162067
162019
161985
161904
161787
161711
161589
161584
161520
161399
161370
161267
161093
161078
160941
160835
160834
160750
160728
160688
160667
160609
160423
160395
160345
160293
160274
160254
160229
160134
160082
159993
159984
159876
159841
159785
159712
159658
159635
159630
159343
159335
159270
159165
159129
159075
159061
158999
158782
158667
158642
158532
158381
158376
158343
158145
158130
158095
158089
158001
157956
157911
157905
157693
157531
157427
157348
157242
157046
156894
156846
156754
156698
156683
156647
156640
156581
156557
156513
156505
156453
156425
156412
156382
156235
156125
155915
155810
155784
155695
155617
155275
155217
155198
155166
155154
155079
155057
154928
154851
154659
154593
154589
154338
154198
154123
154067
154058
154000
153824
153773
153728
153686
153612
153500
153455
153453
153326
153316
153187
153157
153028
152953
152928
152841
152837
152810
152809
152733
152627
152614
152566
152559
152508
152467
152327
152178
152130
152082
152050
151997
151947
151861
151829
151804
151694
151616
151590
151573
151443
151354
151342
151319
151276
151253
151243
151184
151131
151088
151032
150965
150956
150830
150752
150502
150449
150436
150435
150398
150323
150275
150182
150088
149898
149886
149822
149800
149686
149477
149447
149319
149315
149210
149201
149023
148967
148921
148900
148896
148775
148733
148521
148237
148090
148048
147979
147928
147902
147815
147763
147562
147503
147343
147338
147253
147231
147209
147099
146984
146980
146976
146968
146964
146886
146840
146823
146819
146746
146737
146649
146548
146499
146256
146177
146171
146169
146110
146055
145979
145946
145924
145898
145867
145835
145732
145731
145713
145639
145524
145491
145463
145451
145397
145387
145343
145290
145223
145219
145213
144970
144951
144938
144934
144880
144880
144767
144573
144559
144490
144372
144311
144289
144202
144169
144160
143981
143969
143917
143894
143826
143787
143644
143550
143523
143499
143428
143403
143392
143382
143372
143290
143287
143082
143043
143009
142786
142667
142608
142589
142564
142549
142502
142497
142497
142307
142202
142152
142142
142082
142044
141929
141918
141827
141790
141774
141633
141619
141618
141595
141538
141452
141383
141342
141340
141313
141144
141108
141080
141053
140959
140683
140642
140618
140523
140429
140398
140301
140263
140212
140202
140179
140168
140151
140104
139974
139928
139898
139894
139890
139875
139716
139713
139452
139405
139329
139310
139160
139115
139094
139004
138974
138954
138908
138844
138794
138785
138755
138534
138390
138367
138306
138225
138221
138188
138137
138076
137832
137809
137756
137754
137706
137687
137658
137593
137575
137526
137506
137394
137328
137276
137232
137167
136987
136840
136830
136636
136560
136417
136312
136217
136144
136128
136126
136077
136052
136035
135968
135806
135760
135552
135494
135482
135161
135107
135050
134782
134670
134566
134487
134467
134446
134419
134224
134224
134193
134012
133938
133898
133787
133754
133648
133614
133577
133449
133441
133134
132954
132846
132687
132683
132598
132574
132457
132400
132388
132371
132371
132334
132297
132232
132187
132139
132104
132069
132065
131937
131918
131911
131903
131885
131635
131609
131597
131452
131173
131150
130932
130795
130715
130659
130602
130553
130408
130369
130326
130219
130146
130122
130021
129911
129792
129780
129614
129562
129528
129441
129363
129331
129317
129230
129222
129077
128985
128873
128835
128793
128766
128660
128646
128502
128402
128372
128259
128233
128222
127961
127949
127914
127793
127746
127483
127391
127285
127163
127152
127120
126943
126926
126840
126837
126668
126663
126568
126544
126523
126489
126473
126460
126457
126437
126314
126268
126158
126070
126034
126005
125970
125943
125887
125821
125712
125577
125577
125386
125378
125360
125353
125352
125350
125347
125213
125209
125176
125042
124991
124822
124724
124676
124639
124596
124530
124479
124337
124269
124083
124012
123978
123962
123913
123891
123840
123830
123709
123609
123555
123519
123487
123327
123062
122883
122777
122767
122570
122550
122485
122441
122237
122098
122096
122012
121937
121888
121788
121720
121714
121515
121506
121241
121212
121092
120768
120605
120491
120422
120409
120380
120373
120344
120176
120164
120131
120113
120082
120068
120052
120030
119782
119695
119687
119670
119660
119613
119511
119442
119331
119240
119195
119194
119092
119015
118997
118919
118884
118723
118614
118602
118466
118391
118117
118115
118108
118093
118003
117990
117862
117845
117787
117733
117683
117562
117539
117437
117231
117153
117096
117081
117076
117052
117050
116972
116960
116958
116912
116878
116724
116722
116665
116551
116550
116523
116523
116379
116296
116210
116161
115950
115932
115909
115906
115893
115877
115817
115799
115789
115789
115718
115692
115654
115639
115470
115375
115358
115356
115304
115193
115093
115090
115020
114787
114710
114598
114590
114443
114431
114379
114362
114354
114221
114178
113994
113760
113652
113625
113600
113515
113496
113486
113450
113345
113301
113274
113133
112946
112874
112790
112744
112690
112645
112575
112429
112396
112395
112376
112357
112353
112286
112184
112049
111822
111700
111677
111665
111567
111501
111324
111296
111209
111198
111170
111017
111004
110990
110978
110885
110861
110642
110612
110608
110391
110355
110318
110237
110166
110038
109969
109775
109767
109763
109752
109718
109695
109664
109656
109565
109449
109445
109421
109415
109391
109368
109073
109072
109018
108895
108780
108767
108738
108690
108673
108666
108644
108628
108602
108571
108515
108507
108487
108464
108416
108369
108260
108253
108185
108166
108138
107904
107893
107869
107718
107696
107656
107628
107614
107597
107571
107559
107493
107457
107398
107238
107230
107179
107054
107038
106977
106915
106813
106756
106722
106717
106681
106595
106522
106369
106361
106335
106280
106224
106081
106077
106052
105848
105835
105831
105798
105785
105485
105433
105281
105272
105239
105221
105212
105054
105049
104984
104927
104924
104913
104788
104722
104688
104637
104625
104615
104490
104391
104376
104271
104248
104240
104225
104121
104011
103976
103962
103953
103865
103848
103793
103616
103554
103226
103154
103139
103117
103105
103085
103040
103010
102969
102949
102826
102560
102509
102500
102476
102455
102355
102319
102210
102112
102106
102036
101960
101902
101869
101831
101776
101290
101286
101151
101130
101113
101081
100927
100887
100758
100737
100689
100681
100655
100633
100627
100600
100488
100466
100339
100331
100307
100255
100206
100150
100109
100095
100081
99846
99748
99679
99647
99459
99402
99328
99179
99163
99148
99138
99112
98874
98828
98800
98798
98783
98773
98740
98557
98547
98542
98540
98474
98460
98450
98434
98367
98223
97939
97938
97871
97844
97800
97728
97683
97681
97677
97676
97667
97554
97420
97411
97313
97252
97149
97054
97051
96778
96768
96645
96579
96548
96435
96388
96336
96246
96205
96194
95925
95829
95779
95747
95719
95688
95532
95483
95438
95205
95193
95049
95001
94927
94792
94617
94542
94495
94482
94452
94402
94271
94243
94238
94151
94126
94090
93964
93951
93923
93615
93612
93584
93567
93544
93495
93453
93342
93334
93316
93175
93117
92979
92891
92855
92751
92628
92578
92487
92475
92324
92293
92237
92171
92139
92054
91997
91922
91876
91811
91808
91802
91773
91685
91683
91635
91618
91582
91323
91292
91254
91139
90991
90922
90903
90876
90825
90813
90791
90762
90628
90590
90503
90435
90396
90232
89901
89842
89783
89718
89636
89549
89508
89250
89151
89110
89061
89021
88957
88945
88921
88708
88637
88417
88394
88315
88301
88286
88272
88213
88116
88108
88082
88062
88005
87969
87936
87934
87870
87858
87753
87597
87573
87557
87469
87406
87313
87245
87233
87221
87151
87079
87037
87024
86999
86949
86826
86630
86585
86530
86517
86341
86308
86294
86285
86250
86247
86222
86134
86115
86111
86108
85871
85782
85749
85737
85697
85692
85655
85647
85484
85431
85394
85347
85304
85295
85248
85195
85101
84977
84869
84701
84684
84653
84594
84553
84518
84425
84424
84394
84369
84349
84321
84314
84295
84256
84068
84022
84009
83964
83902
83899
83888
83870
83830
83780
83763
83725
83710
83697
83643
83632
83618
83617
83444
83434
83425
83192
83182
83179
83178
83124
83115
83111
83048
83043
82998
82957
82954
82894
82844
82639
82622
82621
82516
82509
82404
82250
82243
82223
82164
82095
82087
81914
81832
81803
81704
81649
81594
81586
81522
81482
81234
81163
81152
81134
81039
81007
80993
80992
80991
80989
80943
80664
80589
80587
80474
80436
80427
80419
80414
80365
80340
80122
80101
80101
80050
79963
79961
79928
79660
79658
79528
79493
79459
79452
79416
79370
79362
79357
79283
79219
79063
79031
78938
78906
78900
78847
78576
78550
78476
78450
78356
78320
78301
78252
78221
78155
78148
77951
77947
77935
77774
77752
77577
77552
77546
77504
77422
77362
77360
77139
77087
77083
77060
77034
76995
76993
76899
76814
76803
76626
76441
76381
76361
76295
76282
76224
76112
76024
76009
75979
75969
75931
75891
75809
75692
75599
75596
75519
75408
75292
75265
75247
75240
75230
75187
75055
74947
74811
74543
74525
74484
74408
74282
74234
74221
74182
73950
73938
73884
73846
73804
73782
73769
73755
73710
73707
73699
73390
73347
73266
73242
73143
73055
73003
72842
72840
72818
72802
72770
72691
72679
72612
72590
72549
72526
72460
72413
72412
72411
72405
72376
72347
72308
72302
71922
71748
71566
71367
71303
71190
71062
70932
70902
70849
70825
70807
70658
70636
70610
70572
70500
70442
70398
70351
70338
70298
70275
70257
70229
70146
70068
70035
70019
69995
69952
69889
69877
69814
69784
69770
69756
69699
69576
69545
69508
69412
69389
69319
69058
69026
68999
68989
68898
68887
68875
68864
68824
68609
68567
68510
68291
68257
68105
68093
68060
68016
67986
67969
67872
67850
67818
67671
67650
67542
67457
67333
67310
67127
67099
67046
67005
66872
66858
66857
66810
66744
66698
66686
66614
66575
66559
66548
66543
66050
65938
65812
65573
65486
65479
65460
65390
65328
65301
65111
65107
65064
65041
64969
64913
64878
64876
64795
64711
64361
64291
64222
64124
63973
63898
63852
63797
63781
63687
63672
63577
63501
63487
63416
63326
63211
63000
62986
62741
62686
62466
62253
62161
62040
61981
61937
61857
61727
61632
61577
61484
61392
61324
61232
61224
61209
61194
61161
61138
61072
61063
61005
60976
60879
60847
60801
60690
60627
60510
60499
60470
60393
60381
60317
60306
60296
60255
60236
60198
60186
60104
60103
59985
59954
59784
59780
59770
59646
59598
59587
59505
59499
59449
59172
59171
59090
59021
59014
58791
58716
58539
58533
58435
58279
58198
58194
57998
57958
57936
57704
57630
57629
57384
57369
57350
57279
57251
57234
57181
57157
57118
57105
56847
56800
56767
56755
56660
56515
56471
56321
56289
56204
56174
56098
56094
56051
56000
55801
55799
55730
55638
55623
55555
55368
55346
55335
55194
55165
55121
55027
54950
54948
54930
54921
54815
54731
54715
54664
54657
54532
54494
54401
54320
54297
53811
53735
53671
53638
53437
53422
53293
53161
53153
53046
52976
52921
52860
52832
52783
52615
52523
52421
52391
52168
52081
52077
52025
51862
51823
51618
51605
51581
51522
51248
51202
51130
51097
50887
50865
50804
50785
50707
50662
50538
50485
50427
50416
50310
50249
50220
50195
50067
50033
50005
49976
49938
49892
49742
49532
49473
49460
49411
49274
49243
49146
49110
49001
48962
48959
48949
48859
48818
48731
48703
48675
48649
48590
48561
48557
48525
48433
48389
48383
48351
48335
48237
48196
48155
47960
47889
47867
47851
47745
47730
47581
47575
47503
47456
47390
47358
47280
47151
47018
46902
46798
46755
46750
46739
46718
46711
46688
46643
46542
46411
46367
46341
46307
46296
46283
46252
46123
46088
45895
45863
45592
45569
45532
45509
45506
45498
45483
45418
45370
45313
45288
45133
45110
45036
45034
44760
44709
44491
44378
44313
44286
44237
44164
44124
44121
44089
44075
44062
44036
43825
43635
43628
43548
43498
43391
43284
43220
43203
43106
43008
42800
42680
42650
42564
42489
42483
42425
42356
42245
42237
42135
42130
41850
41719
41710
41619
41477
41411
41406
41331
41245
41223
41209
41199
41193
41191
41164
40974
40708
40610
40600
40459
40447
40386
40355
40323
40296
40203
40195
40164
40104
40080
40041
39910
39884
39787
39719
39660
39529
39513
39504
39352
39264
39259
38763
38664
38535
38532
38445
38373
38366
38339
38241
38192
38174
38106
38103
38065
38021
37943
37932
37844
37791
37684
37571
37521
37461
37402
37362
37312
37209
37198
36969
36821
36740
36566
36546
36381
36192
36170
36160
35987
35932
35872
35819
35815
35764
35715
35643
35639
35590
35582
35415
35382
35333
35282
35067
35066
34962
34903
34816
34730
34678
34580
34501
34473
34423
34367
34276
34209
34176
34095
33864
33846
33641
33628
33343
33308
33249
33204
33092
33085
33056
33045
33041
33041
32995
32971
32951
32826
32720
32700
32600
32482
32375
32340
32321
32302
32232
32218
32046
31939
31885
31814
31625
31583
31522
31479
31369
31344
31292
31276
31266
31238
31188
30972
30853
30739
30690
30592
30586
30471
30327
30299
30275
30240
30222
30214
30181
30164
30154
30070
30028
29850
29831
29831
29754
29671
29625
29414
29367
29355
29282
29236
29222
29198
29090
29047
29002
28972
28926
28922
28920
28850
28692
28590
28587
28585
28425
28425
28297
28261
28237
28176
28139
28126
28111
27904
27840
27799
27732
27717
27630
27629
27616
27415
27052
27038
26878
26838
26689
26589
26418
26399
26273
26272
26256
26233
26098
25977
25871
25871
25866
25750
25726
25612
25586
25586
25573
25553
25547
25546
25492
25435
25384
25336
25278
25173
25156
25137
25096
25081
24980
24956
24919
24796
24792
24763
24638
24634
24555
24386
24252
24178
24100
23870
23689
23462
23309
23285
23233
23057
22985
22890
22849
22792
22577
22573
22539
22446
22351
22294
22198
22188
22152
22144
22075
22054
22051
21950
21917
21872
21840
21687
21632
21447
21444
21417
21395
21371
21321
21154
21118
21090
21059
20928
20832
20581
20570
20506
20413
20397
20387
20305
20270
20156
20056
19954
19842
19820
19816
19656
19627
19609
19438
19401
19378
19350
19206
19089
19083
18679
18591
18578
18567
18535
18526
18456
18295
18284
18241
18188
18167
18105
18104
17980
17936
17754
17702
17683
17623
17618
17610
17601
17486
17309
17295
17282
17203
17121
17109
17022
16977
16912
16802
16733
16714
16687
16596
16518
16489
16486
16303
16250
16210
16210
16182
16163
16086
15962
15925
15895
15848
15842
15792
15748
15747
15654
15620
15597
15587
15492
15349
15323
15226
14962
14957
14927
14901
14803
14787
14740
14723
14647
14506
14483
14459
14312
14151
14111
14060
14026
13924
13915
13821
13792
13745
13634
13613
13572
13523
13475
13462
13410
13247
13229
13183
13102
13079
13072
13069
13016
12963
12908
12765
12733
12638
12578
12493
12489
12399
12359
12312
12083
12060
11705
11700
11622
11587
11562
11536
11494
11365
11343
11248
11002
10993
10577
10574
10561
10558
10520
10470
10447
10445
10387
10377
10371
10366
10342
10297
10249
10171
10081
10063
9966
9965
9951
9885
9874
9801
9692
9659
9655
9427
9421
9317
9129
9092
9055
8876
8857
8853
8771
8706
8594
8554
8435
8225
8034
8006
7900
7869
7850
7657
7639
7627
7544
7527
7427
7423
7348
7234
7141
7066
7058
6881
6825
6758
6606
6529
6408
6384
6340
6318
6084
5939
5882
5869
5830
5812
5810
5717
5629
5482
5459
5453
5294
5236
5211
5051
5039
4792
4683
4621
4533
4435
4420
4376
4184
4134
3977
3900
3897
3810
3763
3742
3615
3614
3609
3601
3588
3526
3454
3431
3405
3375
3359
3331
3326
3294
3292
3144
3139
3083
3040
3031
2865
2788
2752
2688
2661
2436
2357
2309
2216
2201
2197
2131
2114
2103
1956
1921
1841
1809
1761
1760
1723
1668
1606
1531
1445
1393
1369
1364
1296
1194
1143
1122
1122
1097
1049
900
868
843
750
684
546
537
510
506
490
467
301
249
230
214
155
136
108
68
51
-48
-219
-365
-447
-581
-610
-624
-686
-743
-843
-881
-963
-1003
-1072
-1077
-1085
-1144
-1280
-1354
-1471
-1471
-1659
-1763
-1803
-2012
-2062
-2323
-2339
-2374
-2440
-2449
-2516
-2528
-2579
-2766
-2803
-2837
-2919
-3126
-3297
-3377
-3518
-3526
-3527
-3541
-3584
-3718
-3735
-3773
-3805
-3823
-3908
-3917
-3968
-3971
-3991
-4029
-4040
-4104
-4195
-4214
-4303
-4320
-4344
-4361
-4451
-4489
-4619
-4676
-4717
-4733
-4796
-4804
-4857
-4867
-4868
-4912
-4951
-4981
-5078
-5135
-5148
-5177
-5182
-5304
-5311
-5436
-5564
-5593
-5645
-5673
-5679
-5688
-5713
-5769
-5834
-5863
-6014
-6058
-6069
-6072
-6113
-6144
-6166
-6199
-6199
-6207
-6362
-6526
-6538
-6550
-6577
-6648
-6688
-6855
-6878
-6886
-6919
-6920
-7016
-7112
-7171
-7340
-7364
-7458
-7525
-7562
-7853
-7912
-7918
-8041
-8155
-8198
-8227
-8228
-8289
-8339
-8349
-8473
-8477
-8711
-8788
-8856
-9022
-9093
-9189
-9311
-9315
-9333
-9414
-9415
-9492
-9662
-9777
-9873
-9879
-10044
-10044
-10088
-10116
-10145
-10179
-10306
-10448
-10545
-10757
-10776
-10784
-10786
-10791
-10819
-10848
-11208
-11300
-11331
-11341
-11375
-11403
-11484
-11492
-11558
-11565
-11807
-11929
-11940
-12126
-12185
-12192
-12279
-12344
-12353
-12368
-12562
-12577
-12681
-12839
-12962
-13013
-13428
-13486
-13529
-13655
-13706
-13724
-13931
-13992
-14005
-14034
-14036
-14080
-14253
-14253
-14264
-14268
-14273
-14277
-14285
-14494
-14548
-14711
-14726
-14765
-14768
-14938
-15056
-15095
-15177
-15198
-15214
-15281
-15384
-15397
-15405
-15427
-15471
-15549
-15679
-15686
-15784
-15824
-15931
-16025
-16095
-16134
-16148
-16372
-16375
-16427
-16537
-16562
-16725
-16835
-17091
-17176
-17191
-17262
-17276
-17365
-17389
-17396
-17416
-17446
-17569
-17582
-17665
-17673
-17676
-17720
-17723
-17723
-17746
-17821
-17862
-17895
-17972
-18102
-18174
-18522
-18526
-18562
-18812
-18826
-18959
-18982
-19098
-19179
-19187
-19247
-19361
-19373
-19392
-19529
-19593
-19606
-19664
-19665
-19691
-19710
-19724
-19728
-19951
-20120
-20268
-20343
-20431
-20437
-20505
-20525
-20616
-20832
-20930
-20967
-21136
-21179
-21256
-21318
-21338
-21360
-21361
-21416
-21438
-21480
-21518
-21572
-21591
-21622
-21836
-21859
-21876
-21974
-22064
-22093
-22101
-22226
-22286
-22314
-22316
-22317
-22346
-22359
-22389
-22480
-22483
-22521
-22523
-22527
-22538
-22663
-22841
-22863
-22873
-22873
-22913
-22938
-23024
-23058
-23092
-23104
-23127
-23134
-23181
-23281
-23283
-23447
-23451
-23480
-23511
-23610
-23655
-23669
-23722
-23726
-23769
-23922
-23932
-24069
-24191
-24226
-24318
-24321
-24443
-24548
-24769
-24846
-24927
-25033
-25034
-25036
-25071
-25073
-25077
-25099
-25136
-25182
-25287
-25315
-25429
-25533
-25712
-25762
-25805
-25915
-25918
-25959
-26132
-26222
-26235
-26345
-26359
-26481
-26497
-26569
-26710
-26834
-26880
-27120
-27127
-27156
-27205
-27210
-27350
-27351
-27480
-27483
-27484
-27602
-27659
-27830
-27907
-27924
-28012
-28028
-28070
-28348
-28353
-28360
-28468
-28934
-28946
-29037
-29065
-29079
-29079
-29231
-29259
-29333
-29364
-29374
-29398
-29399
-29472
-29545
-29550
-29570
-29859
-29887
-29893
-29966
-30100
-30262
-30435
-30443
-30484
-30495
-30543
-30593
-30732
-30782
-31154
-31177
-31201
-31230
-31253
-31259
-31271
-31301
-31375
-31384
-31437
-31541
-31581
-31647
-31692
-31710
-31815
-31904
-32041
-32197
-32344
-32355
-32480
-32500
-32579
-32618
-32618
-32648
-32740
-32831
-32956
-33021
-33044
-33054
-33102
-33192
-33236
-33277
-33322
-33377
-33455
-33495
-33509
-33518
-33560
-33713
-33793
-33820
-33965
-34005
-34041
-34256
-34259
-34339
-34362
-34455
-34482
-34490
-34514
-34531
-34570
-34674
-34764
-34790
-34909
-35033
-35161
-35185
-35372
-35395
-35410
-35532
-35540
-35662
-35721
-35826
-35973
-35976
-36174
-36194
-36244
-36316
-36325
-36363
-36405
-36582
-36670
-36685
-36694
-36728
-36907
-36914
-36958
-36963
-36984
-37023
-37057
-37128
-37243
-37509
-37695
-37699
-37814
-38060
-38175
-38190
-38305
-38395
-38527
-38562
-38577
-38665
-38732
-38773
-38903
-39040
-39081
-39105
-39231
-39334
-39531
-39609
-39617
-39768
-39872
-40051
-40187
-40193
-40204
-40247
-40335
-40470
-40549
-40589
-40615
-40673
-40754
-40757
-40823
-40867
-40869
-40948
-41062
-41176
-41263
-41277
-41310
-41417
-41439
-41459
-41600
-41902
-42049
-42066
-42133
-42226
-42280
-42369
-42484
-42594
-42616
-42647
-42680
-42864
-42917
-42925
-42926
-42985
-43052
-43073
-43142
-43167
-43205
-43276
-43347
-43358
-43361
-43427
-43452
-43523
-43531
-43548
-43643
-43652
-43755
-43884
-43921
-43933
-43980
-44064
-44066
-44251
-44292
-44403
-44422
-44427
-44469
-44505
-44521
-44562
-44619
-44660
-44750
-45000
-45141
-45270
-45318
-45518
-45559
-45660
-45742
-45775
-45789
-45814
-45821
-45824
-45991
-46037
-46061
-46063
-46131
-46152
-46181
-46268
-46450
-46510
-46641
-46817
-46940
-47006
-47059
-47088
-47199
-47223
-47234
-47464
-47542
-47622
-47637
-47756
-47948
-48054
-48086
-48148
-48226
-48286
-48297
-48403
-48455
-48723
-48752
-48796
-48879
-48895
-48902
-48914
-48993
-49021
-49284
-49312
-49363
-49516
-49532
-49630
-49654
-49678
-49734
-49802
-49806
-49891
-49898
-49936
-49982
-49989
-49990
-49998
-50127
-50152
-50209
-50292
-50512
-50619
-50632
-50652
-50716
-50725
-51010
-51229
-51278
-51359
-51439
-51495
-51505
-51520
-51566
-51686
-51815
-51824
-51910
-51951
-52016
-52071
-52160
-52164
-52243
-52289
-52312
-52317
-52520
-52578
-52668
-52776
-52828
-52874
-52909
-52963
-53041
-53062
-53150
-53238
-53333
-53599
-53654
-53696
-53737
-53771
-53965
-53977
-53989
-54093
-54355
-54362
-54408
-54428
-54544
-54562
-54582
-54732
-54769
-54835
-54839
-55003
-55029
-55081
-55089
-55097
-55176
-55202
-55238
-55307
-55388
-55464
-55469
-55523
-55555
-55597
-55779
-55827
-55830
-55851
-55909
-55972
-55972
-56031
-56044
-56047
-56166
-56175
-56185
-56187
-56442
-56681
-56756
-57015
-57105
-57117
-57180
-57553
-57709
-57837
-57902
-57974
-58120
-58211
-58275
-58314
-58439
-58697
-58777
-58896
-58933
-59139
-59249
-59265
-59329
-59390
-59488
-59676
-59728
-59988
-60069
-60190
-60222
-60299
-60352
-60384
-60501
-60512
-60532
-60544
-60595
-60628
-60634
-60716
-60791
-61049
-61116
-61129
-61145
-61153
-61170
-61241
-61368
-61423
-61479
-61486
-61520
-61556
-61606
-61681
-61748
-61803
-61819
-61825
-61838
-61883
-62068
-62270
-62275
-62284
-62321
-62364
-62388
-62495
-62579
-62596
-62747
-62803
-62970
-63016
-63112
-63213
-63287
-63320
-63395
-63449
-63469
-63592
-63611
-63666
-63754
-63809
-63855
-64102
-64140
-64364
-64391
-64450
-64552
-64589
-64755
-64802
-64805
-65002
-65108
-65182
-65184
-65278
-65580
-65599
-65622
-65654
-65815
-65868
-65880
-65886
-65925
-65990
-66004
-66069
-66287
-66340
-66364
-66402
-66589
-66654
-66700
-66749
-66944
-66985
-66995
-67175
-67298
-67328
-67408
-67420
-67438
-67546
-67650
-67651
-67654
-67676
-67693
-67746
-67849
-67896
-67921
-68092
-68125
-68220
-68362
-68397
-68399
-68458
-68474
-68532
-68812
-68984
-69009
-69038
-69065
-69373
-69466
-69979
-70057
-70206
-70222
-70264
-70358
-70385
-70412
-70497
-70511
-70522
-70553
-70571
-70572
-70637
-70644
-70743
-70797
-70984
-71091
-71135
-71200
-71243
-71280
-71315
-71317
-71379
-71448
-71472
-71503
-71504
-71528
-71603
-71620
-71683
-71917
-71962
-71976
-72037
-72119
-72125
-72215
-72446
-72521
-72551
-72595
-72743
-72758
-72797
-72825
-72895
-72991
-73087
-73117
-73392
-73400
-73405
-73455
-73459
-73494
-73516
-73595
-73647
-73686
-73711
-73841
-73900
-73948
-74021
-74051
-74070
-74088
-74114
-74120
-74153
-74170
-74193
-74309
-74442
-74509
-74747
-74810
-74814
-74870
-74940
-75025
-75087
-75122
-75140
-75225
-75227
-75236
-75370
-75731
-75751
-75795
-75846
-75900
-75955
-76018
-76029
-76124
-76161
-76287
-76294
-76318
-76386
-76403
-76481
-76487
-76511
-76643
-76644
-76659
-76779
-76785
-76809
-77299
-77324
-77341
-77372
-77516
-77767
-77787
-77819
-77894
-78105
-78121
-78130
-78340
-78427
-78445
-78513
-78558
-78593
-78614
-78678
-78680
-78767
-78800
-78818
-78853
-78939
-78940
-78977
-79001
-79057
-79156
-79371
-79534
-79636
-79920
-79954
-80025
-80085
-80130
-80189
-80234
-80395
-80417
-80555
-80744
-80753
-80757
-80766
-80923
-81180
-81187
-81194
-81293
-81548
-81694
-81734
-81812
-81856
-81931
-82134
-82160
-82191
-82221
-82264
-82265
-82365
-82424
-82460
-82470
-82531
-82574
-82660
-82684
-82755
-82813
-82884
-82994
-83124
-83191
-83460
-83504
-83796
-83799
-83829
-83859
-83928
-83950
-83958
-83983
-83996
-84004
-84028
-84051
-84084
-84175
-84268
-84310
-84417
-84429
-84563
-84915
-84922
-85002
-85027
-85095
-85134
-85229
-85231
-85313
-85325
-85362
-85503
-85532
-85541
-85638
-85709
-85803
-85832
-85863
-85910
-85931
-85957
-86166
-86175
-86262
-86440
-86559
-86590
-86727
-86730
-86898
-86966
-86974
-87041
-87057
-87067
-87070
-87081
-87115
-87223
-87258
-87314
-87372
-87609
-87714
-87783
-88029
-88048
-88055
-88143
-88146
-88157
-88194
-88213
-88340
-88456
-88509
-88742
-88752
-88788
-88792
-89013
-89067
-89109
-89202
-89288
-89414
-89421
-89437
-89438
-89642
-89694
-89815
-89967
-89993
-90161
-90193
-90279
-90324
-90526
-90599
-90611
-90679
-90715
-90724
-90925
-90934
-90937
-90965
-91044
-91133
-91134
-91225
-91240
-91360
-91385
-91554
-91612
-91638
-91875
-91903
-91925
-92078
-92169
-92179
-92189
-92287
-92292
-92392
-92450
-92585
-92622
-92822
-92854
-92884
-92963
-93003
-93011
-93060
-93111
-93204
-93222
-93263
-93392
-93628
-93688
-93698
-93728
-93771
-93806
-93869
-93909
-93966
-94215
-94275
-94316
-94375
-94411
-94480
-94516
-94527
-94547
-94717
-94719
-94743
-94795
-95038
-95088
-95102
-95190
-95199
-95424
-95437
-95548
-95557
-95589
-95659
-95756
-95777
-95789
-95794
-95836
-96001
-96027
-96032
-96035
-96101
-96219
-96312
-96504
-96555
-96565
-96706
-96721
-96875
-96932
-96979
-97088
-97154
-97221
-97258
-97301
-97370
-97402
-97403
-97449
-97544
-97554
-97607
-97618
-97997
-98000
-98169
-98172
-98363
-98491
-98522
-98745
-98817
-98832
-98848
-98875
-99022
-99112
-99151
-99185
-99194
-99235
-99471
-99723
-99790
-99846
-100019
-100052
-100143
-100194
-100256
-100296
-100324
-100335
-100416
-100625
-100646
-100662
-100664
-100871
-100971
-100990
-101122
-101123
-101134
-101259
-101278
-101323
-101499
-101544
-101716
-102004
-102061
-102086
-102096
-102133
-102134
-102218
-102218
-102224
-102248
-102483
-102549
-102682
-102720
-102764
-102922
-102924
-102930
-102943
-102952
-103020
-103168
-103380
-103423
-103480
-103535
-103639
-103669
-103690
-103738
-103747
-103758
-103765
-103824
-103846
-103855
-103888
-103995
-104060
-104072
-104135
-104191
-104213
-104369
-104398
-104449
-104503
-104510
-104588
-104689
-104839
-104896
-104929
-104940
-104977
-105008
-105010
-105243
-105259
-105293
-105302
-105436
-105715
-105724
-105920
-105939
-105968
-106001
-106145
-106196
-106303
-106308
-106309
-106434
-106445
-106456
-106579
-106737
-106740
-106767
-106788
-106852
-107008
-107054
-107139
-107286
-107619
-107636
-107665
-107677
-107685
-107820
-107829
-107850
-107855
-107970
-108053
-108055
-108082
-108102
-108125
-108144
-108206
-108221
-108317
-108462
-108487
-108490
-108712
-108784
-109116
-109252
-109478
-109507
-109566
-109613
-109655
-109691
-109700
-109839
-109988
-110004
-110057
-110078
-110083
-110242
-110355
-110403
-110423
-110432
-110535
-110673
-110713
-110716
-110836
-110920
-111009
-111105
-111168
-111263
-111322
-111484
-111687
-111714
-111715
-111724
-111776
-111782
-111814
-111934
-112103
-112316
-112450
-112510
-112557
-112616
-112620
-112738
-112749
-112765
-112770
-112888
-112917
-112937
-112944
-113043
-113156
-113200
-113631
-113762
-113780
-113992
-113993
-114352
-114377
-114480
-114486
-114601
-114692
-114718
-114738
-114743
-114755
-114806
-114882
-114896
-114901
-114933
-115030
-115082
-115191
-115233
-115328
-115353
-115397
-115616
-115628
-115637
-115654
-115699
-115821
-115861
-116000
-116067
-116291
-116331
-116339
-116519
-116541
-116632
-116638
-116717
-116728
-116865
-116948
-117084
-117110
-117149
-117171
-117172
-117256
-117317
-117491
-117614
-118082
-118090
-118097
-118103
-118184
-118231
-118404
-118561
-118677
-118848
-118865
-119085
-119110
-119196
-119297
-119319
-119336
-119367
-119449
-119569
-119657
-119681
-119751
-119786
-119790
-119816
-120169
-120269
-120289
-120371
-120389
-120474
-120502
-120521
-120620
-120641
-120697
-120754
-120784
-120786
-120922
-120930
-120959
-121017
-121030
-121071
-121201
-121219
-121279
-121316
-121383
-121419
-121444
-121452
-121884
-121963
-121991
-122093
-122124
-122242
-122257
-122298
-122329
-122393
-122394
-122407
-122411
-122452
-122453
-122526
-122529
-122560
-122572
-122607
-122626
-122646
-122706
-122722
-122842
-122854
-122885
-123064
-123165
-123259
-123417
-123426
-123494
-123535
-123563
-123615
-123650
-123753
-123799
-123816
-123924
-123951
-123965
-123977
-124021
-124143
-124150
-124179
-124203
-124255
-124273
-124287
-124323
-124363
-124498
-124502
-124682
-124716
-124723
-124758
-124897
-124916
-124937
-124985
-125049
-125168
-125281
-125291
-125299
-125378
-125382
-125618
-125704
-125770
-125782
-125806
-125859
-126059
-126088
-126203
-126232
-126314
-126323
-126361
-126905
-126958
-127011
-127074
-127116
-127129
-127220
-127247
-127302
-127320
-127422
-127469
-127488
-127521
-127609
-127679
-127740
-127811
-127944
-128093
-128189
-128271
-128300
-128338
-128346
-128413
-128503
-128727
-128938
-128990
-129018
-129096
-129246
-129250
-129272
-129460
-129562
-129728
-129975
-130078
-130096
-130143
-130163
-130227
-130281
-130350
-130352
-130434
-130486
-130520
-130629
-130693
-130746
-130766
-130776
-130786
-130799
-130821
-130884
-130943
-130957
-131007
-131065
-131079
-131109
-131275
-131442
-131665
-131704
-131724
-131816
-131842
-131852
-131863
-131878
-132017
-132147
-132548
-132694
-132699
-132825
-132866
-133005
-133128
-133240
-133280
-133421
-133533
-133655
-133733
-133764
-133870
-133935
-133970
-134023
-134225
-134264
-134542
-134589
-134662
-134677
-134742
-134750
-134834
-134860
-134994
-134997
-135153
-135297
-135336
-135381
-135386
-135414
-135588
-135667
-135738
-135792
-135849
-135866
-135926
-135927
-135944
-136006
-136020
-136062
-136134
-136224
-136242
-136245
-136308
-136540
-136555
-136576
-136601
-136618
-136702
-136784
-136810
-136836
-136909
-136957
-136978
-136997
-137031
-137183
-137321
-137466
-137480
-137583
-137685
-137761
-137779
-137844
-137913
-137937
-137976
-138032
-138072
-138085
-138140
-138140
-138196
-138220
-138347
-138430
-138434
-138436
-138513
-138531
-138540
-138562
-138862
-138922
-138952
-139081
-139167
-139187
-139190
-139214
-139215
-139230
-139350
-139480
-139507
-139676
-139680
-139715
-140059
-140175
-140305
-140317
-140332
-140415
-140462
-140468
-140512
-140573
-140657
-140808
-140822
-140941
-140943
-140983
-141022
-141032
-141034
-141121
-141125
-141152
-141213
-141216
-141326
-141433
-141450
-141463
-141602
-141621
-141632
-141639
-141640
-141731
-141792
-141856
-141980
-141994
-142115
-142142
-142158
-142200
-142279
-142283
-142320
-142331
-142384
-142430
-142571
-142635
-142646
-142702
-142731
-142824
-142890
-142936
-143014
-143104
-143127
-143201
-143230
-143637
-143656
-143851
-143899
-143946
-144073
-144160
-144203
-144243
-144416
-144464
-144468
-144553
-144635
-145166
-145232
-145593
-145767
-145771
-145866
-145931
-145945
-145976
-146053
-146136
-146172
-146461
-146510
-146758
-146816
-146833
-146856
-146998
-147045
-147061
-147209
-147244
-147314
-147355
-147451
-147513
-147557
-147568
-147591
-147717
-147749
-147808
-147829
-147863
-147916
-147959
-147981
-148003
-148040
-148129
-148221
-148358
-148375
-148532
-148624
-148713
-148834
-148894
-149098
-149167
-149171
-149223
-149299
-149310
-149314
-149345
-149369
-149576
-149577
-149610
-149626
-149631
-149653
-149697
-149698
-149705
-149722
-149778
-149811
-149893
-149909
-149911
-149952
-149974
-150152
-150154
-150240
-150243
-150389
-150420
-150459
-150539
-150578
-150687
-150727
-150772
-150787
-150794
-150909
-151101
-151119
-151423
-151514
-151638
-151654
-151735
-151802
-151814
-151861
-151979
-152099
-152288
-152352
-152503
-152525
-152531
-152532
-152759
-152809
-152859
-152910
-152940
-152940
-152995
-153004
-153033
-153035
-153112
-153176
-153204
-153211
-153238
-153257
-153360
-153406
-153545
-153563
-153714
-153783
-153890
-154098
-154136
-154146
-154236
-154287
-154361
-154567
-154617
-154705
-154766
-154775
-154793
-154798
-154875
-154933
-154958
-154983
-154984
-154992
-155014
-155020
-155066
-155104
-155172
-155227
-155251
-155451
-155581
-155603
-155636
-155704
-155810
-155854
-155875
-155927
-156079
-156115
-156165
-156229
-156265
-156293
-156398
-156400
-156482
-156580
-156593
-156599
-156728
-156846
-156879
-156958
-157081
-157115
-157229
-157238
-157348
-157382
-157451
-157547
-157593
-157616
-157668
-157671
-157770
-157864
-157910
-157974
-157978
-157978
-158087
-158133
-158178
-158189
-158208
-158273
-158283
-158361
-158405
-158431
-158437
-158505
-158532
-158553
-158606
-158643
-158682
-158758
-158968
-158979
-158984
-158991
-159090
-159167
-159380
-159415
-159506
-159601
-159640
-159661
-159734
-159788
-159793
-159845
-159847
-159916
-160001
-160037
-160100
-160176
-160177
-160333
-160363
-160487
-160535
-160651
-160692
-160703
-160734
-160771
-160919
-160956
-161014
-161177
-161197
-161341
-161365
-161387
-161450
-161459
-161469
-161498
-161504
-161529
-161549
-161551
-161567
-161620
-161693
-161752
-161806
-161819
-161875
-161979
-162094
-162230
-162261
-162435
-162457
-162580
-162645
-162655
-162710
-162761
-162951
-162988
-163159
-163227
-163264
-163387
-163550
-163582
-163643
-163738
-163810
-163811
-163867
-163937
-163937
-163962
-163981
-164003
-164052
-164120
-164124
-164199
-164224
-164275
-164545
-164754
-164755
-164766
-164825
-164892
-164955
-164961
-165078
-165091
-165101
-165259
-165357
-165463
-165646
-165659
-165710
-165714
-166009
-166099
-166106
-166106
-166166
-166259
-166272
-166314
-166404
-166445
-166470
-166540
-166664
-166665
-166782
-166844
-166867
-166919
-166930
-166938
-166940
-166947
-166999
-167054
-167082
-167099
-167217
-167227
-167278
-167319
-167460
-167646
-167717
-167745
-167782
-167852
-167853
-167932
-168007
-168096
-168113
-168135
-168279
-168344
-168438
-168469
-168546
-168569
-168594
-168769
-168776
-168780
-168812
-168910
-168944
-169051
-169096
-169292
-169317
-169322
-169329
-169339
-169420
-169439
-169539
-169605
-169622
-169824
-169885
-169939
-170023
-170060
-170184
-170213
-170344
-170363
-170435
-170442
-170698
-170704
-170953
-171042
-171065
-171080
-171122
-171165
-171177
-171261
-171276
-171333
-171399
-171443
-171498
-171596
-171686
-171720
-171882
-171983
-172027
-172050
-172065
-172255
-172308
-172333
-172342
-172349
-172492
-172505
-172506
-172543
-172569
-172583
-172604
-172759
-172945
-172986
-173070
-173212
-173354
-173417
-173557
-173575
-173604
-173623
-173635
-173648
-173692
-173728
-173741
-173845
-173940
-174034
-174086
-174160
-174295
-174386
-174490
-174501
-174558
-174616
-174661
-174711
-174795
-174839
-174847
-174853
-174873
-174876
-174880
-174947
-175048
-175283
-175348
-175392
-175501
-175566
-175568
-175705
-175777
-175815
-175835
-175906
-175929
-175955
-175984
-176067
-176147
-176171
-176197
-176218
-176277
-176441
-176479
-176581
-176653
-176671
-176673
-176763
-176782
-176787
-176885
-176924
-176953
-176982
-177011
-177095
-177207
-177375
-177497
-177732
-177852
-177903
-177936
-177996
-178236
-178275
-178282
-178290
-178307
-178429
-178476
-178476
-178658
-178700
-178823
-178896
-179047
-179124
-179153
-179265
-179272
-179336
-179364
-179406
-179438
-179456
-179488
-179517
-179575
-179760
-179780
-179862
-179865
-179870
-179881
-179953
-180023
-180153
-180240
-180252
-180391
-180612
-180641
-180929
-180983
-181016
-181100
-181104
-181145
-181193
-181297
-181379
-181443
-181495
-181568
-181619
-181642
-181675
-181690
-181767
-181818
-181826
-181892
-181895
-181931
-181946
-182040
-182070
-182154
-182158
-182204
-182302
-182336
-182389
-182413
-182414
-182434
-182504
-182572
-182643
-182667
-182788
-182834
-182848
-182864
-182898
-182984
-183105
-183105
-183117
-183129
-183157
-183277
-183350
-183570
-183570
-183637
-183708
-183727
-183826
-183901
-183934
-184101
-184108
-184204
-184293
-184301
-184483
-184494
-184501
-184518
-184610
-184710
-184804
-184817
-184870
-185042
-185069
-185082
-185134
-185210
-185245
-185257
-185264
-185344
-185370
-185390
-185449
-185474
-185482
-185533
-185620
-185872
-185877
-185883
-185987
-185994
-186123
-186141
-186246
-186343
-186416
-186416
-186696
-186741
-186811
-186935
-186976
-187137
-187257
-187301
-187311
-187352
-187402
-187434
-187618
-187633
-187833
-187869
-187885
-187932
-188004
-188022
-188073
-188196
-188216
-188252
-188316
-188399
-188426
-188522
-188598
-188630
-188631
-188694
-188750
-188800
-188805
-188861
-188899
-188961
-188996
-189036
-189175
-189313
-189339
-189360
-189413
-189537
-189554
-189829
-189861
-189944
-190000
-190184
-190222
-190279
-190331
-190394
-190458
-190513
-190693
-190740
-190765
-190895
-190994
-191132
-191279
-191368
-191387
-191417
-191537
-191546
-191619
-191622
-191781
-191954
-191995
-192015
-192065
-192190
-192231
-192318
-192391
-192395
-192537
-192547
-192564
-192661
-192685
-192686
-192800
-192827
-192883
-192975
-192991
-193006
-193228
-193274
-193323
-193475
-193509
-193520
-193537
-193625
-193632
-193647
-193730
-193810
-193875
-193887
-193938
-194013
-194110
-194114
-194147
-194198
-194319
-194353
-194490
-194592
-194618
-194688
-194734
-194771
-194783
-194862
-195030
-195081
-195193
-195369
-195369
-195426
-195488
-195517
-195598
-195621
-195679
-195721
-195745
-195792
-195828
-195860
-196067
-196092
-196156
-196309
-196316
-196567
-196686
-196700
-196743
-196786
-196805
-196842
-196869
-196900
-196964
-197004
-197040
-197050
-197126
-197198
-197249
-197456
-197462
-197511
-197641
-197654
-197666
-197754
-197777
-198063
-198095
-198133
-198160
-198213
-198234
-198289
-198489
-198489
-198802
-198916
-199009
-199132
-199190
-199462
-199590
-199652
-199812
-199879
-200389
-200491
-200797
-200939
-201067
-201132
-201143
-201259
-201371
-201401
-201455
-201459
-202052
-202060
-202076
-202119
-202192
-202270
-202281
-202288
-202543
-202562
-202602
-202641
-202688
-202722
-202723
-202738
-202763
-202785
-202831
-202902
-202909
-202935
-202956
-202960
-202970
-202985
-203080
-203094
-203157
-203196
-203205
-203228
-203262
-203294
-203303
-203392
-203524
-203581
-203654
-203798
-203827
-204006
-204078
-204098
-204184
-204234
-204318
-204318
-204395
-204418
-204432
-204531
-204532
-204608
-204615
-204634
-204738
-204816
-205117
-205119
-205236
-205240
-205269
-205368
-205525
-205565
-205610
-205655
-205686
-205714
-205738
-205742
-205786
-205800
-205867
-206031
-206031
-206079
-206293
-206294
-206511
-206582
-206635
-206768
-206841
-206861
-206924
-206938
-206953
-206999
-207008
-207148
-207276
-207379
-207448
-207534
-207568
-207608
-207774
-207807
-207851
-207855
-207891
-208064
-208079
-208084
-208109
-208114
-208140
-208211
-208229
-208350
-208444
-208483
-208486
-208538
-208540
-208624
-208640
-208666
-208719
-208736
-208743
-208753
-208764
-208783
-208816
-209035
-209176
-209281
-209370
-209416
-209738
-209785
-209790
-209847
-210014
-210074
-210149
-210177
-210194
-210198
-210252
-210269
-210499
-210888
-210889
-210970
-211040
-211134
-211193
-211340
-211356
-211384
-211428
-211436
-211632
-211635
-211727
-211813
-211823
-211958
-212075
-212172
-212210
-212257
-212365
-212384
-212393
-212433
-212453
-212480
-212645
-212762
-212820
-212925
-213023
-213075
-213137
-213165
-213215
-213248
-213273
-213329
-213342
-213344
-213388
-213439
-213539
-213588
-213640
-213669
-213844
-213927
-213990
-214043
-214157
-214174
-214204
-214224
-214251
-214299
-214420
-214428
-214543
-214544
-214550
-214763
-214776
-214964
-214974
-214978
-215135
-215164
-215183
-215250
-215383
-215383
-215432
-215475
-215477
-215507
-215576
-215733
-215801
-215832
-215881
-216009
-216011
-216031
-216070
-216080
-216170
-216177
-216236
-216271
-216314
-216346
-216418
-216473
-216482
-216509
-216569
-216691
-216707
-216717
-216780
-216789
-216852
-216865
-216903
-217218
-217234
-217236
-217255
-217268
-217277
-217317
-217452
-217490
-217565
-217853
-218052
-218077
-218096
-218168
-218172
-218239
-218253
-218287
-218379
-218428
-218466
-218590
-218599
-218625
-218736
-218899
-218942
-218994
-218997
-219029
-219071
-219093
-219120
-219127
-219130
-219130
-219221
-219342
-219371
-219645
-219699
-219786
-219879
-219883
-219942
-219970
-220021
-220108
-220216
-220231
-220245
-220258
-220299
-220412
-220508
-220535
-220674
-220684
-220825
-220846
-221147
-221258
-221351
-221463
-221486
-221576
-221577
-221641
-221644
-221671
-221712
-221883
-221884
-221955
-221972
-221992
-222032
-222040
-222049
-222133
-222222
-222263
-222427
-222503
-222601
-222631
-222640
-222669
-222673
-222752
-222762
-222945
-223083
-223088
-223193
-223211
-223242
-223264
-223267
-223503
-223557
-223591
-223604
-223616
-223637
-223650
-223683
-223804
-223827
-223933
-224090
-224245
-224297
-224343
-224369
-224538
-224543
-224553
-224670
-224672
-224695
-224736
-224821
-224882
-224974
-225009
-225080
-225114
-225185
-225225
-225283
-225314
-225323
-225392
-225636
-225680
-225688
-225717
-225776
-225784
-225812
-225816
-225920
-226001
-226198
-226291
-226334
-226401
-226410
-226448
-226627
-226747
-226761
-226779
-226856
-226860
-227041
-227128
-227211
-227324
-227441
-227575
-227644
-227703
-227749
-227764
-227826
-227897
-227934
-228135
-228196
-228206
-228255
-228300
-228319
-228337
-228415
-228418
-228429
-228607
-228800
-228831
-228846
-228941
-228997
-229024
-229034
-229132
-229219
-229292
-229320
-229365
-229405
-229686
-229798
-229815
-229815
-229817
-229832
-229838
-229989
-230030
-230140
-230219
-230288
-230430
-230447
-230507
-230558
-230589
-230776
-230863
-230871
-230965
-230983
-231027
-231036
-231238
-231266
-231322
-231324
-231342
-231543
-231606
-231672
-231946
-231950
-232262
-232275
-232310
-232358
-232363
-232432
-232463
-232510
-232549
-232644
-232703
-232761
-232811
-232935
-233137
-233215
-233218
-233297
-233307
-233353
-233422
-233600
-233660
-233688
-233730
-233843
-233844
-234388
-234460
-234473
-234478
-234483
-234484
-234506
-234527
-234595
-234719
-234755
-234842
-234961
-235009
-235117
-235125
-235374
-235413
-235424
-235518
-235552
-235613
-235666
-235935
-235965
-235987
-236067
-236072
-236091
-236094
-236105
-236121
-236338
-236474
-236743
-236773
-236852
-236974
-237164
-237244
-237265
-237402
-237489
-237490
-237522
-237605
-237640
-237694
-237734
-237787
-237905
-237906
-238057
-238163
-238184
-238234
-238309
-238539
-238562
-238566
-238585
-238593
-238688
-238714
-238798
-238803
-238854
-238876
-238941
-239175
-239518
-239680
-239847
-239850
-239881
-239970
-240077
-240169
-240188
-240254
-240359
-240462
-240482
-240544
-240564
-240767
-240826
-240906
-241087
-241108
-241163
-241300
-241447
-241453
-241710
-241785
-241817
-241849
-241921
-241931
-241976
-242161
-242163
-242315
-242376
-242404
-242409
-242547
-242564
-242595
-242658
-242673
-242683
-242719
-242775
-242813
-242821
-242827
-242938
-242956
-242998
-243147
-243257
-243279
-243346
-243370
-243428
-243429
-243525
-243535
-243616
-243648
-243693
-243768
-243794
-243978
-244019
-244084
-244086
-244150
-244392
-244414
-244435
-244455
-244547
-244606
-244607
-244656
-244779
-244864
-245008
-245038
-245094
-245132
-245141
-245147
-245182
-245236
-245241
-245322
-245326
-245424
-245476
-245612
-245680
-245753
-245756
-245763
-245856
-245859
-246009
-246043
-246087
-246113
-246127
-246200
-246204
-246256
-246338
-246424
-246507
-246548
-246575
-246613
-246631
-246769
-246776
-247050
-247055
-247080
-247163
-247171
-247190
-247194
-247312
-247345
-247429
-247783
-247839
-247914
-248001
-248041
-248194
-248226
-248253
-248276
-248286
-248420
-248453
-248512
-248663
-248733
-248818
-248831
-248872
-248890
-248988
-249007
-249038
-249154
-249213
-249261
-249312
-249336
-249500
-249508
-249774
-249829
-249834
-249878
-249985
-249988
-249996
-250079
-250112
-250149
-250216
-250274
-250494
-250603
-250616
-250827
-250881
-251014
-251051
-251099
-251135
-251139
-251152
-251170
-251267
-251437
-251475
-251567
-251638
-251702
-251714
-251752
-251992
-252059
-252130
-252133
-252166
-252213
-252241
-252243
-252513
-252551
-252589
-252639
-252650
-252795
-252879
-252895
-252941
-253011
-253092
-253137
-253152
-253189
-253228
-253258
-253296
-253469
-253617
-253676
-253773
-253850
-254008
-254032
-254149
-254352
-254359
-254438
-254484
-254528
-254697
-254802
-254909
-255087
-255125
-255156
-255209
-255214
-255234
-255400
-255463
-255536
-255621
-255896
-255963
-256257
-256279
-256288
-256291
-256347
-256406
-256539
-256567
-256680
-256695
-256867
-256946
-256967
-257045
-257093
-257117
-257206
-257281
-257286
-257306
-257415
-257447
-257457
-257485
-257577
-257629
-257654
-257658
-257791
-257811
-257855
-257909
-257953
-257992
-258096
-258189
-258271
-258414
-258533
-258631
-258676
-258680
-258753
-258789
-258799
-258908
-259006
-259140
-259193
-259479
-259488
-259517
-259543
-259577
-259839
-259923
-259963
-260033
-260039
-260221
-260280
-260373
-260513
-260647
-260688
-260703
-260804
-260924
-261133
-261187
-261368
-261506
-261514
-261534
-261769
-261795
-261834
-261878
-261896
-261978
-262036
-262249
-262275
-262353
-262363
-262377
-262434
-262567
-262642
-262799
-262824
-263013
-263019
-263044
-263100
-263134
-263193
-263207
-263221
-263227
-263332
-263450
-263573
-263628
-263721
-263748
-263778
-263788
-263817
-263919
-264005
-264080
-264141
-264151
-264325
-264413
-264626
-264633
-264680
-264696
-264775
-264788
-264849
-264924
-265090
-265101
-265103
-265144
-265269
-265389
-265480
-265599
-265670
-265858
-265957
-266106
-266153
-266203
-266206
-266210
-266245
-266264
-266425
-266633
-266658
-266719
-266816
-266819
-266923
-266950
-267035
-267054
-267079
-267226
-267381
-267442
-267452
-267492
-267529
-267557
-267601
-267623
-267744
-267755
-267770
-267907
-267988
-268095
-268107
-268124
-268222
-268256
-268374
-268413
-268725
-268797
-268884
-268952
-269041
-269185
-269503
-269513
-269566
-269614
-269622
-269648
-269767
-269827
-270091
-270128
-270131
-270144
-270170
-270209
-270238
-270257
-270363
-270569
-270633
-270832
-270839
-271041
-271049
-271132
-271217
-271398
-271515
-271601
-271621
-271690
-271716
-271757
-271822
-271939
-271991
-272106
-272174
-272208
-272211
-272365
-272365
-272375
-272579
-272635
-272764
-272810
-272968
-272991
-273120
-273166
-273378
-273429
-273500
-273659
-273793
-273814
-273887
-273914
-274041
-274072
-274088
-274249
-274287
-274334
-274338
-274353
-274366
-274431
-274551
-274952
-274991
-275046
-275092
-275118
-275225
-275304
-275345
-275458
-275506
-275519
-275527
-275593
-275628
-275735
-275798
-275951
-275989
-276002
-276013
-276048
-276135
-276285
-276296
-276314
-276364
-276461
-276529
-276734
-276764
-276785
-276918
-276920
-277370
-277400
-277459
-277615
-277696
-277790
-277845
-277865
-277923
-277932
-278071
-278244
-278333
-278354
-278409
-278445
-278457
-278473
-278479
-278513
-278564
-278736
-278747
-278804
-278816
-278817
-278863
-278874
-278944
-278992
-279008
-279018
-279102
-279331
-279374
-279378
-279429
-279442
-279484
-279488
-279518
-279552
-279616
-279742
-279845
-279895
-280040
-280085
-280233
-280410
-280484
-280487
-280522
-280603
-280638
-280788
-280835
-280915
-280948
-280959
-281179
-281207
-281255
-281262
-281318
-281415
-281454
-281494
-281735
-281749
-281755
-281886
-281925
-282155
-282224
-282436
-282544
-282565
-282589
-282592
-282761
-282890
-282927
-282932
-282992
-282995
-283127
-283157
-283231
-283328
-283406
-283442
-283518
-283537
-283564
-283573
-283618
-283620
-283803
-283848
-283850
-283852
-284010
-284048
-284079
-284120
-284272
-284383
-284389
-284434
-284639
-284677
-284752
-285067
-285077
-285106
-285193
-285288
-285475
-285506
-285591
-285603
-285664
-285740
-285993
-286033
-286093
-286274
-286275
-286281
-286350
-286471
-286520
-286533
-286596
-286734
-286762
-286838
-286927
-286961
-287026
-287028
-287107
-287127
-287266
-287297
-287298
-287315
-287434
-287586
-287587
-287612
-287721
-287862
-287889
-288087
-288092
-288225
-288279
-288355
-288359
-288426
-288472
-288638
-288661
-288667
-288691
-288721
-288772
-288792
-288839
-288876
-288934
-289015
-289115
-289253
-289385
-289469
-289512
-289567
-289576
-289636
-289916
-289918
-289958
-290083
-290089
-290131
-290295
-290392
-290409
-290510
-290518
-290523
-290870
-290928
-290983
-291041
-291146
-291182
-291215
-291246
-291247
-291301
-291351
-291450
-291486
-291727
-292013
-292199
-292214
-292218
-292368
-292490
-292646
-292924
-293064
-293065
-293102
-293107
-293135
-293169
-293252
-293259
-293273
-293388
-293413
-293431
-293510
-293518
-293526
-293600
-293623
-293662
-293670
-293747
-293769
-293948
-294073
-294108
-294180
-294194
-294225
-294302
-294310
-294328
-294396
-294485
-294501
-294532
-294533
-294585
-294751
-294896
-294920
-294951
-294982
-294986
-295036
-295088
-295100
-295129
-295157
-295189
-295249
-295263
-295320
-295385
-295404
-295433
-295438
-295464
-295480
-295500
-295519
-295728
-295827
-295842
-295893
-295893
-295970
-296099
-296236
-296278
-296389
-296403
-296423
-296453
-296465
-296498
-296536
-296559
-296737
-296883
-296948
-297042
-297066
-297097
-297101
-297136
-297192
-297210
-297218
-297239
-297275
-297285
-297517
-297545
-297582
-297768
-297776
-297803
-297806
-297885
-297915
-298037
-298122
-298155
-298283
-298310
-298345
-298348
-298391
-298432
-298869
-298873
-298890
-298932
-299040
-299139
-299268
-299273
-299313
-299321
-299386
-299509
-299629
-299665
-299747
-299752
-299792
-299877
-300011
-300120
-300186
-300193
-300295
-300331
-300331
-300349
-300547
-300574
-300595
-300702
-300736
-300757
-300783
-300855
-300916
-300948
-301004
-301083
-301102
-301194
-301272
-301309
-301328
-301431
-301523
-301544
-301603
-301674
-301792
-301799
-301967
-301991
-301993
-302092
-302152
-302183
-302387
-302413
-302416
-302418
-302423
-302492
-302561
-302586
-302710
-302844
-302931
-303124
-303147
-303178
-303187
-303213
-303447
-303480
-303482
-303495
-303547
-303608
-303610
-303612
-303706
-303740
-303765
-303796
-303845
-303942
-303994
-304027
-304048
-304108
-304235
-304300
-304332
-304366
-304465
-304466
-304584
-304587
-304686
-304699
-304702
-304753
-304941
-305226
-305273
-305422
-305424
-305493
-305510
-305513
-305542
-305635
-305639
-305708
-305813
-305902
-305927
-305949
-306092
-306098
-306109
-306217
-306280
-306312
-306325
-306665
-306669
-306760
-306873
-306967
-306993
-307087
-307207
-307264
-307341
-307398
-307567
-307567
-307604
-307843
-307911
-307973
-308016
-308037
-308076
-308086
-308162
-308264
-308268
-308271
-308341
-308423
-308584
-308586
-308603
-308611
-308612
-308638
-308663
-308833
-308863
-308993
-309044
-309069
-309071
-309081
-309095
-309126
-309162
-309170
-309171
-309191
-309243
-309280
-309372
-309384
-309499
-309524
-309622
-309661
-309744
-310013
-310029
-310215
-310394
-310424
-310456
-310486
-310528
-310533
-310581
-310739
-310755
-310847
-310868
-310877
-310883
-310907
-310932
-310995
-311233
-311346
-311448
-311483
-311575
-311667
-311691
-311714
-311781
-311792
-311988
-312202
-312214
-312279
-312379
-312496
-312562
-312636
-312666
-312749
-312893
-313035
-313077
-313108
-313216
-313276
-313468
-313506
-313533
-313548
-313816
-313831
-313838
-313931
-313936
-314016
-314070
-314172
-314266
-314304
-314340
-314347
-314360
-314390
-314397
-314415
-314465
-314505
-314598
-314760
-314776
-314787
-314908
-314954
-314993
-315064
-315069
-315142
-315195
-315375
-315483
-315568
-315580
-315593
-315759
-315811
-315889
-315974
-315977
-315988
-316016
-316248
-316317
-316380
-316398
-316419
-316531
-316609
-316614
-316726
-316746
-316905
-316918
-316997
-317018
-317027
-317076
-317199
-317212
-317253
-317261
-317292
-317569
-317639
-317682
-317739
-317752
-317757
-317823
-317829
-317931
-317998
-318062
-318145
-318194
-318504
-318516
-318535
-318625
-318660
-318676
-318684
-318709
-318709
-318963
-318999
-319116
-319142
-319200
-319216
-319222
-319227
-319277
-319479
-319595
-319622
-319669
-319685
-319715
-319732
-319744
-319935
-319960
-319963
-319997
-320115
-320182
-320208
-320211
-320246
-320303
-320426
-320453
-320485
-320592
-320624
-320857
-320900
-320943
-321042
-321072
-321077
-321101
-321101
-321187
-321230
-321370
-321386
-321400
-321477
-321520
-321578
-321593
-321618
-321751
-321755
-321970
-322003
-322028
-322032
-322213
-322285
-322601
-322687
-322697
-322762
-322930
-322949
-322981
-322995
-323215
-323326
-323360
-323515
-323542
-323559
-323596
-323691
-323746
-323858
-323912
-323919
-324058
-324132
-324352
-324403
-324432
-324642
-324695
-324717
-324735
-324756
-324772
-324796
-324869
-324917
-324957
-324966
-325078
-325092
-325124
-325149
-325156
-325158
-325188
-325224
-325362
-325465
-325617
-325654
-325721
-325723
-325754
-325766
-325818
-325830
-325929
-326009
-326019
-326102
-326122
-326276
-326332
-326344
-326559
-326560
-326592
-326686
-326709
-326773
-326802
-326851
-326871
-326879
-327036
-327044
-327052
-327055
-327098
-327118
-327130
-327152
-327158
-327240
-327437
-327467
-327511
-327583
-327652
-327670
-327786
-327875
-328253
-328264
-328298
-328341
-328404
-328453
-328454
-328459
-328599
-328600
-328619
-328688
-328717
-328812
-328861
-328906
-329079
-329134
-329204
-329408
-329412
-329427
-329452
-329490
-329624
-329646
-329654
-329671
-329691
-329757
-329769
-329837
-329935
-329968
-330004
-330295
-330377
-330428
-330672
-330733
-330809
-330872
-331079
-331105
-331112
-331112
-331279
-331403
-331490
-331574
-331592
-331645
-331720
-331730
-331790
-331828
-331920
-331923
-332006
-332045
-332070
-332165
-332189
-332238
-332251
-332269
-332387
-332439
-332439
-332654
-332703
-332716
-332792
-332807
-332931
-332960
-333059
-333101
-333103
-333134
-333264
-333276
-333349
-333397
-333421
-333504
-333574
-333604
-333629
-333723
-333730
-333753
-333848
-333948
-334008
-334173
-334205
-334219
-334331
-334366
-334495
-334576
-334631
-334810
-334832
-334854
-334897
-335064
-335101
-335102
-335130
-335257
-335297
-335318
-335379
-335622
-335657
-335916
-335999
-336105
-336176
-336308
-336525
-336536
-336547
-336601
-336614
-336907
-336939
-336988
-337060
-337094
-337198
-337204
-337260
-337705
-337758
-337818
-337827
-337966
-338108
-338139
-338200
-338226
-338257
-338278
-338336
-338356
-338397
-338618
-338722
-338841
-338857
-338957
-339028
-339055
-339174
-339209
-339347
-339442
-339485
-339617
-339647
-339698
-339707
-339800
-339828
-339890
-339918
-340027
-340057
-340193
-340229
-340283
-340364
-340388
-340415
-340446
-340497
-340504
-340555
-340670
-340678
-340777
-340855
-340938
-340966
-341101
-341148
-341175
-341323
-341390
-341517
-341726
-341850
-341934
-342005
-342092
-342236
-342303
-342334
-342433
-342514
-342659
-342759
-342840
-342914
-342916
-343018
-343049
-343051
-343075
-343106
-343168
-343194
-343213
-343400
-343438
-343440
-343633
-343635
-343704
-343898
-343961
-344050
-344063
-344068
-344164
-344224
-344258
-344293
-344324
-344352
-344408
-344422
-344440
-344470
-344603
-344881
-344958
-345080
-345134
-345141
-345158
-345307
-345474
-345478
-345516
-345575
-345663
-345663
-345727
-345875
-345926
-345980
-345998
-346051
-346053
-346099
-346185
-346288
-346312
-346380
-346391
-346400
-346490
-346558
-346695
-346772
-346858
-346924
-346935
-346952
-346979
-346982
-346996
-347011
-347018
-347116
-347189
-347208
-347265
-347295
-347386
-347431
-347452
-347514
-347578
-347712
-347739
-347761
-347770
-347838
-347838
-347912
-347931
-347978
-347984
-348106
-348129
-348161
-348239
-348449
-348592
-348674
-348692
-348704
-348791
-348816
-348833
-349023
-349103
-349199
-349361
-349448
-349701
-349840
-349981
-350139
-350143
-350146
-350313
-350343
-350370
-350382
-350395
-350507
-350531
-350704
-350854
-350904
-350912
-350917
-351096
-351113
-351166
-351221
-351242
-351263
-351301
-351303
-351325
-351376
-351441
-351444
-351447
-351452
-351631
-351663
-351758
-351969
-352027
-352069
-352196
-352220
-352226
-352227
-352252
-352292
-352527
-352629
-352637
-352717
-352728
-352805
-352861
-352989
-353072
-353230
-353361
-353388
-353409
-353428
-353481
-353578
-353602
-353633
-353719
-353739
-353740
-353866
-353892
-353899
-353977
-354097
-354167
-354172
-354259
-354294
-354514
-354562
-354574
-354582
-354684
-354724
-354734
-354848
-354863
-354978
-355095
-355126
-355254
-355265
-355401
-355445
-355483
-355510
-355734
-355766
-355792
-355828
-355841
-355888
-355984
-356106
-356115
-356171
-356206
-356228
-356349
-356396
-356466
-356600
-356757
-356801
-356849
-356867
-356954
-357037
-357043
-357054
-357132
-357186
-357192
-357283
-357419
-357499
-357571
-357652
-357801
-357809
-357864
-357891
-358040
-358141
-358144
-358188
-358300
-358374
-358406
-358554
-358555
-358592
-358602
-358635
-358682
-358723
-358785
-358786
-358844
-358847
-358913
-358982
-359004
-359147
-359192
-359282
-359399
-359422
-359484
-359592
-359684
-359757
-359798
-359825
-359838
-359903
-359922
-360005
-360273
-360466
-360668
-360668
-360753
-360838
-361008
-361247
-361333
-361470
-361497
-361555
-361640
-361717
-361789
-361790
-361832
-361878
-361880
-361893
-362070
-362163
-362457
-362519
-362536
-362675
-362679
-362736
-362785
-362839
-362857
-362865
-362907
-362994
-363010
-363013
-363157
-363234
-363243
-363262
-363265
-363338
-363386
-363455
-363498
-363509
-363522
-363568
-363590
-363626
-363642
-363697
-363727
-363735
-363752
-363773
-363823
-363929
-363995
-364096
-364137
-364251
-364335
-364350
-364351
-364487
-364512
-364539
-364563
-364568
-364605
-364716
-364736
-364773
-364814
-364970
-364983
-365012
-365116
-365359
-365385
-365495
-365535
-365545
-365614
-365618
-365648
-365667
-365728
-365762
-365768
-365914
-365946
-365976
-366045
-366046
-366255
-366262
-366444
-366532
-366541
-366621
-366656
-366676
-366838
-366874
-366927
-366983
-367185
-367293
-367309
-367368
-367428
-367457
-367512
-367637
-367665
-367703
-367715
-368018
-368274
-368330
-368354
-368402
-368479
-368513
-368582
-368602
-368637
-368682
-368783
-368918
-368939
-368992
-369067
-369075
-369208
-369271
-369309
-369322
-369398
-369525
-369535
-369568
-369605
-369609
-369732
-369734
-369925
-369937
-369995
-370006
-370046
-370113
-370276
-370338
-370364
-370382
-370436
-370468
-370473
-370489
-370534
-370545
-370787
-370797
-371063
-371080
-371161
-371293
-371417
-371426
-371513
-371597
-371688
-371797
-371878
-371944
-371994
-371999
-372015
-372065
-372141
-372150
-372215
-372262
-372304
-372304
-372308
-372313
-372356
-372362
-372508
-372528
-372814
-372893
-372905
-372905
-372957
-372961
-372972
-372976
-373055
-373063
-373183
-373328
-373346
-373419
-373440
-373486
-373532
-373554
-373694
-373697
-373744
-373831
-373879
-373887
-373907
-374048
-374099
-374355
-374357
-374367
-374465
-374581
-374646
-374824
-374923
-374961
-375029
-375133
-375174
-375207
-375246
-375388
-375403
-375626
-375666
-375867
-375869
-375945
-375983
-376012
-376139
-376255
-376387
-376498
-376830
-376883
-376884
-376940
-376958
-376965
-376966
-376981
-377019
-377114
-377121
-377302
-377404
-377559
-377599
-377729
-377844
-377854
-377930
-377948
-377979
-378016
-378189
-378570
-378572
-378606
-378624
-378630
-378754
-378778
-378802
-378986
-379104
-379144
-379206
-379235
-379277
-379335
-379350
-379434
-379537
-379568
-379634
-379637
-379656
-379760
-379787
-379793
-379800
-379807
-379865
-379897
-379951
-379982
-379995
-380089
-380135
-380143
-380176
-380260
-380290
-380453
-380481
-380490
-380515
-380587
-380741
-380754
-380800
-380808
-380830
-381001
-381110
-381168
-381320
-381405
-381411
-381476
-381616
-381621
-381628
-381634
-381657
-381823
-382156
-382197
-382212
-382293
-382327
-382602
-382605
-382723
-382834
-382840
-383017
-383102
-383163
-383181
-383206
-383212
-383241
-383248
-383272
-383413
-383441
-383477
-383529
-383575
-383683
-383810
-383960
-384048
-384118
-384303
-384408
-384476
-384517
-384634
-384653
-384704
-384746
-384933
-384943
-384954
-385001
-385045
-385049
-385055
-385060
-385158
-385182
-385195
-385344
-385376
-385388
-385394
-385456
-385575
-385645
-385826
-385880
-385903
-385948
-385976
-386011
-386047
-386061
-386349
-386355
-386359
-386423
-386456
-386781
-386808
-386808
-386998
-387004
-387022
-387067
-387133
-387184
-387259
-387279
-387360
-387375
-387531
-387545
-387552
-387601
-387618
-387649
-387653
-387693
-387804
-387821
-387869
-387916
-387923
-388009
-388017
-388034
-388057
-388129
-388132
-388178
-388254
-388384
-388391
-388481
-388486
-388594
-388602
-388754
-388812
-388855
-389089
-389100
-389111
-389197
-389293
-389299
-389379
-389404
-389407
-389494
-389620
-389692
-389752
-389939
-390056
-390083
-390134
-390161
-390206
-390207
-390229
-390426
-390446
-390548
-390576
-390605
-390662
-390942
-390965
-391010
-391026
-391136
-391209
-391246
-391321
-391328
-391451
-391473
-391616
-391751
-391804
-391938
-392006
-392043
-392212
-392230
-392282
-392285
-392346
-392362
-392373
-392391
-392431
-392684
-392719
-392731
-392753
-392813
-392880
-392894
-392976
-393219
-393241
-393287
-393306
-393574
-393731
-393757
-393807
-393996
-394028
-394044
-394180
-394456
-394645
-394685
-394755
-394765
-394786
-394806
-394948
-394977
-395103
-395121
-395281
-395327
-395533
-395691
-395727
-395736
-395790
-395796
-395843
-395848
-396141
-396165
-396180
-396205
-396235
-396296
-396429
-396440
-396600
-396630
-396670
-396738
-396743
-396796
-396826
-396845
-396881
-396905
-396951
-397195
-397231
-397255
-397291
-397383
-397503
-397775
-397796
-397851
-397955
-398134
-398153
-398265
-398402
-398630
-398782
-398833
-398856
-398928
-398965
-399052
-399069
-399076
-399104
-399222
-399236
-399246
-399284
-399441
-399515
-399544
-399545
-399706
-399851
-399885
-399900
-399904
-399956
-400040
-400062
-400066
-400152
-400167
-400169
-400187
-400300
-400313
-400336
-400389
-400466
-400509
-400524
-400596
-400669
-400719
-400840
-401039
-401098
-401186
-401288
-401302
-401428
-401486
-401508
-401518
-401616
-401688
-401750
-401831
-401908
-401921
-401937
-401984
-402063
-402200
-402275
-402348
-402397
-402420
-402421
-402586
-402649
-402657
-402883
-402933
-403008
-403059
-403084
-403418
-403501
-403574
-403767
-403775
-403794
-403822
-403843
-403948
-404001
-404025
-404048
-404196
-404212
-404340
-404359
-404578
-404586
-404587
-404689
-404701
-404762
-404792
-404806
-404835
-404893
-405018
-405019
-405076
-405153
-405161
-405272
-405424
-405455
-405496
-405657
-405914
-405977
-405977
-406120
-406306
-406402
-406492
-406546
-406704
-406754
-406790
-406804
-406865
-406880
-406920
-407073
-407081
-407081
-407164
-407263
-407442
-407509
-407522
-407575
-407577
-407603
-407638
-407703
-407721
-407738
-407803
-407954
-408221
-408309
-408380
-408572
-408607
-408644
-408654
-408736
-408736
-408798
-408895
-408908
-408972
-409029
-409037
-409280
-409303
-409404
-409425
-409427
-409436
-409454
-409467
-409482
-409561
-409561
-409588
-409594
-409673
-409977
-410005
-410056
-410123
-410130
-410133
-410194
-410219
-410398
-410425
-410538
-410550
-410591
-410670
-410701
-410721
-410742
-410783
-410805
-410858
-411014
-411082
-411167
-411172
-411203
-411215
-411272
-411295
-411345
-411347
-411514
-411525
-411535
-411597
-411614
-411630
-411686
-411753
-411773
-411774
-411802
-411858
-411867
-411883
-411993
-411996
-412005
-412212
-412300
-412481
-412589
-412646
-412820
-412833
-412847
-412933
-412951
-412965
-413017
-413057
-413081
-413099
-413248
-413457
-413577
-413634
-413684
-413696
-413749
-413779
-414142
-414191
-414202
-414237
-414336
-414337
-414340
-414376
-414397
-414416
-414508
-414528
-414550
-414597
-414734
-414742
-414756
-414900
-414939
-414999
-415051
-415199
-415208
-415290
-415309
-415373
-415376
-415380
-415421
-415488
-415590
-415624
-415624
-415644
-415706
-415779
-415856
-415959
-416010
-416067
-416073
-416095
-416144
-416176
-416178
-416217
-416347
-416539
-416600
-416685
-416697
-416708
-416834
-416845
-416882
-416946
-417099
-417104
-417148
-417445
-417517
-417521
-417596
-417674
-417694
-417696
-417697
-417728
-417749
-417762
-417863
-417947
-417960
-417966
-417990
-418039
-418047
-418089
-418160
-418316
-418377
-418401
-418437
-418518
-418534
-418569
-418602
-418724
-418774
-418955
-419004
-419240
-419332
-419345
-419437
-419456
-419609
-419617
-419694
-419754
-419852
-419905
-419929
-419950
-419972
-420016
-420035
-420142
-420253
-420343
-420385
-420418
-420442
-420512
-420646
-420654
-420677
-420700
-420730
-420796
-420805
-420878
-421113
-421113
-421142
-421180
-421346
-421387
-421440
-421456
-421459
-421573
-421589
-421598
-421627
-421784
-421800
-421810
-421831
-421845
-421867
-421886
-422012
-422098
-422176
-422310
-422331
-422396
-422438
-422467
-422555
-422580
-422589
-422611
-422627
-422652
-422674
-422759
-422770
-422784
-422862
-422894
-422938
-422981
-423152
-423213
-423259
-423335
-423410
-423433
-423530
-423573
-423573
-423579
-423670
-423680
-423771
-423786
-423822
-423880
-423939
-423955
-424003
-424025
-424026
-424077
-424224
-424336
-424362
-424381
-424491
-424512
-424678
-424685
-424825
-424826
-424842
-424884
-424889
-424971
-425027
-425317
-425469
-425513
-425526
-425568
-425636
-425688
-425697
-425718
-425827
-425866
-425866
-426065
-426128
-426252
-426280
-426564
-426641
-426679
-426701
-426765
-426789
-426832
-426842
-426848
-426873
-427178
-427254
-427383
-427511
-427533
-427548
-427591
-427599
-427610
-427616
-427712
-427837
-427856
-427878
-427899
-427903
-428085
-428135
-428187
-428191
-428289
-428378
-428399
-428415
-428431
-428499
-428625
-428629
-428630
-428725
-428838
-428906
-428906
-428917
-428933
-428935
-428942
-428956
-428969
-429092
-429110
-429118
-429206
-429295
-429378
-429379
-429555
-429619
-429668
-429688
-429691
-429734
-429739
-429797
-429881
-429927
-429929
-429993
-430018
-430228
-430229
-430323
-430349
-430371
-430446
-430499
-430552
-430593
-430692
-430746
-430817
-430936
-430938
-431063
-431346
-431358
-431359
-431479
-431494
-431656
-431677
-431684
-431688
-431828
-431840
-431872
-431876
-431881
-431901
-431910
-431956
-431960
-432088
-432397
-432402
-432419
-432509
-432653
-432677
-432781
-432794
-432821
-432851
-432870
-432917
-432922
-432955
-433042
-433060
-433154
-433202
-433207
-433224
-433224
-433242
-433588
-433681
-433729
-433782
-433786
-433883
-433892
-433905
-433934
-434023
-434096
-434129
-434140
-434182
-434249
-434341
-434359
-434465
-434550
-434608
-434696
-434763
-434934
-434939
-434995
-434997
-435206
-435249
-435277
-435313
-435344
-435374
-435454
-435477
-435515
-435518
-435650
-435813
-435822
-435826
-436083
-436095
-436216
-436441
-436491
-436633
-436677
-436759
-436783
-436832
-436919
-436929
-436991
-437052
-437063
-437074
-437088
-437253
-437320
-437342
-437407
-437517
-437528
-437534
-437954
-437987
-438148
-438149
-438277
-438335
-438549
-438568
-438627
-438666
-438818
-438909
-439012
-439126
-439127
-439205
-439344
-439425
-439463
-439736
-439863
-439894
-440027
-440054
-440161
-440205
-440276
-440360
-440422
-440471
-440509
-440611
-440672
-440673
-440811
-440834
-440894
-440899
-440926
-440930
-440940
-441031
-441060
-441156
-441182
-441233
-441253
-441415
-441462
-441574
-441635
-441752
-441799
-441946
-442037
-442051
-442118
-442176
-442330
-442358
-442464
-442510
-442579
-442606
-442627
-443092
-443244
-443323
-443374
-443386
-443437
-443526
-443593
-443622
-443719
-443725
-443734
-443763
-443953
-444037
-444050
-444155
-444229
-444236
-444428
-444432
-444454
-444483
-444485
-444522
-444524
-444801
-444812
-444837
-444903
-444991
-445255
-445323
-445398
-445457
-445497
-445526
-445666
-445781
-445823
-445849
-445891
-445934
-445994
-446005
-446043
-446273
-446332
-446359
-446461
-446570
-446642
-446684
-446712
-446783
-446830
-446892
-446967
-447089
-447095
-447151
-447182
-447344
-447363
-447413
-447458
-447715
-447856
-447888
-447904
-447963
-448084
-448121
-448135
-448137
-448225
-448309
-448348
-448382
-448410
-448432
-448491
-448572
-448573
-448578
-448711
-448725
-448774
-448787
-448871
-449032
-449043
-449080
-449116
-449195
-449205
-449224
-449228
-449352
-449377
-449463
-449511
-449533
-449633
-449641
-449655
-449757
-449883
-449969
-450000
-450045
-450052
-450063
-450186
-450292
-450299
-450327
-450358
-450407
-450588
-450602
-450807
-450809
-450929
-450986
-451055
-451449
-451554
-451644
-451712
-451754
-451787
-451824
-451860
-451865
-451912
-452312
-452357
-452391
-452427
-452559
-452589
-452634
-452738
-452809
-452873
-453083
-453119
-453161
-453271
-453550
-453562
-453568
-453588
-453613
-453669
-453727
-453806
-453811
-453871
-453896
-454072
-454208
-454258
-454304
-454373
-454402
-454580
-454597
-454689
-454778
-454907
-454919
-454974
-455029
-455117
-455210
-455464
-455472
-455545
-455626
-455738
-455825
-455828
-455919
-455964
-456040
-456068
-456098
-456146
-456155
-456169
-456220
-456432
-456438
-456473
-456559
-456611
-456697
-456859
-456866
-456957
-456966
-456986
-457051
-457157
-457186
-457390
-457403
-457587
-457678
-457748
-457783
-457818
-457938
-457951
-457952
-458027
-458221
-458271
-458413
-458505
-458528
-458542
-458702
-458712
-458734
-458796
-459116
-459384
-459385
-459403
-459468
-459559
-459570
-459587
-459710
-459715
-459896
-460063
-460063
-460124
-460145
-460165
-460296
-460304
-460322
-460385
-460387
-460395
-460481
-460567
-460693
-460784
-461023
-461031
-461134
-461289
-461387
-461407
-461450
-461470
-461580
-461609
-461609
-461620
-461676
-461847
-461872
-462030
-462031
-462071
-462205
-462207
-462271
-462423
-462492
-462554
-462602
-462604
-462701
-462720
-462759
-462856
-462877
-462889
-462967
-463033
-463059
-463073
-463089
-463194
-463218
-463229
-463269
-463298
-463378
-463388
-463389
-463420
-463460
-463485
-463609
-463611
-463622
-463735
-463834
-463841
-463868
-463976
-464143
-464192
-464241
-464279
-464306
-464315
-464423
-464469
-464527
-464545
-464725
-464872
-464923
-465087
-465161
-465189
-465290
-465297
-465565
-465624
-465679
-465683
-465709
-465710
-465792
-465815
-465923
-466001
-466092
-466095
-466126
-466176
-466287
-466302
-466390
-466449
-466453
-466553
-466649
-466720
-466723
-466756
-466804
-466831
-466918
-466927
-466969
-467146
-467215
-467290
-467364
-467377
-467385
-467433
-467437
-467543
-467572
-467620
-467676
-467718
-467738
-468023
-468090
-468185
-468238
-468247
-468254
-468297
-468360
-468397
-468490
-468551
-468644
-468716
-468780
-469021
-469068
-469351
-469429
-469449
-469461
-469471
-469540
-469695
-469931
-470005
-470070
-470076
-470256
-470308
-470546
-470610
-470724
-470728
-470739
-470828
-470835
-470873
-471145
-471169
-471259
-471275
-471277
-471419
-471426
-471480
-471600
-471607
-471620
-471657
-471673
-471680
-471731
-471864
-472105
-472111
-472208
-472227
-472273
-472287
-472336
-472375
-472613
-472624
-472678
-472749
-472799
-473172
-473226
-473227
-473523
-473574
-473698
-473734
-473747
-473767
-473774
-473842
-473914
-473973
-473992
-474099
-474118
-474292
-474301
-474376
-474377
-474544
-474562
-474841
-474875
-474927
-474966
-475094
-475194
-475202
-475283
-475341
-475416
-475441
-475466
-475500
-475541
-475606
-475803
-475883
-475899
-475934
-475990
-475990
-475991
-476223
-476259
-476366
-476378
-476499
-476647
-476665
-476756
-476804
-476806
-476808
-476919
-476924
-477017
-477029
-477049
-477085
-477094
-477145
-477179
-477310
-477433
-477709
-477749
-477809
-477933
-477973
-478094
-478099
-478184
-478399
-478521
-478524
-478529
-478546
-478813
-478820
-478965
-479056
-479074
-479201
-479299
-479390
-479463
-479545
-479596
-479614
-479640
-479762
-479831
-479912
-479957
-479961
-479988
-480117
-480117
-480188
-480196
-480259
-480277
-480360
-480370
-480486
-480612
-480659
-480710
-480806
-480816
-480945
-480977
-481008
-481083
-481164
-481263
-481288
-481324
-481356
-481607
-481666
-481683
-481687
-481755
-481850
-481919
-482009
-482012
-482036
-482133
-482141
-482229
-482345
-482641
-482796
-482856
-482907
-482983
-483022
-483129
-483164
-483197
-483362
-483495
-483574
-483755
-483785
-483813
-484037
-484118
-484224
-484312
-484355
-484437
-484517
-484539
-484586
-484586
-484595
-484672
-484846
-484944
-484988
-485049
-485058
-485065
-485112
-485173
-485266
-485302
-485321
-485370
-485484
-485574
-485643
-485699
-485726
-485734
-485752
-485755
-485771
-485946
-485953
-486052
-486209
-486342
-486514
-486535
-486594
-486662
-486703
-486744
-486766
-486823
-486888
-486902
-486926
-487011
-487040
-487045
-487082
-487148
-487150
-487454
-487456
-487474
-487487
-487550
-487564
-487650
-487709
-487924
-488137
-488161
-488211
-488324
-488396
-488480
-488538
-488554
-488580
-488587
-488631
-488694
-488788
-488791
-488791
-488793
-488796
-488797
-488881
-488901
-489019
-489098
-489197
-489327
-489333
-489375
-489591
-489679
-489788
-490210
-490270
-490342
-490438
-490448
-490473
-490567
-490572
-490615
-490623
-490697
-490733
-490785
-490858
-490886
-490945
-491055
-491112
-491129
-491137
-491388
-491478
-491560
-491585
-491654
-491809
-491965
-492004
-492095
-492095
-492132
-492179
-492283
-492291
-492298
-492308
-492308
-492382
-492426
-492477
-492599
-492677
-492790
-492795
-492815
-492921
-492936
-492947
-492963
-493003
-493094
-493174
-493278
-493302
-493342
-493362
-493486
-493745
-493821
-493919
-494021
-494076
-494117
-494133
-494452
-494494
-494586
-494617
-494736
-494925
-494949
-495036
-495155
-495269
-495283
-495362
-495456
-495492
-495564
-495678
-495758
-495822
-495875
-495933
-495989
-496104
-496136
-496148
-496483
-496515
-496520
-496616
-496620
-496740
-496749
-496886
-496909
-496942
-496969
-496970
-497074
-497100
-497121
-497126
-497158
-497176
-497223
-497252
-497259
-497517
-497556
-497618
-497674
-497761
-497769
-497785
-497814
-497830
-497866
-497958
-498054
-498099
-498203
-498265
-498368
-498377
-498530
-498540
-498541
-498572
-498666
-498705
-498711
-498729
-498766
-498835
-498858
-499031
-499097
-499113
-499196
-499196
-499496
-499507
-499735
-499898
-499907
-499941
-499961
-499997
-499998
-500033
-500128
-500286
-500296
-500328
-500362
-500403
-500556
-500665
-500670
-500692
-500744
-500868
-500930
-500997
-501003
-501093
-501193
-501201
-501413
-501416
-501441
-501490
-501612
-501646
-501676
-501711
-501821
-501852
-501895
-501923
-502019
-502022
-502418
-502502
-502503
-502644
-502796
-502852
-503014
-503063
-503066
-503161
-503305
-503403
-503481
-503684
-503704
-503741
-503754
-503789
-503827
-503843
-503925
-503980
-504062
-504077
-504099
-504106
-504167
-504231
-504267
-504303
-504359
-504378
-504401
-504630
-504790
-505084
-505185
-505216
-505236
-505242
-505243
-505254
-505271
-505382
-505452
-505493
-505514
-505570
-505607
-505623
-505682
-505765
-505784
-505814
-505875
-505939
-506010
-506046
-506103
-506120
-506136
-506295
-506378
-506436
-506465
-506542
-506560
-506618
-506729
-506744
-506792
-506811
-507049
-507218
-507219
-507230
-507341
-507424
-507544
-507552
-507658
-507738
-507817
-507843
-507852
-507887
-507910
-507960
-508048
-508121
-508144
-508145
-508162
-508191
-508281
-508508
-508737
-508815
-508886
-508952
-508971
-509041
-509101
-509169
-509180
-509222
-509228
-509324
-509448
-509474
-509515
-509619
-509645
-509736
-509759
-509765
-509793
-509834
-509839
-509842
-509902
-509990
-509994
-510030
-510087
-510323
-510494
-510594
-510796
-511121
-511165
-511195
-511238
-511267
-511331
-511374
-511387
-511452
-511511
-511524
-511531
-511563
-511571
-511631
-511723
-511742
-511755
-511859
-512018
-512103
-512151
-512176
-512193
-512230
-512377
-512448
-512573
-512622
-512739
-512913
-513011
-513075
-513087
-513122
-513263
-513272
-513351
-513483
-513491
-513886
-513917
-513943
-514086
-514101
-514205
-514213
-514303
-514357
-514421
-514477
-514712
-514895
-514929
-514938
-514960
-514980
-515518
-515589
-515868
-515872
-515905
-515910
-515998
-516006
-516114
-516292
-516321
-516507
-516541
-516549
-516582
-516619
-516643
-516680
-516696
-516772
-516928
-516936
-517000
-517017
-517053
-517068
-517076
-517087
-517123
-517210
-517301
-517478
-517512
-517579
-517607
-517718
-517740
-517742
-517761
-517774
-517827
-517941
-517950
-517963
-518028
-518087
-518135
-518145
-518167
-518213
-518444
-518451
-518591
-518683
-518779
-518843
-518874
-519138
-519222
-519249
-519427
-519549
-519639
-519660
-519695
-519730
-519748
-519811
-519848
-519903
-519944
-520012
-520072
-520131
-520459
-520459
-520466
-520478
-520513
-520554
-520592
-520754
-520793
-520798
-520910
-520921
-520945
-520959
-520971
-520996
-521057
-521098
-521117
-521134
-521153
-521177
-521208
-521399
-521494
-521513
-521551
-521567
-521580
-521669
-521738
-521755
-521922
-521945
-521980
-522029
-522033
-522067
-522214
-522229
-522230
-522294
-522334
-522356
-522501
-522505
-522566
-522583
-522598
-522682
-522716
-522768
-522795
-522804
-522827
-522856
-522866
-522891
-522907
-523001
-523090
-523181
-523244
-523324
-523340
-523374
-523566
-523631
-523912
-523958
-524078
-524079
-524324
-524574
-524597
-524822
-525034
-525081
-525137
-525374
-525399
-525555
-525757
-525861
-525920
-525980
-526112
-526173
-526196
-526202
-526225
-526296
-526326
-526458
-526459
-526484
-526521
-526529
-526543
-526555
-526583
-526607
-526630
-526742
-526877
-526878
-526928
-526937
-527034
-527093
-527125
-527139
-527187
-527278
-527340
-527462
-527485
-527544
-527567
-527797
-527797
-527798
-527911
-528019
-528027
-528068
-528193
-528196
-528268
-528298
-528324
-528333
-528414
-528419
-528513
-528664
-528967
-528972
-528998
-529020
-529037
-529109
-529251
-529299
-529661
-529684
-529838
-529972
-529993
-530041
-530043
-530056
-530252
-530408
-530450
-530457
-530523
-530540
-530618
-530652
-530708
-530754
-530843
-530851
-530997
-531007
-531054
-531085
-531150
-531272
-531372
-531393
-531460
-531467
-531484
-531623
-531710
-531805
-531988
-532093
-532195
-532280
-532282
-532295
-532341
-532440
-532463
-532525
-532776
-532791
-532856
-532911
-533072
-533255
-533281
-533284
-533354
-533482
-533489
-533540
-533621
-533641
-533785
-533791
-533841
-533861
-533862
-533959
-534011
-534063
-534113
-534149
-534200
-534265
-534265
-534295
-534322
-534359
-534385
-534435
-534441
-534537
-534549
-534616
-534650
-534662
-534681
-534770
-534817
-534982
-535099
-535141
-535148
-535175
-535246
-535285
-535348
-535434
-535592
-535840
-535949
-536045
-536062
-536066
-536166
-536201
-536349
-536371
-536384
-536421
-536557
-536598
-536619
-536625
-536738
-537046
-537058
-537067
-537101
-537247
-537251
-537309
-537458
-537601
-537666
-537702
-537723
-537732
-537776
-537795
-538039
-538047
-538076
-538113
-538190
-538192
-538237
-538491
-538498
-538505
-538520
-538527
-538661
-538804
-538854
-538932
-538943
-539002
-539035
-539104
-539130
-539177
-539229
-539236
-539248
-539405
-539481
-539623
-539658
-539669
-539843
-539975
-540061
-540172
-540239
-540278
-540289
-540381
-540385
-540390
-540486
-540591
-540614
-540781
-540793
-541029
-541130
-541133
-541214
-541348
-541390
-541477
-541665
-541704
-541775
-541965
-541983
-542021
-542031
-542237
-542313
-542336
-542452
-542550
-542590
-542602
-542636
-542787
-542794
-542904
-543045
-543316
-543357
-543445
-543625
-543677
-543698
-543722
-543725
-543781
-543857
-543862
-543911
-543969
-543969
-543998
-544175
-544210
-544312
-544336
-544372
-544383
-544468
-544479
-544489
-544490
-544630
-544639
-544644
-544708
-544853
-544984
-545334
-545354
-545464
-545651
-545694
-545774
-545965
-545996
-546007
-546040
-546166
-546174
-546205
-546316
-546349
-546381
-546426
-546569
-546601
-546748
-546868
-546908
-547001
-547115
-547144
-547168
-547315
-547400
-547496
-547603
-547738
-547752
-547778
-547796
-547923
-547928
-547963
-548015
-548022
-548040
-548075
-548130
-548174
-548226
-548325
-548359
-548447
-548455
-548498
-548580
-548589
-548708
-548773
-548858
-548976
-548998
-549019
-549129
-549231
-549483
-549488
-549519
-549578
-549630
-549676
-549718
-549743
-549808
-549810
-549844
-549844
-549867
-549882
-549962
-549991
-550155
-550181
-550188
-550217
-550345
-550348
-550469
-550487
-550527
-550576
-550671
-550767
-550781
-550798
-550833
-550923
-550940
-551069
-551087
-551141
-551179
-551219
-551237
-551293
-551331
-551373
-551421
-551428
-551481
-551489
-551492
-551597
-551616
-551640
-551758
-551898
-551959
-551994
-552000
-552018
-552086
-552129
-552150
-552151
-552319
-552320
-552382
-552390
-552399
-552406
-552444
-552494
-552496
-552504
-552540
-552597
-552617
-552636
-552666
-552760
-552787
-552835
-552952
-552973
-553066
-553074
-553145
-553187
-553195
-553233
-553237
-553245
-553396
-553400
-553532
-553634
-553640
-553668
-553725
-553760
-553793
-553799
-553983
-554101
-554109
-554170
-554196
-554282
-554287
-554303
-554346
-554584
-554739
-554761
-554853
-554908
-554996
-555015
-555034
-555142
-555154
-555169
-555188
-555356
-555362
-555371
-555400
-555404
-555418
-555704
-555708
-555815
-555828
-555842
-555853
-555942
-555987
-556186
-556265
-556315
-556457
-556569
-556607
-556747
-556834
-556950
-556995
-557037
-557083
-557108
-557332
-557350
-557426
-557465
-557475
-557505
-557577
-557657
-557675
-557730
-557751
-557760
-557774
-557905
-557985
-558018
-558024
-558190
-558252
-558278
-558355
-558398
-558427
-558499
-558666
-558714
-558717
-558730
-558739
-558877
-558959
-558961
-558990
-559004
-559012
-559074
-559075
-559114
-559126
-559159
-559208
-559320
-559382
-559579
-559674
-559799
-559836
-559838
-559877
-559907
-559921
-559996
-559999
-560103
-560107
-560218
-560244
-560344
-560405
-560426
-560454
-560463
-560699
-560745
-560776
-560790
-560870
-560873
-560875
-560888
-560956
-561035
-561078
-561085
-561088
-561148
-561151
-561171
-561217
-561278
-561410
-561445
-561467
-561518
-561639
-561707
-561812
-561875
-561970
-562054
-562130
-562347
-562507
-562548
-562639
-562659
-562754
-562872
-563100
-563226
-563395
-563423
-563485
-563502
-563567
-563907
-563952
-563976
-564347
-564548
-564612
-564631
-564794
-564861
-564887
-564899
-564984
-565054
-565068
-565155
-565159
-565174
-565273
-565321
-565340
-565456
-565503
-565677
-565746
-565751
-565870
-565893
-565894
-565907
-565930
-565952
-566037
-566064
-566066
-566083
-566190
-566358
-566386
-566430
-566512
-566708
-566843
-566910
-566910
-566932
-566998
-567017
-567174
-567244
-567282
-567435
-567533
-567560
-567741
-567755
-567873
-567963
-567967
-568109
-568125
-568127
-568146
-568381
-568383
-568388
-568523
-568534
-568701
-568922
-569114
-569175
-569229
-569312
-569340
-569405
-569510
-569630
-569761
-569821
-569909
-569938
-569942
-570056
-570069
-570157
-570159
-570179
-570236
-570239
-570243
-570244
-570524
-570555
-570578
-570781
-570797
-570818
-570831
-571068
-571125
-571148
-571377
-571443
-571484
-571754
-571780
-571895
-571956
-572004
-572018
-572039
-572054
-572169
-572174
-572265
-572275
-572304
-572401
-572460
-572484
-572511
-572574
-572808
-572811
-572907
-572913
-572959
-572961
-573022
-573026
-573051
-573133
-573149
-573220
-573253
-573314
-573322
-573333
-573336
-573400
-573467
-573549
-573633
-573717
-573752
-573797
-573860
-573912
-573963
-573983
-574067
-574301
-574324
-574349
-574536
-574560
-574606
-574692
-574772
-574874
-574904
-574923
-574977
-574977
-574992
-575095
-575418
-575427
-575504
-575517
-575535
-575547
-575594
-575610
-575633
-575694
-575701
-575710
-575736
-575755
-575787
-575944
-575976
-576023
-576080
-576125
-576251
-576255
-576283
-576288
-576361
-576373
-576386
-576570
-576750
-576860
-576899
-576901
-577024
-577125
-577155
-577167
-577183
-577217
-577248
-577272
-577285
-577347
-577413
-577491
-577592
-577616
-577777
-577793
-577832
-577967
-578022
-578052
-578052
-578058
-578062
-578191
-578250
-578415
-578493
-578559
-578578
-578597
-578603
-578621
-578650
-578700
-578725
-578983
-579071
-579072
-579164
-579266
-579352
-579427
-579487
-579500
-579513
-579573
-579639
-579745
-579790
-579896
-579907
-579912
-580028
-580033
-580062
-580070
-580074
-580148
-580194
-580203
-580329
-580343
-580364
-580438
-580498
-580502
-580539
-580598
-580627
-580648
-580723
-580729
-580932
-581039
-581124
-581165
-581381
-581444
-581457
-581587
-581702
-581771
-581807
-581902
-582045
-582060
-582081
-582091
-582108
-582118
-582123
-582337
-582357
-582438
-582479
-582672
-582680
-582686
-582726
-582761
-582820
-582859
-582922
-582997
-583010
-583120
-583268
-583283
-583346
-583420
-583502
-583548
-583645
-583717
-583739
-583840
-584099
-584174
-584289
-584362
-584434
-584508
-584511
-584555
-584598
-584619
-584666
-584674
-584800
-584862
-585205
-585213
-585260
-585336
-585366
-585539
-585711
-585872
-585929
-586050
-586085
-586115
-586177
-586180
-586199
-586278
-586315
-586360
-586387
-586506
-586558
-586578
-586650
-586696
-586812
-586944
-586970
-587045
-587119
-587169
-587315
-587339
-587487
-587676
-587860
-587879
-587979
-588063
-588184
-588188
-588309
-588314
-588342
-588590
-588609
-588713
-588716
-588828
-588933
-588983
-589012
-589292
-589568
-589578
-589624
-589631
-589652
-589753
-589815
-589854
-589884
-589903
-589935
-589968
-590010
-590102
-590154
-590186
-590192
-590291
-590349
-590549
-590618
-590693
-590699
-590905
-590910
-590925
-591066
-591081
-591090
-591251
-591251
-591259
-591262
-591293
-591325
-591473
-591510
-591544
-591574
-591603
-591619
-591661
-591692
-591701
-591717
-591895
-591933
-592133
-592174
-592218
-592296
-592315
-592366
-592411
-592458
-592495
-592526
-592721
-592727
-592733
-592830
-592846
-592954
-593001
-593032
-593108
-593236
-593382
-593561
-593613
-593661
-593682
-593704
-593852
-593935
-593947
-594035
-594052
-594090
-594163
-594175
-594312
-594379
-594525
-594549
-594674
-594745
-594818
-594834
-594874
-594874
-594973
-594994
-595092
-595224
-595302
-595323
-595328
-595455
-595473
-595503
-595542
-595731
-595745
-595761
-595840
-595884
-595905
-595915
-595918
-596092
-596096
-596165
-596219
-596220
-596228
-596234
-596317
-596321
-596435
-596482
-596486
-596489
-596514
-596661
-596669
-596672
-596769
-596779
-596849
-597078
-597097
-597238
-597277
-597278
-597506
-597546
-597697
-597719
-597731
-597759
-598101
-598232
-598469
-598569
-598585
-598637
-598712
-598829
-598857
-599177
-599323
-599348
-599353
-599364
-599400
-599503
-599527
-599588
-599797
-600047
-600148
-600188
-600251
-600344
-600345
-600357
-600432
-600486
-600736
-600793
-600833
-600943
-600975
-600994
-601070
-601091
-601092
-601105
-601130
-601187
-601208
-601242
-601252
-601393
-601508
-601611
-601631
-601779
-601863
-601919
-601920
-601988
-601990
-602080
-602248
-602482
-602598
-602701
-602704
-602812
-602874
-603050
-603106
-603131
-603180
-603407
-603408
-603409
-603430
-603484
-603522
-603526
-603659
-603737
-603821
-603900
-603959
-603978
-604061
-604074
-604082
-604121
-604159
-604165
-604281
-604293
-604316
-604404
-604411
-604492
-604545
-604618
-604670
-604722
-604732
-604804
-604850
-604981
-605088
-605254
-605320
-605368
-605515
-605584
-605781
-605816
-606173
-606189
-606213
-606215
-606231
-606350
-606444
-606446
-606544
-606606
-606727
-606744
-606789
-606834
-606888
-606932
-607038
-607040
-607070
-607103
-607207
-607226
-607251
-607332
-607341
-607389
-607533
-607651
-607693
-607733
-607741
-607790
-607927
-608098
-608224
-608328
-608329
-608470
-608537
-608575
-608697
-608700
-608727
-608789
-608876
-608939
-609021
-609177
-609323
-609464
-609483
-609537
-609586
-609635
-609963
-610053
-610060
-610081
-610131
-610168
-610201
-610323
-610603
-610651
-610665
-610765
-610765
-610790
-610810
-610849
-610881
-610899
-611013
-611057
-611318
-611352
-611414
-611523
-611603
-611626
-611757
-611775
-611811
-611853
-612136
-612141
-612281
-612372
-612395
-612428
-612638
-612653
-612689
-612716
-612722
-612816
-612825
-612825
-613014
-613019
-613127
-613143
-613420
-613456
-613547
-613599
-613699
-613796
-613823
-613843
-613932
-613985
-614050
-614079
-614233
-614241
-614287
-614481
-614523
-614850
-614906
-614909
-615041
-615066
-615072
-615293
-615342
-615466
-615586
-615632
-615739
-615745
-616030
-616069
-616148
-616170
-616199
-616217
-616309
-616368
-616394
-616420
-616476
-616482
-616600
-616659
-616678
-616682
-616870
-616876
-616937
-616949
-616971
-617036
-617044
-617077
-617420
-617429
-617454
-617499
-617601
-617675
-617697
-617765
-618000
-618111
-618366
-618394
-618401
-618403
-618437
-618508
-618646
-618673
-618698
-618872
-618888
-618922
-619023
-619051
-619092
-619149
-619174
-619210
-619219
-619308
-619314
-619349
-619368
-619586
-619615
-619616
-619849
-619861
-619877
-619909
-619922
-619963
-620004
-620079
-620122
-620431
-620433
-620472
-620533
-620556
-620564
-620689
-620712
-620784
-620807
-620946
-620958
-621039
-621065
-621112
-621124
-621176
-621445
-621445
-621446
-621660
-621671
-621852
-621866
-621900
-621976
-622019
-622102
-622390
-622417
-622465
-622645
-622707
-622748
-622760
-622790
-622793
-622813
-622831
-622838
-622852
-622925
-623080
-623089
-623172
-623207
-623256
-623279
-623478
-623546
-623561
-623583
-623606
-623671
-623790
-623840
-623851
-624019
-624103
-624134
-624166
-624212
-624309
-624319
-624479
-624522
-624543
-624565
-624581
-624635
-624790
-624912
-625143
-625235
-625249
-625281
-625414
-625431
-625510
-625645
-625686
-625732
-625734
-625837
-625890
-626123
-626146
-626148
-626186
-626266
-626306
-626306
-626344
-626377
-626400
-626530
-626535
-626548
-626591
-626640
-626653
-626781
-626841
-626861
-626966
-627124
-627154
-627226
-627295
-627339
-627363
-627369
-627404
-627412
-627545
-627566
-627646
-627872
-628008
-628048
-628084
-628220
-628565
-628585
-628662
-628707
-628925
-628987
-629001
-629205
-629462
-629511
-629529
-629547
-629659
-629688
-629701
-629797
-629858
-629905
-629933
-629993
-630011
-630067
-630126
-630171
-630225
-630296
-630331
-630531
-630534
-630692
-630744
-631209
-631246
-631434
-631588
-631751
-631816
-631838
-631917
-631918
-631965
-632015
-632163
-632245
-632266
-632416
-632473
-632508
-632672
-632839
-632915
-632917
-633164
-633169
-633263
-633328
-633367
-633404
-633423
-633433
-633549
-633638
-633661
-633784
-633810
-633841
-634029
-634043
-634169
-634250
-634486
-634498
-634767
-634815
-634869
-635022
-635034
-635055
-635062
-635144
-635246
-635293
-635359
-635543
-635592
-635697
-635797
-635865
-636155
-636258
-636274
-636325
-636359
-636389
-636433
-636484
-636605
-636611
-636773
-636834
-636879
-636943
-636992
-637038
-637218
-637249
-637287
-637310
-637313
-637439
-637598
-637655
-637744
-637796
-638034
-638218
-638232
-638234
-638278
-638299
-638551
-638564
-638643
-638729
-638794
-638896
-638908
-638941
-638998
-639084
-639153
-639191
-639196
-639206
-639477
-639496
-639528
-639630
-639659
-639690
-639899
-639910
-640187
-640313
-640344
-640349
-640394
-640476
-640581
-640738
-640829
-640970
-640972
-641007
-641040
-641356
-641493
-641645
-641693
-641727
-641728
-641829
-642016
-642024
-642036
-642117
-642241
-642263
-642346
-642366
-642410
-642477
-642600
-642899
-642902
-643156
-643191
-643329
-643357
-643375
-643377
-643402
-643526
-643545
-643681
-643700
-643701
-643760
-643874
-643948
-643962
-643973
-643973
-644030
-644141
-644236
-644268
-644389
-644527
-644539
-644593
-644649
-644735
-644742
-644784
-644812
-644955
-645049
-645215
-645215
-645286
-645343
-645457
-645494
-645534
-645559
-645593
-645617
-645673
-645683
-645722
-645751
-645814
-645872
-645922
-646002
-646035
-646084
-646095
-646124
-646180
-646196
-646221
-646285
-646320
-646476
-646502
-646543
-646546
-646566
-646578
-646596
-646733
-646746
-646934
-646987
-647094
-647220
-647560
-647573
-647584
-647685
-647871
-647904
-647930
-647986
-648054
-648078
-648083
-648214
-648351
-648364
-648468
-648470
-648479
-648979
-649195
-649227
-649232
-649247
-649320
-649506
-649609
-649644
-649674
-649783
-649827
-649958
-650057
-650109
-650141
-650142
-650320
-650325
-650355
-650405
-650445
-650502
-650588
-650601
-650648
-650693
-650753
-651007
-651013
-651018
-651027
-651104
-651112
-651173
-651204
-651242
-651326
-651507
-651531
-651583
-651621
-651624
-651710
-651779
-651811
-651865
-651900
-651904
-651914
-652118
-652119
-652147
-652162
-652211
-652265
-652298
-652585
-652701
-652720
-652722
-652766
-652778
-652833
-652856
-652918
-652999
-653005
-653207
-653264
-653270
-653301
-653309
-653315
-653354
-653413
-653612
-653648
-653657
-653818
-653913
-653941
-653956
-654004
-654081
-654123
-654307
-654339
-654585
-654714
-654758
-654773
-654883
-654887
-655023
-655043
-655061
-655244
-655346
-655444
-655528
-655530
-655560
-655634
-655661
-655679
-655764
-656030
-656096
-656261
-656263
-656325
-656453
-656578
-656584
-656616
-656648
-656663
-656733
-656774
-656893
-656955
-656999
-657095
-657187
-657408
-657409
-657501
-657505
-657583
-657677
-657736
-657811
-657813
-657845
-657945
-657948
-657998
-658230
-658275
-658286
-658307
-658388
-658441
-658448
-658501
-658520
-658603
-658615
-658620
-658697
-658759
-658871
-658894
-658987
-659011
-659023
-659184
-659308
-659345
-659405
-659471
-659490
-659527
-659577
-659663
-659721
-659879
-659925
-660035
-660066
-660269
-660288
-660397
-660496
-660522
-660649
-660672
-660777
-660869
-660925
-660959
-660977
-661021
-661037
-661163
-661252
-661296
-661513
-661613
-661651
-661653
-661687
-661701
-661865
-661881
-662079
-662082
-662174
-662184
-662245
-662288
-662377
-662380
-662440
-662530
-662670
-662739
-662751
-662809
-662849
-662876
-662897
-662952
-663055
-663189
-663304
-663479
-663514
-663563
-663601
-663689
-663817
-663862
-664089
-664550
-664551
-664553
-664667
-664690
-664701
-664840
-664936
-665000
-665008
-665029
-665145
-665160
-665246
-665286
-665367
-665390
-665424
-665451
-665482
-665488
-665492
-665560
-665613
-665734
-665926
-665983
-666016
-666061
-666160
-666219
-666314
-666454
-666572
-666743
-666750
-666814
-666900
-667084
-667097
-667145
-667153
-667180
-667274
-667333
-667361
-667377
-667436
-667471
-667532
-667652
-667658
-667694
-667696
-667743
-667807
-668040
-668067
-668180
-668271
-668373
-668492
-668533
-668592
-668621
-668676
-668688
-668746
-668778
-668807
-668810
-668846
-668912
-668991
-669047
-669288
-669501
-669650
-669650
-669727
-669749
-669916
-669982
-670039
-670069
-670078
-670171
-670429
-670466
-670551
-670696
-670700
-670749
-670778
-670916
-670974
-671043
-671069
-671402
-671411
-671446
-671478
-671489
-671507
-671734
-672211
-672295
-672310
-672327
-672331
-672417
-672467
-672500
-672573
-672599
-672661
-672707
-672781
-672792
-672844
-672885
-672886
-672936
-672968
-672979
-673013
-673066
-673070
-673131
-673193
-673357
-673422
-673523
-673564
-673608
-673704
-673723
-673771
-673817
-673849
-673858
-673868
-673927
-674002
-674017
-674020
-674130
-674150
-674160
-674193
-674288
-674424
-674457
-674469
-674514
-674674
-674700
-674700
-674718
-674718
-674726
-674765
-674781
-674861
-674887
-674894
-674958
-675002
-675003
-675066
-675106
-675240
-675322
-675353
-675486
-675514
-675530
-675618
-675704
-675734
-675849
-675960
-675962
-676058
-676064
-676081
-676149
-676162
-676164
-676303
-676417
-676450
-676571
-676577
-676622
-676681
-676761
-676771
-676875
-676941
-676955
-676976
-677007
-677275
-677464
-677472
-677502
-677676
-677682
-677734
-677863
-677872
-677909
-677965
-677998
-678120
-678125
-678242
-678285
-678375
-678391
-678404
-678461
-678536
-678644
-678747
-678779
-678930
-679012
-679019
-679051
-679093
-679150
-679246
-679307
-679557
-679611
-679643
-679666
-679708
-679744
-679978
-680038
-680043
-680141
-680162
-680453
-680573
-680575
-680578
-680595
-680739
-680766
-680916
-680987
-681006
-681010
-681060
-681109
-681136
-681183
-681187
-681279
-681409
-681410
-681484
-681596
-681612
-681624
-681636
-681767
-681827
-681865
-681904
-681968
-682117
-682143
-682336
-682388
-682428
-682515
-682585
-682593
-682721
-682806
-682807
-682816
-682844
-682853
-682859
-682996
-683046
-683093
-683120
-683186
-683333
-683386
-683683
-683787
-683790
-683854
-683874
-683976
-683976
-684095
-684162
-684188
-684256
-684261
-684279
-684279
-684345
-684407
-684563
-684605
-684608
-684622
-684634
-684639
-684669
-684724
-684726
-684730
-684817
-684895
-684916
-685008
-685025
-685053
-685100
-685186
-685190
-685284
-685307
-685349
-685372
-685425
-685471
-685788
-685804
-685976
-685983
-686009
-686067
-686097
-686117
-686162
-686184
-686213
-686254
-686277
-686301
-686316
-686449
-686475
-686505
-686511
-686600
-686693
-686721
-687026
-687051
-687064
-687087
-687155
-687173
-687297
-687774
-687805
-688092
-688100
-688191
-688266
-688367
-688380
-688406
-688472
-688511
-688585
-688630
-688657
-688714
-689113
-689386
-689483
-689492
-689506
-689590
-689603
-689603
-689623
-689634
-689782
-689795
-689806
-689819
-690040
-690065
-690066
-690087
-690092
-690210
-690242
-690253
-690295
-690324
-690351
-690395
-690400
-690478
-690503
-690552
-690581
-690602
-690637
-690670
-690679
-690721
-690845
-690969
-691006
-691012
-691111
-691156
-691262
-691294
-691325
-691337
-691443
-691456
-691745
-691757
-691815
-691836
-691847
-691878
-691886
-691921
-692068
-692275
-692328
-692332
-692456
-692486
-692544
-692586
-692590
-692714
-692776
-692784
-692820
-692826
-692923
-692957
-692974
-693035
-693061
-693073
-693152
-693195
-693352
-693374
-693441
-693509
-693568
-693683
-693690
-693731
-693736
-693779
-693849
-693959
-693967
-693997
-694039
-694041
-694065
-694081
-694162
-694201
-694219
-694220
-694240
-694321
-694351
-694361
-694397
-694422
-694705
-694820
-694868
-694957
-695103
-695106
-695120
-695269
-695365
-695391
-695416
-695471
-695472
-695476
-695477
-695522
-695546
-695600
-695662
-695692
-695725
-695735
-695749
-695814
-695880
-695970
-696063
-696072
-696112
-696136
-696154
-696188
-696268
-696272
-696365
-696401
-696561
-696578
-696705
-696877
-696929
-697005
-697079
-697283
-697474
-697568
-697713
-697813
-697843
-698022
-698153
-698207
-698262
-698383
-698425
-698451
-698583
-698600
-698624
-698659
-698752
-698866
-698881
-698890
-698974
-699132
-699149
-699209
-699241
-699274
-699278
-699288
-699345
-699392
-699489
-699554
-699557
-699558
-699706
-699748
-699804
-699843
-699965
-699971
-700022
-700159
-700198
-700198
-700257
-700433
-700435
-700442
-700521
-700634
-700734
-700736
-700794
-700816
-700828
-700915
-700918
-701006
-701055
-701084
-701151
-701282
-701300
-701311
-701481
-701593
-701599
-701712
-701726
-701807
-701826
-701868
-701888
-702042
-702075
-702185
-702188
-702241
-702255
-702282
-702290
-702377
-702543
-702622
-702730
-702747
-702996
-703064
-703190
-703193
-703276
-703308
-703309
-703365
-703452
-703547
-703568
-703623
-703676
-703739
-703743
-703785
-703824
-703856
-703879
-703881
-703902
-703929
-703931
-703932
-704265
-704302
-704332
-704402
-704432
-704624
-704764
-704827
-704865
-704930
-704932
-705008
-705111
-705115
-705127
-705131
-705195
-705240
-705283
-705299
-705312
-705359
-705396
-705478
-705486
-705494
-705501
-705583
-705594
-705724
-705733
-705800
-705884
-705940
-705941
-705947
-706041
-706117
-706189
-706193
-706198
-706240
-706256
-706257
-706295
-706353
-706469
-706539
-706547
-706592
-707059
-707081
-707084
-707109
-707166
-707196
-707305
-707350
-707372
-707378
-707382
-707391
-707422
-707423
-707480
-707641
-707684
-707696
-707698
-707722
-707849
-707864
-707866
-708030
-708035
-708190
-708225
-708254
-708271
-708277
-708461
-708551
-708556
-708572
-708638
-708674
-708713
-708829
-708895
-708968
-708999
-709105
-709215
-709218
-709306
-709424
-709542
-709676
-709683
-709932
-709977
-709990
-710055
-710107
-710393
-710435
-710564
-710572
-710611
-710668
-710689
-710709
-710857
-710880
-710899
-710963
-711031
-711097
-711098
-711220
-711223
-711251
-711306
-711334
-711422
-711469
-711492
-711749
-711843
-711929
-712004
-712035
-712168
-712169
-712215
-712339
-712392
-712423
-712432
-712449
-712459
-712503
-712672
-712745
-712905
-712919
-712936
-712937
-712970
-713037
-713068
-713071
-713214
-713230
-713242
-713287
-713339
-713469
-713526
-713566
-713572
-713598
-713649
-713736
-713846
-713851
-713856
-713895
-713970
-714021
-714025
-714163
-714364
-714444
-714583
-714674
-715068
-715526
-715543
-715547
-715592
-715782
-715812
-715866
-715901
-716013
-716199
-716260
-716288
-716333
-716382
-716516
-716537
-716571
-716630
-716773
-716881
-716910
-716974
-716996
-717003
-717080
-717317
-717336
-717568
-717580
-717777
-717839
-717914
-717949
-717956
-718012
-718115
-718170
-718193
-718236
-718399
-718497
-718504
-718513
-718542
-718568
-718572
-718582
-718656
-718663
-718677
-718722
-718738
-718781
-718883
-718938
-718973
-719037
-719047
-719069
-719153
-719298
-719331
-719360
-719399
-719407
-719427
-719442
-719486
-719683
-719781
-719803
-719872
-720034
-720151
-720202
-720421
-720476
-720626
-720814
-720936
-720956
-720965
-720995
-721020
-721109
-721128
-721235
-721314
-721404
-721405
-721433
-721497
-721736
-721748
-721767
-721786
-721862
-721900
-721927
-722016
-722213
-722328
-722337
-722395
-722430
-722531
-722613
-722716
-722778
-722795
-722883
-722903
-722928
-723012
-723273
-723316
-723360
-723408
-723456
-723691
-723948
-723972
-723990
-724004
-724044
-724045
-724084
-724093
-724121
-724154
-724174
-724229
-724359
-724373
-724378
-724395
-724438
-724561
-724599
-724742
-724841
-724854
-724939
-725128
-725164
-725248
-725268
-725303
-725312
-725402
-725449
-725467
-725474
-725555
-725557
-725569
-725586
-725789
-725832
-725898
-725938
-725962
-726198
-726231
-726293
-726354
-726682
-726701
-726710
-726726
-726729
-726767
-726804
-726959
-726995
-727108
-727124
-727205
-727215
-727228
-727347
-727363
-727442
-727749
-727755
-727881
-727990
-728096
-728211
-728481
-728524
-728546
-728570
-728590
-728648
-728716
-728846
-729087
-729256
-729279
-729349
-729426
-729479
-729494
-729556
-729635
-729636
-729655
-729756
-729833
-729853
-729929
-729945
-729952
-730032
-730054
-730538
-730545
-730568
-730576
-730589
-730653
-730682
-730690
-730848
-730940
-730960
-731005
-731021
-731029
-731178
-731184
-731212
-731353
-731380
-731445
-731566
-731715
-731751
-731769
-731870
-732071
-732084
-732089
-732095
-732272
-732301
-732437
-732439
-732539
-732549
-732680
-732688
-732714
-732723
-732919
-732939
-732964
-732966
-733474
-733511
-733534
-733660
-733767
-733857
-733914
-733914
-733976
-734016
-734037
-734151
-734155
-734199
-734366
-734514
-734714
-734876
-734879
-735075
-735194
-735603
-735659
-735718
-735785
-735846
-735976
-735993
-736130
-736164
-736170
-736247
-736249
-736332
-736353
-736638
-736688
-736709
-736905
-736927
-736953
-737168
-737234
-737276
-737338
-737366
-737394
-737416
-737432
-737475
-737508
-737634
-737645
-737775
-737800
-737859
-737896
-738147
-738180
-738249
-738428
-738469
-738473
-738497
-738521
-738549
-738640
-738823
-738836
-738853
-738983
-739040
-739163
-739207
-739220
-739292
-739362
-739651
-739677
-739683
-739820
-739911
-739948
-740019
-740021
-740071
-740083
-740100
-740131
-740139
-740178
-740401
-740471
-740539
-740731
-740897
-740924
-740981
-741047
-741063
-741133
-741144
-741197
-741246
-741251
-741254
-741354
-741356
-741377
-741492
-741526
-741650
-741960
-742017
-742028
-742048
-742164
-742234
-742246
-742254
-742272
-742292
-742307
-742348
-742394
-742487
-742516
-742554
-742575
-742610
-742765
-742840
-742845
-742851
-742951
-743033
-743120
-743197
-743240
-743341
-743342
-743568
-743660
-743669
-743905
-744016
-744018
-744100
-744120
-744137
-744218
-744256
-744357
-744409
-744479
-744545
-744634
-744794
-744806
-744823
-744856
-744906
-744986
-745077
-745201
-745340
-745481
-745564
-745596
-745731
-745750
-745934
-746001
-746002
-746109
-746120
-746130
-746294
-746306
-746312
-746325
-746497
-746570
-746572
-746601
-746844
-746846
-746884
-746904
-747101
-747121
-747139
-747234
-747247
-747271
-747362
-747499
-747519
-747580
-747713
-747734
-747744
-747810
-747956
-748014
-748083
-748085
-748124
-748147
-748157
-748340
-748657
-748732
-748824
-748825
-748882
-748895
-748956
-749113
-749178
-749189
-749266
-749349
-749377
-749380
-749401
-749476
-749497
-749532
-749614
-749636
-749689
-749727
-749736
-749779
-749787
-749849
-749997
-750011
-750087
-750227
-750309
-750315
-750331
-750573
-750735
-750816
-750843
-750882
-750909
-750995
-751085
-751206
-751306
-751333
-751353
-751415
-751454
-751470
-751564
-751651
-751743
-751744
-751824
-751957
-751989
-752038
-752052
-752104
-752130
-752147
-752178
-752372
-752480
-752585
-752653
-752663
-752723
-752841
-752903
-753125
-753131
-753167
-753184
-753311
-753311
-753359
-753374
-753378
-753401
-753503
-753566
-753575
-753629
-753730
-753751
-753794
-753877
-753890
-753890
-753957
-753966
-753975
-754112
-754121
-754533
-754536
-754639
-754716
-754762
-754804
-754839
-754945
-754951
-755028
-755030
-755036
-755127
-755149
-755184
-755220
-755263
-755275
-755288
-755326
-755406
-755436
-755526
-755541
-755549
-755583
-755588
-755602
-755703
-755710
-755894
-755961
-755971
-756067
-756187
-756317
-756392
-756396
-756444
-756445
-756469
-756674
-756720
-756782
-756998
-757046
-757241
-757270
-757428
-757616
-757626
-757638
-757720
-757758
-757788
-757795
-757854
-757953
-758014
-758019
-758129
-758141
-758147
-758539
-758558
-758591
-758643
-758705
-758786
-758856
-758884
-758889
-758946
-758950
-758993
-759037
-759101
-759164
-759221
-759222
-759238
-759421
-759525
-759591
-759681
-759699
-759710
-759718
-759723
-759734
-759736
-759748
-759759
-759896
-759929
-759950
-759953
-760000
-760024
-760063
-760134
-760142
-760151
-760267
-760273
-760330
-760364
-760423
-760490
-760611
-760630
-760754
-760767
-760816
-760868
-760947
-760953
-761083
-761094
-761139
-761201
-761349
-761463
-761545
-761563
-761651
-761712
-761738
-761750
-761870
-761995
-762019
-762038
-762242
-762257
-762435
-762448
-762478
-762575
-762599
-762716
-762737
-762751
-762767
-762791
-762822
-762830
-762832
-762903
-762950
-762954
-762964
-762990
-763012
-763022
-763305
-763399
-763404
-763594
-763739
-763740
-763762
-763811
-763843
-763853
-763912
-763958
-764068
-764073
-764093
-764132
-764179
-764333
-764424
-764487
-764621
-764631
-764838
-764950
-764967
-764974
-764989
-764996
-765114
-765152
-765228
-765291
-765388
-765435
-765485
-765683
-765719
-765774
-765789
-765793
-765812
-765848
-765864
-765951
-766002
-766010
-766011
-766221
-766293
-766310
-766428
-766469
-766473
-766493
-766496
-766571
-766602
-766644
-766698
-766897
-766991
-767026
-767046
-767091
-767113
-767438
-767439
-767704
-767864
-767899
-767953
-767954
-767998
-768192
-768245
-768290
-768351
-768437
-768664
-768738
-768873
-769000
-769019
-769039
-769048
-769252
-769300
-769389
-769476
-769561
-769663
-769732
-769741
-769816
-769841
-769938
-769942
-769957
-770045
-770049
-770063
-770066
-770073
-770139
-770153
-770260
-770287
-770296
-770448
-770950
-770989
-771102
-771114
-771155
-771208
-771235
-771244
-771333
-771354
-771417
-771466
-771573
-771605
-771679
-771760
-771790
-771835
-772018
-772200
-772217
-772332
-772347
-772412
-772605
-772690
-772744
-772757
-772758
-772879
-772918
-773012
-773071
-773092
-773190
-773230
-773343
-773371
-773430
-773443
-773447
-773457
-773474
-773539
-773587
-773666
-773779
-773852
-773923
-774083
-774115
-774281
-774344
-774359
-774397
-774416
-774501
-774756
-774879
-774926
-774928
-775220
-775248
-775415
-775704
-775711
-775722
-775758
-776373
-776412
-776549
-776739
-776754
-776873
-776887
-776968
-776973
-777032
-777071
-777127
-777181
-777324
-777417
-777521
-777635
-777658
-777698
-777736
-777882
-778066
-778093
-778238
-778337
-778369
-778462
-778574
-778628
-778715
-778749
-778873
-779071
-779087
-779240
-779256
-779350
-779362
-779393
-779468
-779490
-779499
-779551
-779570
-779713
-779741
-779805
-779904
-779965
-780068
-780138
-780192
-780403
-780524
-780537
-780583
-780640
-780667
-780776
-780816
-780915
-781042
-781056
-781061
-781254
-781278
-781290
-781321
-781561
-781594
-781738
-781746
-781847
-781848
-781909
-781947
-781994
-782022
-782032
-782040
-782195
-782256
-782431
-782502
-782580
-782584
-782852
-782970
-783049
-783139
-783184
-783189
-783231
-783444
-783495
-783603
-783642
-783675
-783722
-783768
-783878
-783946
-783948
-783954
-784014
-784158
-784194
-784329
-784346
-784376
-784380
-784446
-784464
-784480
-784540
-784616
-784657
-784675
-784837
-784845
-784908
-784943
-785038
-785081
-785111
-785224
-785237
-785241
-785319
-785393
-785466
-785486
-785578
-785632
-785817
-786046
-786094
-786097
-786205
-786266
-786403
-786422
-786442
-786463
-786465
-786466
-786530
-786621
-786739
-786770
-786909
-787065
-787226
-787308
-787460
-787554
-787577
-787649
-787698
-787748
-787753
-787877
-787898
-787936
-787942
-788005
-788029
-788300
-788412
-788479
-788524
-788570
-788582
-788641
-788751
-789058
-789147
-789374
-789485
-789508
-789532
-789704
-789713
-789902
-789924
-789936
-790040
-790042
-790079
-790089
-790161
-790219
-790268
-790534
-790624
-790750
-790771
-790863
-790951
-790956
-791053
-791257
-791313
-791341
-791356
-791405
-791470
-791489
-791611
-791658
-791684
-791708
-791733
-791750
-791785
-791806
-791822
-791981
-792017
-792087
-792096
-792103
-792130
-792163
-792187
-792292
-792295
-792296
-792412
-792440
-792482
-792515
-792655
-792730
-792744
-792830
-792846
-792878
-792974
-793002
-793093
-793142
-793231
-793251
-793263
-793298
-793380
-793446
-793481
-793569
-793571
-793637
-793818
-793825
-793917
-794106
-794116
-794336
-794366
-794593
-794620
-794725
-794815
-794815
-794836
-794895
-794963
-795032
-795177
-795210
-795215
-795241
-795253
-795391
-795448
-795507
-795638
-795717
-795849
-795934
-795986
-796069
-796078
-796141
-796232
-796243
-796253
-796344
-796421
-796451
-796455
-796485
-796763
-796792
-796886
-796892
-797008
-797096
-797135
-797140
-797151
-797171
-797175
-797200
-797311
-797412
-797428
-797501
-797548
-797582
-797813
-797953
-797971
-797973
-798041
-798193
-798209
-798240
-798351
-798462
-798615
-798621
-798663
-798728
-798755
-798840
-798901
-798915
-799006
-799055
-799209
-799270
-799279
-799372
-799377
-799401
-799493
-799554
-799672
-799721
-799849
-799923
-799961
-800096
-800116
-800172
-800181
-800299
-800409
-800643
-800712
-800717
-800861
-800898
-800975
-800993
-800994
-800995
-801022
-801075
-801086
-801128
-801186
-801432
-801510
-801533
-801617
-801674
-801740
-801874
-802000
-802059
-802129
-802263
-802272
-802365
-802378
-802431
-802496
-802513
-802539
-802595
-802666
-802667
-802717
-802979
-802980
-803026
-803065
-803081
-803151
-803275
-803307
-803422
-803443
-803474
-803660
-803704
-803724
-803748
-803790
-803977
-804023
-804040
-804040
-804403
-804533
-804613
-804758
-804841
-804893
-804972
-805003
-805141
-805161
-805224
-805290
-805318
-805580
-805584
-805784
-805803
-805916
-805955
-806018
-806032
-806081
-806114
-806162
-806260
-806370
-806426
-806531
-806609
-806665
-806675
-806693
-806739
-806753
-806801
-806888
-806890
-807006
-807041
-807071
-807081
-807083
-807175
-807252
-807319
-807334
-807378
-807379
-807390
-807416
-807462
-807529
-807596
-807695
-807718
-807791
-807804
-807818
-808048
-808114
-808117
-808218
-808263
-808356
-808367
-808375
-808389
-808407
-808525
-808662
-808684
-808818
-808826
-808831
-808882
-808938
-809094
-809178
-809274
-809320
-809329
-809341
-809341
-809388
-809388
-809402
-809444
-809468
-809522
-809535
-809543
-809644
-809760
-809807
-809824
-809850
-809861
-809976
-810178
-810223
-810260
-810392
-810561
-810596
-810644
-810816
-810957
-810961
-810989
-811025
-811044
-811071
-811174
-811277
-811282
-811332
-811360
-811382
-811431
-811449
-811461
-811507
-811509
-811533
-811700
-811716
-812007
-812027
-812034
-812083
-812105
-812167
-812251
-812403
-812427
-812511
-812530
-812573
-812638
-812643
-812645
-812812
-812876
-812943
-812966
-813077
-813155
-813185
-813232
-813448
-813504
-813557
-813638
-813654
-813658
-813681
-813733
-813820
-813844
-813883
-813942
-813974
-814051
-814070
-814177
-814200
-814222
-814317
-814358
-814374
-814465
-814511
-814583
-814585
-814791
-814814
-814850
-814912
-815007
-815087
-815140
-815152
-815291
-815410
-815438
-815485
-815574
-815600
-815717
-815799
-815826
-815864
-815883
-815938
-816095
-816380
-816440
-816493
-816511
-816563
-816669
-816764
-816823
-816856
-816865
-816890
-816961
-816990
-817056
-817057
-817085
-817186
-817276
-817428
-817491
-817521
-817566
-817578
-817590
-817647
-817710
-817742
-817747
-817753
-817762
-817767
-817832
-817989
-818073
-818227
-818249
-818263
-818496
-818530
-818539
-818628
-818660
-818685
-818719
-818756
-818844
-818855
-818968
-819070
-819086
-819139
-819141
-819167
-819188
-819208
-819268
-819331
-819367
-819513
-819555
-819601
-819605
-819609
-819820
-819874
-819913
-819949
-820087
-820092
-820138
-820237
-820265
-820333
-820385
-820535
-820580
-820767
-820784
-820790
-820839
-820913
-820999
-821287
-821327
-821464
-821571
-821663
-821694
-821715
-821723
-821743
-821882
-821895
-822020
-822094
-822133
-822146
-822242
-822383
-822466
-822497
-822566
-822575
-822632
-822634
-822666
-822834
-822928
-822955
-822981
-823024
-823042
-823099
-823154
-823196
-823216
-823306
-823340
-823366
-823383
-823385
-823400
-823406
-823414
-823544
-823563
-823727
-823739
-823748
-823829
-823853
-823936
-823951
-824033
-824053
-824081
-824190
-824195
-824258
-824288
-824384
-824565
-824587
-824640
-824677
-824684
-824708
-824864
-824883
-824951
-824983
-824990
-825026
-825037
-825156
-825191
-825363
-825385
-825579
-825815
-825834
-825880
-825882
-826004
-826005
-826034
-826060
-826068
-826099
-826147
-826281
-826324
-826324
-826341
-826346
-826453
-826463
-826704
-826706
-826747
-826859
-826869
-826909
-826915
-826948
-826965
-826995
-827172
-827273
-827293
-827397
-827403
-827456
-827478
-827498
-827567
-827765
-827774
-827799
-827900
-827908
-827937
-827966
-828027
-828065
-828068
-828099
-828211
-828278
-828333
-828370
-828409
-828416
-828473
-828480
-828594
-828654
-828771
-828837
-828872
-828966
-829019
-829110
-829228
-829238
-829269
-829310
-829460
-829561
-829632
-829695
-829743
-829744
-829866
-830056
-830187
-830341
-830350
-830365
-830390
-830402
-830481
-830499
-830585
-830597
-830655
-830836
-830893
-831051
-831121
-831164
-831182
-831223
-831238
-831247
-831344
-831416
-831504
-831678
-831760
-831819
-831834
-831849
-831900
-831965
-831990
-832023
-832080
-832108
-832165
-832246
-832254
-832256
-832330
-832603
-832610
-832643
-832681
-832738
-832872
-833138
-833166
-833215
-833305
-833308
-833317
-833327
-833337
-833422
-833512
-833677
-833768
-833844
-833856
-833858
-834151
-834221
-834264
-834268
-834290
-834702
-834900
-835017
-835022
-835110
-835131
-835138
-835173
-835201
-835204
-835244
-835364
-835384
-835449
-835472
-835500
-835560
-835584
-835639
-835676
-835696
-835737
-835815
-835835
-835864
-835981
-836039
-836045
-836093
-836144
-836157
-836327
-836334
-836348
-836388
-836406
-836447
-836465
-836476
-836536
-836619
-836645
-836697
-836756
-836899
-836944
-837027
-837034
-837180
-837248
-837271
-837306
-837358
-837669
-837681
-837722
-837886
-837977
-838006
-838142
-838149
-838223
-838235
-838253
-838269
-838333
-838682
-838714
-838715
-838737
-838919
-839096
-839249
-839292
-839304
-839342
-839589
-839935
-840048
-840104
-840134
-840161
-840260
-840270
-840271
-840388
-840447
-840533
-840540
-840544
-840873
-840942
-841233
-841297
-841365
-841392
-841395
-841402
-841491
-841494
-841500
-841541
-841731
-841732
-841796
-841896
-841927
-841952
-841965
-842003
-842091
-842092
-842240
-842244
-842285
-842444
-842679
-842692
-842745
-842770
-842832
-842897
-842980
-843112
-843182
-843212
-843231
-843234
-843463
-843590
-843655
-843766
-843867
-844065
-844077
-844091
-844188
-844315
-844409
-844524
-844562
-844762
-844803
-844834
-844881
-844946
-844996
-845023
-845040
-845078
-845107
-845133
-845158
-845326
-845463
-845511
-845626
-845651
-845671
-845682
-845689
-845754
-845830
-845863
-846133
-846180
-846181
-846380
-846397
-846443
-846449
-846502
-846516
-846575
-846651
-846686
-846714
-846792
-846820
-846822
-846923
-846926
-847094
-847343
-847364
-847423
-847430
-847633
-847682
-847712
-847735
-847792
-847859
-847975
-848061
-848407
-848417
-848428
-848547
-848613
-848784
-848787
-848862
-848881
-849045
-849129
-849189
-849204
-849413
-849489
-849489
-849503
-849589
-849649
-849714
-849827
-849939
-849966
-849993
-850116
-850124
-850165
-850218
-850262
-850368
-850414
-850523
-850541
-850656
-850719
-850719
-850785
-850835
-850840
-850869
-850964
-851272
-851322
-851324
-851387
-851392
-851518
-851684
-851756
-851821
-851822
-851947
-852114
-852169
-852298
-852348
-852422
-852459
-852504
-852527
-852678
-852773
-852887
-852892
-852971
-853019
-853098
-853108
-853128
-853160
-853171
-853338
-853410
-853484
-853514
-853562
-853575
-853581
-853626
-853635
-853733
-853772
-853848
-853893
-853955
-853987
-854043
-854091
-854142
-854190
-854335
-854381
-854385
-854395
-854413
-854605
-854608
-854614
-854615
-854724
-854746
-854770
-854776
-854944
-855216
-855221
-855355
-855380
-855387
-855520
-855552
-855595
-855639
-855878
-855915
-855952
-855970
-856008
-856041
-856246
-856281
-856389
-856420
-856439
-856801
-856850
-856853
-856915
-856978
-856996
-857042
-857079
-857091
-857158
-857591
-857626
-857713
-857721
-857723
-857731
-857760
-857777
-857793
-857827
-857894
-857926
-858179
-858350
-858560
-858571
-858577
-858580
-858647
-858705
-858709
-858779
-858802
-858811
-858864
-858868
-858917
-859015
-859051
-859143
-859155
-859211
-859226
-859281
-859289
-859302
-859411
-859416
-859417
-859441
-859524
-859909
-859924
-860018
-860061
-860065
-860083
-860103
-860119
-860143
-860157
-860163
-860201
-860376
-860492
-860524
-860524
-860614
-860644
-860686
-860791
-860803
-860902
-860927
-861060
-861072
-861093
-861140
-861149
-861180
-861200
-861248
-861355
-861359
-861374
-861432
-861466
-861468
-861516
-861542
-861770
-861847
-861951
-862064
-862109
-862216
-862277
-862279
-862290
-862311
-862318
-862708
-862714
-862886
-862912
-863186
-863201
-863206
-863301
-863386
-863471
-863478
-863479
-863496
-863706
-863795
-863929
-863949
-863966
-863997
-864011
-864044
-864064
-864189
-864296
-864594
-864626
-864626
-864637
-864710
-864801
-864824
-864867
-864949
-865237
-865314
-865329
-865357
-865378
-865453
-865476
-865618
-865654
-865685
-865771
-865893
-865934
-866019
-866022
-866052
-866275
-866285
-866311
-866357
-866422
-866427
-866452
-866559
-866816
-866921
-866954
-866960
-867104
-867111
-867122
-867127
-867148
-867155
-867167
-867345
-867351
-867423
-867433
-867693
-867780
-867874
-867930
-867956
-867973
-867992
-868008
-868017
-868031
-868108
-868184
-868196
-868278
-868285
-868323
-868434
-868463
-868521
-868564
-868582
-868606
-868785
-868896
-869020
-869346
-869365
-869425
-869453
-869767
-869813
-869828
-869888
-869906
-869939
-869942
-870000
-870002
-870053
-870127
-870171
-870178
-870183
-870272
-870351
-870467
-870497
-870840
-870889
-870946
-871062
-871134
-871139
-871191
-871329
-871508
-871531
-871632
-871729
-871814
-871829
-871835
-871853
-871899
-871914
-871919
-871923
-871970
-871997
-872029
-872103
-872157
-872171
-872175
-872199
-872298
-872305
-872349
-872401
-872647
-872816
-872888
-872935
-872986
-872993
-873082
-873216
-873373
-873422
-873440
-873453
-873599
-873651
-873671
-873701
-873814
-873885
-873989
-874028
-874144
-874178
-874180
-874271
-874283
-874340
-874366
-874391
-874490
-874573
-874585
-874621
-874657
-874695
-874752
-874809
-874887
-874973
-874979
-875152
-875194
-875230
-875475
-875547
-875600
-875640
-875710
-875777
-876064
-876116
-876120
-876275
-876306
-876412
-876531
-876710
-876731
-876779
-876888
-876917
-877039
-877060
-877068
-877074
-877091
-877118
-877155
-877155
-877301
-877323
-877333
-877348
-877382
-877497
-877593
-877612
-877706
-877764
-877843
-877903
-877988
-878248
-878449
-878470
-878480
-878532
-878711
-878761
-878785
-878801
-878926
-878934
-879023
-879114
-879197
-879275
-879397
-879491
-879683
-879862
-879977
-880000
-880033
-880309
-880313
-880366
-880383
-880402
-880429
-880437
-880475
-880490
-880618
-880656
-880686
-880751
-880773
-880837
-880848
-880938
-880959
-881182
-881442
-881515
-881520
-881576
-881684
-881724
-881728
-881754
-881780
-881905
-881970
-881985
-882009
-882010
-882094
-882171
-882244
-882267
-882339
-882359
-882400
-882512
-882574
-882605
-882757
-883014
-883062
-883226
-883230
-883323
-883363
-883406
-883579
-883795
-883836
-883988
-884039
-884119
-884211
-884246
-884400
-884421
-884429
-884451
-884460
-884570
-884612
-884643
-884678
-884746
-884779
-884801
-884898
-884949
-884968
-885044
-885198
-885222
-885276
-885318
-885319
-885362
-885369
-885406
-885423
-885447
-885503
-885505
-885505
-885565
-885593
-885709
-885741
-885742
-885818
-885820
-885835
-885848
-885883
-885885
-885984
-886040
-886048
-886107
-886125
-886195
-886328
-886348
-886415
-886519
-886553
-886602
-886737
-886922
-886937
-887159
-887174
-887198
-887331
-887457
-887587
-887652
-887816
-887843
-887845
-887872
-888022
-888075
-888078
-888097
-888219
-888290
-888302
-888335
-888524
-888590
-888707
-888741
-888935
-889195
-889311
-889406
-889488
-889512
-889540
-889840
-890013
-890086
-890131
-890270
-890372
-890464
-890509
-890542
-890601
-890646
-890677
-890751
-890772
-890839
-890912
-890929
-890996
-891018
-891057
-891067
-891105
-891111
-891235
-891327
-891337
-891448
-891514
-891583
-891671
-891672
-891679
-891720
-891899
-891925
-892014
-892015
-892125
-892222
-892223
-892235
-892267
-892318
-892335
-892365
-892417
-892591
-892600
-892617
-892690
-892705
-892797
-892797
-893001
-893012
-893058
-893088
-893140
-893210
-893276
-893288
-893309
-893432
-893503
-893511
-893521
-893555
-893649
-893721
-893751
-893861
-894005
-894058
-894121
-894267
-894411
-894455
-894475
-894488
-894562
-894582
-894682
-894694
-894758
-894808
-894866
-894943
-895050
-895054
-895062
-895070
-895076
-895217
-895242
-895342
-895350
-895353
-895381
-895393
-895409
-895418
-895542
-895617
-895658
-895785
-895829
-895847
-895888
-896039
-896090
-896137
-896209
-896564
-896584
-896598
-896611
-896671
-896771
-896788
-897003
-897009
-897054
-897072
-897133
-897206
-897233
-897248
-897248
-897372
-897424
-897503
-897509
-897556
-897603
-897637
-897714
-897862
-898012
-898027
-898084
-898148
-898150
-898222
-898252
-898367
-898370
-898471
-898496
-898537
-898557
-898579
-898642
-898718
-898883
-898894
-898979
-898989
-899009
-899136
-899149
-899153
-899234
-899261
-899341
-899387
-899538
-899663
-899692
-899812
-900017
-900297
-900418
-900436
-900452
-900469
-900484
-900570
-900573
-900673
-900839
-900894
-901018
-901040
-901081
-901105
-901142
-901146
-901249
-901268
-901525
-901532
-901718
-901738
-901792
-901849
-901861
-902022
-902025
-902043
-902051
-902296
-902384
-902510
-902678
-902689
-902757
-902830
-902831
-902902
-902930
-903032
-903189
-903239
-903315
-903366
-903566
-903606
-903607
-903766
-903843
-904086
-904110
-904140
-904171
-904326
-904331
-904489
-904500
-904511
-904562
-904564
-904575
-904597
-904704
-904752
-904839
-904856
-904885
-904887
-905068
-905115
-905234
-905267
-905283
-905313
-905335
-905500
-905513
-905683
-905698
-905703
-905811
-905978
-906040
-906081
-906091
-906101
-906118
-906153
-906160
-906186
-906193
-906416
-906428
-906430
-906453
-906573
-906632
-906714
-906882
-907106
-907108
-907111
-907127
-907212
-907399
-907429
-907434
-907467
-907613
-907678
-907717
-907721
-907859
-907878
-907879
-907881
-908087
-908219
-908313
-908402
-908518
-908522
-908565
-908577
-908794
-908835
-908850
-908877
-908981
-909156
-909272
-909282
-909312
-909410
-909503
-909685
-909700
-909757
-910024
-910123
-910172
-910210
-910357
-910407
-910454
-910627
-910666
-910777
-910784
-910808
-910889
-910971
-911019
-911200
-911237
-911504
-911576
-911578
-911608
-911637
-911692
-911808
-911846
-911938
-911979
-911988
-912007
-912084
-912283
-912376
-912452
-912466
-912492
-912498
-912619
-912904
-912933
-912939
-912979
-912995
-913013
-913217
-913238
-913244
-913270
-913291
-913405
-913451
-913581
-913832
-913955
-913995
-914077
-914274
-914284
-914383
-914414
-914466
-914598
-914714
-914776
-914823
-914860
-914976
-914987
-915019
-915076
-915296
-915343
-915360
-915362
-915370
-915441
-915449
-915533
-915615
-915710
-915729
-915791
-915917
-916011
-916015
-916019
-916208
-916227
-916234
-916306
-916322
-916517
-916713
-916723
-916849
-916876
-916884
-917039
-917041
-917085
-917180
-917193
-917429
-917510
-917805
-917856
-917967
-918003
-918101
-918191
-918221
-918228
-918328
-918401
-918598
-918873
-918881
-918898
-918960
-918982
-919030
-919130
-919264
-919288
-919299
-919336
-919342
-919361
-919521
-919598
-919621
-919641
-919677
-919954
-920037
-920110
-920235
-920330
-920386
-920466
-920642
-920679
-920934
-921011
-921106
-921176
-921204
-921260
-921398
-921454
-921477
-921604
-921675
-921750
-921801
-922003
-922011
-922169
-922186
-922290
-922463
-922603
-922604
-922653
-922711
-922737
-922876
-922925
-923019
-923027
-923030
-923037
-923057
-923203
-923222
-923377
-923403
-923405
-923417
-923454
-923521
-923598
-923651
-923757
-923802
-923818
-923927
-923950
-923968
-923978
-923981
-924006
-924094
-924095
-924229
-924238
-924241
-924247
-924348
-924355
-924684
-924687
-924720
-924778
-924814
-924870
-924908
-925161
-925184
-925255
-925288
-925331
-925611
-925711
-925714
-925748
-925750
-925822
-925826
-925853
-925982
-925990
-926180
-926193
-926214
-926253
-926280
-926280
-926301
-926486
-926521
-926527
-926538
-926599
-926619
-926623
-926648
-926827
-926887
-926920
-926926
-926962
-927045
-927105
-927134
-927223
-927237
-927328
-927332
-927337
-927416
-927488
-927585
-927607
-927657
-927672
-927794
-927864
-927935
-927974
-928080
-928204
-928287
-928398
-928437
-928487
-928751
-928751
-928763
-928797
-928900
-929081
-929087
-929090
-929093
-929093
-929136
-929154
-929168
-929182
-929279
-929315
-929355
-929358
-929378
-929441
-929460
-929477
-929560
-929574
-929575
-929576
-929724
-929735
-929840
-929858
-929877
-930031
-930055
-930149
-930160
-930205
-930289
-930392
-930404
-930435
-930525
-930528
-930692
-930824
-930960
-930971
-931048
-931065
-931256
-931334
-931343
-931373
-931375
-931384
-931456
-931646
-931662
-931809
-931910
-932038
-932059
-932138
-932148
-932215
-932277
-932295
-932300
-932377
-932386
-932442
-932462
-932524
-932694
-932709
-932798
-932903
-932907
-932914
-933051
-933067
-933086
-933105
-933119
-933196
-933217
-933306
-933405
-933567
-933679
-933789
-933837
-933899
-933942
-933943
-934033
-934083
-934118
-934256
-934291
-934335
-934505
-934573
-934630
-934793
-934797
-934865
-935045
-935093
-935133
-935150
-935177
-935183
-935238
-935342
-935351
-935467
-935495
-935562
-935602
-935731
-935771
-935781
-935802
-935898
-935937
-935947
-935975
-935977
-936002
-936069
-936077
-936214
-936244
-936286
-936327
-936339
-936377
-936426
-936599
-936625
-936628
-936662
-936717
-936743
-936755
-936881
-936973
-936976
-937017
-937024
-937026
-937092
-937341
-937358
-937361
-937366
-937384
-937401
-937536
-937566
-937723
-937824
-937960
-938138
-938286
-938296
-938369
-938397
-938474
-938578
-938708
-938967
-938987
-938998
-939040
-939176
-939192
-939295
-939330
-939359
-939399
-939412
-939447
-939502
-939666
-939673
-939827
-939829
-939869
-939903
-939916
-939983
-940028
-940040
-940053
-940099
-940201
-940218
-940250
-940318
-940340
-940384
-940415
-940415
-940424
-940425
-940611
-940788
-940838
-940839
-940903
-940944
-941022
-941105
-941143
-941143
-941153
-941168
-941223
-941236
-941247
-941261
-941343
-941347
-941447
-941476
-941714
-941869
-941942
-941956
-942122
-942193
-942297
-942411
-942623
-942633
-942658
-942666
-942685
-942703
-942936
-943074
-943170
-943190
-943211
-943229
-943240
-943315
-943319
-943352
-943399
-943522
-943542
-943560
-943583
-943620
-943694
-943698
-943716
-943717
-943750
-943800
-943804
-943851
-943855
-943868
-944196
-944220
-944251
-944289
-944372
-944376
-944396
-944404
-944418
-944458
-944497
-944585
-944608
-944608
-944641
-944789
-944808
-944813
-944877
-944999
-945013
-945148
-945182
-945207
-945327
-945336
-945602
-945639
-945653
-945675
-945728
-945861
-945912
-945996
-946076
-946100
-946108
-946185
-946194
-946347
-946457
-946497
-946514
-946558
-946611
-946621
-946706
-946716
-946883
-947006
-947015
-947057
-947300
-947333
-947446
-947586
-947600
-947614
-947666
-947690
-947814
-947947
-947980
-948031
-948141
-948371
-948450
-948528
-948594
-948611
-948679
-948686
-948724
-948737
-948750
-948951
-948972
-948992
-949083
-949085
-949085
-949170
-949229
-949245
-949270
-949434
-949456
-949543
-949561
-949566
-949849
-949962
-949973
-949999
-950095
-950161
-950162
-950211
-950293
-950396
-950416
-950546
-950571
-950587
-950640
-950878
-951004
-951007
-951105
-951281
-951510
-951522
-951584
-951607
-951659
-951876
-951916
-951942
-951954
-952039
-952169
-952214
-952399
-952403
-952433
-952450
-952493
-952539
-952578
-952630
-952690
-952720
-952783
-952905
-952972
-953255
-953376
-953478
-953539
-953589
-953590
-953623
-953631
-953798
-954022
-954055
-954171
-954232
-954252
-954385
-954414
-954641
-954664
-954742
-954994
-955005
-955029
-955208
-955315
-955356
-955444
-955501
-955794
-955871
-955899
-955903
-955934
-956109
-956264
-956357
-956357
-956400
-956409
-956431
-956463
-956522
-956685
-956743
-956756
-956766
-956858
-957075
-957093
-957108
-957209
-957219
-957237
-957400
-957420
-957448
-957753
-957780
-957886
-957894
-957910
-958068
-958108
-958145
-958152
-958209
-958212
-958264
-958341
-958358
-958391
-958409
-958439
-958456
-958527
-958603
-958787
-958837
-958882
-958980
-959031
-959038
-959135
-959304
-959328
-959336
-959391
-959468
-959471
-959485
-959497
-959758
-959790
-959840
-959892
-959913
-959917
-959963
-959981
-959996
-960078
-960091
-960291
-960338
-960457
-960510
-960642
-960760
-960769
-960784
-960846
-960861
-960862
-960950
-961272
-961370
-961457
-961813
-962073
-962098
-962100
-962155
-962209
-962339
-962342
-962385
-962420
-962499
-962615
-962652
-962674
-962780
-962796
-962872
-962889
-962934
-962956
-963095
-963108
-963114
-963131
-963146
-963152
-963306
-963311
-963315
-963501
-963506
-963595
-963634
-963721
-963885
-963922
-963922
-963962
-964001
-964060
-964370
-964371
-964372
-964372
-964403
-964433
-964451
-964628
-964643
-964716
-964742
-964869
-964933
-964940
-964952
-965004
-965196
-965201
-965216
-965355
-965580
-965739
-966035
-966218
-966220
-966235
-966275
-966308
-966357
-966578
-966640
-966713
-966753
-966759
-966773
-966966
-967306
-967390
-967456
-967462
-967543
-967628
-967760
-967899
-967913
-967989
-968011
-968036
-968037
-968098
-968124
-968130
-968315
-968339
-968386
-968443
-968443
-968456
-968602
-968612
-968636
-968643
-968692
-968697
-968837
-968876
-969152
-969157
-969202
-969216
-969344
-969480
-969547
-969549
-969967
-969992
-970060
-970088
-970096
-970191
-970208
-970243
-970286
-970443
-970613
-970697
-970707
-970849
-970859
-971050
-971071
-971075
-971172
-971175
-971243
-971419
-971439
-971710
-971740
-971758
-971768
-971814
-971887
-971904
-972065
-972118
-972144
-972234
-972277
-972473
-972507
-972538
-972635
-972826
-972831
-972906
-972929
-972930
-972944
-972979
-973005
-973073
-973130
-973171
-973247
-973274
-973328
-973351
-973410
-973437
-973640
-973714
-973728
-973994
-973995
-974033
-974114
-974149
-974243
-974260
-974306
-974413
-974420
-974450
-974603
-974611
-974694
-974760
-974770
-974772
-974841
-975115
-975184
-975245
-975265
-975309
-975314
-975323
-975338
-975340
-975516
-975603
-975631
-975644
-975929
-976077
-976089
-976103
-976145
-976157
-976261
-976306
-976334
-976375
-976470
-976472
-976523
-976600
-976655
-976680
-976779
-976867
-976887
-976897
-976922
-976984
-977345
-977468
-977525
-977526
-977576
-977581
-977601
-977609
-977631
-977766
-977768
-977955
-978081
-978117
-978156
-978313
-978339
-978403
-978449
-978524
-978536
-978677
-978789
-978812
-978876
-978979
-979136
-979218
-979333
-979492
-979509
-979602
-979653
-979730
-979736
-979777
-979878
-979901
-980167
-980196
-980216
-980315
-980451
-980596
-980746
-980762
-980771
-980836
-980854
-980975
-980978
-981076
-981126
-981233
-981346
-981401
-981449
-981458
-981499
-981512
-981513
-981522
-981573
-981717
-981740
-981744
-981933
-982055
-982057
-982073
-982095
-982108
-982146
-982242
-982320
-982356
-982375
-982468
-982484
-982514
-982527
-982527
-982579
-982603
-982624
-982661
-982776
-982837
-982878
-982917
-982925
-983039
-983134
-983163
-983176
-983345
-983350
-983389
-983410
-983469
-983545
-983662
-983704
-983759
-983792
-983826
-983868
-983903
-984121
-984127
-984182
-984266
-984312
-984596
-984767
-984923
-984988
-985040
-985092
-985097
-985176
-985492
-985537
-985795
-985801
-985957
-985982
-986057
-986085
-986124
-986206
-986241
-986316
-986357
-986410
-986542
-986614
-986658
-986740
-986759
-986799
-986927
-986927
-987018
-987081
-987317
-987342
-987404
-987406
-987520
-987613
-987616
-987634
-987658
-987871
-987920
-988090
-988128
-988161
-988170
-988224
-988348
-988353
-988375
-988401
-988460
-988468
-988564
-988623
-988625
-988627
-988640
-988921
-988978
-989009
-989023
-989140
-989142
-989147
-989293
-989303
-989361
-989367
-989443
-989467
-989504
-989614
-989663
-989718
-989796
-989898
-989907
-989989
-990001
-990039
-990043
-990052
-990074
-990282
-990354
-990407
-990467
-990477
-990545
-990780
-990900
-990952
-990997
-991088
-991112
-991134
-991350
-991578
-991608
-991618
-991639
-991719
-991866
-992056
-992171
-992178
-992240
-992260
-992295
-992368
-992489
-992644
-992673
-992733
-992762
-992779
-992808
-992859
-992897
-993290
-993331
-993390
-993420
-993431
-993437
-993476
-993484
-993619
-993621
-993680
-993800
-993832
-993872
-993938
-993981
-994083
-994154
-994176
-994177
-994203
-994381
-994387
-994463
-994467
-994505
-994561
-994579
-994612
-994636
-994739
-994805
-994865
-994911
-995037
-995098
-995236
-995262
-995334
-995373
-995562
-995612
-995621
-995910
-995959
-995963
-995968
-995991
-996075
-996090
-996153
-996170
-996228
-996361
-996414
-996447
-996457
-996477
-996602
-996617
-996662
-996947
-996961
-997109
-997124
-997135
-997219
-997439
-997457
-997463
-997488
-997571
-997754
-997848
-997886
-997924
-998004
-998031
-998054
-998098
-998282
-998351
-998382
-998398
-998415
-998469
-998489
-998515
-998659
-998709
-998903
-998908
-998957
-998974
-998999
-999013
-999032
-999050
-999067
-999146
-999178
-999217
-999335
-999388
-999483
-999505
-999563
-999566
-999650
-999683
-999701
-999752
-999759
-999770
-999777
-999842
-999997
