id,d00,d01,d02,d03,d04,d05,d06,d07,d08,d09,d10,d11,d12,d13,d14,d15,d16,d17,d18,d19,d20,d21,d22,d23
resume_0000,8.027310,7.419461,-5.614401,10.122796,-1.373253,8.625184,-5.400740,-3.415971,8.727892,-7.046919,-0.136477,-3.283692,5.965671,-8.205722,-7.154813,0.259310,5.524620,-6.703609,2.289260,-2.161934,4.447573,-0.521613,-4.538173,-1.165397
resume_0001,9.081651,7.220030,-4.681264,9.424622,-1.541378,10.022507,-6.560730,-2.429413,8.911609,-7.210321,0.361455,-3.909565,7.945846,-8.390842,-7.930035,1.118466,5.037640,-7.068442,2.889668,-2.482973,4.104288,-1.060910,-4.960519,0.424686
resume_0002,-7.160994,9.107294,-2.033947,6.694761,-1.978027,-1.995576,6.946074,-3.401685,1.034184,8.468572,9.696287,2.446182,8.344670,7.955854,-7.953317,-9.025893,0.726113,3.217812,7.195341,-7.065880,-5.501977,2.687824,3.573824,1.533943
resume_0003,-9.272815,-1.882811,3.718088,-7.978234,-7.967932,1.125748,-0.279831,-0.389596,5.305260,3.237276,0.031647,1.772437,-7.873713,-6.941277,9.146261,-0.556875,2.342459,-5.330717,-1.559671,-4.237762,-5.017318,-9.843199,6.446333,8.253674
resume_0004,-7.319085,-9.786097,7.941686,2.112314,-8.035718,3.204699,-7.061841,-6.478305,0.689539,-3.240450,-4.006000,5.365107,-0.445513,3.971288,2.559136,-6.272103,-0.588174,3.988498,1.972116,0.109288,10.662188,6.867370,0.068839,8.466066
resume_0005,-2.015675,7.509246,-8.452184,-2.225443,-2.958025,-0.934703,8.629988,-2.842055,-8.770301,2.066636,3.144762,-2.025742,6.055786,-0.563980,-2.160204,7.661308,-2.840536,5.616075,1.887580,0.039986,9.588287,8.309321,-9.495602,2.053956
resume_0006,9.781357,6.858715,6.476828,-9.100511,-0.738879,6.563934,1.163758,-5.972519,0.873331,8.689845,9.040637,-8.253708,0.181764,-4.051172,-4.310014,1.713475,-6.412985,8.074946,6.104080,-2.016436,-6.558616,-4.429583,1.643634,6.428162
resume_0007,9.835433,6.678962,7.427650,-8.294342,-1.339708,7.041616,1.937829,-5.802380,0.802187,8.730728,10.342361,-7.818119,-0.475192,-4.202561,-4.805230,1.721843,-5.977203,7.446846,5.397347,-2.802573,-6.155277,-4.803991,1.212754,5.565114
resume_0008,-8.255234,-0.670573,5.061105,-7.245940,-8.292573,1.932751,0.230995,-1.248458,4.987958,2.617164,-0.089842,1.019427,-8.198252,-7.407812,8.040371,-0.153942,2.472450,-5.953481,-2.988259,-4.310805,-5.400921,-9.214343,8.173747,6.686633
resume_0009,4.984500,4.575308,2.724929,8.440461,-4.250522,-5.976227,5.369712,-6.853381,3.701836,1.353564,-2.614161,-1.697146,2.895485,7.018595,-6.642985,-0.104776,-5.972112,-6.658776,-8.883483,-7.091534,-3.581225,3.954415,-7.437656,6.728503
resume_0010,5.888081,-2.880253,5.291459,2.858434,-0.735664,0.939147,-6.541187,6.874251,-9.060619,-4.315928,2.436157,-7.925068,-5.787923,5.500949,0.580683,-8.504437,0.701661,5.021414,-5.486257,6.214166,-9.246624,-0.859702,1.813131,9.278086
resume_0011,9.893433,7.666117,7.157725,-8.716616,0.179796,7.061904,1.442256,-6.314871,1.833134,6.573183,10.544998,-7.811254,0.372862,-2.350451,-4.973132,1.278383,-6.672562,8.837985,5.387698,-3.182865,-6.968900,-3.978795,2.372294,5.001126
resume_0012,5.939804,-4.080346,4.770203,3.920863,-1.028761,2.348742,-6.945495,6.418087,-8.421779,-4.940258,1.065502,-6.548273,-6.574074,5.908417,-0.027314,-6.970287,2.161655,4.748624,-5.485564,7.602018,-9.417642,-2.029850,2.456773,7.575255
resume_0013,8.977288,7.386439,-5.924052,9.526336,-1.931173,8.867571,-5.060724,-5.087815,7.924033,-5.957512,-0.211755,-1.830472,8.102828,-7.730680,-8.287485,0.065588,5.109370,-6.711200,0.997531,-1.758968,5.360871,-1.038486,-5.080078,0.588877
resume_0014,5.649660,-3.694822,4.247575,4.071113,-0.913366,2.547009,-7.191074,5.073762,-8.798001,-5.522938,1.776662,-7.512023,-7.121845,4.997837,0.818031,-8.442324,0.299124,3.856252,-6.546397,6.924820,-10.224850,-0.548564,1.573060,8.606140
resume_0015,6.237062,-3.795815,4.594077,3.517501,-1.910481,2.028046,-8.229633,5.560095,-8.678206,-4.378168,2.115949,-6.658162,-7.843143,5.796328,-0.392201,-8.137849,0.437863,4.840339,-5.930098,6.165000,-10.336692,-1.061269,0.441775,8.400467
resume_0016,10.483422,6.501022,-4.833069,9.833114,-2.741831,8.690153,-5.246901,-4.653788,8.158806,-6.952624,0.320641,-2.858789,7.529016,-8.601225,-7.984868,0.167137,4.530663,-5.244982,2.090602,-2.111605,4.199568,-0.002786,-3.962910,0.252393
resume_0017,6.384112,5.481985,1.238142,7.663358,-4.562723,-5.546811,5.926404,-6.491613,2.748114,1.874869,-2.949713,-2.594085,1.427622,8.898468,-5.923297,0.936279,-5.222792,-8.244476,-8.955661,-7.646800,-5.125147,3.123660,-7.990793,5.763261
resume_0018,5.648012,-3.238056,2.932139,3.083084,-2.037874,1.756180,-7.373441,5.747218,-9.106827,-3.822999,0.987662,-6.920001,-6.326454,3.542579,0.093619,-7.785251,0.468248,5.251400,-6.436899,6.334237,-9.820196,-1.306325,1.389572,8.180972
resume_0019,10.168787,7.910114,-5.707510,9.149886,-1.961460,9.293642,-5.415032,-3.527326,8.953896,-8.169997,0.178312,-3.739145,7.774733,-9.058209,-8.496618,0.125477,4.726861,-7.446276,2.370545,-1.491662,4.912218,-1.609753,-5.271023,0.449895
resume_0020,4.353028,4.018450,1.919107,8.162266,-4.893483,-5.798878,6.754719,-5.761581,3.816027,1.108033,-2.458843,-2.446922,1.048013,7.821503,-7.087851,0.093331,-4.902600,-7.303420,-9.499477,-8.480704,-3.217700,4.647982,-7.843045,7.901329
resume_0021,11.222983,6.897433,-5.186404,9.492211,-2.626807,9.749743,-5.085372,-3.533327,8.377971,-6.561975,0.356863,-3.556109,7.019484,-9.089121,-7.671537,1.082314,5.080689,-6.780788,2.616251,-2.973504,5.520664,-0.696377,-4.223452,-1.321495
resume_0022,-2.899778,7.454864,-8.061536,-1.143948,-2.063142,-1.473565,8.882589,-1.680353,-7.901895,2.716540,2.202865,-2.278083,5.543850,-0.154377,-3.431896,7.925735,-1.726276,5.326847,2.542460,0.226756,9.159016,8.587016,-9.953566,1.930295
resume_0023,-2.415530,7.799165,-7.105467,-0.583195,-3.316474,-0.991276,8.271730,-2.186415,-7.597873,1.878217,1.892207,-1.915679,6.731577,-0.172777,-2.055893,8.477124,-1.484147,4.534011,2.110470,-0.587815,8.145374,8.462661,-9.334090,2.032643
resume_0024,9.890030,6.959881,-5.782730,9.303156,-2.061316,9.837938,-5.065267,-4.412358,9.666782,-7.843364,0.261406,-2.577326,6.596109,-8.283217,-8.574399,-0.820577,4.396023,-7.528656,1.689458,-1.129787,3.957510,-1.911218,-5.529514,0.020933
resume_0025,5.804848,-3.530096,4.645116,2.685948,-2.080406,2.254395,-6.800322,6.079115,-8.859143,-5.264495,2.581291,-6.143784,-6.154258,5.138917,-0.129671,-8.336683,0.380792,5.077816,-5.936667,6.722266,-9.238050,-0.900573,0.661393,7.595346
resume_0026,9.892084,6.747270,-4.546825,9.987289,-2.943656,9.159577,-4.102971,-3.341921,8.653799,-7.374475,0.989175,-3.402541,7.919748,-8.624537,-7.476427,0.566729,5.552938,-7.336606,1.904113,-1.737564,5.213313,-0.788777,-4.656782,0.387671
resume_0027,10.425843,6.328793,-5.604254,10.368816,-2.624650,8.650469,-5.985547,-3.137761,8.845841,-7.560061,0.634230,-3.049683,7.955351,-8.755738,-8.091135,-0.572787,4.934737,-8.150471,1.598284,-2.958888,4.880072,-1.904050,-4.112828,0.356795
resume_0028,8.616585,7.606622,9.152971,-7.683044,-0.882250,7.088976,2.301370,-6.164161,2.818830,7.721384,9.533333,-7.160731,0.100489,-3.715817,-3.698138,2.104496,-7.038059,8.305585,6.530781,-2.183986,-6.675729,-5.132755,1.547129,5.556529
resume_0029,-7.047195,-1.397894,5.630052,-8.365844,-9.200106,1.196619,-0.355791,-1.172193,5.653368,5.019254,0.204029,3.109853,-6.267270,-8.214357,9.396088,-0.200187,2.130872,-6.369640,-2.192268,-3.729926,-5.711421,-9.458217,7.030653,6.680486
resume_0030,9.819343,7.200502,-5.743511,8.967447,-1.498924,9.445656,-5.225620,-4.586436,8.140037,-6.856684,-0.046492,-2.708708,6.645776,-9.818471,-8.028485,0.220611,4.492130,-6.794843,2.228622,-3.309039,4.101917,0.181811,-4.380496,0.259151
resume_0031,5.976718,-2.623472,5.151989,3.586937,-1.037205,2.342938,-8.065511,5.564045,-8.102668,-4.183444,1.260364,-6.326930,-7.449067,5.076137,-0.306888,-8.107967,0.370789,4.893654,-5.930246,8.548696,-9.999280,-1.329511,3.022060,9.156409
resume_0032,5.273163,4.204771,1.760395,8.083470,-3.906581,-5.299568,6.134606,-6.031074,3.558995,1.456946,-3.003824,-1.290636,0.955079,6.933505,-5.787891,-0.865144,-4.718168,-7.715646,-9.314215,-8.125212,-3.387031,5.265343,-7.857604,6.396743
resume_0033,-7.101052,-0.717540,5.390301,-8.473660,-8.825240,1.196670,-1.730147,-0.286434,4.739052,3.871387,-0.053783,2.098124,-6.281981,-7.670194,8.756629,-0.411107,2.494153,-5.600946,-2.349247,-5.366263,-4.837073,-9.123803,6.978819,7.700600
resume_0034,-6.998080,-0.433190,4.292788,-6.843371,-9.115402,1.542910,-0.405891,-0.493789,5.720042,3.966444,0.298794,1.852681,-7.706759,-7.874632,8.795224,-1.742508,1.548319,-4.862872,-3.259560,-4.559188,-4.982886,-8.050647,6.832188,7.151044
resume_0035,-2.993578,8.095890,-9.368083,-0.119628,-2.757311,-2.090640,7.806448,-1.854860,-8.722064,2.867066,0.404541,-2.673553,6.090916,-0.526615,-2.695031,8.357855,-1.987232,5.725186,2.579624,1.486450,10.205534,8.816062,-11.004317,2.469294
resume_0036,5.549575,6.061574,1.319713,8.357030,-4.422811,-6.177713,4.970666,-6.116255,3.330500,0.916318,-1.531128,-1.910596,1.502421,8.579570,-5.441037,0.383883,-5.576214,-6.746615,-8.808617,-8.156506,-4.153326,4.936541,-8.316048,6.915578
resume_0037,-6.946717,-0.336337,4.776650,-9.156738,-8.631230,2.172392,-0.666863,-1.587897,5.475247,4.007597,0.590260,2.690837,-8.778116,-8.694297,9.383709,-0.928477,0.910154,-6.552844,-2.310458,-4.604365,-5.066289,-9.044983,6.823691,8.340172
resume_0038,10.130191,6.801806,-4.351741,9.615114,-1.677693,9.524091,-6.207176,-4.355670,9.606848,-6.810637,0.054951,-2.794360,7.707530,-8.631982,-8.610740,0.167267,5.334111,-8.836169,1.735878,-2.379003,5.625982,-1.283945,-4.617362,0.268416
resume_0039,-7.529858,-8.343475,8.741861,2.191330,-7.741996,5.049210,-7.694337,-5.648802,1.291613,-3.072317,-2.467609,3.891582,-1.937746,4.017413,4.149267,-5.917870,-0.449017,3.409208,1.594927,-0.100308,10.007599,7.764098,0.257461,8.525599
resume_0040,5.031382,4.586496,1.575348,8.469317,-3.965016,-5.847252,5.199366,-7.067521,3.279218,1.727615,-2.052740,-1.403144,1.212265,7.404651,-6.726776,0.211719,-5.480032,-7.658560,-8.765747,-7.493646,-3.923195,4.991711,-8.595732,6.961306
resume_0041,6.722086,-3.083077,5.090121,3.690725,-1.185328,1.563036,-6.306263,6.005136,-9.769055,-4.713135,1.621806,-7.089728,-5.909233,5.670518,0.403418,-7.584658,-0.017846,4.737169,-6.214378,7.166621,-9.511875,-1.237825,1.859332,8.336431
resume_0042,9.006552,7.881992,8.459862,-7.588398,-1.067114,7.045710,1.761018,-6.009090,0.653661,6.732355,9.661502,-8.915456,-0.501107,-3.785403,-5.347522,1.904876,-7.360008,8.202832,7.181430,-2.419840,-6.910316,-4.363102,1.850671,6.153671
resume_0043,-7.320516,0.404681,5.155219,-8.073650,-9.279078,0.666855,-0.431379,-1.467742,5.184589,3.292700,-0.258920,2.739821,-7.277739,-7.129501,9.812659,-0.411823,2.421232,-5.183339,-2.044226,-4.734620,-6.143660,-9.100441,6.372110,7.784778
resume_0044,8.912825,7.578771,8.429586,-7.962437,-0.363327,6.022640,1.861904,-7.274267,1.970762,8.526263,9.252617,-7.921321,0.827828,-4.048629,-5.310999,1.252872,-6.812663,7.875487,4.576042,-4.060455,-6.459917,-5.010850,1.800092,4.807035
resume_0045,10.430925,6.442858,8.116468,-9.188383,-0.985873,7.589283,1.946739,-5.678919,1.208438,7.490284,9.936901,-7.436421,-0.777886,-3.495854,-5.316090,2.984712,-6.672810,7.988903,5.557480,-3.429369,-7.515106,-4.251984,1.335182,4.597068
resume_0046,6.218985,-3.777371,3.997572,3.500791,-1.446819,2.937096,-6.986130,5.441592,-9.190237,-4.421760,1.456770,-6.952273,-6.585378,5.222787,-0.564986,-7.998192,-0.353386,4.212183,-5.359618,7.444935,-9.965492,-1.484046,2.496299,8.629785
resume_0047,-2.496817,7.334975,-7.208265,-1.162053,-1.451956,-1.405765,7.920148,-1.073066,-7.623701,1.980723,1.787118,-3.011361,6.451037,-1.475095,-2.385912,8.202184,-2.210940,5.453945,2.276105,0.855265,9.953152,9.735860,-8.873604,2.047756
resume_0048,11.318760,8.274911,-5.851530,8.098687,-1.501384,8.437296,-5.967733,-4.689771,9.140994,-7.149064,-0.061067,-2.182480,7.834396,-8.428556,-7.304422,0.556587,5.104576,-6.324331,1.304478,-1.089578,5.193540,-1.605438,-5.347948,0.855674
resume_0049,-6.530890,-1.413597,4.614434,-8.666095,-9.073265,1.483853,-1.498220,-0.091541,5.330927,3.048474,0.666794,2.333842,-6.946746,-8.481143,9.288510,-1.418567,2.338365,-5.386923,-1.886640,-4.028412,-5.706954,-10.077011,6.937734,8.297537
resume_0050,-1.696766,8.083869,-8.392573,-0.495889,-3.105954,-1.693209,9.272040,-2.018661,-8.250934,3.364869,2.264082,-2.394668,6.752249,-0.596442,-2.872255,7.594647,-2.836610,5.295548,2.462653,0.240646,8.863054,8.573876,-10.184490,1.721652
resume_0051,5.777394,4.500346,2.331897,7.651051,-5.549647,-6.447450,6.358650,-5.962456,3.868337,1.751033,-2.635852,-1.837353,1.706497,7.925896,-5.402710,-0.355070,-5.151720,-7.608508,-8.683966,-9.354972,-2.744472,4.602846,-7.447284,6.326651
resume_0052,-2.103892,7.101501,-7.913893,-1.185038,-1.180776,-1.624208,7.810074,-1.174792,-7.553323,2.391489,1.621984,-2.622299,6.883172,1.037441,-2.691216,7.514227,-2.179360,6.030105,2.909696,0.255079,9.140944,8.819016,-9.377600,2.662633
resume_0053,-7.178298,-2.143672,3.926295,-6.772236,-8.924417,0.209000,-0.792680,-0.143611,3.994081,3.962940,0.707056,2.175007,-7.129734,-8.007928,8.759589,0.097025,2.959169,-5.597460,-2.566448,-4.242517,-4.497993,-8.839694,7.287125,7.327398
resume_0054,-2.158732,7.978910,-7.412189,-1.355816,-2.198743,0.220686,8.672747,-1.403505,-8.366886,2.274626,2.309165,-2.665920,6.924659,-0.916245,-1.023759,7.168519,-2.264539,5.169152,2.066632,-0.103802,8.882078,8.637556,-9.247717,1.895049
resume_0055,-2.055247,6.235118,-7.868833,-1.726136,-3.021745,-1.530082,7.702514,-1.719112,-6.744489,2.500931,2.678723,-2.363964,6.935666,0.332708,-2.220337,8.958432,-1.858147,6.000428,2.897023,-0.015447,9.708204,9.348556,-10.045394,1.751111
resume_0056,-8.647964,-0.611382,4.879628,-7.041451,-8.615889,0.933200,-0.712808,0.350883,5.037173,2.080670,-0.238293,2.011132,-6.831109,-6.429734,8.046236,-0.067400,2.433748,-5.683887,-1.763687,-4.903844,-5.815268,-10.587357,6.977180,6.879176
resume_0057,-7.111736,-8.376884,7.620995,1.871911,-6.933061,3.185654,-6.238277,-5.994804,0.625671,-2.790277,-3.691087,4.941026,-1.556717,4.395578,3.083105,-5.984060,-0.262983,2.675175,1.430251,-0.557412,10.358486,7.457849,0.540306,6.774215
resume_0058,-8.527942,-8.001893,8.981094,2.638722,-8.159926,3.114830,-7.949021,-6.748061,0.515386,-3.409413,-3.583624,4.914357,-1.719093,3.637558,4.135676,-4.794590,-1.818925,3.254321,2.080224,-1.366403,9.043581,8.181139,-0.880099,8.204117
resume_0059,-7.985879,-8.627431,7.831252,2.297522,-8.130530,3.404643,-6.110792,-6.897531,1.271348,-3.986152,-4.269807,4.055141,-1.394975,4.758720,3.488447,-6.380869,-0.094569,3.582020,1.370021,-0.991285,9.477406,7.198286,-0.458263,8.499320
resume_0060,-8.367494,-1.803837,3.408472,-9.124165,-6.980573,1.240563,0.357448,-0.443405,6.026738,3.696039,0.489202,1.538542,-6.483124,-7.248387,8.648828,-0.353611,1.353571,-5.327802,-2.241490,-4.185620,-5.889479,-8.251658,7.336283,7.884971
resume_0061,-6.852881,8.166234,-3.473560,7.018410,-2.467702,-2.944776,6.849000,-3.689229,0.719098,9.396458,10.403390,1.819520,9.369958,6.749844,-6.824174,-8.069096,-0.019004,3.745314,6.819048,-8.162170,-5.111536,2.542412,4.212995,-0.637283
resume_0062,-2.431346,8.282100,-6.518295,-0.901199,-1.741871,-1.982746,9.277554,-1.341492,-8.382730,2.397005,1.646187,-2.722125,5.346305,-1.587981,-1.733683,6.565006,-2.185704,5.372146,1.858517,1.281781,9.426832,8.741101,-8.273802,1.722372
resume_0063,8.573870,7.030992,8.321567,-8.270813,-2.354866,7.823711,1.444792,-6.699593,1.870060,7.859198,9.069480,-7.468476,-0.003146,-2.942965,-4.212373,1.604042,-6.925381,7.650592,4.880000,-1.896748,-6.387852,-5.076695,2.337252,6.382319
resume_0064,6.078870,4.721407,0.442410,7.806053,-5.047594,-5.478601,7.114220,-6.257204,3.077078,1.689196,-2.208241,-1.966149,2.127060,7.479069,-7.052517,-0.128560,-4.671542,-7.174063,-8.465230,-7.103680,-3.621001,5.420876,-7.290937,7.796283
resume_0065,-6.769723,-0.688856,4.720482,-7.526790,-8.067472,0.493518,-0.451653,-0.387427,4.515018,3.591874,0.482870,1.649582,-6.515512,-7.621373,7.324666,-0.701066,1.062757,-6.999842,-1.327839,-4.168868,-4.396030,-8.424309,8.159107,7.670112
resume_0066,-7.086733,-0.736568,3.937377,-7.606111,-9.386183,1.169870,-0.757358,-0.427528,5.140122,2.442307,0.770721,1.104438,-6.023022,-7.991612,8.783260,-0.583412,1.992862,-5.501445,-2.342340,-4.398434,-4.961521,-9.138355,6.701308,7.870588
resume_0067,9.709874,7.032069,-6.288535,10.162466,-2.280865,9.105743,-5.876879,-4.072901,8.380970,-8.597403,0.052916,-2.564505,6.616647,-8.917141,-8.284192,-0.480268,5.090396,-7.004040,1.945932,-1.624044,5.053856,-1.426657,-4.807012,-0.961567
resume_0068,-3.301916,7.846806,-7.588717,0.004511,-2.866477,-1.556004,8.688091,-2.680971,-8.054403,2.684299,1.917568,-3.002614,6.792429,-0.052721,-2.039810,7.253918,-1.724429,6.201713,1.871263,-0.111304,9.756238,8.159567,-9.970801,2.441229
resume_0069,5.273059,4.966720,1.895261,7.626841,-4.049789,-6.395066,6.670301,-6.393045,3.206458,1.292710,-1.922687,-1.073513,-0.253745,7.667358,-7.427175,1.422407,-5.384302,-6.676322,-8.598344,-7.962203,-3.282299,5.231128,-8.696162,6.490954
resume_0070,5.291956,4.422754,2.615997,7.664309,-4.102933,-5.683385,6.161735,-6.922950,4.100370,1.995890,-3.005463,-2.185505,0.860796,7.200631,-6.706476,-0.303493,-5.140171,-7.471873,-10.119667,-8.435702,-3.292675,4.592278,-8.238896,7.282567
resume_0071,-7.035599,-9.044595,8.787121,1.624586,-6.970710,4.717513,-7.548922,-5.232514,1.672564,-5.006846,-2.886093,3.414025,-1.335769,4.402367,3.237619,-5.743253,-0.784021,2.866826,1.986158,-1.098406,9.410189,6.948955,0.458029,7.597980
resume_0072,-6.869176,9.023996,-3.018378,6.535265,-3.015385,-2.941778,6.603572,-3.915496,1.063908,8.475857,8.758176,3.210201,7.908524,7.448068,-7.952626,-9.411383,-0.816904,3.657738,7.302458,-8.275432,-3.961014,3.358966,4.634775,-0.933929
resume_0073,-7.079138,-0.442481,5.088614,-8.762494,-9.743407,1.539733,-0.031845,0.140823,6.976380,2.763071,-0.157476,1.975299,-7.577736,-7.581010,8.729745,-0.612820,1.746606,-5.435246,-2.139151,-4.138357,-5.885478,-9.992588,7.565735,7.576408
resume_0074,5.585537,-3.925318,4.903164,3.439191,-1.896371,2.304885,-7.258299,5.516155,-9.104297,-4.360514,1.177261,-5.788060,-6.162143,4.010573,-0.868589,-8.122832,1.055162,4.050074,-7.425904,6.462157,-9.932263,-0.233615,1.710770,8.549717
resume_0075,5.959939,4.968713,0.690380,8.308122,-4.406650,-6.573470,5.894236,-6.059081,3.656163,0.346258,-2.865051,-1.139459,1.423347,7.541028,-6.382224,-0.280062,-5.565142,-7.829138,-9.541593,-7.113335,-3.700081,4.616865,-9.058254,6.528664
resume_0076,4.746184,4.749315,2.169967,9.587262,-3.651782,-5.631988,7.154370,-8.582374,3.491508,1.814942,-1.982280,-1.971408,1.428446,8.707024,-5.105520,-0.217109,-5.226933,-7.780303,-10.498414,-7.462138,-3.381803,3.980089,-7.140583,6.194796
resume_0077,-8.118485,-7.771094,8.942302,2.766498,-7.688270,2.898500,-8.375290,-5.369900,1.379381,-3.537842,-3.049812,3.601955,0.265459,3.915132,3.881978,-5.585206,-0.079861,3.344588,1.403786,-1.361596,8.953998,7.504904,0.138331,7.979417
resume_0078,-7.724484,-9.688538,8.996919,2.462604,-7.103739,3.887167,-6.966564,-5.641926,0.505541,-3.756938,-2.751453,3.918107,-0.699190,4.502685,3.112513,-5.279184,-0.347369,3.326928,1.877291,-0.884809,10.089752,6.658306,0.387475,7.796458
resume_0079,8.570007,6.752625,8.305988,-8.458282,-1.549375,7.834642,1.894379,-5.373519,2.125680,7.895099,8.202801,-8.399857,-1.324253,-4.108623,-4.733484,2.918074,-8.145131,7.877901,5.873563,-3.093736,-6.606509,-5.777376,1.851312,5.895247
resume_0080,8.147722,7.552865,7.859771,-7.350009,-1.173039,7.732789,2.462047,-5.354949,0.808866,7.313901,8.200583,-8.253896,-0.804673,-3.208793,-4.999379,2.382078,-6.169191,7.510217,5.741736,-3.035151,-5.920992,-4.510513,1.794196,5.055325
resume_0081,8.101681,7.122610,7.661556,-7.994755,-0.358457,6.970669,2.194076,-5.527879,2.201935,6.988111,9.459702,-8.952000,0.613890,-3.094282,-5.298626,1.906000,-6.504260,7.218721,6.088976,-1.910172,-6.815733,-4.822379,2.103821,5.361915
resume_0082,6.293986,-3.177425,4.011850,1.956204,-1.576295,3.188255,-6.720518,5.284636,-9.475282,-5.875083,1.574056,-7.172966,-6.377270,4.338335,-0.263013,-8.310284,0.707778,3.814829,-5.938011,6.196611,-10.395040,-0.672373,2.065737,8.376949
resume_0083,-1.753784,7.748266,-6.414381,-0.371442,-2.540002,-2.076356,7.729644,-0.847324,-8.378423,1.684711,2.325109,-2.942209,6.368146,0.141176,-2.045507,8.480353,-3.074914,6.388704,2.489864,-0.068496,10.290355,8.132752,-9.697316,2.609863
resume_0084,9.766519,8.043570,-5.635602,10.533401,-2.029821,9.081289,-4.173601,-3.112347,9.257747,-6.873498,0.044657,-3.047682,7.918937,-9.070777,-9.302829,-0.745606,4.297296,-7.367112,2.311998,-2.909215,4.914555,-0.217148,-4.252522,0.418648
resume_0085,5.431922,4.327300,1.584523,8.871088,-4.972022,-7.218587,5.458084,-6.005431,3.129822,1.586452,-2.402633,-2.458946,1.110778,7.643282,-7.189150,-0.733195,-4.955648,-7.752939,-8.692436,-6.948145,-3.926670,5.274362,-8.444788,7.054548
resume_0086,-7.460511,-8.448350,9.312110,2.979001,-8.179078,3.169523,-6.940973,-6.188913,1.467418,-3.443439,-2.648339,4.818720,-1.247308,5.496656,3.646157,-6.442096,-0.147753,2.524522,1.853888,-1.082932,10.336772,8.166573,-0.021209,7.946082
resume_0087,-7.723696,10.258020,-2.750239,7.630620,-1.439959,-3.553426,6.293961,-3.843631,1.836262,8.485365,9.903319,2.339599,7.030893,6.272269,-7.701132,-8.893284,0.387609,3.357584,7.080525,-8.773436,-5.073462,3.257430,4.490908,0.481300
resume_0088,9.555084,6.077923,-4.468873,9.021883,-1.740735,9.184511,-4.999515,-3.892143,9.826436,-7.562718,1.342191,-1.937227,6.476611,-7.769501,-7.459973,-0.604071,5.377757,-7.275035,2.526808,-3.046633,4.544746,-0.852931,-4.459356,-0.085259
resume_0089,-7.395111,-0.826318,4.530829,-8.645553,-7.079740,1.439174,-0.654785,0.177119,5.458747,3.899158,-0.323708,2.792395,-7.821306,-8.187437,8.172322,-0.040193,2.136912,-5.990941,-1.880489,-4.122853,-5.184807,-9.670607,7.328570,7.164391
resume_0090,-6.557466,-8.572326,8.696439,2.081095,-7.546071,3.452057,-6.967238,-6.493242,1.375940,-4.444336,-3.363002,5.293879,-1.057992,4.637064,2.445059,-7.623989,0.143218,3.804554,2.085118,0.157988,9.612652,6.462288,-1.199907,8.580438
resume_0091,8.811347,7.432363,8.112009,-7.591462,-0.685165,6.399947,2.564857,-5.964683,1.141314,7.324624,9.804963,-8.311177,0.290860,-3.216921,-4.059722,1.482777,-6.578831,8.391243,6.040738,-3.101153,-7.828315,-5.060387,2.896913,5.298060
resume_0092,5.460435,5.523156,2.312061,8.535745,-4.456894,-6.900859,5.443793,-5.771441,3.822410,2.439079,-2.481747,-1.679809,0.753441,7.000596,-5.841553,0.370740,-5.108349,-7.293320,-9.218349,-7.432738,-2.917169,3.655327,-8.156980,5.658781
resume_0093,5.505781,4.907628,1.750331,9.111693,-4.554359,-5.628372,5.139912,-6.645532,2.921251,1.146372,-2.123351,-1.897313,1.175002,7.721624,-6.018831,0.961427,-4.816689,-7.572286,-9.942574,-7.667504,-3.675316,5.155086,-7.791884,5.966018
resume_0094,-8.596776,-8.562943,8.378416,1.268868,-7.259127,3.082393,-6.831981,-4.858343,1.281474,-3.363871,-2.898721,3.853073,-2.338787,5.374587,3.953839,-5.458747,-1.448866,3.249505,0.776566,-0.561540,9.218369,6.615603,0.606026,8.007459
resume_0095,9.087466,6.899423,8.040583,-6.980957,-0.708283,6.038904,2.057937,-5.304046,0.642087,5.536944,9.441326,-7.932919,0.060973,-2.488128,-4.695306,1.377513,-6.814704,8.558925,4.169221,-2.180731,-6.336112,-4.240405,0.577867,6.175641
resume_0096,6.099215,4.591582,2.874954,8.438751,-4.956979,-6.762310,6.154639,-6.112999,3.375672,1.720382,-1.732589,-1.575358,1.571815,7.554041,-6.676093,0.980687,-4.579565,-7.470352,-10.873296,-8.229395,-4.147430,5.543658,-8.008964,7.115568
resume_0097,-7.821811,-8.531425,7.803653,2.208732,-8.397875,4.714027,-7.814144,-5.904255,1.183203,-4.019739,-3.477086,4.245931,-2.051974,4.665239,2.777756,-5.351842,-0.124839,3.256233,1.675410,0.225809,9.200317,7.329699,-0.956692,6.893043
resume_0098,8.308752,7.119796,10.156179,-7.908983,0.730696,7.404145,2.737607,-6.169900,1.275632,9.181218,8.896867,-8.181437,-1.254426,-2.716050,-4.911333,0.531280,-6.835794,7.564768,5.194985,-3.259869,-6.088582,-4.608661,1.949052,6.391185
resume_0099,-6.612602,-1.155419,5.750701,-8.511587,-8.377578,1.731986,-0.194025,-0.107300,4.133400,2.258692,1.175385,1.679480,-7.832210,-8.183351,8.384961,-0.588943,2.864387,-4.774988,-1.882604,-4.295951,-5.430019,-8.972680,6.435812,7.744906
resume_0100,6.288643,3.619094,2.081185,9.164252,-4.697038,-4.989439,5.983433,-6.636262,3.316563,1.942278,-2.341169,-2.990066,2.145260,7.069361,-5.645770,0.760759,-5.933777,-8.315739,-9.452869,-6.958155,-3.156366,4.263980,-8.248218,7.511084
resume_0101,-0.709849,7.660252,-7.853367,-0.568394,-2.046901,-2.310182,9.479712,-1.871273,-7.651252,2.493136,2.118158,-2.944460,7.756353,-1.054287,-2.407069,8.184778,-2.732743,5.314658,1.534336,1.560875,9.117862,8.940675,-10.274077,2.454328
resume_0102,-8.423385,-0.053806,5.223344,-7.330962,-8.528296,2.138893,-0.174315,0.082918,5.830907,3.754161,0.574799,1.134052,-6.835127,-8.525933,8.275742,-1.012693,2.673542,-5.903032,-1.227189,-3.798362,-5.163921,-9.551040,7.497766,6.965538
resume_0103,9.298486,7.335748,7.164449,-8.031260,-0.007110,6.738192,2.339844,-6.340836,0.346107,8.227064,9.739642,-8.505221,-0.062148,-3.852532,-5.056751,1.566658,-6.775602,7.939046,5.458469,-2.572182,-7.256238,-4.589060,0.983992,5.151624
resume_0104,-8.109753,-8.769778,7.063003,3.329719,-7.352689,3.645577,-6.680571,-6.277191,2.040929,-2.883536,-2.290164,5.627241,-1.397890,4.357871,3.000163,-6.280381,-0.696993,4.153496,3.081505,-0.772296,9.622707,6.376376,-0.383803,8.117074
resume_0105,5.949146,3.639602,2.440513,8.016021,-3.777373,-6.216293,5.575335,-7.451737,3.876195,1.781981,-1.049553,-1.707113,1.322158,7.427654,-6.396330,0.072403,-5.808382,-7.241209,-9.220120,-6.563912,-3.021744,5.427462,-8.169990,6.718132
resume_0106,6.463881,-3.989576,3.919161,3.293031,-2.443610,2.922239,-7.567085,5.052854,-8.603627,-3.739377,1.562949,-7.084447,-6.305169,5.006301,0.227248,-8.615227,0.784944,4.396331,-4.575282,6.164548,-9.628990,-1.325193,1.075220,7.628958
resume_0107,5.343325,5.195456,2.639618,8.208038,-3.867821,-5.763429,8.090437,-6.954353,2.965490,2.029282,-1.344735,-2.210629,1.672253,7.707053,-5.038406,0.984702,-5.497717,-8.073493,-9.747386,-7.224332,-4.462242,5.513806,-8.831012,7.211579
resume_0108,9.824701,7.363503,7.186964,-8.010787,-1.363200,6.592312,1.497084,-5.700663,1.274261,8.641742,10.304259,-8.201393,0.446610,-2.263773,-5.249712,2.022221,-6.160288,6.985823,5.704086,-4.823253,-7.553787,-5.089893,2.519156,5.175828
resume_0109,-7.512613,8.693704,-3.002297,5.257368,-3.450998,-2.985251,5.662796,-3.770644,0.239598,9.175259,8.486344,2.532751,8.147376,6.886927,-7.528423,-8.179291,-0.035433,4.666902,7.980603,-9.981359,-6.505632,2.577000,4.327462,-0.391820
resume_0110,-7.219032,-9.224235,9.190978,2.472839,-7.410877,3.841120,-6.718871,-5.643247,1.725304,-4.034418,-3.798460,4.748477,-1.335229,5.633905,3.862603,-5.887416,-1.587603,3.764924,1.753453,-1.947343,9.018366,7.347329,-0.028584,8.651947
resume_0111,5.401992,4.260122,2.756677,8.993852,-5.350825,-6.532236,6.829049,-6.169459,4.138611,1.449663,-2.111230,-2.566129,1.314247,8.235656,-5.948423,0.858471,-6.496357,-8.801654,-9.797809,-7.353838,-3.585316,4.632697,-7.992918,7.002031
resume_0112,-7.539008,8.632482,-2.562222,6.637327,-3.225202,-4.758221,6.754565,-2.922960,0.782487,8.330349,9.271056,1.654070,8.696600,6.808921,-7.814645,-8.318021,-0.023688,3.478764,7.966844,-9.700771,-4.852595,3.331289,4.507497,0.668618
resume_0113,-8.050180,-8.976309,8.724129,2.045030,-6.340321,3.212189,-7.066695,-5.816296,0.275726,-3.542325,-3.758527,5.298673,-1.815866,6.512259,3.298541,-5.493409,-0.988734,3.737814,1.980630,-0.117435,9.439563,6.687813,-0.557227,7.751523
resume_0114,10.254193,7.961072,-5.694514,8.854734,-1.042638,8.794665,-5.587808,-3.325962,8.691608,-7.524203,-0.962017,-2.852444,6.944935,-7.630133,-7.280584,0.216751,6.062116,-8.083562,3.349356,-1.569942,4.898516,-0.231749,-4.619534,0.660354
resume_0115,-6.717880,-1.002758,5.036919,-8.031633,-8.089274,1.502556,-0.070389,-1.416823,5.449834,3.871539,0.588928,1.468799,-7.675994,-8.601188,10.174028,0.328652,2.564905,-4.917885,-1.783002,-3.943410,-4.345118,-8.481943,7.610983,6.567931
resume_0116,-7.675364,9.132320,-3.067944,6.868415,-1.431245,-3.750126,6.583288,-3.510308,0.312943,7.061817,9.386527,1.886154,7.972427,7.492007,-6.919294,-8.824492,0.777545,3.360221,7.734624,-8.625334,-5.290032,2.719400,4.770027,0.032278
resume_0117,8.659931,7.335880,9.274182,-8.072867,0.165506,7.216663,3.285582,-3.898160,1.098100,8.402600,9.022771,-8.767379,0.539377,-3.729034,-5.729491,2.838587,-6.318881,7.850344,4.763295,-2.419374,-5.905894,-5.511296,1.259413,5.517206
resume_0118,5.153029,6.019928,1.894038,8.131630,-5.053622,-5.168995,6.568969,-6.656992,4.567376,1.269780,-2.877636,-2.007529,1.268739,6.571716,-6.398544,0.410687,-4.128879,-8.383823,-9.662784,-7.491685,-3.206253,3.204831,-7.734815,6.142399
resume_0119,-8.227288,-8.271746,8.410052,2.945735,-6.724937,3.222454,-7.646028,-5.557464,0.540205,-3.837187,-2.866540,3.651208,-1.975473,5.283185,3.424518,-5.413127,-0.813997,3.612698,2.180735,-0.823275,9.858448,6.938782,-1.059299,7.824944
resume_0120,10.218114,7.644844,-6.127240,9.683678,-0.967305,9.553001,-7.121010,-4.090376,9.660954,-6.574937,0.241431,-3.487601,6.598115,-9.309743,-6.701427,0.809650,4.499186,-7.068480,2.198778,-1.647098,5.079487,-0.910338,-4.269716,-0.852415
resume_0121,5.819842,-3.181622,4.711987,3.052930,-1.635756,1.783850,-7.385889,5.551333,-9.140504,-4.626578,1.136314,-6.591548,-6.256017,4.432908,0.317758,-7.512773,0.539041,3.907956,-5.514154,6.510130,-10.621424,-1.135875,1.823136,7.240896
resume_0122,-8.701464,7.440805,-4.504162,5.075426,-2.225166,-3.630181,6.042942,-4.447148,0.696555,9.140915,8.700869,1.740898,8.041294,7.385161,-8.428027,-9.176885,-0.018608,3.000691,7.886297,-9.247050,-4.322608,2.697357,3.841708,-0.591491
resume_0123,6.304436,-4.435777,4.567727,3.260751,-1.471323,2.481495,-7.504714,5.906949,-9.293316,-5.658262,2.772625,-6.528566,-6.088296,6.471834,-0.242963,-7.715338,0.463972,3.252156,-6.447005,6.716045,-9.617236,-2.597141,0.478683,8.770190
resume_0124,5.099075,-3.120600,3.235990,3.664448,-2.197987,2.552208,-6.527404,6.015769,-10.884717,-4.667882,1.893174,-7.610574,-6.810477,4.615916,-0.775469,-7.573797,0.910395,4.562068,-5.926777,7.040565,-9.495426,-0.937560,1.295835,7.434741
resume_0125,-8.298478,-9.394053,9.495251,2.413791,-8.410223,1.761847,-8.211194,-5.632637,1.960454,-3.480130,-2.758572,3.378442,-1.471050,4.856071,5.615973,-5.351306,-1.143198,4.187148,1.139171,-0.333736,9.539583,6.561180,0.259971,7.333446
resume_0126,9.285826,7.525514,8.124293,-8.852528,-2.354931,6.182590,1.630657,-6.216968,1.240005,6.840382,8.698430,-8.201871,0.952768,-3.168591,-4.545284,1.386877,-6.084554,8.071711,5.109671,-3.006472,-6.743273,-4.002776,2.221715,6.094924
resume_0127,-2.785421,7.963268,-7.328006,-1.121916,-1.887232,-1.091228,8.583682,-1.789358,-7.329856,2.897722,1.372422,-2.528808,5.290855,-0.949389,-1.889282,7.762626,-3.140135,5.475676,2.167087,0.098294,8.839251,9.378722,-10.584515,1.468063
resume_0128,9.226103,8.203165,7.380874,-8.430103,-0.827558,7.110328,1.627948,-6.441822,1.410092,7.133256,8.154139,-7.324682,-0.286233,-3.508704,-4.282191,1.813256,-7.376227,8.257022,5.880275,-2.730195,-6.656108,-4.574423,1.638493,5.204444
resume_0129,-6.780253,8.988221,-2.638214,5.931351,-2.715632,-2.808473,6.398743,-3.703630,0.478874,8.380271,8.997988,2.494670,6.847599,7.181207,-6.110475,-8.602848,1.047636,2.758875,7.228255,-8.224787,-5.311348,3.634519,4.265671,-0.293463
resume_0130,5.761057,4.981074,2.024649,7.823624,-4.057101,-5.229154,7.586979,-6.610457,3.461924,0.607121,-1.777576,-2.624054,0.918570,8.143801,-5.945134,1.021751,-5.348112,-8.569999,-9.549293,-7.037502,-3.545160,4.325356,-8.588765,6.505757
resume_0131,8.719235,7.605835,7.727340,-9.136161,-1.474574,7.139213,2.347513,-6.246022,1.139119,8.852766,9.776650,-7.436119,-0.339097,-3.274542,-4.336041,1.852221,-7.179670,8.284839,6.194462,-2.097405,-7.635375,-5.618642,2.062292,4.993976
resume_0132,5.502212,4.352351,1.074306,9.321892,-4.970229,-6.145323,4.949193,-6.385859,3.810274,1.148687,-2.290603,-2.234791,1.404574,7.405535,-6.035565,0.001702,-5.012401,-7.324018,-8.989464,-6.689517,-2.609450,4.356503,-7.841315,5.941422
resume_0133,-8.305944,-9.212899,8.337579,2.050004,-7.615738,2.782578,-7.646783,-5.473697,1.278185,-2.940053,-4.126004,4.069423,-1.143578,4.761790,3.003019,-6.058658,-0.978240,3.170266,2.605930,-2.051943,9.668910,6.894022,-0.806683,7.781931
resume_0134,-7.675399,-8.472641,9.046709,1.645581,-7.009981,3.595110,-6.677114,-5.063056,1.752169,-3.809300,-3.470615,5.175444,-1.986736,3.025099,2.758889,-6.298972,-1.255803,3.557222,2.167623,-0.304716,9.104598,7.347619,-0.861492,7.180185
resume_0135,8.629418,7.837364,7.231114,-8.907963,-0.470897,8.148729,1.547497,-6.156267,0.453574,8.363202,10.147952,-8.686404,1.265715,-3.502375,-4.420573,1.818711,-7.274334,7.880421,5.673438,-3.098841,-5.763301,-4.760425,0.819171,5.805078
resume_0136,9.205973,8.815626,7.716124,-8.029443,-1.107686,6.657799,1.033030,-5.487440,1.250144,6.747733,9.358176,-8.292952,-0.450543,-3.197981,-4.620748,1.327814,-6.724432,7.956616,4.996367,-3.250362,-9.149119,-5.239157,2.486173,5.219722
resume_0137,9.610490,7.314447,-5.594767,9.806871,-1.811555,8.058409,-5.787617,-3.496759,7.983629,-7.544983,0.292060,-2.006209,6.362832,-9.169990,-6.918944,-0.258547,5.347694,-6.997903,1.990377,-2.073367,4.440395,0.089352,-4.555227,0.515761
resume_0138,-8.132060,-8.395017,7.948438,1.407291,-8.366965,2.719446,-6.104574,-5.451429,1.534932,-4.662038,-3.091751,2.864252,-0.569541,5.305784,2.974773,-6.075526,-0.195178,3.603174,0.755511,-1.662934,9.238674,8.487373,0.247397,8.039699
resume_0139,-7.795491,9.249890,-2.606072,6.890589,-2.609473,-4.348319,6.558137,-4.922857,0.801333,8.061649,9.947656,2.521768,7.226935,7.171304,-7.188098,-8.786058,-0.507588,3.366337,6.744747,-8.841225,-4.913285,2.317434,3.966794,0.066581
resume_0140,-2.184746,5.726760,-7.958190,-1.757057,-2.890132,-2.268489,8.616897,-1.127652,-7.249175,2.380298,1.904088,-1.963225,7.016611,-0.262101,-1.817243,7.731503,-1.547747,5.397175,1.992705,0.380983,9.324108,8.122494,-9.180074,2.056046
resume_0141,6.991200,-3.169819,4.546131,2.408616,-1.507516,3.282976,-7.132249,5.724442,-9.734242,-4.191646,1.264821,-6.772282,-5.706538,5.148989,-0.739699,-6.723642,-0.350419,3.692217,-5.681178,6.522828,-9.742641,-0.716832,1.259130,8.474059
resume_0142,5.537258,5.039061,1.866165,8.135311,-4.731333,-6.644889,5.334457,-7.519260,4.133498,1.299179,-2.300725,-2.162529,1.659878,8.322082,-5.808797,1.671919,-4.262901,-7.702252,-9.928756,-8.027768,-3.360472,5.384862,-7.029095,7.303956
resume_0143,-6.365663,8.765508,-2.791774,6.386190,-2.634394,-3.535186,7.678043,-3.768360,1.784544,8.651383,9.800097,1.908709,7.556255,7.637404,-7.330808,-8.029306,0.303671,4.106997,6.731234,-7.112689,-4.684709,1.912231,3.945071,-0.209795
resume_0144,10.023689,8.088631,-5.617704,9.169083,-1.736986,8.040463,-6.113895,-3.546091,9.035285,-8.027805,0.177702,-2.620296,7.760944,-8.093478,-7.438103,-1.105513,5.352712,-6.773987,2.084640,-1.476448,4.344291,-1.920505,-4.713343,-0.239406
resume_0145,4.760078,3.729763,2.566288,8.137570,-5.487837,-4.358329,5.697677,-5.882434,2.991154,1.839582,-2.137649,-2.614041,0.591772,7.918917,-5.701711,-0.240661,-5.403260,-7.851338,-9.736550,-7.005796,-3.875345,5.227893,-8.125484,5.918912
resume_0146,-2.729893,6.078484,-7.541008,-1.114689,-2.521782,-1.178024,8.185586,-1.957039,-9.118611,2.130761,1.816393,-2.402419,6.187338,-1.283245,-1.061216,8.474259,-0.961679,5.152819,3.194969,0.239870,9.717451,8.552677,-9.211333,2.412183
resume_0147,-7.761541,-7.984567,8.632691,2.624168,-7.773332,4.839039,-6.775401,-5.506921,0.276563,-3.719081,-4.033739,4.393100,-0.255056,4.783610,3.362930,-5.685716,-0.448673,3.191990,2.171081,-0.390728,9.473344,7.091264,0.526215,7.636101
resume_0148,-2.306186,7.451218,-6.603249,-0.286825,-1.941538,-1.362770,7.709073,-1.230318,-8.089003,2.716907,1.507872,-2.273354,5.488881,-0.701374,-2.055994,7.048283,-3.977513,5.751242,2.454841,1.317620,9.676827,8.450897,-8.897234,2.097220
resume_0149,9.896792,6.752142,-6.048301,8.866716,-1.685109,8.901998,-5.526049,-4.556491,9.529786,-5.842545,0.394420,-3.339644,6.416176,-8.473246,-8.939166,-0.118210,4.486244,-8.349713,1.938559,-2.081954,5.588129,-0.163360,-5.139919,0.901772
resume_0150,6.135749,-2.622702,4.456571,3.114946,-1.303128,2.415679,-6.804418,7.226964,-8.664309,-4.953910,1.606400,-6.426277,-6.821013,3.837505,1.028217,-6.620522,0.785898,4.581569,-6.034220,6.727835,-9.692580,-0.284462,1.207884,7.320768
resume_0151,8.294718,6.488838,7.861339,-7.972049,-0.312699,6.949416,1.651749,-7.407554,1.588467,6.824815,8.982213,-7.157027,-0.893762,-2.803001,-5.571894,3.188625,-6.920467,7.730000,4.779159,-3.840205,-6.605836,-4.833626,1.048189,5.224962
resume_0152,-7.510872,10.044453,-2.288143,5.819769,-2.708006,-3.211552,6.739486,-3.608519,0.739444,9.284477,10.371394,2.536469,6.067518,7.457343,-7.090417,-8.785219,0.035020,4.988247,7.409144,-8.786038,-5.825561,2.610354,4.869773,-0.813221
resume_0153,-9.062108,8.525279,-3.395090,5.752056,-2.488936,-3.527294,5.741798,-3.217345,1.170101,7.814949,9.563600,2.149538,7.735522,7.380974,-6.731414,-8.263266,0.500306,3.764779,6.963314,-7.723990,-4.298637,1.589388,4.189106,0.118941
resume_0154,4.986558,5.014786,2.224713,8.048501,-3.783123,-6.114092,6.720973,-6.859953,3.892143,1.733477,-1.296394,-0.882759,1.319849,7.991266,-6.364837,1.316802,-6.413617,-7.948206,-9.581705,-7.121145,-4.206644,5.281694,-8.174092,7.146973
resume_0155,8.631126,8.420036,7.561306,-8.909479,-1.073064,6.803073,1.646836,-6.771789,0.939848,8.838329,9.806042,-7.931887,-0.017970,-3.789480,-4.865908,0.801491,-7.459161,8.063496,6.142892,-2.885968,-6.213560,-4.618665,1.174669,5.516467
resume_0156,-2.311283,7.778590,-7.016439,-0.692183,-2.512824,-1.954863,8.506031,-1.913920,-7.104923,2.858697,2.081340,-2.261226,6.799900,-1.282941,-2.584655,7.751865,-2.228400,5.349357,2.562401,0.518067,9.358949,8.728619,-8.558554,2.625482
resume_0157,10.722853,8.101780,-7.022602,9.840618,-1.938343,8.679275,-5.734164,-4.530460,8.255416,-7.512494,-0.064489,-4.235401,6.324221,-8.318883,-8.014180,-0.157550,5.070308,-8.155803,1.766497,-2.421276,4.717841,-0.326001,-4.000560,0.398541
resume_0158,-6.727537,9.666311,-2.782145,6.116914,-2.415651,-3.852276,6.686853,-4.283176,1.579822,8.186337,9.337728,1.407807,7.007712,7.435904,-7.702068,-8.482310,0.273324,3.750940,8.728336,-8.655715,-5.872900,2.086610,3.758774,-0.463193
resume_0159,-6.508145,8.172116,-4.030547,6.438634,-1.217884,-3.537775,6.591651,-4.585895,0.742214,7.910277,10.026365,1.952220,8.001701,6.902168,-5.984817,-7.879599,-0.745024,2.686754,7.361912,-7.603004,-4.517484,1.260084,4.849825,0.281538
resume_0160,-7.694663,-2.174481,5.048352,-7.845168,-8.053997,1.104096,-0.745758,-0.461141,4.699871,3.252101,0.457400,2.646621,-6.647293,-7.678797,8.184927,-0.387941,2.351647,-6.058729,-1.286960,-4.380162,-5.590220,-9.340554,6.935344,7.371331
resume_0161,-8.117815,-9.708575,8.073164,1.138336,-7.064707,3.057524,-7.247151,-6.311366,0.868548,-4.012372,-3.208415,4.692556,-2.737662,3.847269,3.894259,-6.204337,-1.238624,2.291261,1.549215,-0.535819,9.927388,6.621517,-0.976521,8.558949
resume_0162,9.826247,7.097773,-5.348325,8.934652,-2.176436,8.815456,-5.687363,-4.096443,8.859512,-7.918539,0.583769,-3.182864,6.849089,-8.464789,-7.899213,-0.442882,5.085897,-7.565602,2.025708,-2.626774,4.770767,-1.661340,-4.481901,0.297392
resume_0163,-7.800746,-8.663795,7.901798,2.532329,-8.174998,2.689165,-6.816705,-6.207387,1.070421,-3.431928,-2.957692,4.526556,-2.161274,5.031313,2.946781,-5.861392,-0.768014,2.539873,2.037348,-0.489760,9.688618,6.782360,0.719670,7.801862
resume_0164,9.305664,7.050189,-5.714175,9.454644,-2.548108,7.184489,-6.016733,-4.222067,9.545726,-7.968536,1.177385,-2.595455,7.084077,-8.312807,-7.416791,0.243132,5.120641,-7.974756,1.482467,-1.826035,5.249353,-0.022694,-4.521138,-0.186042
resume_0165,-1.179056,7.326942,-7.838678,-0.696727,-1.658039,-0.789695,8.842231,-1.921242,-7.948819,3.027750,1.892206,-2.658726,6.434801,-0.611781,-1.470798,8.006790,-1.921021,5.374702,2.032550,0.551265,10.736887,9.914904,-9.808082,1.292310
resume_0166,-8.010148,9.437410,-3.658911,5.624037,-2.699140,-3.181571,6.105391,-5.100115,0.425472,8.544626,9.607973,3.025169,7.615386,7.417475,-6.932667,-8.790263,-0.371388,2.892576,7.974078,-7.612945,-5.689398,2.635338,3.447329,-1.254214
resume_0167,-2.016840,7.992921,-8.633660,-0.619650,-2.760921,-1.464423,8.306073,-1.428811,-8.769905,2.422688,2.930642,-2.776366,6.635380,-0.124135,-2.174267,7.242160,-1.933129,5.935078,2.093381,0.394755,9.635962,8.543139,-9.377184,2.558008
resume_0168,-6.215779,8.991880,-4.055561,6.979089,-2.747637,-3.949115,5.685763,-4.091888,0.822567,9.073761,10.515813,1.925188,6.937871,7.409674,-7.149955,-7.764834,-0.364794,2.352264,7.938220,-8.334920,-5.981935,2.890994,4.881635,-0.955360
resume_0169,5.222194,4.519238,1.217035,8.236068,-3.175588,-7.463309,5.550924,-6.444190,4.449734,1.518593,-1.979357,-2.214757,1.463040,7.907176,-5.896868,-0.084288,-5.140311,-7.868627,-9.372454,-7.854137,-2.714354,4.287583,-7.593313,5.103840
resume_0170,11.123323,6.714080,-6.119871,8.941484,-2.707147,8.983628,-6.062802,-4.096043,9.190058,-7.381062,0.855969,-2.621714,6.817318,-8.005479,-8.151205,-0.553529,5.446672,-8.591383,1.768434,-2.159041,4.993906,-0.123833,-5.284540,0.985688
resume_0171,-1.267749,8.490702,-7.461053,-0.901279,-2.513396,-1.303574,6.847415,-1.399505,-7.730169,1.678862,2.335308,-2.318059,6.457260,-0.372947,-2.688325,8.443781,-2.480035,5.663337,2.550857,-0.673746,9.462813,8.757183,-10.003360,2.813153
resume_0172,-3.072522,8.152857,-7.556398,-2.183879,-3.309119,-1.189702,8.970576,-1.263602,-7.243840,2.636425,0.907426,-2.288997,6.466345,0.775063,-2.678396,7.092811,-1.026031,4.801867,2.908010,0.211356,9.391790,7.474512,-10.604734,2.151470
resume_0173,-7.887182,-0.256180,3.698428,-8.888543,-7.953418,1.376474,-0.703449,0.175953,5.932898,3.192027,0.025591,2.794011,-7.409832,-6.711947,9.097311,-1.278092,1.152115,-6.209691,-2.155892,-4.241701,-5.443464,-9.674286,6.596267,7.914489
resume_0174,5.313293,-5.145919,4.560286,4.296530,-1.185910,2.247155,-7.306534,7.222511,-9.634726,-4.816280,0.874434,-6.131623,-8.200743,5.272299,-0.606534,-8.486724,-0.732935,4.367491,-6.457663,7.738613,-9.909602,-0.788463,1.828218,7.798885
resume_0175,8.237965,6.707189,8.059292,-8.026606,0.096580,7.389032,2.098658,-5.870592,1.061839,6.855225,8.213775,-8.217216,-0.404466,-3.692258,-4.906260,1.528945,-6.665953,8.103036,4.420620,-2.339917,-6.618358,-4.497591,1.418156,4.783799
resume_0176,5.550909,4.674614,1.369408,8.833270,-4.386483,-6.698775,5.945024,-7.569040,3.755338,1.309862,-2.492368,-1.858510,0.538005,8.001000,-6.335430,-0.021562,-4.816229,-7.879233,-9.640354,-7.265345,-3.655901,4.166268,-8.616959,6.253440
resume_0177,-7.671443,9.427620,-3.714772,6.905296,-2.792277,-2.953162,6.440031,-3.606312,0.147268,7.756218,10.804169,2.540240,8.398766,7.091637,-7.281080,-8.136984,0.623771,3.458500,8.060656,-8.179332,-5.395058,2.619286,3.584010,-1.354319
resume_0178,9.376250,6.304888,-5.310059,9.149743,-1.318725,9.219080,-6.595399,-3.849144,10.343614,-7.378910,0.420635,-2.117083,7.128840,-8.414556,-8.486318,0.910811,4.601527,-6.402888,0.667663,-0.958102,4.679229,-0.096059,-3.885337,0.046641
resume_0179,7.972515,6.976039,8.300901,-8.698299,-1.053432,6.563904,2.838896,-5.897662,0.424616,7.614606,10.004460,-7.813035,-1.034571,-2.427822,-4.558316,1.462245,-7.470793,7.126909,5.151243,-1.934584,-6.879326,-4.788088,1.259347,5.774227
resume_0180,-7.307844,-0.839032,4.155381,-7.848751,-8.813187,1.509888,-0.823365,-0.388994,5.667350,2.587885,0.290396,1.732676,-6.784570,-8.746972,8.762013,0.048955,2.651108,-5.567529,-2.164854,-3.073437,-5.236551,-9.555533,7.680943,7.117217
resume_0181,-1.978064,7.679601,-8.053342,-2.154580,-2.788359,-2.178645,6.517550,-1.564817,-7.531649,2.888726,1.213471,-2.546184,6.090280,-1.310847,-0.873628,8.315260,-1.985408,4.980088,2.765861,0.347531,9.511721,8.151788,-8.631575,2.925508
resume_0182,10.560971,7.700831,-4.689554,10.399238,-1.636525,8.595786,-5.561890,-2.604643,8.987266,-5.768834,0.727227,-2.691141,6.647353,-8.040589,-7.440134,0.784737,4.255752,-6.256764,2.197059,-2.934055,4.143340,-0.252031,-4.636145,-0.416299
resume_0183,-7.876419,-1.011076,5.476710,-7.571396,-8.172508,0.949547,-1.032796,-1.073921,5.794062,3.041850,-0.307471,2.049690,-7.077128,-6.998895,8.923545,-0.369845,1.210521,-6.262717,-2.110148,-4.774771,-5.540150,-10.105489,5.809273,7.717060
resume_0184,10.054170,5.999205,-5.136010,10.598575,-2.255850,8.904682,-5.880084,-3.783610,7.828186,-6.603587,1.652193,-3.890719,6.248306,-8.277781,-7.753342,-0.071157,4.583580,-8.061521,2.235407,-2.472107,5.066654,-0.574025,-5.645656,0.708090
resume_0185,7.356164,-3.457282,5.412973,3.482310,-2.153065,2.983970,-7.377247,6.339003,-9.489913,-4.745930,1.403802,-6.896493,-7.039643,5.840097,0.451693,-8.265469,0.216323,3.733875,-6.019245,7.899617,-9.679909,-1.626089,0.647836,6.899076
resume_0186,5.816883,-3.511406,4.315360,5.259966,-1.660437,2.542451,-7.313977,6.615240,-9.698332,-6.028806,1.252179,-7.546946,-6.773588,5.603141,-0.207250,-7.406035,0.607379,4.504389,-6.707233,6.854327,-9.110672,-1.968283,2.010407,7.295427
resume_0187,-6.964859,7.425321,-3.930217,6.876506,-1.338058,-4.509738,5.572092,-3.729106,0.026470,8.615002,9.145116,2.150248,8.339405,7.081847,-8.167566,-8.439403,0.013239,3.177152,7.908447,-8.532923,-5.017553,3.075577,4.123391,0.056794
resume_0188,-1.488519,7.417461,-7.967690,-0.303243,-3.049274,-1.603783,8.409786,-0.855118,-7.402938,1.527059,2.493428,-1.515445,4.486107,-0.487734,-1.699834,7.408835,-2.066641,6.916648,1.613209,-0.083709,9.419262,9.197138,-9.312387,2.807627
resume_0189,-8.058437,-8.313297,9.665250,1.042954,-6.249849,3.054852,-6.650020,-5.458549,0.447998,-2.806953,-2.482355,4.964067,-1.934138,4.459127,3.574430,-4.797732,-1.277591,3.540044,2.885380,-0.454537,10.257844,6.593334,0.281538,9.797704
resume_0190,-6.898612,-9.031263,8.497573,1.900772,-7.293057,3.832399,-7.653211,-6.339047,0.043315,-3.311154,-3.105775,3.685245,-1.931321,5.302085,2.744150,-5.707821,-0.870360,4.600999,2.797103,-0.557630,9.966506,8.141812,-0.736054,8.332769
resume_0191,-7.004765,-1.605110,5.295580,-7.586752,-8.607400,2.244501,-0.820096,0.913874,5.139635,3.973350,0.237022,1.801840,-7.777189,-7.469276,8.406118,-0.557768,2.800996,-5.695657,-2.804945,-5.076259,-5.267527,-9.288563,6.936520,7.563607
resume_0192,5.520911,-3.090002,3.999210,3.448526,-1.447919,2.718433,-7.662088,6.393857,-10.811915,-4.685058,1.434834,-7.223256,-6.335404,5.762440,0.697739,-8.396090,0.963289,3.844594,-6.278378,6.692195,-10.104949,-0.151144,1.897683,8.137553
resume_0193,10.059180,7.675087,-4.863515,8.174342,-1.320701,9.052118,-5.684411,-4.276512,8.343716,-7.853783,0.122933,-3.216458,7.983939,-7.972521,-7.005813,-0.097926,4.456079,-6.573285,1.510105,-1.792473,4.837603,-0.380818,-3.608662,-0.685059
resume_0194,-7.335729,-0.330140,5.157945,-7.765550,-8.601516,1.342488,0.517571,0.425338,5.055676,2.200801,0.292227,2.489292,-6.960629,-7.705360,7.818909,-0.837738,2.198899,-4.805377,-2.265069,-4.734378,-4.922380,-9.346036,5.804664,6.568693
resume_0195,-6.276764,8.862807,-4.199415,5.789674,-1.763813,-3.232868,5.895713,-3.577942,1.003864,8.143300,8.495175,1.866947,8.105373,6.961097,-7.057543,-7.347887,-0.023111,4.163615,6.898391,-8.150050,-4.491756,2.859206,5.016319,-0.413539
resume_0196,4.948144,3.477749,1.423012,8.963645,-3.951838,-6.251589,6.551319,-6.746425,4.683372,1.162534,-2.744685,-3.072764,1.647994,7.936279,-5.873269,0.063770,-5.304542,-7.780116,-10.677513,-7.242569,-3.622110,4.585932,-8.038050,5.652203
resume_0197,-7.330007,-0.431940,4.897063,-6.926916,-7.689301,2.151417,0.367273,-0.096897,5.674510,4.347346,-0.764585,3.271475,-8.188154,-8.074349,9.839105,-0.592686,1.433658,-5.058150,-2.400251,-4.233020,-6.600468,-9.270534,5.487061,7.596413
resume_0198,5.263470,4.831997,1.636055,7.728729,-3.745968,-7.208388,5.620653,-6.595972,4.153092,1.120474,-1.123159,-2.599401,1.248376,8.694869,-5.677083,1.946625,-5.312573,-8.480512,-10.001586,-8.441119,-3.106591,5.201585,-8.589305,6.726770
resume_0199,9.176703,6.892993,9.031430,-8.756416,-0.408752,7.686732,2.100421,-5.651186,1.056934,7.846590,9.499466,-9.737573,-0.205664,-3.124768,-4.966802,2.423593,-7.402062,9.331636,6.244567,-3.640927,-5.481651,-4.131407,1.921301,6.175849
resume_0200,8.341812,6.674155,-5.828742,9.831543,-1.846916,9.675593,-5.019290,-4.131982,8.675851,-7.439033,0.650146,-3.211492,7.611589,-7.801062,-9.017755,-0.942997,4.778270,-6.709110,2.072098,-2.422436,4.909522,-0.627375,-3.382929,0.071239
resume_0201,5.088612,4.564374,0.734256,8.258661,-4.768473,-5.641841,5.603820,-6.558185,2.636179,-0.174246,-2.233803,-1.699341,1.918828,8.897744,-6.865344,0.500482,-4.625386,-7.889177,-9.801931,-8.192689,-3.079011,4.197315,-7.692708,6.834396
resume_0202,5.049145,4.656147,0.310551,8.355680,-5.159624,-5.536582,7.131146,-6.848747,3.042400,1.341464,-1.797590,-2.166921,1.213058,7.266030,-6.289626,1.296419,-5.062877,-7.417284,-10.434564,-7.958018,-3.301600,3.569012,-8.473687,6.320858
resume_0203,-7.852701,10.121478,-3.916493,6.032499,-2.471936,-2.325929,6.278795,-3.980611,0.180106,8.086769,9.402392,2.400616,8.814275,7.180666,-6.190154,-9.591706,0.987317,3.634251,7.855187,-8.630546,-5.365605,3.032977,3.745111,-0.958450
resume_0204,6.737548,-3.458925,4.400229,2.509636,-1.493927,2.066782,-7.824569,5.330145,-9.925611,-4.806787,2.327452,-7.528704,-6.495220,5.219366,-0.604971,-8.540951,0.733765,4.031954,-6.202909,7.223734,-9.353586,-2.563430,0.905002,7.784348
resume_0205,9.151977,8.355490,-5.801041,11.093750,-2.545103,9.368896,-5.286672,-4.158868,9.216734,-7.601675,0.475976,-3.376483,8.411347,-7.661392,-8.260718,0.250989,5.105248,-7.471645,1.839271,-2.010210,4.336736,-1.626092,-3.856832,-0.863700
resume_0206,8.530646,7.863319,8.351157,-7.929097,-1.314357,6.544136,1.464345,-6.683271,1.379351,7.188160,8.569789,-8.773609,-0.462137,-2.852592,-4.609887,2.206174,-7.043039,8.107456,5.280500,-2.319444,-6.686797,-5.618752,2.185929,3.702993
resume_0207,-7.635691,-0.110098,5.339428,-8.149352,-7.195203,1.872676,-0.705463,-0.310491,5.034791,4.019917,0.563612,1.481151,-8.058442,-7.312289,9.290659,0.460896,2.805358,-4.903466,-1.732967,-3.965549,-4.572000,-8.835333,6.914815,7.985787
resume_0208,5.996040,5.223985,2.225209,9.607814,-4.294003,-6.332721,6.908970,-5.346865,2.298896,1.089927,-2.202907,-1.940862,0.654488,8.341154,-6.602719,-0.230843,-6.470271,-8.359794,-9.209696,-8.593347,-3.184815,4.211081,-8.157553,7.476515
resume_0209,-7.751367,-7.912886,8.166558,2.413582,-7.498017,4.186310,-6.521338,-6.155612,1.646817,-3.460564,-3.682213,3.598401,-2.473296,4.577290,3.706338,-5.223960,-0.241473,2.334362,2.462675,-1.270140,9.832957,7.274679,0.762906,7.399615
resume_0210,-6.896386,9.482084,-3.642799,5.270119,-2.147273,-3.500794,6.082009,-2.587216,1.162878,7.716256,9.340885,2.272949,7.541380,6.540884,-7.024356,-8.833280,1.444936,3.111351,6.830969,-9.207408,-4.154260,2.267558,4.154423,-0.157058
resume_0211,-7.157746,9.369103,-2.509877,6.725736,-1.568526,-2.756535,6.865148,-4.198496,0.588543,8.202924,11.461541,1.483660,8.247453,6.148321,-7.360322,-9.132487,-0.172306,3.909572,8.108084,-8.083043,-5.316128,2.060132,4.538794,-0.946145
resume_0212,10.183886,7.597096,-5.291931,10.312128,-2.848925,9.694791,-5.599495,-3.497676,9.540928,-6.707721,0.409155,-2.314949,6.919857,-9.212443,-8.294009,-0.262671,4.521848,-8.453464,2.100657,-1.805503,4.446879,-0.431103,-4.237801,1.124727
resume_0213,10.050296,7.170595,-5.824000,9.374258,-1.520985,8.480821,-5.053463,-3.584129,7.604087,-7.653022,0.605823,-3.642225,7.305603,-8.140451,-7.581647,0.421483,5.103663,-7.763525,1.767108,-1.789735,5.475321,-1.196170,-5.056371,0.219248
resume_0214,5.643817,-3.418672,4.503231,4.118637,-0.763273,2.237559,-6.527818,6.179047,-8.816952,-3.575219,1.017558,-7.323270,-7.214285,5.489899,0.117517,-7.965321,1.113831,4.898912,-6.549284,6.746991,-9.174850,-1.559607,2.083439,7.368995
resume_0215,-7.446817,-10.158837,9.102280,1.791342,-6.227333,3.568067,-8.296917,-5.339673,0.516531,-3.881064,-2.037478,3.746501,-1.417634,4.844750,3.380548,-5.243644,-0.481709,3.432954,1.443554,-1.342855,8.928135,7.264559,-1.041609,7.746677
resume_0216,9.001598,5.753838,8.008659,-8.076468,-1.363054,7.754627,1.606747,-6.542366,1.464957,7.717994,9.082357,-7.756264,-0.826917,-2.933042,-5.422969,2.667375,-7.292092,8.517646,5.770473,-3.577387,-6.368095,-5.260881,1.857054,6.444587
resume_0217,9.977356,6.764787,-4.900769,10.670949,-2.610610,8.213988,-5.860979,-4.389797,9.071123,-6.595410,0.579549,-4.281955,6.489536,-9.037829,-8.123541,-0.312533,6.180324,-7.991884,2.386519,-0.768160,4.683008,-1.720590,-5.052999,0.133118
resume_0218,-7.272707,9.245063,-2.573974,6.410468,-2.054873,-3.980344,6.172889,-3.690812,0.269522,7.860534,9.113451,1.888811,8.421360,6.108498,-6.548293,-8.847087,-1.161988,3.015888,7.449506,-8.263294,-5.360417,2.563163,4.694211,-1.476647
resume_0219,-7.325613,-9.120644,6.758705,1.429621,-8.066661,4.224050,-8.362372,-6.147911,0.821118,-4.442467,-2.844867,4.310004,-1.734736,4.782871,2.730941,-7.153342,-0.754275,3.328221,1.602518,-0.941599,9.340410,7.910809,-0.217903,7.554923
resume_0220,-6.712344,-8.411366,7.391659,1.813372,-7.734932,4.259457,-6.904713,-5.084356,1.191549,-3.608982,-2.642028,4.418682,-1.755530,4.298990,3.129532,-5.933719,-0.124921,3.532019,1.700142,-1.930756,10.876908,5.943545,-0.120098,8.346145
resume_0221,10.269301,7.159277,-4.800858,9.943465,-2.222580,7.907318,-4.731113,-4.262933,8.286553,-7.424496,2.465859,-2.560654,7.373341,-8.031733,-7.511057,-0.058384,6.003882,-7.598616,2.656609,-1.429532,4.308908,-1.559671,-4.562604,-0.468708
resume_0222,-1.499215,7.628719,-7.416093,-1.669836,-3.669271,-0.300058,7.867805,-2.642007,-8.360059,2.146358,0.924374,-1.891126,6.659520,-0.814376,-1.073238,7.273558,-2.543585,5.983170,1.821094,-0.182136,9.613377,9.513671,-9.767522,2.849257
resume_0223,-7.318179,-1.045334,4.377668,-8.153245,-9.070454,0.159211,-0.427945,-0.578002,5.835491,3.105492,0.408934,2.344822,-6.777566,-8.051576,8.781774,-0.902289,1.445421,-5.029683,-2.006249,-4.372827,-5.602231,-10.114569,6.332158,7.970856
resume_0224,-5.941791,9.547689,-2.914335,5.407533,-2.254620,-3.028492,5.619467,-3.606428,0.259451,8.172906,8.414289,1.514353,8.080906,6.467620,-7.789783,-6.947493,-0.370610,3.492901,6.196593,-8.755147,-5.555635,2.069548,4.774262,-0.286935
resume_0225,4.259286,5.301958,2.315980,9.026122,-4.341043,-5.100284,6.942333,-5.946956,2.280348,1.896164,-1.836789,-2.484894,2.417599,9.373481,-5.650714,0.676295,-5.344862,-7.900015,-10.442303,-6.486643,-2.838358,3.925568,-8.653411,6.218428
resume_0226,6.357544,5.252296,1.660869,7.592676,-4.956948,-6.050315,5.604751,-7.791283,3.549522,1.207976,-1.981351,-1.891936,0.931087,7.626134,-6.424113,0.475809,-4.768225,-7.661889,-9.283932,-8.175732,-2.987504,3.428647,-8.490662,6.379383
resume_0227,-6.836978,9.393594,-2.654026,5.098951,-1.890272,-2.881718,6.185947,-3.886966,0.917894,8.706541,9.098489,2.928936,7.345844,7.118954,-7.499474,-8.037912,-0.025785,3.603533,6.433903,-8.826454,-5.316483,3.333832,3.454373,-1.275036
resume_0228,-7.387800,-0.354087,4.168025,-8.323139,-7.632947,1.285982,-1.351381,-0.773171,4.850450,3.981178,0.152736,3.067886,-6.972943,-6.604951,9.000539,-0.989684,1.239525,-5.982155,-1.180404,-3.431421,-3.839506,-8.825926,6.255251,6.965952
resume_0229,-2.697987,7.164505,-6.193260,-2.624368,-2.751587,-1.022232,8.222150,-1.092138,-8.653086,3.104583,1.703329,-3.144230,7.151393,0.701852,-2.473640,7.793980,-3.293982,5.209191,2.313270,0.341871,10.709640,8.629925,-10.517190,2.364694
resume_0230,-1.797653,7.509425,-7.268183,-0.714746,-2.839795,-1.214363,7.894397,-1.598241,-9.240651,2.115858,2.557901,-1.451726,6.191180,-1.422896,-1.862639,8.189848,-1.109129,5.741893,2.236252,0.768648,10.006456,9.460253,-9.364716,2.638934
resume_0231,-7.712615,8.430340,-3.380914,6.254102,-1.718085,-2.564968,8.054375,-3.344740,0.811724,8.970523,9.507904,1.909772,7.956748,7.262200,-6.453502,-9.145488,0.086572,3.796492,7.108869,-7.917421,-4.598535,2.203736,4.474556,-0.331729
resume_0232,5.682289,-3.427409,4.424677,4.234859,-1.698029,2.267541,-6.755202,5.689642,-8.594041,-4.252645,0.440994,-6.595982,-7.073650,5.579676,0.701311,-8.835268,0.185738,4.512555,-6.370132,6.420820,-8.498664,-0.530295,2.058618,8.619994
resume_0233,-7.993645,0.588307,5.517017,-7.726909,-7.660305,1.586701,-0.801035,-0.787054,5.015563,4.143380,0.384265,2.574348,-7.603970,-8.073672,8.094786,-1.562371,1.955111,-5.455702,-1.757587,-5.186581,-5.622493,-8.513702,6.928110,7.545615
resume_0234,-7.955952,-8.777803,9.122415,3.217808,-7.009271,3.562261,-7.787520,-6.274633,0.945703,-3.879778,-2.622674,3.400499,-1.705324,5.558189,2.624821,-5.720987,-1.176295,2.393688,2.963008,-0.944215,10.399116,6.793802,0.363559,8.459571
resume_0235,5.944213,-4.232963,4.346896,3.436614,-1.844746,2.579956,-7.634569,6.235471,-9.330800,-4.403267,2.953367,-5.895731,-7.005061,4.540075,-0.898129,-7.063163,0.479131,4.733561,-7.039540,7.870551,-10.248403,-0.656717,1.865160,7.523766
resume_0236,-6.498226,-8.838714,9.013293,2.920972,-8.431679,4.331014,-7.018040,-5.965071,1.110018,-3.129806,-2.300157,3.725779,-2.020649,4.789465,4.664238,-5.960841,-0.538167,3.855843,1.653920,-1.426996,10.288480,7.645355,-0.851661,8.434793
resume_0237,5.023648,4.235843,0.739773,8.263427,-3.927974,-5.494560,5.612083,-6.466425,4.408994,1.780977,-3.133286,-3.169697,1.062056,7.860451,-6.818022,0.298532,-4.584905,-8.490982,-9.123382,-8.457443,-3.169435,5.090939,-8.254595,6.123123
resume_0238,5.778099,-2.825910,4.578908,2.987908,-2.206505,1.973881,-7.082845,5.688683,-8.928760,-3.989942,1.273954,-7.342091,-6.069332,5.006314,-0.986644,-7.824896,0.271117,3.892737,-4.983332,6.499758,-9.583827,-1.224345,1.095644,8.034933
resume_0239,-1.598907,7.598396,-7.276899,-1.480491,-2.242370,-1.268371,8.156828,-2.308250,-8.859263,2.453255,2.436825,-3.195476,6.332114,0.268021,-2.088087,7.936574,-2.285434,5.357060,2.997176,0.790440,10.325182,8.032101,-9.943051,1.893610
resume_0240,10.206482,6.197562,-5.569583,9.256278,-1.445663,8.549676,-4.372909,-3.258889,8.731480,-6.832995,-0.045316,-3.149036,7.767726,-8.840064,-7.830819,-1.611088,4.686266,-7.465332,1.117839,-1.868521,4.459574,-0.823210,-4.276700,-0.184623
resume_0241,-7.289063,8.317568,-2.340064,5.272718,-2.041964,-3.184355,6.461102,-4.294688,0.315089,7.683072,9.590705,0.399272,7.420432,7.634903,-7.451752,-8.372890,0.277490,4.086019,8.389912,-8.226396,-5.771271,3.271446,4.416883,0.080342
resume_0242,-2.639182,7.474222,-8.662574,-0.846346,-2.371033,-1.270750,8.016279,-1.897178,-8.190744,2.944942,2.166713,-2.312816,5.844603,-0.938453,-1.117301,8.260839,-1.753953,6.128123,1.542545,0.487944,9.166871,8.859416,-9.142262,3.121578
resume_0243,11.186930,7.192022,-5.693903,9.838675,-2.219419,9.442115,-5.269555,-3.944231,9.574794,-6.988130,0.050363,-2.393468,7.165957,-8.429110,-8.146263,0.263277,5.741783,-7.278016,2.440601,-2.677108,4.330593,-1.097768,-4.369036,1.027512
resume_0244,-6.662864,9.305624,-3.455974,5.712397,-1.806922,-2.973658,5.788685,-5.289043,-0.267574,7.434946,10.001467,2.581011,7.188967,6.616881,-6.955873,-8.548394,1.062737,2.288585,7.228681,-8.345136,-5.409814,3.117096,4.045175,-0.565099
resume_0245,-7.847547,-8.135149,8.779567,1.544200,-7.219763,3.611600,-6.754327,-6.121803,1.445519,-3.733358,-3.695252,3.508424,-0.783421,4.469715,2.920729,-6.805120,-0.419946,3.118143,2.448572,-1.444787,9.371291,7.099405,-0.486566,8.660486
resume_0246,5.921190,4.789541,1.512298,8.819981,-4.758876,-4.734291,5.557777,-6.381701,3.209772,2.177425,-2.411801,-1.708613,1.084680,8.874932,-6.278119,-0.774960,-4.878436,-7.826650,-9.428166,-6.773091,-3.515831,4.429630,-8.370447,6.611164
resume_0247,-1.964791,7.832312,-8.399796,-0.970166,-1.721400,-1.166392,8.235568,-1.460136,-8.014180,2.439418,2.839530,-1.565417,5.414788,0.183799,-1.389774,8.129755,-2.106655,5.956341,2.544211,1.051999,9.905195,8.895118,-10.247139,2.221555
resume_0248,9.031911,8.735826,7.958658,-7.825834,-0.889702,7.819733,1.858949,-5.975091,1.535677,7.312916,9.037587,-7.997465,1.531531,-3.347347,-5.188430,1.582739,-7.330825,7.853307,6.092438,-1.492297,-6.679892,-5.189380,2.530609,5.743991
resume_0249,9.631869,7.076267,-4.546674,9.071146,-1.740970,8.996391,-6.130002,-4.746695,9.086751,-7.383976,-0.683678,-3.225286,7.497941,-8.567527,-7.054536,0.947651,6.279093,-7.704228,2.090163,-1.821440,4.358270,-1.185457,-4.714215,-0.163649
resume_0250,10.072259,7.456767,-6.023310,9.168979,-2.333517,7.695837,-5.626487,-4.224867,7.812480,-6.689709,0.517208,-2.004341,7.978510,-8.418798,-8.084063,-0.128640,5.020457,-6.982614,2.719578,-2.718787,4.493664,-0.360035,-3.974115,0.210769
resume_0251,-8.190342,-8.425634,8.271762,2.226390,-7.458882,3.767030,-6.485442,-6.950254,2.063814,-3.936889,-3.567206,4.530321,-1.007154,5.164766,2.972086,-5.800725,-1.041315,2.571779,1.308868,-0.733201,8.548764,7.189891,-0.092776,8.691428
resume_0252,9.472931,7.289795,-5.615374,8.178112,-1.200192,8.693550,-5.359254,-5.423131,9.074501,-7.932193,0.782279,-2.750623,6.897889,-7.008849,-8.006232,0.178080,6.157390,-8.432847,2.861630,-2.193685,4.844139,-1.017583,-4.753216,0.114358
resume_0253,-2.764755,7.494888,-7.670858,-0.856086,-2.381019,-1.905299,7.617606,-1.747185,-7.987583,1.707834,0.780558,-2.332106,6.457709,-0.837235,-3.897985,7.264046,-2.111836,5.490528,2.664382,1.284368,8.308397,8.766538,-9.920257,1.984731
resume_0254,-7.240768,9.064174,-2.310789,6.612291,-2.585757,-3.493771,5.872231,-4.884234,1.215718,8.408748,9.573809,1.777951,8.688367,6.008914,-7.403055,-10.104572,-0.237779,2.537261,7.658158,-7.371536,-4.483533,2.975185,4.716640,-0.421580
resume_0255,10.300456,6.040500,-6.400556,10.315563,-2.062107,9.287790,-6.238349,-4.723360,9.708805,-7.227492,0.065271,-2.962063,7.554557,-7.472043,-8.408416,-0.992284,5.534796,-7.249839,2.494444,-1.977330,4.678602,-0.821999,-4.368124,-0.635084
resume_0256,4.825722,4.816179,1.346935,8.819993,-3.291261,-6.185457,7.715889,-7.075843,4.190601,1.990780,-3.019425,-1.932991,2.309486,7.974466,-4.935176,0.480451,-4.702020,-9.023423,-9.104934,-8.589236,-3.455763,4.340874,-8.240901,6.509299
resume_0257,5.082992,-2.659665,4.655361,3.151023,-2.157676,2.550632,-7.090281,5.766637,-8.251501,-5.291152,2.031248,-6.029366,-6.831040,5.561726,-1.019871,-7.690604,1.099193,4.280074,-5.562731,7.186654,-10.252185,-0.753416,0.974179,8.772678
resume_0258,7.312233,7.329858,7.925499,-7.118926,0.086418,7.819694,1.732376,-5.812734,1.589662,6.854985,9.565851,-8.528583,-1.029509,-2.529443,-5.501249,2.214126,-6.677710,8.544834,5.303937,-2.870894,-5.809475,-4.560563,1.459513,5.194375
resume_0259,4.721261,4.001148,2.582854,8.583406,-3.813095,-6.201686,6.616325,-6.895428,2.499642,1.623751,-1.611491,-1.766738,1.689017,8.519145,-6.712907,-0.982355,-5.130484,-7.727936,-9.419327,-7.944029,-3.044208,4.945229,-8.099610,5.857474
resume_0260,-7.215619,-8.385127,8.129217,1.402082,-7.332414,3.762248,-7.176003,-6.075169,0.133465,-5.561398,-3.621444,4.980048,-1.157400,4.518518,4.204988,-6.340503,-0.464860,3.849857,1.461954,-0.204888,11.144245,7.054073,0.300859,7.430496
resume_0261,9.942783,7.430518,-5.502319,8.760078,-2.042750,8.447637,-5.788310,-2.967243,8.350549,-7.412704,0.209127,-3.486044,7.573957,-8.107239,-8.300054,-0.671103,4.722149,-8.309559,2.140365,-1.946425,3.919505,-0.389410,-5.642945,0.015622
resume_0262,4.441669,4.627916,2.018292,8.382523,-4.350856,-6.772491,6.420969,-6.442251,3.254719,1.196724,-1.387408,-1.097890,1.632945,7.524167,-6.106793,0.504710,-5.864496,-8.274637,-10.991262,-7.629030,-3.763688,5.621705,-8.112885,6.260820
resume_0263,4.452345,4.368305,1.152696,7.724589,-4.452339,-5.239458,5.731552,-5.963448,4.033133,0.903919,-1.699508,-1.914751,0.830816,7.694826,-6.560171,0.154775,-4.857879,-8.622359,-10.330722,-7.303130,-3.363364,4.868157,-8.046935,6.895192
resume_0264,10.085039,8.032246,-5.569328,10.355228,-2.112821,8.985049,-4.564562,-2.849130,10.105832,-6.939480,0.577705,-3.297828,7.529331,-7.537256,-8.408913,0.320279,4.725239,-8.046278,2.449259,-1.966567,6.160633,-0.741837,-3.728357,-0.083727
resume_0265,-8.736877,-8.582078,7.981945,1.566071,-8.807942,3.324494,-5.783838,-6.800056,0.449131,-3.246095,-3.437784,5.280754,-1.197315,4.457875,2.852860,-6.089793,-0.768991,3.973473,2.269920,-0.513160,10.173914,6.827277,0.685872,8.699832
resume_0266,10.124117,7.127932,-6.363538,8.546730,-2.322415,9.493860,-5.382088,-3.867949,8.895618,-7.409646,0.871409,-3.344991,7.873231,-7.590614,-7.615796,0.632624,5.651906,-6.926107,2.737701,-1.190405,4.910446,-1.338119,-4.475587,0.949633
resume_0267,10.137875,7.025385,-4.450453,9.104445,-1.341145,7.559851,-5.697737,-3.985487,9.647892,-6.235144,1.278858,-3.133208,6.881525,-9.244002,-8.000160,0.353668,4.781502,-6.192071,2.403933,-1.175184,4.630479,-1.057714,-4.353874,0.123407
resume_0268,-7.202353,8.615411,-2.387500,5.441706,-1.715222,-3.823490,5.925484,-2.951073,1.781765,7.936791,9.322207,2.194632,8.334689,7.011746,-7.488728,-8.945060,0.528829,4.466420,7.662342,-7.896842,-4.960724,3.113698,4.105261,-1.248345
resume_0269,5.977300,5.209939,1.435443,8.671475,-5.089350,-6.457856,6.247372,-8.371424,3.190979,0.888266,-1.301095,-2.625581,1.578108,7.877240,-6.603801,0.732700,-5.251959,-8.311330,-8.633775,-8.108565,-3.345605,3.984936,-7.715329,7.360763
resume_0270,-2.129939,7.545524,-7.586571,-1.764018,-3.543441,-0.718467,9.058424,-2.287282,-7.171030,2.676900,2.489798,-2.610355,6.553297,-0.592768,-1.704020,7.840672,-1.793212,5.306796,3.464774,0.120540,10.014732,8.947069,-9.032519,3.378477
resume_0271,-7.986397,-7.490055,8.383679,1.950505,-6.955369,3.546268,-6.143279,-5.880516,0.914973,-4.286562,-2.939638,4.069204,-1.484698,5.160632,3.350896,-6.655730,-0.204338,4.377957,2.009103,-0.973476,9.890329,6.795656,0.390707,9.349958
resume_0272,-6.970368,-9.897832,6.874684,2.445217,-7.705019,2.984701,-6.928212,-5.872906,0.547572,-3.438868,-2.225045,5.664920,-1.871128,4.343316,3.482069,-5.333323,-0.227343,3.236552,1.760235,-0.396985,10.233509,7.806782,-0.642823,8.640993
resume_0273,-7.173886,-8.306917,7.869577,2.579955,-7.865614,3.897217,-6.373998,-4.861006,1.030004,-3.410704,-4.142368,4.443574,-2.407931,5.387049,2.055319,-5.208179,-0.809041,4.391705,2.695412,-1.455297,10.349701,8.070399,-0.345831,8.058785
resume_0274,5.862620,3.807636,2.254352,9.450945,-4.394215,-6.210335,6.674568,-5.615442,3.212106,0.956123,-2.459910,-2.497570,1.812714,8.732420,-6.210395,0.611228,-6.092683,-7.800216,-9.119093,-8.377856,-2.529880,4.645924,-7.723849,7.028706
resume_0275,-6.861667,-1.344165,5.057108,-6.678533,-8.161749,2.579586,-0.500417,0.003152,4.821410,3.815054,0.395734,2.010131,-7.363073,-7.534643,9.019317,-0.417776,1.997198,-5.935663,-2.855166,-4.498447,-5.668028,-8.463757,6.038070,7.397476
resume_0276,6.393919,4.899584,1.285753,7.326141,-4.722055,-5.310219,5.188060,-5.463044,3.060842,1.888004,-1.908008,-1.519892,0.776902,9.247519,-6.692403,-0.425731,-5.318378,-7.937650,-9.226090,-8.721467,-3.864772,4.536893,-8.283629,5.945378
resume_0277,5.475868,-3.504407,3.957994,4.113177,-3.577001,2.371899,-7.103277,5.975646,-9.268236,-4.909920,1.226530,-5.107293,-6.320766,5.983715,1.720982,-7.016327,1.031165,4.930138,-5.461013,6.562489,-10.716395,-1.967694,1.688383,6.949362
resume_0278,4.019132,4.769616,1.911696,7.368236,-5.190933,-6.659721,5.447586,-6.692154,3.874922,1.935715,-2.074875,-1.052660,1.069232,7.745517,-5.817722,-0.481352,-6.192109,-8.311484,-9.285902,-7.433241,-3.762476,3.703178,-8.060737,7.140006
resume_0279,-6.666892,-0.979221,4.266036,-7.779994,-8.695325,1.613308,-1.616068,-0.181902,6.002687,2.872293,-0.184223,1.590052,-7.501226,-7.674578,8.685632,-0.450679,3.027561,-5.500334,-2.249717,-3.880530,-5.979199,-8.990380,7.228265,8.031160
resume_0280,-7.375929,-7.698182,8.171061,1.385229,-7.174314,4.737057,-5.515588,-7.254326,0.278724,-4.264526,-2.890625,4.754132,-1.691876,5.355104,4.118655,-6.206487,0.056123,3.623282,2.701013,-1.845527,10.223618,6.546972,-0.656907,7.712852
resume_0281,-7.663445,9.135672,-2.819733,5.009081,-1.028793,-2.824572,6.560797,-4.289121,0.372081,8.218543,10.602868,2.709304,7.308040,7.241736,-7.109287,-8.163982,-0.544013,4.622646,7.240093,-7.752824,-5.565323,2.506945,4.651370,-0.461187
resume_0282,-7.412002,-8.619511,8.253593,2.240273,-7.002906,2.664887,-7.062820,-5.466803,-0.125072,-4.283033,-3.262702,3.719964,-2.376073,5.892113,2.643620,-6.176202,-0.081677,4.074406,2.355513,-1.044348,10.242227,7.975398,-0.782419,7.636886
resume_0283,6.616619,-3.602823,3.910604,3.386210,-0.500920,3.113412,-6.511132,4.982282,-9.043070,-5.877791,1.117682,-6.603418,-7.473372,4.917600,1.111259,-7.762621,1.150673,4.815004,-5.817456,7.228180,-9.520861,-1.650643,2.528226,8.510550
resume_0284,-2.445492,7.503401,-7.047171,-1.398355,-3.417892,-0.861737,7.686745,-2.369804,-8.519448,2.572466,2.412961,-3.096899,5.930069,-0.515837,-1.193300,7.477739,-2.075390,5.365271,2.395895,0.300890,9.461214,9.719995,-9.305450,2.406454
resume_0285,9.475420,6.077045,8.054053,-8.091095,-0.585446,6.913489,1.928045,-6.119663,1.055656,7.444846,9.145358,-7.786160,-0.210503,-3.026330,-4.538360,3.006823,-6.590917,7.270393,5.255275,-2.395170,-6.327322,-5.624246,1.548391,5.039876
resume_0286,-1.851600,7.826727,-8.020151,-1.460085,-3.052165,-2.023131,9.508380,-1.974294,-9.302435,2.354724,1.400907,-4.252180,6.638102,-0.170849,-2.101808,8.603361,-1.791318,6.364647,2.797252,0.858244,10.042052,8.866789,-10.287342,3.081649
resume_0287,10.387278,6.725213,-5.636578,9.882835,-1.637304,8.908777,-4.692350,-5.099695,9.106454,-6.539502,0.033945,-1.937003,7.133720,-8.000202,-8.324751,0.311408,5.248669,-7.077536,2.306690,-1.322643,4.622898,-0.961051,-4.758618,0.421981
resume_0288,7.667011,8.227258,7.652638,-7.561000,-0.299013,6.170999,1.286579,-7.346594,1.381084,8.111552,8.745444,-6.512475,0.415559,-4.668196,-4.901618,1.590826,-7.485574,8.358680,6.596934,-2.165366,-6.237744,-5.265529,2.062627,6.343803
resume_0289,-8.232931,-9.687477,8.554233,2.111123,-7.310865,3.152554,-6.926970,-7.786305,0.975258,-3.433570,-3.363988,5.244166,-0.693610,4.963665,2.707290,-6.054498,-1.465717,4.874231,2.520283,-0.373627,9.139766,6.738086,0.286524,8.462763
resume_0290,8.697869,6.540056,-5.181904,9.776650,-0.999489,8.174251,-6.755169,-3.732854,9.778846,-5.762978,-0.076249,-2.313856,7.656557,-8.596305,-8.752778,-0.677114,5.266736,-7.780447,1.926931,-1.140256,4.844389,0.211130,-4.676230,0.729997
resume_0291,-6.646210,-1.426782,4.321849,-6.698584,-8.506279,0.822224,-0.139347,-0.003658,4.867840,4.132797,0.550806,2.156389,-6.356123,-8.923245,7.389630,-0.256683,1.238591,-5.899274,-1.911742,-4.562590,-4.555760,-8.274524,6.017848,8.244792
resume_0292,7.260513,8.345843,7.944369,-7.560834,-0.089695,7.283197,2.071505,-6.357089,0.660392,8.066064,8.958818,-8.168047,-0.284117,-3.446877,-5.046827,2.109063,-6.743187,7.693953,6.576960,-3.496573,-6.181121,-4.112369,1.840345,5.802538
resume_0293,-2.760662,8.168930,-7.397644,-1.279505,-2.900128,-0.257784,9.369783,-2.509531,-7.758480,2.678883,3.198092,-2.318401,6.302306,-1.020733,-1.878012,8.005294,-0.758768,4.854258,2.771351,0.313860,9.717968,8.761123,-9.892763,2.533821
resume_0294,8.524247,7.184150,6.956457,-8.613557,-0.247081,7.624082,1.121817,-5.811387,1.787940,7.914222,9.163100,-8.636651,-0.135046,-3.295174,-4.027015,1.208814,-6.019498,8.411199,5.710220,-3.129074,-6.601986,-4.570625,2.031108,6.178432
resume_0295,6.044742,-3.173264,4.186127,4.039417,-0.325106,0.654530,-7.395840,5.612934,-8.605369,-3.712767,0.455274,-7.282433,-6.629466,5.218558,-0.274532,-7.559607,0.587672,5.369186,-5.923741,6.298772,-9.207384,-0.072414,0.659050,8.248787
resume_0296,-7.769947,-9.112391,7.657465,2.552629,-7.111683,4.394667,-6.168103,-5.937122,0.527756,-3.137124,-3.311300,4.787828,-0.629060,5.428578,4.148706,-6.216402,-1.117418,3.351429,1.530879,-1.685376,10.528936,8.265775,-0.941812,8.219875
resume_0297,5.350812,4.456108,1.176117,7.955625,-4.236754,-5.998321,5.478475,-6.113310,3.047955,0.989622,-2.154140,-1.912676,1.591876,8.237437,-5.997290,0.889260,-6.366908,-7.926355,-9.369737,-6.462725,-4.065864,4.822204,-8.480670,6.819402
resume_0298,6.072677,-4.331493,4.743831,4.710143,-2.412217,1.633518,-7.596301,5.048194,-8.294950,-5.084978,2.030163,-6.869829,-7.667438,4.395341,-0.430720,-7.700748,0.934792,4.107413,-6.498552,7.343666,-8.028218,-2.136904,2.406788,8.067787
resume_0299,-7.476852,9.233307,-1.776406,5.524612,-1.725574,-3.954555,6.307420,-3.531541,1.010123,8.087507,9.449768,2.314547,7.327636,7.217344,-7.233243,-7.808172,0.308556,3.637098,7.036771,-7.968522,-5.464775,1.908815,2.894503,-0.788451
resume_0300,-7.203449,9.638850,-2.291538,6.629879,-1.969038,-3.257121,6.189434,-3.758037,0.681186,6.921632,10.167962,1.131603,7.348710,7.423057,-7.831177,-8.919514,-0.227590,3.209474,7.901884,-8.573847,-5.537118,2.796333,4.745284,0.010592
resume_0301,10.517492,7.065207,-5.081428,9.997879,-1.096727,8.761957,-5.086598,-4.361630,10.086729,-7.301210,-0.542304,-3.861371,7.061882,-6.937536,-8.089986,-0.192499,4.931887,-8.103020,1.865630,-1.397629,4.819857,-0.865330,-4.555873,0.903718
resume_0302,10.285129,7.312295,-5.433818,9.411498,-0.343080,8.757364,-4.282555,-3.427893,9.430314,-6.477755,-0.201010,-2.906191,8.432419,-8.522498,-8.353162,-0.739708,5.690112,-7.684993,2.568128,-2.055163,5.579457,-0.141878,-5.024505,0.456533
resume_0303,-5.755447,-9.008354,9.626734,2.046981,-6.517920,2.998684,-7.227831,-6.820398,1.249756,-3.534481,-2.723099,4.514653,-2.689549,4.037282,2.459000,-6.370305,-1.339462,3.721053,2.187008,-0.328251,10.075560,6.554055,-0.167394,7.928263
resume_0304,10.485541,7.063911,-5.275026,8.999167,-1.929586,8.912012,-5.455995,-2.525148,8.292421,-6.152011,0.903671,-2.254191,8.061611,-7.805563,-6.906039,-0.168421,5.256169,-6.955797,2.263937,-2.009398,5.575691,-1.110613,-3.684022,0.237517
resume_0305,10.677129,7.577262,-5.780527,9.542041,-2.519740,9.497670,-5.335518,-4.781871,9.150399,-7.963044,0.081494,-2.733270,6.763418,-7.948840,-7.841586,0.030567,5.514151,-6.736046,2.315873,-1.097839,4.461592,-0.129517,-4.779614,0.790063
resume_0306,-6.908999,-7.954313,8.766413,2.446221,-7.632924,3.311927,-6.860765,-6.448922,2.222200,-4.049998,-2.321351,4.629615,-1.701494,4.746710,2.294809,-6.683380,-0.362285,4.022786,1.966798,-0.093887,10.145294,8.488986,0.354994,8.775926
resume_0307,-1.999563,8.030670,-7.416481,-0.274682,-1.543390,-1.299632,8.011901,-1.084368,-8.065191,2.335480,1.558038,-2.058153,6.857488,-1.269997,-1.214569,7.686679,-1.796609,6.512848,2.215013,1.160253,8.599030,8.867457,-9.341537,2.172911
resume_0308,-3.013392,7.851292,-7.533761,-2.688464,-2.070763,-1.146251,7.860501,-1.046286,-8.664719,3.875913,1.861715,-2.918195,6.891203,-0.757525,-1.081527,8.732739,-1.787318,5.655567,2.173495,1.016860,9.587169,9.183933,-9.961065,2.761471
resume_0309,5.916276,-3.455827,4.693400,4.096645,-2.449156,1.948951,-6.416650,6.045811,-8.753353,-4.602786,1.967322,-7.130553,-6.587086,5.186979,-0.356178,-8.374022,1.421051,4.277522,-4.493728,6.227084,-9.383206,-0.829100,1.507159,7.437534
resume_0310,-7.629078,-8.757950,7.342310,2.188225,-5.987469,3.786653,-6.229165,-6.073559,0.697179,-3.931587,-2.524507,5.100753,-1.311669,4.334979,3.955619,-6.333736,-0.938664,3.914114,1.235423,0.110623,10.496150,7.503716,-0.427153,7.736994
resume_0311,5.257576,5.144006,1.602945,8.605180,-5.539233,-4.313329,6.799204,-6.620064,4.663711,1.209879,-2.975351,-1.345318,2.259113,7.532468,-6.388636,-0.242165,-4.597582,-7.388929,-10.119063,-7.656814,-2.980844,3.801897,-8.070497,7.143023
resume_0312,-8.667227,-9.294762,7.822113,2.140095,-7.444173,4.446210,-7.088588,-6.430760,1.717543,-2.084025,-2.917898,4.258751,-1.617896,5.121437,3.478440,-5.650287,-0.532437,3.342944,2.231153,-0.475041,10.242321,7.306746,0.300498,8.944340
resume_0313,6.371050,-3.742385,4.466280,2.986976,-2.325008,2.390430,-7.280219,6.560621,-10.026248,-4.876430,1.330243,-7.915503,-6.585521,5.696402,-0.025013,-8.274331,0.623970,3.501182,-6.332235,6.850691,-9.072479,0.149799,1.338898,8.040115
resume_0314,5.691901,4.620926,1.944181,9.094646,-5.674881,-6.040750,7.147755,-7.265662,4.163091,1.021278,-1.047833,-2.068729,0.791459,8.463462,-5.703705,1.238745,-4.585191,-8.291102,-9.874118,-6.829117,-3.224394,4.796025,-7.468925,7.132724
resume_0315,-3.043843,9.289711,-7.071809,-1.792299,-2.649509,-1.301079,8.688813,-1.928875,-8.422041,3.678614,2.222353,-2.615062,7.870196,-0.178323,-2.733043,8.359829,-2.205109,6.205492,1.510480,-0.475108,9.781386,9.406622,-10.475066,1.826295
resume_0316,5.598916,5.506515,2.537657,9.277096,-4.477418,-5.323920,7.091801,-5.796855,2.922278,1.605788,-1.701579,-1.255933,2.248387,8.596361,-6.827817,0.988836,-5.754068,-8.914895,-8.275538,-7.675570,-4.020075,4.455384,-6.671163,7.036394
resume_0317,-8.298809,-7.475301,8.530199,2.869140,-7.108751,3.654284,-7.082673,-5.260245,0.297558,-3.175262,-4.057838,3.709080,-1.790830,5.512830,3.072194,-5.491812,-1.740184,3.644836,2.288749,-1.119745,9.135820,7.488536,0.808915,8.203827
resume_0318,10.032099,6.865485,7.588067,-9.075007,-1.300781,7.625249,2.007633,-4.931960,1.937114,7.596629,9.276947,-8.333633,-0.752601,-3.825920,-4.214539,1.275130,-5.732308,7.665617,6.196284,-3.685444,-7.524208,-4.821034,1.066994,5.531749
resume_0319,-8.774604,9.145918,-2.809179,6.881825,-2.824889,-3.936162,6.709368,-3.886349,0.687148,8.298800,10.293368,1.088280,6.808295,7.371304,-7.849959,-8.058043,-0.647528,2.696085,7.331766,-8.439878,-5.725870,3.272945,3.908216,-1.041230
resume_0320,-7.510964,8.308827,-1.978624,5.871749,-1.698471,-2.897248,6.892279,-4.336297,0.659251,8.512082,9.097614,1.836866,7.147089,6.769269,-7.137709,-9.297632,-0.650690,2.895586,7.039607,-8.470890,-4.315231,2.009164,5.031473,-1.074917
resume_0321,9.274713,8.125069,7.072092,-8.697647,-1.185960,7.156888,2.223525,-5.514414,0.874356,8.179714,10.203230,-7.889235,0.991491,-3.485102,-4.569948,0.837384,-6.661360,8.340943,6.063685,-2.586054,-6.179502,-5.104177,1.225415,6.770368
resume_0322,5.530125,4.741657,1.635083,8.637987,-5.027112,-6.580391,6.974265,-6.814103,3.533939,1.441084,-1.947059,-3.537767,0.909667,7.760864,-6.093084,0.285046,-5.674457,-6.253443,-9.755017,-6.678365,-4.904439,4.289379,-8.240538,5.014756
resume_0323,5.262428,-4.313709,3.227174,4.470283,-1.695737,2.125179,-6.394389,4.946738,-9.677858,-5.769247,-0.479714,-6.196552,-7.232401,6.321127,-0.206108,-7.556113,0.711942,3.607826,-5.560968,6.462434,-8.089035,-1.651668,1.650090,8.160946
resume_0324,5.158600,4.373930,1.320723,8.269983,-4.253323,-6.590356,6.423815,-6.766318,3.482349,1.647496,-1.952240,-1.760760,1.646116,8.556017,-6.175834,1.141744,-4.739465,-7.531796,-8.899334,-7.845936,-3.523327,3.918367,-7.317215,6.263280
resume_0325,-7.864260,-0.215716,5.443871,-8.663981,-7.756027,1.525905,0.156155,-1.430082,5.992438,3.327948,1.022516,2.428000,-7.110411,-7.234854,8.711948,-0.426224,3.062191,-4.987319,-2.252288,-4.290700,-5.670115,-9.138297,6.292905,8.116953
resume_0326,-8.486790,-8.343061,8.311040,1.548463,-7.144581,3.675145,-7.680963,-6.032733,0.815976,-4.403557,-2.774754,4.554589,-0.320492,5.012816,2.378582,-5.818350,-0.423778,3.102964,2.263530,-0.983454,8.641118,7.048436,-0.274243,8.457097
resume_0327,6.186315,-5.070110,4.198614,2.487594,-1.837763,1.953621,-6.623251,6.659544,-10.112118,-4.033383,1.756485,-8.324218,-6.481005,4.922018,0.764688,-7.492116,1.233124,4.055648,-6.172621,6.661031,-9.831813,-1.089936,1.285405,8.279269
resume_0328,-6.761966,9.185108,-3.739174,5.777565,-1.715718,-3.578919,7.560097,-2.765001,1.443759,8.968015,9.297471,1.769803,7.675007,7.665037,-7.121868,-8.335731,-0.356181,3.260805,7.510476,-7.823168,-4.911968,2.622855,4.934353,-0.842685
resume_0329,5.004965,5.437234,1.097957,6.990711,-3.143094,-6.777780,5.884707,-5.597066,4.049505,1.237280,-3.380850,-2.715948,1.334634,8.959613,-5.215015,0.114447,-5.797373,-7.874984,-10.287674,-7.329807,-3.482457,4.900592,-8.370467,6.015457
resume_0330,-8.427091,8.786780,-3.027046,6.491248,-1.821536,-3.528323,7.443165,-3.499980,1.869754,7.952564,10.392125,1.701480,8.798790,7.328189,-6.159289,-8.162228,1.253554,2.747765,6.910535,-8.692630,-4.776936,3.349806,4.774263,-0.398123
resume_0331,-6.902058,9.015488,-2.871639,5.714978,-3.279427,-3.743242,6.298814,-3.815637,0.234359,8.871571,8.662071,1.444680,7.286290,7.509433,-7.783715,-8.195796,0.417204,3.452332,7.465794,-8.108532,-5.837980,2.972731,4.369551,-0.069588
resume_0332,-7.554164,-8.148756,9.592142,1.738191,-7.057272,3.263470,-6.377794,-5.717926,1.125330,-3.445592,-3.518039,4.318788,-1.779382,4.437083,3.492690,-5.991441,-0.404445,3.353841,1.432541,-0.680230,9.185750,6.897553,0.063929,7.515215
resume_0333,-6.968394,-8.358984,8.391645,2.638378,-6.739225,3.631511,-6.884982,-6.268520,1.524592,-4.108457,-4.212443,5.070182,-2.250031,4.246370,2.515268,-6.986775,-1.110883,4.545056,2.349863,-0.004618,10.650212,7.668091,-1.402582,6.696547
resume_0334,5.654373,-2.673342,4.960980,3.652609,-2.016427,2.616627,-6.380091,7.368989,-8.092920,-4.697680,2.002822,-7.505679,-7.334254,4.488837,0.201186,-7.397295,1.028427,4.870125,-4.861998,7.011276,-8.643489,-1.074450,1.135695,8.729119
resume_0335,-8.163302,-1.326319,4.052323,-9.262325,-8.179862,0.832749,-0.293317,0.325766,5.709135,3.098453,0.771557,2.645430,-8.536432,-7.600638,8.660814,-0.284577,0.876609,-4.877425,-2.393730,-3.524745,-4.640658,-10.039387,6.853670,7.503538
resume_0336,-7.456013,-0.716736,5.556166,-7.587856,-8.447593,1.452778,-1.106643,-1.222732,6.204270,4.218681,0.075479,2.053556,-7.457508,-7.613637,8.999280,-0.187967,2.706319,-5.424182,-2.211001,-4.613255,-5.594880,-9.980007,7.603956,8.103181
resume_0337,-7.865456,-9.224995,8.611770,2.003096,-7.527556,2.942174,-7.050431,-6.365108,0.346430,-3.539703,-3.280813,5.253336,-1.284468,4.386211,3.291960,-6.709972,-1.146711,2.905105,1.799245,-0.388690,10.908071,6.956753,0.297326,8.810958
resume_0338,-5.987615,-0.715738,5.179066,-7.683963,-8.549307,1.642773,-0.105372,-0.549105,5.472707,3.427158,0.928793,3.024557,-8.046389,-8.446596,8.579745,0.695226,1.625250,-5.480084,-2.349893,-3.975172,-4.826301,-9.798368,6.342944,6.837277
resume_0339,6.186058,-3.221339,4.374345,3.557985,-2.157595,2.220705,-7.241873,6.144714,-8.267780,-5.308267,0.134488,-6.335491,-7.829893,5.372972,0.214148,-7.735021,0.488699,5.208190,-6.353184,7.142914,-9.103185,-1.080440,0.512032,8.017588
resume_0340,5.149891,-3.147747,4.934735,3.125942,-2.324202,1.597782,-7.593864,6.523057,-8.946948,-4.754049,0.825374,-7.397665,-6.773447,5.139449,-0.084619,-7.751668,0.313785,4.480838,-6.188214,7.146620,-10.645811,-1.546395,2.351620,8.482201
resume_0341,10.423410,7.037804,-5.926228,9.618401,-1.409002,8.962705,-5.369628,-4.440970,9.333894,-7.306111,1.465258,-2.588684,8.061595,-8.554775,-7.642885,0.283107,5.583370,-7.233180,2.408147,-2.482244,5.071547,-0.495130,-4.141999,-1.088790
resume_0342,-8.038109,9.117140,-4.153223,6.712145,-3.215354,-3.608755,5.850447,-4.324655,0.065580,7.803171,10.064264,2.038733,7.506867,6.468527,-6.841311,-9.549829,-0.618228,4.481024,7.605215,-8.206831,-5.246734,2.278408,4.230410,-1.179495
resume_0343,5.133503,5.511815,1.238808,8.300839,-4.057360,-5.199777,5.785892,-8.076048,4.346963,1.053903,-1.824041,-1.566876,0.120311,7.901426,-5.690411,-0.017651,-4.311779,-7.400430,-10.146912,-8.049780,-3.744460,4.638607,-8.252340,6.607008
resume_0344,5.969905,4.322829,1.026969,8.578726,-4.347191,-6.372220,5.639454,-6.459048,3.668189,1.268949,-2.610021,-1.861532,1.330928,7.030519,-5.558512,0.514812,-6.437397,-7.593609,-10.340452,-9.109946,-3.753353,4.564154,-7.606934,6.268721
resume_0345,-7.375563,-0.857623,3.998977,-7.917354,-8.229120,1.084714,-0.829088,-0.342608,5.721482,3.275004,-0.087162,1.713789,-8.008868,-7.926701,8.550485,0.032497,2.871525,-6.071241,-2.110601,-3.560702,-5.980415,-9.640204,6.445742,7.418478
resume_0346,-8.291774,-0.442734,4.141013,-8.015502,-8.445958,1.306537,-0.489571,-0.735132,5.009538,2.131748,0.813877,0.526526,-7.109845,-8.161814,9.343931,-0.090395,1.378144,-4.680851,-2.723261,-4.509118,-5.782240,-8.760324,6.421314,8.235064
resume_0347,5.622917,4.324879,0.853607,8.929424,-4.605847,-6.034413,5.461923,-6.480756,2.464813,1.999150,-2.401694,-1.938152,0.194023,7.747126,-6.121012,0.546620,-4.694395,-7.900479,-9.813848,-6.627213,-3.238390,4.282934,-8.604735,6.704731
resume_0348,6.064485,-3.510893,4.070055,3.989888,-1.940710,1.814911,-7.919442,5.583606,-10.418069,-4.912651,1.710033,-6.301220,-7.012674,5.817434,-0.759396,-8.259051,1.199772,3.835209,-6.118723,5.765847,-9.976183,-0.247026,1.743249,8.551712
resume_0349,10.754311,7.545370,-5.680407,9.542772,-2.456299,9.368171,-6.131215,-3.537645,7.941305,-7.572426,1.272033,-3.896091,6.859767,-8.210229,-7.328351,-0.996675,5.314998,-7.409359,3.098106,-1.455088,4.163673,0.528335,-4.837910,-0.374366
resume_0350,-6.647108,8.948661,-3.194496,6.410412,-2.772682,-3.271684,7.053724,-4.673134,0.301602,7.743710,8.891320,2.189373,8.298849,7.425519,-7.506165,-8.629123,-0.871747,3.650229,6.968121,-7.455490,-6.397463,4.579762,4.098464,-0.871106
resume_0351,9.349696,6.817838,7.753531,-8.132064,-0.781930,7.220334,1.798520,-6.428577,1.816575,8.027522,9.832266,-8.410696,0.251371,-2.911977,-4.526549,2.400242,-7.939677,9.044461,6.496004,-2.398471,-6.488198,-4.831486,1.923811,5.443467
resume_0352,11.060721,6.052929,-5.685174,9.685413,-1.918697,9.499957,-5.509599,-4.391895,9.274089,-7.416097,0.681508,-4.102583,6.950979,-8.490014,-8.710927,-0.439546,4.733691,-6.431238,2.794397,-1.740258,3.923635,-1.124864,-5.126610,1.227903
resume_0353,-7.882000,-0.722714,5.523179,-7.467292,-8.243881,-0.142417,-0.849783,-0.713367,6.346876,3.432199,0.483438,1.958508,-7.538311,-8.304772,8.513410,0.138466,2.205953,-4.654969,-2.081348,-5.177054,-5.358172,-9.957518,7.996354,6.625653
resume_0354,-7.467637,-1.587336,4.496533,-7.745211,-8.352122,1.297545,-1.080932,-1.030843,6.049783,3.061665,1.028568,2.357719,-7.646743,-6.614125,9.525616,-0.219813,2.677796,-5.247572,-1.146638,-4.405779,-5.742820,-9.065568,7.159890,7.853376
resume_0355,9.165244,6.542309,-6.102044,8.623952,-2.158424,8.631602,-5.729164,-4.562078,9.736274,-7.015199,0.286560,-3.388407,6.876487,-7.805114,-8.090965,-0.315442,5.494994,-7.372305,2.313119,-2.738603,4.136003,-0.502842,-4.848610,0.022907
resume_0356,10.108444,6.227207,-4.933143,8.769154,-1.670922,8.231900,-5.709364,-4.980539,8.893280,-7.831279,0.560370,-3.080015,7.279612,-7.898232,-7.976524,-0.729700,4.742674,-7.087294,1.687137,-1.606769,5.009601,0.042375,-4.274776,-0.778369
resume_0357,-2.135659,6.686650,-7.758464,0.184060,-1.392150,-2.077850,8.648183,-1.854199,-8.742274,1.983527,2.332728,-3.461418,6.647509,-0.225173,-1.836439,7.066750,-1.496039,5.285735,3.293785,-0.678653,9.548648,8.639736,-9.974947,2.491334
resume_0358,5.891922,4.103925,2.582227,7.973884,-3.648727,-5.187384,7.004365,-6.506145,3.243272,1.584478,-2.452353,-2.024377,1.166872,6.855301,-5.496897,0.491536,-5.749903,-7.764390,-8.438159,-7.957178,-4.067170,4.062645,-8.639015,6.875252
resume_0359,10.386317,6.792926,-5.950245,9.444783,-2.114317,8.295806,-5.222207,-4.188829,7.612870,-7.013411,0.692507,-2.925199,8.423757,-8.180108,-7.939434,0.084803,4.912939,-6.902748,2.875473,-1.225331,3.861966,-1.015010,-3.743236,0.814592
resume_0360,-7.598744,8.808861,-3.023248,5.066569,-2.528317,-1.565441,5.981354,-3.929511,1.071902,8.735286,9.178493,1.342005,8.264948,7.243419,-7.025460,-8.708830,0.945826,2.878658,7.820089,-8.386967,-5.465124,2.337477,5.315603,-0.462578
resume_0361,4.995967,-3.315527,4.015726,3.293351,-1.776115,0.107329,-7.721572,6.423154,-7.641349,-4.330547,2.311440,-6.897538,-6.609981,5.739179,-0.587034,-8.507341,0.915791,4.651781,-5.790554,6.874819,-10.033869,-1.093447,1.118587,7.544411
resume_0362,9.946024,7.421806,-6.166709,9.954802,-1.125555,9.116229,-6.088235,-4.161985,8.393090,-7.243685,0.629961,-3.651781,7.509612,-8.587025,-8.128924,0.798989,5.221442,-7.380308,1.688337,-2.706391,4.977105,-1.038286,-4.892900,-0.238148
resume_0363,-6.946927,-1.602760,4.062936,-6.034130,-8.202971,1.697481,-0.799093,-1.088846,5.583720,3.298759,0.334025,1.000064,-7.643335,-7.667813,9.105489,-0.510283,2.811464,-5.905268,-2.354045,-4.368253,-5.500288,-10.454641,5.807210,8.612340
resume_0364,-7.039095,9.329679,-2.330180,6.591606,-2.231458,-3.477351,6.102317,-3.612976,1.254371,7.932670,9.346236,1.267645,8.302390,7.040168,-7.909210,-9.377104,-0.533539,1.674421,7.474224,-10.138589,-4.677786,2.326441,3.411437,-0.078059
resume_0365,8.433910,7.404444,7.895473,-7.552377,0.054657,6.986133,2.029199,-6.578132,1.736075,7.448281,9.300951,-8.988128,-0.570053,-3.676552,-4.945379,2.292664,-7.386699,8.335886,4.704392,-3.654939,-6.246128,-4.707425,2.495607,4.839044
resume_0366,9.796579,7.858627,-5.419401,9.921825,-2.658995,8.855230,-5.267869,-4.004833,8.446909,-7.406699,0.288928,-3.042829,7.487650,-7.577398,-8.200713,0.495744,5.405013,-7.083613,2.249971,-2.586663,5.777272,-0.588525,-4.520057,0.600874
resume_0367,-8.053189,-0.860369,5.031264,-7.250765,-8.476818,1.193101,-0.776079,-0.777701,4.600525,2.301605,-0.285370,2.603642,-8.374133,-8.142370,7.873569,0.302791,1.296209,-4.167103,-1.977663,-4.264025,-4.952521,-8.580941,5.874881,6.595521
resume_0368,-1.695026,7.900376,-7.701931,-1.468007,-2.849787,-2.247542,7.236919,-0.472845,-8.813810,2.947868,0.906432,-2.016010,7.051342,-1.474137,-3.835179,7.057162,-2.857188,5.001527,2.550721,-0.281632,9.100963,8.575773,-8.836082,3.648528
resume_0369,-7.111097,8.911865,-2.555514,5.878325,-3.373419,-3.848974,6.167603,-3.455367,0.530730,8.761553,10.188823,2.921448,7.421830,7.671236,-6.795940,-8.890112,0.205584,3.421937,6.543745,-8.033370,-4.959042,2.415714,4.736131,-0.528577
resume_0370,-7.755431,-0.395509,4.346607,-7.394582,-8.031382,0.497216,-0.327863,-0.460025,4.858665,2.937421,-0.142314,1.083197,-7.927326,-8.574519,8.179570,-0.157463,1.233109,-5.353298,-1.492512,-5.170620,-6.386821,-8.942844,6.594832,7.754598
resume_0371,-0.707932,7.798862,-6.745483,-0.432614,-2.750750,-2.095396,7.968400,-2.772936,-7.903605,3.077113,3.344684,-1.855272,8.034405,-0.786153,-1.728303,8.627735,-1.069813,5.887094,2.551262,0.691587,9.196976,7.461894,-9.155011,1.310384
resume_0372,10.569330,6.801728,9.073004,-8.497695,-0.349446,6.988572,2.331784,-6.780704,2.650183,7.377430,9.102090,-9.296596,-0.650650,-3.147192,-4.517686,2.406483,-7.645890,8.360177,5.476419,-2.635836,-5.713005,-4.317796,1.401981,6.459260
resume_0373,-8.372350,-0.765135,6.034234,-8.150110,-7.839105,0.909933,-0.679462,0.315775,5.113589,3.648575,1.378375,2.559800,-7.135064,-9.210307,8.256892,-1.216645,1.847371,-4.756922,-1.429255,-4.637044,-5.998463,-8.675536,6.675452,7.803632
resume_0374,5.362620,3.928556,1.304105,7.545993,-3.533199,-6.803284,7.190377,-7.012051,3.681754,2.750494,-1.725099,-2.179807,1.530863,7.894327,-7.074962,0.623333,-5.916557,-7.909937,-9.273672,-7.057556,-4.054490,5.179913,-7.949093,6.423448
resume_0375,-7.785992,-1.270545,4.186210,-8.080372,-7.771108,1.844725,-0.869809,-0.140817,5.607326,3.205502,0.863045,1.701483,-8.493935,-8.185949,8.790361,-0.028490,1.883201,-5.874568,-3.222664,-3.864061,-5.122372,-9.357153,7.371565,8.034139
resume_0376,6.311472,3.621403,1.910799,8.988453,-5.447629,-7.030724,6.963685,-6.680219,3.675194,0.633765,-2.332874,-2.601010,1.813537,7.695355,-5.002028,-0.038675,-3.790534,-7.769011,-9.628823,-6.384663,-3.547292,4.439406,-8.149655,7.685239
resume_0377,-7.247723,-8.842901,8.550792,2.510597,-7.957330,5.337839,-7.147621,-6.198672,1.724103,-4.173145,-3.159881,4.687335,0.031765,4.889864,3.195064,-6.606730,-1.700445,3.012294,0.797060,-0.833270,10.104100,7.513675,-1.380153,7.975249
resume_0378,-7.319030,-1.090989,5.230233,-7.005712,-7.802672,2.271844,-0.406403,-0.670460,5.940778,3.494472,0.613985,2.976207,-7.617392,-7.895984,9.983289,-0.149214,3.245733,-5.894695,-1.517499,-3.947037,-5.957102,-9.237301,6.140406,6.930407
resume_0379,10.968675,7.186301,-5.890675,10.332257,-1.034693,10.277610,-5.170073,-4.529193,8.365133,-8.214603,1.372401,-2.295210,7.124383,-8.827182,-7.891974,-1.625699,4.013178,-7.711808,1.356026,-1.305390,4.692944,-1.906207,-5.123608,0.210055
resume_0380,-7.466579,-9.000579,7.364657,1.702767,-7.296243,3.893350,-6.975994,-5.903351,1.533748,-4.514995,-2.981270,3.586437,-1.071747,4.724546,2.655695,-6.446619,0.175894,1.624578,3.111705,0.367957,10.780779,5.935165,-0.340549,8.906427
resume_0381,-7.439002,-9.098654,8.281424,2.624398,-7.211045,2.962608,-7.263231,-6.029208,1.226950,-4.939062,-3.041415,4.234399,-1.265534,5.112644,3.615540,-6.111397,-0.023577,3.305395,1.795048,-1.088411,9.875018,6.994866,-0.031401,7.998074
resume_0382,-6.773780,8.835161,-3.197837,6.898931,-2.669158,-2.712812,6.797602,-4.560023,0.150266,8.017468,9.949226,1.963154,7.982682,7.116453,-6.771057,-9.239966,-0.245937,3.384875,6.912753,-7.713368,-5.053257,2.782657,3.628478,0.830966
resume_0383,8.942991,7.304546,7.789296,-7.824399,-0.822121,6.035173,1.712809,-5.208692,0.750765,7.936776,8.605753,-7.697850,0.685447,-2.462168,-4.546113,1.241827,-6.789611,7.677343,6.535094,-1.738698,-6.816142,-4.790024,2.763861,4.649930
resume_0384,-7.143550,-8.432245,7.294229,1.506818,-7.853715,4.105805,-7.829048,-5.728281,0.791122,-3.551962,-3.539262,3.240681,-1.128242,4.396048,3.263284,-5.895319,-0.099980,4.948656,1.757147,-2.058205,9.116246,6.732729,-0.301962,8.239593
resume_0385,-7.497809,-8.685746,7.810079,2.863816,-7.485559,3.095893,-6.042149,-5.537263,1.338012,-3.564987,-2.929603,4.388407,-1.689196,4.460767,4.028876,-5.432005,-0.527369,3.103487,3.244559,-0.375561,8.959721,7.491144,-1.774804,8.954189
resume_0386,6.021907,-3.859154,4.588365,2.903695,-0.432555,0.764979,-6.777203,6.186631,-8.072640,-3.701638,1.047632,-7.083329,-7.100338,4.780902,-0.347169,-7.859745,0.541198,4.878620,-5.728721,6.703995,-8.447987,-2.890709,0.814361,7.506044
resume_0387,8.233563,6.897758,8.849203,-7.663954,-0.337983,7.035444,2.792995,-6.941183,1.363848,9.006729,10.341661,-8.006503,0.380934,-2.111091,-5.133226,2.083466,-6.917910,8.689166,5.318503,-2.818893,-5.814101,-4.155796,2.833121,5.156758
resume_0388,10.807109,6.513369,-5.969008,9.573307,-2.271639,8.404875,-6.039716,-4.506123,8.826480,-7.863971,-0.330336,-3.156882,7.545931,-8.664973,-8.832400,-0.159547,4.357003,-6.549095,1.885548,-1.575002,4.558993,-1.051319,-3.575009,-0.381019
resume_0389,6.235861,-3.366149,3.385020,3.884060,-1.288255,2.184565,-6.918136,5.463092,-8.699643,-5.446996,1.348126,-6.487167,-7.547125,5.059708,0.352100,-6.943169,0.728386,4.876491,-6.526917,7.269115,-8.891018,-0.859653,2.155157,8.270588
resume_0390,7.963739,8.029108,7.624513,-8.345720,-0.701041,7.927896,1.689237,-5.729002,1.964818,7.053856,9.963080,-7.910366,-1.308610,-4.652857,-5.153116,0.835906,-7.500434,8.023641,5.822125,-2.634465,-6.165860,-5.731108,2.229949,4.195237
resume_0391,-6.301607,8.850178,-1.356017,6.579855,-2.475078,-4.092911,5.204203,-3.884077,0.764944,8.270362,9.656446,1.999278,7.256147,8.586857,-7.219796,-9.330005,-0.544590,3.568625,8.084632,-7.459500,-5.271648,1.627187,4.550354,-0.939017
resume_0392,-7.723073,-8.018200,8.042164,1.321137,-7.230908,3.422458,-7.342799,-5.562162,1.066096,-3.809678,-3.865439,3.978923,-1.603079,3.840840,2.781203,-5.067959,-0.595995,3.787148,2.657877,-1.409104,10.370197,7.202909,-0.776968,7.743578
resume_0393,8.185057,7.373032,7.582033,-7.853359,-1.508386,7.783208,2.313026,-5.626155,1.016682,8.318300,8.559252,-7.897637,0.727773,-2.588524,-5.179304,2.177920,-7.270039,6.773864,6.772905,-2.600583,-6.441416,-4.897195,2.207678,5.509435
resume_0394,-7.273105,9.320005,-3.501239,5.303005,-2.424267,-3.333392,6.637664,-4.438220,0.594212,9.047617,9.627380,3.045200,8.333933,7.738165,-7.247814,-8.704653,0.105059,3.143309,7.423024,-7.651458,-5.484206,2.637200,4.441254,-0.672554
resume_0395,-2.191263,8.572355,-7.285950,-1.900326,-1.412320,-2.004123,7.614320,-1.177384,-7.399151,2.619649,1.504073,-3.019001,5.797358,-0.784454,-2.299992,7.686317,-1.676708,5.633725,3.113485,0.978239,9.914837,9.171901,-9.876998,2.846860
resume_0396,-6.892851,-9.588415,8.280641,1.462857,-7.364990,2.973737,-5.729987,-6.620167,1.627951,-3.798946,-3.747449,5.361262,-1.532470,5.531148,3.674736,-5.281797,-0.992265,3.217184,2.064283,-0.457414,9.795339,7.644788,-0.297191,8.212991
resume_0397,-3.266333,7.725431,-7.586113,-1.935839,-2.020271,0.085406,8.411126,-0.784841,-7.161821,3.298060,2.453463,-1.780616,6.557873,-0.356223,-3.237950,7.864140,-1.576161,5.289113,2.556448,0.515956,9.614157,9.135297,-9.304908,2.317000
resume_0398,-8.282593,7.752397,-3.027081,6.233141,-1.521623,-4.544347,6.406909,-3.969903,0.224388,9.330388,9.622035,2.011383,8.165462,6.379070,-8.133243,-7.678059,-0.421317,3.533786,7.635390,-8.265158,-4.554543,1.754613,3.590868,-0.895727
resume_0399,10.976445,7.321661,-6.300848,10.007212,-2.584901,8.602213,-5.212710,-3.200363,9.044462,-6.439311,-0.091107,-2.689853,6.820604,-8.177329,-8.520634,-0.878668,4.642109,-7.517608,3.003936,-2.340745,3.228963,-0.217328,-4.756953,0.496366
resume_0400,5.492722,5.215172,1.595693,9.518952,-4.701888,-5.946727,6.779724,-5.826804,3.267736,0.936610,-2.233014,-0.996230,1.582839,7.087081,-6.976316,0.429631,-5.600556,-8.500348,-9.454713,-7.046579,-3.730885,4.599082,-7.234321,7.295891
resume_0401,-7.543361,-8.739366,8.467137,3.091977,-7.675441,3.813821,-7.223120,-6.000890,0.146705,-3.237441,-2.409965,4.383337,-2.724184,5.130043,3.597697,-5.337575,-0.689989,4.556019,1.379910,-1.364688,8.690743,6.298914,-0.902316,8.345465
resume_0402,10.935976,7.100265,-5.186596,9.917887,-1.078223,9.391435,-5.924210,-3.145504,10.953567,-7.578730,2.411869,-3.199853,7.149184,-8.995092,-7.518251,-0.903862,3.722377,-7.490267,2.267403,-2.181026,4.422594,-0.867862,-4.959906,0.223953
resume_0403,3.713885,-3.094048,4.392325,3.359255,-2.351294,2.471424,-7.931802,4.871064,-9.132577,-4.618500,1.520923,-7.034355,-6.844463,5.941790,-0.550650,-8.105764,0.556228,4.855973,-5.852137,6.975794,-9.473805,-0.328437,0.882992,8.709924
resume_0404,5.306237,4.718285,0.926465,8.447804,-5.289377,-6.101918,5.683952,-6.744761,2.713316,0.682389,-1.192757,-2.590870,0.500049,8.012822,-5.181353,0.813218,-4.225628,-8.183155,-8.760975,-7.417741,-4.705103,4.152386,-7.819580,6.842939
resume_0405,-6.942706,-7.938961,8.424521,2.332287,-7.622304,3.536151,-5.769162,-5.823374,1.013597,-4.357847,-3.658723,5.576495,-1.304859,3.478992,1.637332,-5.237038,-0.399058,4.169282,2.708262,-0.281983,10.723629,7.321295,0.401280,7.898064
resume_0406,-2.336895,6.678585,-7.475023,-2.409009,-1.627550,-0.977882,8.697836,-1.992615,-7.926133,3.280920,3.105436,-0.844040,6.454270,0.007397,-2.388224,6.499184,-1.800022,5.477102,1.791365,0.127769,9.677554,8.768053,-9.847401,2.326814
resume_0407,6.012144,-4.830359,4.851479,3.695280,-2.055626,2.692149,-7.031056,6.361746,-10.127456,-4.298006,0.638526,-6.143481,-6.333677,5.247917,-0.993491,-7.328456,1.570053,5.162998,-6.688133,6.278487,-9.270031,-0.610582,2.098999,8.717328
resume_0408,6.589248,-3.604211,5.457485,3.051229,-2.227619,3.017204,-7.406869,6.307077,-9.997440,-4.199757,1.142620,-7.092556,-6.403392,4.948573,-0.508958,-9.676603,1.234844,4.621682,-5.752643,7.130476,-9.774313,-1.323380,1.466743,8.253020
resume_0409,5.623642,4.961311,1.586595,9.182175,-4.706081,-6.014832,6.063586,-6.496240,3.411545,1.758416,-2.326316,-1.638879,0.900536,7.808550,-5.678425,0.042946,-6.621179,-8.499163,-10.140371,-7.453124,-4.251678,4.981793,-8.296623,6.564304
resume_0410,-7.816695,-9.148646,7.906049,2.346023,-7.248300,2.898193,-7.073605,-5.391132,0.350750,-4.092444,-3.011177,4.933903,-1.785390,5.382321,3.627910,-5.668540,-0.152193,1.281551,2.068502,-1.617417,9.486248,6.812812,-0.074440,7.331133
resume_0411,9.371040,6.911512,7.867756,-8.436365,-0.201686,8.002514,2.446846,-6.836146,2.146156,8.357325,10.006310,-8.411463,0.117105,-2.887277,-4.707475,1.862912,-6.358953,7.386420,6.271422,-1.510610,-6.659125,-4.961349,0.402023,5.818187
resume_0412,-7.636718,9.643391,-2.664772,6.502553,-2.208296,-3.450866,6.785547,-2.101916,-0.040889,6.858076,9.113055,2.095515,8.020815,7.715283,-6.937167,-8.282284,-0.283330,2.382502,7.438748,-8.277060,-6.292734,1.995350,4.079351,-1.366929
resume_0413,-6.922899,9.244693,-3.274420,6.333451,-2.948463,-2.536788,5.697576,-4.358706,0.920803,8.621248,9.802722,2.613464,8.771357,5.868081,-7.232637,-7.628102,0.953970,4.565052,7.237189,-7.763700,-5.771452,1.657152,4.080396,0.375226
resume_0414,-7.978847,-8.326396,8.870024,2.394094,-6.912748,4.286903,-6.775761,-4.554393,1.529546,-4.344238,-2.592609,5.300068,-3.136428,4.604394,3.456497,-5.619327,-0.229466,3.020863,1.276517,-0.117125,10.653586,6.122146,-0.217999,8.279472
resume_0415,-6.634739,9.198505,-2.135420,7.222751,-2.509516,-3.747593,6.762694,-3.506511,0.700338,8.483147,10.103609,2.138516,6.560674,7.195144,-7.667388,-7.789316,-0.017856,4.402286,7.689334,-8.546028,-4.739487,2.312709,4.080608,-1.326950
resume_0416,5.156677,-3.275489,3.643138,2.958469,-2.564361,2.068656,-7.515889,6.457900,-8.950713,-4.064151,1.009632,-7.253052,-6.782900,4.701439,-0.458669,-7.313263,-0.151741,3.961431,-5.908141,7.561551,-9.213749,-0.604486,1.805927,8.481974
resume_0417,-7.506667,-0.413889,5.077941,-7.260382,-7.755674,2.070282,-0.045219,-0.614060,6.742834,3.681559,0.367183,2.709226,-7.815446,-8.474214,8.325400,0.004242,2.795481,-5.485313,-1.320656,-4.007875,-5.562414,-8.702987,5.831130,8.600160
resume_0418,-2.275589,7.106953,-7.253179,-0.922903,-1.907978,-1.212764,8.863736,-2.104309,-8.397256,2.951796,1.489489,-1.823561,7.034200,0.700867,-0.627322,8.587679,-2.221861,4.821147,2.127899,0.603765,8.567520,9.491232,-8.666322,2.634344
resume_0419,-6.188566,9.845933,-2.535847,5.641000,-2.194475,-2.412521,6.624754,-4.148938,0.657640,7.401044,9.614908,2.291346,8.553099,6.574967,-8.055724,-9.129169,0.403662,2.932260,6.979761,-7.960659,-5.978028,3.518902,3.766148,-0.449847
resume_0420,9.527254,7.188022,-6.409091,9.299595,-1.931415,8.546522,-5.083717,-4.169946,9.620008,-7.202862,0.283110,-2.848818,8.163373,-8.794727,-7.386682,0.443825,4.923753,-7.222622,2.470891,-1.799204,3.785324,-0.325125,-4.908623,0.185182
resume_0421,11.009800,6.788913,-4.368521,9.437456,-1.768654,8.840669,-4.440656,-4.185863,9.466769,-7.052830,1.064250,-3.787135,7.743414,-8.637670,-8.694231,-1.288206,4.940022,-7.741731,1.940398,-1.842145,4.913648,-0.903125,-3.914286,0.874577
resume_0422,8.011699,6.964528,9.005039,-7.840728,-1.772704,7.284851,2.734220,-5.576012,3.234169,5.840340,10.378943,-7.689850,0.018967,-3.173536,-4.860332,1.984827,-7.213394,7.914827,5.220640,-2.430116,-5.898981,-4.050044,0.048203,6.165518
resume_0423,-8.314283,-8.135714,9.211687,2.584727,-7.604675,3.056108,-7.011574,-5.479249,0.039466,-3.524393,-4.597843,4.237305,-0.859911,5.932828,2.846792,-6.522920,-2.181615,3.033536,1.768068,-0.675177,9.811004,6.988973,-0.235003,8.414307
resume_0424,5.086333,4.937291,2.789084,8.090546,-4.728861,-6.317532,6.442902,-6.635251,4.110526,2.045395,-1.590681,-2.157877,1.841102,7.912827,-6.292360,-0.673637,-5.117367,-7.611878,-8.673275,-8.024857,-3.746934,3.369367,-8.280537,8.011621
resume_0425,-1.140036,7.921472,-7.233220,-0.362037,-2.695055,-2.109701,9.384731,-1.723117,-7.318185,2.217365,1.429144,-1.553228,5.003540,-1.533931,-1.277663,7.503475,-3.277742,5.208033,2.525514,-0.025538,9.576699,9.016468,-10.400251,2.238670
resume_0426,-8.179433,-1.215721,4.421370,-7.713151,-7.440426,2.233751,-0.143638,-0.283402,6.395256,4.029227,-0.610723,1.934657,-7.821794,-7.582327,9.164393,0.472490,2.459212,-6.197684,-2.121273,-4.582880,-4.925759,-9.549948,6.784748,7.510792
resume_0427,-8.039743,8.633781,-2.238717,6.667767,-2.627057,-2.825287,6.579367,-3.512971,0.493066,9.198784,10.268033,2.014009,7.753697,6.501935,-7.166133,-9.489239,1.242082,2.792686,7.158625,-7.678991,-5.416597,3.059350,3.998231,0.192280
resume_0428,8.480562,6.666470,8.278218,-8.447014,-0.438943,7.274132,3.054839,-5.520090,0.888093,7.778013,9.900214,-7.881829,0.020263,-3.217505,-4.835033,1.951257,-6.672484,8.062403,6.180569,-3.221861,-6.874282,-5.908206,1.385843,5.805648
resume_0429,8.892131,6.862756,8.533927,-6.772489,-0.715947,7.478720,0.865892,-6.297833,1.980681,7.334257,9.074883,-8.905993,-0.085153,-2.984731,-5.730486,1.348648,-6.530150,7.914061,4.569239,-3.028240,-7.270833,-4.552365,1.543981,6.085850
resume_0430,10.215980,7.875490,-4.903155,10.342309,-2.186805,8.659585,-5.280145,-4.544272,8.696528,-6.957992,0.389147,-3.045412,6.572966,-8.507596,-7.873830,-0.361081,5.098507,-8.322152,1.366266,-1.763396,5.097200,-0.560371,-5.163128,-0.148333
resume_0431,8.902334,7.580917,8.123094,-7.012220,-0.937236,7.303092,1.946383,-6.155437,1.366468,7.848170,9.611686,-8.317086,0.507118,-2.845196,-4.738493,0.896630,-7.372971,8.162482,6.758800,-2.643480,-5.493558,-5.376053,1.497750,5.019728
resume_0432,8.159826,6.248635,8.368759,-8.835498,-1.189051,7.314079,2.834006,-5.753988,0.566491,6.943508,8.601311,-7.515616,0.421673,-3.718283,-5.339847,3.432235,-5.145131,7.131268,6.484287,-2.294397,-6.321820,-5.361906,2.546393,5.846764
resume_0433,5.120992,4.428538,0.517694,9.218508,-4.355236,-5.872581,6.691837,-5.400903,3.026255,1.774644,-2.292906,-1.118721,1.429333,7.872862,-7.263790,-0.279337,-5.491305,-7.497019,-10.339570,-7.325168,-4.488849,3.824333,-8.397771,6.279014
resume_0434,-6.521259,-8.264181,8.844790,2.727925,-7.747177,3.521459,-6.347585,-7.193761,0.882599,-4.039255,-2.863147,4.715280,-2.471212,4.719129,3.872605,-6.107647,-1.513182,3.454120,1.663931,-1.099527,9.980764,6.435557,-1.348764,8.035057
resume_0435,-2.472631,7.151606,-8.061569,-2.009255,-2.373950,-0.664770,8.980345,-1.796999,-7.713007,2.341175,2.332023,-2.648567,6.543517,0.300131,-2.433358,7.258094,-1.556202,5.409895,2.492372,0.223983,9.830123,8.224404,-9.950801,2.266268
resume_0436,-6.731212,8.280969,-2.958380,6.201591,-2.910771,-2.927471,6.796635,-3.473877,-0.366317,9.184011,8.974045,1.686188,8.255370,7.694300,-6.374269,-9.305736,-0.428382,3.486690,6.913826,-7.767907,-4.525724,2.667512,4.235126,-0.053072
resume_0437,7.173451,-3.090696,4.310431,3.106389,-0.943667,1.775230,-6.504798,6.465341,-9.526987,-5.897211,1.284055,-6.687423,-7.523976,5.021794,-0.335490,-7.117170,0.703207,4.434598,-6.747904,6.583094,-9.087522,-0.746017,1.150835,8.445050
resume_0438,-6.788975,-8.758952,9.472342,1.998169,-8.541140,3.247623,-7.113687,-5.456729,1.473996,-2.870114,-2.458318,4.083139,-2.080647,5.650625,3.389221,-6.304651,-1.495449,2.887881,1.643082,-0.734017,9.367484,7.883060,-0.688054,7.111216
resume_0439,-6.324660,-8.196525,7.659192,1.878189,-7.085543,2.833411,-6.997084,-5.698710,2.081061,-3.282841,-4.184935,4.461999,-1.219816,4.524481,2.940838,-6.374435,-0.035593,2.760821,1.141284,0.135658,9.323674,8.023700,0.533420,8.506266
resume_0440,5.621555,-3.477536,4.414165,3.833221,-2.754767,1.959520,-7.435547,5.390226,-7.719159,-5.766714,1.334716,-6.292954,-7.170416,4.636242,-0.186307,-7.221893,0.572671,4.337853,-6.454319,6.395956,-9.570245,0.239443,1.844606,8.034423
resume_0441,-8.937168,-1.370026,5.320620,-7.235441,-7.985184,1.742393,-0.063200,-1.180445,6.261460,3.281486,-0.149821,2.312491,-6.858627,-8.085662,8.872052,0.130043,2.412099,-5.271725,-2.513221,-5.219145,-4.656172,-8.830925,6.656916,9.010994
resume_0442,9.405757,7.259537,-6.390768,9.300556,-2.662037,9.319135,-5.716670,-4.049407,8.993287,-6.952518,-0.038791,-2.049284,7.751172,-8.059823,-8.680188,-1.096763,5.172383,-7.602037,2.218545,-2.542928,4.323662,0.006707,-5.074805,0.217025
resume_0443,-2.931540,8.419504,-7.542894,-1.131167,-2.923199,-2.601926,8.273908,-3.429828,-8.328825,2.802054,1.520653,-2.949014,6.514360,-1.099910,-2.207190,7.458897,-2.844318,5.155512,3.230752,0.615774,10.365736,8.280162,-9.044244,1.705648
resume_0444,-7.363032,-8.163397,7.377152,2.050136,-7.017252,2.990198,-6.082711,-6.021063,1.832444,-3.634780,-3.027544,4.224517,-0.550875,3.835139,3.856729,-6.279764,-1.141810,4.252174,1.547510,-0.628561,8.726712,6.006341,-0.757736,7.781089
resume_0445,-7.010683,-8.866745,8.073673,3.798819,-7.205222,2.985208,-6.863719,-5.158978,1.324515,-3.725879,-4.932499,5.062758,-0.151921,4.433165,3.008859,-4.676186,-0.383113,2.559143,1.646775,-0.394697,9.484104,6.025763,-0.482792,7.894267
resume_0446,5.643728,-3.921793,4.129127,3.609416,-1.699223,2.424388,-8.094136,6.612085,-8.766806,-4.637057,0.198741,-6.445227,-6.526906,5.180722,-0.298607,-8.143053,1.355340,4.453848,-5.145500,6.861539,-8.218763,-0.857355,1.562515,7.504158
resume_0447,-7.656043,-0.960675,4.611315,-7.452099,-8.861959,2.456078,-0.447528,0.327338,4.948662,3.312775,-0.170492,2.371408,-8.167632,-7.125954,9.372908,-0.731611,1.824352,-5.067712,-2.914081,-4.898550,-5.576707,-9.143905,6.849580,7.810258
resume_0448,5.068468,4.956631,2.381623,9.269654,-4.569738,-5.531525,5.942322,-6.267167,3.941685,3.339541,-1.776708,-1.682188,0.951857,8.128395,-5.133081,0.420683,-5.165641,-9.145746,-10.775992,-7.642465,-3.593300,4.896992,-8.035118,6.075801
resume_0449,6.231434,-2.796078,5.309317,4.167683,-1.634298,1.444781,-7.733881,6.565229,-8.960716,-4.444685,1.583322,-6.860893,-5.344877,4.840407,0.788860,-7.328920,0.659416,4.840321,-5.478333,6.422278,-9.364749,-0.523790,0.965814,8.041974
resume_0450,5.542431,-3.320142,4.451789,3.575500,-0.816620,2.637875,-6.427917,6.163499,-9.018368,-5.757988,1.928769,-6.214442,-7.075262,5.697112,-1.459227,-8.217782,0.563611,4.688606,-6.086047,6.858356,-9.201144,-1.154365,2.548453,8.749587
resume_0451,-6.233871,-8.973053,8.960701,2.062125,-8.055856,3.900561,-8.262088,-5.126607,0.955227,-3.657339,-3.881485,4.492309,-1.128538,4.777702,2.716370,-5.506299,0.766855,3.169038,1.800126,-1.301022,9.966417,6.446132,-1.438409,8.526522
resume_0452,6.135853,4.811808,0.796473,8.736909,-4.056891,-6.130724,6.300887,-5.917367,4.176171,1.134138,-2.162221,-2.775276,1.309783,7.676092,-5.855486,0.654870,-5.069054,-7.040105,-8.490154,-7.051265,-2.874728,4.654241,-8.442276,6.512647
resume_0453,-7.187328,8.112533,-3.757708,5.916706,-2.448536,-3.884392,6.508902,-3.970057,0.235485,7.864921,9.629318,2.220125,8.352886,5.618604,-7.043935,-9.354677,1.183455,3.924417,6.288304,-7.692089,-6.056084,2.508618,3.858710,-0.422220
resume_0454,-8.563239,9.067148,-2.310279,5.858638,-1.941543,-4.448433,6.992302,-3.954513,-0.141382,8.503762,10.485085,2.487157,7.624215,7.467631,-6.826861,-8.470513,0.116100,2.918547,7.872243,-7.916898,-4.900219,2.597290,4.471254,0.007557
resume_0455,-1.917173,6.924743,-8.160702,-1.318844,-2.541374,-0.882305,7.167994,-0.445373,-7.827593,1.826597,1.070423,-2.526276,6.064779,-0.150117,-1.719131,8.011093,-2.667420,4.320113,2.312694,0.460914,9.556052,8.420718,-9.684262,2.040706
resume_0456,-2.796357,7.221592,-7.743584,-1.425897,-2.851046,-1.382925,7.592847,-2.244289,-7.779840,3.186944,0.983334,-1.386207,6.889624,-0.061107,-2.272496,8.787889,-1.853742,4.386502,2.627643,0.543919,8.884674,8.909779,-9.740813,3.569524
resume_0457,9.811381,7.516244,-5.539579,10.421396,-1.456040,8.768077,-6.715561,-4.498787,8.813072,-7.346756,-0.667244,-2.331224,7.561913,-8.410706,-7.571324,-0.695960,6.415733,-7.909774,2.768117,-0.729434,4.810502,-1.344094,-4.279777,-0.141417
resume_0458,-7.349787,8.311270,-3.309461,6.626717,-2.432600,-3.579149,6.205082,-3.012319,0.627625,8.187810,10.153029,3.216343,8.234625,7.278392,-6.312497,-8.329681,-0.342191,3.161007,6.560119,-8.374861,-4.918866,2.900641,4.021702,-0.582901
resume_0459,-7.255359,-8.137702,8.256182,3.559699,-7.342727,4.123192,-7.227275,-6.922514,1.006847,-3.183761,-3.041386,4.677680,-1.957937,4.797821,2.611928,-6.439266,-1.199575,3.002081,2.060009,-0.692819,10.023024,7.318620,-1.494325,8.034162
resume_0460,10.223685,7.474721,-4.822710,9.200410,-2.440401,9.494864,-5.633343,-4.653862,7.812803,-6.947041,-0.076798,-2.295916,6.674551,-9.158136,-6.599482,0.053849,5.144136,-7.329571,2.400999,-0.609820,4.109898,-1.803451,-5.223016,0.648233
resume_0461,5.936932,3.827849,2.654436,8.744037,-4.686443,-5.235972,5.203751,-6.883498,3.846890,2.122351,-2.197469,-2.246577,2.121059,7.539571,-6.060004,0.456426,-4.955096,-8.599298,-8.644015,-7.979304,-3.076851,4.787069,-7.980652,5.465111
resume_0462,-7.406918,-8.016717,8.129856,1.549418,-7.449088,3.256286,-6.280697,-5.428794,1.929741,-3.212033,-3.195210,5.287697,-1.480038,4.276023,3.598664,-5.613289,-1.762333,3.979929,2.373337,-0.535452,9.772250,6.064754,0.133239,8.415468
resume_0463,-7.522720,-0.444648,4.930360,-8.358221,-8.185380,0.740221,-0.041968,-1.026721,5.645998,3.993538,1.209048,0.851555,-6.652327,-7.553745,8.245155,0.574640,2.672771,-5.947600,-1.858812,-4.690727,-5.374707,-9.531284,7.154317,7.945579
resume_0464,-6.940098,9.418305,-3.737110,6.773987,-1.968919,-4.025353,6.637096,-4.432007,0.996630,8.114603,10.164596,1.833897,8.202636,7.565854,-7.215259,-7.947401,0.329371,2.429308,8.408401,-9.785180,-5.074533,2.718129,4.516389,-0.998948
resume_0465,5.048217,4.878617,1.101109,8.537507,-3.955548,-5.657598,7.290930,-7.328753,3.320291,1.724305,-1.996105,-1.073933,2.588332,7.922616,-6.752583,1.417584,-5.479059,-8.331874,-10.029998,-8.482981,-3.165369,4.849659,-7.379486,6.709199
resume_0466,9.411568,7.707155,7.862302,-7.386411,-1.157369,6.728879,2.386970,-5.254687,1.567097,8.464158,9.619851,-7.901846,0.556684,-2.618856,-5.903562,2.985859,-6.907224,7.895895,4.929410,-1.130964,-5.857384,-5.102844,1.316139,6.211016
resume_0467,-6.351594,-1.281016,4.514901,-8.437239,-8.981461,1.518317,-1.222919,-0.006325,5.343317,2.240498,-0.948031,2.478827,-8.509158,-8.327907,7.965870,-1.671041,2.612968,-4.495338,-2.353684,-3.681458,-5.472781,-9.594365,6.557855,8.361053
resume_0468,-7.559602,-0.721854,5.455373,-7.124741,-7.173604,2.234120,-0.992506,-1.561303,5.796538,3.669287,0.335650,2.324455,-7.363975,-7.513486,8.111708,0.033413,1.912692,-5.742408,-1.711059,-4.173961,-6.082150,-9.239098,6.204778,8.185860
resume_0469,-7.213777,8.302595,-3.357929,5.821296,-2.286024,-3.985201,6.825359,-3.678741,0.671789,7.524318,9.945929,2.740329,8.413683,7.555287,-8.480243,-7.959241,0.032448,2.823728,8.219621,-8.325325,-5.107012,3.689976,5.004041,-0.790911
resume_0470,-7.624064,8.718728,-2.261131,6.028858,-3.147743,-2.674482,7.006283,-3.109851,1.607230,8.562690,9.405128,2.130863,8.639269,7.603900,-6.869119,-8.136821,-0.595496,3.248373,8.066817,-7.315927,-4.438032,2.520989,4.152179,-0.721705
resume_0471,8.698683,8.482512,8.043819,-7.163424,-1.149472,7.908746,1.038040,-5.702765,0.787773,7.382906,9.701947,-8.807822,0.442204,-3.815629,-4.238920,2.151270,-5.958736,7.859263,6.035795,-2.854366,-7.468185,-5.344921,0.802738,5.822592
resume_0472,-1.409430,7.693818,-8.050530,-1.632347,-2.051640,-1.869516,8.137612,-1.545282,-8.091537,3.830556,1.986136,-2.048120,6.800324,-0.524002,-2.010966,7.848142,-2.010859,5.112817,2.015525,0.709208,9.605636,8.394954,-9.784571,3.030865
resume_0473,11.435574,6.778689,-4.935363,9.137047,-0.811618,8.348489,-5.589600,-4.174278,8.492863,-7.038457,0.051609,-2.727445,8.344310,-9.176130,-8.356151,-0.359489,5.890680,-6.787188,0.276417,-2.808655,4.606254,-1.133516,-4.410555,-0.152493
resume_0474,-2.796355,6.950195,-7.732623,-1.047667,-2.799364,-1.493270,7.022036,-2.221569,-6.710391,2.294419,1.176539,-1.836378,6.623064,-0.430209,-1.639795,7.724256,-2.704295,4.343830,2.643691,0.124075,8.375145,8.654292,-9.410885,2.131579
resume_0475,8.833727,6.963136,8.494542,-8.156373,-1.357095,8.817386,2.425344,-6.292942,1.420855,7.216254,8.481189,-7.849726,0.092710,-3.437823,-4.642902,2.266276,-6.717473,7.153148,6.123293,-1.123280,-6.167786,-5.234040,1.638432,5.440435
resume_0476,-1.838622,7.137451,-7.284027,-2.341114,-1.325392,-1.682349,8.498551,-2.709804,-8.844597,2.641897,0.714744,-1.563059,6.334143,-0.416752,-2.029146,8.194635,-2.715358,5.139912,2.254804,0.125083,9.776035,8.469272,-9.220297,2.332791
resume_0477,9.964025,7.198233,-5.250072,9.849644,-1.742936,8.096956,-4.844255,-3.883072,10.114049,-6.664379,-0.560012,-3.347612,7.649999,-8.961056,-8.434512,0.627812,6.523778,-6.974697,1.593428,-2.006479,5.037729,-0.435216,-3.983987,2.236728
resume_0478,-9.210271,-1.129715,5.778444,-7.994106,-8.533531,1.330090,-0.663329,-1.008449,4.929301,3.376757,-1.097844,2.073588,-8.138324,-8.505575,8.966174,-0.721836,1.819153,-4.929089,-3.164258,-4.595391,-5.465062,-9.070983,7.275970,6.949490
resume_0479,-7.977848,-7.731159,8.154987,2.503524,-7.189032,3.147629,-6.782822,-6.673225,1.074176,-4.159711,-2.093634,5.570875,-1.825567,5.148218,2.451731,-5.976687,-0.646923,3.597869,1.741993,-0.283415,9.582583,7.369531,-0.715014,9.196036
resume_0480,-7.409973,-9.237173,9.047123,3.207329,-7.841076,4.489764,-6.307919,-6.336930,1.240489,-3.342211,-3.333946,4.625623,-1.304298,4.632866,4.051763,-5.594838,-1.118919,3.386242,1.329567,-1.206232,10.912320,7.583463,-1.216030,8.185961
resume_0481,-7.105024,-9.112542,8.678053,2.059120,-7.610923,2.523581,-5.843117,-6.135630,0.263416,-3.822156,-3.662903,5.075551,-0.514274,4.167918,3.780573,-6.726331,-0.945449,3.881973,2.465866,-0.547456,10.211208,7.478766,-1.535861,8.171561
resume_0482,-8.410324,-7.874679,8.510442,2.535164,-7.185505,3.453962,-7.211744,-6.618944,1.780534,-3.778182,-2.396796,4.309969,-2.539183,4.079591,2.864475,-5.872714,0.019026,3.184768,1.930696,1.231907,9.939818,7.369857,-1.619245,8.541706
resume_0483,7.001651,5.051379,0.672198,8.847139,-4.872086,-5.707408,6.900175,-7.414175,3.170242,0.958140,-2.575976,-2.460725,1.905273,7.909662,-5.674552,0.371269,-5.439176,-7.962426,-8.919026,-7.502779,-3.672874,5.004888,-8.020077,6.864465
resume_0484,-8.509494,-8.514727,8.982458,2.474481,-8.463110,3.904672,-6.746844,-6.725230,0.114253,-3.593938,-2.295432,5.233819,-2.069255,5.168783,4.110452,-6.467729,-0.790324,3.261193,1.926111,-1.056605,9.525377,6.311007,0.098437,8.308844
resume_0485,9.487316,7.410911,-5.440739,9.491706,-1.870227,8.312365,-5.270189,-4.692095,8.940885,-7.399440,1.275441,-2.710969,6.540627,-7.843798,-7.815745,0.193132,5.260990,-6.885154,2.195793,-2.367861,4.253250,-1.256977,-4.175807,-0.236209
resume_0486,-7.697742,-1.465590,5.775611,-7.483471,-8.338388,1.130353,-0.936689,-0.755572,6.221584,3.417695,-0.714077,1.857500,-7.640926,-7.709042,9.326373,0.088320,3.132947,-6.077226,-2.819880,-3.555714,-5.407635,-9.319282,7.183915,7.885042
resume_0487,-7.123135,9.022689,-3.694391,6.016487,-1.274263,-3.375619,6.164043,-3.070572,0.738595,7.893626,9.550744,2.101676,7.604035,7.132776,-7.338178,-8.726763,1.039013,4.426971,7.274898,-8.271339,-6.185738,2.140128,3.914795,-1.043848
resume_0488,-7.506450,9.240231,-3.248465,6.746769,-1.332743,-2.593811,6.120710,-3.730075,1.177443,7.756572,9.637002,1.812283,7.945555,6.801781,-7.025427,-9.203394,-0.865293,2.674032,7.419206,-8.683714,-5.288462,2.871914,4.066775,-1.184763
resume_0489,7.542906,7.715611,7.895037,-8.394243,-0.525622,7.459061,1.895371,-6.636963,0.787700,6.627896,10.074138,-9.076122,0.080905,-3.621837,-4.543091,0.697917,-6.940277,8.214092,4.843210,-3.132885,-6.873377,-5.416731,1.432523,4.906201
resume_0490,-2.294919,7.729211,-8.699348,-0.860046,-1.672731,-1.627527,7.717643,-1.391073,-8.382293,3.379338,1.894941,-2.150659,6.371499,0.455990,-2.912263,7.021540,-1.792539,5.982262,3.253389,0.715432,9.699191,8.489846,-10.097426,1.479100
resume_0491,5.634504,4.423987,2.813245,9.095957,-5.387779,-5.474155,6.294091,-5.954399,3.133036,0.942451,-0.996253,-2.589992,1.720879,8.316101,-5.927853,1.685251,-5.724057,-9.226306,-9.783557,-6.909038,-3.079912,5.161218,-9.174835,7.309353
resume_0492,8.500340,6.716317,6.791816,-8.364269,-0.365914,7.496728,1.390779,-6.376200,1.385995,8.523841,9.530792,-7.660705,-0.220660,-3.136486,-4.027791,1.327432,-6.659243,8.058545,5.638314,-3.355395,-6.547697,-4.603870,1.534040,4.344886
resume_0493,9.124575,6.055311,-4.819728,9.875179,-2.088076,10.028023,-5.541299,-3.787867,9.193507,-7.495823,-0.089339,-3.238758,6.902594,-10.211746,-8.353120,0.524771,5.885339,-8.203511,2.091869,-2.406884,5.567071,0.513645,-4.734444,-0.914910
resume_0494,9.837920,5.950145,-5.936842,9.135717,-1.344587,9.632424,-4.961677,-3.046853,8.729610,-6.961489,0.136763,-3.902491,7.575016,-8.871663,-6.751400,0.582032,4.672957,-6.949973,2.532757,-2.087786,5.283013,-0.398443,-4.258775,0.004316
resume_0495,8.069281,7.808203,6.653348,-9.163068,-0.640802,6.636862,2.119374,-5.538953,0.953227,6.405468,8.974634,-7.154348,0.720784,-3.656861,-4.539411,2.917484,-6.849039,8.409127,5.468304,-2.827311,-7.004404,-4.404719,1.491817,5.173800
resume_0496,6.123602,4.821585,2.503922,7.978872,-5.220381,-7.396179,4.991665,-5.936666,4.273270,1.395144,-1.430639,-1.091162,2.173520,8.730620,-5.424111,0.629338,-6.613257,-8.502612,-9.601318,-7.474217,-3.449256,5.372389,-8.792577,6.730557
resume_0497,-8.308115,-7.652032,9.083705,2.961479,-8.919362,3.300743,-7.088018,-6.634995,-0.154426,-3.850806,-3.533887,3.843182,-0.873077,5.819297,3.024804,-5.925419,-1.306363,3.236202,1.414046,-0.831518,9.912021,8.048202,1.132902,7.723889
resume_0498,9.068057,6.999655,7.260499,-8.001940,-1.123413,7.552660,2.395791,-5.929784,0.976437,7.402720,10.411375,-7.948676,0.281178,-3.054951,-5.059436,1.354639,-6.605186,7.877766,5.204948,-2.390601,-6.391225,-5.854256,1.504064,5.721628
resume_0499,9.651022,7.069631,-5.019896,9.680136,-3.086589,8.148621,-5.237733,-3.386933,9.730699,-7.664637,-0.827026,-2.260184,7.934187,-8.549966,-9.486064,-1.061182,5.618236,-7.845822,1.496423,-0.891310,4.254744,-0.772066,-3.923289,-0.363918
resume_0500,5.470738,5.008831,1.757288,8.123286,-4.316846,-7.419697,6.529582,-5.700158,3.895302,2.493228,-1.757975,-1.790038,0.669356,7.509286,-6.424250,1.166563,-5.396205,-8.460964,-8.632115,-8.941809,-4.649989,4.454408,-8.087730,6.555156
resume_0501,-7.356900,9.703924,-3.735512,6.245638,-2.289848,-4.094538,6.099831,-3.428118,0.492744,8.945612,9.679176,3.137393,7.860506,7.028035,-6.809784,-7.557871,0.757254,3.379903,7.705920,-9.588558,-4.373448,3.558106,5.308406,-0.793703
resume_0502,-7.606748,9.285675,-2.654846,5.362917,-2.203363,-3.222503,6.829831,-4.067149,0.201871,8.059482,10.138904,1.927878,8.783757,6.143768,-7.132964,-9.093599,-0.078438,3.612233,6.700516,-8.286916,-5.115912,2.909908,4.496789,-0.297614
resume_0503,-2.314659,7.786304,-7.709661,-1.387649,-2.414355,-1.295822,7.988349,-2.780386,-8.617409,3.800092,1.189650,-2.596371,6.829877,-0.316245,-1.531812,7.557184,-1.525511,6.275194,2.582334,1.312469,9.415378,8.674170,-8.587842,2.209573
resume_0504,-7.249316,9.115528,-3.372740,6.136483,-1.612575,-3.788321,5.724380,-3.798697,0.649112,8.347279,10.812053,1.693160,7.855218,6.487643,-7.217276,-9.424837,0.007309,4.444373,7.235980,-8.564377,-5.431540,2.868547,5.406651,0.510235
resume_0505,10.806169,6.093132,-5.646467,10.578286,-1.695636,9.434012,-5.394641,-3.123721,10.259663,-7.981915,1.388994,-2.791479,6.943833,-8.717453,-7.251538,-0.499132,5.445622,-7.258885,1.711031,-1.379187,4.700325,-1.792439,-4.167983,0.548165
resume_0506,5.669804,5.481721,1.294453,9.323098,-4.987564,-6.796984,6.411172,-6.450209,4.218068,1.204338,-1.463657,-1.559281,0.887408,6.094272,-5.842503,1.378395,-5.283914,-6.338829,-9.252405,-8.882941,-3.325322,3.931636,-7.259021,6.571778
resume_0507,8.961580,8.643537,8.509083,-8.207695,-0.589650,6.604541,1.520921,-6.298913,1.505392,9.445150,8.656592,-7.077235,-0.090423,-4.374074,-4.509172,0.753503,-7.030100,7.814213,6.204300,-3.130797,-6.262517,-4.072352,1.144911,5.290085
resume_0508,-7.361541,-1.067217,4.906822,-7.726620,-9.195119,1.707614,-0.715792,-0.930591,5.666200,3.716841,0.928778,1.406301,-7.236057,-8.372621,8.160262,-1.234506,1.696541,-6.132967,-2.429095,-4.312247,-5.662208,-9.564188,6.278947,7.749710
resume_0509,8.849191,6.725529,7.174843,-8.690106,-1.783373,6.608243,1.155313,-7.176704,1.888213,7.295252,9.533803,-7.902315,0.281596,-4.240571,-4.251659,1.993509,-7.327152,7.193168,4.915717,-3.357752,-6.891594,-4.763548,1.909931,6.231041
resume_0510,8.807732,7.672109,6.554727,-7.530634,0.377718,7.970516,1.162589,-6.807315,0.046870,7.421597,8.617003,-8.663101,0.203972,-3.403658,-4.663181,1.981850,-7.330449,8.076551,5.351169,-3.042947,-7.633201,-5.315352,1.449543,5.646277
resume_0511,5.581300,4.203239,0.241600,7.495675,-5.161929,-5.537376,5.518336,-7.009081,3.340229,1.388827,-1.047991,-2.177237,1.665981,8.054483,-6.411671,0.181755,-5.500817,-7.816273,-9.801036,-8.208065,-5.162628,4.216728,-8.259232,6.674618
resume_0512,-7.263956,8.751841,-3.731104,5.845531,-2.211864,-3.854791,5.309303,-4.375867,1.245648,9.170660,10.134500,2.887281,7.871039,7.638016,-7.018481,-8.573712,-0.153310,3.411278,6.566453,-8.813291,-6.040998,2.965788,4.464141,-0.684182
resume_0513,-7.275636,-8.915451,8.067213,2.282607,-8.219615,3.392038,-7.325599,-6.498264,1.363040,-2.833771,-2.712779,3.528371,-1.472882,4.538048,2.972001,-5.577798,-0.787933,4.226149,2.280836,-1.330132,10.265218,7.171071,0.868938,8.437490
resume_0514,-6.723487,8.799743,-3.224972,6.441540,-1.595648,-3.195359,5.921421,-4.638742,1.260327,8.911078,9.826493,1.555836,8.394113,7.713024,-7.834920,-9.010950,0.231156,2.883941,7.459228,-8.992712,-5.190179,2.360537,4.102282,-0.105709
resume_0515,-2.312948,7.669320,-7.717902,-0.780616,-2.324110,-1.581392,8.011731,-0.895375,-7.609387,2.665125,1.842331,-1.548533,6.977708,-0.725675,-1.976078,8.405142,-2.478381,5.674060,2.304518,1.486782,9.747725,9.058321,-8.821238,2.079948
resume_0516,-7.113724,8.886117,-2.967816,6.016104,-3.060180,-3.445218,6.485856,-4.140404,0.545776,8.967287,10.644232,2.458050,7.706650,6.933933,-7.822994,-8.237547,0.428567,2.914637,7.147343,-7.890889,-5.141415,3.246249,4.016128,-0.181975
resume_0517,-6.425691,-1.415367,4.984723,-7.716316,-9.523003,1.451945,-0.449461,-0.002422,5.461710,2.971864,-0.173169,2.052752,-7.409582,-6.218225,8.594648,-0.870109,2.968100,-6.204497,-1.866898,-3.791045,-6.094314,-9.810368,7.934057,7.133316
resume_0518,-2.185975,6.560770,-8.200420,-1.897911,-3.002641,-1.705229,6.832922,-1.457270,-8.640478,2.252523,1.920016,-2.371146,6.614028,0.894483,-1.959938,7.631826,-2.291395,4.329508,1.440968,1.472317,9.148858,8.377029,-8.655293,1.838295
resume_0519,-5.609941,-8.875195,8.938537,2.234857,-7.082364,3.491181,-8.302625,-5.755440,0.357629,-2.740023,-4.637020,5.010649,-1.098331,4.563398,2.903200,-5.323856,-1.460164,3.356690,2.825531,-1.439371,10.884661,8.112214,-0.789238,8.371218
resume_0520,-2.528300,7.498489,-6.828283,-1.685336,-2.800646,-1.164025,8.250705,-2.867742,-6.763879,1.558662,2.240258,-3.373769,6.318841,-1.069222,-2.026806,8.077275,-1.869801,4.575928,3.396242,0.138874,9.938700,8.628623,-9.827124,4.171202
resume_0521,-7.169794,-8.438443,8.048861,2.504589,-7.379255,3.437889,-7.870771,-5.478119,2.060114,-3.966057,-3.345901,3.809890,-0.054249,3.816897,3.066060,-6.155266,-1.035190,2.591409,2.527517,-0.884484,10.130520,7.328432,-0.663482,8.033015
resume_0522,5.132788,3.400562,1.676448,7.625231,-4.066303,-6.706140,4.882199,-6.048824,3.281028,0.117757,-2.360076,-1.333150,1.434604,7.810644,-5.766441,0.482271,-5.415258,-7.044130,-10.190556,-8.487604,-4.646679,3.536416,-7.067997,6.898352
resume_0523,6.213539,5.013095,1.741758,8.121905,-5.158150,-6.069561,5.805278,-4.708671,3.217738,0.524498,-1.941542,-1.935886,1.786979,7.256282,-6.535552,-0.283647,-5.758547,-8.314781,-8.129736,-6.748402,-2.943166,4.463398,-7.946169,7.170269
resume_0524,4.425750,4.816847,1.456932,8.767200,-4.928227,-5.071176,5.812834,-6.498418,3.948853,1.913677,-3.504116,-2.111637,0.902983,8.013756,-7.379959,-0.097405,-4.460455,-8.923047,-10.291101,-8.135298,-3.521040,4.287299,-7.799967,5.756792
resume_0525,-2.415571,7.038887,-7.984700,-0.891088,-3.457851,-0.630366,7.973354,-0.340385,-7.290702,3.172888,2.577388,-2.235976,6.930211,-2.084993,-1.781132,7.980531,-2.454592,5.900760,2.907214,0.422298,9.167717,7.942712,-10.980567,2.644496
resume_0526,10.129267,7.603266,-4.782672,9.907573,-1.512197,9.683389,-5.565575,-3.803014,8.998694,-7.772746,0.493341,-3.037456,6.969516,-7.855375,-8.521226,0.227933,5.553238,-7.356516,3.377227,-2.785884,4.379343,-1.741462,-4.172768,-0.036469
resume_0527,-6.153800,8.608670,-2.734371,6.031443,-1.917578,-4.487251,6.198302,-3.628973,1.372472,9.346831,9.695329,3.321019,7.580057,7.743100,-6.260084,-8.127857,0.973845,3.161639,7.712041,-8.325364,-4.173290,3.230262,4.780449,0.834019
resume_0528,5.780803,5.347762,1.320435,8.244583,-3.999595,-5.567570,6.137704,-5.636372,3.807726,1.619989,-2.291078,-2.834643,1.407902,7.926076,-5.908440,0.278634,-4.443115,-8.674954,-9.771659,-7.174384,-2.996263,4.377142,-8.317681,5.213253
resume_0529,5.565193,-4.595839,5.839803,3.405215,-1.452622,2.180910,-7.149986,5.109447,-9.323759,-4.856456,0.687203,-6.446416,-7.010141,4.941464,0.369025,-8.201626,-0.506594,5.168783,-6.284728,6.541224,-7.377200,-0.018926,1.640190,7.789042
resume_0530,-1.540897,7.039278,-8.447738,-1.848797,-1.549977,-1.286300,8.466335,-1.409943,-8.039434,2.097370,1.436684,-1.445469,7.000594,0.452675,-0.962825,7.849537,-1.255523,5.433200,2.742062,1.301982,9.293437,8.240149,-9.979072,2.675801
resume_0531,-1.724052,7.554901,-6.869366,-0.069486,-3.355034,-1.854428,8.975496,-3.267175,-8.378893,3.385050,0.877695,-1.369756,6.223155,-1.609239,-2.875621,7.861978,-0.476717,5.848141,2.209219,0.278698,9.628732,9.159747,-9.538662,1.888177
resume_0532,-7.876243,-1.197090,4.364218,-8.792929,-8.020061,2.075757,-0.977550,-0.215716,6.326963,3.202876,-0.290420,2.417306,-7.635084,-8.065236,7.364750,0.470939,1.924289,-4.688888,-1.958648,-3.933384,-5.834326,-9.576676,7.395290,6.759983
resume_0533,-7.510760,0.068786,5.570393,-8.671076,-8.867484,0.522407,-1.225276,-0.810968,5.341306,3.354421,0.233789,0.293651,-7.899161,-7.749560,8.531283,-1.259889,2.395102,-5.329587,-1.783083,-4.358607,-5.720240,-8.864569,6.706778,7.848425
resume_0534,10.116764,6.367670,-6.376827,9.660701,-2.058443,8.610010,-5.554173,-4.791484,9.314451,-7.544218,0.832363,-3.079699,7.540620,-7.507519,-7.458660,-0.448545,5.712888,-7.524210,2.636609,-2.030441,4.951380,-1.351141,-5.039802,0.684242
resume_0535,-2.641804,6.134078,-6.160563,-1.502631,-3.135331,-1.912101,7.518232,-2.202215,-8.508099,0.344231,1.220621,-1.424027,6.535436,-0.747516,-1.573346,8.819621,-2.310808,5.438349,1.348693,1.055041,9.212364,7.691478,-9.787222,2.657402
resume_0536,-1.373846,7.393417,-7.692088,-0.472851,-2.160507,-1.712971,7.525376,-2.093169,-7.661779,3.633888,2.066035,-1.838137,6.119589,-0.792288,-1.735633,7.192968,-2.595322,5.760465,2.645220,-0.661959,9.799974,9.298896,-10.628003,2.213030
resume_0537,5.919686,-2.544631,4.162001,5.195590,-2.305145,2.981947,-7.163209,6.180121,-9.190620,-5.540009,2.154173,-8.345679,-6.404878,3.799538,-0.053019,-7.810002,0.484309,4.832881,-5.698767,6.738264,-10.073311,-1.706057,1.774125,7.788396
resume_0538,8.975968,7.665228,7.298183,-7.543243,-1.376994,6.818498,2.318121,-6.956117,1.205693,7.701086,9.194024,-7.976542,-0.921725,-3.068807,-4.099916,-0.122854,-7.238880,7.697320,4.972579,-3.593654,-7.259897,-5.368777,1.791107,5.223894
resume_0539,10.163403,7.450860,-5.606121,9.163419,-1.608989,8.452374,-5.897984,-3.881997,9.304380,-6.662965,1.855052,-2.903140,7.473049,-7.973729,-7.569185,-0.399260,4.926883,-7.288617,2.665695,-1.221686,5.006374,-0.605872,-4.835515,-0.205938
resume_0540,8.722023,6.744607,7.872844,-8.566806,0.944278,7.806112,0.781484,-6.317189,1.513375,7.676790,9.425101,-8.705130,-0.744480,-4.040116,-5.148324,1.845038,-7.672547,7.429247,5.644826,-2.623112,-6.408741,-4.818245,1.954804,4.968115
resume_0541,5.433882,4.988210,1.829782,9.038064,-3.847646,-5.642903,6.645606,-7.290550,3.886717,1.845491,-2.489006,-2.656226,0.763993,8.298569,-5.880660,0.458347,-5.798423,-7.307699,-8.453840,-8.350364,-3.353858,3.577224,-8.069919,6.618241
resume_0542,8.685444,8.197895,7.854655,-8.142628,-0.850047,7.328892,2.999881,-6.474942,1.185754,6.273421,9.184344,-7.513021,-0.932813,-2.822640,-5.206472,2.456262,-5.988218,8.455016,4.647392,-3.633985,-5.664244,-5.134294,1.006238,5.219208
resume_0543,-2.152339,6.626189,-7.078428,-2.009082,-2.296560,-1.806426,9.209281,-2.298097,-8.101342,2.164727,3.185564,-1.345891,6.122659,-1.309139,-3.015863,7.630242,-1.972163,5.454038,1.355933,0.492816,9.327631,8.369168,-8.544979,2.628815
resume_0544,8.592663,8.214216,8.602189,-7.769081,-0.624743,7.913283,1.094384,-5.818722,0.653223,7.343263,9.284139,-7.849717,-0.277072,-3.588064,-5.177329,2.121544,-7.379613,8.460849,5.736271,-2.272986,-6.465736,-4.802245,1.377771,5.581164
resume_0545,5.917093,-4.237644,3.866158,3.368485,-2.405989,2.473703,-7.387788,6.046513,-8.333010,-4.557480,2.109334,-6.762440,-6.996373,5.563337,0.944665,-7.016748,0.723938,3.903106,-6.084475,7.204280,-10.105927,-1.153173,1.062229,7.863999
resume_0546,-8.544822,-8.609997,8.315397,1.668284,-7.084913,3.866253,-6.692671,-6.406555,1.797401,-4.025089,-2.093626,4.156859,-2.731459,3.685599,2.377262,-6.342679,-0.685407,3.029144,1.867278,-0.621379,10.163969,7.626615,-0.251863,8.774184
resume_0547,5.411955,4.819350,1.872590,7.490175,-5.004377,-6.899138,6.169418,-7.721322,3.126753,1.920346,-1.470626,-1.035585,2.080248,7.282414,-5.796944,-0.593863,-4.544723,-7.372755,-9.641270,-8.266370,-3.370393,4.434020,-7.991976,6.199276
resume_0548,5.091588,3.842532,2.164201,8.653602,-2.979347,-6.998876,6.160488,-7.343503,3.008292,0.817259,-2.322344,-3.023269,1.067777,8.166167,-6.063206,-0.685714,-4.779750,-8.507337,-10.131059,-7.989119,-3.617851,5.327795,-8.079903,6.176882
resume_0549,-2.538727,7.585155,-7.242980,-1.269500,-3.059309,-0.399121,8.593689,-2.030813,-9.145764,1.930948,1.800410,-3.157608,5.883680,-0.670854,-2.568935,8.093523,-1.544547,5.032973,2.961798,0.020198,9.758428,8.615992,-10.123226,0.939190
resume_0550,5.669624,5.687931,2.276889,8.828030,-4.749237,-6.259456,6.691667,-5.893976,2.483080,2.021666,-2.671658,-1.557219,1.669116,7.850046,-5.745585,-0.024384,-5.593715,-7.678377,-9.875831,-7.598197,-1.960781,3.223785,-7.888489,6.885202
resume_0551,3.887345,6.463183,1.195911,7.351629,-4.138186,-4.775400,5.611512,-6.975342,3.031807,2.057662,-2.188010,-1.289968,0.884762,7.671345,-6.557748,-0.175522,-4.823073,-7.975402,-8.805410,-7.703436,-3.923643,4.113226,-7.608063,5.763550
resume_0552,8.872651,6.638897,8.060430,-7.296511,-0.453568,6.953889,2.403547,-5.482673,1.778866,7.724987,8.538265,-7.519266,0.918588,-2.947837,-5.314942,2.032067,-6.943514,7.993568,4.884962,-3.856611,-7.099607,-4.448782,1.276635,5.957404
resume_0553,9.130865,7.719532,7.968298,-7.988146,-1.128039,5.876882,1.288847,-6.768311,1.407448,7.889088,9.314683,-7.269266,1.069542,-2.556974,-6.060022,1.734906,-6.347785,8.232992,5.653768,-2.367738,-7.187753,-5.790301,0.934315,5.764508
resume_0554,9.243348,7.090672,7.967852,-7.901307,-0.823689,5.973579,2.207202,-6.903544,1.087866,8.149414,9.592005,-9.214219,-0.028562,-2.658118,-4.090693,1.630196,-7.181362,7.940119,6.194368,-3.469178,-7.925655,-5.237810,0.841440,5.331528
resume_0555,4.908801,4.036704,0.895662,8.628099,-3.931071,-5.622028,5.210841,-6.542616,3.478539,1.074002,-2.913277,-2.649750,1.638086,8.996546,-5.994582,-0.533123,-6.361085,-8.476319,-7.645961,-7.839367,-2.440153,5.067255,-8.077684,6.313150
resume_0556,10.388085,7.249092,-6.573750,9.464569,-1.324475,8.746182,-5.812293,-4.221122,9.689992,-8.274090,0.665829,-3.150717,8.146528,-9.766867,-8.188251,-0.779948,6.278897,-6.822182,1.395831,-1.868193,5.303239,-0.811282,-5.608422,-0.208745
resume_0557,-7.969332,-8.707442,9.122222,2.711188,-7.501209,3.221030,-7.006419,-5.638943,0.454549,-4.320482,-3.971080,4.744042,-2.115656,4.235181,3.836398,-6.043680,-1.489026,3.307607,2.726735,-0.901159,9.767999,7.411802,-0.822054,7.581848
resume_0558,9.043618,8.512719,7.956318,-8.491262,-0.457220,7.338732,1.744148,-6.181478,1.961230,8.130662,8.674002,-7.668583,0.081676,-4.079276,-4.513282,2.140735,-6.646870,8.920391,6.196351,-4.151568,-7.285825,-4.606016,0.988987,6.410494
resume_0559,4.863330,3.798510,2.994716,9.471614,-4.548947,-5.828113,6.635389,-6.502359,4.548940,0.544122,-2.043104,-2.790432,-0.914305,7.559486,-5.042836,0.758430,-6.013052,-8.363792,-9.458969,-6.678703,-3.634363,5.017655,-7.882450,7.852722
resume_0560,-7.846912,-0.866436,4.453283,-7.655289,-8.687540,1.442879,-0.283993,-0.161956,5.939865,2.637458,2.201159,0.882145,-7.810504,-7.944261,7.515185,-0.416739,2.037746,-5.577103,-1.970768,-4.489104,-4.766428,-9.213973,6.914879,8.221380
resume_0561,8.731725,7.821706,7.634368,-8.398655,-0.643799,6.729244,2.028355,-6.998704,0.514047,9.101440,8.752542,-8.668688,0.688149,-3.683211,-6.543810,1.629672,-7.814481,7.685970,6.618307,-2.077900,-6.851527,-4.559934,0.577888,5.486122
resume_0562,9.386945,6.417313,-5.332259,8.833489,-2.280223,8.347318,-5.434691,-4.663206,8.760263,-7.352182,1.129155,-3.040935,6.685607,-8.087228,-7.878661,-0.158484,5.259754,-7.374814,1.695150,-1.350380,5.481312,-1.527119,-4.864877,0.569806
resume_0563,6.126694,-4.213679,5.198724,2.978994,-2.268220,2.410491,-7.086525,6.160397,-8.837762,-4.145714,1.696262,-7.117358,-6.591246,4.290062,0.206673,-7.704304,1.080692,4.551838,-6.732424,6.439850,-9.808644,-0.130894,0.925360,7.448882
resume_0564,-6.677797,8.973698,-3.114821,5.897974,-1.428551,-2.367701,6.851130,-2.801505,0.763783,8.290833,9.901208,2.014475,7.744160,7.012649,-7.784443,-8.511643,0.006582,2.734752,7.432151,-8.111065,-4.560208,1.901352,4.046378,-1.101218
resume_0565,-7.308360,10.023469,-3.389453,6.853643,-2.648818,-3.869828,6.942283,-3.719913,0.991174,7.768772,9.958039,1.650685,8.294703,6.902729,-8.382075,-8.582963,0.273020,2.661715,7.195635,-8.756878,-5.677372,3.714070,5.496245,-1.495471
resume_0566,-7.537709,-1.405537,5.691284,-8.320289,-8.453523,1.726480,-0.557896,-0.487259,4.816207,4.392791,1.086085,1.743317,-7.049754,-7.147378,8.525694,0.082362,2.976137,-6.277425,-1.725221,-4.213545,-4.728961,-8.863517,6.786779,7.522755
resume_0567,-2.212494,6.865970,-6.888831,-0.893787,-3.002457,-1.826838,9.291288,-2.166682,-8.205072,2.400088,2.317505,-2.976281,5.848712,-0.589570,-1.552136,7.995033,-2.260777,4.865320,1.988257,-0.512713,9.886373,8.556066,-10.620517,1.803423
resume_0568,10.795954,7.485545,-6.205472,9.877164,-1.642541,9.360375,-5.978776,-4.550861,8.699985,-6.596493,-0.313351,-2.918451,7.094667,-8.562153,-8.448801,-1.175967,4.774206,-7.224093,1.345432,-1.446984,5.350893,-1.114067,-4.053176,-0.619618
resume_0569,-8.178443,-1.219283,5.268470,-8.479202,-9.021622,1.588514,-1.582909,-0.045721,5.814451,3.452054,1.103251,2.305118,-9.078669,-8.139174,7.543873,-1.137863,2.139954,-5.673533,-2.058975,-3.597479,-5.538356,-9.820465,7.401669,7.681096
resume_0570,6.889644,-4.080591,4.841030,4.104533,-1.163227,1.827127,-7.940854,5.986285,-7.890830,-4.058370,1.269249,-6.845632,-6.688368,4.453242,0.298026,-7.591936,0.150991,3.952639,-5.827034,7.117513,-8.090933,-0.769910,1.166989,8.364324
resume_0571,-7.625324,-1.185845,4.958389,-7.762143,-8.756719,2.347728,0.030783,0.249533,5.300632,3.692149,0.214947,1.695282,-6.687404,-8.516281,7.614430,-1.157504,1.329006,-5.709567,-2.989718,-4.641390,-6.238518,-9.432949,6.300739,7.942540
resume_0572,11.018183,5.859843,-6.288852,9.189086,-2.820672,8.645474,-6.044934,-4.453586,9.187210,-7.378467,-0.295409,-3.224968,8.004299,-9.211922,-7.658143,0.742293,5.241052,-6.376930,2.494838,-2.062829,4.853940,-0.907669,-5.399136,0.676046
resume_0573,-8.454841,9.075209,-3.048282,5.763588,-1.458906,-3.331236,6.214413,-3.777924,0.780893,8.283319,9.654186,2.959295,7.066643,5.902331,-7.695694,-9.049353,-0.716623,3.203706,7.057500,-9.106442,-5.928699,3.084895,4.659114,0.083829
resume_0574,-7.496060,8.508148,-3.615311,6.590696,-1.741085,-3.028849,5.792349,-4.322685,0.956941,8.384358,9.343146,2.501533,8.731729,6.258996,-7.611649,-9.297712,-0.299464,3.292100,7.053468,-8.373448,-5.093106,2.935842,4.615449,-0.920600
resume_0575,8.932522,8.292816,8.221079,-8.768845,-0.547582,6.084238,2.150708,-5.404331,2.196747,7.147988,9.297568,-8.051164,1.051449,-3.552141,-5.322936,1.466013,-7.114889,8.323421,5.329662,-2.801700,-6.666596,-3.883993,2.415791,4.870558
resume_0576,-7.167018,-9.188558,8.393509,2.146180,-7.656340,3.758960,-5.978165,-5.900780,-0.168808,-4.420762,-2.189652,4.708158,-1.888558,3.680005,3.493403,-5.065987,-0.971351,2.724792,1.279304,-0.790164,9.044524,7.248522,-0.064563,8.494908
resume_0577,9.924675,6.266457,-5.779646,9.758940,-1.559907,9.113242,-5.704764,-4.258631,8.675164,-6.449390,-0.118910,-2.561271,7.839306,-8.194988,-8.883929,-0.319222,5.875757,-6.744632,1.150178,-1.959125,5.167763,-1.650059,-4.178594,-0.939864
resume_0578,-6.996559,8.398787,-2.602049,6.428359,-2.840549,-3.524535,5.482294,-4.156300,0.747405,8.669698,10.919745,1.705352,6.959721,7.187103,-6.234036,-8.766038,0.578545,3.174998,8.556340,-8.918326,-5.824136,2.750315,4.079447,0.372078
resume_0579,-8.082926,-7.724064,10.039861,1.967087,-6.853660,3.989782,-8.320154,-6.660780,0.720329,-3.052498,-2.177529,5.193161,-1.124841,5.329948,2.886554,-6.901465,-0.562495,2.389313,1.513195,-0.652336,10.212127,6.357370,-0.600172,8.501996
resume_0580,-2.631124,7.478919,-8.084984,-0.792887,-2.967781,-1.271278,8.919832,-1.539720,-7.357676,2.365166,1.519433,-2.208528,6.815792,0.694518,-1.848736,7.379068,-1.942091,5.469106,2.377367,0.871935,10.931026,9.208289,-8.732472,2.680134
resume_0581,4.676173,4.735008,1.695377,8.594198,-3.738870,-6.321921,5.232296,-6.240662,3.682799,2.325708,-2.486955,-1.298778,1.463910,7.205933,-6.053346,1.257904,-5.565186,-7.867200,-9.609386,-7.221265,-3.214348,4.595173,-7.690082,5.034356
resume_0582,8.924693,7.037872,6.719290,-6.354123,0.059346,6.807336,1.980622,-5.511356,1.928795,8.211073,9.552620,-7.596568,-0.604308,-3.886648,-5.320514,3.467747,-6.993519,8.277556,6.197846,-3.269489,-6.739544,-4.188320,1.360059,5.435395
resume_0583,-2.138848,8.064167,-8.601245,-2.334618,-1.591205,-0.729678,8.675476,-2.268833,-7.926254,2.440733,2.164022,-2.357033,6.451025,-0.682047,-0.958237,7.037209,-1.267221,5.274475,1.815947,-0.069295,9.359356,7.181402,-9.467302,2.310931
resume_0584,-8.533993,-7.659711,8.888385,2.549383,-7.528576,4.089998,-8.119881,-6.634935,1.410123,-3.265208,-3.217719,4.793297,-1.308746,5.349569,2.510419,-6.081486,0.138189,3.029152,1.627468,-1.249948,9.010355,7.514285,-0.080520,8.479296
resume_0585,5.372056,5.044123,1.799975,7.378432,-4.933688,-5.473468,6.329892,-7.083233,2.013371,2.610996,-2.263297,-2.080399,-0.043095,7.486306,-5.421033,1.411438,-5.701959,-7.384478,-8.541977,-7.169188,-3.570850,4.931754,-8.053695,6.798497
resume_0586,9.287933,7.268770,8.865679,-8.575283,-0.485193,7.073194,2.124863,-6.420349,1.795373,6.345987,9.686759,-7.883703,0.454943,-3.823469,-4.639703,1.596227,-6.062998,8.377307,4.458033,-1.915772,-7.443297,-5.881044,2.478552,5.265731
resume_0587,-7.496405,-8.908570,8.977133,2.487359,-7.633655,3.154847,-6.205812,-6.458710,1.420301,-4.015960,-2.431687,4.407668,-1.842974,4.624141,2.118317,-5.894284,-0.863586,1.961315,2.521439,-1.314292,9.744298,6.504372,-0.044772,7.243607
resume_0588,4.853695,-3.361788,3.813184,3.026311,-1.898595,3.394983,-7.571168,4.861826,-9.549096,-4.933322,1.068872,-6.396400,-7.301309,4.731845,-0.632380,-7.238001,2.055088,5.158866,-7.021278,6.817455,-9.922259,-1.283960,1.152750,6.638819
resume_0589,10.172629,7.197750,-5.586813,8.428357,-1.150386,9.111935,-5.637644,-3.274763,9.266557,-7.629929,1.122731,-1.776074,6.468738,-8.761106,-6.937547,-0.584610,5.074552,-6.103669,1.960314,-2.102641,4.700445,-0.968124,-4.388356,0.738917
resume_0590,10.163018,7.265522,-4.911520,10.000238,-2.275157,8.671797,-5.919067,-2.946969,8.323447,-6.354155,0.057489,-2.560166,7.540815,-8.764000,-8.074270,0.185839,4.563417,-6.538125,1.201501,-2.055716,5.192056,-0.279326,-6.357762,0.277346
resume_0591,9.616773,6.894036,-6.328848,9.165193,-2.114612,8.230934,-5.618927,-4.416179,9.659017,-8.159596,0.641320,-2.734731,5.931657,-7.876032,-6.979253,-0.123617,4.776306,-7.815093,2.185029,-1.667211,5.570225,-1.036361,-4.430771,-0.407761
resume_0592,-7.335899,8.281802,-2.512830,6.941731,-1.728173,-3.856739,6.865664,-4.616254,-0.150411,8.670049,10.738760,1.930399,8.592643,7.312193,-6.901807,-8.486490,0.538759,3.941594,7.131162,-7.621254,-5.177056,1.516746,5.944819,-0.215585
resume_0593,-2.089473,7.079436,-7.364490,-0.247022,-1.134418,-0.998472,9.002926,-2.656279,-9.104134,2.487076,1.759251,-3.521322,6.030688,-0.040448,-1.911472,7.400955,-1.450932,5.908578,2.483338,0.710215,10.683678,8.782091,-10.710173,2.915788
resume_0594,10.469652,6.980646,-6.274069,9.035910,-1.766523,7.751189,-5.496764,-4.570841,9.957646,-7.226490,0.651010,-3.093731,6.998859,-9.651354,-7.569456,0.422566,5.397900,-7.518680,2.308430,-2.038974,4.693481,-0.169582,-4.030962,0.964741
resume_0595,6.055897,-2.759551,4.778174,2.812366,-0.290029,1.584208,-7.418740,4.678214,-9.367460,-4.411348,0.493359,-6.146447,-5.725239,5.021320,-0.526028,-8.605831,0.012268,3.981976,-6.234462,7.453471,-9.831796,-0.361307,1.163323,7.300533
resume_0596,5.397057,4.854091,2.529108,8.412999,-5.152819,-6.810880,5.429298,-6.366848,3.977110,0.505991,-2.536608,-2.657975,2.394784,7.270597,-6.235367,0.586656,-5.384602,-7.883178,-9.735341,-7.296782,-3.834748,4.683787,-7.685396,7.522281
resume_0597,-2.475010,6.214200,-7.378162,-0.421652,-3.087001,-2.026201,8.637907,-1.703109,-9.776090,2.007844,1.932694,-1.782316,6.062820,0.011451,-1.298308,9.067100,-1.627976,5.674256,2.445419,0.176237,9.387184,8.017309,-9.552605,3.101303
resume_0598,-8.368462,-1.305163,4.854403,-7.253470,-8.882943,1.973660,-0.123047,-1.562834,5.939779,3.586192,-0.556558,2.448344,-7.186809,-7.513477,7.936622,-0.609324,2.430471,-4.974753,-2.188310,-4.832489,-6.055280,-10.051261,6.512552,7.146287
resume_0599,6.661803,-2.893627,5.040382,3.355281,-1.716479,2.740604,-7.358597,6.222374,-8.957108,-4.366491,1.681073,-6.624249,-6.905031,4.721877,-1.023947,-7.142489,0.562564,4.825812,-6.442250,6.080058,-9.889729,-1.458553,0.952188,7.819287
resume_0600,9.818549,7.954119,-5.890245,9.563771,-1.722497,9.568861,-5.923327,-5.027874,9.443977,-7.216087,0.284619,-2.598860,7.782209,-7.697168,-7.368278,0.567605,4.630346,-6.209997,1.101228,-2.664934,5.212248,-1.562635,-4.675259,0.051416
resume_0601,9.079275,6.245517,-4.924492,9.388509,-0.743919,8.777639,-6.180554,-3.485642,9.967515,-6.393217,1.314418,-1.851854,6.968243,-7.898194,-8.161482,-0.976427,5.714309,-7.378658,2.763303,-1.618586,4.614637,-0.834494,-4.312145,0.788833
resume_0602,10.090315,7.745596,-6.252530,8.911781,-1.949197,8.878778,-5.608808,-3.345143,8.875136,-7.665768,-0.224279,-3.356229,6.833477,-8.298068,-6.483953,0.166803,5.036665,-7.199251,2.443794,-2.300787,4.085267,-0.210500,-4.410626,1.520707
resume_0603,5.626920,-3.815116,3.522399,2.666806,-1.330586,1.220847,-7.458998,5.712616,-9.344006,-4.831076,0.941067,-7.671832,-6.111801,5.045311,0.580363,-8.450920,0.795031,4.310968,-5.374368,6.292245,-9.255293,-0.144764,2.030742,7.888846
resume_0604,9.505344,7.542614,-6.263004,9.077905,-2.063512,8.916278,-3.601763,-4.027421,9.095516,-7.031798,0.359877,-2.533106,6.542550,-8.883820,-8.556726,-0.533991,5.558595,-7.398806,1.991780,-1.511093,4.744425,-0.825809,-4.918462,-0.098474
resume_0605,5.390136,5.159883,1.762507,9.039017,-3.852618,-5.172843,5.051612,-6.899636,3.542146,1.326612,-1.823602,-1.357886,1.277305,7.355184,-6.216031,0.373647,-6.090466,-8.547569,-10.016352,-7.741648,-3.708841,4.029210,-8.171074,7.457773
resume_0606,-7.700056,-1.955015,4.467441,-6.686309,-7.778183,1.697448,-1.035982,-0.176200,5.546633,2.904925,-0.488524,1.494151,-6.541665,-7.901874,9.148715,-0.169927,1.222268,-5.960558,-2.260978,-3.850059,-5.256405,-8.936160,7.368404,6.509116
resume_0607,-2.376045,7.241760,-7.418871,-1.612764,-2.954190,-1.311784,8.552014,-1.325890,-8.031442,2.729656,2.097286,-2.486048,5.491137,-1.104818,-0.993624,7.558820,-2.982328,5.514209,2.648496,0.554026,9.366528,8.167041,-9.958912,1.933653
resume_0608,-6.957122,7.930184,-4.075423,5.582142,-1.887672,-3.917554,6.640530,-4.932274,0.185162,9.058391,9.320149,1.622899,8.323163,7.630098,-5.738597,-7.929991,-0.035418,3.219343,7.819036,-7.533629,-6.015782,2.464878,4.003888,-2.158088
resume_0609,8.943077,8.312363,9.488265,-8.574539,-0.701172,7.249436,2.945970,-6.224638,1.879034,7.735286,9.276535,-7.201986,-0.520147,-3.617469,-4.640558,0.470706,-6.455349,7.814444,5.764044,-2.310236,-7.431651,-5.085362,1.086786,4.273442
resume_0610,-2.697525,7.686207,-8.168115,-1.234351,-1.890193,-1.740783,7.598128,-2.218840,-7.940061,1.871662,1.475575,-2.009849,5.521997,-0.292116,-1.533207,7.473521,-2.560224,5.517807,2.555041,1.062974,8.960161,7.932279,-9.506250,2.684107
resume_0611,-7.686853,-2.168844,4.011417,-8.320721,-8.394404,1.321198,-2.369767,-1.066096,5.574158,2.491169,0.002420,2.106472,-7.573327,-8.076556,9.499936,0.910874,2.232608,-5.343770,-2.307720,-5.037096,-4.966312,-8.730536,7.616434,7.660525
resume_0612,-2.092118,7.937260,-8.329163,-2.138616,-2.299922,-1.451416,8.423986,-2.406140,-8.666685,2.818845,2.081433,-3.548911,7.816647,-2.108214,-1.859121,7.886209,-1.950011,5.383503,1.623362,1.692638,8.708395,7.784236,-10.120460,2.711853
resume_0613,5.259772,4.811544,2.372575,8.845589,-5.267454,-5.975199,5.906860,-6.605804,3.309839,0.662650,-1.140868,-2.218090,0.908424,8.077064,-5.440002,0.523774,-4.926673,-7.739591,-9.151960,-7.704827,-4.159981,4.158266,-8.904200,5.609824
resume_0614,-7.278497,8.536352,-3.278744,6.290125,-1.926227,-3.400187,8.240894,-2.988905,0.222340,8.842995,11.082248,1.607637,7.765467,6.234864,-8.177578,-7.675655,1.073540,2.925421,6.869473,-8.105211,-4.243838,3.413169,4.222206,-0.924111
resume_0615,-8.164470,-8.724873,8.298123,2.404092,-7.683100,3.568142,-5.551589,-5.384878,1.129684,-2.215460,-3.071033,3.945621,-2.235214,4.960643,3.625469,-6.257593,-1.850119,4.465756,1.910474,0.713079,9.800056,7.746115,0.510044,8.675950
resume_0616,5.492084,-3.120255,3.940478,2.987379,-1.439090,3.343904,-8.621543,5.401742,-8.279731,-4.134552,0.888379,-8.185692,-7.062301,5.620007,0.473248,-7.219074,1.249169,5.374345,-6.351405,7.915667,-9.488172,-0.389581,1.245521,7.821945
resume_0617,-7.258430,-8.149963,8.113837,1.734342,-7.007532,3.851541,-6.896356,-6.161642,0.897364,-2.269471,-3.322603,5.018227,-1.274996,4.429351,3.435870,-5.451545,-1.206397,2.122361,1.688791,-0.993504,9.331282,7.059285,-1.095289,7.744592
resume_0618,-6.620121,-1.497203,4.771667,-8.146418,-6.575353,1.426579,1.166605,-0.221255,5.363752,2.700952,-0.508981,1.774429,-7.434169,-8.969363,8.566597,-0.594000,2.282447,-6.312762,-1.964225,-3.399624,-5.352978,-10.745916,7.814665,7.018467
resume_0619,-8.267545,-8.927568,7.772414,2.401029,-7.047948,3.046637,-6.210828,-6.459187,1.408666,-3.550357,-3.514534,5.080984,-1.710147,3.459869,3.024333,-5.519145,-0.370372,2.522114,2.197377,-0.052127,8.806730,6.728190,-0.133043,8.681354
resume_0620,5.826540,-3.271579,5.282700,3.036435,-1.304606,2.114896,-6.827971,6.309654,-8.408591,-4.951823,0.407823,-7.213895,-6.906250,5.026036,-0.190138,-8.313543,0.696348,4.380122,-5.558553,6.635874,-9.930462,-1.127812,2.438995,8.564628
resume_0621,5.741077,-3.749704,5.144984,2.553324,-0.837234,2.536955,-7.165465,6.632335,-8.016658,-5.436062,0.955790,-5.610900,-6.424091,4.681663,-0.830034,-8.241116,1.224499,4.289217,-5.810217,6.873907,-8.950321,-1.035208,1.022658,7.846386
resume_0622,4.376001,4.666521,0.774175,8.648483,-5.104832,-6.133715,6.392873,-7.332717,4.439597,1.723629,-0.998192,-1.617768,0.054889,7.229837,-5.613980,1.013542,-5.146866,-7.610817,-10.104146,-7.066488,-3.873872,4.923329,-7.915340,7.534133
resume_0623,8.361226,7.151714,8.633887,-8.425604,0.368568,7.058112,2.585426,-6.897191,2.070299,8.258705,9.067828,-8.172429,0.836413,-3.848982,-5.061766,1.239565,-6.774283,8.019203,5.400811,-3.590638,-7.127961,-3.877243,1.437368,4.585647
resume_0624,-1.293192,7.207755,-8.076921,-1.479986,-3.659752,-1.376069,7.434724,-2.097191,-7.786158,3.062841,1.569430,-2.795940,6.160260,-0.950521,-2.427691,7.627393,-2.830584,5.939330,2.028555,0.844563,9.961574,8.241683,-9.750878,1.857227
resume_0625,-8.518583,-1.192479,4.295461,-7.878042,-7.307388,1.189361,-0.313876,0.371785,6.090332,3.577187,0.208031,2.491848,-7.826269,-7.334210,7.943046,-0.280293,2.193233,-6.098934,-1.633023,-3.497303,-4.871445,-9.688156,7.413876,6.961229
resume_0626,9.678220,6.920248,8.569775,-8.563014,-0.291075,6.690498,2.628546,-6.221469,0.242468,7.259326,9.633710,-7.561004,0.213404,-3.506157,-5.187836,1.632564,-6.265263,8.539086,5.345009,-2.385260,-5.942277,-3.801773,1.684748,5.063505
resume_0627,9.630901,5.668474,-5.805728,9.152745,-2.672899,8.584910,-5.249823,-3.377698,7.791360,-7.187319,-0.680950,-3.043250,7.429764,-8.201470,-7.602608,0.202592,5.858699,-7.300430,1.140953,-3.314492,5.269432,-1.002752,-3.795011,-0.962337
resume_0628,6.469969,-3.657618,4.543399,4.310552,-1.253876,2.097114,-6.866938,6.612413,-8.387299,-5.345569,1.013701,-6.980882,-6.176583,5.399246,-0.782915,-8.071324,1.012287,4.038881,-5.523206,7.331275,-9.227037,-0.888521,3.087228,7.701419
resume_0629,5.841318,-2.211744,4.371369,3.802835,-2.186866,3.116825,-6.440435,5.294222,-9.905189,-4.875282,0.688195,-6.639059,-5.944817,5.053317,-1.137029,-8.392907,1.075142,4.102167,-6.947285,7.000945,-8.670378,0.268375,1.516107,8.298037
resume_0630,8.761746,6.584597,8.430978,-9.028257,0.179174,7.030758,1.252400,-6.385557,2.401885,8.150026,9.192356,-7.717885,0.709313,-3.009222,-5.461706,3.138796,-6.706731,8.575738,5.331425,-3.495597,-5.718270,-3.611595,2.599864,5.632919
resume_0631,-8.051497,-7.815834,9.076547,1.653026,-7.247698,3.518793,-6.847359,-6.556146,0.151147,-2.449922,-3.420082,5.147190,-1.540032,3.965345,3.372517,-6.003191,-0.792327,3.405667,2.472039,-1.637050,9.602403,6.646881,-0.153754,8.202998
resume_0632,-8.031086,0.048028,4.762262,-7.946055,-6.874844,1.342948,0.274393,-0.074857,5.453600,2.801604,0.694528,1.424457,-7.819408,-6.998352,9.618884,-0.025256,1.688371,-5.158217,-3.309095,-4.003405,-4.947224,-9.997979,5.820980,7.293727
resume_0633,-7.587317,-8.809512,8.238519,2.918247,-7.088091,3.668937,-7.730501,-4.908096,2.124762,-3.842208,-2.838519,4.939152,-2.042427,5.229569,4.018955,-6.999107,-0.901180,3.044375,2.436520,-0.866260,10.570917,7.662358,-0.650256,7.516223
resume_0634,-6.743461,0.203634,5.046459,-8.012047,-8.475707,1.965104,-0.640008,0.511506,3.732009,2.978380,-0.536420,1.763424,-7.706833,-7.994339,8.363018,-0.030992,2.302928,-4.323845,-2.095307,-5.109488,-5.192823,-8.832548,5.896855,7.019066
resume_0635,6.243809,-3.191960,2.888406,3.253657,-2.682974,2.485263,-7.401296,4.924653,-7.688635,-3.776493,2.004985,-6.984569,-7.042127,5.143099,0.199591,-7.603349,0.860408,4.879211,-5.488843,6.017853,-9.004406,-0.653427,1.866185,7.235822
resume_0636,-1.054866,8.502862,-6.315884,-0.861582,-2.157095,-1.762826,8.924187,-1.758927,-8.670213,2.163325,2.345351,-2.583379,6.200934,0.448742,-2.379720,7.437311,-2.404817,6.301925,2.393205,-0.098536,9.796509,9.817007,-9.180550,2.385659
resume_0637,-9.067492,9.072678,-2.398897,6.295143,-2.056875,-2.647112,5.420127,-3.753143,-0.334320,8.193991,10.562023,2.462440,9.191700,7.725581,-7.235190,-8.235552,1.071786,3.958730,7.173533,-8.821411,-4.913808,2.953066,4.377346,0.450159
resume_0638,8.760725,7.028366,8.380638,-7.942450,-0.755737,7.768647,1.841703,-6.515130,2.525522,6.905178,9.194644,-8.984154,-0.041726,-4.088730,-4.606587,1.561006,-7.582195,8.378784,7.154266,-2.378420,-6.448504,-4.725185,2.007758,5.607657
resume_0639,5.334568,4.452156,2.087804,9.212273,-4.265802,-7.140381,6.596685,-7.328194,2.769152,0.804717,-2.797555,-1.206409,1.484397,7.377151,-6.283999,0.641985,-6.085312,-7.348779,-10.325857,-7.049446,-3.678636,4.662836,-7.708428,6.310138
resume_0640,9.351762,7.494059,7.437521,-7.577858,-0.485969,7.124059,1.538622,-6.238622,2.375190,7.513059,9.650158,-8.723261,0.954955,-2.178000,-4.707659,1.285436,-7.980771,7.959923,5.367444,-2.068579,-7.581109,-4.953795,2.181590,5.043410
resume_0641,7.779506,7.484796,8.441983,-8.492268,-0.719714,6.883191,1.248496,-6.745508,0.861780,8.435150,8.371811,-7.930009,0.567927,-3.663857,-4.865160,1.458677,-7.381176,7.967337,5.762689,-2.522535,-5.326631,-5.665251,2.218532,5.272118
resume_0642,-1.422946,7.041752,-8.228111,-0.848365,-1.847825,-1.381539,8.288194,-1.384804,-7.750789,1.885667,3.256314,-1.475347,5.439802,-0.145061,-1.189020,7.425232,-1.451564,5.402695,1.577558,1.229593,9.726462,9.667390,-9.146801,1.993713
resume_0643,10.259985,8.262232,-5.803593,10.286512,-2.276842,8.566291,-4.908341,-4.398041,9.669519,-6.720707,-0.336255,-3.615246,6.730090,-7.713913,-8.039590,0.015322,5.655231,-7.101404,2.867689,-1.856472,4.528582,-0.831332,-5.127234,0.979588
resume_0644,5.989737,4.955388,1.498552,8.346615,-5.106595,-6.027615,5.807367,-7.123186,3.314722,1.396489,-2.428706,-1.805134,1.052615,7.235269,-5.998121,-0.370783,-5.394024,-9.273099,-9.351993,-6.793888,-2.715337,3.366627,-7.834679,6.567804
resume_0645,-8.547174,-8.544061,8.312346,1.539927,-7.946688,4.109093,-6.064522,-5.725690,2.276170,-2.835933,-2.877143,4.143003,-1.384111,3.378097,3.153062,-5.483247,-1.392277,4.205609,2.001717,-0.662073,8.863620,6.169830,0.114886,8.883349
resume_0646,8.375174,7.026353,8.666260,-7.396369,-1.776484,6.136810,2.270143,-5.946897,1.612908,8.298501,9.055881,-7.739007,0.428159,-3.605838,-5.511403,2.142926,-7.124006,9.390174,4.612834,-3.892864,-7.779188,-4.025285,1.683807,6.360504
resume_0647,-6.551874,7.988829,-3.124639,6.799377,-2.389869,-3.780203,6.821470,-3.623877,0.475809,8.900315,11.123891,1.894887,7.948733,7.902740,-7.319826,-8.093999,0.732990,2.730148,8.210890,-7.747350,-4.925891,2.362191,4.590875,-1.014045
resume_0648,9.243295,7.185846,-6.723228,9.952633,-0.576003,8.239252,-4.353487,-4.594057,9.280301,-7.564795,-0.467733,-3.307763,6.497677,-9.774229,-7.899058,-0.297509,5.257692,-6.684962,2.253388,-2.281848,2.961631,0.012287,-4.268474,0.389282
resume_0649,-2.898253,6.911239,-7.661754,-0.626754,-3.382717,-2.175330,9.331950,-1.548361,-8.742724,2.859325,2.374715,-3.432701,5.611031,-0.647314,-1.211448,8.130534,-1.245557,4.813951,1.526666,0.418288,9.644556,8.952101,-9.628025,2.526364
resume_0650,5.336910,3.401066,1.443585,8.982393,-4.307677,-5.894862,5.424767,-6.374676,2.502330,2.046667,-1.241193,-2.447502,1.960123,7.717080,-6.216666,0.257317,-4.845163,-7.688455,-9.612297,-8.540307,-3.350365,3.583141,-7.040061,6.581935
resume_0651,-7.356400,8.995655,-2.674941,5.933832,-2.437058,-3.495869,6.079979,-4.286216,1.043655,7.531633,10.033050,2.240017,8.847359,6.180948,-7.814604,-9.130831,0.316132,3.815718,7.673468,-8.219542,-5.764452,3.092021,4.489676,-0.462337
resume_0652,5.586589,-3.470852,4.144923,2.970667,-1.978571,3.211016,-7.607790,6.228708,-9.948989,-4.844688,0.988240,-7.078640,-6.638435,5.676053,0.369322,-7.313891,0.920467,4.884318,-5.656659,7.872866,-9.966692,-1.687452,1.810284,8.311100
resume_0653,10.466545,6.471983,-6.183246,9.820708,-1.463408,7.329734,-6.160924,-3.638121,9.269298,-7.287503,-0.067812,-2.491174,7.719832,-7.508222,-7.213397,-0.421556,4.969108,-8.071372,1.917262,-1.232882,4.661649,-1.227057,-4.837804,0.110350
resume_0654,9.344043,7.047910,-4.726118,8.849997,-2.263575,9.464249,-4.248332,-2.458950,9.224572,-6.488346,-0.097046,-1.051377,7.395648,-7.891101,-8.193885,-0.351265,4.334183,-8.237188,2.165124,-2.392988,5.568601,-0.948480,-4.485134,-0.007390
resume_0655,-1.645478,8.210294,-8.857742,-1.761469,-2.702641,-2.410000,7.697801,-1.930799,-7.482378,2.134847,1.889932,-3.159704,4.569764,-0.174511,-2.274331,7.510854,-2.825763,5.561247,2.054315,0.561135,10.099731,9.507387,-8.302067,2.538428
resume_0656,-7.592839,-8.188665,7.869908,1.746799,-7.661430,2.773587,-6.223336,-6.057420,0.682882,-2.887436,-2.448057,5.293868,-1.227393,4.490530,3.864432,-6.150826,-1.493608,3.684753,1.439133,-1.202637,10.258815,7.293319,0.150537,8.195910
resume_0657,-7.808195,-9.613847,7.843350,2.833699,-7.816738,3.923056,-5.790796,-5.724903,0.387864,-3.663149,-2.934632,4.213326,-1.751402,3.918535,2.367221,-5.753313,0.364701,3.222601,2.640850,0.312255,9.514284,7.348407,-0.288701,7.847659
resume_0658,5.858817,-4.087275,4.260148,3.238517,-2.319835,1.808871,-7.147631,6.548271,-9.724780,-4.541669,1.348792,-7.464025,-6.772883,5.280597,-0.368348,-7.888737,0.699559,3.155215,-6.490574,7.198152,-9.287709,-0.872061,1.362211,7.907986
resume_0659,6.077674,-4.093394,4.460737,4.641823,-1.070192,1.636176,-7.251472,6.539634,-9.179772,-5.523661,1.106619,-6.892555,-7.003258,5.280953,0.774776,-8.535125,1.355716,4.196325,-6.377290,6.909400,-10.153330,-1.220969,1.790876,8.405592
resume_0660,-6.519347,-1.429695,5.162870,-7.535278,-7.648203,1.285456,-0.548216,-0.135672,6.520991,4.053596,0.220880,1.963050,-5.876848,-7.713963,9.418728,-0.142337,2.067048,-7.067308,-1.877843,-3.978592,-5.769764,-8.836179,6.243289,7.530710
resume_0661,5.813305,4.251457,1.978052,7.489805,-4.180587,-6.043907,7.073746,-7.466988,2.604097,1.569547,-2.231745,-1.173547,2.287072,8.527855,-5.513941,0.244378,-4.148888,-8.362356,-10.077221,-8.181632,-3.809518,4.074749,-8.340954,6.257561
resume_0662,6.561853,-3.708131,3.577994,4.507257,-1.838964,2.569211,-7.683850,5.772723,-8.869225,-4.030618,1.231319,-6.321767,-6.142351,5.804558,0.061751,-8.063146,0.034881,3.622881,-5.586131,7.103024,-9.163508,-0.611588,0.900356,8.522582
resume_0663,8.841916,6.655640,8.954496,-8.348214,-1.339000,7.189743,0.910372,-6.727542,1.521293,6.878873,8.624009,-8.000993,0.467508,-3.149064,-4.231805,0.974336,-6.562718,7.628967,5.742023,-2.613871,-6.853262,-4.478148,1.699998,4.559509
resume_0664,9.069705,6.746844,8.961013,-8.951989,-1.151209,6.604736,2.212834,-7.074376,2.536311,7.591121,9.430660,-7.011112,-0.986128,-4.769498,-5.651979,2.600171,-7.513056,7.701912,5.885242,-3.312933,-6.552747,-4.274527,1.137820,5.659054
resume_0665,8.341809,6.610738,8.101729,-8.217494,-0.818269,6.327079,2.092299,-7.399382,3.013560,7.314951,8.942362,-8.024966,-1.390305,-3.299998,-4.825943,1.573506,-6.367186,7.545557,5.472139,-2.768706,-7.605288,-6.573508,1.227989,5.575079
resume_0666,-7.524262,9.243744,-3.231588,6.639207,-2.077531,-2.642369,6.874118,-4.457730,0.650196,8.852166,10.476843,2.227796,7.716330,7.827239,-7.312673,-9.353589,0.346349,3.936058,7.128365,-8.726327,-5.072133,3.018504,4.450163,-0.363839
resume_0667,10.906663,7.175036,-5.715081,9.141685,-1.829415,9.443737,-6.061337,-3.278316,8.814788,-7.584158,0.045246,-2.392394,7.708962,-9.329822,-7.748235,-1.476556,4.544603,-7.709248,2.176438,-1.675745,4.532757,-2.348270,-4.868441,-0.277058
resume_0668,-7.096124,-9.744241,8.124402,3.166071,-7.633981,3.039632,-6.554507,-5.628194,1.915027,-3.156468,-3.581921,4.251143,-1.947372,3.517534,3.621239,-6.066355,-1.042368,3.637132,1.635521,-0.952406,9.521000,6.734113,0.358430,7.714511
resume_0669,5.974104,4.310713,1.909979,8.505180,-4.696944,-6.284553,4.597297,-7.145892,3.783087,0.822349,-1.276676,-1.514333,1.714370,9.032879,-6.242640,1.387213,-5.669946,-6.670215,-9.553828,-7.813975,-3.403791,4.165284,-8.373534,6.149573
resume_0670,-7.475969,-8.639810,9.154618,2.644314,-8.131017,2.616884,-8.139096,-4.687540,1.906462,-3.101012,-2.786468,4.664382,-0.846549,5.540530,3.393739,-5.793036,-1.575496,3.423294,1.723522,-0.024684,9.663358,7.815857,-1.672566,7.847390
resume_0671,-6.915967,-1.348062,5.566266,-8.417408,-8.461765,0.898859,-0.308943,-1.919562,5.930580,4.209085,0.510240,3.641741,-7.852292,-7.937085,8.623334,-0.584298,2.027300,-6.444201,-1.760259,-5.348629,-4.256892,-8.695967,6.665017,8.401261
resume_0672,5.838224,4.448435,0.328604,9.901837,-5.053069,-6.879225,5.571740,-6.399972,4.065742,1.443738,-1.944650,-1.670233,1.174747,7.671182,-5.716551,0.090969,-4.807671,-8.210218,-10.155021,-7.935102,-3.702447,4.968466,-7.119462,6.548911
resume_0673,6.006056,-4.262805,4.870556,3.264310,-1.193686,1.475561,-7.220492,5.570952,-8.578908,-3.355783,2.273374,-6.971399,-7.210727,5.263379,0.755269,-8.168473,0.239581,4.608333,-4.812431,6.269697,-9.531943,-1.816080,0.890621,7.660391
resume_0674,-7.914528,-0.679136,4.913969,-7.650677,-7.861971,1.353130,-1.584181,-0.765806,5.092022,3.842601,0.182459,1.191144,-7.938044,-8.055705,8.404709,-0.255104,2.917891,-5.438609,-3.303374,-4.223197,-4.372912,-9.748603,6.824048,7.262503
resume_0675,10.745553,7.506697,-5.606063,9.584803,-2.101762,9.815028,-5.617166,-4.206324,10.056258,-7.256005,0.737217,-3.079553,7.306894,-7.047671,-7.992551,1.015829,4.253977,-6.863711,2.245439,-1.287007,4.784278,-0.659589,-5.157048,-0.790359
resume_0676,7.699507,6.919191,6.928779,-8.808613,-0.455786,7.153328,1.817539,-6.217041,1.562561,8.234721,9.657917,-8.653159,-1.676642,-3.100204,-4.449006,1.314688,-6.294767,7.361286,5.232563,-2.980751,-5.899024,-4.729234,2.214390,5.185758
resume_0677,7.952441,6.939203,8.965480,-9.097440,-0.724624,7.410842,1.338985,-4.837750,1.282743,7.641130,8.876677,-7.888551,0.213682,-2.783793,-4.201440,2.210434,-6.483522,6.969502,5.572867,-2.771605,-6.275869,-5.149791,1.194857,5.091436
resume_0678,8.899031,8.026931,7.608571,-8.332754,-0.184063,6.812193,0.086129,-6.246565,1.901939,7.720596,9.193308,-8.902012,0.255885,-3.163192,-4.870468,2.073330,-7.774773,8.097496,6.508076,-3.137163,-6.596601,-4.380514,2.075949,5.996279
resume_0679,5.566365,-3.374317,4.245680,2.746040,-1.791604,2.053065,-6.962842,5.978428,-9.147721,-4.557943,2.166729,-6.841569,-7.385135,5.403674,0.758437,-8.085362,0.280010,5.043199,-6.441640,6.003109,-10.935345,-1.245820,1.809390,6.908036
resume_0680,5.898019,-2.967724,3.675729,3.203410,-2.204199,2.864932,-5.724404,6.301340,-9.670188,-4.706147,1.118650,-7.201858,-6.727989,5.568274,0.799755,-6.772280,0.639240,4.475206,-5.706039,6.372014,-9.407065,-1.435947,1.089834,7.682083
resume_0681,-8.638577,7.985605,-3.605262,6.121232,-2.624562,-4.429849,6.500940,-3.717669,0.716997,8.103954,9.604750,1.888806,7.766850,7.491151,-7.049294,-8.625071,0.811924,3.222946,6.755981,-7.631876,-4.989872,2.438288,5.213011,0.338433
resume_0682,-2.456467,7.675157,-8.036269,-0.720824,-2.023179,-1.658738,9.188699,-2.205837,-7.848512,2.942433,2.194272,-2.990911,5.937684,0.442195,-1.962279,8.380485,-1.523284,6.535061,3.197550,0.121630,8.788971,8.816928,-9.435954,1.682675
resume_0683,8.457310,7.414457,8.422214,-7.423794,-1.432427,6.807500,1.394943,-6.466103,1.312687,6.879676,10.244734,-6.800337,-0.970589,-2.807567,-4.397703,2.382012,-6.510029,8.545567,5.618250,-2.690551,-6.711406,-4.489072,2.246596,5.243734
resume_0684,7.120201,-3.520455,4.674246,3.282357,-2.267686,1.732331,-7.559677,6.583976,-9.844111,-4.553345,0.830114,-7.663982,-7.546167,4.835604,0.061191,-7.651896,0.795586,3.196664,-6.522741,6.811627,-8.758347,-1.096355,1.695559,8.501672
resume_0685,5.036728,5.785905,2.285720,7.607360,-3.931498,-6.146779,6.542963,-7.125426,2.910805,1.054765,-2.704738,-2.766219,0.051306,7.259012,-5.947121,0.894083,-4.506715,-8.645226,-9.509763,-7.859236,-3.355004,4.580240,-9.535146,6.587842
resume_0686,9.142820,7.206329,8.506952,-7.162189,-1.743004,5.722992,1.458868,-7.136834,2.172389,9.336516,8.810886,-8.254817,1.174125,-3.794583,-5.143637,1.378825,-5.906968,6.811257,5.651929,-2.595934,-5.836010,-5.783716,1.698427,5.816223
resume_0687,6.003265,4.566940,2.196478,8.078948,-4.452369,-6.010103,7.254936,-5.855116,4.282354,1.688096,-3.786782,-2.651510,1.735523,8.454906,-7.047319,-1.035627,-5.794973,-9.172962,-9.583294,-7.963053,-3.388043,5.230986,-7.174906,5.903995
resume_0688,5.515492,-3.711762,4.419120,3.908323,-1.634784,2.309449,-7.760758,5.999622,-8.753368,-4.872006,1.919532,-7.045700,-5.862656,4.841211,-0.094568,-8.772203,0.953496,4.193048,-5.404180,6.924682,-10.264565,-0.711921,1.518771,7.557158
resume_0689,-2.595539,8.057487,-8.342493,-1.732529,-2.603280,-1.003697,8.212935,-1.581908,-7.614910,2.699895,0.783655,-1.827031,6.048147,-0.335307,-1.337947,6.936176,-2.362758,5.405258,1.671772,0.265800,9.026257,8.875196,-9.225634,2.637625
resume_0690,-2.712235,6.986067,-8.275112,-1.088838,-1.468805,-1.298889,7.346348,-1.123832,-8.470164,2.639616,1.423560,-2.412413,6.431751,0.480809,-2.369335,8.391715,-1.697476,5.725407,3.231843,1.253454,9.311993,8.976050,-9.793385,1.337320
resume_0691,6.631450,-3.176857,4.508455,3.400791,-2.432076,2.058175,-7.125007,5.322149,-9.604900,-5.014010,0.772479,-7.591155,-6.119062,5.768739,-0.707954,-7.552313,0.568905,3.711455,-6.455438,7.521526,-9.792001,-0.554856,2.074098,8.513962
resume_0692,5.083001,-3.064933,4.215741,2.626174,-2.708469,1.550464,-6.815809,6.402506,-9.430985,-4.154067,0.848744,-6.476192,-7.380797,6.271467,-0.191228,-7.449990,0.745935,3.806538,-5.664216,5.167053,-8.891395,-0.799316,1.102819,7.963521
resume_0693,9.658684,7.626389,-5.751860,10.515090,-0.189343,8.924960,-5.313078,-3.945879,9.523610,-7.291440,-0.248079,-2.466308,6.269183,-9.137672,-7.364429,1.575710,5.922279,-7.405657,1.274718,-3.319834,4.811619,-1.063035,-3.862217,0.194694
resume_0694,7.903577,7.048538,8.828015,-7.782771,-1.066375,7.449078,1.614879,-5.846359,2.242528,7.142229,9.363404,-8.761351,0.349211,-3.517045,-4.514362,2.759142,-7.334789,6.827723,5.211332,-1.062282,-7.302539,-5.225425,2.512101,6.208280
resume_0695,-7.618428,-7.250236,8.670352,2.587525,-8.697707,2.973931,-7.102317,-5.195100,0.746865,-3.557152,-2.205012,4.274089,-2.564378,4.492590,2.825398,-4.685603,-0.337802,3.650517,2.351015,-0.468073,10.286316,6.906944,-0.054607,7.746343
resume_0696,5.935398,4.723823,1.727109,9.035816,-3.904486,-5.537744,5.779427,-6.704355,2.803254,2.054628,-1.187386,-2.723117,1.473138,7.833110,-5.971999,-0.482469,-4.374157,-7.432500,-10.652684,-7.499500,-3.303781,5.979334,-7.415023,6.730472
resume_0697,-6.286448,8.123060,-2.396062,6.651028,-1.990791,-3.154651,5.499042,-3.877787,0.842447,8.825199,10.273435,2.552320,7.773326,6.189966,-7.162225,-8.050950,-0.550332,3.394520,7.361954,-7.602904,-5.263295,3.574052,4.618669,-0.190085
resume_0698,-1.531838,6.986728,-7.116988,-0.553114,-3.229126,-0.904693,7.374004,-1.853102,-7.594375,2.573459,2.608613,-2.866137,5.746048,-0.187511,-0.919562,8.732662,-2.272946,5.153369,1.218490,0.258705,10.119827,9.442096,-9.059896,3.037447
resume_0699,9.360009,8.274531,8.406293,-8.351071,-1.243003,6.891269,1.643153,-6.711605,1.172536,8.020857,8.513619,-8.192152,-0.338783,-2.898030,-4.030983,2.131099,-6.954053,8.224494,6.211032,-2.226672,-6.388832,-4.271355,2.010433,5.922012
resume_0700,8.604071,7.664205,-6.463053,9.351897,-1.471989,9.701698,-6.066720,-4.902734,8.625146,-6.394401,0.587988,-2.685762,8.648516,-9.212178,-7.695270,0.636456,5.164746,-7.247285,1.889254,-1.619100,4.786722,-0.537216,-4.563867,0.481719
resume_0701,8.848072,7.103543,8.608487,-7.582341,-0.230126,6.808597,1.450848,-6.491769,0.755060,7.649199,8.989278,-7.784203,1.041811,-4.457852,-4.831294,2.267162,-7.339047,7.644652,4.956012,-2.543723,-6.998829,-3.824076,1.789729,5.333768
resume_0702,9.689988,8.309305,6.953683,-8.169810,-0.933166,7.159005,1.383086,-5.067824,1.025299,7.750111,9.189304,-8.236148,-0.032862,-3.097060,-5.754189,1.258991,-7.718327,7.952847,5.300085,-2.009258,-6.282543,-4.962749,0.793756,5.289934
resume_0703,-1.433134,7.323752,-8.042569,-1.496398,-2.211343,-0.789762,8.004142,-2.196240,-8.459496,2.420265,1.676369,-2.033002,5.245057,-0.646109,-2.318462,7.705941,-2.007632,5.935024,4.244075,1.409684,9.854434,8.677586,-10.751729,1.276159
resume_0704,-7.105926,8.997157,-2.833736,7.597822,-2.672803,-3.536881,5.442113,-3.564721,0.023407,8.446931,9.774877,2.225814,7.547261,7.340975,-7.833600,-7.898964,1.294165,4.099318,7.378515,-7.917348,-5.813677,3.113759,3.961490,-1.298957
resume_0705,9.498828,7.738657,7.098528,-8.024310,-1.282411,6.743861,2.899158,-7.367491,1.334737,6.774734,9.180658,-8.252631,0.518037,-3.848563,-4.813298,2.477322,-7.169737,7.849403,4.948085,-3.035915,-5.566203,-4.902392,1.490130,5.757810
resume_0706,8.447595,7.337662,7.509995,-8.624314,-0.975229,6.757549,1.326063,-6.901505,2.259508,8.064529,8.682609,-8.495044,0.823643,-3.365147,-5.376956,1.254114,-7.457413,7.940926,5.836969,-3.437079,-7.043400,-4.887533,1.044786,5.540660
resume_0707,8.651785,6.439327,6.996942,-8.577111,-0.038532,7.319903,1.694365,-6.034006,2.106502,7.420173,9.141393,-8.632744,0.136308,-3.032645,-5.702769,2.212396,-5.730774,7.873859,5.545783,-1.982075,-7.272619,-4.787576,1.697100,5.545399
resume_0708,-8.090944,-9.687220,7.794140,2.534699,-7.968463,3.977572,-5.860862,-5.780470,1.105044,-3.077354,-3.377681,4.980250,-1.297106,5.418597,3.569923,-4.222937,-1.083202,2.764740,2.457606,-0.928004,9.895293,6.983895,-0.442763,8.028850
resume_0709,-7.262116,-0.784724,5.110899,-7.508476,-7.950318,2.368705,-0.381016,-0.296490,4.372422,2.689318,0.341293,2.618912,-8.068363,-7.702139,8.144726,-1.615580,2.374358,-4.651338,-2.079611,-4.289904,-5.824340,-9.490262,6.874569,8.045255
resume_0710,-7.576979,-9.859373,9.298918,3.033228,-7.436819,3.161498,-6.826915,-5.691655,1.146827,-2.917205,-3.933945,4.843306,-1.087229,4.522683,3.542089,-6.313771,0.287230,2.529435,1.448840,-0.776714,10.866355,7.652677,-1.020930,7.981203
resume_0711,10.217051,6.162680,-5.228283,9.827770,-2.259289,8.701152,-6.181482,-3.397290,9.236813,-6.318521,-0.233353,-2.778485,7.240267,-8.765958,-6.950749,-0.418997,5.052094,-8.604931,1.751646,-1.897920,5.341612,-0.706417,-5.273131,0.042677
resume_0712,-7.412037,-0.584623,4.509418,-8.055544,-7.381021,1.762508,-0.580451,-1.272657,4.256374,2.389536,0.266184,1.021997,-8.193292,-6.519678,7.777292,-0.307211,2.130607,-5.796352,-2.874372,-4.628837,-5.747157,-8.965312,7.212905,7.603436
resume_0713,8.967251,8.185249,8.382324,-8.315372,0.173698,7.823179,1.602164,-7.998679,1.505924,8.003628,8.861436,-7.179604,0.309746,-3.088287,-4.841729,2.871772,-6.346162,8.473947,4.404064,-4.246096,-6.235991,-4.467538,1.498095,6.150668
resume_0714,-7.728985,8.827368,-3.722974,6.689879,-2.451349,-3.042084,6.358562,-4.263284,-0.024426,8.629366,9.289562,3.382247,8.833012,6.026115,-6.653543,-8.930215,0.324393,1.943035,7.506255,-7.415290,-4.583283,3.422563,3.098448,-0.405782
resume_0715,-7.175368,8.641608,-2.527028,5.701650,-2.675909,-2.773698,6.709465,-3.578969,1.536065,8.333649,9.851417,1.642742,7.952990,7.165160,-7.551612,-8.187487,0.573598,2.930533,8.045113,-8.867181,-4.563571,2.876412,4.471828,-0.079048
resume_0716,-7.040512,8.400286,-2.970368,6.105080,-2.408640,-3.823910,5.722947,-3.912156,-0.159818,7.452270,10.334656,2.412480,7.719661,6.588638,-7.413531,-7.801372,0.579558,3.768825,7.029672,-9.063279,-5.707620,2.988175,4.116877,0.052414
resume_0717,-1.950673,6.312983,-7.796488,-0.375311,-2.655995,-1.243685,7.431139,-2.347153,-7.105585,1.741432,2.191231,-2.373797,6.220702,-0.557661,-2.145056,7.522203,-2.685850,5.589439,3.909455,-0.425199,9.912452,8.554003,-8.733234,2.230079
resume_0718,-7.842831,-0.579058,4.161209,-6.626440,-7.699223,1.278159,-0.764115,-0.749531,5.168983,2.983230,-0.581777,3.236125,-6.953943,-7.235157,9.022647,0.222537,1.535719,-6.878512,-2.821711,-3.380236,-5.035796,-8.385002,7.056069,7.629491
resume_0719,-1.007676,7.685544,-8.271847,-0.655021,-2.417430,-0.973294,6.915775,-1.219768,-7.754296,2.824677,3.023052,-2.759277,5.129995,-0.489430,-0.675470,7.628836,-1.444231,6.656559,2.019180,0.436195,10.301806,8.312716,-9.294503,2.402997
resume_0720,-7.272068,8.155137,-4.187559,6.749446,-1.930611,-4.429426,6.948006,-4.060634,1.298507,8.265140,10.529094,2.729929,8.988995,7.169837,-7.454150,-8.440534,1.014670,4.398443,7.425632,-8.098269,-5.434042,1.635704,4.333037,0.044260
resume_0721,11.069835,7.246297,-4.839369,9.295159,-1.194261,8.635036,-5.088808,-4.421179,9.804419,-7.930381,-0.621252,-1.719658,6.371030,-7.791487,-6.649560,0.394524,4.304644,-6.548282,2.963256,-2.182976,4.623593,-1.888584,-4.084281,0.213135
resume_0722,5.748368,4.283529,1.227948,9.194168,-5.481971,-5.315084,7.080051,-6.672979,3.116695,0.906772,-1.810358,-1.343532,2.103032,6.933132,-6.024590,0.897367,-5.429049,-8.657764,-9.510194,-7.881642,-3.483052,4.847643,-7.547498,7.670908
resume_0723,-8.176894,-7.222438,8.682828,2.274381,-8.049173,2.790070,-7.557778,-6.082801,1.015317,-3.592243,-2.395909,4.181201,-1.827247,4.129550,3.563081,-7.602686,-1.063739,4.187554,1.646231,-0.823540,9.855210,7.748332,0.009702,6.919154
resume_0724,6.375183,4.236119,1.540602,8.274612,-4.190828,-6.643207,6.870941,-6.666955,3.063889,2.609882,-2.262632,-2.985555,1.380335,7.297042,-7.156546,-0.428623,-4.501383,-7.772802,-8.909024,-7.873258,-4.128378,4.597798,-7.460081,7.862049
resume_0725,6.362639,-4.073533,3.925309,2.824792,-1.854646,2.127210,-7.405452,6.416130,-8.459030,-5.095243,0.973437,-6.054145,-7.363944,5.381025,-0.090305,-8.091706,0.427287,4.842326,-5.661772,7.246233,-8.863851,-1.430165,0.878449,7.848604
resume_0726,5.983368,4.861790,2.156606,9.091100,-4.477402,-6.027856,5.729654,-6.679711,3.640028,1.055430,-2.492342,-1.572250,1.132133,7.305815,-5.737599,0.292343,-5.609805,-7.336841,-10.384596,-7.553132,-3.211267,3.855995,-7.408886,7.030385
resume_0727,-7.878084,-0.976851,4.717249,-7.710111,-8.334032,1.733593,-0.886220,-1.105225,5.269308,3.302971,1.455041,1.086448,-8.486871,-8.813800,7.640452,0.309077,1.181272,-6.188688,-2.568047,-3.718403,-5.283335,-9.094014,6.989926,7.571258
resume_0728,6.001656,-4.008411,3.597812,3.159485,-1.407812,2.776208,-6.822384,5.770864,-9.062306,-4.718392,1.629828,-7.091769,-5.517677,6.694009,0.203755,-7.990765,1.394535,4.777143,-6.404844,6.295006,-8.723355,-0.938422,1.391837,8.648054
resume_0729,-2.304921,7.209534,-6.713028,-1.726523,-2.227796,-2.247837,9.383198,-2.385577,-7.024695,2.541831,2.959582,-1.610186,6.048338,-1.110427,-2.890864,7.651364,-2.861199,5.312366,3.225101,0.689505,9.131974,9.806138,-9.951518,2.701295
resume_0730,5.807395,-3.977949,4.011247,2.906622,-1.855596,1.867348,-7.332817,6.845119,-9.364503,-5.236086,1.783499,-6.708433,-6.869730,4.313873,-0.754906,-8.763281,0.668382,4.520352,-5.837604,6.382848,-8.955430,-0.854514,1.786930,8.449880
resume_0731,-7.145296,8.870112,-2.123410,6.601947,-1.406808,-3.499481,6.714078,-4.422268,0.914758,8.236182,8.909610,2.079700,7.248098,7.380442,-7.272338,-8.692473,1.270776,3.755889,6.966443,-7.513647,-3.442154,3.215586,4.315915,0.009857
resume_0732,9.841373,7.293735,-5.686181,9.538428,-2.363109,8.286821,-5.653248,-4.000243,8.805204,-6.485017,-0.143463,-3.199431,7.778086,-8.377449,-8.505125,-0.680672,5.269123,-6.738020,1.971610,-2.125606,4.147759,-1.172484,-4.399483,0.175241
resume_0733,8.991721,6.834534,7.617061,-8.115996,0.017459,7.688678,2.794133,-6.516131,1.398760,7.948152,9.069973,-7.928124,0.062708,-3.474527,-3.411835,2.123954,-6.319482,7.216701,4.814549,-3.725095,-5.545347,-4.627668,1.662584,5.220604
resume_0734,-1.943195,7.788015,-7.132391,-0.862714,-1.415645,-0.802570,8.973226,-1.310679,-7.996329,2.528701,2.542138,-1.901445,6.228925,-1.524630,-2.095167,8.331810,-1.987700,5.772539,2.530584,-0.024724,8.980587,8.686679,-9.750225,2.885322
resume_0735,9.849317,6.475730,-5.109248,9.341382,-2.919940,9.933772,-6.395426,-4.172879,9.497769,-7.417593,1.677020,-2.916574,7.309164,-7.963059,-7.687701,-0.353672,4.767058,-7.425063,2.304756,-1.202190,4.208173,-1.956205,-4.950733,0.818380
resume_0736,6.664089,-3.935740,4.905824,2.766603,-1.729382,1.750562,-6.069314,6.784184,-9.982212,-5.215740,1.059674,-6.872364,-7.293762,4.732408,0.450331,-7.762681,1.513718,4.952186,-6.263737,5.897133,-9.841470,-1.272216,1.395415,8.536133
resume_0737,-8.823472,-9.246943,8.617782,0.857185,-7.437054,2.923961,-6.897721,-6.134508,2.318985,-3.761870,-3.634744,4.153852,-1.187781,5.414866,2.707365,-5.926683,-0.103023,3.818500,2.102571,-0.573283,10.993559,7.641543,0.180427,7.576239
resume_0738,9.561627,7.217166,-6.322189,9.250539,-1.424441,8.486958,-6.707183,-3.954399,9.213865,-6.740207,1.100159,-2.851695,6.875787,-7.769756,-8.891771,-0.479592,4.886615,-6.814121,1.113873,-1.257145,4.749875,-0.944338,-3.973401,0.357829
resume_0739,9.320948,7.070264,8.028501,-8.067440,-0.366658,7.165347,1.222796,-5.987096,0.717588,7.961585,9.741883,-8.058506,0.261776,-3.614180,-5.693023,1.427019,-7.124256,8.678561,5.891080,-3.497098,-8.049264,-4.816676,1.501228,5.028776
resume_0740,8.794465,6.642212,7.755214,-7.701544,-1.358459,6.759832,2.330642,-6.048548,1.754096,7.011053,8.916428,-8.350966,0.037369,-3.236062,-6.358622,2.446785,-7.548397,8.214109,6.301497,-2.938814,-6.242552,-4.247159,1.662009,5.974613
resume_0741,-8.314678,8.411607,-2.351367,6.026848,-3.423875,-1.559368,7.841078,-2.995475,-0.438034,8.152284,10.829180,1.546729,7.989381,6.735711,-7.646303,-8.227605,-0.262179,3.863283,7.786090,-7.934370,-4.740400,3.803146,3.788177,-0.219748
resume_0742,-7.825978,9.228906,-2.511710,6.829842,-1.861811,-2.736027,7.191778,-3.568188,-0.095057,8.099345,9.115040,2.629052,7.537062,7.881187,-7.510311,-7.926803,0.002291,3.436412,6.784814,-7.541255,-4.897306,3.288971,4.123858,-0.220509
resume_0743,5.486504,-4.039164,4.422269,2.738970,-1.713913,2.373733,-7.149937,6.539739,-9.135470,-3.452153,0.734736,-7.344509,-6.781618,5.059575,-0.696731,-8.345291,1.361401,5.178598,-5.389892,8.209643,-10.769016,-1.291870,2.274044,8.672451
resume_0744,-6.683860,0.211589,3.862008,-7.318774,-9.620078,2.047463,-0.160295,-0.117641,5.128285,3.722432,0.201778,2.756929,-7.017387,-8.625622,8.435044,-0.577322,2.048471,-6.870700,-1.877370,-5.375523,-4.648400,-8.811158,6.251558,7.025064
resume_0745,-2.765071,8.581512,-7.954564,-1.975856,-1.952278,-0.368153,8.228839,-1.849584,-7.774777,3.730568,1.631509,-2.555367,6.632720,0.023518,-1.997433,8.317436,-2.449558,6.032891,2.305746,0.674536,9.402350,8.921023,-9.518960,2.923591
resume_0746,-7.562864,-0.735404,5.533599,-7.357970,-8.760011,2.505539,-0.279594,-0.809407,5.128347,3.787589,0.480846,2.419138,-7.122024,-9.041724,8.519767,-0.486583,2.567514,-5.235981,-2.892065,-3.763983,-5.052014,-10.558316,7.201432,7.454615
resume_0747,-8.036679,-1.515270,3.819371,-7.397967,-8.289059,0.682726,-0.617096,0.186948,5.448386,2.799979,0.451797,2.927223,-7.527810,-8.530162,8.509893,-0.761254,2.803683,-5.142638,-2.581102,-5.340792,-5.385282,-8.530831,6.030629,7.264722
resume_0748,-7.114672,-8.909333,8.751640,3.026654,-7.867483,3.051426,-7.184511,-5.544892,0.556806,-4.249718,-2.049501,3.219158,-1.748927,4.959278,2.922253,-5.524830,-0.505551,3.621677,3.395651,-0.576213,9.212690,7.631186,-0.906144,7.181207
resume_0749,-8.166453,8.580545,-2.457344,6.403369,-2.723024,-3.326640,6.629686,-3.655619,-0.143939,8.194062,9.011743,2.904419,8.415400,7.522076,-7.625558,-7.668287,-0.459173,4.221013,7.499788,-8.579872,-5.198289,2.932100,3.968712,-0.446430
resume_0750,-7.162731,8.638551,-3.496372,6.862184,-2.520539,-4.667931,7.237813,-3.341124,1.132870,8.077428,9.948527,2.076026,7.216450,6.734477,-7.773379,-8.093378,0.460389,3.008833,7.450832,-9.220367,-4.407318,2.231258,4.454993,-0.765103
resume_0751,-7.500254,8.946365,-3.186792,5.697656,-1.655433,-3.885337,4.955274,-5.269363,0.977455,8.666916,9.632099,2.482991,7.461855,7.032264,-7.192422,-9.588196,-0.512992,2.744462,7.930639,-8.758874,-5.548172,2.455833,4.503829,-1.188416
resume_0752,4.928820,5.334899,1.398399,8.351375,-4.997175,-6.093797,6.474224,-6.946126,2.972289,1.603266,-3.078064,-1.475686,1.290036,8.077856,-5.710579,0.466895,-5.430514,-7.736942,-9.528988,-7.858856,-4.662427,4.942241,-7.687949,6.115800
resume_0753,9.103724,6.638822,-5.060371,8.195199,-2.090551,7.439030,-5.266126,-4.187538,9.851744,-7.586031,-0.056138,-3.089569,6.710456,-8.414072,-8.084136,-0.017409,5.192978,-7.149207,1.994008,-2.314172,5.108642,-0.682414,-4.998833,-0.162227
resume_0754,-7.634885,8.759561,-2.267685,6.518484,-2.235844,-3.155670,6.071311,-3.894199,0.637812,8.719701,10.299547,2.679785,8.020508,6.044404,-7.604454,-8.723425,0.238462,3.440260,7.796068,-7.964529,-4.683885,3.270688,3.546363,0.902595
resume_0755,5.583404,5.073487,3.026885,8.833640,-4.818613,-5.691167,6.570510,-7.150183,3.827004,1.937471,-1.995489,-2.389319,1.516133,8.215515,-5.575607,0.938245,-4.423554,-7.115041,-9.993058,-7.628797,-2.849852,5.204441,-8.248326,6.504191
resume_0756,-1.432558,7.470320,-7.804354,-1.368495,-2.100327,-2.754042,8.310142,-1.663445,-8.216006,2.227498,2.047760,-2.466241,5.954606,-0.586723,-1.622583,7.831880,-2.253182,5.648821,2.311108,0.881442,9.515024,7.622778,-10.396547,3.493353
resume_0757,-2.762919,7.025922,-7.594170,-1.455289,-2.438902,-1.489591,8.201605,-2.042085,-8.014855,2.209435,2.320306,-2.276555,8.198625,-0.939799,-2.561748,8.318893,-2.578247,5.547642,2.064652,0.230994,9.259141,9.225145,-10.454203,2.164789
resume_0758,10.352104,6.173135,-6.728810,8.445044,-1.015301,8.527641,-5.731242,-4.072724,8.335656,-6.398524,-0.046756,-2.233308,8.795397,-8.878312,-8.256939,0.110609,5.150503,-6.738976,2.318682,-2.608096,4.952026,-1.934077,-5.023251,0.154721
resume_0759,-7.002516,8.987100,-3.997670,5.443427,-1.265592,-2.572015,6.865577,-4.461678,-0.080119,8.811184,10.330798,2.815987,7.773847,7.674755,-6.157589,-8.636488,0.053118,3.595452,6.984515,-8.732724,-6.151260,1.307664,5.085591,-0.041700
resume_0760,-6.398826,9.098533,-3.782454,5.550344,-2.500964,-2.454424,6.736418,-3.831595,1.352405,8.149503,9.558609,2.098993,8.072164,7.822505,-6.854019,-8.116610,-0.220826,3.576709,6.929244,-8.347019,-5.213349,2.708963,4.862413,-1.087874
resume_0761,6.225039,-3.326889,4.502368,3.070390,-2.050707,2.166311,-6.957053,5.193112,-9.446966,-4.672092,1.615762,-6.786511,-6.255656,5.189895,0.527600,-8.259445,0.660379,3.670277,-5.280111,7.510602,-10.125196,-0.547546,1.539109,7.651066
resume_0762,-7.593667,-9.376231,8.106018,2.844171,-8.057962,3.354522,-7.621740,-6.081825,2.069460,-2.769172,-2.785448,4.351205,-2.190824,5.762442,2.892842,-5.158824,-0.148820,2.944533,1.602044,-0.422806,10.793887,7.398821,-0.789536,8.312884
resume_0763,-7.067178,-8.776871,8.112336,3.266258,-7.033388,4.003912,-5.780037,-6.630685,1.074114,-3.266049,-1.672702,5.015899,-1.375874,4.401727,2.684113,-5.513856,-2.484881,3.290793,1.081263,-0.104396,7.870116,6.747379,0.595078,8.251558
resume_0764,9.084717,7.447600,7.757690,-7.260350,-0.264503,7.477136,2.000010,-5.845683,1.756625,8.276950,9.069342,-8.385142,0.441984,-3.720034,-4.756707,1.553180,-6.666615,7.001245,6.480562,-2.614103,-7.923031,-4.717723,1.416472,6.256702
resume_0765,-8.604595,-9.540579,8.042323,3.302328,-8.001545,3.198033,-6.765475,-5.664622,0.806719,-4.015571,-2.672477,5.371122,-2.841220,4.071919,3.744072,-6.176094,-0.291098,3.777352,1.166356,-0.351636,9.222924,6.974843,0.586423,7.532144
resume_0766,5.978513,3.783215,2.160866,8.033646,-4.372738,-5.641542,6.518055,-7.054217,3.450400,2.267844,-2.370212,-1.688228,0.658165,8.358272,-6.301068,-0.185376,-4.668182,-6.796561,-9.734131,-7.713663,-2.968108,4.947352,-7.061346,7.631458
resume_0767,9.044311,6.178548,8.391801,-7.709695,0.686015,7.502023,1.414331,-6.842610,1.413952,8.250847,9.442765,-8.383213,0.139855,-3.101131,-4.571625,2.014049,-6.340095,8.984781,5.076763,-3.542183,-6.890669,-4.428070,1.230489,5.547875
resume_0768,6.188505,-2.223275,4.314012,3.738806,-0.823575,1.193852,-7.078640,6.407538,-9.317123,-4.235439,1.655772,-8.159560,-6.281104,5.256405,0.556486,-8.490021,0.228901,4.166409,-6.380693,6.665588,-9.184092,-1.470955,2.365650,8.271160
resume_0769,-6.706625,-0.443098,4.375496,-8.465239,-8.388764,1.213762,-0.607436,-0.051147,5.320900,4.318209,0.135483,2.421041,-7.747069,-8.723690,8.314449,-1.297236,2.000504,-5.064412,-2.555043,-4.329311,-5.337477,-8.373312,6.460011,7.721433
resume_0770,6.020499,4.081287,1.548299,8.079894,-3.248189,-5.451612,6.397123,-6.981579,3.481616,0.886850,-2.670325,-1.586256,0.898487,7.683376,-6.711329,0.284291,-5.801196,-7.674243,-8.834204,-8.592600,-2.914903,5.293527,-7.626399,6.017409
resume_0771,-8.666691,-9.478010,9.403882,2.598270,-8.068287,2.362055,-6.704859,-6.235818,0.618691,-3.492008,-3.602701,5.186754,-1.208610,4.387304,3.929825,-6.047969,-0.326269,3.416630,1.397473,-0.771127,9.851580,8.297282,-0.505461,6.605816
resume_0772,-8.514600,-9.362176,8.335055,2.705686,-7.404500,3.609859,-7.021438,-6.825796,1.119481,-4.003347,-4.129597,4.685215,-0.503682,4.186757,2.254357,-5.300782,-0.209185,4.113789,1.344823,-1.268394,9.735549,6.250102,-1.641238,8.398492
resume_0773,5.587264,4.959736,2.135538,8.688598,-4.723667,-5.615472,6.344971,-6.704449,4.085719,0.796754,-1.385860,-2.357506,-0.185027,7.139349,-6.206054,0.802429,-4.435803,-7.803512,-9.613502,-7.733500,-3.359730,5.144377,-8.258578,6.361383
resume_0774,5.316221,5.572415,2.122234,7.752252,-4.699317,-6.278541,6.364406,-6.072906,1.998221,1.769522,-2.505337,-1.765144,0.899502,8.197622,-6.899340,0.191707,-5.462141,-8.886648,-9.632578,-7.443749,-3.334091,4.522731,-8.088011,6.485561
resume_0775,5.244856,5.504992,1.742025,8.128600,-4.347699,-4.690635,5.520108,-6.561815,3.698408,1.825714,-1.712288,-2.940610,1.603934,7.976353,-5.810246,0.243876,-6.683185,-7.598242,-9.748225,-7.295553,-4.550170,3.981389,-8.475163,6.534592
resume_0776,9.503574,7.153987,-5.934483,8.018991,-2.370529,9.741576,-5.929816,-2.338338,10.190856,-6.937171,0.444913,-2.347511,7.845542,-8.806273,-8.271390,-0.372065,5.714503,-7.677633,2.237030,-0.890453,4.445090,-1.801240,-5.015601,0.107155
resume_0777,-7.440549,-1.122308,4.200492,-8.975188,-7.619125,2.097111,-0.148007,0.133796,5.365844,3.869546,-0.160366,1.848904,-7.634758,-8.458445,8.101546,-0.195014,1.984591,-5.994129,-1.808401,-3.358838,-5.492736,-9.175997,6.656617,8.256814
resume_0778,6.886939,4.850071,1.940590,7.613366,-4.131426,-5.750670,6.043460,-6.357574,3.566227,1.397923,-1.195897,-2.487578,2.339371,9.094911,-5.824889,0.337632,-5.295375,-8.253972,-9.570015,-8.465081,-3.980056,4.386513,-6.944570,7.635985
resume_0779,9.048757,6.587117,7.680632,-7.511084,-2.304956,5.266122,0.857251,-6.037108,2.243725,8.028136,8.449627,-7.578020,0.019698,-3.143709,-5.372639,2.197119,-6.753360,7.579080,5.036807,-3.326006,-7.116665,-4.265260,3.523082,4.608204
resume_0780,-6.643569,8.665365,-3.075296,6.462970,-1.871238,-3.424808,6.805178,-3.776932,0.588803,8.697681,8.668831,2.075999,7.322496,7.865030,-8.127558,-9.004686,0.510058,2.965615,6.460159,-8.577006,-6.556560,4.110053,3.936536,0.342213
resume_0781,9.159073,6.502615,-5.666947,7.783269,-1.939622,7.754458,-6.443432,-3.230423,9.063281,-6.943809,0.701222,-1.605271,7.040586,-8.160936,-8.182326,-0.609661,4.826807,-7.584074,2.051864,-2.065231,4.400238,-1.037149,-5.476096,-0.123986
resume_0782,-7.694590,-0.672141,3.689850,-6.862777,-8.452920,1.049762,-0.630814,-0.341709,5.048071,3.291552,-0.214208,3.010016,-7.891483,-8.143078,8.052736,0.122301,2.007602,-6.122638,-2.283148,-4.211768,-6.513123,-8.951484,7.429556,7.495425
resume_0783,5.702620,5.084296,2.532814,8.142591,-4.064708,-5.470981,6.952938,-7.174478,2.683582,2.474985,-1.489176,-2.305527,1.077524,8.015342,-6.652816,0.667723,-5.814162,-8.214572,-9.964034,-7.324085,-3.671408,4.866009,-7.989185,7.163648
resume_0784,-7.509744,-8.334515,8.340009,2.266748,-7.663911,4.026344,-6.334174,-5.068823,1.124141,-2.988171,-3.362536,4.801830,-2.492857,3.688645,3.121266,-5.827923,-1.020240,2.691667,1.811990,-0.948480,8.606931,7.750025,-0.188070,8.130993
resume_0785,-8.383967,9.087168,-2.900023,5.449704,-2.780954,-2.916850,5.557938,-2.737989,0.556150,8.286052,8.776288,2.445514,7.617767,6.693753,-8.471739,-8.271833,0.338543,3.146268,7.181866,-8.221200,-4.973907,2.441468,4.785780,0.039389
resume_0786,6.177465,-3.516862,2.722313,3.040229,-2.121110,0.923693,-6.300055,5.862386,-8.681001,-4.993100,2.522664,-7.263315,-7.448072,5.596204,1.013697,-8.176108,1.353998,4.412434,-5.942573,6.342034,-9.386005,-0.843667,0.681670,8.455447
resume_0787,-1.644521,7.281517,-6.844854,-0.152835,-2.554748,-1.606384,8.113368,-1.271811,-8.436434,2.104993,2.321669,-3.060229,6.897911,-0.244924,-1.246667,8.212623,-2.141004,5.430428,1.841156,1.564373,9.501538,9.409084,-10.261619,2.457694
resume_0788,-7.788905,-8.113614,9.009506,2.362129,-7.601177,3.495178,-6.688737,-6.061260,1.828949,-3.988781,-3.310957,4.543576,-1.193704,4.018724,2.869056,-5.816786,-0.680672,3.341941,1.364942,-1.345433,8.749995,6.536474,0.040661,7.707703
resume_0789,6.052816,3.911992,1.161803,8.545433,-5.553553,-6.314724,5.637762,-6.798778,4.027158,1.406413,-3.122927,-1.903331,0.709043,8.465724,-6.506806,0.518875,-4.370724,-8.162068,-9.289741,-6.726924,-4.325080,4.892019,-7.601768,6.649953
resume_0790,6.341816,-3.465018,5.365867,3.755347,-2.527877,2.877270,-7.367762,6.217139,-8.859163,-4.262268,0.337149,-6.772161,-6.336016,4.773580,0.076923,-7.650855,0.502248,5.067842,-5.876202,6.886746,-8.969795,-0.545589,0.357963,7.667389
resume_0791,8.687213,7.533320,8.014448,-8.092274,-1.592184,7.301599,2.036992,-6.407009,1.873383,7.146304,9.137199,-8.051551,-0.204379,-2.516383,-4.770616,1.188364,-6.374032,7.688881,5.426587,-2.549737,-6.873228,-4.362094,1.747060,4.868129
resume_0792,-6.951111,-8.859157,9.311069,1.442383,-7.688711,2.780938,-7.154028,-6.297474,1.876100,-3.082617,-3.481883,4.620113,-1.287136,4.381984,3.366346,-6.519546,-0.902127,2.921954,1.718444,-1.244413,7.537124,6.666756,0.628676,8.548327
resume_0793,10.015150,8.399936,-6.817912,8.271678,-1.812581,9.918298,-7.327898,-3.372079,8.890434,-7.348286,0.475054,-2.652230,7.805205,-8.820050,-8.869096,0.622574,4.890908,-6.268355,1.775534,-2.098079,4.864258,0.449069,-4.663483,1.171624
resume_0794,9.928208,6.799601,8.939959,-8.778310,-1.978054,6.214907,2.098449,-7.318809,1.323648,9.244130,9.190857,-7.692196,0.099224,-3.606788,-4.317541,2.201546,-6.583359,8.521570,5.891905,-3.396329,-6.944049,-4.254245,2.022416,6.093011
resume_0795,-7.942005,-8.957782,8.501811,2.741069,-7.480068,3.256858,-6.221066,-5.319591,-0.377347,-3.065723,-3.279125,4.723452,-0.722534,5.125956,2.961835,-6.162736,-0.571224,3.515325,1.630297,-1.476147,10.344721,7.314852,-0.038132,7.464050
resume_0796,9.737640,6.763711,8.074702,-8.131675,-0.776797,7.711356,2.343958,-6.506146,0.435817,7.447610,8.593084,-8.211421,0.497687,-3.687659,-4.379835,1.986599,-7.633260,8.570809,6.938829,-2.654595,-6.508193,-4.943633,0.913586,5.974726
resume_0797,-6.756742,8.877484,-2.426858,6.291222,-1.965720,-3.612934,6.227859,-3.600821,1.128243,9.097720,10.097331,0.835498,6.383743,7.055808,-6.965612,-8.932434,-0.077257,3.655789,7.783464,-8.445283,-4.286176,3.447080,3.985280,-0.012306
resume_0798,-1.874655,7.725103,-8.200945,-2.121079,-2.440350,-1.714546,8.521464,-2.058722,-9.029050,2.936334,2.043657,-2.996527,6.009403,-0.562515,-1.189731,8.868742,-3.299193,6.085352,3.545147,0.630677,10.143812,9.227880,-9.821435,2.029996
resume_0799,-6.744673,9.292948,-3.040788,5.980657,-1.904233,-3.690967,6.373910,-4.644937,0.492909,7.914938,9.122893,3.158196,7.302777,7.576967,-6.885618,-7.924097,-0.056444,3.223284,8.074640,-8.584310,-4.394608,2.822200,4.513177,-0.168402
resume_0800,-7.355389,-1.064998,4.947682,-7.983316,-8.278866,1.367106,-0.748934,-0.039424,5.831678,2.807812,0.030226,1.262542,-7.252198,-8.616391,7.719061,0.833670,1.704495,-6.101399,-2.110899,-3.470683,-5.633940,-8.854353,6.880446,8.012083
resume_0801,-7.523210,0.060499,4.065477,-8.672410,-8.159248,2.209590,-0.856482,-1.249150,5.769942,4.011504,0.631863,1.941766,-6.796108,-8.613384,8.890393,-1.428265,1.967195,-5.714702,-2.139875,-4.073106,-6.053794,-9.779696,7.125292,7.762226
resume_0802,9.983817,7.010224,-5.868679,9.885411,-2.643828,8.573934,-5.549274,-3.814408,8.538058,-7.210329,0.069421,-3.150955,7.051695,-7.904696,-8.496113,0.775447,5.067699,-7.776790,2.981953,-2.811004,4.626441,-1.146386,-5.366066,-1.185597
resume_0803,-8.043158,-0.250728,5.813989,-7.140728,-8.715031,0.689797,-0.895972,-0.856394,5.942888,3.379760,-0.326886,1.807123,-7.161561,-8.911773,8.365118,-0.982109,1.499099,-5.731705,-2.025977,-3.625543,-4.995127,-9.083839,7.234493,7.145998
resume_0804,-7.434563,-8.242245,9.223641,1.938573,-6.686528,3.707347,-6.276364,-6.006230,0.901882,-3.282571,-3.182268,3.920897,-0.604333,4.683529,3.674738,-6.414107,-0.488638,3.699273,2.005535,-1.040822,9.432432,6.421309,-1.214983,8.714216
resume_0805,-6.780651,9.029835,-2.946089,7.189834,-3.160012,-3.621577,5.345994,-4.483331,0.062003,8.978875,10.135165,1.721252,8.885764,7.963089,-7.136224,-8.630011,0.058558,3.274851,6.924639,-8.721705,-5.385205,2.714388,4.401175,0.446591
resume_0806,10.610568,6.080331,-5.426759,11.192229,-1.848891,8.067521,-4.522998,-5.011226,9.283199,-6.531968,0.729164,-2.016321,7.411778,-8.371615,-7.460117,0.321113,4.300706,-7.884117,1.922070,-0.997944,4.639592,-0.763687,-4.493073,0.412068
resume_0807,-7.076822,9.607139,-3.686645,6.296789,-2.674613,-4.306606,5.852466,-4.234236,0.247938,7.389557,10.633181,2.910213,7.490566,6.489498,-7.185320,-9.187406,0.289071,3.858291,7.138355,-8.343358,-4.524188,3.337322,4.575706,-0.603064
resume_0808,-6.546783,8.467433,-3.010493,6.803133,-2.094077,-2.532139,5.157512,-3.989843,1.420083,8.519840,10.525459,2.790240,8.899350,6.719585,-6.566914,-8.741351,0.534520,2.725351,7.353008,-8.084459,-4.797726,2.840779,3.193100,0.089880
resume_0809,-2.194663,8.145903,-7.424568,-1.313003,-2.190691,-1.633243,8.796898,-2.925044,-10.420454,1.972168,1.710081,-2.181625,7.416774,-0.207121,-2.028721,7.555239,-1.770835,4.095562,2.263154,1.066748,9.747347,7.987032,-8.806495,1.770716
resume_0810,5.253146,-3.538868,5.524199,2.970716,-2.280572,2.846336,-6.674769,5.998865,-10.172153,-4.867739,0.454076,-6.797218,-6.109306,4.507083,0.482815,-7.811656,-0.377498,5.124829,-6.185362,6.190488,-9.837676,-0.580869,0.952843,8.113425
resume_0811,4.941392,4.445924,2.235855,8.518435,-4.788569,-5.576425,6.659424,-5.938561,2.914555,1.174024,-1.612615,-2.737426,1.670013,7.719515,-5.365439,0.684194,-4.679344,-7.931720,-9.168742,-8.378161,-3.837435,4.290898,-8.203604,4.956131
resume_0812,-1.594926,7.283683,-6.988235,-0.921541,-3.175036,-2.207738,7.977472,-1.946642,-8.684328,2.023459,1.919526,-2.215551,6.208876,-0.598064,-1.865826,7.558164,-2.377800,5.458702,1.822430,1.092526,9.234315,8.732638,-9.702091,2.462545
resume_0813,-2.071451,7.844659,-6.735974,-1.641311,-1.933870,-0.970188,7.765525,-1.363288,-7.956421,1.804981,1.730646,-3.799214,6.435297,-0.516292,-2.039985,6.929410,-2.505361,5.568434,2.194274,0.706233,8.421095,9.354161,-9.980637,1.836007
resume_0814,-6.088652,8.131759,-2.409378,6.533250,-1.971204,-4.382767,6.336462,-4.329848,-0.352450,8.571221,10.086964,1.031560,8.309371,7.639556,-8.301764,-7.859182,0.824491,3.693329,6.848989,-7.586927,-6.439675,2.593015,5.084072,-0.384177
resume_0815,4.393363,4.446785,2.055188,8.493505,-4.236706,-6.545328,6.628863,-7.757692,3.155201,0.987924,-2.507444,-2.517479,1.657010,7.146275,-6.170944,0.245131,-4.747243,-8.208153,-9.546824,-8.455484,-4.469852,5.021470,-7.419622,7.262337
resume_0816,-3.483707,7.574992,-6.573667,-1.633031,-2.435404,-1.249457,8.275628,-1.828361,-8.326243,1.598644,2.034164,-1.886696,6.446761,-1.027113,-3.024999,8.266219,-2.246757,4.424035,1.410305,0.281855,9.969732,10.128854,-9.871481,2.356916
resume_0817,-1.692129,7.471014,-9.104378,-1.928875,-3.148797,-2.350471,8.676983,-1.224933,-9.723672,2.293178,1.591300,-1.847883,5.998662,-0.459936,-0.856315,7.296837,-2.753520,6.635019,1.938703,0.822669,9.180760,8.380900,-8.861494,1.983695
resume_0818,-7.009098,9.118700,-3.472758,5.992260,-2.177847,-2.774162,5.389962,-3.054640,0.167841,7.225402,9.964278,1.490863,8.128394,7.784226,-7.862237,-9.675805,0.023516,3.353697,6.926823,-8.800015,-5.599701,2.460507,4.737407,0.781291
resume_0819,4.852373,4.302436,1.750781,7.835949,-5.383348,-5.781471,6.177013,-6.592646,2.907898,1.794038,-2.851689,-2.333779,2.528870,6.723960,-6.307062,0.903110,-5.714849,-6.795444,-10.386950,-6.717410,-2.292436,3.943247,-8.452955,6.920164
resume_0820,4.267167,5.031455,1.048873,9.742597,-4.402358,-5.366443,6.252055,-6.973826,2.995241,1.794942,-1.294310,-2.474967,1.025613,7.630447,-5.886123,1.546178,-5.982260,-7.442873,-8.711840,-7.944068,-3.559905,4.522635,-6.760784,7.104984
resume_0821,-7.412583,8.372616,-2.378294,6.407654,-1.295407,-2.503305,5.555625,-4.059418,-0.532522,9.068785,10.580528,2.227512,8.011621,8.010695,-7.930569,-9.647142,-0.637702,3.125064,6.921789,-7.706437,-4.760896,2.627668,4.550999,-0.051141
resume_0822,5.657568,-2.574600,5.260656,2.812833,-3.059635,1.451851,-7.237084,5.789322,-9.381421,-5.440215,1.324015,-6.724778,-7.042415,4.698392,0.172040,-7.512208,0.575959,5.537959,-5.503585,6.644316,-9.654946,-0.836913,2.390821,9.515791
resume_0823,9.350498,7.614051,8.273886,-8.202963,-0.945831,7.299137,2.026117,-6.816990,3.000325,8.142933,9.542713,-7.237775,-0.621805,-3.412799,-5.926635,2.402831,-7.175207,8.424125,5.551962,-3.628661,-7.287803,-5.570261,1.571775,5.929601
resume_0824,-2.428610,7.880367,-7.373160,-1.396040,-2.150760,-2.213937,8.207504,-1.355171,-7.345041,3.287625,2.268793,-2.834868,7.091596,-0.626909,-1.748729,6.833078,-2.670065,6.201999,2.445788,0.469739,9.622481,8.938309,-10.337831,2.118815
resume_0825,9.358665,7.304062,7.266519,-7.989111,-1.518767,6.567499,0.960900,-7.039509,1.310393,8.093637,9.119894,-7.894797,0.733053,-3.076357,-6.258653,2.284309,-8.799644,7.860532,6.438727,-2.048533,-6.789431,-4.666877,1.542080,5.922251
resume_0826,-8.109484,-9.283384,8.437881,1.703729,-6.009180,3.413723,-6.336445,-6.073727,1.616493,-4.175846,-4.124183,4.955882,-1.195033,5.152069,3.673315,-5.374616,-0.482414,3.307085,2.198883,-1.436009,8.749872,7.280895,-0.236442,7.904435
resume_0827,-7.060943,-1.581642,4.933399,-7.381225,-8.199277,3.102860,-0.985139,-1.031766,6.314411,3.425180,0.899051,2.634465,-7.927858,-8.150755,8.697027,1.106536,0.655826,-6.122588,-2.155870,-4.217153,-5.973565,-8.926785,5.938429,7.472210
resume_0828,-7.665214,-1.004183,4.861557,-6.857576,-7.653028,1.766136,-1.112251,-1.460554,5.058662,3.210536,0.242392,1.865261,-8.409564,-7.334047,8.528738,-0.281239,2.788358,-5.806890,-1.416523,-4.619525,-5.901803,-8.397381,6.030923,7.309549
resume_0829,8.193172,7.428525,7.911438,-8.518979,-0.748661,6.937977,2.647437,-5.716307,1.319207,7.268337,9.467260,-8.525237,-0.260863,-2.765098,-5.920844,1.951188,-7.034692,7.381197,4.519085,-3.775467,-7.878728,-4.742073,1.718085,4.552706
resume_0830,-6.269095,-9.215711,8.287812,2.175392,-6.662912,3.641792,-7.602795,-6.645518,1.318124,-2.726885,-3.579079,4.359214,-0.703146,4.997207,3.984472,-5.535642,0.073803,3.153658,1.443550,-0.145332,9.953551,7.533036,0.624327,6.631232
resume_0831,-7.360956,-0.814497,4.411598,-8.042752,-8.105151,1.948878,-1.354831,-1.271263,5.219979,3.884550,-0.608824,2.273044,-7.727135,-8.399150,8.416272,0.449147,2.734769,-4.804395,-2.409152,-3.553953,-4.955746,-9.485581,6.547557,7.126171
resume_0832,-2.031945,7.836475,-7.580280,-0.973604,-2.537067,-1.416277,7.988573,-0.851510,-7.019510,1.462057,2.250662,-2.557619,6.825500,-1.218346,-0.943649,8.588500,-1.996561,4.267097,2.278994,0.779417,10.280068,8.743435,-9.244964,3.397703
resume_0833,6.023228,-3.480020,4.413898,2.983126,-2.361499,3.348856,-6.447959,4.914879,-9.314207,-5.172285,2.158257,-6.762220,-7.122090,5.537023,0.775834,-8.295843,0.665550,3.376445,-5.991259,7.421432,-9.043127,-2.352573,0.508616,7.925656
resume_0834,6.419698,5.151339,1.223856,8.794781,-4.401696,-5.176664,4.614707,-6.472782,3.271363,1.683561,-2.217772,-1.721510,1.046710,7.655143,-5.784015,1.139639,-5.253944,-8.000903,-9.003346,-7.132190,-3.891507,5.010286,-7.779602,7.288190
resume_0835,-7.099629,8.696015,-2.913298,6.229184,-3.699622,-3.589741,7.095957,-4.763089,1.769633,8.976745,8.984439,2.038143,7.940009,6.724404,-7.371773,-9.029947,-0.202267,4.262854,6.051870,-8.857370,-5.312256,2.590179,4.653052,-0.651098
resume_0836,8.604590,7.479833,8.311015,-7.067268,-0.290342,7.938056,2.210922,-5.967157,2.675099,8.847660,8.745328,-8.528354,-0.603655,-3.003675,-4.570732,2.190010,-6.428006,8.898403,5.483331,-1.917301,-7.237952,-4.812554,0.955145,5.593365
resume_0837,-3.199567,8.008388,-7.847850,-1.243845,-2.668483,-0.690676,8.019077,-2.246409,-8.022823,2.264596,1.901856,-2.861045,6.881976,0.299193,-1.854980,9.069542,-1.822284,4.826749,2.035833,0.563447,8.975641,10.446514,-9.714606,2.852567
resume_0838,-7.230533,-9.188462,9.351199,2.799747,-8.021741,3.967840,-7.528189,-6.445506,1.111851,-3.745593,-2.090505,3.807589,-3.150110,5.116215,3.751784,-6.771214,-0.100096,3.481294,0.310448,-1.716181,10.089994,7.811434,0.118045,8.863734
resume_0839,-1.850040,6.534512,-7.859788,-1.949847,-3.206743,-2.153788,7.984629,-1.539650,-7.754254,2.995480,1.786427,-2.111506,6.841679,0.127106,-2.435022,7.567449,-2.433901,4.984161,1.165770,0.608941,10.429232,9.627402,-9.950783,2.985261
resume_0840,4.855118,5.255970,2.350149,8.610885,-4.417488,-6.013447,6.054687,-5.711253,4.142303,1.318759,-2.319458,-2.189503,1.600474,8.500271,-5.717942,-0.477111,-6.301677,-7.499940,-8.584278,-6.683192,-5.012717,4.624030,-8.624052,7.121719
resume_0841,-1.188555,6.537796,-7.149861,-0.903877,-2.312101,-1.199041,8.384572,-2.917542,-7.265045,2.765450,3.353768,-2.365125,6.339010,-0.556232,-2.965746,7.182096,-1.683042,5.662976,2.431059,-0.718101,9.364387,8.302021,-10.415474,1.844879
resume_0842,9.201577,6.662688,8.756886,-7.733170,-0.851391,6.880350,2.361502,-5.751456,1.993709,8.702885,8.981851,-8.432614,-0.016108,-3.102239,-5.665817,2.888172,-6.925700,7.078156,5.903917,-3.023210,-6.603322,-4.471746,0.947444,6.236324
resume_0843,10.163413,6.390798,-5.918172,10.482672,-2.471758,9.414229,-5.448201,-3.470309,8.856417,-6.814674,0.250385,-2.933743,8.188416,-9.098967,-8.736478,-0.170514,3.925097,-7.407421,3.148898,-2.060014,4.455790,-0.931962,-5.485746,-0.631446
resume_0844,5.207548,4.273406,2.471014,8.723517,-4.507299,-5.255490,5.555624,-6.524599,2.635802,1.782116,-2.210768,-2.514324,1.113409,7.915737,-5.881252,0.180822,-3.731475,-8.392609,-8.762090,-7.691920,-3.653113,4.540665,-8.453348,6.573844
resume_0845,-7.062304,8.046977,-3.028295,5.785297,-2.194194,-3.305224,6.215517,-3.341063,1.110834,8.616536,9.655804,3.314046,8.804126,7.205713,-7.211269,-8.663690,0.434830,4.178608,8.760879,-7.423253,-5.313004,2.913238,4.845975,0.058705
resume_0846,-7.157518,-8.889370,8.598404,2.472851,-7.426989,2.453343,-5.863111,-5.711560,1.012371,-3.872514,-4.458463,4.520120,-0.916983,6.046985,3.465974,-5.251350,-1.721135,2.480809,1.950455,0.011094,9.775966,7.242521,0.528826,7.985926
resume_0847,-7.107112,-8.813453,7.909914,2.176042,-8.096963,4.765930,-7.247644,-6.086480,1.569157,-3.498117,-3.428924,4.226194,-1.450863,4.129970,2.819517,-6.250741,-0.948738,3.318468,1.656175,-0.478685,11.270905,6.241603,0.132857,8.292984
resume_0848,5.849220,-3.840695,4.149136,3.232729,-0.086666,2.878414,-6.177736,6.354608,-8.613737,-4.528888,1.869597,-5.768985,-7.402715,4.525346,-0.346899,-7.275404,2.058479,5.064990,-7.605425,5.925583,-9.440539,-0.764592,1.374590,8.002538
resume_0849,8.631033,8.209764,7.927568,-8.882857,-0.641487,7.727072,1.293214,-5.763626,2.189867,6.608577,9.989155,-7.723797,1.463293,-4.238514,-4.892595,1.381130,-6.827559,8.867926,5.331984,-2.532732,-7.629438,-5.633194,1.597397,6.121499
resume_0850,-7.197834,8.995019,-3.002527,5.941658,-1.549739,-3.491583,5.714650,-4.497071,1.267068,6.999910,8.837275,0.520803,7.749475,6.645304,-7.629671,-8.582073,1.220656,2.585098,7.651776,-8.408771,-5.504613,2.950029,4.585763,-0.952695
resume_0851,-8.241998,-1.027335,5.419338,-7.904638,-8.551431,0.749359,-0.550779,-0.361706,4.686392,3.847771,0.782009,1.899445,-6.886900,-7.322445,8.900701,-0.729882,2.875379,-5.731019,-1.888347,-4.616204,-4.610589,-8.691560,6.370559,7.910729
resume_0852,5.958680,-3.823814,3.902655,3.594228,-1.883626,2.473663,-7.890798,5.408125,-9.349536,-5.290003,1.054762,-6.192603,-6.247590,3.683790,0.279921,-8.148980,1.000637,4.419950,-6.411561,7.213319,-9.514182,-1.320356,1.695046,7.106562
resume_0853,8.827629,6.977192,8.038072,-7.778973,-0.158565,6.860204,2.614999,-5.432638,1.764258,7.740437,9.317232,-9.013784,-1.199328,-2.804080,-4.767302,2.268996,-6.635334,9.427994,4.979649,-3.631678,-6.139281,-3.764459,1.489675,5.889288
resume_0854,5.464864,4.636367,2.161608,9.531532,-4.744043,-6.298359,5.846784,-6.039788,3.428924,2.190548,-0.903117,-1.324950,0.602280,7.851760,-6.624351,0.751280,-4.193991,-8.831811,-9.071260,-6.622799,-3.764229,5.518677,-7.800675,6.095349
resume_0855,4.561121,5.122436,2.653579,7.932838,-4.406229,-6.397473,4.810171,-6.183781,2.649024,1.937237,-1.974770,-2.453359,1.218473,7.403194,-6.278378,0.626592,-5.412463,-8.643392,-8.908822,-7.173801,-3.755850,4.558276,-8.302578,6.012361
resume_0856,-7.592966,-9.295066,7.686961,2.882137,-7.931306,4.781146,-8.128698,-4.879959,0.693888,-3.677517,-1.930928,4.723760,-0.730331,4.320374,3.621236,-5.998889,-0.792811,3.607148,2.247185,-1.324801,8.978048,7.173837,-0.581972,7.467731
resume_0857,-6.824385,-1.323388,5.396544,-8.511940,-7.352107,2.037322,-0.559556,0.584973,5.790380,2.101828,0.994685,2.461113,-6.569188,-8.840836,8.134849,-0.680448,0.841587,-6.211435,-2.539295,-4.555652,-5.713613,-9.748006,6.696023,7.659023
resume_0858,10.592989,6.757544,-4.815799,9.231958,-1.665904,9.138187,-5.634199,-3.569670,9.167612,-6.970170,0.199090,-2.549639,7.406140,-8.749367,-8.908269,-0.114826,5.246015,-6.640998,2.755696,-2.856200,4.940245,-1.218865,-2.896078,-0.837861
resume_0859,8.692592,7.490975,7.530821,-6.858905,-0.673834,7.203180,2.239900,-6.012182,1.102300,7.668128,9.214079,-8.216051,-0.267990,-2.858989,-4.286024,1.179085,-6.824804,6.823328,6.242225,-3.274687,-5.482304,-5.579437,0.756883,6.004510
resume_0860,-7.466001,8.053373,-2.281251,6.272418,-2.812242,-2.822923,6.684551,-4.023410,0.257608,8.471374,9.916805,1.733411,6.812959,7.821025,-8.088615,-7.560458,0.267718,3.422892,7.709108,-8.287150,-5.346388,4.246755,4.841386,-0.445837
resume_0861,5.646655,4.510097,1.390533,7.725254,-5.406291,-5.281955,5.896865,-6.869415,3.448576,1.659836,-1.984809,-1.937509,1.987584,7.336575,-5.093581,-0.127768,-5.311689,-7.877572,-9.045227,-7.033378,-4.439748,3.740189,-8.249841,6.765031
resume_0862,-7.605360,8.437577,-3.282710,6.259226,-2.685511,-2.032867,5.367389,-4.382381,1.887832,9.341135,8.941013,3.312326,7.760265,6.743577,-6.869791,-7.365427,0.402571,3.973847,6.705567,-8.684431,-4.368426,2.862439,5.464064,-0.073159
resume_0863,5.173982,5.345302,2.446454,8.274001,-3.799492,-6.117603,6.757063,-6.475933,3.088507,1.243130,-2.232366,-1.396902,1.555434,7.194673,-6.427181,0.044846,-5.111908,-8.848692,-9.057103,-8.169150,-4.825654,3.771494,-7.942890,6.862323
resume_0864,-7.067228,9.298456,-3.945343,6.084488,-2.896633,-3.133602,6.241086,-4.658620,0.241619,8.355686,10.224800,2.235590,8.446347,7.258531,-7.610920,-7.908613,0.194369,3.580066,5.936892,-7.621769,-5.819224,1.974962,4.267111,-0.342679
resume_0865,-7.127537,-0.567643,5.090074,-9.339100,-6.622952,1.616074,-0.878864,-0.128101,4.970220,2.514542,0.168222,1.945596,-7.478932,-7.203185,9.663460,-0.719312,2.921000,-5.748943,-1.370003,-2.766952,-5.309175,-8.083845,7.535266,7.294797
resume_0866,-2.003056,8.114569,-8.470788,-1.322934,-1.860695,-1.099654,8.011068,-2.154102,-8.586496,3.619964,2.051168,-2.269501,6.322864,0.121973,-2.037378,7.435250,-2.834457,6.078924,3.198931,0.695973,9.177182,8.268755,-10.167823,2.273666
resume_0867,-2.981130,6.604040,-7.600967,-1.224090,-2.716270,-1.149869,7.519013,-1.666395,-8.092343,2.224064,2.151965,-1.624182,6.613455,-0.372399,-2.026583,7.588450,-1.617588,5.740773,1.234217,0.654881,9.372230,8.012523,-9.605360,2.495743
resume_0868,-1.751778,7.676829,-8.077152,-1.479176,-2.357698,-1.728860,8.345179,-1.639345,-8.664265,2.470530,1.665056,-1.532128,6.551285,-0.054473,-1.232129,7.574490,-0.797046,4.605998,3.219590,1.568446,9.735764,8.866953,-9.282387,3.314787
resume_0869,-7.451740,8.312862,-3.075436,5.532480,-2.271647,-3.996200,6.823586,-4.221362,0.537433,8.539245,9.390251,2.436720,7.902742,7.834843,-7.276213,-8.794354,0.093297,3.118463,8.082965,-8.216848,-5.566436,3.069978,3.401311,0.475394
resume_0870,6.629712,-4.026182,3.944114,3.197348,-1.757160,2.600072,-7.435547,6.411056,-9.028089,-3.342233,-0.275992,-6.391089,-7.765590,4.451816,-0.339685,-7.703166,0.889027,4.691519,-4.544720,6.002734,-9.814519,-1.129962,3.352260,8.197875
resume_0871,-2.295299,8.008173,-7.341915,-1.136847,-0.995807,-1.674907,8.873248,-1.442195,-8.343453,2.570934,1.315324,-2.034743,5.361202,-1.143318,-2.289005,7.216241,-1.797910,6.565860,2.118693,0.227268,8.589952,9.016348,-10.307738,2.446799
resume_0872,-2.468065,7.017587,-7.749393,-1.892752,-3.214302,-0.450141,8.907937,-1.650898,-7.772220,2.829892,1.969873,-2.186810,5.440996,0.341802,-1.379502,6.152160,-3.459688,4.945329,2.682155,0.499692,10.176381,8.523581,-9.542817,3.095293
resume_0873,10.392857,6.687036,-5.716844,8.691910,-1.674862,8.914788,-5.317265,-3.393517,8.713298,-6.829536,0.507440,-3.707853,8.064735,-8.609507,-7.295619,0.302265,4.218101,-6.643534,2.361206,-1.325210,4.060422,-0.928248,-5.516795,-0.348330
resume_0874,4.916256,4.270459,1.380978,8.712075,-4.424041,-5.509209,5.307181,-6.534165,3.403014,-0.081968,-2.142506,-2.739299,0.929425,7.395578,-7.036562,0.409953,-4.980238,-8.192890,-9.549459,-8.000368,-3.600368,3.324370,-8.869480,6.157759
resume_0875,-7.491162,-0.063140,5.194203,-8.747150,-7.693562,1.653489,0.770034,-1.117266,4.935708,2.238326,0.302512,2.744430,-7.413523,-6.935769,7.819663,-0.580206,2.185489,-5.273023,-3.325678,-4.361831,-4.376792,-8.434979,8.070841,7.274639
resume_0876,5.160734,4.427938,3.165880,8.736719,-4.389188,-6.042566,5.374190,-7.365236,2.555315,1.276629,-1.971184,-1.173986,1.661487,8.929871,-6.006758,0.304517,-6.282852,-7.319664,-9.804045,-7.798078,-2.844187,4.517575,-7.333427,5.935699
resume_0877,-1.892463,7.566738,-7.639442,-1.758576,-2.582934,-1.733307,7.731576,-2.307164,-7.781362,2.107531,1.035352,-3.302444,5.832847,-1.168207,-1.088783,7.625973,-1.996080,4.450695,3.226962,0.257037,9.214579,9.693720,-8.904014,3.263679
resume_0878,10.638404,6.659362,-5.259443,9.777793,-1.414795,9.141261,-7.099554,-4.624497,9.096841,-6.406948,1.121035,-3.419056,7.355508,-8.925984,-8.481203,0.341970,5.323297,-6.905165,1.599500,-1.131584,3.669916,-0.509203,-3.959927,1.233532
resume_0879,-1.821258,7.772527,-8.059237,-1.566570,-1.601568,-2.125925,9.131162,-2.021315,-6.826778,2.548298,1.423404,-2.345420,6.050916,-0.535728,-2.410933,8.095957,-2.408990,6.392400,2.519628,-0.602178,10.449299,8.421368,-8.723562,2.971583
resume_0880,-7.796538,9.498350,-2.368966,5.932109,-2.422334,-3.472964,6.872830,-3.188377,-0.347104,7.989865,9.518871,3.123421,7.439106,6.469365,-8.079482,-9.859305,-0.871084,3.325767,7.330456,-8.643770,-5.102989,3.465936,4.522946,0.338562
resume_0881,4.926708,-3.846056,3.590721,3.121614,-1.986340,2.977603,-7.002154,6.584142,-8.723621,-4.911194,0.725313,-7.604386,-6.288106,5.885466,-0.137790,-9.125128,0.305780,4.758756,-4.918237,7.055682,-8.539771,0.179671,1.782353,8.802778
resume_0882,8.723269,7.723347,8.084450,-7.740067,-1.200878,7.832179,1.152344,-6.973235,1.141307,6.529499,7.885194,-8.703884,0.103581,-3.387996,-4.848164,2.460635,-6.691040,8.277563,6.750583,-2.676753,-6.246865,-5.084253,1.781230,5.699232
resume_0883,-7.466893,8.255248,-2.723746,5.920646,-0.444195,-2.372987,6.603056,-4.049731,1.400647,8.466245,10.492347,2.024355,8.909623,6.810144,-7.858474,-9.630009,1.271249,2.600844,7.896843,-9.037583,-4.784080,2.368635,4.320245,-0.620194
resume_0884,-8.168224,-0.186252,5.466401,-7.338868,-8.188308,0.284175,-0.175622,-0.055118,6.016209,2.691739,-0.085256,1.861385,-7.207800,-8.610760,8.209251,-0.211409,2.284336,-3.848374,-1.784435,-4.383738,-5.617814,-9.203709,6.212490,7.181648
resume_0885,5.948006,-2.474713,4.852229,3.759330,-1.409558,2.871038,-6.224809,6.644030,-8.640334,-4.228399,0.984170,-6.426289,-6.659021,5.334728,0.346076,-6.955864,0.871195,3.971659,-5.948068,6.225846,-9.623830,-0.803842,1.648329,7.652479
resume_0886,4.350096,4.309185,1.762239,8.959447,-4.784289,-5.990272,6.093972,-7.077590,4.259054,1.772561,-2.837763,-1.163544,1.329150,8.408789,-5.905053,1.653995,-5.713900,-9.427084,-9.002170,-7.472592,-2.681736,3.918428,-8.924467,6.611819
resume_0887,-7.625897,-7.788248,8.840029,2.679696,-8.715751,2.999340,-8.298017,-6.252087,1.537772,-3.986840,-1.706987,4.615241,-1.075586,4.332765,3.370879,-5.836504,-0.875398,3.314375,1.959697,-0.688073,8.275656,7.169988,-0.514319,8.598035
resume_0888,-2.265166,6.899158,-6.974825,-1.282517,-2.306028,-1.665718,8.442265,-1.690035,-8.169895,1.988012,1.744349,-3.134790,5.799149,-0.463768,-2.213606,8.526368,-1.980464,5.764731,2.366512,1.438521,9.355139,8.620285,-8.616968,2.330579
resume_0889,6.358508,-4.311087,4.649876,3.347713,-1.311529,2.476405,-7.283870,5.179801,-9.399575,-5.342929,1.977562,-6.572165,-6.852969,4.546010,-0.619330,-7.208756,0.243008,4.981809,-6.386348,6.853789,-9.749116,0.169079,1.451338,7.910607
resume_0890,11.246916,6.651902,-5.161700,10.692877,-2.204309,9.776048,-5.773523,-3.828988,9.255602,-7.409732,1.341233,-2.773551,8.807290,-7.379028,-7.963726,0.286711,4.240644,-6.468594,2.294876,-1.064723,4.559611,-0.325443,-4.379289,0.774997
resume_0891,9.396497,6.803570,-6.545203,8.772821,-1.604908,8.688268,-5.414213,-3.787091,8.525264,-7.525032,1.443669,-2.717398,5.445442,-8.175204,-8.247205,0.267033,5.257763,-7.533859,1.333705,-1.709829,5.103718,-1.019767,-4.811592,-0.231441
resume_0892,-8.175722,-0.348913,4.735299,-7.822268,-7.906583,1.996728,-0.864539,-0.113100,5.803369,3.395375,-0.317834,1.978036,-6.809303,-8.287801,9.830020,0.714055,1.413815,-5.994078,-1.599891,-4.301713,-6.446217,-10.904310,6.896423,7.478785
resume_0893,8.988123,6.569657,8.310037,-8.674838,-1.179899,7.814094,0.908713,-7.123904,0.869730,8.143307,9.786142,-7.745478,0.059077,-4.219125,-4.575493,1.612849,-6.992971,8.309883,6.067787,-4.972926,-6.048787,-5.528971,1.969689,5.721098
resume_0894,-7.487113,8.374446,-3.048598,7.516099,-2.632309,-3.831057,5.146390,-3.715826,0.766981,8.623214,10.000482,2.496496,7.970457,7.505520,-6.320895,-8.014488,0.583999,3.787039,7.225610,-8.948479,-6.270697,2.738011,5.229275,-1.193502
resume_0895,-9.042539,-8.972306,7.350517,3.603212,-7.451323,3.997775,-5.850492,-5.601364,1.694383,-3.264728,-2.536415,2.981213,-1.306313,3.612146,3.530745,-5.505748,-1.018648,3.102384,2.829150,-0.963072,9.861310,6.643708,-0.627475,8.323736
resume_0896,-7.489386,8.337014,-2.588067,6.359005,-2.199673,-3.559267,6.197506,-3.670048,0.856995,8.772326,10.293482,2.482084,7.096541,8.186616,-7.013882,-8.154765,0.085662,3.262260,7.012588,-8.438483,-5.821130,3.330400,4.212228,-1.284281
resume_0897,-6.574592,8.998893,-3.326737,6.036041,-2.286971,-4.204158,6.037331,-4.972429,1.824321,9.719581,10.738316,1.507995,6.992335,6.612812,-7.082405,-9.081706,0.535257,3.668070,5.752387,-7.988171,-4.757460,2.420285,4.087587,-0.581359
resume_0898,8.675320,7.248030,8.353720,-7.920720,-1.135984,7.305002,1.415072,-6.279058,2.795640,7.493625,9.101376,-7.655529,0.338216,-2.592602,-5.266424,1.965575,-6.848292,8.641414,5.477939,-2.275133,-7.506052,-5.207428,2.378430,6.634275
resume_0899,-0.932508,7.762624,-7.464528,0.144503,-2.254536,-1.455077,7.684239,-2.226681,-7.795539,1.277077,2.665350,-1.891679,6.366344,0.026620,-1.006415,7.259714,-1.710923,5.984987,1.834992,0.372135,8.897341,7.889672,-9.991218,2.378580
resume_0900,-8.210643,-0.554650,5.137053,-7.265070,-7.503823,1.115105,-0.812680,-0.264804,5.552968,2.898263,0.252363,1.341676,-7.433859,-8.033297,9.017812,0.281618,3.375706,-5.922609,-2.536237,-4.357044,-4.792724,-8.472407,6.722831,8.580578
resume_0901,9.598646,7.303660,-5.727059,9.323044,-1.083878,8.775887,-5.896508,-3.649646,9.126433,-6.980084,0.535835,-2.624122,7.527469,-8.066639,-7.970509,1.672054,5.275104,-7.818386,1.944413,-2.432198,4.604076,-0.508163,-4.300647,0.546013
resume_0902,7.538561,7.146643,7.888454,-8.390993,-0.313394,8.197150,2.038759,-6.563515,1.438353,8.845200,8.865735,-8.341736,0.390760,-3.004861,-5.102672,2.394805,-7.442846,7.712904,5.728958,-2.116425,-6.693814,-5.451916,2.301532,5.995000
resume_0903,5.233760,-3.344244,4.455382,1.974283,-1.522013,2.604838,-5.677882,4.902927,-9.857972,-5.431926,0.690847,-7.830300,-6.490465,5.552860,-0.270716,-7.875357,1.387096,3.798772,-5.386143,6.013166,-9.402668,-1.784447,2.152666,8.445469
resume_0904,10.072471,5.803576,-5.463446,8.894368,-1.885820,8.404748,-5.437361,-3.944915,9.454534,-8.061649,0.637830,-3.999252,7.131724,-8.437096,-7.370051,0.315393,5.263331,-7.563668,2.925557,-1.169392,4.689746,-0.688376,-3.526882,0.100326
resume_0905,5.728382,-4.207372,3.416731,3.257572,-1.665822,1.819495,-8.156044,5.786825,-9.306095,-3.925523,-0.401335,-6.135452,-7.091988,4.741877,-0.881071,-8.487357,0.959800,5.034101,-6.869142,5.877580,-10.165284,-1.395032,0.997494,8.253958
resume_0906,-7.221812,-1.514180,5.535114,-7.521650,-7.916836,1.478053,-0.024761,-0.055333,5.387636,4.556189,-0.807752,1.628094,-6.710332,-8.306416,8.695227,0.349538,2.104102,-5.888822,-2.247022,-3.526453,-5.238850,-9.039470,6.352462,8.193095
resume_0907,-3.385213,7.966431,-7.427749,-1.656274,-2.039895,-1.548942,7.354730,-1.654311,-8.537192,1.795101,2.328657,-1.484407,6.822543,-0.487299,-2.037084,6.993654,-2.387160,6.084883,3.402480,0.027527,9.298756,7.705059,-9.079279,2.401091
resume_0908,-7.197282,-8.685047,9.077493,2.599821,-7.918264,3.730978,-7.223564,-6.080464,0.760541,-4.158725,-2.788789,4.317705,-1.664347,3.761345,3.293491,-5.249670,-1.109012,3.728482,1.114236,-0.145080,9.114202,5.997149,0.279310,8.623494
resume_0909,10.407072,6.103373,-6.037289,9.218746,-1.002931,8.899862,-4.230045,-4.148361,9.322900,-6.617769,0.974135,-4.072888,7.174344,-8.219894,-8.212694,0.809220,5.984471,-6.309712,1.457847,-1.957724,4.757239,0.349419,-5.322590,-0.140305
resume_0910,-1.474418,8.019163,-7.311315,-1.730689,-3.170973,-1.968391,8.491810,-1.259843,-8.747593,2.902995,1.413577,-2.305669,6.626087,1.215507,-1.510465,7.802377,-2.163431,5.465266,2.017350,0.870864,9.930061,8.355754,-9.049972,1.275309
resume_0911,5.738010,4.404441,1.830871,8.374409,-4.572099,-6.839771,7.271090,-7.142847,4.728176,1.602548,-2.338549,-3.284961,1.132178,7.023186,-6.965926,0.257319,-3.589950,-6.750838,-8.660360,-6.990734,-3.727542,3.781869,-7.977655,5.828757
resume_0912,-9.016415,-1.680701,5.700235,-7.565424,-8.660935,1.682139,-0.002100,-0.244930,5.342636,4.178973,1.016427,2.565842,-7.670454,-6.950355,8.343477,-0.977836,2.563212,-5.527192,-2.863621,-5.294454,-5.154480,-9.133889,6.186106,7.807734
resume_0913,5.061035,5.022883,2.287130,8.121846,-4.449915,-5.169843,6.548311,-6.278548,3.564913,2.073220,-1.075784,-2.558501,-0.070890,6.880980,-6.096869,-0.929052,-4.524348,-7.604406,-9.916646,-7.096023,-3.112749,3.630507,-8.096284,7.778769
resume_0914,9.132648,6.534872,9.094591,-8.374401,-0.791449,6.919444,2.599825,-6.599655,0.244429,8.056106,9.301939,-9.153571,-0.625046,-4.757012,-5.465077,1.114966,-6.430613,7.827480,4.923972,-2.804228,-7.421513,-5.547786,2.665771,5.409891
resume_0915,-7.875361,9.835933,-2.870577,7.109323,-1.866280,-1.839906,6.623091,-4.353399,0.971275,8.024296,9.781459,2.708218,7.025618,7.141510,-7.443159,-7.044927,0.300885,3.450048,7.532971,-8.046773,-4.854465,1.999764,4.659177,0.550746
resume_0916,5.508372,4.361852,2.754259,8.407818,-4.936453,-6.108168,5.098022,-5.864963,4.345397,1.730140,-1.760042,-2.645759,1.708944,7.888818,-5.477830,0.205292,-6.108504,-7.714011,-9.795530,-8.896784,-3.088638,5.692771,-7.725607,6.715224
resume_0917,11.632775,6.057537,-6.211802,9.917486,-3.152193,8.549777,-5.922038,-2.880900,8.506462,-7.327957,0.031248,-3.721607,7.666091,-8.570170,-6.749532,-0.120590,5.619287,-5.962776,1.798426,-0.032308,5.207562,-0.875740,-5.372984,-0.679453
resume_0918,-7.116915,-9.162364,8.686389,2.442829,-7.729737,3.211382,-7.789662,-6.230418,2.277987,-4.176790,-3.439373,5.083842,-1.375926,5.136061,4.101209,-5.683383,-0.390005,3.831963,1.034745,-0.202331,9.425808,6.378338,-0.328679,8.340026
resume_0919,10.542294,7.948801,-4.608607,9.593264,-2.295499,9.204725,-5.631581,-3.777895,9.215461,-5.802359,-0.561810,-2.425101,6.944324,-8.374568,-7.346756,1.087437,4.439532,-8.494589,1.331971,-2.598436,5.502410,-0.087722,-5.241549,0.912791
resume_0920,-1.586338,6.570918,-7.867917,-1.249926,-2.115690,-0.873821,7.776029,-0.966799,-8.676852,2.862282,2.137793,-2.777208,6.049626,-0.257112,-1.343424,8.483707,-1.939671,5.348292,2.693275,0.467598,9.617161,9.240520,-10.066628,3.414355
resume_0921,-1.896514,7.450765,-8.015179,-1.877202,-3.298430,-0.898012,8.422018,-3.340675,-7.608524,2.267756,2.071084,-2.907060,6.550042,-0.282951,-2.987014,6.884530,-2.501705,5.404855,2.169088,1.614581,10.070896,8.418585,-9.495458,3.522538
resume_0922,-6.548738,10.059523,-3.621840,6.568946,-1.882362,-3.516487,6.739837,-4.287221,1.400333,9.364430,10.433799,2.808444,7.611158,6.789217,-7.145845,-8.534297,-0.126253,2.756263,6.703131,-8.209592,-4.370624,2.299269,4.354896,0.081425
resume_0923,-7.940559,9.578185,-2.152928,6.404313,-1.420327,-3.553851,6.153062,-4.163838,0.003765,8.626471,9.756075,2.765939,9.798646,7.508551,-7.184726,-7.882380,0.201753,2.248221,7.071853,-9.024422,-5.924154,2.995222,3.888665,-1.337833
resume_0924,9.030426,6.945757,8.734883,-8.847968,0.177630,6.114322,1.837042,-7.317131,2.217094,7.583548,9.794528,-9.294250,0.044698,-2.899322,-5.991325,1.866839,-7.360264,8.308740,5.339406,-3.307910,-7.357542,-5.558088,1.841277,5.316337
resume_0925,5.287949,5.004279,2.299092,8.846856,-4.465864,-5.957735,6.636298,-6.581442,3.988700,2.152852,-1.625252,-2.762248,0.573154,8.162396,-5.710773,0.955743,-4.553694,-8.715397,-9.785738,-7.510511,-3.827471,4.163067,-7.498395,6.802382
resume_0926,8.779951,8.276066,7.627353,-8.169736,-1.837283,7.561070,1.846387,-6.527759,2.188015,7.632880,8.727469,-7.844290,-1.008688,-3.211621,-4.194724,1.032140,-7.116938,7.493603,5.997406,-3.005865,-5.841732,-5.005404,1.709302,4.711595
resume_0927,5.231582,5.695203,0.858735,9.300438,-3.995408,-5.947300,5.093224,-6.419007,2.916339,1.629487,-2.967546,-2.600647,0.221948,8.204711,-5.538459,0.051199,-4.726398,-8.338975,-8.547511,-7.497023,-3.774372,4.419975,-7.422656,6.247175
resume_0928,5.970510,-2.792356,4.708026,4.025597,-1.944796,1.170335,-7.518441,5.934176,-8.425120,-4.128238,1.844250,-6.342025,-6.522661,5.607375,-0.708833,-8.436141,0.783588,3.472557,-5.919362,6.745114,-8.752514,0.402017,0.870298,8.498300
resume_0929,-1.980980,8.321612,-7.499072,-1.571063,-2.693529,-2.651231,8.142283,-2.776175,-7.873152,2.578503,2.279307,-2.215568,5.310479,-0.093461,-2.190859,6.433480,-3.168989,4.719137,2.433888,0.487798,9.836773,8.369473,-9.197140,2.107757
resume_0930,-2.168149,8.156887,-6.467491,-2.742440,-3.382448,-0.780854,7.525462,-1.045048,-7.877075,2.737494,2.207238,-2.376546,7.805254,-0.170868,-1.570738,7.436798,-2.519326,6.625003,2.526427,1.655926,9.239444,8.893201,-9.168903,2.356516
resume_0931,-6.896986,9.049373,-2.670304,7.001053,-1.715346,-2.903615,6.558668,-3.268252,0.814123,8.679220,10.112885,3.110646,8.292273,6.095996,-6.899713,-8.911593,0.040393,3.327488,7.895039,-9.243194,-5.649271,1.895764,4.371308,0.160252
resume_0932,-8.133403,-8.324992,8.600157,2.914573,-6.446415,2.677978,-7.629646,-5.558292,0.628610,-3.575953,-3.529629,5.251546,-2.556140,4.737304,4.343213,-6.623629,-0.885228,2.983262,0.324030,-1.155843,9.441544,6.880528,0.009663,7.762454
resume_0933,-1.761146,8.020190,-8.642947,-1.842904,-3.238866,-1.550583,7.830993,-0.650784,-7.697476,2.917791,1.632068,-2.777195,6.332770,0.555875,-1.536748,8.236565,-2.496301,5.309792,2.734356,0.394852,8.275265,8.245824,-9.693481,2.698206
resume_0934,9.876837,7.397503,-5.221483,9.372678,-1.811084,7.853715,-4.755142,-3.985100,8.953276,-7.011649,-0.461819,-2.627450,6.519913,-8.880257,-7.464320,-0.606552,4.724526,-7.766000,2.282145,-2.394420,3.818827,-0.451703,-5.430219,0.747063
resume_0935,5.880035,-3.574419,4.914136,3.929948,-2.861718,2.176623,-6.509984,5.434622,-10.059709,-5.643706,1.809756,-6.904107,-6.607858,5.667529,-0.835581,-8.641483,1.747385,4.332962,-4.908445,6.853268,-9.905445,-1.306539,1.483154,8.646652
resume_0936,6.418342,5.186246,0.661114,8.240702,-4.048870,-5.629211,6.902151,-7.288027,3.756304,2.473762,-1.704017,-2.803501,0.835030,8.635215,-5.546644,-0.035425,-5.596199,-7.294460,-9.696242,-6.857414,-3.299774,4.555891,-8.280584,7.201199
resume_0937,8.576222,6.149540,8.981020,-8.296756,-0.413548,7.640445,2.208174,-6.919940,0.730178,8.336507,8.535353,-8.132624,-0.186659,-4.513561,-5.640430,3.208006,-7.774284,7.561934,5.781836,-2.482591,-5.537246,-4.434686,1.494206,5.751732
resume_0938,-1.973930,7.511282,-6.980567,-1.187130,-3.090277,-1.344264,7.319077,-1.754555,-8.479131,2.919622,2.118142,-1.485768,6.302909,-0.797030,-1.770244,8.401970,-3.120462,4.537967,1.644734,1.055123,8.386556,7.610146,-9.655868,1.660361
resume_0939,5.501431,5.157714,2.326809,8.536267,-4.411488,-5.474899,6.141503,-7.121642,2.976650,1.343667,-3.045786,-1.690945,2.286010,7.147766,-5.646353,0.097213,-4.740057,-8.874376,-10.456857,-7.740046,-3.293493,5.337428,-7.747155,7.098515
resume_0940,8.872572,6.451371,-6.040013,10.444809,-2.018672,9.293652,-5.329794,-3.971798,9.155949,-6.988834,0.022206,-1.657681,7.999669,-8.498305,-8.122418,1.260782,4.969528,-7.413174,0.982728,-1.780635,5.071648,-1.831665,-4.113555,-1.056929
resume_0941,-2.406176,6.937227,-7.899595,-1.831936,-2.065854,-1.757207,9.130323,-2.386263,-8.740227,2.414747,2.193723,-2.202913,6.573812,-0.395203,-1.398968,6.575068,-2.582705,5.112446,2.343767,0.134257,9.915495,9.820899,-9.533139,2.519282
resume_0942,-7.074478,8.393511,-3.193566,6.167062,-2.911892,-3.349583,6.985917,-4.952257,-0.234180,7.939782,9.873644,2.881960,8.504111,8.177467,-7.708309,-7.969097,-0.233010,2.451791,7.040410,-8.898931,-5.102252,3.625312,4.300781,-0.822006
resume_0943,9.987016,6.841823,-5.969595,10.077783,-1.972644,8.813906,-5.478039,-3.705443,7.979289,-6.028931,1.049815,-4.016884,8.128083,-9.133578,-8.515974,-0.952803,6.059440,-7.313524,2.283537,-2.004783,5.919536,-0.317033,-3.821728,0.170897
resume_0944,5.484745,4.301164,2.564206,7.761999,-3.546723,-5.769866,5.664047,-5.993090,3.839941,2.167144,-1.648008,-2.762047,0.928632,7.458171,-7.091821,0.362426,-6.372630,-6.979824,-9.772129,-6.406355,-3.882058,3.497795,-8.213043,8.026122
resume_0945,-2.015686,7.543797,-7.825356,-1.998205,-3.184199,-1.497101,8.119278,-1.240417,-8.611234,2.409742,1.526825,-1.994743,6.842147,-0.746653,-1.774243,6.807547,-2.008369,4.679166,3.556047,0.508282,9.102692,8.038339,-10.202052,2.874309
resume_0946,-7.614724,-0.918713,4.554304,-8.528906,-9.344106,1.208821,-1.072907,-0.076322,4.286188,3.790262,-1.024593,2.341906,-6.707342,-8.321241,8.263046,-0.020316,0.899639,-6.472530,-2.706323,-4.015675,-6.838516,-9.671678,5.960117,7.499017
resume_0947,-7.272844,-0.674758,4.353396,-7.548767,-8.561416,2.194753,-1.670990,-1.780887,6.929710,3.424926,0.226043,1.115614,-6.725439,-7.726218,9.018750,-1.130602,1.022489,-6.029625,-3.052464,-4.205771,-5.477990,-9.139210,5.860107,7.107440
resume_0948,9.990715,8.121866,-5.723307,10.512177,-1.243568,8.952256,-5.599191,-4.583869,10.603923,-6.484085,0.798339,-2.474097,8.635839,-8.667900,-8.206823,0.149239,4.705473,-7.728645,1.930870,-0.919898,5.069761,-0.879932,-4.665828,-0.368890
resume_0949,-8.813665,8.950620,-2.206706,6.067900,-2.496494,-3.081543,7.546575,-3.596643,0.885113,8.419518,10.627048,2.528473,7.886981,7.349487,-7.236004,-8.621223,-0.946532,3.675487,7.947806,-8.677545,-6.447612,2.652205,4.661058,-0.687573
resume_0950,10.684118,6.252558,-5.345776,9.223368,-1.777597,8.324501,-6.089745,-3.615352,9.772534,-7.492843,0.235984,-3.563480,7.086614,-8.728491,-7.738004,0.380859,5.400817,-9.002848,3.749811,-1.879211,4.848843,-0.145016,-5.482897,0.296292
resume_0951,-7.591259,-8.686189,8.190156,2.782338,-7.523912,3.028046,-7.483200,-6.004590,1.036003,-3.679652,-3.515766,3.203524,-2.068563,4.160552,3.713443,-6.864610,-1.055969,3.392114,2.043701,-0.838347,9.788360,7.926802,-0.738254,7.513523
resume_0952,9.811336,7.069848,-5.351846,9.485067,-1.796927,8.303127,-5.107928,-4.787901,9.368799,-6.962930,0.820747,-3.371607,7.155336,-8.443861,-7.754251,-0.543302,4.049421,-7.000797,2.170695,-1.841417,5.261221,-0.697931,-5.342124,0.441636
resume_0953,-8.019155,-0.987114,4.884192,-8.387218,-8.269578,1.878530,0.350833,-1.691350,6.192550,4.858158,-0.324820,2.379108,-8.282429,-6.772824,8.400331,-1.597653,2.027410,-5.641487,-1.814963,-5.357156,-5.326748,-8.618945,6.713082,6.685148
resume_0954,5.485696,-3.877375,3.950055,3.707062,-1.216674,2.027301,-7.037185,5.800944,-9.565584,-5.246889,1.179541,-6.906371,-7.577524,5.115308,0.387190,-8.471005,-1.005581,5.046963,-6.540122,6.886648,-10.157078,-1.054944,0.833803,7.759974
resume_0955,-6.608433,-8.117818,8.603252,2.080225,-7.601369,3.928644,-7.398878,-6.218045,0.796903,-3.072043,-2.927697,3.793590,-1.984995,4.354395,3.936455,-5.932369,-0.437478,4.118137,1.072002,-0.377037,10.469807,6.879915,0.344768,7.972117
resume_0956,9.973391,7.370931,-5.645905,9.349845,-1.492431,8.781584,-5.253527,-4.042086,8.314162,-7.104465,0.240714,-2.580955,6.974829,-8.069388,-7.706585,0.159032,6.770716,-7.769011,2.226060,-2.094703,5.231848,-0.328637,-4.638188,0.860274
resume_0957,10.305226,7.738155,7.623344,-9.447237,-0.285377,7.315856,1.329298,-6.373715,1.784133,6.862484,9.729428,-7.636237,-0.210905,-3.057838,-4.249129,2.998538,-6.587443,8.315199,6.269110,-2.496930,-6.933559,-4.775276,1.065838,4.155051
resume_0958,9.188578,7.225988,-4.465961,11.014220,-1.709053,8.413447,-4.592743,-3.615256,8.038597,-7.727808,0.010576,-3.601202,6.502654,-7.414261,-8.564421,-0.590138,4.934757,-7.397903,1.620610,-3.480310,3.799902,-0.771630,-4.141335,-0.022927
resume_0959,6.516558,-3.773075,3.970695,3.676231,-1.425632,1.675383,-6.380258,6.336881,-8.666872,-4.055090,1.619366,-6.002783,-6.458666,5.396813,0.230554,-7.520179,1.274920,4.035412,-6.049277,5.798217,-10.812381,-1.001879,1.391723,8.015289
resume_0960,6.332140,-3.295775,4.456106,4.201692,-2.521562,2.359469,-7.224320,6.050955,-8.781744,-3.858565,0.482302,-6.334708,-7.079022,4.226752,0.176932,-8.527737,0.978316,4.792984,-6.726755,8.009267,-8.712217,-1.522700,1.895205,7.680351
resume_0961,-6.772090,8.961761,-2.884719,5.624750,-2.660897,-3.509989,5.862075,-4.485709,0.464354,8.714117,9.152470,2.205255,7.461850,7.741357,-7.695145,-8.346000,-0.031826,2.825057,6.723854,-7.847357,-5.684437,2.957158,5.630519,-1.544199
resume_0962,-7.074360,-0.985691,5.867448,-8.206598,-7.400162,0.548649,-0.748184,0.533571,5.429891,3.388070,0.452652,2.011709,-8.712406,-8.646230,9.488830,-0.290835,1.813459,-5.741030,-3.003177,-4.036590,-4.359108,-8.257925,6.646416,7.844971
resume_0963,-3.308117,8.472884,-7.543536,-1.645802,-2.892597,-1.934719,8.415960,-1.204618,-8.060457,3.222930,1.323949,-2.743100,6.604432,-0.496613,-1.632261,8.195870,-2.434451,4.592028,1.765859,-0.401642,8.686054,8.385284,-8.727406,1.745855
resume_0964,6.053404,-2.569249,4.813565,3.557681,-1.207657,2.461410,-7.064245,6.429689,-9.222511,-3.610003,1.123790,-6.065964,-7.268366,6.158821,-0.122190,-7.474068,1.863790,4.495776,-5.644396,6.538126,-9.171963,-1.532440,0.620846,8.152252
resume_0965,9.406757,8.664613,-5.959727,10.016696,-2.221038,9.011597,-5.192192,-3.950035,8.962317,-6.839813,0.828222,-2.754084,7.568122,-8.179854,-7.340142,-0.013353,5.577645,-6.779568,2.915145,-2.857946,4.047903,-0.432477,-4.458977,2.350625
resume_0966,5.895865,-3.177781,4.605155,3.722352,-1.550262,1.724984,-7.227417,4.793373,-9.668995,-4.740472,1.228141,-7.227050,-5.732508,5.712669,-0.254808,-8.724033,0.929461,3.919740,-7.086317,6.802559,-10.046288,0.203378,1.426506,7.691145
resume_0967,-6.880793,10.148073,-2.321593,4.825607,-2.340012,-3.552364,7.390858,-3.923156,0.573317,8.004811,9.676621,1.421615,7.805839,6.153607,-7.288499,-8.933354,-0.526309,2.618669,7.759609,-8.349112,-5.423563,2.984132,4.343186,0.113838
resume_0968,-7.926811,-7.924632,8.676501,1.443174,-6.799856,3.564597,-7.693657,-6.166099,1.689632,-2.587228,-3.121694,5.272534,-1.208068,4.159567,2.802889,-6.130673,0.295560,3.023100,1.781641,-0.724089,11.219768,7.345004,0.351710,8.095926
resume_0969,-8.714569,-0.415895,4.667019,-8.469587,-7.453552,1.931171,-0.722989,-1.442720,5.390168,3.534233,0.161981,1.742615,-6.857802,-8.894562,7.114737,-0.326599,2.445046,-5.498868,-2.738830,-4.717905,-5.450430,-8.726300,6.557913,6.731558
resume_0970,-7.207725,-1.033239,4.885437,-8.327208,-8.375445,1.287302,-0.913106,0.001750,5.323117,2.614570,-0.444242,2.354532,-6.161150,-8.259579,8.772829,-0.335518,1.943761,-6.363840,-1.884722,-4.563583,-4.632626,-9.420439,7.967594,7.679373
resume_0971,6.004854,-3.176707,4.805797,4.543696,-1.824449,1.907914,-7.654026,5.029733,-8.396009,-4.615318,1.821502,-6.491470,-6.035592,5.532140,0.283883,-8.846948,0.389779,5.808030,-5.905119,6.023865,-9.398019,-0.683706,1.578174,8.035855
resume_0972,-2.027499,8.357479,-7.450573,-1.799308,-0.936669,-1.326287,7.492082,-3.006065,-9.024871,2.458291,1.140390,-2.530998,6.005504,-0.629731,-2.561191,8.468810,-2.125274,5.760728,2.761539,0.619622,9.402961,9.372676,-9.865949,2.088463
resume_0973,-2.040989,6.958266,-7.373794,-1.075534,-2.622473,-1.532019,8.308952,-1.166613,-8.259969,2.729291,2.278901,-3.161826,6.087380,-0.522722,-1.548650,8.174595,-2.336394,5.606318,2.154880,0.804701,9.002384,7.763180,-9.281217,2.628118
resume_0974,-7.411218,-9.080971,8.632160,1.665661,-8.013242,4.287400,-5.745191,-6.776914,1.439199,-4.385033,-3.455180,3.904527,-2.194804,4.663114,2.847374,-5.634089,-2.366999,2.883896,1.442628,-1.062495,9.957376,6.924915,-0.252887,8.738071
resume_0975,-7.784293,-8.656517,8.379416,2.727033,-8.841163,4.015250,-7.166126,-6.796881,0.785452,-2.175138,-3.060412,4.188127,-2.024117,5.995105,2.881140,-5.998339,-0.219888,2.472890,1.686016,-0.306299,8.825595,6.968247,0.046617,9.015167
resume_0976,5.358332,-3.804101,4.938916,2.293888,-1.829665,2.438493,-6.375533,6.325241,-10.016382,-4.334897,1.940972,-6.786786,-6.396471,5.027884,-1.322822,-8.116911,0.968154,4.474226,-4.928528,6.854263,-9.794818,0.238753,2.071822,8.447650
resume_0977,-1.633780,8.197212,-7.869677,-2.352836,-2.490922,-1.647462,7.623290,-1.585924,-8.572581,1.489043,2.611257,-2.931671,6.926935,0.547553,-2.286380,7.509531,-1.630171,5.264040,2.229767,-0.612302,10.378664,8.558007,-9.065507,1.636710
resume_0978,5.667032,3.913888,2.477542,7.993474,-4.948981,-6.011323,5.779827,-7.520699,3.492840,2.040356,-2.822602,-2.275345,1.634362,8.109736,-5.554401,-1.111135,-5.235833,-7.553956,-9.558740,-8.132531,-3.868026,4.804625,-7.051663,6.186408
resume_0979,-7.477541,-1.176318,4.810586,-8.277086,-8.256876,0.905744,-0.684039,-1.579441,5.225831,2.312869,0.081589,2.118020,-6.354176,-7.929984,8.268534,0.940360,2.621072,-5.674676,-2.514320,-4.643566,-6.704348,-10.646214,5.881578,8.006903
resume_0980,-8.464052,8.387031,-3.475668,5.775414,-3.147783,-3.861330,5.844950,-2.857008,1.243099,8.233148,9.879095,3.415536,8.582093,6.876659,-7.928979,-8.408542,0.276651,3.352583,6.599843,-7.606656,-4.048424,3.604858,4.767667,-0.653996
resume_0981,-7.088777,-0.852554,4.989101,-8.214866,-7.822136,2.273764,-0.406165,0.479926,5.867374,2.699645,0.247617,1.148498,-7.279556,-8.093532,8.248527,0.521724,2.487073,-4.512221,-3.144816,-4.515921,-5.741731,-8.369835,7.676910,7.630701
resume_0982,-7.603031,9.069134,-2.882623,7.416779,-2.121392,-3.240289,5.632376,-3.588505,0.778667,8.180886,9.932192,2.376644,7.852686,7.418720,-8.234158,-7.903071,-0.378720,4.010162,7.875285,-7.639838,-5.287110,3.286543,4.947242,-0.779155
resume_0983,8.406025,7.221302,8.711383,-8.559961,-1.861556,7.473900,1.389663,-6.689119,1.198206,7.775663,9.781063,-7.899604,0.448415,-3.583287,-4.853988,1.928484,-6.351180,7.796406,6.152118,-1.540275,-7.257018,-4.347842,1.829616,4.909445
resume_0984,-8.272083,-0.369137,5.288634,-8.001681,-8.312650,2.324700,0.038940,-0.984324,5.252823,3.424204,-0.465071,2.196730,-7.882088,-8.905403,8.728478,-0.280382,2.134623,-5.494516,-2.753170,-3.929710,-5.476633,-8.992836,7.007874,8.324837
resume_0985,-6.896485,-9.461499,8.325045,1.132119,-7.963098,4.589662,-6.084894,-6.527929,0.739671,-3.799253,-3.356294,2.800583,-1.295263,2.778015,3.665867,-5.213729,-0.196203,2.278242,1.928012,-0.146602,9.018474,8.059819,0.514193,7.755470
resume_0986,6.000395,-3.187417,4.749392,3.597385,-1.593056,1.823475,-8.112245,5.775176,-8.562825,-4.506508,1.218848,-6.540064,-6.655483,5.440116,-0.639598,-7.890311,0.198427,5.356462,-6.099951,7.203678,-10.723566,-0.039894,0.344389,7.876963
resume_0987,8.159710,6.403354,6.858959,-8.057271,0.060531,7.564657,1.689607,-6.742321,0.836021,7.163635,8.983506,-8.959868,0.212495,-3.834132,-5.156077,1.216664,-6.584248,7.976045,4.990316,-3.347608,-6.149162,-4.052662,2.397575,5.277994
resume_0988,-7.320221,-8.473752,8.589027,3.008025,-7.994264,3.721601,-6.116983,-4.556507,1.454383,-1.625251,-3.568559,4.534446,-0.742730,4.599224,2.690473,-6.240707,-0.851683,3.032512,1.815659,-0.248734,9.420940,7.193472,-0.268538,8.548724
resume_0989,-7.576247,8.852407,-2.574597,5.749451,-1.615586,-2.778239,6.639988,-3.806806,1.148045,7.603308,9.003516,1.527950,6.997315,7.892337,-6.910748,-8.044861,0.346319,3.542354,6.516135,-8.502654,-4.513855,2.244216,3.849548,0.861776
resume_0990,-6.749791,-9.193213,8.986742,1.707685,-7.189145,3.462746,-6.114213,-6.548173,0.908069,-3.586930,-2.738624,4.617124,-0.770580,4.390878,2.611601,-5.765547,0.202735,3.081739,2.210412,-1.431605,10.166553,6.686752,0.823799,7.814439
resume_0991,-3.270890,8.713802,-8.167423,-0.892831,-2.383002,-1.036733,8.508169,-2.026613,-9.213936,2.311112,1.267671,-2.632756,7.006635,-0.591713,-0.912670,7.523193,-2.591759,5.839814,2.772852,0.285528,8.933406,8.946228,-9.521743,3.591385
resume_0992,6.454947,-3.148497,4.596084,3.127071,-1.596165,2.315618,-7.474340,6.685472,-9.660288,-3.918473,1.317128,-7.527542,-6.449417,5.593548,-0.744565,-8.499516,0.869104,4.534391,-6.538765,6.824515,-8.742625,0.397940,1.647215,7.909570
resume_0993,-8.547247,-8.706574,8.715688,1.540800,-5.715775,3.614624,-6.208525,-6.897621,0.663213,-4.099918,-2.605991,5.266971,-1.713937,4.646232,3.396292,-4.943666,-1.068382,3.546376,1.673799,-0.941860,9.333681,6.554374,0.294882,7.645869
resume_0994,4.917918,3.786494,2.167444,7.986705,-5.231067,-5.876502,5.967098,-6.432440,2.754672,0.904558,-2.980361,-2.510081,1.758917,7.176325,-5.295770,1.286801,-3.712543,-8.480135,-8.443844,-7.391377,-3.309846,3.520583,-6.831088,6.610014
resume_0995,-2.476302,7.631892,-7.358997,-1.681370,-3.292248,-1.559173,8.749145,-3.623319,-9.097397,3.120083,1.214914,-3.542463,6.491201,0.069716,-1.279330,7.694794,-2.001024,5.691267,1.262663,1.417739,9.486789,8.380507,-9.907955,1.966080
resume_0996,-8.110682,-9.175364,9.322430,1.948001,-6.546635,3.688278,-7.005132,-6.176784,1.841585,-3.292444,-3.504987,3.475393,-1.106642,5.319477,3.390367,-6.223769,-1.855959,2.856066,2.753218,-0.634149,9.937951,6.593786,0.630502,8.950895
resume_0997,5.820901,-3.318165,4.135855,2.523225,-1.488748,2.260078,-6.616278,6.947035,-8.512597,-5.130146,1.824652,-6.069064,-7.063264,6.000432,0.242115,-9.073356,0.753747,3.841751,-5.883548,7.588955,-9.516861,-0.414525,1.195809,7.980933
resume_0998,4.703483,4.200939,1.975820,9.108638,-4.597427,-4.587590,6.215804,-6.905674,2.860142,0.604214,-1.823123,-1.302074,-0.221362,7.186697,-7.063658,1.043611,-4.646421,-7.968108,-9.495142,-9.177283,-2.471119,5.004900,-8.319229,7.559184
resume_0999,-7.000193,-1.002711,5.385980,-6.804558,-8.419988,1.115716,-0.130078,-0.291712,5.671009,3.059507,-0.339729,2.363152,-7.289407,-7.800251,8.324536,-0.191504,1.672602,-6.357541,-2.355618,-4.047142,-4.673864,-9.581382,6.818236,8.643019
resume_1000,-7.859864,-8.888007,9.160132,1.417509,-7.696633,4.755349,-6.698137,-6.023014,0.819660,-3.352484,-2.476488,4.596654,-2.493049,5.213236,2.172567,-6.738368,-0.206727,4.159487,1.831407,-0.870934,8.861668,7.055790,-0.004462,7.315793
resume_1001,-7.239030,-10.227570,8.523610,1.714128,-6.754292,3.524349,-6.502655,-5.761950,1.365648,-4.756445,-3.588969,3.837577,-1.202032,4.115022,3.019346,-6.164217,0.707960,3.308068,2.622040,-1.143180,10.731981,7.016198,-0.088661,8.008235
resume_1002,-1.416499,7.790006,-7.986685,-0.997180,-3.330241,-1.570492,7.460076,-1.476498,-7.660857,2.254524,1.349663,-3.079495,6.413443,-1.224253,-1.644105,6.988095,-2.339605,4.828385,2.193832,-0.095698,8.913268,8.997941,-8.859946,3.169594
resume_1003,-7.518640,-1.015401,5.389554,-8.464625,-8.480852,1.921840,-0.119171,-1.301559,5.691385,3.977973,0.536940,1.284650,-6.718558,-7.802132,8.636694,0.605856,2.870169,-5.514319,-2.152659,-4.759902,-4.779745,-9.756015,6.543337,6.939582
resume_1004,10.474665,6.291430,-5.963564,9.370390,-1.456756,8.928533,-5.537296,-4.945045,9.566042,-9.058353,1.670405,-2.753568,8.012470,-7.428690,-7.280562,-0.190231,5.277434,-6.751810,1.050077,-1.261158,5.314453,-0.380902,-3.549955,-0.069548
resume_1005,5.838771,4.461347,2.142301,9.776802,-5.058509,-4.192503,6.391756,-7.119711,2.953297,0.676017,-1.436586,-2.439291,0.771228,8.281610,-5.722622,0.511450,-5.848714,-8.415078,-8.790382,-8.184360,-3.841944,3.626538,-8.343834,6.158840
resume_1006,5.054946,4.838462,1.791715,9.538200,-5.499597,-5.816203,5.570851,-6.569135,3.961739,1.727178,-3.451966,-1.040146,1.068344,8.645368,-6.650616,0.337009,-5.620850,-8.012949,-9.692459,-7.337786,-4.575732,4.924409,-7.747893,6.252479
resume_1007,5.050077,4.780212,2.114054,8.339884,-4.769064,-5.496923,6.484976,-5.700060,3.400170,1.256475,-2.072040,-2.338989,1.095339,8.537388,-4.614438,0.889826,-5.688082,-7.536421,-8.954541,-6.830903,-3.452680,4.945996,-7.789344,5.884130
resume_1008,8.275416,7.832385,8.482144,-8.210220,-0.806050,7.567862,2.760392,-6.887730,1.635259,8.396286,9.449893,-8.856802,0.264796,-1.980985,-5.698313,1.927651,-6.638901,8.477556,5.071226,-3.559650,-6.600953,-5.033272,2.462831,5.533268
resume_1009,8.853004,6.709816,-6.441571,9.152338,-2.377381,9.203878,-5.114620,-3.354819,8.929064,-7.003864,0.093936,-2.517034,7.709077,-7.139548,-7.896175,0.550377,5.180516,-6.740416,2.494641,-1.740376,5.636803,-0.738033,-5.219521,-0.181613
resume_1010,-7.773204,-8.492755,8.482331,1.961755,-8.819270,3.527654,-7.947648,-5.396237,0.893625,-3.262694,-2.395253,5.159266,-0.994092,4.425477,3.120747,-7.146049,-0.554757,3.596474,1.858094,-0.456012,8.984371,7.276404,-0.840894,8.319250
resume_1011,-6.992655,9.023511,-2.731563,5.736555,-2.371914,-2.645572,5.902526,-4.148392,0.586303,7.569168,9.141231,2.636892,8.140575,6.936375,-7.163676,-8.740720,1.535815,3.354529,7.770814,-9.356439,-5.441215,2.274122,4.325826,-0.823515
resume_1012,6.595295,-3.149272,4.147519,1.943960,-0.894122,2.256201,-6.523977,6.007761,-9.773306,-3.158579,1.015498,-6.746915,-7.016378,4.475148,-0.968074,-8.057229,0.874097,4.244009,-5.487478,6.112915,-9.965551,-1.677345,2.560572,8.423996
resume_1013,-8.145760,-9.650727,8.325573,2.202545,-7.921903,3.375790,-7.289707,-5.605630,1.078263,-3.943756,-2.913036,4.563995,-0.682923,4.012377,3.998681,-5.278664,-0.998806,2.837787,1.429605,-0.113809,11.163247,6.599245,-0.749906,7.739195
resume_1014,9.929526,7.669174,7.309363,-9.188036,-1.065485,7.654654,1.611930,-6.082545,1.317997,8.262608,9.582811,-7.685777,-0.756651,-2.978211,-5.472198,1.872717,-6.421854,7.809576,4.698347,-3.510172,-7.319467,-4.830531,1.179928,5.497660
resume_1015,-2.070129,7.212205,-7.628590,-1.717849,-3.279911,-1.580910,7.903481,-1.690035,-7.461696,2.591201,2.363372,-2.932213,6.542445,-0.468851,-2.025920,8.297753,-2.716093,4.330215,3.308348,0.093334,11.065022,8.383008,-10.841344,1.972769
resume_1016,-7.698160,-9.555117,8.514811,1.931438,-6.693650,2.854465,-6.816439,-5.710601,-0.000570,-3.535561,-2.635952,3.589581,-1.368673,4.253599,2.958073,-5.201765,-1.064544,2.484010,0.822812,-1.563266,9.321819,7.926034,0.694107,6.711752
resume_1017,-2.109183,8.059024,-7.544119,-2.808002,-2.737649,-1.393322,8.120633,-1.869222,-9.083343,3.071030,1.794094,-2.668032,5.918049,0.730446,-1.439835,8.659626,-3.015869,5.295308,2.491601,0.250739,10.140223,9.058082,-10.206861,1.363538
resume_1018,-8.037631,9.757071,-3.157526,6.472207,-1.235346,-2.317939,7.067508,-4.553967,1.481012,9.260252,8.849270,2.541800,7.888867,5.726443,-7.667425,-8.474673,0.846451,3.582114,7.404999,-8.004576,-6.521563,2.908305,5.941010,0.311022
resume_1019,5.669816,4.341229,2.407873,8.052824,-5.624284,-6.126633,5.632501,-7.701422,3.506910,0.548801,-2.046939,-2.312506,1.716405,7.873994,-5.993962,0.811777,-4.546565,-8.218951,-9.112416,-6.419026,-3.967828,4.197210,-8.388270,6.965739
resume_1020,-1.807900,7.201477,-7.311248,-1.875416,-1.889798,-0.608049,9.183713,-0.720379,-7.788332,1.396390,2.105090,-2.079923,6.868900,-1.443081,-1.647111,7.750679,-2.102352,5.613911,1.885737,1.296473,10.187324,9.145229,-9.079698,3.536569
resume_1021,6.044941,-4.438609,4.719456,3.590276,-2.196134,3.386225,-5.897259,7.125483,-9.395822,-4.834220,1.266274,-6.425966,-6.364644,4.771523,0.972334,-7.037013,0.598980,4.274068,-4.922217,6.387551,-8.756800,-0.352192,3.047676,8.266768
resume_1022,-7.385031,-7.292328,8.107970,2.817318,-7.730719,2.591410,-7.517927,-6.163975,2.121344,-3.779333,-2.899485,3.616369,-0.789961,4.599568,3.104831,-5.732721,-1.152637,2.941476,1.904823,-1.664239,9.690145,6.690935,0.076490,8.300730
resume_1023,8.783806,8.454747,8.608639,-8.308201,-1.120412,6.854177,1.065986,-6.436793,1.495179,7.647241,8.969751,-9.091485,0.571122,-2.749891,-5.002432,1.189371,-7.733639,7.993100,5.049172,-2.337971,-6.332191,-4.257527,1.482943,5.451917
resume_1024,9.184184,7.053974,7.520500,-8.262087,-0.247805,6.685162,1.801060,-5.873626,2.581867,7.443438,8.794126,-9.268308,-0.378892,-3.403087,-5.343468,3.258283,-5.671213,8.581483,4.881597,-2.693433,-6.609155,-5.324412,1.265002,5.257036
resume_1025,-6.737579,9.500231,-2.211411,7.189735,-1.802468,-2.776863,6.461952,-3.287929,0.726669,8.483083,8.803657,1.701821,7.417508,8.190850,-8.365907,-8.556568,0.230589,3.265846,5.789936,-8.074532,-5.815503,1.397483,4.275412,-0.642530
resume_1026,7.000830,7.480599,8.744050,-8.712773,-1.405486,6.615479,2.514778,-6.503305,1.833091,7.559334,8.752749,-7.557365,0.517737,-3.925534,-4.394138,2.386084,-6.788915,8.272441,6.250016,-1.901235,-6.018548,-5.543096,1.132142,5.897461
resume_1027,-7.801441,-0.693382,4.661075,-7.155703,-8.988146,1.338736,0.483659,-1.270955,4.551984,3.419013,-0.322061,1.466669,-7.947863,-7.241319,8.386696,-1.291647,1.831668,-5.907645,-1.612322,-3.883218,-4.846107,-8.759461,5.924580,7.593896
resume_1028,-6.661783,-8.695332,7.937565,2.716329,-7.094645,2.512250,-7.346514,-6.445705,1.111723,-4.259779,-3.621954,5.480366,-1.157658,5.067645,3.434782,-5.900319,-0.940808,2.425986,1.523255,-1.106150,9.882875,6.886839,0.103652,7.631198
resume_1029,-7.079677,9.364523,-3.687286,5.967083,-2.419884,-3.451277,6.039969,-3.892855,-0.149448,9.157577,10.564173,2.694013,7.705822,7.842590,-5.982072,-8.970644,0.706067,1.883942,7.394691,-8.110874,-5.511108,2.829010,4.226905,0.168088
resume_1030,10.049248,5.858299,-6.683299,10.149026,-1.936174,8.269926,-5.865712,-3.205865,9.044675,-6.715688,-0.211530,-3.678356,7.076121,-8.105354,-8.240797,-0.222830,4.788638,-6.819565,1.694414,-1.423426,4.754829,-2.169787,-5.916029,-0.299025
resume_1031,5.287250,5.040296,1.659278,8.536307,-4.609794,-6.358774,6.635405,-7.475195,3.099538,2.114072,-2.061515,-2.110534,0.747063,7.781253,-6.196935,0.403754,-4.503494,-8.138260,-10.002311,-8.032705,-3.101984,3.966037,-8.061291,6.308247
resume_1032,-1.131358,7.375962,-8.160168,-2.748370,-1.387662,-1.513132,7.724609,-2.549894,-7.625748,1.786064,1.339777,-2.941248,6.709869,-0.470415,-1.593259,7.972947,-1.919591,5.159910,2.508518,1.924940,9.056467,8.652497,-9.154077,2.897609
resume_1033,9.230583,7.527756,8.702878,-8.313847,-0.716408,7.101410,2.602690,-6.585521,1.700512,5.976381,7.903655,-8.022030,-0.144593,-3.628760,-5.180072,0.461591,-5.704632,8.634092,6.685754,-2.349158,-6.903085,-4.670600,2.932056,5.699482
resume_1034,8.383110,7.963383,6.700121,-8.417242,0.155408,6.716766,1.858128,-6.214091,0.340227,7.994106,9.121604,-7.854617,-0.368230,-3.758424,-5.046734,1.594705,-5.976346,7.818743,5.604887,-2.393947,-5.927449,-4.333758,1.507076,5.491329
resume_1035,4.285717,5.567395,0.820527,8.143319,-3.893656,-5.413910,5.823254,-6.330136,3.726314,1.905005,-3.629104,-1.707006,1.056669,7.875287,-7.275707,-0.109740,-4.374446,-7.053070,-9.457223,-8.492571,-3.354541,4.625975,-7.588521,7.171726
resume_1036,-7.961305,-0.660556,5.246736,-7.212773,-9.591530,1.819811,-0.231891,-1.946570,4.563539,3.167187,0.115893,2.330264,-6.396010,-7.792427,8.617456,0.640090,1.303732,-5.999178,-2.100369,-5.377258,-5.213474,-9.000363,6.155744,7.280305
resume_1037,10.705772,6.461138,-4.577064,9.406577,-1.982571,8.672461,-6.169637,-2.904095,9.942747,-7.351494,0.792460,-3.524033,7.636898,-8.268677,-7.799107,-0.080777,4.561833,-7.169233,2.265156,-0.818279,5.119942,-1.937761,-5.012577,-0.124914
resume_1038,5.172201,-3.190052,5.283572,3.827290,-1.241766,2.702597,-7.335408,6.265200,-9.235846,-4.737546,1.273951,-6.611721,-7.845851,5.062008,0.145046,-7.270344,0.456549,2.986608,-5.055476,7.654162,-9.137548,-1.222484,1.638479,7.231021
resume_1039,8.669150,6.279482,7.937888,-7.534924,-1.153738,7.086141,1.752195,-7.145833,2.142222,7.862979,9.510529,-8.468269,-0.153173,-4.523209,-4.458742,2.431404,-8.117956,8.761079,5.573165,-2.942747,-6.898454,-5.687345,1.159144,5.389860
resume_1040,9.821741,6.918047,-5.222234,9.233003,-2.415117,9.592167,-5.826381,-3.427295,8.794057,-7.370811,0.485231,-2.205677,6.616899,-8.189898,-7.366937,-0.677286,5.098782,-7.133856,1.484606,-2.113165,4.264875,-1.141523,-3.321632,-0.226664
resume_1041,4.927745,5.041712,2.575779,9.363215,-4.622443,-5.753838,7.122713,-6.281992,3.731973,1.496647,-1.552372,-2.177724,1.190821,8.012369,-6.670830,0.201750,-5.013413,-8.233461,-9.033769,-7.120150,-3.724029,4.862075,-8.238046,6.280782
resume_1042,6.438865,-2.677360,4.235027,2.374612,-2.105268,0.131119,-7.124852,5.125179,-9.923901,-4.996331,1.453104,-7.183453,-7.149474,4.908802,0.621231,-8.338390,0.910893,4.537862,-5.934807,6.983241,-9.952761,-1.647098,0.286597,7.218050
resume_1043,4.688102,5.199564,1.138148,7.971892,-3.937335,-5.135084,5.899220,-7.126929,3.666097,0.583558,-2.618690,-3.039996,2.500351,7.988051,-6.315497,-0.451873,-4.533400,-7.935229,-10.148159,-7.324809,-3.491640,3.838724,-8.606984,6.993628
resume_1044,-2.411110,8.325836,-7.948775,-0.869794,-3.026584,-0.394413,8.006754,-1.333368,-7.610620,1.844858,2.563373,-2.144613,6.668820,-0.732151,-1.945326,7.897321,-2.825300,6.421684,2.388940,-0.397995,9.395901,8.125231,-9.683196,1.349306
resume_1045,-1.769944,7.057077,-8.051144,-0.175301,-2.712108,-2.162321,7.028368,-0.548295,-8.021364,2.634300,3.119082,-2.349334,4.370969,-2.819044,-1.585106,7.870341,-3.219887,6.202093,1.787642,0.508760,8.481780,8.556544,-9.672692,2.008065
resume_1046,5.741750,-3.324196,4.654529,3.198448,-1.236877,2.769366,-6.343358,5.510069,-9.206022,-4.856649,1.784950,-7.138463,-5.370913,4.425431,-0.423688,-7.565841,-0.157854,4.532384,-6.474467,6.945440,-9.430723,-0.970768,2.184369,7.803408
resume_1047,-7.933187,-8.102948,8.378660,2.560450,-7.228665,3.055058,-6.968184,-6.292602,0.771323,-2.967038,-2.400978,5.228782,-2.427551,3.737880,1.836342,-6.521318,-0.281499,3.696536,2.571497,-0.955535,9.258265,6.651319,1.519314,7.422095
resume_1048,9.561922,7.382184,-5.822692,9.811868,-1.464494,9.643932,-5.408886,-4.052354,9.055092,-7.041542,0.019664,-2.900922,7.352017,-9.148428,-7.142291,-0.018069,5.298933,-7.457515,3.462821,-1.089098,4.954303,-0.808397,-5.540174,-0.621305
resume_1049,6.249195,-2.493836,4.664189,3.119713,-2.105595,2.597723,-6.844288,5.362472,-8.674379,-3.996991,2.107992,-5.764792,-6.062424,4.254173,0.202816,-6.716520,0.720305,4.735245,-5.498701,6.921820,-10.297795,-0.759494,1.468182,7.806078
resume_1050,-2.697822,7.154234,-7.415615,-2.386467,-2.315165,-1.047955,9.451494,-2.414143,-7.923525,3.394372,1.062489,-1.889322,5.852883,0.028968,-1.695825,7.741067,-2.311957,6.155563,2.029199,0.503668,9.674972,8.465689,-9.363062,2.639025
resume_1051,8.656864,7.755151,7.498806,-7.790905,-1.047371,6.328745,0.194655,-6.387956,1.735999,8.305533,9.167018,-7.947542,0.282783,-2.794912,-5.977411,2.755472,-7.895521,7.889532,6.125379,-2.355542,-6.529743,-5.321380,1.414513,4.879639
resume_1052,5.102913,5.047239,1.897764,8.864237,-5.593727,-5.166724,6.108264,-6.575099,3.220328,0.978779,-0.467825,-3.072699,2.158240,8.304938,-6.325110,0.310609,-4.573769,-8.575172,-9.265148,-7.601176,-2.793276,3.618843,-7.377196,7.251270
resume_1053,-7.300690,-8.224116,8.392893,1.490898,-6.917519,2.609516,-6.475483,-5.964719,1.976823,-3.961226,-3.356221,5.149047,-0.807078,5.308341,3.071625,-5.618934,-1.263509,3.587947,2.077164,-0.273713,8.255542,7.743656,0.535692,7.833245
resume_1054,6.116745,-2.984335,4.807531,3.751189,-2.382298,1.703730,-7.256337,6.073747,-8.546184,-4.902792,2.007542,-6.171210,-5.898378,5.199374,0.219798,-6.925499,0.379424,3.804852,-6.690586,7.020241,-8.316270,-0.405710,1.345853,7.700267
resume_1055,-2.800305,6.648939,-8.317042,-1.376247,-3.000756,-1.310172,9.115816,-1.447995,-8.735520,1.887662,1.778849,-2.837189,6.716987,0.117827,-1.469992,8.656697,-2.363262,6.248501,2.512155,1.174766,8.043845,9.074763,-10.388450,2.677182
resume_1056,5.367983,5.700984,0.648852,9.056009,-4.725506,-5.871766,6.173543,-6.671203,3.426030,1.511165,-2.277681,-2.090110,2.462503,8.561161,-6.963832,-0.221266,-5.557756,-8.132183,-9.584905,-6.288559,-4.118120,4.095630,-8.539539,5.274379
resume_1057,-2.286803,7.438172,-8.185712,-2.426266,-2.239982,-2.402837,7.867453,-2.083539,-7.995300,2.930149,2.121826,-2.175319,6.084968,-0.547287,-0.888786,6.745912,-2.332605,4.485913,1.548866,-0.487852,9.599964,8.768177,-8.319275,3.495074
resume_1058,9.894493,6.511564,-5.789212,8.987841,-1.381666,9.357874,-4.589793,-2.567728,8.914592,-7.248050,1.473581,-2.559164,7.742777,-7.280973,-7.285566,-0.676422,4.372950,-7.067877,1.891185,-2.480390,4.407571,-0.762503,-5.493565,0.267009
resume_1059,-7.405541,7.889741,-2.687340,6.774368,-2.240094,-3.686399,7.448933,-4.650406,1.645391,7.830510,11.051863,2.878899,7.715076,8.744957,-6.652493,-8.360522,0.696069,2.765326,7.936778,-7.513641,-5.372010,2.562991,4.378822,-0.792776
resume_1060,6.288438,4.499756,2.638751,7.550476,-5.184016,-5.150863,6.366552,-6.531412,4.188042,1.701736,-2.501160,-3.034751,1.597908,7.747514,-6.084541,0.855425,-5.564596,-8.568108,-8.927289,-8.535826,-3.607835,4.745186,-7.792380,6.063153
resume_1061,-7.362790,0.310330,4.543298,-8.439259,-7.430812,0.882668,-0.354585,-0.380889,6.197968,3.708954,-0.022236,3.099474,-6.992500,-8.184130,8.459524,0.181003,2.975311,-5.562819,-2.653312,-3.539361,-4.928037,-8.729897,5.598221,8.236354
resume_1062,4.850917,3.795365,0.944098,8.677246,-4.044870,-5.488024,7.783176,-6.643163,4.485027,1.640706,-1.878816,-2.070479,1.565029,8.061420,-6.448812,0.260372,-5.045011,-8.364693,-9.442679,-7.156410,-2.754659,5.298571,-8.791826,6.137538
resume_1063,-7.029974,8.611142,-2.771078,6.758383,-1.791323,-2.446075,6.170461,-5.101409,0.470738,7.949254,9.981639,1.495798,8.269671,7.132899,-6.276072,-8.816985,0.518601,3.348422,7.132997,-8.171490,-5.548611,3.226236,4.473169,0.775309
resume_1064,-1.758533,7.767736,-6.597826,-0.985535,-2.205056,-0.681291,8.233969,-2.357694,-8.371993,2.111704,1.046550,-2.834399,6.315351,0.063802,-2.633507,7.948897,-3.213276,6.357448,2.104167,1.158975,9.119400,9.118622,-8.110609,3.147238
resume_1065,9.631377,6.171726,-6.942072,9.467379,-1.303174,9.012005,-6.148984,-3.919547,8.597733,-7.336854,-0.018070,-1.855251,8.082987,-9.037723,-7.032349,-0.074083,5.072975,-7.103087,3.016306,-2.402093,4.646210,-0.684899,-5.742295,-0.593036
resume_1066,9.655027,7.581581,8.641802,-8.398666,0.193265,7.620405,2.078467,-5.516871,1.266542,7.215783,8.663351,-8.794423,-0.639770,-3.237379,-4.732953,2.171194,-6.648165,7.199882,5.326622,-2.745996,-6.579706,-4.718857,0.745667,5.576781
resume_1067,8.385225,7.620564,7.030196,-7.664228,-0.977609,7.261340,1.912877,-5.933761,1.440907,7.516056,8.670972,-7.612475,0.022075,-3.188988,-5.833612,2.059014,-6.434303,8.406805,4.680389,-2.519817,-6.431240,-4.723831,2.831857,6.213043
resume_1068,-7.990483,-1.289779,4.256249,-7.950906,-8.275986,2.215070,-0.667728,-0.093749,5.542594,2.774287,0.575775,1.527957,-7.557251,-8.018273,8.390484,-0.123088,1.416900,-5.481596,-1.492483,-5.268370,-5.531152,-10.871025,6.102186,7.346293
resume_1069,-1.293778,7.436770,-8.058706,-1.428014,-3.562101,-2.712795,8.203239,-1.274853,-8.381753,2.347200,3.324776,-2.200704,5.437018,-1.371205,-0.808527,7.118999,-2.112697,4.993986,0.991150,0.779231,9.648902,8.633925,-10.061846,1.457554
resume_1070,-1.189506,7.012040,-7.836677,-1.730749,-1.754889,-0.915765,8.694072,-2.395653,-7.957354,3.207210,3.209344,-1.727922,7.340800,-0.376681,-1.647909,8.223974,-1.768301,4.790831,3.448892,1.034586,9.959185,8.320656,-9.991145,1.999918
resume_1071,9.905919,7.198356,-6.698974,8.746168,-0.845246,9.433693,-5.193180,-4.018894,8.166478,-7.339859,0.064725,-1.569140,6.911634,-8.576943,-8.095822,0.261183,5.241471,-7.181450,0.987348,-1.655577,4.366098,-0.298591,-5.758830,0.057826
resume_1072,-1.413283,7.388454,-7.059372,-0.366670,-2.312313,-2.273555,8.351804,-1.904439,-8.317546,1.907765,1.730741,-3.455218,6.803326,-0.831135,-1.966599,7.671282,-2.063591,3.848112,3.248909,0.989988,9.021053,8.463746,-10.693804,3.556368
resume_1073,-2.154794,8.298773,-6.786052,-1.114187,-3.129769,-2.437027,8.180078,-0.722248,-9.384281,2.503845,2.434197,-2.246842,6.922100,-0.207981,-2.104756,7.625460,-2.278047,6.503624,1.872483,0.990816,9.297161,8.808407,-10.167624,2.432511
resume_1074,8.727003,7.713020,9.162157,-8.648718,-2.379798,6.683354,2.154458,-7.115421,2.192614,6.950252,9.947103,-8.091218,0.268125,-3.001836,-5.303830,2.316343,-5.540321,8.298566,4.069277,-2.589589,-6.050062,-4.487567,2.684724,5.832594
resume_1075,-2.089371,8.813771,-7.771064,-1.039904,-2.874429,-1.157341,8.501705,-1.245602,-8.695668,1.725474,2.850702,-3.117079,5.471562,-0.273543,-2.056541,6.989842,-1.739853,6.073937,2.426080,0.299141,10.543047,7.114950,-8.856365,2.683265
resume_1076,7.969602,8.001379,6.573789,-8.567929,-0.247959,6.192706,2.422524,-6.453860,1.339698,8.557792,9.891139,-8.700998,-0.049225,-3.442933,-3.957900,1.603626,-7.025288,8.320850,5.867697,-2.508789,-6.899461,-4.765705,1.643321,6.395855
resume_1077,-6.273077,-9.456589,9.218723,2.594791,-7.824750,3.903206,-6.454623,-6.299270,2.301944,-3.280134,-4.680904,4.506067,-2.845034,5.142662,3.021170,-5.753794,-0.862238,2.992689,1.136210,-1.932353,9.505251,7.073125,-0.295053,8.781218
resume_1078,-6.959338,-8.669465,8.446152,3.564829,-7.595393,3.662161,-6.713233,-6.107336,0.351903,-3.251149,-3.114889,3.748502,-1.011326,4.864035,2.254655,-5.172354,-0.567374,3.834818,2.275447,-0.987334,9.528318,7.367988,-0.070084,7.804759
resume_1079,-6.642080,-1.538740,4.607793,-8.080244,-7.395627,1.013913,1.042144,0.426700,5.160345,3.568149,-0.359046,2.128439,-7.379427,-7.076135,8.222568,-0.303125,2.748497,-5.041379,-2.816134,-4.031091,-5.552256,-8.884791,5.878509,7.076126
resume_1080,8.756826,7.307899,7.801878,-8.085981,-0.331554,7.561629,1.426316,-6.189406,0.752608,7.803110,9.569615,-7.774891,0.279830,-3.655776,-5.336596,3.348764,-6.454359,8.152019,5.602536,-2.745362,-6.765186,-4.053732,1.412016,4.980002
resume_1081,5.831197,-3.565266,5.110113,3.698419,-2.803897,1.500111,-7.306717,6.439794,-9.684998,-5.246727,1.819701,-6.663623,-7.481841,4.292400,-0.383123,-8.083473,0.470740,4.670505,-6.181848,7.597636,-9.868048,-0.936622,2.066068,8.002080
resume_1082,-1.214393,7.727670,-7.563057,-1.330145,-1.750184,-1.630466,6.584609,-2.054149,-7.242409,2.449637,1.789931,-2.438372,6.209095,0.127607,-0.816228,8.292857,-1.968822,4.788408,2.553994,-0.038725,9.180641,9.658153,-9.612333,2.525422
resume_1083,5.858571,4.741073,2.240783,8.030467,-5.698901,-6.586235,6.011879,-6.978601,3.845140,1.406932,-1.741574,-2.467072,0.825199,9.227463,-5.935181,1.206899,-6.421165,-6.492367,-9.493977,-7.464489,-1.865098,4.927888,-7.333642,7.100139
resume_1084,8.833664,6.968363,7.470860,-8.295044,0.038150,6.910316,3.457234,-5.735576,1.936454,7.935028,9.253531,-9.291111,1.037732,-3.509081,-5.860075,1.755285,-6.039347,7.664896,7.006630,-3.232376,-6.013411,-5.736906,1.757925,5.594039
resume_1085,5.746870,4.573648,1.813441,8.219255,-4.952443,-5.455957,5.782643,-6.858355,4.469261,2.851980,-1.607432,-1.219947,1.466324,8.243175,-5.175753,0.104500,-5.638466,-7.194012,-9.475128,-7.650033,-3.364875,4.487690,-8.193157,5.444280
resume_1086,5.239490,5.122904,1.638586,8.537684,-3.453809,-6.464288,6.808522,-7.515176,3.359507,1.298623,-2.756729,-2.081371,1.726889,8.020568,-6.459447,0.685724,-5.149748,-8.027741,-9.889388,-7.556437,-3.334200,5.053368,-7.613883,5.620389
resume_1087,-2.050788,7.396919,-7.390659,-1.464232,-1.503746,-1.127449,9.027529,-1.534121,-7.722776,2.500794,1.199819,-2.366801,6.114244,-0.754557,-1.136272,7.087594,-3.165480,5.932286,0.850758,0.603800,9.192597,8.930097,-9.487881,1.733831
resume_1088,-7.612566,9.587994,-2.625189,6.164778,-1.542511,-4.509355,6.445713,-2.654690,0.416647,8.828504,10.103943,1.811771,7.689328,7.197174,-7.100040,-8.519616,-0.166048,3.178614,8.395141,-8.704754,-5.806492,2.387112,4.448418,-0.805053
resume_1089,-6.999960,9.854991,-3.018188,6.287516,-3.123743,-3.661055,7.204671,-5.071665,1.573351,7.632658,9.253239,2.760562,7.633607,6.702127,-7.942627,-8.822424,-0.478702,3.156898,8.032114,-7.645884,-6.004831,2.778762,4.642092,-0.806381
resume_1090,9.661406,6.671537,-4.900806,8.842853,-1.694236,8.576836,-5.551333,-3.575244,7.967916,-7.549021,-0.708719,-2.828542,6.954421,-8.452214,-8.556985,-0.350204,4.422307,-6.345812,2.765123,-1.931205,4.001178,-1.744590,-5.098465,1.248596
resume_1091,-7.013589,-1.909581,4.959419,-7.990911,-8.006986,0.813234,-0.160194,-1.340619,6.103307,3.399391,0.638999,1.985940,-8.038885,-6.873826,9.674549,0.424355,1.647199,-4.747864,-1.409277,-4.962160,-4.632161,-8.659851,6.871147,7.837343
resume_1092,5.434692,3.268480,1.482010,8.346980,-4.425993,-6.615217,7.001595,-5.900307,3.323375,1.577565,-2.058826,-1.766674,2.357921,8.118471,-7.774677,-0.054007,-4.971941,-7.800947,-10.088937,-7.794489,-4.325224,5.263667,-9.152152,5.734429
resume_1093,-1.406801,7.364410,-8.410652,-1.332714,-3.367573,-0.091665,7.693599,-2.884498,-8.544351,1.826239,1.857379,-2.745744,7.246806,-0.378608,-1.405561,8.084629,-1.337972,5.237410,2.911911,0.900344,9.934920,8.745355,-8.952373,2.365240
resume_1094,-0.598932,7.044909,-7.504811,-1.792988,-2.175369,-1.325025,7.464644,-1.518457,-7.441221,2.658280,1.237105,-1.341899,6.824437,-0.460484,-2.350885,7.909328,-2.893346,5.178829,1.612463,0.347721,8.808266,8.883677,-10.429972,3.171835
resume_1095,6.703159,-2.614653,4.225689,3.258197,-0.935740,3.499407,-6.562507,6.208287,-9.545615,-5.637938,0.710962,-6.787612,-6.069646,5.549289,1.129494,-7.073836,1.032904,4.863763,-6.608322,7.380041,-8.094726,-1.714594,0.703381,8.069836
resume_1096,5.346500,-3.059048,4.751148,3.277782,-1.474142,2.219252,-5.978603,6.091305,-8.510417,-4.754636,0.487726,-6.825539,-6.399523,4.069705,0.426558,-8.491675,-0.703142,4.839535,-5.759533,7.317349,-9.633004,-0.801049,2.516489,7.750557
resume_1097,-0.882193,7.916312,-7.367866,-1.650750,-2.978869,-0.807848,8.368654,-2.850961,-7.525800,1.229454,2.522220,-2.479228,7.510165,-1.594268,-2.177251,7.650961,-2.755354,6.298125,2.380333,-0.637119,9.378156,8.721937,-9.821361,3.019084
resume_1098,-7.903313,-8.665238,8.824393,2.941813,-7.873022,3.124967,-6.951614,-5.888947,0.512095,-3.266481,-3.307930,4.348247,-1.417059,3.597552,2.814621,-5.459977,-0.731271,1.796286,1.438005,0.408533,10.048223,6.595679,-0.058593,6.690430
resume_1099,8.708976,7.213890,8.302552,-8.324404,-0.765594,6.447982,1.729598,-6.346992,1.228372,7.683889,8.250321,-8.932594,-0.014053,-3.323491,-4.481473,1.512476,-7.274597,6.949732,3.431446,-3.139306,-7.178777,-4.447399,2.264839,4.678224
resume_1100,5.360170,4.419456,1.467984,7.057356,-4.441072,-6.653660,6.823942,-6.089243,3.180402,1.108972,-2.571413,-2.069731,1.760529,8.385398,-5.717461,-0.244503,-6.323237,-7.413509,-8.942453,-7.959379,-3.805004,5.041125,-6.956871,5.786021
resume_1101,9.017606,6.601314,7.277938,-8.536989,-0.939301,7.451934,2.918402,-6.100322,2.053611,7.299657,9.907545,-8.226321,-0.275902,-3.366516,-4.460859,2.131785,-7.222265,7.160546,5.742039,-2.282854,-6.545221,-3.834782,1.976943,5.936992
resume_1102,-6.495937,-8.098538,8.889247,2.340892,-7.206799,3.873957,-7.758739,-5.616365,1.568375,-3.211749,-2.716889,4.851112,-1.690912,5.170367,2.984572,-6.073803,-1.143495,4.042871,0.902630,-0.921203,9.647386,7.319132,0.019191,7.531440
resume_1103,5.339916,4.786965,0.872870,8.494332,-4.742781,-6.499113,5.472006,-7.627499,3.573110,1.916243,-1.843234,-1.725036,2.197736,7.335790,-4.464770,0.642978,-5.039018,-7.375580,-9.095377,-7.690568,-3.932077,3.843534,-7.563901,5.952554
resume_1104,-7.531076,8.954617,-3.091629,6.423709,-1.828829,-3.571602,5.770838,-3.619375,0.838501,8.896638,9.449829,1.518848,7.220331,7.913637,-6.972328,-8.978811,-0.713264,2.621594,7.698048,-8.264077,-5.058667,2.901314,4.491335,-0.252677
resume_1105,-7.921974,-8.464206,8.649262,1.694055,-6.858156,3.475827,-7.110288,-5.795073,1.461278,-3.356807,-3.033962,3.882925,-1.930772,4.351854,2.421423,-5.427323,-1.991546,2.310057,1.374403,-0.395825,10.431640,6.705841,-0.477096,8.064655
resume_1106,5.750959,-4.587028,4.420781,4.500454,-1.779953,1.751826,-7.335067,5.514404,-10.125983,-6.011543,0.854098,-6.226329,-7.232640,4.685079,-0.805932,-7.720251,1.414635,3.600169,-7.174687,5.366593,-9.681861,-1.075558,1.495191,8.644607
resume_1107,-0.561135,7.501431,-6.758334,-2.209219,-3.059461,-1.525561,7.360946,-2.128618,-8.094215,1.667546,1.728004,-2.269430,6.025729,-0.007171,-1.552602,7.545714,-2.733131,5.807071,1.790308,1.684883,8.975177,9.573595,-9.747317,2.703707
resume_1108,8.645650,7.695416,7.746574,-8.930036,-0.164278,8.150036,1.312131,-6.183008,1.334938,7.999734,9.540263,-8.913942,-0.632628,-3.386857,-4.291575,2.322270,-6.693854,8.850887,6.097746,-2.422994,-6.983115,-4.515210,1.803865,4.026659
resume_1109,8.905818,8.280489,7.641741,-8.451888,-0.190367,7.613815,1.535412,-6.955436,1.300270,8.295881,9.295095,-8.407245,-0.698901,-3.559564,-5.444331,1.067821,-6.864632,7.874089,6.051602,-1.915137,-7.446806,-4.847352,1.906234,5.840775
resume_1110,-7.002580,-8.523470,9.010101,2.501529,-7.020054,4.081457,-6.227780,-6.948716,0.091353,-3.886440,-4.053949,4.535905,-2.277471,3.775868,4.279597,-4.249565,-0.301450,3.625637,2.268097,-1.768472,9.593293,6.997646,-0.295722,7.820925
resume_1111,-7.211950,-1.803250,5.019847,-7.383989,-8.130887,1.265069,0.206047,-1.093320,6.023417,4.119202,0.296781,2.855864,-7.468171,-8.565618,8.577686,-0.604692,3.808729,-5.411887,-3.214965,-5.545063,-5.667356,-8.954795,7.226089,7.474196
resume_1112,8.250552,6.961407,7.836643,-8.671682,-1.421050,7.226791,2.122427,-6.483020,1.329576,7.312315,9.419145,-8.862483,-0.479236,-3.987707,-4.283624,1.219927,-6.669715,7.886201,4.358554,-2.686735,-6.163462,-5.982825,2.840196,4.679823
resume_1113,4.961831,-3.322437,4.270148,3.002059,-3.155809,2.164527,-7.164909,6.361701,-9.266216,-4.948906,0.594092,-7.346327,-5.877612,4.958393,0.172249,-7.288249,0.708068,4.799837,-5.162209,7.762041,-9.000148,0.238515,1.461385,7.449645
resume_1114,5.788940,5.441766,1.996439,9.362750,-4.399050,-5.680709,6.083399,-5.430515,4.035650,1.563963,-2.189061,-3.584033,1.204588,8.033730,-5.555105,0.388506,-5.111864,-8.409002,-9.941625,-7.760257,-3.561332,2.780540,-7.306423,6.821068
resume_1115,-7.455253,-1.191238,5.112249,-7.097458,-8.598899,1.965575,-1.152642,-1.014200,4.692360,2.989366,0.453002,2.129915,-6.910817,-7.885242,9.296237,0.609638,2.329209,-5.603272,-1.410821,-4.243037,-5.528022,-9.320629,7.682989,7.478862
resume_1116,8.801422,7.872061,7.655808,-7.546432,-0.063380,7.893134,2.030455,-7.688821,1.861674,7.525948,9.924750,-9.335527,0.184354,-4.358996,-5.686098,3.717018,-7.120833,7.886814,5.015084,-4.208970,-7.114636,-5.276562,2.465253,5.346590
resume_1117,-2.244134,7.154683,-7.165083,-1.286334,-2.970137,-0.913158,8.512652,-1.415386,-7.941130,2.420480,1.658187,-3.113090,6.844559,-0.244592,-2.693490,6.803958,-2.912520,5.151992,2.928041,0.528272,10.058028,9.798696,-9.444594,2.017438
resume_1118,5.345618,-4.021263,3.948161,4.994851,-2.298139,1.493961,-6.887594,5.238957,-9.400884,-4.810865,3.117756,-7.025158,-6.874351,3.989468,1.174039,-7.529702,0.677660,4.418874,-6.525871,6.241876,-8.847841,-1.011950,1.508590,8.716050
resume_1119,9.058446,8.063397,8.110066,-8.479453,-0.976012,7.470372,1.964265,-6.292580,1.758480,7.508057,9.757535,-7.567988,0.012649,-3.395119,-4.089028,2.229661,-6.195362,7.928056,5.343902,-3.152934,-6.503052,-4.263178,1.354228,5.052865
resume_1120,6.071092,-3.180794,3.411205,3.802708,-2.001773,2.292122,-7.773963,5.934569,-9.046488,-5.332476,1.342914,-7.145365,-5.905530,5.392667,0.675877,-7.782980,0.510641,4.030256,-5.065919,6.310217,-8.657940,-0.786059,0.896718,8.280560
resume_1121,-7.049663,-9.682808,8.245870,2.759729,-7.023099,3.963756,-6.582101,-6.525432,1.132189,-2.617118,-2.895470,4.373589,-1.616021,4.799295,3.339902,-5.034582,-0.491031,3.283709,1.867620,-1.739033,10.246340,6.747776,0.621754,7.499379
resume_1122,-7.246031,-9.320818,8.596357,1.150217,-6.851895,2.713453,-6.497375,-7.163053,1.127710,-3.170894,-3.705097,4.086669,-1.574409,3.644013,3.105698,-6.277488,-0.333585,3.060732,1.472757,-1.757772,9.040774,6.910318,-1.225046,8.662503
resume_1123,10.981855,7.186620,-5.847488,9.287420,-1.974911,8.837488,-5.878729,-4.369074,9.074979,-7.727391,0.609534,-1.995105,5.638507,-8.914158,-8.403817,-0.174187,5.260404,-7.390679,1.874453,-2.192872,5.051678,-0.180928,-4.884855,0.024636
resume_1124,8.512582,6.931111,8.862693,-8.347045,-1.252242,7.542962,2.116712,-6.738051,1.550721,7.873188,9.741811,-6.975290,-0.282787,-4.054920,-5.793305,0.420687,-7.293454,7.799109,4.920650,-1.669278,-6.681892,-4.429803,0.922993,5.313205
resume_1125,6.554034,-3.591571,4.740965,3.005538,-1.679122,1.890987,-7.372530,5.896861,-9.651244,-4.238844,1.641719,-6.610557,-6.533999,5.572689,0.509139,-7.930021,1.315973,4.901889,-6.819927,7.787419,-9.621361,-1.309919,1.770307,7.636265
resume_1126,10.510133,6.587065,-5.819545,9.686968,-0.603906,8.976909,-5.510648,-4.004774,9.902700,-6.867912,-0.584272,-2.993660,6.375438,-8.044290,-8.680423,0.274779,5.810996,-7.375513,2.129992,-1.676737,4.515723,-0.757698,-4.053655,-0.443155
resume_1127,4.581069,3.464309,2.533627,8.486773,-4.353684,-5.446512,7.165583,-6.595743,3.574287,1.712393,-2.093451,-1.911248,1.355622,7.133089,-5.323425,-0.274832,-4.923565,-7.847796,-8.983171,-7.445062,-3.755163,5.199598,-8.059765,7.300445
resume_1128,-7.770800,-8.629518,7.855670,2.350132,-7.481078,4.210988,-7.484595,-5.175031,0.947983,-3.215464,-2.076770,4.935005,-0.392333,4.600154,2.439173,-5.954301,-1.599792,3.353729,1.319957,-0.208650,10.125415,8.021176,-0.393312,7.820604
resume_1129,9.477875,7.308040,-6.895631,9.777472,-1.945808,8.571080,-5.209904,-3.812172,8.569629,-7.532201,-0.273072,-3.266750,8.606577,-8.080598,-7.315335,-0.803860,5.165621,-7.024127,2.192712,-1.358655,4.653445,-0.248054,-4.730037,1.028599
resume_1130,-2.673653,6.625351,-7.610907,-1.418034,-3.402293,-1.364816,8.423935,-1.919479,-8.502567,3.574235,2.918523,-2.073046,6.717710,-1.309928,-2.793336,7.936504,-2.240494,5.363497,1.389956,1.256374,9.238503,9.927954,-10.549163,2.451052
resume_1131,-2.073428,7.590844,-8.977269,-1.818766,-2.164144,-1.738196,8.062415,-1.691472,-7.881214,2.787751,1.617656,-3.344492,5.796505,-0.542255,-0.896066,8.032080,-1.989050,5.591749,1.895680,0.201522,9.668985,8.977220,-10.019562,3.088873
resume_1132,5.516669,-2.903267,4.242815,2.894943,-2.946234,2.496782,-7.101381,5.890636,-9.228980,-4.082578,1.510263,-6.714258,-6.596903,5.503425,-0.323973,-7.983169,0.356601,3.639153,-5.089515,7.200545,-9.385783,-1.303384,1.218056,8.604195
resume_1133,4.730109,4.302640,0.871690,8.730781,-4.626944,-5.586233,5.639519,-6.872837,3.221283,1.949742,-2.410171,-0.757667,1.531304,7.072417,-5.572273,-0.037854,-4.086287,-8.093814,-9.422742,-8.090710,-4.438812,4.303900,-8.514165,6.727121
resume_1134,9.385076,7.182117,-4.920138,11.186303,-2.097488,8.793809,-7.154434,-3.556664,9.417983,-7.847563,1.165768,-2.362823,6.636630,-7.175968,-9.187993,0.467256,5.200849,-6.220705,2.031228,-0.682933,5.919796,-1.692247,-5.011203,0.033382
resume_1135,-3.934919,7.808906,-8.119607,-2.932179,-3.160007,-1.736777,8.145671,-0.928105,-9.226100,1.529543,1.295990,-2.296169,6.598704,-1.600891,-2.633956,8.071225,-1.682978,5.012859,2.458472,-0.092549,9.646785,8.330452,-10.113562,3.533673
resume_1136,-7.154310,-1.224114,3.774967,-8.470771,-7.918995,1.289170,-0.004663,0.291754,5.752978,3.251937,0.175460,2.059870,-7.666886,-8.481767,8.468799,0.625683,2.722541,-6.451012,-1.613614,-3.435772,-4.940958,-9.686598,6.388678,7.015365
resume_1137,-7.320498,-0.672369,5.291760,-7.635185,-8.515833,1.934854,-0.853501,-0.688759,5.606071,2.952442,0.524015,1.750640,-7.283797,-8.186986,8.849122,-0.171677,2.741647,-4.821126,-2.024615,-4.493889,-4.352645,-9.942736,6.488015,7.150320
resume_1138,6.858143,3.930405,1.674775,7.726835,-4.760900,-5.872339,7.229960,-6.496282,3.987686,1.739984,-2.742684,-1.372673,1.244803,7.656226,-5.737054,1.054112,-5.089370,-8.363918,-9.981639,-7.275520,-3.315947,5.258377,-7.907273,6.163854
resume_1139,-7.471933,8.270039,-3.671326,7.079468,-2.123449,-4.242035,6.124621,-3.696899,0.664503,7.017887,8.893836,2.793034,7.870376,7.694312,-7.489246,-8.697487,0.137406,3.858049,8.805290,-8.666558,-5.966862,2.544419,4.221748,-0.242589
resume_1140,-7.314739,-1.515697,3.971305,-7.327044,-8.054488,0.922726,-0.989378,0.138050,6.670716,3.842297,0.191483,2.557622,-7.060614,-7.755612,7.320731,0.130149,1.167405,-5.837519,-1.424588,-3.570637,-4.797649,-9.941214,7.678116,7.471277
resume_1141,-1.993081,7.268253,-7.958483,-1.853660,-2.961179,-1.600290,8.329462,-1.851609,-7.622106,2.901871,1.325423,-2.689257,5.648766,-0.450961,-1.133902,6.837740,-1.322986,5.682640,2.001970,0.970402,8.826104,8.639855,-10.456229,2.739884
resume_1142,-7.477011,9.508033,-3.520585,6.096884,-1.817430,-3.712380,6.541100,-3.719885,0.015691,8.177049,9.920085,2.360227,8.283518,7.025156,-8.373805,-9.798407,0.574302,2.757352,7.616685,-8.842608,-4.345102,1.808373,3.954544,-0.540666
resume_1143,10.927405,7.495708,-6.256012,8.541107,-1.416475,8.293234,-5.653676,-4.672312,7.975516,-6.891542,0.352164,-3.182992,7.717847,-8.772159,-7.064229,1.284024,4.399012,-6.946702,1.990179,-1.843778,4.974309,-1.685785,-3.958306,0.016996
resume_1144,8.503861,7.489505,7.840440,-7.815808,0.038016,6.587403,1.371719,-6.905319,1.843838,7.976122,8.573420,-9.622924,-0.516309,-2.680857,-4.233043,2.319574,-6.648894,7.563904,5.538682,-2.533048,-5.579114,-5.039532,1.241462,5.775890
resume_1145,-6.946917,8.640729,-2.754103,6.591817,-2.464708,-2.509199,6.569299,-4.144241,0.977739,8.374755,9.768979,3.299090,8.319419,6.823721,-6.564840,-8.361372,0.459033,3.471545,6.131643,-8.300126,-5.639581,2.258766,3.997629,-0.529512
resume_1146,5.533183,-4.039690,4.339041,3.099206,-0.775732,2.283181,-7.189567,6.665364,-9.235539,-3.673279,1.340800,-7.032467,-7.539868,4.493739,0.230155,-7.984431,0.523945,3.787836,-6.293865,6.616963,-9.039853,-2.191385,1.914692,8.793629
resume_1147,6.703325,-3.376538,3.903246,2.631071,-1.536153,2.800169,-7.372707,4.853042,-8.729325,-4.288457,1.295024,-6.367685,-6.686005,4.592467,-0.132055,-7.088278,1.024093,4.723731,-6.040635,7.531663,-9.055386,-0.682709,1.729142,8.504091
resume_1148,-1.042218,8.062380,-8.677808,-1.369869,-2.021743,-0.257322,8.711627,-0.275774,-8.830247,2.473499,2.322490,-1.570626,6.672577,-0.340997,-1.274175,7.777881,-1.945959,6.143467,1.362795,0.104920,9.441792,7.167728,-9.350089,3.168364
resume_1149,5.896485,-4.490358,3.192485,4.122395,-1.721885,2.575520,-7.527222,6.078779,-9.188749,-4.506459,1.570084,-6.931991,-6.633007,6.501141,0.705604,-8.604881,0.477454,4.451204,-6.239425,6.349863,-10.374889,-0.054991,1.899422,8.370533
resume_1150,-2.153621,8.553722,-7.152852,-1.854324,-2.741382,-2.211025,7.977392,-1.773090,-9.043738,2.722186,2.114676,-1.914347,6.613670,-0.112282,-2.200169,9.551410,-2.085405,4.719370,2.150071,1.588814,8.801709,8.791466,-8.993624,1.808381
resume_1151,-7.940604,-8.660769,7.305205,1.767137,-7.918488,4.274638,-6.624684,-5.817577,2.117781,-3.305881,-3.013017,3.282174,-2.033163,5.050278,3.635765,-5.819725,-0.196621,2.925878,1.929694,-1.005559,10.143721,6.869078,-0.201712,7.376912
resume_1152,-7.904695,-8.387515,8.674821,2.166081,-7.181909,3.151591,-6.669741,-5.335430,0.869811,-3.822750,-3.346665,4.839345,-1.602160,5.406210,3.170443,-6.202911,-0.969600,2.830890,3.115944,-0.994167,9.605512,6.728572,-1.253158,8.408959
resume_1153,-3.057289,8.810917,-7.445953,-1.758664,-2.623444,-3.103976,8.577117,-1.098698,-8.139387,2.653577,1.352356,-2.762707,6.310805,-0.562390,-1.636461,7.434961,-1.343233,5.852184,2.219521,0.976776,9.730096,7.903109,-10.515059,3.031038
resume_1154,5.859815,-2.348921,4.647384,3.014045,-2.034190,2.951721,-7.057906,6.494670,-9.736419,-3.885731,1.840912,-5.915852,-6.657816,5.204405,-0.550902,-7.439458,0.575906,4.095315,-7.144985,6.753482,-9.952525,-0.897634,0.993432,8.097044
resume_1155,5.855279,-3.992923,4.368438,3.121489,-1.844126,1.249691,-7.713700,6.066965,-9.515606,-4.896425,2.110684,-7.981100,-7.578924,5.205347,0.805208,-7.758785,1.593346,4.769851,-5.871369,6.806864,-8.609741,-1.033800,1.126208,8.328982
resume_1156,-6.598450,9.170384,-3.400100,7.487523,-1.968331,-3.403863,6.328626,-3.444460,0.267927,8.716689,9.423914,1.934582,8.015126,7.486836,-7.719468,-9.163477,-0.136690,3.549557,7.301881,-8.455351,-5.660375,2.528315,4.548964,-0.074986
resume_1157,11.163917,7.541385,-5.108120,10.392529,-1.388979,8.684368,-5.267337,-3.719163,9.042930,-7.162304,0.935566,-3.287573,7.878336,-8.497883,-8.468266,0.358582,6.165942,-6.846598,1.600887,-1.364361,4.430102,-1.315039,-5.272867,-0.236019
resume_1158,9.621637,7.262560,-6.266554,8.980748,-1.190410,9.770782,-5.725896,-3.703764,8.591231,-7.214547,0.720976,-3.783604,7.354419,-8.629429,-6.665659,0.223746,4.166878,-7.951699,1.048489,-1.991841,5.459386,-0.385950,-4.851922,0.727149
resume_1159,-8.306131,-1.127354,5.047342,-7.839307,-8.043025,1.492527,-0.187023,-0.028548,5.818255,4.018024,0.271373,1.609613,-7.453254,-7.883591,7.763197,-0.217311,2.105859,-5.088024,-2.121467,-4.868388,-4.574620,-8.160653,8.218421,8.082390
resume_1160,-7.414390,-1.554592,4.348100,-7.168087,-9.470180,1.605054,-0.429808,-1.166430,4.909160,2.179642,0.467279,3.199958,-7.336322,-8.394081,8.920129,-0.341865,1.978065,-5.226993,-3.148111,-4.320859,-4.302328,-10.258582,7.324453,6.934502
resume_1161,-0.846556,6.791253,-8.146534,-1.181153,-2.996073,-1.620997,8.126772,-0.917889,-7.812208,2.247530,1.307890,-1.570705,7.111620,-0.335905,-0.268383,7.285235,-1.390552,5.793837,2.368118,0.230123,8.650725,9.244424,-10.615811,2.707720
resume_1162,10.634628,6.911367,-5.620530,9.081574,-1.831152,9.123456,-5.653055,-2.954642,9.397909,-7.287042,1.002530,-2.487306,7.912520,-8.152669,-8.158697,0.638056,3.912014,-8.848082,1.498645,-1.858971,5.271359,-1.814867,-4.544433,-0.839759
resume_1163,-7.781764,9.193180,-3.489229,6.592788,-1.715514,-3.521454,6.170577,-2.832171,0.328419,7.606346,11.023211,1.900610,7.192448,7.533787,-6.703419,-8.629222,-0.034169,3.027628,7.690187,-7.924888,-5.946971,2.325268,4.734267,0.136575
resume_1164,5.223429,4.088656,2.373868,8.103841,-5.540087,-6.052193,5.479108,-6.058137,3.633260,1.607951,-1.430004,-2.682061,1.894894,9.059655,-5.464457,-0.247090,-5.350706,-6.494242,-9.318599,-7.907894,-4.554722,4.910910,-7.417590,5.996176
resume_1165,-8.059321,-8.199939,9.524432,3.198632,-6.686449,3.343399,-7.471013,-5.610824,1.137418,-3.993660,-3.606861,4.600048,-0.691526,4.308731,3.121413,-5.828836,-0.634514,2.918294,3.328968,0.217329,8.865719,7.602226,-0.103393,8.273057
resume_1166,10.268154,6.530925,-4.656894,9.594672,-2.231003,8.249164,-5.489345,-3.188125,9.884163,-6.893181,0.340025,-1.920644,7.775310,-7.831773,-7.812820,0.316100,5.035662,-7.298381,2.276885,-1.061034,5.600482,-0.592197,-4.388246,0.360661
resume_1167,4.684362,5.308228,1.993551,9.321630,-3.999386,-5.429659,5.700831,-6.568286,3.991121,0.901749,-2.231778,-2.843359,2.312740,9.407983,-7.232472,0.167956,-4.822957,-6.782173,-9.314192,-7.965759,-3.089633,3.856557,-8.148131,7.257228
resume_1168,5.681795,5.016370,2.304323,8.117677,-5.185696,-5.722514,5.881083,-6.770203,3.578166,1.532009,-1.728471,-0.985825,1.452905,8.916924,-6.191105,1.003208,-5.925015,-7.794265,-10.022902,-6.877993,-4.447841,5.760872,-7.475306,6.525065
resume_1169,-7.030502,-1.782407,6.028144,-6.740755,-8.644738,1.598384,-0.882627,-0.990042,5.432044,2.784882,0.650599,1.354079,-7.581761,-7.392677,8.834095,0.059863,2.209221,-4.171984,-2.061054,-3.292396,-5.067589,-8.504562,5.762109,6.763833
resume_1170,4.683424,5.247170,2.626723,8.043465,-3.316694,-6.266640,7.198736,-6.501534,4.528884,-0.237763,-0.468146,-1.764759,0.334498,8.862184,-5.575000,0.775022,-4.891728,-6.846352,-10.613153,-7.168422,-4.703411,4.974328,-6.801620,6.776836
resume_1171,-8.349037,0.059578,5.323834,-6.887460,-9.000303,2.180657,0.357597,-0.696227,5.581093,4.035460,-0.050187,2.041890,-7.408490,-7.822657,8.024920,-0.488213,1.135923,-6.805100,-1.792449,-4.624837,-4.306593,-8.818408,6.557699,6.489253
resume_1172,5.915669,-3.651323,4.246269,4.138755,-1.235287,2.663773,-6.468145,6.848743,-9.140801,-5.878445,0.234666,-7.284767,-7.829351,3.933456,0.399135,-7.545748,1.378642,5.051622,-5.335865,7.313811,-10.286323,0.308426,2.593877,8.029636
resume_1173,6.284896,4.748486,2.242718,8.145002,-2.709665,-5.527765,5.846275,-6.287685,3.891255,2.278025,-1.325131,-1.986608,1.730437,8.568406,-5.781348,0.443652,-6.130482,-8.411592,-9.160411,-7.815509,-4.065622,3.246151,-7.753541,6.060157
resume_1174,10.044543,7.800160,-5.138697,9.055807,-2.487923,8.339395,-5.646298,-4.159118,8.457679,-7.144607,0.776623,-2.961164,6.843772,-8.090994,-7.807712,0.510777,5.938226,-7.220581,2.828594,-2.170472,4.604452,-1.484509,-4.327439,1.439185
resume_1175,6.221749,-4.622849,3.743268,3.818036,-2.336934,1.826850,-6.612075,4.669090,-8.751252,-4.623928,1.470411,-7.225082,-6.776916,5.077060,0.167920,-8.369739,1.636457,4.714944,-6.716079,7.049142,-9.853579,-0.974517,1.197442,8.845722
resume_1176,-7.081308,-0.649020,4.834941,-6.780797,-8.155507,1.955658,0.138062,-0.274428,4.861586,2.462641,0.503902,1.904220,-6.841585,-7.836270,7.433627,-0.248194,2.307077,-5.355065,-2.418541,-4.250142,-5.254648,-10.235872,6.090867,7.737526
resume_1177,6.264852,-4.137564,3.423192,4.003070,-2.776266,3.108671,-7.266339,5.654559,-8.589645,-4.718660,1.473825,-5.329082,-7.405335,4.962952,-0.027888,-7.492479,0.610828,4.764831,-5.983761,6.742286,-9.908843,-1.377756,1.381999,8.000464
resume_1178,-7.371915,9.117346,-2.866985,5.748125,-3.223670,-3.015633,6.385210,-3.785006,0.723998,8.394328,9.042764,3.265695,7.975292,7.117762,-7.314641,-7.655507,-0.663759,3.046310,8.364534,-8.383446,-4.412807,1.807366,4.785848,-1.191171
resume_1179,-1.988077,6.678793,-6.869340,-0.895027,-2.388791,-1.199324,9.399178,-1.958056,-8.135571,1.323996,0.680330,-1.944726,7.062963,-0.048638,-2.212372,7.837314,-1.670559,5.343578,2.579745,0.585526,9.483929,8.358498,-9.757946,3.414440
resume_1180,6.036586,3.801567,1.725975,9.110993,-3.768646,-6.337671,6.603939,-6.983588,3.725730,0.445485,-0.822168,-2.591900,1.147222,7.851228,-5.418240,-0.531518,-4.708133,-7.714469,-9.389606,-6.881485,-3.661844,3.256756,-7.431120,6.766803
resume_1181,-1.924201,8.206165,-8.328781,-0.788771,-1.954288,-0.707887,8.665620,-2.023913,-8.604246,2.394925,2.044844,-2.066327,6.230976,-1.000217,-2.688697,8.187489,-2.005171,6.416906,2.582756,1.211000,9.662263,9.078571,-10.145812,2.437351
resume_1182,-9.002200,-8.138555,8.539263,2.310073,-7.479293,4.282151,-7.189259,-5.541703,0.767891,-3.506392,-2.362775,5.244605,-1.757375,5.046561,2.901405,-5.790384,0.237546,2.525498,1.823093,-0.271051,10.060469,6.514063,0.127060,8.191598
resume_1183,9.373904,7.391347,-5.157863,8.251142,-1.502129,8.247018,-5.919949,-3.898406,8.329132,-7.189947,0.096646,-2.538261,6.119770,-9.115349,-8.743317,-0.283024,4.975712,-7.143660,2.690963,-1.060218,4.420819,-1.122725,-3.789391,-0.841707
resume_1184,4.195559,4.636654,2.084074,8.298062,-4.919289,-5.927348,6.264223,-7.025879,4.370856,1.013086,-3.424356,-3.242859,0.755698,7.438798,-5.461592,0.328526,-4.376778,-8.458107,-9.954823,-6.609572,-3.562808,4.654578,-7.165176,7.050659
resume_1185,5.166694,5.446072,0.963632,8.168544,-4.205497,-5.927844,7.335951,-6.714991,3.777260,2.390112,-2.349090,-1.527739,1.932395,8.462555,-6.223060,-0.060730,-5.762119,-7.810531,-9.945318,-6.896448,-3.293697,5.350952,-8.148358,6.143215
resume_1186,-6.757059,-0.438056,5.003882,-7.666152,-8.890538,1.110883,-0.286249,-1.872825,5.484582,3.852679,0.379708,1.750398,-7.377628,-8.772328,9.152039,-0.174033,1.444575,-6.335200,-2.176234,-5.065614,-5.052368,-8.544373,7.354269,8.469404
resume_1187,-6.521227,8.893019,-2.497615,6.791642,-2.737640,-4.373925,7.019490,-5.091780,1.273441,10.049404,10.244586,1.339905,8.327115,7.603130,-6.099581,-8.784898,-0.360425,3.894785,7.088188,-8.907204,-5.035685,2.773294,3.335623,-0.081327
resume_1188,-7.418097,0.143789,4.641047,-6.651441,-7.620260,1.777334,-0.172840,0.528667,6.202682,2.956089,0.816648,0.109984,-6.510218,-8.978544,7.019451,0.395219,1.992126,-5.965227,-2.418220,-3.448303,-4.720720,-10.456302,7.345072,7.308622
resume_1189,8.871009,6.654217,-5.197379,10.399335,-1.671971,8.832039,-5.221412,-4.113444,9.171625,-6.406221,1.369483,-2.140957,7.048883,-8.184862,-7.588908,-0.539243,4.733344,-6.209333,3.136311,-0.184982,5.529898,-1.444804,-4.237757,-0.430275
resume_1190,9.758693,6.729384,-5.237673,10.098009,-1.273679,9.367479,-4.639870,-4.289354,9.648433,-7.367007,0.727380,-3.521713,5.779274,-6.804167,-7.637248,-0.420012,5.475981,-8.226592,2.184466,-1.798471,4.888916,-1.057132,-5.655638,0.301403
resume_1191,5.528376,-4.320991,4.206219,4.151847,-2.550160,1.941088,-7.669793,5.901832,-8.989820,-5.244631,0.794311,-7.075217,-6.469139,5.607637,-0.122948,-9.374650,-0.094858,4.472312,-6.687972,7.083804,-10.394237,-1.510298,0.969315,7.144910
resume_1192,-6.760995,-0.810916,5.542474,-7.116206,-8.594778,1.392493,-0.932444,0.136671,4.931428,3.935992,-0.824251,1.692782,-6.852278,-9.017503,8.302358,0.332989,2.220147,-5.134079,-2.679767,-5.188746,-5.438842,-8.477287,7.044121,7.246429
resume_1193,5.914986,5.227233,1.807716,8.028275,-4.113456,-6.609178,6.331174,-6.204340,3.594582,1.751252,-2.128364,-2.365296,1.242354,7.625116,-6.060405,0.883082,-5.533856,-7.633963,-8.514341,-7.786391,-2.666146,4.548365,-8.124291,6.129346
resume_1194,-8.157014,-7.798124,7.956543,1.594357,-6.681111,4.563195,-6.083746,-6.443296,1.900650,-3.718483,-2.683348,3.560301,-1.372781,4.651306,3.375197,-5.631541,-0.749010,3.194480,1.966327,-0.894571,9.236689,7.216618,-0.169886,7.666294
resume_1195,-7.782944,-0.430772,3.775788,-7.402589,-8.103323,0.907457,-1.544135,-1.079255,5.159548,3.558913,0.483690,1.580265,-7.467029,-7.790775,8.622625,0.507717,1.416333,-6.180704,-1.693134,-4.524065,-5.205672,-9.282692,6.856820,8.996158
resume_1196,8.688272,6.832709,7.023590,-8.418260,0.499109,5.871479,2.368157,-6.490375,1.880499,7.487096,9.209575,-8.790759,0.906613,-3.074867,-5.262827,0.809604,-5.414131,8.653035,6.160711,-3.172679,-7.360913,-4.221132,0.864391,5.849823
resume_1197,5.319218,-3.419751,4.266626,2.624005,-0.515534,2.539569,-6.723907,5.674172,-8.229992,-5.039128,0.388401,-7.398298,-7.033287,5.149907,-0.142832,-7.370440,-0.027245,4.914504,-6.286062,6.889370,-10.089160,0.334841,1.871742,9.223774
resume_1198,5.100509,5.085310,2.167140,9.232923,-4.182796,-5.634135,6.050751,-7.226904,3.798073,1.065876,-1.814405,-2.185404,1.121642,7.233268,-6.412718,-0.366667,-5.062814,-8.055821,-9.447274,-7.387218,-3.401865,3.878594,-7.649225,6.088271
resume_1199,8.767808,7.895186,9.100947,-9.525183,-1.081098,7.217447,2.197448,-6.788779,1.366948,6.691818,11.378249,-7.111273,1.242705,-2.655811,-5.076716,1.571570,-6.646078,8.216997,4.983992,-3.092640,-7.151030,-4.757097,1.999652,5.303395
resume_1200,-8.254183,-0.435795,4.017198,-8.231633,-7.344767,1.623699,-1.484324,-1.338271,5.426934,3.738567,0.652357,2.786767,-7.454249,-8.251393,8.547603,-1.372336,2.331405,-5.561071,-0.377981,-5.007263,-5.499226,-8.978040,6.398177,7.988162
resume_1201,8.165859,7.669668,7.177436,-8.395253,-1.603480,7.276087,0.988724,-7.089268,2.321644,7.829963,7.737586,-7.559979,-0.128419,-3.317271,-4.542731,1.257462,-5.957722,8.557384,5.653826,-2.054442,-7.123293,-3.858254,1.312373,4.096381
resume_1202,8.357360,7.453176,6.748475,-7.430204,0.509370,8.239042,2.069143,-5.971341,1.336142,6.257509,8.945560,-9.608105,-0.094270,-5.192338,-4.758625,1.989688,-6.590567,8.993430,5.975684,-1.936770,-7.051279,-5.309169,1.735831,5.417499
resume_1203,5.397176,5.701723,1.391383,8.504220,-5.727248,-4.576322,5.502334,-6.544006,3.534091,2.395957,-2.773254,-3.392450,1.656256,8.891750,-5.434429,0.380130,-6.420560,-7.870069,-9.964288,-8.623281,-3.661539,4.442225,-8.219410,6.514358
resume_1204,-7.603741,9.320051,-3.423524,4.846688,-2.724957,-3.338320,5.445573,-3.864178,0.379501,6.420730,9.229491,2.803060,7.536108,7.213910,-7.111834,-8.674362,-0.231355,2.887443,7.509548,-8.400047,-6.163303,1.776802,4.423012,0.322047
resume_1205,-7.748297,-7.589108,9.096754,1.961581,-8.191588,3.420546,-6.047188,-5.996894,0.264066,-4.150236,-3.056865,4.205414,-1.587261,5.633768,3.038980,-5.597563,0.095419,1.922652,0.362509,-0.272881,10.044694,7.215008,-1.061351,8.366692
resume_1206,-7.728137,-8.085674,8.852249,2.052656,-6.741593,4.182974,-7.366827,-5.200934,1.614113,-2.798468,-3.977084,5.577384,-1.910502,4.408526,2.995225,-5.981670,-0.237461,1.974145,0.793023,-0.632485,9.205771,7.580981,-1.504981,9.291723
resume_1207,-2.066579,7.548253,-6.799544,-1.781124,-2.730397,-1.379663,8.139991,-1.478609,-8.505929,2.603582,1.705167,-3.358446,6.730433,-0.392705,-2.328930,7.841621,-1.640991,5.666965,2.587967,1.059763,7.960652,9.775561,-9.782109,1.043436
resume_1208,-6.729961,-1.082186,4.359233,-8.589287,-8.415687,1.741915,-0.673987,-1.824180,5.334311,4.178925,-0.908724,2.155895,-7.426329,-8.753319,8.365543,0.490873,2.251329,-5.673686,-1.175214,-4.769445,-4.290041,-8.676808,6.136061,6.560528
resume_1209,-7.142027,9.210810,-2.959100,6.348725,-2.692540,-3.234544,6.297548,-3.783197,1.346797,8.415037,9.485265,2.846727,7.599708,6.773444,-7.542997,-8.666851,-1.380021,3.519015,8.007360,-8.211041,-5.102640,2.163912,4.463881,-1.910230
resume_1210,-6.955566,-0.232466,3.940605,-7.459442,-8.210733,1.051245,-0.002528,0.008588,5.346139,3.430127,-0.412233,2.339799,-7.725708,-7.384532,9.088856,-0.106219,1.805965,-5.436750,-2.365849,-3.285516,-4.806517,-8.777017,6.395274,8.104098
resume_1211,-7.084843,9.387827,-2.736448,5.405425,-1.219578,-3.416063,6.157897,-4.747926,0.589677,7.536426,8.629207,2.725247,7.067162,7.061244,-5.844390,-8.414886,-0.019475,3.127222,7.376866,-7.705938,-5.692305,2.379190,5.500691,-0.596985
resume_1212,5.839118,-3.787865,5.145528,3.492320,-1.650748,2.188344,-6.197469,5.451540,-9.243177,-3.960871,1.789682,-6.755010,-7.252281,5.992818,0.209077,-7.607080,1.147284,5.100769,-6.649266,6.486594,-8.995542,-1.249112,1.376408,8.100255
resume_1213,9.258214,7.020625,7.792480,-7.071257,-1.356275,7.452958,1.551292,-6.271295,1.518223,7.520809,10.046579,-7.735771,-0.146137,-3.775886,-3.874486,1.344285,-7.532767,8.307317,5.700351,-3.239515,-7.454034,-5.533207,2.073046,5.864520
resume_1214,-2.915788,6.946167,-7.052843,-0.529359,-2.863045,-1.712187,8.720080,-2.205643,-7.710845,2.259815,1.913719,-2.692007,6.936031,-0.331900,-1.333707,8.448909,-0.480235,5.893168,2.837297,0.195570,9.229922,8.587184,-9.365409,3.342196
resume_1215,8.950483,6.872720,-6.119987,10.015785,-1.438803,8.531310,-6.089190,-3.216704,9.288818,-6.637091,-0.587202,-2.025866,7.714201,-9.027374,-7.720780,-0.493435,5.183771,-6.999578,2.363456,-1.809038,4.423783,-1.357213,-4.744078,0.639315
resume_1216,5.396902,4.904240,2.022698,8.783965,-5.175971,-7.155003,5.370711,-7.409886,2.766258,0.539841,-1.750477,-0.656517,1.554333,7.815341,-5.936475,1.012955,-5.308901,-7.823961,-8.233470,-8.558652,-4.121702,5.230759,-5.899484,5.971722
resume_1217,-7.957205,-0.644087,4.782314,-7.671720,-8.420333,1.138213,-0.670658,-1.134725,5.562207,3.001714,-0.851143,2.341762,-6.890636,-7.145107,8.497805,-0.324909,1.098723,-5.732728,-2.366979,-4.111956,-5.755605,-8.958405,6.180391,8.412762
resume_1218,5.911679,-4.240340,4.155575,3.734016,-1.636947,2.214140,-7.306916,5.598841,-10.144597,-3.090176,1.527449,-6.574659,-7.089437,4.859442,-0.099814,-7.873303,0.040793,4.687015,-5.910542,7.468678,-8.526512,-0.870547,1.641507,6.472730
resume_1219,5.362383,4.766941,1.371197,7.564482,-3.959546,-5.863974,6.563054,-7.496423,4.076345,0.411841,-2.600905,-2.035430,1.628845,7.434441,-6.042737,1.312516,-5.513678,-7.936933,-10.392483,-7.241539,-3.256864,3.286920,-8.781466,7.479586
resume_1220,10.585097,8.443651,-5.042930,10.194445,-0.978028,10.005807,-4.542114,-4.474569,9.382940,-7.775004,0.711901,-2.628971,8.056447,-8.642901,-8.226861,-0.355002,4.578419,-7.304347,1.464241,-1.964547,3.998444,-0.655277,-5.269259,-0.702744
resume_1221,5.181573,5.565621,1.333522,9.364591,-4.865554,-5.357198,7.130312,-6.633156,3.333790,2.533083,-1.542138,-1.880134,1.559693,6.977542,-6.399470,0.387858,-4.613337,-8.648918,-9.120886,-7.358473,-3.073550,4.902956,-7.256258,7.752031
resume_1222,9.437140,7.180484,-6.243768,10.012144,-1.623400,9.247792,-4.353873,-3.680117,9.060888,-6.882836,0.362319,-2.460315,7.084539,-7.962690,-7.676621,0.090444,5.367428,-7.378506,1.693757,-1.453003,4.326500,-1.302837,-4.109676,0.713783
resume_1223,-6.793183,9.289237,-3.417296,6.258233,-2.129917,-3.275390,5.840620,-4.832638,1.288743,8.109468,10.154987,2.384806,7.517280,6.957728,-7.381047,-8.811593,1.215674,3.573650,7.162086,-7.823865,-4.101067,3.005019,4.568621,0.199606
resume_1224,5.763037,4.587438,1.807903,7.988334,-4.507132,-6.651853,6.245955,-7.157376,4.599015,1.748998,-1.129929,-2.304423,0.785160,8.943744,-6.211974,0.174369,-6.031555,-8.129127,-9.248062,-7.956692,-3.086080,4.487468,-8.098192,6.830265
resume_1225,6.493850,4.670790,1.822823,8.164676,-3.875276,-6.004909,5.994865,-5.961990,3.241406,0.948913,-1.753863,-1.756729,1.087428,9.034846,-7.038005,0.429586,-5.538819,-8.226878,-9.772348,-7.534909,-2.298525,3.891373,-8.330047,5.850381
resume_1226,5.348188,4.118544,0.648988,7.602850,-4.751417,-6.463053,5.812082,-5.906903,3.739140,1.439440,-2.360761,-2.520609,1.709840,7.986271,-6.421591,0.135353,-5.760065,-7.698945,-9.107084,-7.075816,-3.286719,4.543940,-8.062836,5.380344
resume_1227,8.229575,6.531604,7.392671,-7.612284,-0.340758,7.449963,1.635718,-5.893019,2.503189,7.239086,9.000450,-7.544646,-0.155523,-4.136424,-4.729817,2.068731,-7.306147,8.414450,5.997328,-3.411130,-6.747309,-5.228701,1.862160,5.388527
resume_1228,6.509246,-3.612785,4.275740,3.669197,-0.890258,2.705973,-7.315086,6.556780,-10.748132,-4.951369,1.467588,-5.991810,-5.713464,5.374236,-0.031848,-7.087215,0.476544,4.393698,-6.597275,6.910780,-7.757587,-1.224532,1.919443,7.843574
resume_1229,-1.706462,7.867128,-7.253772,-1.358258,-2.407326,-1.985408,8.214078,-1.999100,-7.363681,2.113494,1.671364,-3.169923,7.035789,-0.321129,-1.302225,6.955224,-2.164792,6.242475,2.143893,-0.371352,9.638987,9.333651,-9.722046,3.203026
resume_1230,9.992344,7.045644,-6.720196,10.204573,-0.709498,8.825310,-6.159235,-4.163209,8.761589,-8.072080,0.964487,-3.026236,7.688589,-7.950339,-8.792742,-0.743717,4.564474,-7.214762,2.500942,-3.882907,4.861447,0.250953,-4.384131,0.586993
resume_1231,4.934607,5.421095,1.917925,7.952500,-3.740539,-6.181275,6.208407,-6.324468,2.048127,2.651047,-2.143732,-2.355595,1.941009,7.726517,-6.110944,1.418361,-5.390247,-7.643508,-9.501282,-7.720676,-2.606430,3.066222,-8.725249,6.959837
resume_1232,-2.132130,8.373550,-8.683884,-0.768898,-1.726199,-0.737522,8.024489,-1.910259,-8.904823,2.540702,2.191849,-2.063615,5.857205,-1.733038,-3.140997,7.517320,-1.905369,5.191670,2.120761,0.065719,9.645209,8.321983,-9.945056,1.326977
resume_1233,9.943828,7.023276,-4.744778,8.947284,-0.994636,8.664134,-6.261253,-2.918770,9.570903,-7.854398,0.083467,-2.207784,7.686203,-6.949964,-8.271477,-0.134304,4.994376,-8.092865,1.477960,-1.764702,4.333890,0.145653,-4.218029,0.986035
resume_1234,6.902948,-4.247712,4.305777,3.480802,-1.502954,2.566947,-6.772609,5.823659,-9.360318,-4.895860,1.114942,-6.519993,-6.447810,5.438842,0.249883,-7.933909,0.925293,4.484271,-5.802868,6.792663,-9.528792,0.446536,1.846779,7.710947
resume_1235,10.136911,7.056886,-5.457985,7.853980,-1.165384,7.883408,-5.699259,-3.252036,8.712674,-6.945934,1.445752,-4.190956,7.231268,-8.445810,-9.022870,0.074437,4.856819,-7.652531,1.405853,-0.871443,4.957465,-2.454727,-4.212591,-0.210515
resume_1236,10.451209,7.671848,-5.835016,9.500933,-1.934608,8.930393,-5.185414,-3.501284,8.929528,-7.217847,-0.010301,-2.486197,7.323880,-8.098220,-9.196438,-0.089879,6.414386,-8.050705,2.145173,-2.146618,4.175925,-1.028093,-4.094908,0.868565
resume_1237,6.678959,-3.323795,4.567474,3.891631,-1.400911,2.056071,-7.099672,5.977822,-8.489452,-3.794428,1.243688,-6.285002,-7.509890,5.722923,-0.261801,-7.896080,1.945337,4.969780,-5.383812,6.447187,-8.697283,-2.053593,1.157586,8.193011
resume_1238,4.744877,4.978734,0.766967,7.485194,-4.210678,-4.530668,7.484449,-7.124532,2.671285,1.128048,-1.616540,-2.360610,1.412355,7.711580,-5.875600,-0.200633,-4.790103,-7.796091,-9.772312,-7.078252,-3.691724,4.426006,-7.868605,6.823529
resume_1239,-6.595537,9.013500,-2.987232,6.078196,-2.897866,-2.755033,5.742003,-3.222817,1.873402,9.138855,8.887589,2.335638,7.618173,7.251873,-7.531731,-8.412539,0.450379,2.656155,8.868458,-8.213931,-5.017840,2.428215,4.341032,0.593643
resume_1240,5.465646,-4.080133,4.991677,4.222767,-0.412194,2.363644,-7.052772,6.397609,-9.310199,-5.005668,2.399771,-6.628165,-6.863785,4.767535,-0.091454,-8.418238,1.277185,3.790724,-5.700765,7.188072,-9.764601,-0.992522,0.121209,7.671068
resume_1241,-7.946976,9.215289,-2.864571,6.333043,-1.854805,-3.523873,5.886248,-3.384550,1.284722,7.786346,10.112655,1.657086,8.865667,8.468285,-6.961597,-8.739341,0.600521,4.303374,7.410941,-8.468864,-4.987564,2.850705,4.255056,-0.280218
resume_1242,6.554910,-4.354366,2.889159,2.401706,-1.086105,2.777616,-6.621424,5.181267,-9.266439,-5.055478,0.764891,-7.227543,-6.528605,5.850006,-0.293187,-7.720159,0.036044,5.847741,-5.298701,5.603446,-10.139107,-0.684680,1.683299,7.991533
resume_1243,7.800333,7.060530,7.449203,-8.922894,-1.063213,6.985318,2.138485,-6.431445,0.741569,7.782393,8.613927,-8.554121,-0.084399,-3.574511,-5.828309,2.423367,-5.454402,8.291398,6.589144,-3.410012,-6.731122,-5.037793,1.336501,5.631078
resume_1244,9.471065,8.244951,-5.960281,10.003335,-2.265517,8.508384,-6.091119,-3.394712,8.249107,-7.838262,-0.800407,-3.041168,7.004602,-8.294450,-7.628283,-0.131758,5.969510,-6.444586,1.169934,-1.941631,4.591974,-0.708219,-5.532551,0.101774
resume_1245,-7.932131,-8.581534,8.322133,2.587546,-6.395792,3.037493,-6.859207,-6.023134,1.861200,-3.135903,-2.904432,4.411820,-1.274197,3.549884,3.160991,-5.669644,-0.499882,3.549919,1.431244,-0.738747,10.572295,7.366467,-0.246620,7.725952
resume_1246,-6.723484,9.346003,-1.843237,5.648769,-2.809806,-1.851626,6.606144,-4.160494,-0.280181,8.347301,9.802380,2.207888,7.606775,7.002374,-6.948382,-9.081095,0.824086,2.838352,8.092374,-7.294054,-4.588803,2.301451,4.940754,-0.351364
resume_1247,6.130784,-3.838546,4.681696,3.192073,-1.604045,2.707476,-6.606870,6.087428,-9.107129,-4.967967,1.798125,-6.969400,-6.165292,5.662772,-0.123434,-8.311387,0.750454,4.454672,-6.919919,6.699795,-10.563738,-0.067414,1.327764,8.927714
resume_1248,8.374626,7.173908,8.249468,-6.870434,-0.648783,7.349567,2.298598,-5.677550,1.852223,7.508938,9.048572,-8.812211,-0.224095,-2.659338,-5.195647,2.283784,-5.486183,7.481398,5.059401,-2.098907,-7.398022,-5.442813,2.401423,5.396960
resume_1249,5.986707,-3.562123,4.283204,3.517669,-0.495466,2.438327,-7.465497,6.183448,-9.155191,-5.456904,1.648264,-6.306086,-5.665428,4.961123,0.075406,-8.212097,0.616183,4.996593,-6.395741,6.299959,-8.750062,-1.324029,1.582158,7.913781
resume_1250,5.294009,-4.199571,3.302972,4.077388,-1.411050,2.395055,-7.679531,5.852222,-10.193130,-4.398850,1.512605,-8.018905,-6.940848,4.181776,-0.407166,-7.395732,1.377681,4.664853,-5.371559,6.438242,-8.944003,-0.538464,1.323997,7.509716
resume_1251,-7.511283,-9.296755,7.752474,2.305659,-7.051486,3.610767,-5.956754,-6.627812,1.901403,-2.566125,-3.897767,4.841584,-2.214564,4.367392,2.944867,-6.323501,-0.989449,4.157627,2.371391,-0.812022,10.028034,6.533104,-0.641137,7.939427
resume_1252,4.957145,3.483714,1.764989,8.096056,-4.079937,-6.008265,5.837403,-8.116436,3.403733,1.220930,-1.501127,-2.759953,1.122390,7.493796,-4.875979,-0.148973,-6.724449,-9.005026,-9.029151,-7.458862,-4.967299,5.174090,-7.786199,6.941621
resume_1253,-8.316973,0.941629,5.212488,-8.255641,-8.177786,2.376729,0.337654,-1.455930,6.543351,2.570456,0.408230,1.799037,-8.140744,-8.334715,8.227351,1.511552,2.780983,-6.438531,-3.120618,-4.294937,-5.009671,-9.471512,6.518166,8.532049
resume_1254,4.392907,4.327917,1.778670,7.327821,-4.608397,-6.200492,5.213692,-5.865552,3.886399,1.169442,-2.429543,-1.395928,1.701268,7.754484,-6.120587,0.709173,-5.624407,-7.902795,-9.644369,-7.242200,-3.140471,4.277972,-8.039881,7.431297
resume_1255,-6.786266,-9.644455,7.923368,2.551863,-7.820567,2.771295,-6.498901,-6.818741,1.786581,-2.719282,-3.166240,4.593307,-1.421620,4.255411,3.139572,-5.405405,-1.248583,2.825989,0.791919,-0.637484,10.014088,7.441180,0.306547,8.910793
resume_1256,-7.597756,-0.627739,6.389415,-6.807366,-8.934559,1.252413,-1.353514,-0.717473,5.104095,3.727662,-0.234167,1.217754,-7.183242,-7.930547,8.336481,0.460356,0.220391,-5.800989,-1.108251,-3.930905,-5.395869,-9.802016,7.333598,7.841930
resume_1257,5.487610,5.834208,2.587853,8.126774,-4.920921,-6.539858,6.772888,-6.974076,2.363371,2.052894,-2.007753,-2.131496,0.981030,7.470093,-6.285319,0.879900,-6.881210,-7.428664,-9.026906,-8.246944,-4.159470,2.687536,-8.362984,6.969264
resume_1258,5.565660,-3.495351,4.085490,2.986513,-0.905876,1.854736,-6.539601,5.702531,-8.643260,-4.102744,1.124598,-6.085019,-6.664637,5.336230,0.452623,-7.299566,1.494325,5.327825,-6.498207,6.657568,-9.108025,-1.279785,1.876082,7.637318
resume_1259,-7.083274,9.842503,-3.261654,6.844439,-3.226967,-2.506381,6.362409,-4.676184,1.210902,7.691908,9.109800,1.590028,7.765119,7.378840,-7.200224,-7.923614,-0.446817,3.539329,7.130307,-7.553462,-4.231975,3.003178,3.971837,0.254432
resume_1260,10.164046,6.968472,-4.737936,9.849698,-1.919601,9.030758,-5.388373,-5.460106,9.375934,-7.538712,1.153843,-2.884391,6.304384,-8.590713,-6.827918,0.170427,5.774945,-7.691768,3.095624,-1.635279,3.597071,-0.543950,-5.095683,-0.334684
resume_1261,10.535467,7.404304,-5.651750,10.346835,-2.071373,9.749155,-5.189091,-3.071310,10.197581,-6.776919,1.613060,-4.101374,7.322941,-8.573479,-8.082026,-0.836943,4.499712,-7.723552,2.423773,-2.444845,4.823791,-0.808595,-4.767511,0.281088
resume_1262,-2.001582,7.886099,-7.769133,-1.120239,-2.881303,-1.711081,8.462852,-1.966830,-8.007607,3.122265,1.815238,-2.475168,6.637387,-0.267286,-1.902049,7.875667,-2.229945,5.756809,2.545415,0.855288,8.966340,9.066887,-9.776335,2.265344
resume_1263,-6.768289,8.237298,-3.173563,5.143671,-2.014090,-3.267266,5.344103,-4.084082,-0.874762,8.626931,8.830577,3.051152,7.674507,7.399290,-7.745526,-8.109548,0.391219,3.275485,7.391069,-9.151687,-4.571159,2.784592,4.122043,0.344229
resume_1264,5.455043,4.542063,1.783874,7.676997,-4.585728,-6.389376,6.006866,-6.786881,2.727485,0.036107,-1.600795,-1.643854,0.805998,7.796056,-5.875237,1.871635,-4.756799,-8.075685,-10.211394,-7.843928,-3.093009,5.126496,-7.862201,6.731755
resume_1265,-2.198605,7.409297,-7.520737,-1.376482,-1.288074,-1.034661,6.797916,-0.805808,-8.922561,2.236528,2.435971,-1.867900,6.633660,-0.982984,-2.292054,8.319350,-1.494594,5.669987,2.661269,0.350295,9.189955,8.566167,-9.498850,2.198267
resume_1266,5.100933,-3.062574,3.712474,3.523156,-1.508714,2.070060,-6.986722,6.088333,-8.488702,-5.289859,1.088226,-7.827777,-7.082321,5.701535,-0.432992,-8.357103,0.609231,4.565117,-7.402020,7.000760,-9.217036,-1.532802,0.394159,7.824225
resume_1267,7.905598,6.906889,8.023029,-8.237356,-0.926184,7.902858,2.835551,-6.588839,1.294243,6.900942,9.345696,-8.399808,0.897694,-3.176969,-5.033960,1.407013,-6.115791,7.812627,6.176053,-2.673403,-6.196512,-4.937672,1.187551,6.363281
resume_1268,-1.892942,7.003430,-7.365368,-1.848853,-3.173058,-2.583529,8.836111,-1.824393,-9.305420,2.281569,0.826296,-2.894697,6.795996,-0.510265,-2.267628,7.276162,-2.195200,6.116521,3.064392,0.666391,10.429308,8.484800,-8.897575,2.919515
resume_1269,5.306885,5.900473,1.991212,8.222873,-4.031335,-6.282120,6.469183,-6.633502,3.573696,1.594987,-0.999498,-2.191386,1.848168,7.275076,-5.175828,-0.317773,-5.075820,-7.963251,-8.632645,-7.638659,-4.265487,4.965988,-8.219537,6.683674
resume_1270,-7.575361,-7.723173,7.011757,2.402383,-7.717410,3.642205,-7.166087,-6.039544,1.007421,-3.030530,-2.226869,4.515481,-1.426777,4.891288,3.565236,-5.611806,-0.009287,2.763728,1.529839,-0.145239,9.842144,6.409941,-0.724989,8.056591
resume_1271,9.544144,7.729155,8.095709,-7.160239,-1.168556,7.216049,2.332000,-5.651569,1.268276,8.059264,9.133189,-8.687001,-0.321872,-3.726000,-5.442272,2.592260,-7.358942,7.646335,4.575369,-2.374378,-6.666112,-4.971311,1.226906,4.361344
resume_1272,9.047751,6.772453,7.745722,-8.912236,-1.199359,6.727801,2.303501,-6.133204,1.341913,7.128020,10.119138,-7.456404,-0.156489,-4.371623,-5.665158,2.453679,-6.876524,7.967230,3.857671,-2.903071,-7.561244,-5.275467,1.538731,5.045874
resume_1273,5.013900,-3.250737,4.701712,3.744641,-1.617459,2.512792,-6.319610,6.696062,-9.382545,-4.969977,1.014281,-6.412871,-6.913651,4.354083,-0.454010,-7.241890,1.191673,5.352046,-5.045651,7.715788,-9.015607,-1.030414,0.494506,7.580988
resume_1274,4.892536,4.268944,1.870509,8.413635,-4.413344,-5.712935,5.905662,-7.065423,3.887143,0.665322,-2.234120,-1.942663,2.127136,8.815509,-6.037373,1.134617,-5.741144,-8.319250,-9.124466,-8.830196,-3.997871,3.694257,-8.399444,7.085723
resume_1275,-8.355310,-0.050508,4.388618,-8.341849,-6.952215,1.754813,-1.723920,-0.440598,4.816794,4.172665,0.100262,2.152335,-7.528551,-8.688766,8.018332,-0.685010,1.372491,-4.705269,-2.648424,-4.648072,-5.121979,-9.895959,6.536127,8.246538
resume_1276,5.029182,-2.676658,3.936724,3.256888,-1.224130,2.448081,-7.682595,6.342933,-8.585426,-4.818772,1.429385,-6.452908,-6.341081,4.654022,0.459051,-8.170515,0.853575,5.163376,-5.398513,7.198093,-9.657496,-0.513465,2.222525,8.766075
resume_1277,-6.760463,-2.035816,5.783665,-6.903015,-8.546487,2.096023,-0.995206,-1.215243,5.915719,3.770389,0.150322,1.998831,-7.080035,-8.245043,8.512865,0.766783,1.054090,-6.616035,-2.000150,-4.374677,-4.328193,-10.800458,7.335885,6.964269
resume_1278,-7.786270,-8.934598,9.493425,2.221024,-8.282555,4.340705,-6.830185,-6.022087,0.374302,-4.071475,-2.554778,5.164893,-1.369881,3.889583,3.629537,-6.513499,-0.597866,4.619970,2.396516,-1.949311,9.518966,7.654998,0.312965,8.832715
resume_1279,7.970540,7.906075,7.258917,-7.896771,-0.723091,7.072751,1.251107,-6.058129,1.897329,7.734611,8.432386,-9.131068,0.207982,-3.884133,-4.730602,3.059964,-6.599291,8.661223,5.439999,-2.811958,-6.652030,-4.310542,1.568655,5.906155
resume_1280,9.612832,6.721604,9.121791,-7.966125,-1.349049,6.737012,1.921230,-6.400983,1.643669,7.751531,8.408782,-8.365379,-0.140629,-4.379525,-4.777062,1.554012,-7.491612,7.416656,5.823803,-2.627067,-5.959124,-4.735841,2.220560,6.234689
resume_1281,8.779552,7.623027,7.466381,-8.448390,-0.271709,6.141290,1.084980,-7.632476,1.342300,7.354355,8.018945,-8.326885,0.156851,-2.754631,-4.690245,2.931281,-6.721836,8.625285,5.665075,-3.403617,-6.367023,-4.579401,1.882911,5.775192
resume_1282,4.443972,-3.524224,5.172334,4.553339,-2.185736,2.011506,-7.804975,6.813443,-9.941691,-4.380636,2.716832,-5.563722,-6.544969,4.921279,0.266968,-7.690828,1.245216,4.380896,-5.714947,7.018638,-11.129594,-1.485788,1.019446,8.344506
resume_1283,6.543386,-4.025483,4.169821,3.317319,-2.406685,2.940050,-6.963018,6.309186,-9.269531,-5.381934,1.596654,-7.208492,-6.347028,5.157511,0.234479,-7.513784,0.787555,5.040969,-4.791554,6.769630,-9.705877,-0.885659,2.062015,8.338547
resume_1284,-2.427140,8.039815,-8.823526,-1.516482,-2.850777,-2.090169,8.180483,-2.143689,-7.723394,2.779596,1.842809,-2.583914,6.247772,-0.353314,-1.212618,7.811510,-2.343313,4.745013,2.365628,1.363955,9.918929,8.849124,-9.868759,3.378900
resume_1285,7.459884,7.267853,9.171672,-8.182081,-0.438908,6.268319,2.244086,-6.089170,1.779501,8.006430,9.773856,-8.986070,0.937228,-4.804591,-4.578341,1.443586,-5.956773,7.523475,5.911308,-2.409251,-6.646926,-4.595696,1.482037,5.099563
resume_1286,9.647572,6.632307,-5.167933,10.415874,-1.933671,9.433666,-5.631085,-3.788828,9.370977,-6.728022,0.512620,-2.195806,6.458222,-8.793417,-8.725437,-1.014463,5.261333,-7.217868,2.154307,-0.359926,3.813107,-1.866741,-5.689923,-0.582513
resume_1287,-6.671519,8.418847,-2.533741,5.178238,-2.520001,-4.311105,6.520579,-3.882107,1.045723,9.215323,9.434867,2.184937,6.727063,7.152077,-7.414133,-8.070040,-0.783864,4.560990,6.242246,-7.189107,-5.537812,2.680794,3.987423,0.195949
resume_1288,-8.147863,9.725036,-3.312564,5.757187,-2.524661,-3.519987,7.258194,-3.294536,0.309718,8.596643,8.409475,2.723960,8.465289,7.353319,-7.444674,-8.352282,1.082195,3.886677,7.654737,-8.377941,-4.997432,2.924678,4.132141,-0.163320
resume_1289,-0.553125,7.980943,-7.507498,-1.345269,-1.995446,-2.448934,9.448524,-1.641401,-7.677139,2.504784,1.728459,-2.971026,7.212419,-0.339754,-2.502982,7.343090,-1.689511,5.175648,1.727939,0.582898,9.751306,9.219348,-9.684646,2.772386
resume_1290,9.429481,7.519041,7.831672,-8.579120,-0.469538,6.450716,1.078039,-7.388184,1.228439,8.068470,9.926184,-8.195056,0.611841,-3.064025,-5.313423,2.087053,-7.133920,8.401504,5.450711,-2.768553,-6.197575,-3.299384,2.749813,6.265824
resume_1291,-7.987518,8.617149,-2.856056,6.035123,-2.096489,-3.557835,5.827229,-3.632622,0.589148,8.459518,9.300481,1.460692,8.118323,7.296874,-6.702178,-8.707069,-0.306370,4.181299,7.702799,-8.341363,-5.983047,0.951245,3.982604,-0.396267
resume_1292,5.758658,-4.199767,4.609959,3.897849,-2.043339,2.063231,-7.056222,5.365024,-9.435844,-5.730394,1.418076,-5.501782,-7.164335,4.294357,0.696363,-7.294823,0.389898,4.104093,-5.478793,7.888405,-10.015946,-1.054236,0.692286,7.512361
resume_1293,-7.110354,-0.166042,5.088086,-7.617729,-8.157880,0.661632,-1.021878,-0.648838,5.451579,3.286696,-1.177497,2.346822,-6.796388,-8.092837,7.778426,-0.006248,2.403487,-5.789222,-2.246766,-2.827640,-5.148022,-9.515174,6.272613,7.928760
resume_1294,-1.807956,8.012877,-6.697626,-1.105392,-2.134887,-0.962857,8.530885,-1.821489,-8.417512,2.409590,2.283090,-2.035255,5.993121,-0.355254,-1.925821,7.688517,-1.423873,6.585903,2.019565,0.121258,10.399295,7.753854,-8.740087,2.314432
resume_1295,-7.235382,-0.944782,5.598312,-6.798587,-7.471615,1.627062,-1.330054,-0.859213,5.856667,2.907076,1.276689,2.821277,-6.634007,-7.783167,7.522767,1.107510,1.305903,-4.928675,-2.247444,-5.751551,-5.668312,-9.258459,5.933388,7.453831
resume_1296,-7.865141,-0.761003,5.365932,-7.884435,-7.869356,2.026014,-1.390200,0.143597,5.486821,2.541049,-0.087974,1.343691,-7.796057,-7.738806,7.868796,-1.509425,2.274208,-5.015898,-1.270596,-5.320310,-5.171817,-7.763314,8.024953,6.977569
resume_1297,-2.720873,7.343569,-8.225048,-1.747173,-3.576395,-0.280614,9.033370,-1.967296,-7.628352,2.197169,2.323692,-2.808779,5.306524,-0.854705,-0.847856,8.094354,-3.539609,6.217676,2.918259,0.994736,9.488932,8.413650,-9.316036,2.214649
resume_1298,8.525039,6.955017,8.866835,-7.700550,0.096099,6.359388,2.445779,-7.022192,1.447049,7.384826,8.624148,-8.003290,0.090103,-2.661047,-5.575567,0.973902,-6.924132,7.235183,6.067523,-3.657525,-7.262533,-4.405570,0.547648,5.000631
resume_1299,-1.989184,6.518060,-7.472732,-1.926608,-1.526567,-1.444148,8.254071,-1.641834,-7.265591,2.387484,1.634491,-2.204953,5.017094,-0.947437,-3.043107,8.926905,-1.338515,5.224550,2.505732,0.561355,8.936783,8.583301,-8.782628,2.213906
resume_1300,-7.022120,8.139285,-3.902024,6.394721,-1.937599,-2.805404,6.578751,-4.738013,1.303217,8.375347,9.859131,2.949339,6.957049,7.072960,-7.732887,-8.941829,0.055498,4.100425,9.121673,-7.837621,-6.885329,2.835546,4.399775,0.513145
resume_1301,5.769340,5.315104,1.614661,9.515490,-5.173681,-5.131289,6.571054,-6.624335,3.625289,0.828718,-2.404001,-2.167858,0.801393,8.591167,-5.660833,1.454675,-5.432507,-8.269270,-9.642693,-7.076548,-3.165931,5.108611,-8.153321,5.776847
resume_1302,-7.580119,-0.935344,5.218599,-8.893632,-8.467592,1.422031,-0.433774,-0.564088,5.930126,5.373242,0.479768,2.442022,-7.373446,-7.792535,8.475775,-0.979972,1.961800,-4.037945,-1.174401,-4.986320,-4.563536,-8.648630,7.042196,7.838981
resume_1303,10.651300,6.403527,-6.052519,9.495978,-2.094269,9.216311,-5.122871,-3.171645,8.840598,-6.925907,1.327239,-2.618093,7.564408,-8.388778,-7.623589,-0.191307,4.812242,-8.223386,2.588852,-2.125207,5.338351,-0.816843,-4.925890,-1.685255
resume_1304,6.127237,-3.397561,4.557855,3.467403,-1.829133,2.979551,-6.936769,6.741752,-8.705360,-4.128833,1.824621,-6.906022,-6.814651,5.924147,-0.019707,-7.818419,0.930456,5.366647,-5.473737,7.132685,-9.616655,-0.899471,0.912350,8.346816
resume_1305,-2.186089,7.278949,-7.485354,-1.592174,-2.147328,-2.000957,7.583119,-1.012164,-8.681847,2.342537,1.334772,-2.152484,6.989863,-1.332850,-1.997039,6.731926,-2.467091,5.766219,3.559889,0.100087,9.943046,8.053143,-9.878682,2.745554
resume_1306,8.481674,7.041852,8.229595,-8.832441,-0.806256,7.176339,1.396237,-6.173430,1.198271,8.565027,9.509498,-7.886114,0.658171,-3.889368,-5.936104,1.318691,-6.223746,8.713978,5.115924,-2.543537,-6.808002,-5.238716,0.645105,5.720390
resume_1307,6.000154,4.591501,2.187359,8.056462,-4.218104,-6.531236,6.913315,-5.902183,3.419525,1.449730,-2.559870,-1.898792,0.304788,8.649095,-6.314910,0.115624,-5.876898,-7.430853,-9.697387,-7.775828,-2.860270,4.395236,-7.910018,6.654156
resume_1308,-6.521609,8.268876,-3.878687,6.685705,-1.456046,-3.753284,7.101659,-4.102510,0.745207,9.143298,10.125350,2.503682,7.885912,7.849842,-7.122666,-8.494495,0.698095,4.038519,6.657512,-9.001718,-5.825235,2.719535,4.908014,-0.158670
resume_1309,8.952783,7.727504,7.407721,-8.320028,-0.982876,6.873043,1.348141,-7.255474,0.989281,8.276849,9.259397,-7.959466,0.850399,-2.472118,-5.049655,2.353423,-7.554329,7.870868,6.360229,-3.096226,-5.925867,-4.929102,1.363605,5.280011
resume_1310,5.439591,4.765568,2.208301,8.183011,-5.290903,-6.748787,5.933202,-6.387200,4.512816,1.816700,-2.245050,-1.829787,1.835657,7.688859,-5.571217,-0.120319,-4.809714,-8.843507,-10.304605,-8.241313,-3.329072,4.812459,-9.175767,7.086192
resume_1311,9.641326,6.694068,-5.660588,9.688801,-2.841539,8.927944,-5.855608,-3.500345,10.275778,-7.035992,-0.262003,-3.169739,6.892490,-9.799242,-7.709063,0.293474,5.611909,-6.816761,2.380167,-1.630207,4.416068,-0.593931,-4.679788,0.128971
resume_1312,5.381528,-4.145003,4.011187,3.329736,-2.091796,2.931798,-5.818982,7.293618,-9.088671,-4.456112,0.664657,-7.456012,-7.282217,4.168875,0.165211,-7.664972,0.997825,3.913101,-6.458536,7.476826,-8.843111,-1.201078,2.035206,8.281771
resume_1313,-6.545400,8.646103,-2.960734,6.207509,-2.715629,-2.570222,5.799790,-3.494884,1.775763,8.269206,11.050362,2.301412,7.449192,7.754846,-6.901439,-8.705866,0.600754,4.342351,7.321220,-8.226424,-4.714551,2.646893,3.832758,-0.810156
resume_1314,5.753159,-3.420429,5.154733,3.890556,-1.700243,2.680137,-6.067074,5.804942,-9.680578,-5.001619,0.259698,-7.008913,-6.223933,4.244835,0.183200,-7.368643,1.399294,5.012870,-5.043577,5.424134,-9.687554,-1.922759,0.452954,8.851774
resume_1315,6.671499,5.624260,2.034343,9.044525,-4.914845,-5.105695,5.869033,-6.305574,2.420087,1.877696,-1.742516,-2.569943,0.685144,7.822356,-5.323885,0.490902,-4.435833,-8.390946,-9.931854,-7.093637,-3.383989,4.455830,-8.130822,6.361548
resume_1316,6.866150,-3.454955,5.374819,3.094251,-0.885882,2.609740,-8.438412,6.035730,-9.502550,-5.262391,0.317479,-7.156723,-6.191000,6.127499,0.147431,-6.799031,-0.314707,4.547718,-5.148874,5.738928,-10.322349,-0.425570,0.694565,8.418532
resume_1317,-1.409069,8.718996,-7.546185,-1.389164,-2.276359,-1.261314,8.246636,-0.691003,-7.646784,1.994699,1.335320,-2.174276,5.491729,-0.674549,-2.245686,6.671462,-1.617825,5.402248,2.279479,1.697023,8.695344,8.114681,-9.345423,3.224566
resume_1318,-7.510969,7.096714,-2.339266,6.248141,-2.876698,-3.562582,6.090759,-3.809509,0.437490,8.701020,10.787899,2.533503,8.380087,6.638154,-7.092742,-8.442068,-0.086137,3.629018,6.693469,-8.486086,-5.773568,3.393669,5.103094,1.302789
resume_1319,5.310790,5.342891,1.640654,9.216532,-3.494016,-6.726407,5.307807,-6.936098,3.246223,1.401127,-1.880913,-2.813326,0.893769,7.958353,-6.216926,-0.238401,-4.784170,-8.011537,-10.301321,-6.902014,-4.377642,4.355959,-8.135764,6.518814
resume_1320,8.585983,6.545364,7.185957,-7.912701,-0.548011,6.495932,2.301869,-6.203774,1.936416,7.365391,8.777367,-8.121462,0.395404,-3.472575,-5.255267,1.562016,-5.697823,8.370040,5.683627,-3.339663,-6.861529,-4.680015,2.178394,5.098684
resume_1321,-2.219652,7.487682,-6.874074,-1.986558,-2.341754,-1.681695,8.195310,-1.553473,-8.054362,1.782668,1.377133,-2.703077,6.395203,-0.764733,-1.544000,7.598537,-0.934885,5.438627,2.494187,-0.174759,8.540455,9.096621,-9.543571,1.885325
resume_1322,-6.295096,7.954506,-3.825942,6.793185,-2.633254,-2.836335,6.323296,-4.815638,1.423477,8.683317,9.570670,2.324573,7.611654,7.403834,-7.642648,-7.656876,0.215179,4.191921,7.328624,-9.303535,-4.957959,2.185832,4.688527,-0.445882
resume_1323,-1.826511,8.575246,-8.193668,-2.068568,-1.786705,-1.500771,8.318660,-2.001808,-8.228144,1.945551,0.749470,-2.431065,5.682119,-0.876958,-1.046077,7.845604,-2.212127,4.865256,1.819869,0.400500,9.731135,8.356180,-9.045610,2.948970
resume_1324,8.133621,7.431366,8.212287,-8.336377,0.601839,7.671956,1.006291,-6.997510,0.257170,7.211508,8.728722,-7.983034,0.541263,-3.995161,-4.212876,0.637476,-7.289559,8.260555,6.749644,-3.456329,-7.033518,-4.472853,0.674452,4.874132
resume_1325,9.017565,7.869458,8.400905,-7.372237,-1.397742,6.421977,1.290092,-6.920293,1.923576,7.861624,9.837288,-7.625470,-0.078185,-4.023980,-6.192151,1.285320,-6.405336,7.998290,5.455210,-2.399967,-7.115713,-4.700968,1.848586,5.821096
resume_1326,8.632940,6.113321,7.397166,-8.060905,-1.841963,7.483888,1.527464,-6.058339,1.477455,7.728616,9.303091,-8.371771,-0.120313,-4.595254,-5.163432,3.433752,-6.779765,8.129813,6.608084,-3.096059,-7.038576,-4.363187,2.375857,5.694900
resume_1327,-7.330438,-7.812910,8.213788,2.726093,-8.155476,4.436808,-7.901166,-5.647269,1.107029,-3.436660,-3.599191,4.902572,-1.614453,4.571826,3.484904,-5.998725,0.297229,3.813463,2.080055,0.534240,9.950749,7.046535,1.076911,8.025093
resume_1328,3.910090,4.040748,1.757512,7.618861,-4.299393,-5.608060,6.349694,-6.522992,3.312022,2.416876,-2.274993,-1.641639,0.478353,8.076303,-6.154585,0.111259,-4.995106,-7.967759,-9.781543,-7.214695,-4.281934,3.252947,-8.097285,6.633760
resume_1329,-7.138248,-8.815594,8.890520,2.121734,-7.856019,3.328947,-7.326519,-5.673970,1.015107,-2.707389,-3.722201,3.205134,-1.414052,4.751858,2.503305,-6.274847,-1.029782,2.912451,1.414187,0.020563,9.879706,6.421276,0.213661,7.481680
resume_1330,5.462191,4.611400,2.005677,9.236809,-3.784723,-5.471426,5.857121,-5.728015,3.034697,2.003505,-0.946329,-1.948904,1.829464,7.955660,-6.307069,-0.122512,-5.125686,-7.809527,-9.198803,-9.414835,-2.571670,5.295846,-8.464097,6.979096
resume_1331,-7.022891,-10.178579,8.508772,2.386747,-7.996212,3.269317,-6.651029,-4.903106,2.033357,-2.846155,-2.826684,4.933526,-1.748624,4.739860,4.391695,-4.677298,-1.555666,3.855456,2.755581,-0.551904,9.559067,7.497377,-0.230814,7.489327
resume_1332,-6.867149,8.829433,-3.948019,6.550763,-2.433299,-4.438876,6.181398,-3.957949,0.508653,7.138665,9.520992,1.954780,8.080470,6.920530,-7.072143,-8.415108,1.078937,3.494066,7.966319,-6.643194,-4.810869,2.679975,4.464364,-1.336980
resume_1333,-6.688291,-7.790478,8.201733,0.253915,-7.741588,3.377165,-6.512374,-6.006964,1.826509,-4.021394,-2.781225,4.935983,-1.960048,4.912357,3.243225,-6.674037,-1.180542,4.475607,1.579725,-1.303124,9.384045,7.400038,-0.470996,7.943218
resume_1334,10.584381,6.887837,-6.423296,9.792599,-2.170989,8.143852,-5.142113,-3.119880,8.793936,-6.969725,0.685638,-2.657611,7.045110,-9.138896,-7.779342,-1.462977,4.317565,-6.798091,2.798985,-2.008572,5.451490,-0.611422,-4.400269,0.115931
resume_1335,-6.830659,-2.515264,4.194784,-7.889937,-7.344055,1.261147,-1.393809,-0.278021,5.333421,2.453201,0.033295,3.172058,-8.210253,-7.056037,8.293679,-0.702764,2.357460,-5.357450,-2.264493,-3.379469,-5.296349,-9.049642,6.245887,7.457959
resume_1336,-2.881832,7.593476,-8.691890,-1.164533,-2.163212,-1.263021,8.936691,-1.920068,-8.509099,3.469052,2.619580,-2.548171,5.305141,-0.936556,-1.143947,7.714908,-1.661177,6.301744,2.309030,0.474165,9.349024,8.806701,-9.703382,2.429483
resume_1337,10.604537,7.489431,-5.721363,9.567477,-1.788147,8.507771,-5.903940,-5.430566,10.242849,-8.714502,0.295892,-3.917082,7.527801,-8.561256,-7.471483,0.295657,6.399168,-6.933847,2.610218,-1.782283,5.878595,0.086964,-5.976234,0.321895
resume_1338,-2.550571,7.104441,-7.996259,-0.659556,-2.389946,-1.010182,8.931302,-2.296983,-7.482056,2.464264,2.268067,-2.150210,6.764269,0.560215,-1.106346,6.870356,-2.324279,5.856053,2.208919,0.028278,10.611198,9.059765,-9.750077,1.298750
resume_1339,-6.960958,-1.393268,5.338110,-7.784600,-7.959899,1.185473,-0.826721,-0.429831,4.328928,3.294557,-0.462050,1.905487,-7.739139,-7.403999,8.891779,-0.046783,2.629891,-4.894987,-1.589851,-3.987576,-4.823445,-8.515562,7.522667,7.745325
resume_1340,4.923569,3.738953,1.250525,8.356841,-4.974744,-6.328395,5.141691,-5.510868,3.339876,1.141974,-2.521841,-1.671259,2.023217,7.447965,-5.237393,0.668868,-6.167448,-7.950525,-8.996142,-7.916899,-4.066521,4.212952,-7.530756,7.308001
resume_1341,5.104862,4.691903,1.422577,8.561795,-3.998537,-5.819174,6.123526,-6.903718,3.772072,2.032424,-2.033689,-0.769961,0.594439,7.761568,-6.416050,0.914828,-5.142643,-6.881189,-9.588046,-8.006098,-3.079544,4.322531,-9.114731,6.773662
resume_1342,-1.172579,8.918605,-7.530696,-2.049229,-2.169769,-1.947661,8.401969,-1.004324,-8.199083,2.868627,1.207812,-3.273933,6.016075,-0.465403,-1.512292,7.768490,-1.925215,6.774102,2.119388,1.473934,10.201111,8.070711,-9.830674,2.801366
resume_1343,5.905484,-3.439366,4.609057,3.170452,-1.421705,2.538280,-6.285823,6.672808,-8.410166,-3.729721,2.724891,-7.834355,-6.715248,6.038025,0.162923,-8.771471,1.207873,4.649721,-4.279388,6.542105,-9.989385,-0.556174,1.033380,7.997879
resume_1344,8.160781,7.309588,7.785886,-7.407050,-0.744657,6.863574,1.261299,-6.808259,1.579149,6.933649,8.734941,-8.109272,-0.600281,-3.416150,-5.109261,2.139781,-6.528774,7.179001,5.104032,-2.534196,-6.641229,-5.101276,1.886644,6.212103
resume_1345,5.019643,4.913383,2.470223,8.019242,-5.469228,-6.617278,6.733004,-7.217544,4.044285,1.034997,-2.081603,-1.939194,1.215224,8.437274,-6.005400,0.321444,-5.820920,-8.572914,-8.930668,-7.145066,-3.991639,4.179133,-6.847359,6.462426
resume_1346,-5.943629,9.134064,-3.302040,5.858542,-2.467128,-3.695587,6.115458,-4.350220,1.113597,7.811848,9.804003,2.406476,8.168567,8.090333,-7.430727,-7.706548,0.318223,2.808296,7.663052,-8.959800,-4.798159,2.686137,4.107868,-0.179258
resume_1347,-7.373847,-1.380792,5.315464,-7.742202,-9.091508,1.871650,-0.058232,-0.638152,4.810095,3.746442,1.485776,1.996097,-8.588322,-7.159877,8.437870,0.254352,3.679409,-5.534303,-1.550855,-4.457199,-5.548669,-9.789760,6.186745,7.887530
resume_1348,-7.716462,0.277477,4.763827,-6.880116,-9.343326,1.543655,0.503966,-0.055257,4.947395,2.658926,1.527827,1.717689,-7.424872,-7.892795,8.398052,-0.435329,3.039357,-5.628956,-1.899086,-4.430541,-4.497690,-9.904492,7.490651,8.209662
resume_1349,6.393605,4.828032,1.495176,8.510690,-4.597941,-5.275671,5.985173,-6.738982,2.916269,1.194569,-2.671730,-2.578533,1.973864,8.801840,-5.515225,-0.699110,-5.859788,-7.702456,-9.484616,-9.286989,-2.749370,4.020783,-7.576440,6.267593
resume_1350,5.304700,5.314723,2.304465,8.818190,-4.074661,-6.465936,6.220525,-6.599175,4.328926,2.219745,-1.715179,-1.388447,1.353445,7.917494,-6.083476,0.786709,-5.243706,-7.462906,-9.371253,-7.840188,-3.091445,4.493337,-7.881865,6.074400
resume_1351,5.642309,4.399687,1.237527,7.911561,-3.759844,-5.616721,6.305363,-7.572843,4.119526,2.062619,-3.050759,-1.900330,2.213015,8.346506,-6.207597,0.879448,-6.251494,-7.175857,-10.499604,-7.238392,-2.661895,3.776821,-8.351643,6.645726
resume_1352,-9.214683,-8.306840,7.866079,2.275517,-8.157599,3.976786,-7.301809,-5.838359,0.825414,-3.361558,-3.007349,4.380035,-1.446186,4.369179,3.513903,-6.692784,-0.899598,3.644251,2.315949,-1.660628,9.808713,7.010208,-0.752772,8.220482
resume_1353,-7.113935,-8.619749,9.501949,2.827022,-7.717160,4.350320,-6.968416,-5.715886,1.375242,-3.425208,-4.095433,4.511432,-1.655337,4.523845,3.226120,-6.538577,-1.091185,3.548708,1.499874,-0.473465,10.052239,6.453892,-0.421463,6.999367
resume_1354,5.135661,4.732497,1.806166,7.516430,-4.862655,-5.929956,6.635325,-6.074646,2.815588,1.055161,-2.372453,-1.881607,0.293509,8.614298,-5.861467,-0.219017,-4.506550,-7.073728,-9.401324,-7.262029,-2.575139,3.370432,-8.465649,6.642549
resume_1355,9.355667,6.647277,7.735728,-8.452087,-0.249469,7.283170,1.250850,-6.383995,0.563968,6.837729,10.422534,-8.644967,0.028471,-3.850501,-4.701208,2.379491,-6.360061,8.065220,5.302002,-4.702696,-7.230151,-4.356297,1.058695,5.805365
resume_1356,-8.956524,-9.863099,8.705388,2.104175,-8.129625,3.669578,-6.461626,-7.015970,0.320122,-4.128406,-3.010284,4.456942,-2.069411,3.643336,4.144460,-5.537156,-0.878753,3.341948,1.044132,-0.751628,10.123436,7.337296,0.338700,7.672953
resume_1357,-7.293474,-9.435589,8.662544,2.924609,-8.765244,3.545700,-6.539144,-6.887150,1.362381,-4.021528,-3.124243,4.533016,-0.968893,4.289084,3.939191,-5.735273,-0.840478,3.591548,1.511812,0.002572,8.905618,6.643194,0.131000,9.172262
resume_1358,-6.597646,-0.220001,4.668750,-8.083496,-7.944602,1.150600,1.426442,-1.702589,5.760349,3.444981,0.741513,1.853532,-9.110024,-7.384062,8.756444,-1.269362,2.353065,-6.265681,-2.279152,-3.984239,-5.571740,-8.925056,7.472716,7.278885
resume_1359,-7.803327,-6.923446,8.193585,2.799987,-7.201660,2.975846,-6.816121,-5.020268,1.506457,-3.246791,-3.564639,4.903694,-1.447944,3.855953,3.354093,-6.112038,-0.077458,3.906936,1.391031,-0.497412,9.162690,6.673821,-0.039718,8.303924
resume_1360,5.885616,-3.989710,3.667976,3.827742,-1.832333,3.849940,-7.776585,5.500112,-10.041696,-3.809429,0.127367,-7.671173,-6.475587,4.839850,-0.772497,-7.986884,1.015288,4.972763,-6.463091,6.981559,-8.941204,-0.767933,0.612351,8.616845
resume_1361,8.942481,7.049678,7.666401,-9.150457,-0.051977,6.848948,1.549426,-7.692620,1.156367,8.424545,9.627335,-9.180480,-0.679183,-3.454866,-4.716628,2.459962,-7.751998,7.934934,5.218882,-3.608240,-7.093722,-4.708482,1.388864,5.303478
resume_1362,-2.041768,8.182565,-7.714329,-1.571377,-2.407785,-0.842497,9.169736,-0.973420,-8.142581,1.821267,1.587795,-2.720555,5.507467,-0.626558,-2.750206,6.683898,-2.879295,5.928065,3.203315,1.202593,9.832532,8.533567,-9.048891,2.539030
resume_1363,-7.728220,-0.659319,6.391951,-8.324578,-8.095413,0.521032,-0.432579,-0.225538,5.679262,3.724156,-0.324631,1.521019,-7.574175,-8.875874,7.873528,-0.155051,2.136862,-6.161540,-2.094604,-4.633494,-5.920290,-9.761100,6.826567,7.628047
resume_1364,-1.489524,8.054525,-6.675018,-1.159057,-2.468399,-1.906296,8.087530,-2.558491,-8.033241,1.618305,3.049963,-2.453302,6.426837,-0.958322,-2.467033,7.495262,-2.635650,4.859221,2.343355,0.047011,8.902456,8.896563,-9.743271,3.094106
resume_1365,-2.187194,6.551757,-7.218540,-1.292794,-0.765797,-1.842998,8.633787,-1.206646,-6.669565,1.943794,2.215868,-2.400629,6.813929,-1.369241,-0.659523,8.113321,-1.665135,5.663350,2.058038,0.734894,9.273612,9.503902,-9.273596,2.052509
resume_1366,5.976771,-4.233127,4.690187,2.854184,-1.261766,2.109894,-7.262517,6.123841,-8.280294,-4.595081,1.831071,-7.465910,-7.180375,4.432092,-0.035543,-6.855711,1.525142,4.862258,-6.133739,6.127609,-10.765317,-0.942336,2.485285,7.919830
resume_1367,-1.761606,7.376666,-7.415431,-1.375524,-1.640183,-2.044196,7.891875,-2.012722,-7.438783,2.082542,1.485965,-2.982500,5.803446,-0.132410,-2.357644,7.387357,-1.693124,6.198548,2.207424,-0.079427,9.166870,8.037946,-9.772330,3.034574
resume_1368,5.826081,-2.264845,5.465283,4.127167,-1.459786,2.831953,-8.187748,5.551328,-8.942437,-4.120216,0.510546,-7.147607,-7.545989,5.317316,0.530987,-8.200181,1.403364,3.933588,-6.968440,6.435866,-10.116978,-0.901074,1.079265,8.358917
resume_1369,-7.133085,-8.503981,8.258033,1.598408,-6.602912,3.311886,-7.313907,-5.569769,-0.487841,-2.538568,-3.333577,3.932018,-1.004547,4.720513,3.945593,-5.484626,-1.036323,1.980580,1.279240,-0.512397,9.554035,6.881408,-0.026910,8.161690
resume_1370,10.109342,6.595557,-5.579503,9.116564,-2.331651,8.273274,-5.623772,-4.564392,9.132409,-7.240172,0.545850,-2.088814,7.481098,-8.320499,-7.705710,0.425837,4.921595,-7.309172,2.151558,-1.946875,4.887488,-0.405141,-5.115846,0.069135
resume_1371,5.630175,-3.855056,4.565024,2.972792,-1.419350,1.611389,-5.921165,5.488114,-8.054141,-4.732047,1.390109,-7.274314,-6.854395,6.369137,0.425511,-8.194209,0.453737,5.042820,-5.997031,5.821747,-10.322571,-0.289561,0.670946,8.013922
resume_1372,8.912765,6.786050,6.904253,-8.434734,0.411084,6.547531,2.415664,-6.012190,1.732179,8.003182,8.632644,-7.640220,0.004966,-3.819408,-4.171789,2.642902,-7.995525,8.990094,5.185006,-2.867744,-7.122767,-4.524729,3.182304,6.064951
resume_1373,10.100747,7.132952,-5.657316,8.837120,-2.118275,9.452723,-5.128748,-3.732610,10.201654,-6.334888,0.542032,-2.331011,7.607564,-8.424073,-8.445756,0.612591,4.881175,-8.131587,1.322197,-2.041409,5.072410,-1.533648,-4.241273,-0.648726
resume_1374,5.835780,-3.756220,4.365054,1.970971,-1.993024,2.507786,-6.205570,6.202324,-8.653902,-5.526963,1.620062,-7.031326,-6.410362,6.182594,-0.414976,-7.793232,0.944954,3.082509,-5.596041,6.464044,-9.340553,-0.492036,2.282504,9.173662
resume_1375,5.177252,-3.819918,4.487496,3.164998,-2.095341,1.973581,-6.249960,6.002418,-9.271817,-4.660032,2.241689,-7.812726,-6.684280,5.690544,0.551910,-6.749338,1.211176,4.743578,-6.238297,7.196967,-10.277298,-0.326166,0.384258,8.430211
resume_1376,-8.099239,-8.223591,9.378905,2.372191,-7.592381,3.491824,-5.839159,-5.421038,1.954193,-3.111544,-3.783698,3.759374,-1.305429,5.242033,2.152826,-5.209446,-1.533424,3.451334,1.127955,-1.485737,9.447075,7.200760,-0.428864,8.040451
resume_1377,5.862089,-3.221106,5.074831,3.686108,-2.053448,2.679432,-6.380020,6.517166,-9.984760,-4.111400,1.644111,-6.342991,-6.818800,5.087509,-0.750169,-8.051544,0.306976,4.060303,-5.534921,5.704739,-10.536649,-0.678001,1.657413,7.001848
resume_1378,-7.112291,8.177762,-3.742359,5.939699,-1.926574,-2.551723,6.630326,-4.482245,1.526124,8.014699,10.794135,2.845530,8.150464,7.710876,-7.685482,-8.729690,0.275836,3.748864,7.427267,-8.103006,-5.465950,1.032994,5.168249,-1.158095
resume_1379,-7.945817,-0.515468,5.106183,-8.793523,-7.950396,1.883460,-0.261501,-0.776280,5.736496,3.240060,0.469283,1.419944,-7.620586,-7.969163,7.927399,0.042749,2.325464,-5.406821,-1.679711,-4.053316,-4.796583,-9.389256,7.197936,7.317845
resume_1380,5.309355,5.641743,1.805211,9.047166,-3.839227,-5.052664,6.030627,-6.080942,3.725820,1.491434,-2.574196,-2.901857,1.450927,7.666147,-5.658378,0.326756,-5.282334,-7.304398,-9.876079,-7.451367,-3.111861,5.108830,-7.609118,6.739051
resume_1381,9.984124,6.969590,7.590277,-9.603619,-0.210413,6.515276,1.542840,-6.100690,1.240136,6.525494,8.814686,-9.071926,0.670067,-3.727227,-5.187573,1.793878,-6.759548,8.223510,5.614160,-2.263933,-6.855623,-4.119729,2.189831,4.763182
resume_1382,-7.223721,-1.200585,5.247931,-6.117225,-7.305222,1.365421,-0.728542,-0.541452,4.959245,2.588854,0.078508,2.205833,-7.054798,-8.048278,8.891774,0.221224,3.640820,-6.250783,-2.028514,-4.443130,-5.356359,-9.321276,7.825717,7.962954
resume_1383,8.338822,7.306348,7.834257,-7.824666,-0.464387,6.488740,1.493396,-6.332061,1.545449,8.231484,8.219694,-8.552268,0.251918,-2.965283,-5.382197,2.811791,-6.752227,8.002463,6.728282,-3.124856,-6.312843,-4.639579,2.122432,5.523892
resume_1384,-7.489041,-8.636596,8.083516,1.578617,-7.902704,4.452272,-6.399944,-6.069497,0.873508,-2.690091,-3.158250,3.897723,-1.905254,4.985475,3.159951,-6.344535,-0.997431,3.474574,2.219752,-0.512288,9.450874,6.629898,0.204090,7.982264
resume_1385,-7.737344,-0.359367,5.328718,-8.285798,-8.775010,1.698195,0.421140,-1.062672,5.628618,3.376235,0.454644,1.571608,-7.427719,-7.324716,8.332562,-1.246479,2.256530,-5.484611,-1.895472,-5.116373,-6.601056,-10.937771,6.165265,7.860192
resume_1386,-7.599488,9.780324,-3.231592,5.232776,-2.505463,-2.351984,7.121498,-4.225304,1.038164,9.193415,9.549418,2.047767,7.681507,7.981911,-7.329453,-9.623320,1.174326,3.472041,7.085511,-8.547867,-5.473221,2.258301,5.131914,-0.186441
resume_1387,4.893915,5.225964,1.373562,9.298632,-4.300603,-6.311636,6.530678,-5.932864,3.169802,1.440805,-2.509537,-3.086114,1.076891,8.950940,-5.581190,-0.662361,-4.068514,-8.904987,-11.139940,-7.304385,-2.992538,4.490872,-8.030424,6.910247
resume_1388,10.290531,6.617149,-4.968018,10.092377,-1.561860,8.924388,-6.009718,-3.541770,8.356061,-6.337013,0.116750,-3.186294,7.027601,-8.794861,-8.341705,-0.209864,4.400412,-6.383218,1.865810,-1.343629,4.769098,-0.479639,-3.985178,0.113785
resume_1389,-2.030283,7.227651,-7.917167,-1.349161,-1.006491,-1.960663,8.110321,-1.474546,-7.378616,1.834011,1.954935,-1.382406,7.291998,-0.014684,-2.691526,6.449565,-2.258372,5.173520,2.400765,0.735526,10.327936,8.531684,-9.653794,2.882508
resume_1390,9.410482,6.782092,-6.650729,9.857623,-1.466221,8.090625,-5.295611,-3.542390,9.761730,-7.784565,-0.117294,-2.073561,7.661153,-9.167086,-7.086598,0.966618,5.580666,-7.891230,2.699372,-1.265970,5.166535,-0.696495,-4.029613,0.544331
resume_1391,4.676941,-4.322213,4.013689,3.300075,-1.084541,3.703686,-7.275777,5.322540,-9.434895,-3.610127,1.562559,-6.966728,-6.553628,5.854733,-0.743889,-8.276099,-0.238538,4.320509,-6.238005,6.805607,-10.214418,-1.681084,1.455924,7.437995
resume_1392,5.262145,5.118948,1.959628,8.561081,-5.508545,-5.284100,5.763356,-7.563884,4.177948,1.889386,-2.918470,-1.716397,1.164132,8.517240,-6.084667,-0.576945,-5.072869,-7.497605,-10.582325,-7.426481,-3.713555,3.626774,-7.516121,6.655646
resume_1393,4.837815,4.846151,2.269108,8.918582,-4.815767,-6.030184,5.872607,-6.389799,3.636455,2.244710,-2.873715,-1.532062,1.855786,8.276422,-7.283852,1.248869,-5.106455,-8.547698,-10.043770,-7.866317,-3.957385,3.895979,-7.358627,6.699191
resume_1394,5.313430,-3.700423,5.270799,3.832657,-1.137790,3.543787,-8.490128,5.937527,-8.852443,-4.830234,0.625545,-6.772318,-7.451427,4.693515,-0.303270,-6.677131,-0.228244,4.079485,-5.893960,7.093536,-9.808458,-2.632013,1.111820,8.241971
resume_1395,5.201702,-2.845998,4.371615,3.434113,-1.461545,1.295030,-7.289384,6.058981,-9.191336,-5.709707,1.762625,-7.007910,-6.873639,5.729461,-1.604027,-7.433284,0.504361,4.955597,-6.364896,6.717238,-9.537048,-0.956298,0.212508,8.199270
resume_1396,5.306670,-3.472890,3.539432,3.772366,-1.420805,1.318468,-6.348942,7.853922,-9.659140,-4.690773,1.143904,-6.442084,-7.052102,5.164204,0.864532,-6.910003,0.111565,3.965847,-5.223383,5.512405,-10.077645,-1.103335,1.095985,7.014760
resume_1397,5.065266,4.825096,0.173471,9.126800,-4.310634,-5.928522,5.796831,-6.705570,3.180082,1.909392,-1.525377,-1.573397,1.093392,7.524218,-6.658022,-0.391787,-5.958638,-8.343645,-9.208633,-8.603494,-4.046487,3.833991,-7.266377,6.438844
resume_1398,5.501611,-3.337044,4.450186,3.710421,0.206863,2.342461,-7.287677,5.789305,-9.964849,-4.068271,0.276847,-6.351853,-7.481688,5.336330,-0.414758,-7.619576,1.278045,4.514267,-5.278564,6.050957,-9.110055,-2.317188,1.206267,8.522920
resume_1399,-7.921137,-8.435144,9.429514,1.744627,-6.725346,3.045673,-7.802704,-5.370720,0.959683,-2.479603,-3.474351,3.231915,-0.871341,3.815000,3.849654,-5.698344,-0.452419,3.455636,2.130681,-1.699590,9.259112,6.735513,0.196610,8.112972
resume_1400,4.281572,5.256844,2.146279,8.906682,-4.238677,-6.180721,5.114872,-5.913699,3.505407,0.879796,-2.995947,-1.425652,2.100078,8.746400,-6.881221,-0.387160,-6.056641,-8.557401,-8.809271,-6.818579,-3.788108,4.279814,-8.017605,5.968881
resume_1401,-6.755313,9.122465,-2.760810,6.293256,-1.939944,-3.595907,6.714189,-2.725020,1.791059,8.669188,9.865656,2.798957,7.711025,7.049157,-7.600720,-8.277940,0.480290,2.962172,8.324893,-8.421982,-5.779893,2.634357,3.658239,0.235476
resume_1402,6.078259,4.907000,1.826267,9.668835,-4.370080,-6.072996,6.177190,-6.370884,2.307655,1.445665,-2.451934,-1.248523,1.274989,9.205492,-6.378088,-0.216768,-6.262679,-7.766347,-9.753516,-7.377391,-4.782138,4.493919,-8.464182,5.352873
resume_1403,5.215778,4.403166,3.027200,8.001698,-4.752148,-7.258696,7.227927,-6.645162,4.096217,1.946308,-2.806256,-2.607944,1.564376,8.195049,-7.060696,0.138707,-4.503531,-7.678254,-9.631821,-7.850242,-4.189406,4.311236,-8.256134,6.037481
resume_1404,-2.864333,6.698099,-8.200760,-0.380501,-2.989496,-0.265519,8.160602,-1.641580,-7.734889,2.594572,2.284685,-2.181966,6.178055,-1.083413,-2.720282,8.108173,-2.617140,5.058105,2.598552,0.474347,7.755707,9.034447,-10.567811,3.059039
resume_1405,-6.616138,-0.617264,5.928146,-7.261731,-8.383202,1.754223,-1.789281,-0.967312,5.586925,3.148274,-0.698142,2.009207,-7.364787,-7.215711,9.734278,0.497349,2.022320,-5.447625,-1.230974,-4.060916,-4.712243,-8.419361,7.160543,6.572273
resume_1406,-2.277826,7.374578,-6.871024,-0.934401,-2.318203,-1.471748,8.697431,-2.021178,-7.021918,3.165854,1.529994,-2.026860,6.874900,0.483912,-1.550429,7.420105,-2.579128,5.557908,1.097394,0.636256,9.176626,8.696558,-9.272878,2.267282
resume_1407,8.652722,6.900643,7.460908,-9.280738,0.587529,7.279401,1.646282,-6.664392,1.972226,7.786882,8.260350,-10.497176,-0.097993,-3.311703,-4.718876,1.753438,-6.452070,7.462716,4.899773,-3.334825,-6.526720,-4.194463,1.080354,7.178246
resume_1408,8.543573,8.224363,7.959927,-7.752798,-0.963129,7.117780,1.656836,-6.244493,1.353896,8.042958,8.516906,-9.243779,0.535458,-2.516378,-4.955421,2.283419,-7.301418,6.867310,5.870345,-2.910823,-7.355471,-4.910950,2.240414,5.112995
resume_1409,5.655627,-3.443643,4.564728,3.873037,-2.018259,1.945760,-7.049832,6.324703,-9.059970,-5.387309,1.184515,-7.204850,-6.559013,5.944319,-0.134940,-7.826144,1.196429,4.083003,-5.883856,6.999028,-9.985373,-0.977812,0.700803,7.285919
resume_1410,-1.609149,7.336307,-7.690195,-2.295544,-0.948406,-1.051280,8.876937,-0.781106,-8.184719,2.732066,1.588773,-3.896698,6.423697,0.112856,-0.451105,7.821981,-2.951763,5.560666,2.773754,0.905294,10.010272,9.486479,-9.643283,1.304406
resume_1411,9.576009,6.873290,-6.168079,8.804101,-0.804231,8.688018,-5.451417,-4.161451,8.447194,-7.296426,0.969848,-3.718041,8.962745,-7.714494,-8.006251,-0.180746,4.960166,-7.748439,1.586901,-1.303392,4.685946,-1.314120,-4.514784,0.553072
resume_1412,5.751623,-3.960974,5.548863,3.482005,-0.737571,2.280271,-6.482511,5.804124,-9.151900,-4.202194,1.465656,-6.166862,-6.525585,5.007249,-0.490310,-7.938137,0.774078,4.122247,-5.377290,6.292610,-9.966619,-0.265001,0.452923,8.073309
resume_1413,8.330769,8.747222,7.814869,-8.496451,-0.309914,7.521247,1.914379,-5.733392,0.463660,7.811254,9.336455,-8.133002,-0.427051,-3.480656,-3.288886,1.710323,-6.972065,8.218228,4.952490,-3.782271,-8.632562,-4.839791,0.643452,5.122654
resume_1414,6.085091,-3.777650,4.706352,3.504062,-3.086926,0.972036,-7.897578,5.881663,-9.522944,-5.601167,0.279535,-6.789226,-6.028098,6.206233,-0.789775,-8.347384,0.691203,4.118684,-6.246017,6.926413,-8.568116,-2.662796,1.258526,8.094813
resume_1415,-1.647106,7.700109,-7.392683,-1.853115,-1.053153,-0.064448,8.110200,-0.571408,-7.262195,1.203869,2.136417,-2.706466,6.988527,0.506410,-2.286959,6.816503,-2.566813,4.709092,2.240915,1.364725,9.168309,7.972254,-9.257580,1.923186
resume_1416,-1.852833,7.581958,-7.372043,-1.274784,-1.382857,-1.795523,7.756448,-1.279459,-7.229962,1.069068,1.727008,-3.611417,5.903469,-1.211300,-2.062208,6.775494,-2.178857,4.252175,2.612142,1.807132,8.298231,9.124232,-9.304115,3.025554
resume_1417,-7.176743,0.139915,4.577373,-8.002134,-8.324330,1.857209,-0.655668,-0.145722,4.999098,4.401040,0.310394,2.196346,-7.317893,-7.754444,8.703469,-0.354153,1.855516,-5.514378,-1.653421,-4.317489,-5.417091,-9.984557,7.746805,7.785048
resume_1418,6.879251,4.378076,1.393998,7.654777,-4.414287,-4.864571,6.289802,-6.220359,2.570063,0.920173,-1.775197,-2.263119,1.287148,8.052235,-7.417714,0.541743,-5.023771,-7.350107,-9.299230,-7.887002,-4.028200,4.716842,-7.970522,6.596698
resume_1419,9.280995,8.298917,7.706629,-8.221100,-0.645509,7.412818,2.034888,-7.987242,2.634385,6.915873,9.718777,-8.077207,-0.115940,-2.249226,-5.128657,2.174609,-7.481402,8.069870,5.098640,-2.715956,-6.121681,-4.527628,2.331268,5.410648
resume_1420,-7.327119,-0.503103,4.492288,-8.021102,-8.408768,1.598131,-0.925588,-0.448819,5.467184,3.243251,0.788440,2.508057,-7.561283,-7.693888,8.661279,-0.149464,2.495652,-5.103263,-2.622884,-3.229436,-5.267757,-9.577135,7.195349,6.776767
resume_1421,6.325826,-3.026951,4.449558,3.110895,-2.141749,2.287051,-7.560723,4.905029,-9.639254,-5.337548,2.915143,-7.802582,-6.437147,4.846959,1.232764,-8.355034,0.636822,4.065673,-6.096149,5.693618,-8.943566,0.356683,1.429562,8.796219
resume_1422,5.949747,4.823302,1.877752,7.966016,-4.140639,-6.655604,6.012150,-6.143748,3.728031,1.311217,-2.409282,-1.267415,1.567183,8.064811,-6.397438,0.957789,-5.377534,-8.586112,-9.205848,-7.642381,-3.751322,3.841920,-7.530121,7.577417
resume_1423,-1.829707,7.918829,-7.876599,-2.436557,-2.721183,-0.875492,8.948456,-1.916082,-7.557671,2.102240,2.434079,-2.616536,6.548291,0.784031,-1.304592,8.373317,-2.520603,4.924593,2.151348,1.131156,8.550847,8.725082,-9.885091,3.600841
resume_1424,10.867470,8.598202,-5.598668,9.597953,-1.920134,9.463919,-5.129354,-4.207044,8.762142,-7.226788,-0.267499,-2.501595,7.193170,-9.402494,-7.468906,0.973813,5.413825,-7.327269,1.819263,-2.229067,4.476306,-1.235668,-4.875081,0.414313
resume_1425,-7.327215,-8.546644,8.280324,1.880572,-7.464955,2.566130,-6.163879,-6.012239,2.451977,-3.313455,-3.012834,3.998976,-1.276211,6.267484,3.842325,-6.657626,-0.660318,2.827465,2.093490,-0.921091,9.275912,7.268274,-0.142612,8.623709
resume_1426,9.824196,7.471718,7.746182,-8.296625,-0.080066,7.087472,1.932964,-7.368285,2.173228,7.694362,9.521323,-8.054127,-0.207609,-3.173431,-5.751464,1.942694,-6.295699,9.902598,6.040916,-1.942097,-7.091751,-5.538563,1.476578,6.120953
resume_1427,-8.375720,-8.345730,8.357085,2.522625,-7.922550,4.507395,-7.432024,-5.437390,1.632190,-4.049904,-2.816249,3.723536,-1.528425,5.060430,3.032058,-6.502941,-0.858398,2.829959,1.220745,-1.100150,10.800681,8.090161,-0.144632,9.383713
resume_1428,10.337786,7.260770,-4.887074,10.693919,-1.989001,9.085347,-4.879950,-4.099840,8.639156,-6.208433,1.036437,-2.283063,7.386219,-8.718927,-8.662682,0.592848,4.871912,-7.818069,2.755594,-1.018586,5.542112,-1.287664,-4.596816,0.199198
resume_1429,6.045170,5.022502,1.787368,8.815846,-4.718432,-5.266469,4.269312,-6.719010,4.110497,0.251585,-2.043752,-2.307193,1.684354,7.748515,-6.013549,0.719768,-5.490160,-7.689593,-7.704521,-7.104137,-3.408655,4.109697,-8.190569,6.935728
resume_1430,10.127882,7.500526,-6.417448,9.792898,-2.775278,8.983537,-6.376553,-4.592477,10.061829,-6.811804,0.771349,-3.287533,6.114427,-8.420940,-7.985953,-0.585307,5.042510,-7.542924,2.545046,-2.518363,4.750392,-1.650523,-5.853431,0.823137
resume_1431,6.020617,-4.853649,5.038462,4.295742,-0.989534,0.255807,-6.908449,5.968277,-10.566924,-4.142466,0.355879,-7.838071,-7.070809,5.030206,0.782807,-7.470593,1.053635,4.452770,-4.523199,7.458042,-10.261827,-1.016900,0.573433,8.250096
resume_1432,6.188002,-2.985031,3.881874,3.433167,-1.242165,1.445628,-6.524703,6.617015,-8.918979,-4.801778,0.882371,-6.618000,-6.185907,4.498475,0.654198,-8.411742,1.342548,4.838905,-5.110084,6.481166,-9.307448,-1.105318,1.625110,8.489439
resume_1433,-7.390078,9.921556,-2.801815,5.312248,-2.771824,-2.498829,6.622403,-3.993643,1.014686,8.381611,9.164554,3.027045,7.677712,7.753893,-7.741418,-8.325398,0.783314,2.755703,6.726598,-8.535128,-5.300668,3.253655,4.913553,0.170398
resume_1434,6.771955,-3.070259,4.375647,4.273122,-1.801152,1.724442,-6.989228,6.025682,-9.332235,-5.247326,2.947164,-6.534715,-6.600132,4.893159,0.436500,-7.272215,1.451803,4.356064,-5.424644,6.581969,-10.940664,-0.840439,1.211446,7.314693
resume_1435,8.994381,7.895385,8.008963,-8.410718,-1.408361,6.705498,2.596952,-6.298632,1.031449,8.285243,8.356171,-8.441091,0.147181,-3.855742,-5.241594,1.581956,-6.927969,7.750132,5.114210,-1.764714,-6.513451,-5.315300,2.311165,4.702768
resume_1436,-6.039248,8.536084,-3.495095,5.954351,-2.672244,-2.620203,7.572406,-2.979468,1.258445,9.189466,10.460911,2.973092,8.689088,7.409806,-7.004997,-7.988642,0.526672,3.584712,8.007328,-8.924344,-5.398314,3.133500,3.084983,-1.310539
resume_1437,8.434529,6.521558,7.846831,-7.783224,-1.132344,6.683073,1.751963,-6.509060,1.027597,8.451008,8.478151,-8.906317,0.546733,-3.923251,-4.766475,2.698568,-7.822756,9.162293,6.057424,-1.654322,-6.012776,-4.680877,2.275511,5.793012
resume_1438,10.483100,7.519942,-5.931746,9.288407,-2.245521,8.602500,-5.042156,-4.355832,9.530525,-7.454865,0.544085,-2.045053,8.435290,-8.450294,-7.676535,-0.035060,5.180026,-5.586855,1.798447,-2.067692,4.554683,-0.968909,-3.820237,0.854957
resume_1439,5.772808,-3.546218,4.376148,2.626105,-0.979071,2.828681,-7.127481,6.121356,-9.044909,-4.642816,2.153639,-7.125199,-5.510276,5.037512,0.662588,-8.617516,0.290743,5.122392,-6.677691,7.434550,-10.304516,-1.429020,1.543957,7.889544
resume_1440,-7.024043,-8.873313,8.473415,2.266108,-8.320817,3.997942,-6.773504,-6.069735,2.577928,-3.768882,-3.036464,4.891673,-0.904920,5.187709,3.949730,-5.907035,-0.065882,2.844752,0.998211,-1.566466,9.477384,7.770127,-0.073357,7.550365
resume_1441,5.788228,-3.811721,4.397080,2.812372,-1.325807,2.880634,-7.850754,6.593337,-9.438154,-5.005194,2.414581,-7.279448,-6.801848,4.622274,-0.631467,-6.588940,1.546314,5.157734,-5.944214,6.395167,-10.365389,-0.680393,1.165940,7.877909
resume_1442,-7.656849,9.964191,-3.388139,7.570796,-1.687040,-4.070791,7.475577,-3.645942,1.160809,7.983515,11.063359,2.646618,7.653936,6.616954,-7.925562,-8.599372,-0.259817,2.561899,7.305649,-9.562889,-5.584164,3.425465,5.145232,-0.919326
resume_1443,-2.587177,7.199713,-8.497018,-1.350266,-2.755556,-1.260646,8.245092,-1.668074,-8.518836,2.471027,1.202901,-3.025655,6.636016,0.198795,-1.700359,8.904725,-1.836345,5.689424,2.514806,0.478053,9.466148,9.284441,-9.163037,2.338952
resume_1444,-2.654021,8.206200,-7.525332,-0.309616,-1.408558,-0.701684,8.404586,-1.838698,-8.684304,3.102685,2.296788,-2.290328,6.621972,-0.741530,-1.119181,8.364224,-2.926059,6.159945,3.184874,1.166475,10.226999,9.238452,-10.641304,2.332381
resume_1445,5.927072,5.170250,2.137590,7.607075,-4.123042,-5.974389,5.945710,-6.700048,2.623062,1.261873,-1.953493,-3.216795,1.002038,8.466744,-5.742802,0.788390,-5.359277,-7.696738,-9.707450,-7.398021,-3.964482,3.753601,-7.858206,7.163180
resume_1446,-7.282018,-2.037368,5.246497,-7.729794,-7.750585,1.228958,-0.225046,-1.146454,5.768744,3.283038,0.389836,2.378510,-7.190473,-8.076296,9.006331,-0.072642,1.960737,-5.541393,-1.261886,-5.012613,-4.965295,-9.233027,7.839664,8.846794
resume_1447,4.900308,5.840724,1.209913,8.846698,-4.220822,-6.616910,6.379083,-6.505073,3.175732,0.497521,-2.304721,-1.524237,1.388516,8.346868,-6.020650,0.100776,-5.179057,-8.235848,-9.546334,-7.477957,-2.516147,4.193256,-7.489947,6.648612
resume_1448,-7.761983,-0.500937,5.169113,-8.725259,-8.558205,1.626856,-1.334421,-1.390518,5.684766,2.980966,0.120764,2.315829,-7.193880,-6.974805,8.189741,-0.221267,1.729933,-6.470863,-3.131997,-4.222272,-6.043054,-10.006535,6.553070,7.586038
resume_1449,9.478000,8.082793,8.184339,-8.025759,0.008555,6.264884,2.573469,-5.848064,0.918897,7.395039,9.001665,-8.920931,1.707236,-3.388578,-4.775032,2.343786,-6.879311,7.951153,6.654363,-3.326260,-7.267297,-5.115009,0.944094,5.727616
resume_1450,-6.672697,9.458499,-3.237245,6.931439,-2.279319,-2.772056,5.345522,-3.478967,1.608529,8.606366,10.363511,1.269632,7.239158,7.395899,-6.917093,-8.377462,-0.661744,4.002085,9.044932,-7.360018,-4.723355,1.878755,4.583467,-0.646659
resume_1451,-8.231269,-8.516996,7.694057,1.727219,-6.800264,3.950924,-7.526063,-5.946149,1.711042,-2.512971,-2.921006,4.673654,-1.502083,5.002077,3.265300,-5.005612,-1.724360,2.859031,1.980857,-1.505411,10.691953,7.481008,1.428131,8.681761
resume_1452,4.599909,4.748901,1.376216,7.858033,-4.447051,-6.386073,7.766754,-6.692468,4.696592,1.350414,-2.437463,-2.214525,-0.282328,7.648694,-6.603213,0.085551,-4.999642,-6.981260,-9.772076,-7.287892,-4.708276,4.126541,-7.956160,5.963777
resume_1453,8.692812,7.466318,8.023277,-8.521886,-0.524054,6.933216,1.742443,-5.231424,2.133163,8.260881,8.990904,-8.299332,0.183919,-4.144998,-5.656360,1.681783,-6.505546,7.328137,5.899092,-1.505288,-7.578158,-4.162352,2.168270,6.002308
resume_1454,8.530739,8.206685,7.287269,-8.325183,-1.433849,6.629631,2.181284,-6.891296,1.479182,8.509295,10.320846,-8.834109,-0.626517,-3.679767,-6.212665,2.286969,-6.395000,7.635752,6.182466,-3.230226,-6.392131,-4.692314,1.306660,6.084526
resume_1455,8.960454,7.496919,7.839032,-8.288476,-1.672806,7.032516,1.553700,-5.787277,0.571232,7.808525,9.074171,-7.745661,-0.295192,-3.615115,-5.106516,2.131185,-7.322748,8.719323,5.093930,-1.568305,-6.344805,-4.831338,1.713569,6.215154
resume_1456,-7.108777,8.704029,-3.730244,6.366937,-2.333220,-2.639939,6.691190,-4.078413,0.497787,8.701095,9.758030,2.518903,7.917672,7.754178,-7.513362,-8.261624,0.582593,1.901818,7.447514,-7.617705,-4.638607,2.330022,4.154130,0.127490
resume_1457,10.517504,6.745411,-6.353430,10.114087,-1.172438,7.625053,-5.136259,-5.055264,9.260109,-6.490645,0.804690,-3.283009,8.078898,-8.329156,-8.058429,-0.534627,4.709304,-7.164070,2.733171,-1.844564,6.317299,0.156336,-4.225097,0.832055
resume_1458,6.398941,-3.485372,2.751538,3.931795,-1.355259,1.755976,-6.927992,5.900023,-9.866490,-4.383241,2.338862,-6.565752,-5.972209,6.177207,-0.485691,-7.479097,0.963641,4.729848,-6.693631,7.044813,-9.130752,-1.599327,1.586746,8.068664
resume_1459,-7.293516,-1.007037,6.460597,-8.504669,-9.122097,0.953071,-1.292407,-1.189029,4.498902,3.557291,0.693336,1.682177,-7.731938,-7.871709,8.798044,-0.753542,1.417033,-5.953617,-1.799296,-4.121961,-5.211060,-9.439406,6.828731,7.680863
resume_1460,-7.058257,-1.223890,4.893229,-7.785732,-8.426645,2.293496,0.255358,-0.145983,6.487892,2.129650,-0.004282,2.796507,-7.953986,-7.559424,8.735413,0.804888,1.729502,-5.837597,-2.221949,-4.669448,-5.341274,-10.656016,7.632260,6.689972
resume_1461,-8.494189,-0.622551,5.313929,-7.724446,-7.561778,0.994796,0.079536,-0.849353,5.206981,2.814787,0.374014,1.429778,-6.737341,-6.680415,8.407330,-0.696873,3.404878,-4.982224,-2.448700,-4.183327,-5.011100,-8.991733,6.851255,8.210183
resume_1462,-7.198248,-7.657849,9.053069,2.394804,-7.534082,3.362328,-7.261378,-6.851618,0.506138,-3.031656,-3.765548,3.637710,-1.867629,5.283808,2.699870,-6.199134,-0.706108,3.389807,1.486358,-0.338211,9.864497,7.338619,-0.248157,8.536044
resume_1463,-8.061352,9.001524,-3.897544,5.387140,-1.273399,-4.268110,5.572514,-4.152867,2.008762,8.534257,9.357040,1.472776,8.507808,6.516781,-7.812194,-8.443391,0.210725,3.278821,7.771347,-8.562035,-4.194295,3.409841,3.803006,-1.164641
resume_1464,10.432199,6.404921,-6.051894,9.207089,-2.242642,8.971708,-6.055132,-3.513796,9.463878,-7.215704,0.178938,-3.775967,7.582742,-7.860020,-7.280345,-0.692881,5.120343,-7.242120,1.975926,-2.189651,3.957903,-0.774822,-4.503964,0.112021
resume_1465,-6.866040,-8.018624,8.029151,2.799239,-7.520647,4.010615,-6.672509,-5.473362,0.922228,-3.291710,-2.595216,4.196475,-1.375051,5.317030,2.970661,-7.306182,-1.509231,3.116514,2.162990,-0.921994,9.208575,7.025235,0.852080,7.783393
resume_1466,6.014117,-4.137617,4.742357,3.804482,-1.667616,1.702282,-6.843919,4.902531,-8.853903,-4.835370,1.022859,-7.646567,-6.927974,4.856030,-0.360724,-7.935820,0.971133,4.150293,-5.639491,7.509214,-10.120357,-1.517952,2.654326,7.398447
resume_1467,5.831019,-3.094385,4.665761,3.635416,-1.743629,2.005445,-7.623469,6.703491,-8.741845,-5.088574,0.797764,-6.737404,-5.630175,4.584316,-0.386016,-7.698974,0.779978,5.464177,-6.459057,6.283605,-9.735810,-0.561908,1.432259,7.723717
resume_1468,8.767197,7.447841,8.887617,-7.639907,-0.892506,6.187538,0.619935,-6.457894,1.616398,7.589000,9.191936,-8.389967,-0.319105,-4.364053,-4.751780,2.311086,-6.318132,8.166570,6.367293,-2.332997,-6.516302,-5.539694,1.199473,5.369293
resume_1469,-6.095050,9.414293,-2.877289,5.408198,-3.110992,-2.917076,6.360877,-2.959565,-0.469583,8.230550,9.429361,1.524409,7.821363,7.688241,-7.339732,-8.865570,-0.351018,4.749487,7.118953,-7.551286,-5.679084,3.885948,5.250509,-0.569428
resume_1470,-6.991767,-8.779935,7.827442,3.292787,-6.350814,4.158338,-7.513553,-5.908859,0.846610,-3.572897,-3.602003,4.376447,-1.359911,4.918544,2.756092,-5.833795,0.228912,3.063190,2.340642,0.152497,9.594568,6.852872,-0.631120,7.258475
resume_1471,8.329760,7.764785,8.289488,-7.947498,0.245158,6.379913,1.856592,-5.711029,0.789264,7.458717,9.555785,-8.817785,0.097296,-2.642627,-4.406282,2.265827,-7.385697,8.214827,6.863222,-2.862331,-7.231942,-5.292153,1.882812,5.512162
resume_1472,5.247862,4.268252,2.456961,7.981871,-3.772230,-6.144042,4.930765,-6.515180,4.172581,1.712496,-1.396144,-1.807509,0.219088,7.895299,-5.537881,-1.010494,-6.059885,-7.085129,-9.071472,-8.032714,-3.972627,3.734833,-8.027305,6.339864
resume_1473,-7.555102,-8.475552,8.638570,2.409985,-7.650574,3.431759,-6.985256,-6.466686,1.346059,-3.112648,-2.765470,3.551419,-0.514538,4.639759,4.236356,-6.585113,-1.147218,4.152690,2.069357,0.391682,8.252194,6.307018,0.610514,8.188018
resume_1474,-7.251633,8.963617,-3.527043,4.681362,-1.689011,-2.601042,6.806610,-3.446488,1.431779,7.650489,8.696140,3.022560,7.957431,7.651455,-7.065988,-8.043273,0.256216,2.217489,7.172034,-7.654253,-5.419798,2.314169,4.694981,-0.434856
resume_1475,-2.777808,7.941415,-7.154122,-1.064316,-1.817104,-2.103412,7.960966,-2.202528,-7.856586,1.415389,1.934869,-2.823733,5.901354,-1.984701,-1.239810,7.810583,-1.535244,4.682434,2.901658,0.006115,9.916285,8.714699,-9.595021,3.309316
resume_1476,9.388695,8.594976,8.478964,-7.532609,-0.305154,5.262618,1.815232,-6.215252,2.062514,6.371736,9.198664,-7.758953,-0.085941,-3.461780,-4.961637,1.206882,-6.628643,7.589994,5.113746,-2.399194,-6.710867,-4.877522,1.683486,5.411237
resume_1477,-8.532871,-9.183896,9.590317,2.497643,-7.567969,4.694783,-7.202036,-7.902239,0.780016,-3.453988,-2.827471,3.669348,-2.014024,4.875677,3.750624,-5.524318,-0.636507,3.155998,1.840730,-1.055316,9.853161,7.291727,0.146751,8.625280
resume_1478,-7.936745,-1.190375,5.882187,-7.783908,-8.803135,1.023424,-2.949273,-0.930614,4.884852,4.276288,0.743850,2.325313,-7.362606,-8.455660,8.841703,-0.288700,2.411121,-4.876800,-2.219776,-4.229675,-3.937754,-8.018541,6.681504,7.278964
resume_1479,-2.779299,8.577756,-7.632701,-1.609799,-2.731181,-2.732138,7.471788,-1.487410,-8.816258,1.677038,1.985481,-2.318318,6.649474,-0.841196,-1.362369,6.985236,-3.177364,5.215054,1.940337,-0.410027,9.328548,8.743587,-9.620161,1.975524
resume_1480,9.413927,7.016995,-6.079552,9.851911,-2.531497,8.553186,-5.803870,-4.447849,7.826155,-7.056940,0.622413,-2.557636,6.556261,-7.529063,-7.148885,-0.352020,5.350917,-8.022678,2.146559,-1.295412,4.242675,-1.123861,-6.348485,-0.052938
resume_1481,-7.466649,-8.629732,8.444350,1.901259,-7.728113,3.994627,-7.467367,-5.448245,0.660473,-3.792602,-2.818642,4.311660,-0.406702,4.108653,3.202962,-5.319780,-0.665186,3.152824,1.903795,0.416075,9.644109,7.007953,0.257518,9.316520
resume_1482,-6.567447,8.496591,-3.037899,6.247615,-1.655222,-3.296781,5.885023,-3.646085,0.548064,8.360124,10.620895,3.161348,8.217299,7.963408,-6.786982,-8.547615,-0.637472,2.537359,6.519603,-8.319856,-5.678528,3.569314,4.905321,0.138072
resume_1483,9.474146,7.946189,7.351891,-8.242409,-0.485556,6.608557,1.363658,-6.567458,0.796923,6.850340,9.304083,-8.118860,0.371708,-3.914499,-5.080797,2.554323,-6.813369,8.750918,5.287613,-3.009149,-7.869805,-4.132372,0.506971,5.381202
resume_1484,-7.992378,-0.302334,3.780932,-7.091544,-7.577383,0.710196,-0.455116,-0.838714,5.071779,3.006012,0.526490,1.951077,-7.942144,-8.709873,8.768081,0.005608,1.594781,-5.352106,-1.858516,-5.240195,-4.965920,-8.991790,7.295775,8.297201
resume_1485,-2.879412,8.567433,-8.415617,-0.966885,-2.544817,-2.010047,7.832102,-1.127987,-7.998701,1.985609,1.709991,-2.282729,6.496037,-1.003165,-1.705725,7.974514,-2.649421,6.066884,2.543289,0.318549,9.360046,7.828039,-8.831784,2.820477
resume_1486,5.697243,3.724712,2.054461,9.663453,-4.844781,-6.664898,5.987428,-6.414216,2.895835,0.675454,-2.327757,-1.728216,1.196378,7.810358,-5.048031,0.231815,-5.870126,-8.133779,-9.173366,-7.458189,-4.459063,4.300434,-7.309913,6.649050
resume_1487,8.503552,6.903969,8.214577,-8.856236,-1.294478,7.767522,2.142411,-6.560615,0.460013,7.805182,8.883595,-7.869406,-0.385560,-4.032861,-5.573424,2.625986,-5.600335,8.254802,4.786234,-4.014443,-6.366059,-4.142674,3.109727,4.948766
resume_1488,-7.037079,8.732347,-2.436709,4.839712,-2.572861,-3.562519,5.170209,-3.611928,0.420439,7.915173,8.793426,2.503558,7.019918,7.589745,-7.230063,-7.829515,0.049195,2.914321,7.915302,-7.821262,-5.181313,2.960786,4.713560,-0.820926
resume_1489,9.303628,6.663918,-4.949254,9.676483,-1.226365,8.393485,-5.458569,-4.945538,10.020471,-8.207646,-0.601981,-3.400716,6.916984,-8.352967,-7.509298,-0.086467,4.983884,-7.646753,1.557858,-2.165772,4.843616,-0.581951,-5.195166,0.038835
resume_1490,-6.744293,-8.725537,8.057265,2.274412,-6.928498,2.366854,-7.040192,-5.887143,0.811308,-3.041502,-2.214758,4.273376,-2.755830,4.857778,3.236221,-6.240629,0.103172,3.272251,1.873397,0.028426,9.886061,7.743818,0.370642,7.563194
resume_1491,-8.495558,-8.694178,7.342389,1.498251,-7.394504,2.815319,-6.520555,-6.330345,0.331212,-3.522916,-2.419561,4.054885,-0.429771,5.609067,2.925833,-4.011621,-1.420836,2.273275,0.719133,-0.276009,10.327319,7.562189,-1.184522,8.144840
resume_1492,-1.957825,7.666786,-8.166851,-1.692667,-1.567997,-0.975770,8.004757,-1.461273,-9.134065,1.598654,2.174953,-3.620235,5.605598,-0.575054,-2.559288,8.001406,-1.817100,6.275641,2.841043,-1.627471,9.747750,9.260729,-9.200583,2.121603
resume_1493,-2.676820,6.405668,-7.537784,-0.498150,-3.831075,-1.319569,8.322236,0.007792,-7.847471,1.588073,1.736439,-2.650829,5.856980,-0.152604,-2.070640,8.191345,-3.840677,6.231026,2.495320,1.093715,9.627571,8.181245,-9.942448,3.804496
resume_1494,5.170518,4.515938,1.953404,7.710048,-4.483929,-6.749814,5.620898,-6.820176,3.316840,0.626623,-1.275229,-2.200327,1.284314,7.471641,-6.249042,0.366062,-6.407178,-6.805406,-9.021644,-7.885914,-3.182966,4.555202,-7.313592,6.603826
resume_1495,10.448439,7.808502,-5.492573,9.862127,-2.177295,8.502181,-6.757502,-4.125570,9.172560,-6.696385,-0.630736,-1.872100,6.691224,-8.824745,-7.672790,-1.026333,5.609861,-7.548618,1.950119,-1.836326,4.798067,-0.626065,-5.815438,0.797315
resume_1496,-2.157675,7.209811,-7.791087,-0.648952,-2.125631,-2.171328,8.938496,-2.122419,-9.321248,1.454452,1.181119,-0.625439,6.364103,-0.637164,-1.273314,6.959254,-1.587093,5.853508,2.436077,1.273429,8.997952,8.447172,-9.816064,2.758318
resume_1497,5.977776,-3.209300,4.387484,3.586593,-2.086792,1.959687,-6.978515,6.898917,-8.899554,-3.746202,1.374398,-7.072035,-6.316289,4.793845,-0.789961,-8.925265,0.835475,5.483827,-5.299124,7.249840,-9.527912,-1.082190,2.388924,9.013680
resume_1498,-1.765263,8.277404,-7.345751,-1.332862,-2.873770,-0.776242,7.511384,-1.879008,-8.850886,3.106683,2.166299,-1.557516,6.550201,-1.049117,-2.539751,7.454452,-2.373949,6.075107,2.383086,1.035659,9.435134,8.856096,-10.107461,2.471569
resume_1499,-6.738270,-9.103431,8.543397,2.863509,-7.337212,4.159848,-6.442705,-6.094390,-0.298400,-4.442466,-3.204479,5.078049,-0.917889,4.395468,3.920290,-7.303790,-0.555614,3.324425,0.559982,-1.090264,9.456237,6.648637,-0.272545,7.166520
resume_1500,-8.766390,-0.064514,4.887701,-7.219061,-8.391030,1.507950,-0.875622,-1.414455,5.265798,2.688950,-0.372865,2.960061,-7.684434,-8.609478,8.247133,-0.605742,2.097072,-6.883931,-1.790310,-4.005717,-4.946785,-9.490415,7.851989,8.141028
resume_1501,-7.805048,-8.787734,8.430871,2.598018,-8.369345,3.478979,-7.432453,-5.906276,1.089093,-3.172875,-2.422498,4.233710,-1.649601,5.392972,3.861613,-6.104669,-0.010004,3.193290,1.619462,-0.330795,9.732328,6.355691,-0.086001,7.958535
resume_1502,8.868145,7.746688,8.124949,-8.562766,-0.949141,6.971037,2.143539,-6.393281,1.384628,7.688581,9.001909,-8.139646,-0.738045,-3.139536,-5.604351,2.159999,-7.141159,7.846709,5.940290,-2.424469,-6.952463,-5.057365,1.347043,5.751195
resume_1503,5.658568,-4.228317,4.914016,2.639039,-1.290908,2.146080,-7.475102,6.103244,-9.682993,-4.536659,2.319040,-8.099523,-6.874331,5.972262,-0.393400,-7.942129,1.812432,4.750144,-5.933626,6.533378,-10.646718,-0.787332,1.552451,8.495611
resume_1504,9.147537,7.401454,8.015852,-9.027498,-1.163071,6.688575,2.223300,-6.019828,1.267463,7.666818,9.741842,-7.851038,0.002820,-2.968671,-5.408248,2.494479,-7.843880,7.020406,6.243682,-2.415661,-6.767428,-4.714057,0.929370,6.109054
resume_1505,-7.203291,-0.573709,5.453996,-8.285004,-8.260532,1.256833,-0.192635,-1.141601,3.998820,4.125541,0.612754,2.231504,-7.785792,-8.485765,8.521688,0.075951,2.219944,-5.573200,-2.886822,-3.903845,-4.404270,-8.051857,7.078704,7.039367
resume_1506,-7.553586,-8.487217,7.660970,2.783332,-7.956363,3.569965,-6.411819,-6.238043,0.533486,-4.085287,-2.633978,4.714545,-1.762446,5.294457,2.842595,-6.760487,0.012827,3.395329,1.548294,-1.592716,9.314623,7.680402,-0.687946,7.775973
resume_1507,-7.850773,8.959523,-2.759985,5.758853,-2.785310,-3.361663,6.183223,-4.080134,1.325760,8.435177,9.619295,2.374341,8.829502,6.721758,-7.284769,-8.476593,0.531863,3.433869,7.340242,-8.334353,-5.021696,2.926932,3.776187,-0.098253
resume_1508,-2.153960,7.087288,-7.302949,-1.345316,-1.767278,-1.135889,8.650573,-1.221570,-8.974894,2.008043,1.877243,-2.637646,7.006537,-0.265383,-1.637256,7.920086,-1.813826,5.182267,1.157496,0.941822,9.263702,9.609877,-9.158387,2.870339
resume_1509,-8.148108,-1.613838,4.145203,-8.262674,-8.473304,1.538461,-0.520435,-0.741695,6.247512,2.744681,-0.244073,2.318859,-7.318442,-8.258981,8.771854,-0.250420,1.801641,-6.248023,-2.566791,-3.635520,-4.996951,-9.093244,6.876530,7.555477
resume_1510,-6.704495,-2.225307,5.418374,-8.196547,-8.620038,2.427640,0.274798,-0.057657,4.995623,2.869363,1.213586,3.228239,-7.020277,-7.384487,8.477397,0.022937,1.767414,-4.737458,-1.591504,-4.774757,-5.234359,-9.141409,6.544624,8.002374
resume_1511,-6.998336,9.183908,-2.815866,6.220985,-2.216189,-3.074179,6.523377,-4.644330,0.703174,8.527474,9.434310,1.406249,7.625808,6.729653,-7.413412,-9.328254,-0.227859,4.636337,7.356370,-8.136030,-5.312520,3.119578,4.145903,0.345817
resume_1512,-7.897375,8.842907,-3.021230,6.098355,-1.890585,-2.230543,6.181052,-4.426994,0.638442,7.649063,9.081378,1.702153,8.393870,7.197199,-7.475909,-9.412694,0.263509,3.577906,7.735181,-8.504916,-5.409152,2.043427,4.217614,0.141486
resume_1513,10.939779,7.585162,-6.516181,11.057333,-2.099724,10.003379,-4.724701,-4.088141,8.856805,-7.571016,0.476204,-2.875363,6.233412,-8.436487,-7.164111,-0.755888,5.077057,-7.673955,1.758352,-2.489386,4.652041,-0.241703,-4.613059,0.569237
resume_1514,-7.696252,-8.188601,7.583409,1.699629,-7.248235,3.634898,-6.463250,-6.259844,1.092036,-4.029073,-2.933227,2.956358,-1.301178,4.481138,2.907316,-6.447243,-0.459931,2.623210,2.558924,0.816016,8.702505,7.596294,-1.423768,8.325553
resume_1515,4.296037,4.142502,1.980703,7.378113,-4.829731,-5.855481,5.816934,-7.333057,3.797679,2.497832,-1.803628,-2.453629,1.717487,7.136915,-5.589146,-0.999360,-4.729353,-7.798766,-9.769230,-7.456840,-3.288558,4.546843,-7.127163,6.932279
resume_1516,-2.396588,7.573751,-7.965673,-1.074590,-2.057302,-1.179596,8.833813,-1.326120,-7.840404,2.110039,0.777602,-3.312900,6.203494,0.615417,-0.731257,7.618543,-2.615636,6.033546,2.522538,1.072998,9.374538,8.775417,-10.286498,2.469771
resume_1517,-7.784153,-8.614829,8.976268,1.532433,-8.238306,4.021879,-7.075138,-6.735847,0.762478,-3.563888,-3.175888,5.255404,-1.295663,5.102246,4.096124,-5.041269,0.169968,3.333722,1.455424,-0.567903,10.337146,7.252102,-0.055295,8.789426
resume_1518,8.579353,7.480610,8.016815,-7.519544,-0.436237,7.280788,0.629242,-5.022383,2.890706,8.196483,8.344315,-7.864604,-0.087547,-3.781459,-4.818467,1.809845,-6.718068,9.026998,5.674439,-3.290657,-7.359131,-3.907501,2.534505,5.012633
resume_1519,4.658689,4.884034,1.397380,9.349013,-4.527265,-6.139924,5.487528,-5.978538,3.175855,1.643058,-2.403646,-2.110965,1.120894,8.131787,-5.837272,-0.110900,-4.553895,-7.924966,-8.582077,-7.266161,-3.776637,4.266077,-8.098511,6.494194
resume_1520,10.735466,6.649877,-5.924640,8.954374,-2.034034,9.483526,-6.076759,-4.004913,8.586379,-7.241480,0.222261,-2.586763,7.249322,-9.206801,-7.520181,0.530469,5.513967,-6.785856,2.160348,-1.995687,4.259432,-0.673664,-4.850415,0.593416
resume_1521,-2.995068,8.473297,-7.723231,-1.597297,-2.323458,-2.482547,8.622167,-1.871544,-8.590041,1.479800,1.510910,-2.106836,6.373917,-1.373797,-2.154487,7.614629,-2.162478,6.338114,3.269163,0.502575,10.430875,8.810514,-10.111433,3.932296
resume_1522,-2.158743,5.934077,-6.670831,-0.154785,-2.912304,-1.235199,8.918455,-1.733177,-8.157929,2.279482,1.588738,-2.336571,6.318318,-0.419225,-2.029406,6.544358,-0.544782,5.620827,2.082762,0.008384,9.985523,8.412428,-10.623518,2.802503
resume_1523,5.755752,-3.277565,3.941171,3.158493,-2.045678,2.526572,-7.640424,5.914507,-9.117879,-4.875027,0.825156,-8.074013,-7.837387,5.161471,-1.690972,-8.562652,0.579924,4.772905,-6.159130,5.652369,-9.325401,0.168373,1.687378,8.249992
resume_1524,-8.052008,-8.241962,8.902919,2.841673,-8.501662,3.100809,-6.846435,-5.727998,0.972989,-4.335994,-3.663926,4.259127,-0.503175,5.610075,2.112586,-6.821585,-0.970914,3.335012,1.571788,-0.625012,8.974537,6.724231,0.428185,6.734623
resume_1525,10.980104,5.672138,-5.072605,11.027229,-1.811517,8.827879,-4.958769,-3.391687,10.418495,-7.444402,0.235779,-2.168629,7.040583,-8.510120,-7.804554,0.024806,5.395656,-7.064613,2.107561,-1.502374,4.873068,-0.118196,-4.136665,0.873541
resume_1526,-6.839924,-8.572148,9.358107,2.009637,-8.234922,4.068431,-6.984243,-5.916441,1.576638,-2.972329,-2.696554,5.186009,-0.759927,4.458417,2.723593,-5.474541,-0.529603,3.657506,1.753665,-0.694785,9.708520,6.599122,0.248024,7.849098
resume_1527,-2.595003,7.068042,-8.347747,-1.234544,-1.869029,-2.147128,7.889278,-1.648952,-6.970098,2.234206,1.380965,-2.905863,6.404149,-0.811736,-1.203422,7.286139,-1.354333,6.850770,2.085392,0.233617,9.568455,8.252636,-11.228785,3.029074
resume_1528,5.330433,-4.489920,5.213403,2.137099,-1.567937,2.644140,-7.535777,5.059673,-9.948336,-5.249692,1.880582,-6.852661,-7.236782,4.894592,0.370539,-8.436995,0.972488,5.448588,-5.617869,7.387623,-9.723165,-0.763334,2.023608,8.660643
resume_1529,9.313668,6.427178,8.325195,-7.655572,-1.309931,6.453094,1.381701,-6.552809,1.580504,7.769285,8.709201,-7.715740,-0.007107,-3.509118,-5.023352,0.146608,-6.197380,8.496233,5.623327,-1.883034,-7.589455,-5.239541,2.115979,4.601203
resume_1530,9.582097,7.560178,-5.761292,8.792221,-2.011979,7.997257,-5.716403,-2.748677,8.448790,-6.562331,0.042087,-2.542671,7.268539,-8.075285,-8.046113,0.156723,5.361624,-6.940444,2.436491,-0.758914,4.570456,-1.268257,-4.598776,0.590747
resume_1531,-1.645218,7.516407,-7.912240,-2.408132,-1.899643,-1.313897,8.284744,-2.532966,-8.107793,2.947468,1.145960,-1.347681,6.746978,0.185322,-2.007818,9.501257,-2.170858,5.270814,3.463258,0.501354,10.001883,9.130991,-10.170910,2.471546
resume_1532,-7.129136,-8.807842,9.293626,2.715689,-8.393301,4.720536,-7.204789,-5.222553,1.717167,-4.344216,-2.091958,3.969957,-1.373941,4.395562,3.180207,-6.021624,-0.381963,4.351528,2.378429,-1.572621,8.828789,8.035396,-0.392326,9.069645
resume_1533,6.184262,-3.801283,5.699255,3.430914,-0.982840,2.617030,-6.198724,6.308516,-9.263923,-5.019727,1.924194,-6.546434,-6.864994,5.490859,-0.408615,-7.894467,0.320655,4.251216,-6.530986,5.650533,-9.305459,-0.322927,1.673888,8.086801
resume_1534,-2.604519,7.175097,-7.508666,-1.444932,-3.356744,-1.033555,9.152640,-2.187634,-8.789815,1.963901,1.911868,-1.609813,7.209031,0.321631,-2.316166,7.965244,-2.231733,5.605701,2.648442,1.083381,8.649066,9.688401,-8.651872,1.915924
resume_1535,9.595788,6.317618,-5.624499,9.694593,-1.471803,8.847503,-5.934259,-3.743604,9.609620,-7.150216,-1.304666,-2.241739,6.872142,-7.695946,-7.572304,0.016377,5.713457,-7.514497,2.676975,-1.473058,3.849126,-1.467681,-4.835439,-0.767415
resume_1536,-7.703841,-9.876746,8.057755,3.600677,-7.025632,4.642522,-6.601860,-5.634587,0.674158,-3.321202,-2.407822,5.041158,-1.049655,4.108802,4.614726,-6.205103,-0.728443,3.854423,1.816076,-1.790958,10.947583,6.904438,0.184968,7.823885
resume_1537,8.282939,7.804777,8.474888,-7.850197,-0.911247,7.542625,1.442198,-7.251581,1.163157,7.131553,8.809101,-9.188453,-0.149478,-3.528333,-6.366181,1.654160,-6.699182,8.381035,5.820540,-2.693629,-6.176875,-4.997312,2.051770,5.602656
resume_1538,-6.929930,8.687194,-3.366275,7.248165,-2.586117,-3.129964,6.803780,-3.276821,1.410292,8.008152,9.307146,2.074696,7.221122,8.000881,-8.085096,-8.196762,-0.478570,3.044694,7.560652,-7.244850,-5.455130,3.107993,4.569531,-1.281902
resume_1539,-7.369705,-0.273627,5.329153,-8.047015,-9.252146,1.740078,-1.434009,0.272311,5.154373,2.935330,0.159489,2.827978,-7.730289,-7.680851,7.953461,-0.897644,1.724882,-6.073785,-2.552815,-3.948249,-5.117077,-8.834243,6.600339,8.253575
resume_1540,-2.202237,6.962376,-6.799223,-1.371025,-3.129570,-2.757056,8.318166,-1.877726,-7.915822,2.670824,2.446211,-3.214347,6.326594,-0.683353,-2.008366,7.451428,-3.021453,5.610875,1.758356,0.681798,8.788719,8.049659,-9.251241,2.365728
resume_1541,-7.066354,9.067252,-2.866229,6.033309,-2.275814,-3.605022,6.181357,-4.403202,0.900719,7.309292,8.649363,1.406563,7.134660,6.559235,-6.606684,-7.975651,0.574077,2.372773,7.385008,-8.244460,-4.628438,2.608737,4.012189,-1.535700
resume_1542,5.654549,5.353442,0.587508,8.831159,-5.051510,-5.418093,7.150256,-7.191119,3.984724,1.069390,-2.093933,-2.877177,1.162730,8.173783,-5.528025,-0.171863,-4.803815,-8.476006,-10.919732,-8.125227,-4.764201,5.277165,-7.665955,6.409360
resume_1543,5.232196,-3.621963,4.171675,3.450259,-0.704293,2.183775,-6.804568,5.206408,-10.371905,-4.363889,0.899939,-6.662365,-6.349179,5.054107,0.089246,-8.672545,0.812063,5.674517,-6.634106,6.716286,-10.385193,-2.100981,1.669754,8.507717
resume_1544,-7.646720,-9.317378,7.993001,3.531012,-6.964354,4.231250,-6.580084,-6.311147,0.867388,-3.884877,-2.841545,4.143461,-0.963893,5.821545,3.091224,-5.686389,-1.830302,3.414151,2.465185,-0.789334,10.251493,8.242625,-0.764960,8.609631
resume_1545,-2.307535,7.968208,-7.267779,-1.181845,-1.849641,-0.691947,7.953494,-2.563083,-7.287140,2.472265,2.614654,-1.834125,7.174569,-0.386883,-1.893109,7.204206,-2.951880,5.586518,3.297277,0.269373,9.880323,8.719746,-9.956206,2.698804
resume_1546,4.795841,-4.077246,3.415878,1.965884,-1.027521,0.281333,-7.137466,5.852710,-9.395233,-5.094417,0.635150,-6.520195,-5.982262,3.962542,-0.041479,-9.023093,-0.465587,5.473325,-5.277212,7.477036,-9.675085,-0.715873,2.598424,7.770712
resume_1547,9.980203,5.872471,-5.754368,9.248688,-1.622986,8.941776,-4.495007,-4.329644,9.979872,-8.714334,0.096791,-2.816120,6.225796,-8.067121,-6.743818,-0.699557,5.715953,-7.405341,1.568165,-2.750543,5.307238,-1.970123,-5.641877,0.703909
resume_1548,-2.322007,7.321152,-7.744839,-0.797698,-3.052177,-2.372407,8.157639,-1.659111,-7.180125,3.406553,1.101037,-2.759705,5.700517,-0.482303,-1.366188,8.176587,-1.926571,6.476049,1.311607,0.693768,8.954290,9.579114,-9.774289,1.652271
resume_1549,-6.844063,9.870575,-2.776416,5.630883,-2.751431,-3.353418,5.716918,-4.308862,-0.139554,7.703315,10.094779,1.932661,9.439527,6.944030,-7.090432,-8.255505,1.141240,2.797885,7.822046,-7.605960,-5.519983,2.203648,4.314003,-0.083801
resume_1550,4.733766,4.585166,1.897549,7.580246,-3.778897,-5.519292,5.170475,-6.567225,3.561924,1.589297,-1.315732,-1.940230,1.169125,7.599407,-5.378509,0.196059,-5.214756,-7.809665,-9.321939,-7.462369,-3.767192,4.687007,-7.905022,6.862489
resume_1551,-7.084732,-8.580866,8.433424,1.931769,-8.300025,3.198210,-7.045003,-6.967208,1.880005,-3.224293,-2.930226,5.131741,-2.104247,5.032904,2.584146,-5.150000,-0.330055,2.523830,2.786683,-1.130320,10.138473,6.893658,0.490234,9.232083
resume_1552,-6.813533,-0.351682,5.289984,-8.001118,-7.884893,1.741783,-0.301862,-0.949053,5.541066,3.860361,-1.607066,2.929823,-7.681818,-8.389270,8.309124,-0.351003,2.634358,-6.273859,-1.275340,-4.705774,-6.074431,-9.822919,6.095125,8.368743
resume_1553,-2.191494,8.030382,-6.900231,-2.017460,-2.101112,-1.499376,9.236379,-1.707171,-8.313911,2.018427,1.524734,-1.668244,5.905648,-1.348192,-1.190720,7.470575,-1.070723,5.957404,3.198803,0.659981,10.471721,9.009197,-8.767493,2.771836
resume_1554,5.286292,4.862850,1.440199,8.262329,-3.814010,-6.108358,6.639164,-6.432723,4.444213,1.349047,-2.013570,-2.655369,1.407029,7.185445,-5.074049,0.595505,-4.890236,-7.941957,-10.414547,-6.206153,-3.322792,4.658195,-8.109451,7.237304
resume_1555,10.423219,6.001604,-4.888402,9.375770,-0.479356,8.561487,-5.415593,-3.803392,9.474820,-7.348175,0.877132,-2.570939,6.963805,-7.913136,-6.755225,-0.030249,5.428891,-7.368606,2.893036,-2.338197,5.119307,-0.656494,-4.665444,0.359799
resume_1556,-8.293606,9.724101,-3.451248,6.603037,-2.842927,-4.000538,6.233396,-3.672528,1.286739,8.148755,9.469759,1.804757,8.037585,7.696175,-7.249998,-8.755691,-0.121525,3.616825,7.844013,-7.177666,-5.348353,2.688862,5.261144,-0.405419
resume_1557,5.084940,4.520255,2.181487,8.400828,-4.731839,-6.022429,5.691563,-6.942207,3.219722,2.913556,-1.833355,-2.019853,1.647352,7.698775,-5.943187,0.556791,-4.436506,-7.506313,-9.923203,-7.631318,-2.646509,3.956778,-7.382945,6.764169
resume_1558,7.341473,6.528851,8.291078,-8.019706,-0.464515,6.937847,1.582946,-7.623167,1.774422,7.151705,10.057031,-7.570553,-0.666687,-3.281040,-5.522633,1.898543,-7.265566,8.344765,5.293802,-2.472008,-6.181970,-4.807371,0.757107,5.748780
resume_1559,6.296413,-3.593015,5.016451,2.695681,-1.261348,3.009991,-6.103702,5.938212,-9.711252,-4.777056,2.083842,-7.512567,-6.725318,4.730668,0.248840,-7.491594,1.598622,5.010871,-6.168106,6.923018,-9.932362,-0.823850,0.978609,8.233556
resume_1560,9.888883,7.151973,-5.160948,10.243798,-0.436237,9.080432,-6.085696,-2.814201,8.970800,-8.418184,-0.273450,-1.912122,7.039089,-9.746573,-8.322964,0.141075,4.627461,-6.394522,0.338214,-2.680207,6.195611,0.670028,-4.780053,0.181218
resume_1561,-7.256066,8.482453,-3.131872,6.568852,-1.941716,-3.666599,7.366942,-3.005607,0.879101,8.866928,9.693162,1.990666,8.175103,6.930958,-6.286090,-7.782722,0.181133,4.446081,7.194013,-8.625556,-6.523169,2.422025,5.872618,-1.814163
resume_1562,-8.389311,-0.565108,4.898732,-6.923592,-7.847469,1.553489,-0.885416,-0.596032,4.923205,3.402744,0.249347,2.304254,-7.471117,-7.266982,8.889575,-0.895270,1.704799,-5.380901,-2.711214,-4.797314,-5.591822,-9.464314,6.602040,7.069634
resume_1563,5.982618,-4.819429,4.162334,3.634706,-1.209297,2.139341,-7.563921,6.332495,-8.538723,-4.709566,1.060711,-6.113562,-7.200009,5.951645,0.855017,-7.833079,0.682630,3.837440,-5.012575,6.035004,-9.218766,-0.205793,1.919188,7.858056
resume_1564,5.980394,-2.554890,5.295979,3.491251,-1.592869,2.003688,-7.631318,6.665110,-9.749832,-5.603271,1.204746,-7.160714,-7.274933,4.864353,-0.839452,-7.798657,0.825744,4.395142,-5.986231,7.330562,-9.206974,0.135772,1.104970,8.745716
resume_1565,-6.841487,-8.451442,8.001495,2.100905,-7.651379,3.979911,-6.112847,-5.835744,1.550224,-3.002184,-2.814519,3.753503,-1.213742,4.823938,3.111255,-5.865023,-0.896936,4.339038,0.963458,-0.021723,10.207249,7.658853,-0.132499,8.307808
resume_1566,-7.497838,-8.297803,8.629056,2.556347,-6.986999,3.527128,-5.970430,-5.559512,1.776464,-2.884110,-2.991524,5.426999,-1.543229,4.782958,3.597646,-6.350155,-1.248636,2.960219,2.054937,-0.763466,9.488067,7.844312,-0.524290,9.282725
resume_1567,-7.796915,-1.452570,5.434780,-7.667757,-8.921854,2.136455,-0.211795,-1.361731,4.801008,4.094826,0.080902,2.488759,-7.636210,-7.804203,8.146844,0.766095,1.521152,-5.259245,-2.238360,-4.027896,-5.439494,-8.990545,7.206227,7.435033
resume_1568,8.796092,7.601535,8.224541,-8.552246,-0.260165,5.669358,1.614949,-6.702599,1.539923,7.273261,9.527423,-7.673051,0.768110,-2.191090,-4.051969,1.407160,-7.332468,8.092469,5.253540,-1.672404,-8.041797,-5.581409,1.924321,4.755105
resume_1569,-3.066125,8.906302,-8.672502,-1.877869,-2.491412,-1.328416,7.571182,-1.636601,-9.354665,2.540085,1.611024,-2.089139,6.286314,-0.074857,-1.476025,7.002839,-2.900482,5.833247,1.915055,0.708384,9.575487,10.110390,-9.534636,1.526593
resume_1570,-2.614844,8.222050,-7.974138,-0.697139,-2.993371,-1.501027,7.697510,-1.873922,-8.271467,3.149358,2.053753,-2.342337,6.271276,-0.555546,-2.193273,6.511232,-2.433923,5.069637,2.718892,1.449954,10.169291,8.747720,-8.424930,2.247262
resume_1571,-8.346638,9.591857,-2.575001,5.620540,-1.984675,-2.451257,6.074890,-4.516259,0.631501,7.897714,9.751955,1.714848,8.270687,7.203322,-6.759316,-9.820469,0.421422,3.471114,6.603522,-7.909516,-5.769058,2.786043,5.008485,-0.218358
resume_1572,5.162203,-4.045509,4.594420,4.270785,-2.042804,2.843044,-7.075019,7.260033,-8.837534,-4.237314,1.590326,-6.066771,-7.273224,5.885519,-0.048096,-7.840173,1.128370,5.505013,-4.877685,6.643956,-9.757059,-0.650256,1.962267,7.801397
resume_1573,-1.753344,6.821330,-6.153308,-0.693100,-1.898628,-0.105550,7.749468,-1.580768,-8.168309,1.206101,1.038533,-2.121978,6.776061,-1.097554,-3.055423,9.143482,-1.677949,5.815047,1.885457,0.031130,10.134705,9.412384,-11.008302,3.129591
resume_1574,-8.561294,-0.929613,4.915245,-8.272349,-8.059301,1.265725,-0.213892,-0.705734,5.214208,3.043661,0.882669,2.142493,-7.703782,-8.272691,7.811648,-0.067841,2.949941,-5.463380,0.055190,-4.087799,-6.208263,-10.357805,6.833342,7.372373
resume_1575,9.772780,7.996830,-6.759689,10.096377,-3.077751,8.643697,-5.568563,-4.853980,8.543254,-6.836079,0.520106,-3.123637,7.300261,-8.544256,-8.055603,-0.466178,4.230716,-7.819922,3.223688,-0.913216,4.429515,0.442639,-4.722502,-0.071857
resume_1576,-8.508495,-8.859570,8.736149,1.898537,-7.629359,4.185181,-7.647482,-5.369350,1.689161,-3.400794,-4.562379,4.489858,-1.621773,4.161390,3.036055,-5.500302,-1.216638,3.815731,1.291429,-1.696271,10.163907,7.199036,-0.554604,8.935207
resume_1577,-8.013615,-8.911430,8.063774,2.544270,-7.138700,3.345037,-6.415758,-6.259873,0.231492,-4.117935,-5.500702,5.279387,-1.096102,4.992253,2.994435,-6.409980,-0.626255,4.076553,1.708575,-0.444768,9.484719,7.632630,0.050577,8.572991
resume_1578,-7.625413,-1.616820,4.322298,-8.253873,-9.062033,0.879404,-0.928111,-0.829894,5.326848,3.539273,-0.166462,2.805800,-7.740474,-8.602946,8.115005,-0.662270,1.479453,-6.746529,-1.902528,-3.742353,-5.746589,-10.320690,6.656513,7.994091
resume_1579,-1.854139,7.637517,-8.726577,-1.913754,-2.643106,-1.466336,8.914220,-2.216831,-7.863061,3.249579,1.349189,-2.479641,6.710741,-1.451556,-1.481347,7.829290,-1.371137,4.442565,2.212761,1.113889,8.648922,7.476892,-9.564343,2.355401
resume_1580,8.910194,7.186094,-6.274817,9.151072,-1.170436,9.026365,-4.754762,-3.672583,8.992189,-8.288770,0.432066,-2.474096,7.005969,-8.896625,-8.295070,0.538582,5.756348,-6.928429,1.617567,-1.729116,4.302846,-0.631585,-4.983945,0.300524
resume_1581,6.670197,-3.966106,3.786074,4.616905,-2.205403,3.039888,-6.638968,5.610822,-8.919875,-4.922463,1.380117,-7.569847,-7.452399,4.763239,-0.049268,-7.767982,0.855154,5.220712,-6.910058,8.395667,-10.076791,-1.419962,1.503839,7.677583
resume_1582,-5.462992,-8.705504,9.684043,2.041246,-7.901583,4.734498,-7.509861,-5.571224,1.024411,-2.199217,-3.111883,3.922003,-2.057573,3.664962,3.910792,-6.079240,-1.098596,3.792257,1.601923,-0.979503,9.084744,6.509465,0.005668,8.570634
resume_1583,9.041294,6.465775,9.067203,-8.205272,-1.156392,6.874387,1.751037,-6.951683,1.887564,7.245482,9.017194,-7.667252,0.873051,-3.189908,-5.306357,2.473126,-5.688216,7.613958,6.132680,-3.038159,-7.749485,-6.017832,1.742068,5.460801
resume_1584,6.324431,-3.900839,3.876354,4.137123,-1.090198,2.244602,-7.784630,6.369664,-8.508612,-4.808510,1.537732,-6.102115,-6.494544,3.893555,-0.604731,-8.777828,0.718234,4.918352,-6.006353,4.793579,-8.926201,-0.790285,1.830046,7.834448
resume_1585,5.741261,-4.065161,5.135205,3.484911,-0.852099,1.877586,-7.642064,5.598372,-9.010747,-5.476656,2.328333,-6.098067,-6.671251,4.676888,0.321307,-9.008885,0.049042,4.889335,-5.772113,7.661002,-10.140982,-0.701717,1.407183,8.077091
resume_1586,7.939576,7.106908,8.539823,-9.002116,-0.965559,6.451440,2.550476,-6.225230,0.612663,8.291370,8.809549,-7.952142,0.210808,-3.602710,-4.985383,1.543686,-5.527194,8.381545,4.935355,-3.657736,-6.267057,-5.153803,0.871776,5.826784
resume_1587,5.235112,4.498604,2.284476,8.942675,-4.910238,-5.368773,6.291180,-5.890232,4.096104,0.697347,-2.014746,-0.946635,0.372427,7.102555,-6.514062,-0.389939,-5.098928,-8.486289,-9.424994,-7.328575,-3.514405,5.333836,-7.587455,5.522792
resume_1588,9.610568,7.802600,-5.565523,9.042278,-2.850090,9.379747,-5.534886,-4.120650,9.603713,-6.526187,1.272338,-3.476737,6.916731,-8.472719,-8.350579,-0.540243,5.313724,-7.828427,2.871950,-1.657551,5.013967,-0.926276,-4.781028,-0.096430
resume_1589,-7.295478,8.798802,-2.974561,7.184836,-2.846516,-2.880384,6.517323,-3.068010,-0.162103,8.770815,9.380993,2.245806,8.144022,7.414023,-7.438700,-8.292160,-0.414371,3.407483,7.244923,-7.448258,-5.896422,2.715234,3.890839,-0.066929
resume_1590,-7.210137,8.746697,-3.512313,6.442271,-1.564315,-2.855974,6.126619,-3.332516,1.151453,8.398106,9.345922,1.897385,7.098870,6.941946,-7.775186,-7.992113,1.332087,4.815400,7.376027,-8.632905,-5.525966,2.068663,3.948732,-0.054497
resume_1591,8.088151,7.165422,9.180352,-8.503152,-0.846370,6.946314,0.464304,-6.763709,1.726369,7.921193,10.206850,-7.403547,0.440595,-4.033212,-6.236972,2.145200,-6.044940,8.195450,6.515318,-3.469637,-7.268910,-4.715466,2.697121,6.449352
resume_1592,-7.579138,-0.064106,5.777488,-6.921705,-7.491774,1.669058,0.560519,-0.966741,5.322019,3.325554,0.708662,1.457199,-8.701993,-6.554088,8.906238,-0.961669,3.007835,-5.703976,-1.513571,-4.480907,-5.954427,-9.461079,6.932098,8.926664
resume_1593,-7.963088,-8.943065,7.869740,2.329327,-7.188016,2.844122,-6.697529,-6.085425,1.336120,-3.134836,-3.860123,3.733358,-0.069983,4.447284,2.500143,-6.549369,0.095962,2.010642,1.565043,0.281737,9.782716,7.663395,-0.649015,7.722329
resume_1594,5.194820,6.472455,1.870023,8.886049,-4.014256,-6.229912,6.389171,-6.374990,4.066767,2.306614,-1.131067,-1.515207,2.872450,7.856652,-5.919884,1.302806,-5.222499,-8.312240,-9.702146,-8.153313,-2.850297,2.800831,-8.413207,6.433073
resume_1595,4.649517,5.045440,0.551125,9.121279,-5.056035,-6.470449,6.660834,-5.964801,4.111797,0.760371,-2.343077,-1.992304,0.366829,7.346222,-5.347046,-0.077991,-6.673423,-9.073506,-9.089647,-7.081551,-4.219295,4.829950,-7.895273,6.210344
resume_1596,-2.018096,8.641317,-8.067521,-0.686477,-3.014785,-1.540337,8.598347,-1.886395,-8.823654,1.947697,1.779053,-2.825879,6.436845,-0.170711,-1.724068,7.595755,-3.157327,5.773565,1.560766,1.871083,8.615849,9.624693,-9.768557,1.946268
resume_1597,5.392983,5.334105,1.172596,8.475236,-4.548473,-5.808192,6.481557,-5.937791,3.688699,1.104346,-2.090145,-1.962769,0.943971,6.860060,-5.780852,0.812852,-5.080511,-7.534585,-8.910705,-7.923413,-3.089247,3.867903,-7.991759,6.929596
resume_1598,8.840866,7.979539,7.917794,-8.082794,-0.564028,7.088654,2.521657,-6.708827,1.630858,7.628951,9.817189,-7.455882,-0.756256,-3.452008,-4.886206,1.229448,-6.239375,8.287001,6.187517,-2.359348,-7.411571,-5.206274,0.742455,5.503795
resume_1599,5.120645,5.776846,1.946102,8.890097,-4.609693,-6.220655,5.672326,-5.531250,3.917706,1.563931,-1.733767,-2.661802,0.037259,7.309539,-5.848296,0.845605,-5.946302,-7.593648,-10.256962,-8.380320,-3.129385,4.214401,-8.344233,7.658418
resume_1600,6.330466,4.432617,1.995122,9.546372,-4.072585,-6.291068,5.868939,-6.843844,4.395261,0.826284,-2.279784,-2.846224,-0.092818,7.842471,-6.151115,0.610814,-5.845840,-8.078222,-9.311664,-8.009563,-3.149461,4.093387,-7.799635,7.481566
resume_1601,10.365765,6.857167,-6.775755,10.199928,-2.805423,9.055595,-5.023737,-4.757000,8.853619,-7.289159,-0.497785,-3.565451,8.509693,-8.777848,-8.217858,-0.352163,5.454331,-7.877494,1.996005,-1.389757,4.802582,-1.137923,-5.549106,-0.485196
resume_1602,-7.064583,-8.882425,8.989081,2.423671,-8.428541,4.772475,-7.000113,-5.847502,1.380645,-4.158436,-2.902109,5.587488,-0.031864,4.276304,3.073358,-5.865027,-0.103122,3.700371,2.109497,-0.478417,10.581816,7.526053,-0.377302,7.439170
resume_1603,5.277723,4.846387,1.728649,8.468604,-5.727116,-6.235355,7.275518,-5.668879,4.024789,2.328392,-1.629657,-2.739774,1.343173,7.311680,-7.129929,-0.001009,-6.097755,-7.016005,-10.038964,-8.520064,-4.284831,3.856506,-8.462554,7.035804
resume_1604,6.561204,4.691670,2.157101,7.920187,-4.163887,-5.847009,6.241321,-6.401109,4.745699,0.575742,-1.081438,-1.263721,2.628494,7.936637,-5.579969,-0.509077,-5.657730,-8.045575,-9.382307,-7.184709,-2.893788,4.130992,-8.117682,5.281899
resume_1605,5.125194,4.453694,2.468547,8.499699,-4.423094,-4.900732,6.402854,-6.052211,3.225112,1.227766,-2.118546,-0.858859,1.935461,7.802693,-6.520089,-0.185290,-5.683892,-7.004140,-8.998322,-7.052846,-3.633479,3.784337,-6.677145,6.640029
resume_1606,6.297748,-2.772531,3.350676,3.449483,-1.036896,1.891032,-7.569660,6.689604,-8.594706,-4.978126,0.746546,-6.905695,-7.501638,4.502970,0.011868,-8.701832,0.650963,4.204898,-5.915055,5.962210,-8.820367,-0.365161,1.115545,7.384434
resume_1607,-7.004662,-8.365783,8.961554,3.109375,-6.891297,4.457279,-6.205489,-5.188784,0.868966,-3.614245,-3.307191,4.468684,-0.471570,4.290258,2.670011,-5.819765,-0.800342,3.211433,0.936099,-1.531284,8.725732,6.952195,-0.102848,8.086588
resume_1608,5.922793,-4.990995,4.108607,3.856430,-1.565620,1.790323,-7.074510,7.008204,-8.813700,-5.228267,2.181179,-7.122016,-8.266417,4.883213,1.002201,-7.935065,1.024923,3.655761,-6.981300,5.718977,-10.134064,0.945399,2.138569,7.038694
resume_1609,5.343999,-3.959011,5.792459,3.364697,-1.327381,1.605866,-6.685724,6.020124,-9.572748,-4.217753,1.092172,-7.475156,-7.844247,5.916588,-0.347379,-7.811498,-0.112819,4.338921,-5.291418,7.262492,-9.532069,-1.258394,1.270356,7.328638
resume_1610,-2.181440,8.094981,-7.342606,-1.869437,-1.575884,-2.569136,8.451610,-0.683661,-7.553416,3.030383,2.050599,-3.123340,6.549247,-0.137250,-1.909960,7.541798,-2.161949,6.237615,2.428672,0.329526,10.180229,9.107302,-8.956406,2.856870
resume_1611,-7.309369,9.277663,-2.540495,6.507112,-2.676568,-4.119223,5.998700,-3.106457,0.533903,7.680185,9.180772,2.452344,6.790111,7.599645,-7.139780,-8.570157,0.420827,4.344743,6.997532,-8.998606,-5.436446,1.793330,4.844104,-1.058726
resume_1612,-7.271725,8.123237,-3.194514,5.473521,-1.616533,-4.597913,6.222261,-3.930396,1.032939,8.642890,10.049169,1.686841,8.162356,6.185976,-7.038815,-9.163002,1.846083,3.481373,7.305516,-7.568843,-4.884381,2.446149,3.744040,-0.492565
resume_1613,9.907714,7.559260,7.695038,-8.325551,-1.756224,8.413893,1.218405,-6.824556,1.816523,6.731600,8.894747,-8.765201,0.303117,-3.728835,-5.890417,2.051902,-7.142362,7.522841,4.481192,-3.460709,-5.960209,-4.043256,2.550353,5.929437
resume_1614,-6.897008,9.308946,-2.631075,5.981847,-2.094134,-3.847125,6.358331,-3.936732,0.999219,8.590180,9.976444,0.789870,7.488687,7.524744,-7.844254,-9.128006,-0.458856,3.553459,7.552835,-8.465053,-5.439839,3.317290,5.547227,-0.881139
resume_1615,7.786950,6.730339,8.310099,-8.758685,-0.510428,7.774388,3.139973,-6.813961,2.616552,8.273825,9.575352,-7.729416,-0.148155,-3.297630,-5.748414,2.704282,-5.622566,7.881244,5.330190,-3.739917,-5.436081,-5.753203,1.574429,6.226480
resume_1616,-7.476303,-1.699914,5.048390,-8.437440,-8.965739,1.064287,-1.036541,-1.492393,5.401895,3.807654,1.059455,2.384392,-7.769831,-7.837657,10.256043,-0.794757,1.184750,-4.937659,-2.635824,-5.070734,-5.316331,-8.811648,6.566941,7.949947
resume_1617,5.820957,-2.784066,4.399772,3.608704,-0.955983,2.647385,-8.149183,6.405727,-8.423320,-5.403292,1.336307,-6.106345,-7.100233,5.379684,0.277044,-8.599589,1.194177,3.248892,-5.333380,6.884749,-8.607066,-0.931243,0.998318,7.765006
resume_1618,-8.693188,10.215370,-2.979274,6.141946,-1.920279,-2.898044,6.279475,-3.289631,0.644189,8.189428,9.716664,2.457361,8.297953,8.459386,-7.089821,-8.918738,0.533923,3.728296,7.085855,-7.949976,-5.777861,2.641122,3.976481,0.447792
resume_1619,-6.948273,-8.302443,8.701198,2.044509,-8.295844,3.126776,-6.197742,-5.377328,1.043686,-3.231376,-1.748495,4.151285,-0.439433,4.365383,3.952606,-5.758319,-0.827475,3.509165,2.332527,-0.273609,9.601962,6.635631,0.099407,8.161444
resume_1620,5.316728,5.331938,1.320309,7.652948,-4.249595,-5.482750,5.718502,-6.771499,3.384079,1.222933,-1.757616,-2.629109,0.410810,7.890215,-7.063485,0.157995,-5.857183,-8.930471,-9.644322,-6.926892,-3.373574,4.589972,-7.542524,6.989328
resume_1621,-8.475880,-0.260152,4.940527,-7.766410,-9.029780,1.746190,-0.238489,-0.224127,6.042568,3.745912,0.329275,2.640664,-7.205522,-9.032836,8.451599,-0.352117,1.272219,-5.778414,-1.875135,-4.782350,-5.709930,-9.352331,7.565645,8.932867
resume_1622,-7.121938,-0.234890,5.403174,-7.127917,-8.360892,0.999181,-1.650631,-1.090358,6.106684,3.646391,0.119076,1.912612,-6.814992,-9.695106,9.034245,-0.389107,2.707245,-6.027404,-1.624901,-4.630840,-6.234026,-9.100703,7.257476,8.154444
resume_1623,-6.582991,8.623642,-3.047416,6.347242,-2.177110,-3.216018,6.325928,-3.800957,0.838511,8.385911,10.796661,2.238633,7.640116,5.705141,-7.288768,-7.308982,0.198732,3.296838,8.484916,-7.524412,-4.860055,2.316369,4.994717,-0.302634
resume_1624,-1.144013,7.769762,-8.389601,-1.476126,-2.649973,-2.259164,7.704020,-1.465034,-8.334713,1.279911,2.233424,-2.192052,5.910716,-0.454107,-1.305385,8.284136,-0.777801,5.181444,1.819046,1.364306,9.756058,7.824492,-9.086339,2.388562
resume_1625,6.113650,-3.515251,4.230293,3.821321,-1.491743,1.634647,-6.741516,6.524515,-9.922368,-4.893083,0.216058,-8.116785,-7.134226,4.650188,-0.021577,-7.166237,0.119237,4.248684,-5.208001,7.124127,-9.012028,-1.704776,0.817540,7.954398
resume_1626,-2.436344,7.662972,-7.052701,-1.207542,-2.151882,-1.454788,8.468933,-1.696857,-8.075771,3.126219,3.297078,-1.999107,6.973034,-1.142682,-0.283810,7.372566,-1.378785,4.914719,1.908599,0.641210,9.675763,8.262498,-9.696484,1.742696
resume_1627,4.848382,-3.299620,3.272473,3.719736,-0.637821,1.895298,-7.324122,6.716032,-8.737508,-3.981861,1.224390,-6.484006,-6.116836,5.197433,0.426613,-8.271038,0.817494,5.141908,-5.685684,7.871681,-8.663833,-0.981612,1.063828,8.927197
resume_1628,-7.159767,-1.079868,4.871787,-7.991725,-8.690047,1.596861,-0.094275,-1.319980,5.423679,3.134317,0.372483,1.462306,-8.495103,-7.875417,8.028192,0.523939,1.344090,-5.662357,-2.480161,-4.641403,-5.622867,-8.286499,6.769752,7.723622
resume_1629,-6.015049,8.710982,-2.098782,6.589378,-1.170243,-3.099563,6.189159,-4.557099,0.446616,8.169982,10.666026,2.046186,7.914909,7.247098,-8.371155,-7.703210,-0.046911,4.094148,7.408959,-7.719570,-4.788187,2.165448,4.699075,-0.771525
resume_1630,11.110197,7.226943,-5.464661,9.409836,-1.775961,9.160712,-6.027082,-4.161894,9.038276,-6.934068,0.577882,-3.056058,7.656483,-8.432288,-7.428103,-0.235588,5.921372,-5.605234,2.653542,-1.686252,5.463874,0.299690,-5.004281,0.448374
resume_1631,-1.461584,8.199567,-7.373705,-1.340786,-1.463477,-2.398338,7.463233,-1.958103,-8.994580,2.751660,2.311608,-1.420318,6.163741,-0.539429,-2.428515,7.936222,-1.931563,6.486512,2.221514,0.109961,9.822320,8.500815,-9.667006,2.589383
resume_1632,4.838315,4.228200,1.836516,8.894599,-4.670107,-6.797826,5.961945,-5.296973,3.397253,1.812955,-1.348767,-1.927007,0.821577,7.690256,-7.446613,0.485729,-4.593786,-7.525148,-9.563406,-7.912485,-3.958703,4.678071,-7.973199,7.276410
resume_1633,-6.619011,-8.415507,9.865919,3.634314,-6.523184,3.408161,-7.435099,-6.383312,1.037302,-3.625153,-2.928956,3.945424,-1.941429,5.160689,3.251074,-5.746847,-0.976956,3.610534,1.771449,-1.230663,10.578620,7.957117,-0.599832,7.467131
resume_1634,-7.698787,8.704349,-3.203185,6.597261,-1.494027,-3.520809,5.830091,-4.834171,0.265608,9.709380,10.931235,2.469702,6.808231,8.126950,-6.076218,-8.146859,1.255142,4.030105,6.563138,-8.324122,-4.738307,1.649796,5.102860,-0.632908
resume_1635,-7.393948,8.617762,-4.116569,6.142756,-3.332640,-2.814507,6.857275,-3.704936,1.904034,8.367583,9.434444,2.089344,6.599981,6.555807,-7.413132,-8.824786,-0.380639,3.776001,6.912838,-7.841404,-5.626265,3.026351,4.523113,0.450807
resume_1636,-2.716407,8.348399,-7.056764,-1.787011,-3.173680,-1.128464,8.126758,-2.725004,-8.079572,1.293807,3.509406,-2.592167,5.964230,-1.214905,-1.252386,7.072912,-2.302963,6.023370,1.899516,0.545002,10.324420,9.417494,-9.893481,2.731240
resume_1637,-7.783156,-1.241456,4.781051,-7.327162,-8.748003,0.827835,-0.261608,-0.554791,4.622224,3.048333,0.638973,4.027958,-7.144907,-7.167895,10.008037,-1.145827,1.906413,-5.931582,-2.853921,-3.397904,-4.220331,-8.301816,6.780548,8.319635
resume_1638,-6.711383,-0.570268,3.941254,-8.071672,-7.740500,1.859760,0.276244,-0.596735,5.393660,3.374430,-0.175848,1.591537,-7.252601,-7.817259,7.756821,-0.059860,3.381039,-5.046945,-2.246261,-4.824047,-5.109266,-9.270903,5.854314,8.219505
resume_1639,-7.161952,0.008741,5.351830,-7.140091,-7.695504,1.638336,0.151485,0.187081,4.830325,2.995278,-1.114041,2.013743,-6.942871,-7.825359,7.138293,-0.180055,2.608390,-5.343980,-2.628027,-4.573400,-6.742255,-8.842587,6.701550,7.611005
resume_1640,8.838075,7.199614,8.679614,-8.252654,-1.279532,6.743450,1.610913,-7.240527,1.499039,7.991771,8.482311,-8.271328,-0.368292,-4.300290,-4.635509,1.395254,-6.640178,8.139267,5.326665,-2.815975,-7.548514,-5.144219,1.485317,4.528300
resume_1641,5.817121,4.513450,1.750508,8.287458,-4.049707,-5.777605,5.821424,-5.651576,2.323317,2.068083,-2.184468,-1.366909,-0.205104,7.471534,-7.176725,0.368407,-5.881727,-7.970054,-9.551275,-7.857712,-4.710262,4.513568,-7.465311,7.137196
resume_1642,-7.571498,-8.035431,9.721893,2.706357,-7.722626,4.501835,-7.043198,-5.974100,1.169519,-3.337876,-2.450526,5.054176,-0.732906,4.361028,3.227974,-4.444772,-1.045203,2.510236,2.409031,-1.126289,9.465316,8.678035,-0.089329,8.748108
resume_1643,5.700458,-3.447080,4.342968,3.963435,-1.834763,2.793042,-7.053957,6.022590,-9.532233,-4.745621,2.847798,-6.315476,-6.734218,5.132442,-0.581155,-8.749594,1.257341,3.819628,-5.882944,6.692251,-9.444087,-0.717107,1.559648,8.036335
resume_1644,-1.657571,6.691637,-7.607551,-0.271204,-2.806812,-2.280021,8.834099,-1.238872,-8.867105,2.656610,0.888258,-3.066337,6.649141,0.142616,-1.527983,6.649433,-1.397961,5.729838,2.139860,-0.253193,9.770836,10.009947,-9.856984,1.905742
resume_1645,6.030464,-3.261819,3.707152,3.353330,-2.359030,3.276572,-7.688925,5.839088,-8.866860,-4.768913,2.298878,-7.568425,-6.827814,6.483613,-0.981163,-6.816353,0.972490,5.355163,-5.216818,6.160702,-10.185939,-0.966067,1.651716,7.286861
resume_1646,5.680282,-3.048058,4.013602,4.825274,-1.742587,1.936613,-6.696304,6.664587,-8.126403,-5.354487,1.977035,-6.963191,-7.368812,5.854136,-0.139474,-6.917481,0.842704,4.314544,-6.405011,6.424684,-9.233395,-2.221622,1.610108,8.816361
resume_1647,6.157391,-2.807805,4.554389,4.599264,-1.208303,1.950027,-6.444670,5.683184,-8.537417,-4.470976,0.676340,-5.765953,-6.596919,4.803800,0.531030,-8.542447,0.246554,5.510074,-5.329032,6.612333,-10.010237,-0.964247,1.013419,7.306415
resume_1648,4.705940,5.020987,2.483138,7.986608,-3.981799,-4.433298,7.236159,-7.310580,3.127995,1.756185,-1.208682,-2.824828,0.994846,7.246159,-6.395331,0.016639,-6.254703,-8.297478,-8.805692,-8.102039,-4.144019,4.539955,-9.064251,5.655442
resume_1649,4.719464,4.792754,1.158610,9.026164,-3.676337,-5.262057,6.875341,-6.129433,3.720281,2.179903,-3.412769,-1.841391,1.369357,7.934096,-6.082411,-0.973327,-5.769349,-8.132209,-9.910108,-8.360675,-4.153039,3.460461,-8.432485,6.000400
resume_1650,-6.829325,8.549978,-2.089006,6.048405,-2.164763,-3.141371,7.128582,-4.206176,1.073449,7.444670,10.291287,2.906504,8.915087,7.344034,-6.945115,-8.031245,0.663065,3.035532,7.357933,-7.463046,-5.025056,2.227576,4.414820,-0.915885
resume_1651,-7.196951,9.837097,-2.813245,6.716753,-3.121078,-4.116525,5.913182,-4.492601,1.618473,9.198007,8.996842,1.471226,7.721139,6.309789,-7.362962,-8.225096,-0.079883,3.539494,7.509830,-7.955753,-4.911823,2.678534,4.342871,-0.344702
resume_1652,7.564904,7.191240,8.318989,-9.681303,-0.450999,7.504749,1.049117,-7.084606,1.159596,7.188339,8.982173,-8.128420,-0.141580,-3.597209,-4.515422,1.539124,-7.698998,7.997066,5.082124,-3.654917,-6.753569,-4.357015,2.227243,5.756183
resume_1653,9.408776,8.073998,7.289830,-8.715900,1.274443,6.903898,1.594764,-6.814742,2.037816,7.268652,8.346036,-7.029157,0.083791,-3.256166,-5.179749,2.679069,-5.627191,8.238335,5.133022,-3.119268,-6.638222,-6.331173,2.072430,5.829171
resume_1654,-7.449896,-1.455789,5.774148,-7.571312,-7.932389,1.179902,-1.291682,-0.349706,3.641019,3.300172,0.477403,1.505252,-7.302099,-7.369185,8.426435,-0.722626,1.016405,-5.940982,-1.747036,-4.846609,-3.921281,-9.935644,6.568382,7.375840
resume_1655,5.531685,5.061891,2.323787,9.216915,-4.342786,-5.615373,5.857882,-7.083790,3.652427,1.240399,-2.031691,-1.573160,1.806264,8.315090,-5.478756,0.354990,-5.344138,-7.190907,-10.133142,-7.751663,-3.941868,4.665417,-9.332465,7.261804
resume_1656,-0.765778,6.772023,-7.925536,-1.879054,-2.595792,-0.974958,7.753925,-2.605094,-8.924970,2.539326,0.705522,-1.939586,6.782340,-0.561424,-2.685664,6.216329,-2.287659,5.407772,3.050239,0.582983,10.010270,9.486498,-9.901223,2.154209
resume_1657,10.369393,7.367366,-5.594290,9.435372,-1.039895,8.258229,-5.229637,-4.559590,9.284579,-6.639441,0.465558,-3.486539,7.875269,-7.690549,-7.925251,-0.561935,4.931656,-7.699869,2.694388,-2.712092,4.877856,-1.738626,-4.483414,1.147454
resume_1658,-1.678990,6.739456,-8.117000,-1.185933,-2.097759,-0.215893,7.318516,-1.660230,-7.669305,2.604836,2.188819,-1.489848,6.867868,0.630208,-1.894914,8.292254,-1.511665,5.408610,3.116996,1.056009,9.405584,8.763632,-10.117363,2.743489
resume_1659,-6.991953,-1.189165,2.853025,-7.713794,-9.097612,1.287149,-0.804043,-0.342417,6.064362,4.099342,2.382709,1.546733,-7.848742,-8.992428,8.120061,0.206435,2.457377,-6.318226,-2.145872,-3.019954,-5.675603,-9.262856,5.659769,8.390349
resume_1660,-1.825963,6.881897,-8.810413,-1.490069,-2.763326,-0.612605,7.673300,-1.179550,-8.485699,2.638457,0.963920,-2.020453,6.494995,-0.463645,-2.852653,8.268833,-2.239874,5.837533,1.877281,-0.348482,9.089370,8.487894,-9.682212,3.222940
resume_1661,-3.359631,7.765778,-8.397624,-1.751279,-2.760384,-1.608886,8.293663,-3.031071,-7.501116,1.741087,1.309630,-2.723991,6.522828,0.138935,-0.665050,7.800680,-2.180288,5.333642,3.131479,1.152502,9.409933,7.998891,-10.180810,3.154721
resume_1662,-8.119333,-0.553614,5.427375,-7.773305,-8.711943,1.760364,-0.569530,-0.205130,5.139513,3.292664,0.627397,2.348811,-7.425565,-8.479612,7.352536,0.167606,2.132484,-5.150792,-3.100772,-4.357607,-4.935537,-9.183501,5.505736,7.661293
resume_1663,-8.380717,-7.943897,9.462225,2.425027,-6.530750,4.578847,-7.336379,-6.595728,1.392127,-3.350443,-3.858282,4.053596,-1.523394,5.538635,3.094153,-7.687174,-1.386103,3.376749,1.892532,-0.796658,9.991558,7.578384,-1.114430,8.140090
resume_1664,-3.041251,7.941519,-7.940211,-2.401460,-2.088428,-1.704492,8.247193,-1.544368,-8.025327,1.786896,2.228304,-2.593329,6.946042,0.759658,-1.201764,7.884224,-1.365167,5.447995,1.938216,1.088899,9.833579,8.359883,-9.988254,2.060033
resume_1665,-8.107130,-0.897685,5.416911,-7.598769,-8.192848,0.695771,-0.408022,-0.479073,6.293693,3.106963,-0.089325,2.484312,-6.298162,-8.648240,9.200473,-0.572819,3.138701,-6.135182,-2.095290,-3.886940,-5.189057,-9.413862,6.864843,8.150048
resume_1666,-2.784868,7.312928,-7.781142,-0.672198,-3.359502,-2.139804,8.018030,-1.843521,-7.735130,2.137046,3.504570,-1.903582,5.230676,-1.654939,-2.088104,8.188128,-1.082760,6.939880,2.585026,0.271654,9.182949,9.488552,-10.533325,2.006423
resume_1667,-6.977860,8.271459,-3.035504,6.628268,-2.120935,-3.781999,6.399371,-3.919521,-0.018569,7.595756,9.524119,1.634141,7.543593,7.694413,-7.278198,-8.602986,0.906505,3.078075,7.372840,-8.996005,-4.927713,3.051090,5.159654,-0.042570
resume_1668,-6.414677,8.491336,-3.640647,5.272127,-1.376801,-3.492145,5.384371,-4.553740,0.644464,9.058749,10.617624,2.672922,6.915444,5.882503,-6.556477,-8.304180,0.996831,2.528715,8.309334,-9.491531,-5.013401,2.796443,3.986142,0.036280
resume_1669,10.964966,7.665202,-4.687627,9.838454,-1.172433,8.699766,-5.146676,-4.604019,8.684616,-7.674201,0.298054,-3.008171,8.155962,-9.289747,-7.805829,0.208597,3.588145,-7.780690,2.311314,-1.988131,4.496880,-0.597367,-4.646952,0.788615
resume_1670,-7.565119,-0.649028,4.739949,-7.442484,-8.417403,1.875802,-0.146903,-0.308221,5.016631,2.488084,0.774509,1.848467,-6.945576,-8.198442,8.778057,-0.039519,1.464363,-5.685959,-3.079361,-4.813804,-5.622807,-8.945416,6.923949,7.255241
resume_1671,7.683433,7.452037,7.482098,-9.078629,-0.788667,7.652406,1.354245,-6.142696,2.727400,8.934540,9.209444,-8.164600,-0.627618,-3.000225,-5.020638,2.037296,-7.521943,7.903776,5.023375,-2.073374,-6.904367,-4.951280,0.611865,5.932373
resume_1672,5.515108,4.872849,2.259985,9.048625,-5.354968,-5.453035,4.966251,-5.921240,3.273840,1.323324,-1.465087,-2.074695,0.392518,7.714657,-6.516130,0.146329,-4.716437,-7.407433,-10.457531,-8.234919,-2.550318,4.708432,-8.537266,5.616245
resume_1673,-7.402985,-7.933747,8.956882,3.575454,-7.848673,2.992364,-6.400416,-7.372938,0.391822,-3.176308,-1.986371,4.587349,-0.337122,5.118974,3.698063,-5.738712,-0.260562,3.380041,1.301004,-0.868120,9.447133,8.028144,0.016421,9.101665
resume_1674,-1.429205,7.475249,-8.088712,-1.773467,-2.001137,-1.819772,9.040604,-0.880902,-7.047261,2.121880,1.955097,-2.591533,5.893909,0.022488,-1.802379,7.933148,-1.937137,5.853955,2.914285,1.310022,11.215879,9.360672,-9.241980,3.216892
resume_1675,-8.275469,-9.101855,9.256015,2.011974,-7.560442,3.595770,-6.829467,-6.260408,1.790628,-3.817436,-4.270512,4.014521,-1.519866,4.178359,3.011592,-6.238380,-0.730665,4.041567,2.628050,-0.600474,10.131051,7.501904,-0.859788,8.909533
resume_1676,10.133099,6.089125,-4.628143,9.362378,-2.058641,7.600187,-5.159269,-3.401175,8.815660,-7.243279,0.389948,-1.948731,7.762883,-9.103538,-7.966021,0.484177,4.763100,-6.284915,0.038641,-2.218857,4.731339,0.362099,-4.177898,-0.484204
resume_1677,-9.078916,8.741634,-3.407879,5.425555,-1.870117,-3.005197,6.284144,-4.919666,0.718970,8.147972,9.689942,1.351308,7.979215,7.175694,-7.408941,-8.375411,0.876008,2.925172,7.786131,-9.185460,-4.749342,2.942789,5.054679,-0.420410
resume_1678,-7.549073,-9.642767,10.067243,2.207493,-7.682277,3.011733,-6.903757,-5.062886,-0.005088,-4.268149,-3.104726,4.918515,-1.449139,4.604904,3.169506,-6.715200,-0.950229,4.663228,1.451991,-1.178613,9.802443,6.966074,0.267177,8.122189
resume_1679,-2.771688,7.322089,-8.865745,-1.737191,-2.205253,-1.075945,8.491187,-1.691923,-7.442557,3.793896,2.030320,-1.240238,5.916502,-0.597591,-1.407385,7.803587,-2.973400,6.069508,2.956676,0.160899,8.989735,7.978596,-9.627971,2.869104
resume_1680,-2.871557,8.370271,-7.782003,-1.402515,-2.085133,-0.042411,7.913270,-0.253053,-7.299753,3.262923,1.482480,-2.664968,5.906154,-1.586791,-2.586004,7.906001,-1.867371,4.889073,2.713698,0.424307,9.927197,8.058865,-10.973396,1.933203
resume_1681,8.087736,6.448735,7.962613,-8.542826,-0.750851,6.698936,0.730806,-6.937002,1.463716,8.806918,9.723789,-7.966779,0.140055,-2.922200,-4.401393,2.280560,-6.527067,8.863402,5.226048,-1.561686,-6.797335,-5.634159,1.505565,5.621824
resume_1682,-6.803705,-1.055099,4.234469,-7.704441,-8.510983,2.506875,-0.963613,-0.379934,5.302085,1.406685,0.593176,2.124764,-7.182250,-7.804089,9.027992,-0.415132,2.826801,-5.998168,-3.117651,-3.859874,-4.479321,-8.853549,7.252688,7.867347
resume_1683,-8.238158,-8.500624,8.658121,2.448517,-6.571180,3.817905,-6.708272,-6.123785,1.345328,-4.295068,-3.761036,3.509041,-2.065384,3.977435,3.399127,-6.663135,-0.898107,2.915274,0.972569,-0.960565,10.080187,8.168813,-0.953495,8.038739
resume_1684,9.125780,7.300387,-5.282668,9.808609,-1.114171,8.909952,-6.515282,-4.476774,8.727535,-7.174188,1.217933,-2.943696,7.296749,-8.615212,-9.096899,0.492385,5.721918,-7.110804,2.934134,-2.344105,3.977856,-1.399456,-5.361552,0.672349
resume_1685,-3.275103,7.906994,-8.945279,-0.763395,-2.480839,-2.604799,7.745315,-1.611001,-7.924318,2.192416,1.435436,-2.134274,6.357682,-0.727741,-1.474380,7.189769,-0.616411,5.862563,2.677538,0.324346,10.027055,8.026945,-9.300020,1.710093
resume_1686,9.027539,6.176210,7.237003,-9.539446,-0.873602,7.453288,1.747868,-6.613307,1.178385,7.977489,9.111595,-7.736772,0.285008,-3.552717,-4.347320,2.480166,-5.850407,7.766527,5.003119,-2.504732,-5.568380,-4.690884,2.076472,5.607038
resume_1687,-7.349434,8.432808,-3.191607,6.411470,-1.863254,-2.348141,5.941391,-3.969867,1.228027,9.008423,10.883932,2.321616,6.999827,6.392790,-7.129756,-7.801218,-0.326638,3.903275,7.524058,-7.563527,-5.157166,2.164713,3.995216,0.416608
resume_1688,-6.242320,8.402355,-2.415982,5.764903,-2.233682,-2.903013,6.844630,-4.672635,1.572938,8.352436,10.030020,2.399076,8.248442,6.973669,-7.673031,-7.185955,0.162435,2.326351,6.685608,-8.603328,-6.216558,2.260263,3.922571,-0.273441
resume_1689,-5.781996,9.672664,-2.761893,5.209939,-1.967161,-2.885962,5.814700,-3.891562,0.308980,9.144235,9.481155,2.351788,7.517716,6.264297,-7.605288,-9.031499,1.077647,3.499740,8.933867,-8.679510,-5.307364,2.925930,4.288139,-0.065041
resume_1690,-7.202951,7.855746,-4.369356,6.477631,-2.169127,-3.892420,6.760593,-3.784042,0.867424,8.372918,9.443090,2.541756,9.050905,7.631919,-7.049309,-8.193715,-0.816041,3.819273,7.495081,-8.031707,-5.671985,2.725748,3.584533,-0.118796
resume_1691,8.972370,7.692467,8.139529,-7.954974,-1.008337,6.193943,1.687490,-5.842793,1.551347,8.701806,8.352616,-8.102930,-0.081577,-4.083778,-5.155266,2.109631,-6.379862,7.766736,5.485386,-4.352398,-6.853592,-4.973216,3.092935,6.231151
resume_1692,5.868131,-3.173726,4.677159,4.036105,-2.195894,2.058604,-7.492601,4.965989,-9.406715,-3.948820,1.080155,-6.461469,-6.629467,5.468964,-0.349389,-8.300208,0.874033,3.969992,-5.963545,5.863807,-9.468238,-1.939218,2.253407,7.155860
resume_1693,-7.210018,-0.568928,5.205100,-8.048811,-9.288776,0.877358,-0.411063,0.812129,6.132040,4.319123,0.179839,2.890985,-7.376761,-7.363306,9.669155,-0.372935,3.082421,-4.964443,-1.247497,-5.457186,-6.104622,-8.748859,6.088017,7.662538
resume_1694,-1.730133,8.052488,-8.343276,-0.751895,-2.823215,-1.047721,8.074252,-1.856469,-6.588877,2.193920,2.051437,-1.170047,6.487550,-0.773575,-1.833364,7.980666,-1.456509,7.104591,3.205598,-0.284266,9.165949,8.442238,-10.426334,1.770227
resume_1695,-8.189361,8.225400,-2.396937,6.082081,-2.324003,-4.433482,4.977082,-3.684238,1.138266,8.242698,9.058236,1.448416,8.309683,7.565235,-7.044977,-9.131932,0.800777,3.746608,7.613686,-8.223314,-6.459715,2.939884,3.752989,-0.218433
resume_1696,9.799925,7.247353,-5.248900,9.446668,-1.662458,8.346492,-5.044894,-3.807217,8.567558,-7.304611,0.398303,-3.202678,8.098221,-9.347375,-7.844585,-0.098172,4.499936,-7.691027,2.139034,-2.047309,3.954277,-0.793971,-4.938395,-0.263999
resume_1697,-7.306016,-1.660584,5.315714,-6.791321,-8.148475,2.249705,-0.445607,-0.538088,4.831655,3.824710,0.243154,2.622499,-7.229094,-7.992084,9.261451,0.211341,3.380837,-4.908715,-2.194467,-4.141092,-5.524706,-8.432983,7.000502,7.497046
resume_1698,6.251639,-2.601941,5.444549,3.053440,-1.585285,2.340374,-7.754423,6.028307,-9.060221,-5.325571,0.822564,-6.909962,-6.812396,4.858534,0.197482,-8.830057,0.844810,4.632338,-5.964321,6.563332,-9.316834,-0.595554,2.457495,8.182806
resume_1699,5.132166,-2.098369,4.636914,4.211027,0.375501,2.383956,-7.124656,6.805222,-8.902661,-4.492830,1.719703,-6.506935,-7.020238,5.961259,0.755057,-8.127476,-0.086374,3.446845,-5.888478,6.638482,-9.391928,-1.880058,1.561437,7.353023
resume_1700,9.992619,6.848322,-3.886879,10.510221,-2.084542,8.610049,-6.511665,-3.909131,9.344553,-7.808196,0.199988,-1.746333,6.623848,-8.491652,-9.215084,-0.034099,4.131319,-8.452494,1.499789,-2.168317,4.410637,-1.377634,-4.679599,0.007508
resume_1701,5.115641,-3.766097,4.954039,3.010060,-0.550862,2.271907,-7.095960,5.568102,-9.279282,-5.059090,0.679184,-7.579681,-6.677191,5.535917,0.521388,-8.519065,0.664100,5.565696,-5.948524,6.777796,-8.858861,-0.142040,1.712506,8.564560
resume_1702,5.044337,4.693287,2.312116,8.746433,-4.610008,-5.775655,6.755438,-7.611494,2.639685,0.591958,-2.134787,-3.091976,1.751791,7.665886,-6.691769,-0.613911,-5.139245,-7.512553,-8.869327,-8.568464,-3.828463,3.992633,-8.202745,6.555659
resume_1703,10.028091,7.274472,-5.779689,8.375489,-1.442462,7.558266,-6.611117,-3.922155,9.671275,-6.926247,0.124740,-3.717401,7.301683,-8.096148,-8.664548,-0.613614,5.268541,-8.000934,1.854721,-2.090563,3.872190,-0.322219,-4.526464,0.330918
resume_1704,9.026386,7.811690,-5.843411,8.873984,-2.463738,9.805903,-5.833195,-4.248763,10.187388,-7.722999,-0.363615,-3.893905,7.686109,-8.112657,-7.728856,0.080155,4.345366,-7.964411,1.070843,-2.985226,4.462582,-0.748997,-5.143376,-0.427129
resume_1705,8.296988,6.856865,7.645450,-8.791460,-1.297053,7.463878,1.829069,-6.827933,1.796310,8.036592,9.901760,-8.006329,-0.288112,-2.331841,-5.163002,1.876912,-6.908879,8.132994,5.036209,-3.751843,-5.714118,-3.635092,2.348359,5.867119
resume_1706,9.871090,5.861521,-6.390706,9.893622,-0.409212,7.770783,-6.099007,-3.551445,8.288233,-6.992834,-0.033267,-3.084124,6.139960,-8.148738,-7.348188,-0.383444,4.566763,-6.879549,1.075491,-2.326455,5.239070,-0.359656,-4.003790,1.090953
resume_1707,9.466837,6.417093,-6.143982,9.126024,-1.740939,9.914253,-5.859895,-3.787252,9.079441,-7.056053,0.441436,-2.862015,7.524992,-8.061744,-8.253763,-0.483693,6.138729,-6.599487,1.878306,-1.623370,4.569877,-1.048763,-5.013732,0.518727
resume_1708,5.627349,4.888629,2.009121,8.446254,-4.239256,-5.492168,5.904057,-7.480790,3.020754,1.337452,-3.174216,-2.110206,1.570870,7.470586,-6.865353,0.514574,-5.674351,-7.895298,-9.585018,-7.833906,-4.417940,4.628327,-7.452903,7.731154
resume_1709,-6.912429,9.030283,-3.724845,5.694122,-1.556602,-3.632049,6.887593,-3.722569,1.795489,8.224190,11.210050,2.175487,8.270426,7.406801,-7.611606,-9.606905,-0.359030,3.669707,7.123002,-9.235540,-5.182608,1.086074,4.615815,-0.662480
resume_1710,-7.549970,8.425321,-3.652072,5.750294,-2.181003,-3.693979,6.614886,-3.748136,0.534594,7.023389,10.159481,2.695007,8.101531,7.452905,-7.065202,-8.342278,0.167121,4.054088,7.426994,-8.111920,-5.007618,3.494678,3.944756,-0.843360
resume_1711,7.261296,6.984168,6.412246,-8.571233,-0.687320,8.548271,0.980132,-6.248227,1.698191,7.519889,9.298243,-8.514757,0.006583,-2.564300,-4.442078,1.527870,-5.470517,8.261697,5.145854,-2.741012,-6.663482,-5.675351,0.753573,4.988745
resume_1712,-1.836221,7.002504,-9.140023,-2.055689,-3.611863,-1.020828,7.909372,-3.363430,-8.667874,2.208455,1.393372,-1.486078,5.437464,-1.197167,-1.533233,7.126989,-2.572745,5.092237,1.743460,0.368238,10.040915,9.267241,-9.387313,2.756066
resume_1713,10.698849,7.429461,-5.707406,10.640891,-1.672028,7.082255,-3.857050,-5.123449,8.694593,-7.914602,-0.071790,-2.939884,6.889835,-8.187920,-8.489841,-0.208839,5.382520,-7.782912,2.563751,-1.099313,4.326839,-1.195681,-4.813411,0.252110
resume_1714,8.898043,7.107651,8.235760,-9.057974,-1.888882,6.984601,1.902428,-6.762517,2.441009,8.126734,9.707745,-8.226961,-0.804939,-3.473425,-5.423974,3.094555,-6.766546,6.958953,5.652919,-3.180917,-6.937561,-4.523135,0.908142,4.916367
resume_1715,8.601612,6.898902,7.530440,-9.179239,1.020224,6.396927,1.053275,-6.565927,1.088765,7.940226,10.229298,-8.085651,1.679490,-3.682446,-3.864679,2.017846,-6.427318,8.008362,4.835916,-2.185929,-6.683369,-4.653521,2.462123,5.287574
resume_1716,5.758384,-3.421541,4.825494,4.635019,-1.137385,3.069292,-7.125840,6.879420,-10.160905,-5.334776,1.985608,-7.339536,-7.656421,5.630844,-0.759669,-9.299128,1.014611,3.966944,-6.543881,6.656291,-10.177624,-1.091739,1.257763,9.670320
resume_1717,4.936948,4.087190,0.923500,8.681330,-4.056152,-6.124447,5.783147,-7.687517,2.898757,1.834060,-3.407564,-3.240488,1.842836,7.705225,-5.616045,0.061793,-5.905539,-8.100286,-9.062194,-7.225849,-2.776367,4.515924,-7.228119,6.775471
resume_1718,-8.064998,-9.088816,8.917711,1.979626,-8.212536,4.018436,-6.790537,-5.861982,0.506290,-3.033019,-3.112120,4.071245,-1.453549,5.291057,2.927544,-4.487044,0.021349,2.483903,1.890729,0.196230,11.206697,7.080009,-1.528322,7.368845
resume_1719,5.404679,4.044613,0.840211,7.446449,-4.750289,-6.628757,6.144085,-6.203100,4.035600,1.970512,-2.199896,-2.320459,1.746358,7.409196,-6.118998,-0.470392,-5.285004,-7.898216,-8.925635,-8.798213,-3.299115,3.473785,-6.815850,6.937288
resume_1720,-7.283653,-9.014160,8.564555,2.215825,-7.289453,2.973307,-6.690906,-6.004300,0.887246,-3.720976,-3.065230,4.272341,-0.543237,4.284145,2.345805,-5.428240,-0.945711,3.213176,1.809320,-1.055153,10.216815,6.804740,-0.834573,7.798145
resume_1721,5.813467,5.449564,1.667468,8.304853,-4.202910,-6.795003,6.521409,-6.712811,4.952348,1.280690,-2.540082,-2.466437,2.635114,8.178859,-6.440603,0.154622,-4.901899,-8.728078,-9.381925,-8.578685,-2.907244,2.725700,-8.183386,6.353521
resume_1722,-7.041035,-0.504013,4.599581,-7.102122,-8.535259,0.935440,-0.724954,-0.029011,5.740629,3.402436,0.199301,2.337993,-7.043455,-7.438476,7.706014,-0.021116,2.519119,-5.109992,-2.195847,-3.652432,-5.414360,-8.837580,6.864842,7.482894
resume_1723,5.841724,3.984371,1.461168,6.915682,-5.042109,-6.295501,6.570870,-6.273548,4.041621,0.311357,-1.913425,-2.267827,1.055278,6.354448,-5.192221,-0.284390,-5.942855,-7.872857,-9.324158,-7.363271,-3.965931,3.599669,-8.900516,7.011251
resume_1724,-7.363306,-0.800682,6.048442,-7.792172,-7.684524,1.518949,0.057930,-0.612052,4.560127,3.358578,0.927096,1.047415,-6.695869,-7.775821,8.382511,-1.134210,2.476098,-5.976154,-2.560150,-4.914820,-5.018651,-8.554980,7.708071,7.341334
resume_1725,-2.584155,8.933461,-6.299172,-1.211848,-2.570388,-1.828578,9.027903,-0.660839,-7.319697,2.966905,1.142883,-1.531129,6.379151,-0.674273,-2.833378,7.332802,-1.596186,4.803428,2.184066,-0.285363,9.784415,9.336101,-9.281447,2.471487
resume_1726,-2.995979,6.978258,-7.985281,-1.088983,-2.449307,-0.588923,7.288542,-1.795488,-8.030026,2.312891,2.519320,-3.573137,6.622464,-1.340222,-2.781292,7.331062,-0.702181,5.761673,3.020594,-0.029879,8.771098,9.123619,-9.035746,3.059905
resume_1727,-7.199112,8.309771,-3.649746,6.586826,-3.117609,-3.454344,6.852347,-3.179453,0.361482,9.107470,10.822742,1.543115,8.303317,7.866023,-6.887469,-9.265382,0.569324,3.009641,7.941521,-9.498028,-5.235515,2.877122,4.273022,-0.580104
resume_1728,8.996628,7.453893,8.238021,-6.984697,-0.770601,6.406857,1.744657,-6.900644,1.398879,8.526583,9.350442,-8.330702,0.609260,-2.487627,-5.415242,1.395016,-6.470296,8.169904,5.762088,-2.238955,-6.145262,-4.569240,1.234925,5.547390
resume_1729,5.198552,5.876744,2.059751,8.518613,-4.173194,-5.537630,5.735090,-6.869930,3.267481,1.862845,-2.106668,-1.709189,0.794855,8.234911,-6.343246,0.842890,-4.695421,-8.922576,-9.350917,-7.466915,-3.592206,4.246017,-7.443753,6.011007
resume_1730,4.938036,4.094435,2.445624,9.644533,-4.575006,-5.114883,6.738295,-6.663753,3.702835,2.948059,-2.033451,-2.165057,1.390148,8.016960,-6.408373,1.113123,-5.183181,-8.107430,-9.728090,-8.161159,-3.293621,5.001731,-7.920180,7.420223
resume_1731,-7.834567,9.465171,-3.694838,7.025189,-2.061170,-2.300278,6.346603,-2.894475,-0.327512,7.186956,9.735536,2.099624,7.971109,6.567060,-7.289647,-8.943938,-0.473317,3.517509,7.507040,-9.302839,-5.119599,1.894598,4.343996,-0.551768
resume_1732,-2.049948,7.306955,-7.586708,-1.389022,-2.783425,-1.282187,8.205639,-0.755043,-7.808790,1.412243,2.293617,-1.901524,6.428543,-1.064706,-2.146372,8.317225,-1.834462,5.189291,2.195554,-1.040478,10.302955,8.661081,-10.553763,2.087945
resume_1733,-8.169787,-1.270211,5.256400,-8.089272,-8.397190,0.840193,-0.268859,0.157338,5.643725,3.416955,0.218251,2.995705,-7.065091,-9.441640,9.034922,0.512472,2.291205,-4.869719,-0.698293,-4.832739,-5.185560,-8.334763,6.369999,7.044376
resume_1734,-6.528372,9.135944,-3.179691,6.320967,-2.085622,-4.460806,6.295825,-4.715985,1.396824,8.842651,8.394707,2.586608,7.336600,6.814900,-6.321655,-8.700812,1.150985,3.180866,6.750457,-7.595206,-4.725214,4.410757,3.839867,-0.597414
resume_1735,-2.021188,6.157012,-7.602758,-2.261357,-2.416634,-1.275753,8.211645,-1.177835,-7.704641,2.172184,1.413418,-2.100243,6.376824,-0.287749,-1.942539,9.271483,-1.971893,5.829102,3.202056,1.188676,9.787640,9.368194,-9.358544,3.268870
resume_1736,-6.700726,9.379651,-2.507232,6.730851,-2.357747,-3.554258,6.654823,-5.402709,-0.090284,7.661596,9.552465,1.603444,7.878068,8.009995,-7.615307,-8.391667,0.446143,3.317548,6.271815,-9.038953,-5.530643,2.517237,3.784605,-1.412664
resume_1737,5.818294,4.060594,1.467805,8.191653,-4.565862,-6.730992,6.650189,-6.016193,3.976800,1.837076,-2.484436,-2.018723,0.955842,8.102052,-6.410717,0.028822,-4.480073,-7.124905,-9.740366,-7.004552,-3.485760,4.727802,-8.471035,6.741501
resume_1738,-7.132369,9.054291,-2.257169,6.283723,-3.270285,-2.941002,5.263429,-4.508519,1.384387,6.291302,10.122700,3.043833,8.606519,7.183469,-6.746987,-7.970954,0.991995,3.751612,7.369458,-7.258659,-4.443068,2.170993,4.170578,-1.086689
resume_1739,-2.276281,7.583901,-8.398571,-1.755526,-2.221451,-2.787721,7.647696,-1.595583,-7.413003,2.666736,1.826047,-4.144379,5.929767,-0.290084,-1.725884,8.897054,-2.395751,5.205973,2.436901,1.060420,9.339114,9.520555,-9.886276,3.129966
resume_1740,-2.114170,7.434285,-7.660047,-0.784705,-2.347861,-2.704367,8.076924,-2.074824,-8.220625,2.388097,2.217691,-3.198359,6.286680,-0.885062,-1.297582,8.165988,-1.644052,4.871572,2.820213,2.007993,9.673279,9.448076,-8.899548,2.614497
resume_1741,-8.111116,-1.059104,4.560272,-7.485357,-7.934001,1.005672,0.106877,-1.212495,6.241369,3.161712,0.868944,3.135267,-6.988034,-8.070694,8.192968,-0.679150,2.357266,-5.818958,-1.504582,-5.334626,-5.595496,-8.277352,6.389862,6.625505
resume_1742,8.737073,6.975596,7.330514,-8.939237,-1.582682,6.820296,1.104329,-6.585252,2.009783,7.475135,9.508134,-7.739395,-0.580036,-3.699950,-5.552177,2.767679,-6.226922,9.100108,6.006487,-2.825747,-6.502485,-4.673458,2.115379,6.381346
resume_1743,-7.050790,8.853086,-2.905635,6.793186,-3.717968,-3.711373,6.550159,-3.138679,-0.171280,9.463573,9.872123,3.527459,8.109904,7.197813,-9.293765,-8.431899,-0.823066,3.398524,7.304095,-8.225216,-5.841712,3.352777,4.054797,-0.853122
resume_1744,9.610744,7.610649,-5.587645,9.875910,-1.489088,8.117869,-6.143429,-4.433786,9.467975,-7.375790,0.940724,-1.283732,7.155216,-7.554115,-8.011965,-1.779839,5.436055,-7.334342,2.427073,-1.537497,4.409276,-0.553660,-4.382922,0.426934
resume_1745,9.192381,6.528698,7.588881,-8.398199,-0.723617,6.431773,2.528952,-6.410875,1.370029,6.873435,8.200993,-7.322102,0.837333,-2.884213,-4.436811,2.440476,-6.877770,8.213161,5.724167,-2.750092,-6.972777,-4.779547,2.677657,6.772878
resume_1746,-7.927619,1.315481,5.004698,-7.261416,-7.924549,1.998107,0.267633,-0.394290,5.862242,2.783771,-0.063078,2.056110,-7.328891,-7.801271,8.854211,-0.257903,2.683749,-5.649516,-2.486300,-4.035853,-4.272253,-9.263276,6.649382,6.821731
resume_1747,8.015919,8.043532,7.708458,-8.716548,-0.540978,6.885285,1.255128,-6.471794,1.208827,6.704191,9.351746,-8.593018,0.206118,-2.920545,-5.039792,1.725741,-7.224206,8.101767,4.786573,-2.608990,-7.897947,-5.948000,2.363753,6.421062
resume_1748,6.284702,-3.969488,4.647545,4.420522,-2.156361,2.223149,-7.224267,6.738463,-10.329441,-5.100341,2.042479,-7.487628,-7.395157,5.029473,-0.330504,-7.591081,0.863382,2.885853,-5.038102,6.936475,-10.214894,-1.292815,1.738950,8.544982
resume_1749,-7.775707,8.677433,-4.359332,6.662622,-2.164489,-3.016350,7.581759,-4.655335,1.104178,9.164136,9.668941,2.514529,8.283632,7.148240,-6.984233,-8.790744,1.004397,4.008864,7.008976,-7.930783,-4.916527,1.823249,4.653498,-0.608598
resume_1750,-6.251698,9.637268,-2.218452,6.095082,-1.660502,-2.553333,6.199517,-3.386112,0.761350,8.214308,9.739920,2.602182,8.933474,7.240152,-7.532398,-8.684966,0.040757,3.321222,6.854489,-7.799145,-5.271958,2.514934,4.524096,-0.615182
resume_1751,4.768559,-2.700878,5.596857,3.115971,-1.634331,2.008200,-6.679673,5.669221,-8.662512,-3.846303,1.730441,-7.016420,-6.677378,4.681643,0.205888,-7.548307,1.330352,4.670937,-5.777368,6.792930,-9.629028,-1.143492,1.028906,8.087293
resume_1752,-7.041086,8.958942,-2.846245,5.879921,-2.193177,-4.138929,5.662619,-3.711268,1.415759,8.020953,8.585241,2.127103,7.234235,7.356127,-7.215595,-8.563456,-0.925592,2.940546,7.863559,-9.646753,-5.612865,2.509255,4.524334,0.082722
resume_1753,-7.653628,9.120425,-3.659660,6.589709,-3.015537,-2.356488,6.265292,-3.878686,1.458436,8.817703,9.562298,1.919827,8.258242,7.344342,-6.363592,-9.152575,-1.022944,4.253533,7.394159,-7.352448,-4.654401,2.013455,4.409913,-0.541777
resume_1754,10.189187,6.762892,-5.863177,10.010468,-0.874465,8.522954,-5.965859,-4.460007,8.891176,-6.523493,0.317514,-2.437740,7.109774,-7.075886,-8.108201,-0.533149,5.958123,-7.287893,2.759538,-1.746316,5.546822,-0.358824,-4.276516,0.321443
resume_1755,5.534499,-3.511885,3.526640,3.515985,-0.999581,2.287104,-6.619455,5.963131,-10.000140,-4.106124,1.773406,-6.060559,-7.574843,6.363481,-0.379017,-7.663342,0.735100,4.382102,-5.827285,7.704582,-9.001912,-1.566644,1.351909,7.680428
resume_1756,10.026309,6.126371,-4.213886,10.094583,-1.207951,8.869865,-4.937821,-4.384395,8.825495,-6.993139,-0.216620,-2.786501,6.813822,-8.212570,-7.354836,0.139822,4.433262,-6.392850,1.223376,-2.738909,4.027574,0.461028,-4.506745,0.450259
resume_1757,6.782605,-3.627556,4.488241,3.835377,-2.690428,2.697802,-7.060311,6.318528,-8.916892,-4.124942,0.591450,-5.920498,-6.232934,4.211601,-0.884595,-7.278812,-0.259925,3.782730,-5.160638,6.525432,-9.766813,-0.033036,1.114000,7.475555
resume_1758,-1.086375,7.287123,-7.435481,-0.660736,-3.194256,-2.293558,8.145944,-2.327217,-8.039409,2.145438,1.008438,-3.285368,5.387949,0.849776,-2.440919,7.117189,-1.573870,5.353207,2.291025,0.709474,8.279752,8.519540,-9.468176,2.315040
resume_1759,5.205383,-4.772493,5.017988,2.780997,-2.711372,1.322511,-6.946112,5.238758,-9.231146,-3.992049,1.498851,-6.805485,-7.791248,3.859649,-0.487665,-7.800574,0.838429,4.514560,-5.963202,6.522442,-9.285553,-0.932184,0.577537,9.214882
resume_1760,7.526493,7.193171,7.563767,-7.316254,-0.096956,8.705591,1.274984,-6.464135,2.147127,7.964659,10.128639,-8.581076,0.449239,-3.969449,-4.801615,1.319814,-6.946970,6.971843,5.044511,-2.428432,-6.565245,-5.114849,2.886887,5.915000
resume_1761,-8.323185,8.402030,-3.425470,6.823516,-2.973715,-3.029508,6.768573,-4.068879,-0.879514,7.736326,10.824477,2.234214,9.049741,6.919721,-7.140801,-7.743463,1.045024,2.767578,8.076377,-9.299842,-5.551791,3.261777,3.551397,-0.107638
resume_1762,5.035691,4.547102,2.245644,9.623722,-4.581206,-5.923596,6.029648,-6.865719,2.879381,1.746521,-2.868152,-3.307337,1.470231,7.390351,-6.343491,0.214152,-5.438727,-8.436970,-9.998481,-7.834739,-2.792029,3.078703,-7.906147,6.520752
resume_1763,6.243720,-3.369190,4.553305,2.476360,-1.564966,2.715457,-5.991628,6.979377,-8.744650,-5.228693,1.327399,-6.549761,-6.383769,4.308955,-0.496839,-7.854768,0.512295,3.498332,-6.647416,7.132895,-9.517788,-0.336512,1.148078,9.072620
resume_1764,8.089436,7.635902,7.610551,-8.331404,-1.406434,7.486576,1.353066,-7.056453,1.611513,8.279669,8.924214,-8.161285,0.477693,-3.952347,-4.650416,2.104875,-6.568923,7.516669,5.793853,-3.323730,-5.872432,-4.353342,1.518474,4.464824
resume_1765,10.224346,7.584081,-6.671943,10.016683,-2.056252,7.656072,-5.099470,-3.894983,9.829347,-6.865556,1.427460,-2.131918,7.724555,-7.559055,-7.976655,-0.595201,4.662135,-6.687248,1.734747,-1.657813,5.070456,-1.577525,-5.439080,-0.682256
resume_1766,-2.346130,7.095323,-8.308765,-0.763450,-2.382672,-2.249947,7.976075,-0.646296,-7.409404,1.457597,2.158418,-1.895190,5.311521,-0.252977,-2.546743,6.804842,-2.565947,5.356823,2.230085,0.751933,9.470398,8.359474,-10.108571,2.869298
resume_1767,6.052079,-4.696432,4.163789,3.549916,-1.101124,1.371002,-6.982316,6.795691,-9.076538,-5.233829,1.468456,-6.626642,-6.440884,4.545373,-0.330745,-6.175058,0.827915,4.356529,-6.245808,6.896327,-9.715389,-1.038225,1.561790,7.648320
resume_1768,8.665600,6.966425,7.715657,-9.421572,-3.020621,6.856466,1.979663,-7.695852,1.221621,8.173417,9.632793,-7.792869,0.078193,-2.955351,-5.637920,2.455409,-7.571437,7.855811,5.392039,-3.044856,-6.921167,-3.978795,2.214902,5.773709
resume_1769,-6.940720,-0.628306,4.375166,-7.599184,-8.188048,-0.167710,0.463834,-1.110281,5.110615,3.098738,0.609175,1.636075,-7.754876,-8.338537,8.429474,-1.446455,1.471244,-4.871785,-2.612746,-3.413532,-5.436831,-8.902983,6.827410,8.612807
resume_1770,-1.989675,8.344525,-7.376515,-2.714242,-2.270015,-1.386905,8.120808,0.007678,-8.476021,2.765564,1.489614,-2.544392,6.276318,0.023821,-1.528144,7.550904,-1.776292,5.954483,2.488274,0.830906,8.920977,7.793855,-9.693766,2.519189
resume_1771,-3.220624,6.676228,-6.612101,-0.693868,-1.559218,-1.597163,8.448292,-3.314478,-8.234399,2.977564,2.957885,-2.278166,6.452023,-0.270636,-2.286066,8.736182,-1.239261,5.713575,2.034824,-0.964488,9.928001,9.100841,-9.137855,2.414735
resume_1772,-7.674574,9.642776,-2.979097,6.602259,-1.852865,-3.470201,5.427403,-5.130552,0.915929,7.918476,9.972945,2.521093,7.661819,7.480365,-7.219792,-9.940079,0.444703,2.204172,7.815740,-8.456172,-4.431107,2.700405,4.043052,-0.309651
resume_1773,10.119726,7.851466,-5.916377,9.585598,-1.142761,8.718265,-5.727883,-3.737308,9.907784,-6.784145,0.127889,-2.628442,6.589386,-9.140800,-7.163724,-0.860385,4.299104,-7.571287,2.184541,-1.710054,4.074998,0.513568,-4.341124,0.093439
resume_1774,-2.805273,7.667358,-7.929950,-1.910728,-2.885043,-0.981012,8.327677,-2.039337,-8.212022,2.803766,2.408026,-2.658119,6.124415,-0.756495,-1.850124,7.747083,-2.536478,4.966724,2.730615,0.852275,11.408901,9.406492,-9.599857,2.578360
resume_1775,10.622026,7.352883,-5.852656,9.176393,-0.935601,8.674275,-5.721171,-2.991198,7.438659,-7.198549,-0.518376,-1.506826,7.276578,-8.677049,-7.511957,0.531093,4.777438,-6.235048,1.510712,-1.439230,5.529305,-1.701815,-4.486564,-0.285569
resume_1776,6.376619,-3.594599,4.614811,3.546722,-0.970247,1.511109,-6.501937,5.015135,-9.791580,-3.977062,1.177302,-7.073442,-6.275902,5.809632,0.100406,-7.073774,0.615241,4.658361,-6.301413,7.058652,-9.452318,-0.526646,0.094277,8.755739
resume_1777,8.447028,5.761492,8.284556,-7.357933,0.565063,6.593534,2.754004,-5.333574,1.011831,8.624157,9.159965,-7.698516,-0.413845,-3.528531,-6.105698,1.606818,-6.148135,7.574761,5.504928,-3.362818,-6.281354,-5.241577,2.633293,5.857954
resume_1778,-8.252353,-8.056096,9.139975,1.722268,-8.294584,4.580133,-7.152949,-5.653333,0.832853,-2.477139,-1.984674,5.180733,-1.401238,5.304468,3.195207,-6.257628,-0.768001,4.087203,1.286877,-1.433161,8.574645,5.741137,0.248225,7.044087
resume_1779,4.745060,4.273389,2.875997,8.612685,-5.316348,-5.680354,6.554557,-6.951583,4.432271,2.561631,-3.193197,-2.202803,1.835840,7.891656,-5.894508,0.121785,-5.744024,-7.711076,-9.750151,-6.470452,-3.398810,4.093052,-8.718833,6.607815
resume_1780,8.148579,8.119734,7.429003,-9.051467,-0.714079,6.509294,1.178298,-6.286331,1.494783,8.009301,10.081452,-8.721546,1.060985,-3.511347,-5.259406,1.795171,-6.488021,7.823969,5.650707,-3.418912,-5.371264,-5.497795,2.366083,5.358501
resume_1781,4.844379,4.695214,2.907825,9.276636,-4.540369,-5.624244,6.248362,-7.535293,4.044848,0.458878,-1.733419,-2.098635,0.903519,8.534427,-6.727401,0.176991,-4.719692,-8.800391,-9.831049,-7.803278,-3.653859,3.345348,-7.614502,7.343423
resume_1782,-6.831757,8.322449,-2.581290,4.959686,-2.006518,-2.418447,5.635159,-4.013501,0.913761,8.346232,11.002632,2.720336,7.003397,5.910223,-6.871532,-7.978462,0.625889,3.939197,7.172669,-7.195163,-5.159931,1.646087,4.158204,-1.151932
resume_1783,-7.360960,8.662445,-3.057857,6.855170,-1.681649,-2.777149,5.890728,-4.198779,-0.281471,8.505179,9.616656,1.848918,7.870654,7.407321,-7.683513,-8.248034,-0.205095,2.979354,8.121065,-7.981954,-4.401310,3.427369,4.244629,-0.686918
resume_1784,9.707104,6.803296,7.627745,-8.290385,-0.670895,6.729731,2.738446,-5.965957,1.476082,6.864987,9.684278,-7.530586,0.184921,-3.755967,-3.711672,0.378784,-5.809972,8.067088,5.127171,-2.840964,-6.319500,-4.056587,1.598184,5.966540
resume_1785,5.685048,-1.877627,4.461754,3.070128,-1.936160,2.554698,-7.336920,5.992267,-9.238696,-5.478778,2.372148,-6.531956,-6.597187,4.909626,0.198463,-7.885768,1.780891,4.807399,-5.940879,6.192339,-10.408023,-0.518813,1.181307,7.697237
resume_1786,-6.566503,9.001013,-2.161477,6.593224,-2.227204,-4.226077,7.109074,-3.658008,-0.400795,8.931319,9.702459,1.907531,8.541527,6.427422,-8.223268,-9.348727,0.427603,4.504088,7.890516,-8.332205,-5.131355,3.615249,4.170755,-0.602363
resume_1787,-7.584280,-0.611685,5.036264,-6.607833,-8.421467,2.324152,-0.978321,-0.956971,4.535815,3.576066,1.004640,2.788783,-8.051683,-8.414852,8.947193,-0.179341,1.808906,-4.618646,-2.463835,-3.999384,-6.067734,-9.277603,7.496856,8.485008
resume_1788,9.283819,6.954018,8.091907,-7.414209,0.450646,6.019522,1.439984,-5.685747,1.627761,8.327261,9.739155,-8.779407,0.516415,-3.763601,-4.601298,1.585733,-7.057081,7.999769,5.947285,-2.297470,-6.438563,-4.977041,1.980812,6.452288
resume_1789,-7.280956,8.447057,-3.660417,6.564050,-1.688526,-2.705548,5.348413,-4.299448,0.233494,9.347804,9.562650,3.292275,7.793226,7.295344,-6.111384,-7.946120,0.524615,2.873164,7.903156,-7.203736,-4.936576,2.797289,4.631463,0.485289
resume_1790,-7.690514,-8.842157,8.093052,2.782740,-7.839712,2.462274,-7.559658,-5.449147,0.406552,-3.126759,-3.483092,4.003489,-1.523508,4.827935,3.918454,-6.403216,-1.041869,4.192629,2.379424,-0.696444,8.766863,7.357283,-0.231133,7.049443
resume_1791,-7.454487,9.615959,-3.849376,5.179843,-2.939204,-3.311433,6.376339,-4.641987,-0.300636,8.689943,10.147060,2.707773,7.981107,7.872615,-8.095530,-8.080593,-0.277747,3.645372,6.958557,-8.502557,-4.444098,2.408913,4.012036,0.059933
resume_1792,9.797327,7.907713,7.854078,-7.888960,-0.642147,7.586995,1.512257,-5.551311,1.630028,8.192810,9.528863,-8.775251,0.058227,-3.360347,-5.236985,2.716704,-7.748710,8.481109,5.783693,-3.378497,-5.983913,-4.610929,1.932850,6.527099
resume_1793,5.939005,5.246461,2.028961,9.060661,-4.919449,-6.103060,6.725184,-6.668931,3.865687,1.004290,-1.275903,-1.181915,0.870690,8.965681,-6.356837,0.614494,-5.880254,-7.950882,-9.275004,-7.273666,-4.338744,6.062736,-8.204277,6.878387
resume_1794,-8.963527,-7.382985,8.525260,2.358948,-6.873387,3.623403,-7.320180,-6.223719,1.798299,-2.991966,-3.664589,4.836229,-2.991424,4.679197,2.857502,-6.667001,-0.790028,3.052510,1.340218,-0.142204,9.400763,7.425166,0.460778,7.544149
resume_1795,-7.479649,9.134850,-2.858927,5.582569,-1.439240,-3.966763,6.461320,-4.325309,1.017143,8.726838,10.036518,3.167563,8.029084,6.220828,-7.226610,-8.692959,0.381283,3.622704,6.480579,-8.426589,-6.325523,3.686359,4.041932,-0.608122
resume_1796,-7.876846,-1.114197,4.897453,-7.716830,-7.727863,0.132186,-0.304749,-1.155787,5.254314,3.777064,-0.334638,2.109548,-7.945972,-8.087541,9.800148,-0.263291,1.861849,-5.572051,-2.211333,-4.577984,-5.538321,-9.642361,6.377750,7.741949
resume_1797,-3.544901,7.401858,-8.431074,-2.193778,-1.628921,-0.705890,8.481953,-1.012588,-7.295546,2.835355,0.434620,-1.656494,6.025856,-0.521904,-2.682673,7.799770,-2.916552,5.796826,1.671095,0.837609,10.250034,8.378178,-9.970463,2.501517
resume_1798,-8.520915,-9.186496,8.862970,1.459740,-7.266735,3.638462,-6.471006,-6.332498,1.429125,-3.552858,-2.939916,4.740501,-0.449664,4.939792,2.826012,-7.432611,-1.062413,3.396724,2.831846,-0.178245,9.486477,6.859428,-1.009797,8.179615
resume_1799,-7.543961,-0.419232,4.712777,-7.393542,-8.480106,2.241326,0.602889,-0.640522,5.590963,3.070141,0.410337,1.274549,-7.591425,-8.554707,7.964148,0.295708,2.658420,-5.986176,-2.019712,-4.649025,-5.027595,-8.898026,6.724748,8.008187
resume_1800,-7.578224,-0.832472,4.380848,-8.061100,-8.039153,0.857639,0.014196,-1.989302,4.852947,3.068925,0.155090,2.925806,-8.344336,-9.573827,9.188777,0.451561,2.201215,-6.130052,-1.626237,-4.723093,-5.315375,-9.383729,6.404509,7.319310
resume_1801,-2.386612,6.702282,-7.474885,-1.031596,-3.760910,-1.162146,7.739661,-0.863490,-7.540148,3.053273,1.874742,-2.337703,6.347881,0.027136,-2.507824,8.162876,-1.097539,5.815911,1.744670,0.835159,9.188831,8.314400,-10.346812,2.151665
resume_1802,9.313756,7.828879,8.698940,-9.040626,-0.900674,7.639227,1.139884,-6.484560,2.013164,8.173107,9.633933,-8.870424,0.380476,-3.342012,-4.852236,1.778732,-6.504623,8.125701,6.312451,-2.804951,-7.423090,-4.821908,2.828519,4.990002
resume_1803,5.373299,4.724941,1.637456,8.212831,-3.343369,-5.993013,6.888066,-7.022383,5.119326,1.807795,-2.590182,-0.998876,2.443034,8.249177,-5.696717,0.391625,-5.318659,-7.779547,-9.870568,-6.653751,-4.612375,4.232484,-8.134817,5.055167
resume_1804,4.958951,-2.575145,3.427253,3.493473,-1.655046,2.012433,-7.163229,5.802090,-10.012181,-4.256100,1.694392,-6.739744,-5.871632,3.920215,-0.172544,-7.646968,1.223759,3.834864,-5.430303,6.934402,-9.790072,0.020635,1.419066,8.604647
resume_1805,4.419095,5.236667,1.909125,9.091930,-3.937571,-6.141054,6.496135,-5.371142,3.106126,1.911934,-1.842026,-2.055848,1.279803,8.482040,-5.539027,-0.393207,-4.968133,-8.241699,-9.744723,-6.969795,-3.673050,4.558396,-8.262544,7.259779
resume_1806,-3.413764,7.601180,-8.445226,-1.960659,-2.153627,-1.017183,8.149481,-1.167664,-7.740776,2.047509,1.564544,-2.964197,6.194118,-0.023119,-2.930803,6.740529,-2.009943,5.155332,2.841779,-0.073639,8.553549,8.442038,-10.038620,3.105408
resume_1807,-8.215575,-8.644078,9.366751,1.535968,-7.398356,3.004959,-7.426321,-6.351815,0.996565,-3.875159,-3.587340,4.279647,-1.406439,3.877712,3.077984,-5.726226,-1.355868,2.096535,2.577317,-1.123628,8.956060,6.900663,-0.230572,7.645825
resume_1808,8.765879,7.583495,7.432612,-9.095480,-0.292322,6.497524,0.335378,-6.061341,1.081630,6.737953,10.561446,-8.432413,0.004370,-2.602673,-4.814145,2.392386,-5.608059,7.550268,5.803690,-2.733490,-7.354365,-4.767875,1.350068,6.708620
resume_1809,-8.939928,-0.620979,5.211905,-7.427496,-9.232249,1.906462,-0.216002,-0.294016,5.069080,3.608151,-0.355484,2.684970,-7.512519,-8.005922,8.398138,0.253376,2.350318,-5.736507,-1.131830,-4.728584,-4.275189,-8.754259,8.365373,7.871137
resume_1810,-2.480384,7.678142,-7.575680,-1.421335,-3.027927,-1.800425,7.853167,-1.349758,-7.635018,2.466302,0.530582,-2.411266,5.615379,-0.571273,-1.608985,7.985974,-3.170934,5.098886,3.231113,0.886451,9.466491,8.920149,-10.721646,3.178369
resume_1811,5.710618,4.017056,2.218848,7.536761,-4.587909,-5.124559,5.788329,-5.368223,3.910569,0.888355,-1.888937,-1.632843,0.905611,7.244695,-5.851180,0.873066,-6.423445,-9.072652,-9.058709,-8.107913,-3.762824,5.173911,-8.712741,6.923262
resume_1812,10.407487,7.874201,-5.653059,8.938264,-1.584253,9.296318,-6.180059,-3.417684,8.993774,-6.857098,-0.037518,-4.146899,6.770437,-8.143035,-7.707577,-0.259652,5.125955,-8.355579,1.508044,-1.727433,4.466872,-1.471438,-3.959202,-0.612677
resume_1813,9.335728,6.526880,7.989699,-8.179469,0.026174,7.114939,0.187179,-7.139650,1.320422,7.179421,8.366495,-8.333157,-0.270310,-2.953382,-3.901802,2.219769,-7.901372,7.114539,5.189146,-3.360340,-6.314126,-4.791889,1.617519,5.971323
resume_1814,10.779396,6.444765,-5.357324,9.504960,-1.764059,8.631166,-4.497420,-3.200479,9.249743,-6.798105,0.481789,-3.652089,7.235745,-7.518448,-8.081254,-0.114607,6.459950,-8.259263,1.637260,-1.780271,3.643685,-0.858877,-3.720703,0.067008
resume_1815,5.490015,4.381706,2.566951,8.815862,-4.781314,-6.508021,7.231926,-5.884067,3.421184,1.238016,-2.333053,-2.198631,1.446350,8.167898,-5.130821,1.065906,-4.927424,-8.717738,-9.468423,-7.141165,-2.978144,3.924646,-7.754913,7.398419
resume_1816,10.339196,7.591596,-5.699883,9.512831,-1.914322,7.946208,-5.505887,-3.516189,9.479550,-7.204035,0.693771,-3.570060,7.574276,-8.170001,-8.038221,0.247336,5.107376,-7.367845,2.411690,-2.738640,3.895870,-0.475321,-5.656350,-0.155450
resume_1817,10.440103,6.298092,-5.392542,9.457477,-2.054745,9.568797,-6.042079,-4.843148,9.605838,-7.048590,0.473052,-3.157199,6.077832,-9.045874,-8.033756,-0.612815,6.577606,-6.482961,1.519439,-2.824800,5.512177,-0.842960,-4.385727,1.326445
resume_1818,5.028707,5.611039,2.014078,8.542761,-4.550909,-6.505487,4.945454,-5.782078,3.883736,1.564082,-3.194508,-1.800983,-0.143048,6.511126,-4.602570,0.356638,-5.536351,-7.211734,-10.278867,-8.680542,-3.753364,3.852011,-8.304860,6.476025
resume_1819,4.611842,4.016757,1.686047,8.563740,-4.653542,-6.298485,6.614550,-7.608863,3.058809,1.490578,-1.944332,-1.707191,2.243699,7.895384,-7.151759,-0.724519,-4.841052,-9.264556,-8.949266,-8.155565,-3.698716,3.857961,-7.628109,7.335148
resume_1820,-7.763347,9.807448,-4.568606,4.836730,-1.838099,-2.828228,7.076079,-4.267898,0.746234,9.190898,9.481965,1.984433,7.381529,7.198455,-6.418860,-8.457874,0.862964,3.223871,7.313253,-8.425347,-5.623382,3.320379,4.293016,0.182926
resume_1821,-6.036444,-1.182017,5.237113,-7.723332,-8.673011,1.261423,-1.477851,0.736486,7.523669,3.688736,0.412465,3.439393,-6.603572,-7.901875,8.576684,0.282268,2.470575,-5.201229,-2.391760,-3.265844,-4.882773,-8.091928,5.996447,7.468055
resume_1822,5.892620,-3.859955,4.595670,3.932529,-1.831640,2.710828,-6.652400,5.484351,-9.349051,-4.676444,1.038203,-7.774484,-6.618870,5.706996,0.606095,-7.784299,2.028941,3.970401,-6.516597,7.299705,-9.889038,-1.526405,1.680436,7.407177
resume_1823,5.670374,4.448588,1.593542,8.716943,-6.232107,-5.556292,6.113489,-6.407793,3.489104,1.696926,-0.791051,-1.688924,0.466561,8.190806,-6.245486,0.426963,-5.149240,-6.944010,-10.252307,-7.892168,-3.637401,4.692851,-8.604744,7.136978
resume_1824,-2.716653,7.527195,-7.349573,-1.560898,-2.631831,-1.135568,8.647342,-0.524514,-8.298447,2.818855,2.074197,-3.220639,6.654564,-1.006718,-0.923759,7.508249,-1.647338,5.822013,2.903488,0.005745,9.167813,8.701207,-10.458651,3.375924
resume_1825,4.903108,5.232583,1.722539,9.065669,-4.139796,-6.035958,5.958954,-7.419179,4.087023,1.937219,-1.381264,-2.838233,-0.021983,7.305946,-5.472903,-0.157689,-3.651402,-7.613750,-8.616903,-7.322668,-4.203383,4.216206,-7.413112,6.502532
resume_1826,5.913994,4.882791,2.350616,8.350064,-4.468620,-5.755732,6.147897,-7.709359,3.015671,1.131855,-1.289475,-2.723885,1.181366,6.902410,-6.748589,0.878644,-5.383198,-7.357093,-8.264905,-7.323565,-4.638043,3.573786,-7.541818,7.456422
resume_1827,-7.566993,-8.853815,8.759999,2.511289,-7.520957,2.949555,-6.702097,-4.799976,1.637002,-3.568799,-3.048746,4.378985,-0.093432,5.593260,3.382713,-6.569802,-0.764835,2.948728,2.473315,-0.119733,10.005443,7.122592,-0.807219,9.094369
resume_1828,-8.177843,-1.712318,5.716370,-7.905711,-8.628168,1.661241,-0.517521,-0.187429,5.617443,2.530760,0.624447,0.847685,-7.412037,-7.803282,8.293264,-0.895058,1.564877,-6.078665,-3.343042,-4.004574,-6.164579,-8.702416,6.270976,7.305124
resume_1829,4.608899,4.157810,2.139765,8.503455,-4.173220,-6.588709,6.043557,-6.574848,2.621086,0.613894,-1.988372,-1.427865,1.497362,8.478237,-6.555496,0.145606,-5.779326,-7.896390,-9.298161,-9.220659,-3.108693,4.131663,-7.740304,6.266498
resume_1830,8.581103,7.268979,7.606496,-7.913555,-0.798288,6.599164,1.162099,-6.929162,1.241368,7.983899,9.121100,-9.582112,0.543259,-2.893090,-4.723924,1.935472,-8.190640,7.269461,6.275922,-2.599781,-7.221247,-5.254272,1.446854,5.614014
resume_1831,-2.685614,8.076765,-6.922357,-1.052337,-1.981236,-1.905400,8.214878,-1.506852,-9.736681,1.625215,1.780496,-2.438928,6.713601,0.198656,-1.530901,7.617825,-2.226587,5.535089,1.857306,0.260744,9.718119,9.341528,-9.129632,3.274415
resume_1832,-7.821605,8.633866,-2.846482,6.448297,-1.249591,-3.112015,7.422745,-3.965456,0.518773,7.802045,10.688974,3.564230,7.941384,7.033911,-6.578769,-8.799331,0.232484,3.961025,6.690990,-8.376881,-5.789523,3.084004,4.881654,0.104175
resume_1833,8.619740,7.981799,7.419274,-7.084359,-0.761180,6.824371,2.337420,-6.613154,2.252271,7.311093,9.627009,-7.595532,-0.326310,-3.138334,-3.600541,2.087341,-6.841138,7.516843,6.861035,-2.420796,-6.814510,-4.201973,1.582883,5.690563
resume_1834,4.764180,5.773630,0.752946,9.348780,-4.311381,-6.614460,5.709337,-7.096911,3.471268,1.058734,-1.694339,-1.652441,-0.639935,8.233493,-7.178292,-0.544454,-5.437184,-7.380850,-9.578458,-7.583032,-3.955642,4.563080,-8.187160,7.500188
resume_1835,6.300320,-3.100539,5.540772,3.640438,-1.420827,2.040014,-7.424629,6.138302,-9.177932,-3.727564,0.572919,-7.093314,-6.449523,5.371560,0.561392,-7.149765,1.311235,3.556413,-6.215883,5.699345,-9.081557,-0.236027,1.500447,7.508122
resume_1836,5.995252,-3.003550,4.082479,4.755438,-1.701798,2.267927,-7.668592,4.902234,-9.828193,-4.396385,1.186188,-6.174310,-6.605373,4.566433,0.778773,-6.941291,0.067398,3.811981,-5.909427,7.188612,-10.746885,-1.230869,2.044847,9.334045
resume_1837,7.042503,-3.062675,4.258242,3.468409,-2.221878,2.484815,-6.816165,6.320364,-9.460497,-3.417153,1.471546,-6.974903,-5.967422,5.835560,-0.589565,-7.367938,-0.024475,4.604829,-5.632920,6.226010,-8.725891,-0.401032,0.570756,7.389968
resume_1838,-7.632389,-1.110497,5.365689,-7.143688,-8.152185,0.945673,-0.460149,0.011956,4.755423,4.028054,-0.549530,2.748707,-8.065116,-8.062854,8.122995,0.091667,2.072726,-4.754859,-2.487412,-3.913685,-5.416562,-8.990795,7.329039,7.280336
resume_1839,7.372479,-3.562860,4.008018,3.535714,-1.811777,2.425373,-6.702359,6.174397,-9.505017,-4.596064,1.482525,-7.615176,-6.813521,5.203895,-0.282922,-6.801847,0.551883,3.449501,-5.502885,6.951317,-8.960325,-0.265607,0.545597,8.126998
resume_1840,-6.637251,-1.032157,5.559783,-8.374422,-9.809449,1.540905,0.511368,-0.150628,5.795815,2.963328,-0.250003,2.369685,-7.858748,-8.319516,8.346463,-0.464720,1.587717,-4.681523,-1.872430,-4.122482,-4.570879,-9.658522,7.278290,7.040039
resume_1841,5.187552,-4.286787,4.285305,3.197614,-2.075254,1.620831,-6.325614,6.273475,-9.631384,-4.540422,2.088454,-6.887192,-5.736529,4.631462,-1.131959,-7.076749,0.125699,4.160561,-5.585137,6.629840,-9.154812,-0.549405,1.050219,7.056903
resume_1842,-7.787587,8.562701,-2.261013,6.057395,-3.424721,-3.203693,7.008501,-3.954443,0.307199,8.440558,9.079588,2.725421,8.378142,7.236584,-7.187360,-8.828313,0.588881,3.193822,7.352572,-7.893501,-5.413810,2.353736,4.828868,0.118356
resume_1843,-7.410238,8.809442,-3.137713,5.520745,-2.124874,-3.624467,5.591781,-3.702185,2.260988,8.726303,10.245866,2.913828,7.962297,7.133531,-6.385796,-9.470551,0.156825,4.160912,8.824601,-8.823666,-5.263450,2.831674,5.740488,0.003614
resume_1844,6.849768,8.301226,9.160510,-8.021605,0.016566,7.246039,1.524439,-6.161444,0.615327,8.879209,8.947254,-7.333282,0.262250,-3.331679,-4.095647,1.448711,-6.891900,8.677860,6.869755,-2.084715,-6.892783,-5.331889,1.199604,5.957854
resume_1845,10.323338,7.603128,-5.437356,9.686809,-2.578572,9.376680,-5.339342,-4.045338,8.930821,-7.433520,0.673088,-2.265898,5.947840,-9.041619,-8.083461,0.968648,5.457214,-6.492653,2.690578,-2.395615,4.946221,-1.575087,-4.775472,-0.115842
resume_1846,4.720275,4.274109,1.707754,9.270142,-5.152067,-7.550655,6.358755,-6.933489,3.625841,1.556250,-2.129054,-1.634893,1.962227,8.451488,-4.952555,0.115592,-5.527356,-7.551141,-9.209957,-7.104437,-4.034052,3.877162,-9.189990,5.572328
resume_1847,-7.678183,8.862913,-2.973353,6.819885,-1.589310,-3.837207,6.427648,-3.425274,0.490625,7.331631,9.709917,2.817988,7.127222,7.280279,-8.095687,-8.396998,-0.497581,3.832532,7.359173,-8.294304,-6.915092,3.133949,4.105442,-0.160031
resume_1848,5.344539,4.813587,0.226111,8.750737,-4.621942,-6.678405,6.368035,-7.043403,4.036608,2.370127,-1.178555,-1.142403,2.179247,8.312580,-6.276455,0.383201,-4.455348,-7.591971,-9.821428,-8.076244,-3.057045,4.193737,-7.983347,6.794484
resume_1849,-7.398406,-9.026091,9.213952,3.411082,-8.044855,2.675900,-7.111204,-5.600844,2.079199,-3.420146,-3.052389,3.742881,-1.009787,4.685756,4.113767,-7.181827,-1.253099,2.736383,0.987968,-0.527806,10.247756,7.521568,0.384020,9.140477
resume_1850,9.179184,7.380781,8.012975,-8.857256,-0.812470,6.684437,1.213849,-6.165712,1.013107,7.409290,10.509999,-8.545643,0.858125,-4.760143,-5.912909,1.687547,-7.254478,9.064819,4.782824,-4.004243,-6.209771,-4.750984,1.362240,5.623309
resume_1851,-8.116374,9.466964,-2.816928,6.408132,-2.108853,-2.273919,5.425204,-3.791496,0.215473,8.765282,9.285823,2.049789,7.881032,7.855313,-7.481344,-9.381387,1.136004,4.480739,7.283149,-7.766915,-4.646697,2.281401,3.948322,-0.674677
resume_1852,-7.527579,-9.635813,9.050535,1.129689,-8.326620,3.946541,-7.677674,-6.134576,1.350398,-3.185838,-2.293289,3.837947,-1.685572,3.186661,2.902621,-5.878984,-1.427663,3.281578,1.114066,-1.454099,9.603609,7.450514,-1.112865,7.681160
resume_1853,8.189365,5.550469,7.839149,-6.383505,-0.603949,7.971604,1.346375,-5.115174,2.250242,6.889363,10.022915,-7.620870,0.038132,-3.268614,-5.746013,1.817261,-7.323586,8.610795,6.419278,-2.906931,-6.943468,-4.967240,2.220040,4.531633
resume_1854,-8.191049,-0.544419,4.762025,-7.805642,-7.542313,1.464717,-0.825616,0.006456,7.335612,3.873103,0.345571,1.207359,-6.099505,-7.844132,9.118607,0.006230,0.751416,-4.537261,-2.339209,-4.128356,-4.274187,-8.533218,7.334596,7.189906
resume_1855,-2.601824,7.221501,-7.093254,-2.495495,-2.983509,-2.453671,8.454138,-1.457826,-7.457688,2.315744,2.413691,-2.386465,6.104239,0.144177,-0.594410,7.167760,-1.942228,5.737311,3.614318,0.163217,8.370431,7.685242,-9.354151,1.884718
resume_1856,-6.544177,-8.351525,8.030081,3.090958,-6.932743,3.332027,-6.668993,-6.719616,1.797543,-3.019843,-3.133432,4.574918,-0.761849,4.825813,2.401329,-4.927262,-1.478517,2.819225,1.696837,-1.010922,9.196917,7.698860,-1.163391,7.477715
resume_1857,4.853739,3.501871,1.435993,7.223584,-4.104752,-5.136200,7.080228,-7.146327,3.568786,1.055215,-0.832403,-2.344381,1.497281,6.875376,-7.049727,0.960948,-5.856217,-8.010935,-8.629835,-6.414520,-2.715060,5.095861,-7.713788,6.709603
resume_1858,10.314883,7.617672,6.915181,-8.499192,-1.458797,6.517809,1.364568,-5.632472,0.954379,6.866035,9.004840,-8.274362,-1.037523,-2.992686,-5.763925,0.977394,-7.121014,8.785047,6.044384,-2.870113,-6.332285,-3.423424,1.537836,3.911497
resume_1859,10.217506,7.016853,-5.303046,9.305934,-1.648228,9.001203,-5.239383,-3.538831,7.960046,-6.845160,0.691793,-3.436796,7.240206,-8.877698,-7.665638,0.087988,6.112287,-6.932176,1.974794,-2.298756,5.260292,-0.891255,-4.905452,0.864416
resume_1860,-7.926884,-0.358774,4.707423,-7.097665,-9.315835,1.382491,-1.418877,-1.006189,5.925489,2.809356,-0.453412,1.167125,-5.830949,-7.816875,7.153934,0.777984,2.215716,-5.585105,-1.904296,-3.854776,-3.617447,-9.868331,7.318820,7.688830
resume_1861,-7.199260,-8.103963,8.729200,1.551423,-7.134664,4.153540,-5.788495,-6.149919,1.734518,-3.415340,-2.833454,3.511126,-1.032479,4.711401,3.887988,-6.292076,-0.435312,3.842421,1.295216,-0.289112,9.710829,7.696743,-0.828723,8.165287
resume_1862,-8.404072,-9.204760,8.949926,2.535736,-7.419782,4.086821,-6.764763,-4.662024,1.559015,-3.479332,-2.852729,4.672246,-0.934077,4.916608,3.119690,-6.930229,-0.602403,3.065117,2.191469,-1.060478,10.335010,6.245983,0.527194,8.611713
resume_1863,-6.210701,9.314159,-2.849242,6.024029,-2.607787,-3.766318,5.623588,-2.682906,0.678122,8.619190,10.541240,1.191897,8.385968,7.634495,-7.943052,-9.393375,0.122470,4.095199,7.451044,-8.591036,-4.998891,2.492569,3.994709,-0.097871
resume_1864,10.836849,6.951738,-5.966937,8.688024,-0.797351,8.829579,-5.859806,-3.660355,10.079604,-6.696923,0.911296,-2.811684,8.686146,-8.867004,-8.027671,-0.322627,5.809339,-7.600546,2.129548,-1.203622,4.135617,-1.262559,-4.453844,0.233087
resume_1865,-1.618456,7.905886,-8.228864,-1.718026,-2.575363,-1.110072,8.817032,-3.055304,-8.394740,2.278248,2.045141,-2.914832,6.595889,-0.566769,-0.994897,8.439682,-2.329350,5.770559,2.433738,0.638555,9.392628,8.344258,-10.027882,3.214451
resume_1866,-6.772664,-9.131706,8.619051,3.183299,-7.830830,3.516792,-6.699888,-5.357057,1.731342,-3.158711,-3.748557,4.938083,-0.956744,4.788068,2.670210,-5.721671,-0.069116,3.742239,1.324613,-0.519766,10.758926,6.576465,-0.836461,7.600210
resume_1867,6.145471,-4.764473,4.745007,2.678052,-1.292456,2.516239,-6.799463,6.429855,-8.494924,-4.651697,2.056341,-6.313343,-7.090761,5.935615,-0.826395,-8.266757,0.822633,5.287220,-6.454347,6.239762,-10.369290,-2.093188,0.963140,8.491449
resume_1868,-6.801991,-0.616211,5.465941,-7.545443,-9.013624,1.437599,-1.305169,-0.858517,6.638105,3.401010,0.447054,1.631756,-7.631721,-7.933579,8.076295,-0.445848,2.420377,-5.483461,-3.049281,-2.889391,-5.691398,-9.414051,7.441146,8.896446
resume_1869,11.355231,7.768716,-5.958608,9.343621,-2.327872,8.946169,-4.454180,-2.694953,8.928413,-6.089425,0.086186,-2.187117,8.352322,-8.079656,-8.968217,1.652774,4.712951,-8.453630,1.881798,-2.958416,4.869557,-1.345223,-5.084121,0.209592
resume_1870,-7.406038,-1.512248,4.972827,-7.718085,-8.552202,1.823149,-1.033263,0.202628,5.694483,3.701249,-0.319523,2.565935,-8.446305,-7.685270,7.384037,-1.298827,1.788880,-4.127939,-2.310749,-3.784637,-5.964066,-7.888003,6.628584,6.889604
resume_1871,7.153761,-2.877206,4.415510,2.435078,-2.628590,3.264369,-6.617658,5.553942,-9.476855,-4.346895,1.103333,-7.032206,-7.657793,5.557007,0.183801,-7.705927,1.278580,5.610104,-5.491499,7.797839,-9.028631,-2.452969,1.241183,8.593866
resume_1872,-8.095865,7.481683,-4.436179,5.320014,-3.051815,-2.511620,5.256425,-2.794811,-0.146539,7.460963,9.571627,1.055103,7.305337,6.809610,-6.457854,-8.534030,0.541833,3.064228,8.109197,-9.041019,-5.649945,1.682479,5.076519,-0.557951
resume_1873,-6.904888,-8.433494,8.581002,3.134653,-6.905899,2.394543,-7.981121,-5.683031,1.306814,-4.273426,-2.652154,4.051589,-0.950070,4.772601,2.452485,-5.205287,-0.412850,3.778650,1.573397,-0.194636,9.887730,6.629105,-0.212787,7.712935
resume_1874,-2.547871,7.370852,-7.542297,-1.233837,-2.541717,-1.116139,8.280446,-2.517334,-8.336719,2.324567,2.619365,-3.064227,5.337886,-0.866635,-1.111802,8.152584,-3.048785,6.219896,3.121357,-0.024215,8.836949,9.355843,-9.272109,2.037450
resume_1875,-6.698205,9.683319,-4.070614,5.285716,-2.042287,-3.447418,5.947052,-3.143426,1.479447,8.285536,9.391714,1.283418,7.692238,7.753746,-7.352945,-8.213702,0.660707,3.825953,7.881054,-8.212846,-5.117815,1.580593,4.227617,-0.936836
resume_1876,-1.802523,6.332830,-7.634974,-0.655074,-1.658270,-0.670205,8.420386,-2.247432,-8.165659,2.063974,0.575109,-2.527423,6.706358,0.124718,-2.583414,7.296038,-1.829643,6.046229,2.181484,-0.152345,8.894447,10.237798,-9.360519,2.683869
resume_1877,-7.753437,-2.063387,5.113188,-7.903684,-8.065635,1.688816,0.511384,-1.157221,6.069382,3.288206,1.120037,2.371341,-7.752137,-7.330251,7.507275,0.434590,1.241331,-6.311702,-1.803221,-3.908614,-4.447873,-8.681105,6.654249,7.464299
resume_1878,-6.895384,-0.689965,4.692253,-7.770614,-8.586013,0.939652,0.080349,-0.557179,5.342797,3.958838,0.447562,1.538106,-7.886114,-7.253141,8.377448,1.181277,1.985403,-6.347962,-1.877347,-3.633028,-4.574241,-9.333888,7.016456,6.993945
resume_1879,-2.579466,7.430137,-8.186108,-1.286481,-2.257143,-2.460967,7.872773,-2.009153,-7.458444,1.736232,2.768636,-2.372082,5.765663,-0.150421,-1.440159,8.669560,-1.711561,5.674138,1.742418,1.160029,8.984094,8.723059,-9.899322,3.274733
resume_1880,6.550329,-3.953491,4.451515,3.910905,-2.469034,2.749907,-6.617608,6.131374,-9.905802,-5.582437,1.852033,-6.909512,-5.909015,5.104374,0.625592,-8.189659,-0.135132,4.497582,-5.395383,6.792669,-9.126665,-0.696318,0.262654,7.757861
resume_1881,10.798778,7.190222,-5.564081,9.681437,-1.248376,8.368950,-5.629190,-3.139084,9.294766,-7.588053,0.299052,-3.431848,8.060209,-8.227409,-8.280178,-0.451489,4.566243,-7.515720,2.093703,-1.573600,4.951189,0.276872,-5.077845,1.228364
resume_1882,-2.571813,7.433341,-7.907715,-1.086890,-2.244426,-2.112021,7.695397,-1.251991,-6.971738,1.793350,1.020367,-3.995031,6.056040,-0.056734,-2.632782,8.111621,-2.416795,5.909826,2.356307,1.209519,9.575209,8.659227,-9.723814,2.437703
resume_1883,-6.902003,8.318720,-2.919764,5.733342,-2.938050,-3.666480,6.757158,-3.907071,1.222113,9.670249,8.902565,2.109522,7.451905,6.884919,-8.681915,-9.063707,0.262366,3.728022,7.750822,-7.809473,-4.799927,3.023399,5.355110,0.220249
resume_1884,-7.393871,-0.638472,4.780902,-7.202413,-8.737350,1.211190,-0.434406,-1.150156,5.428769,2.478129,-0.474045,2.010631,-7.225733,-7.607258,8.649500,0.199894,1.914670,-5.501524,-1.732202,-4.365680,-5.165080,-9.831217,6.636392,7.190705
resume_1885,-8.258429,-9.712084,7.521310,1.917922,-7.087345,3.976437,-6.280011,-6.749223,2.133594,-4.437223,-3.722943,5.475367,-2.266746,5.184168,3.928278,-6.308552,-0.618469,3.533859,1.573561,-0.112827,10.062018,8.112378,0.270782,8.655135
resume_1886,-7.072963,8.057605,-3.677526,6.858765,-3.961556,-3.545822,7.126891,-3.794909,-0.007349,7.404580,9.808037,2.414464,8.141269,7.377982,-6.651144,-7.845254,0.072523,2.211051,7.912294,-8.557844,-6.237169,2.109322,4.361956,-0.371671
resume_1887,-5.780226,-8.816826,8.032417,2.492029,-7.479212,3.619486,-7.243158,-5.442830,1.183325,-5.202610,-2.999779,5.770353,-2.177489,4.528837,4.415849,-5.497211,-0.217199,2.390553,2.502430,-0.960410,10.545390,7.716657,0.541434,7.373338
resume_1888,-8.062649,-0.274912,5.237720,-8.372162,-7.823412,0.556103,-0.487495,-0.094208,5.169130,3.916854,-0.060322,2.425127,-7.165326,-7.514545,7.707937,-0.146965,2.311034,-4.965407,-2.429037,-4.004961,-5.391967,-9.851191,7.774711,8.357956
resume_1889,-7.047463,9.497518,-2.708955,5.837843,-1.959798,-3.463790,7.387914,-3.499658,0.586271,7.570816,9.865297,0.954289,7.869148,8.055808,-7.487480,-9.344511,0.617691,3.648981,6.852140,-8.227098,-3.676671,1.242017,5.001713,0.142458
resume_1890,-6.710965,9.493504,-3.002755,6.887513,-2.678664,-4.679339,7.001519,-3.970173,0.883036,8.719012,9.910378,2.053999,8.139925,6.995797,-6.925353,-8.509623,1.018626,3.510061,7.419689,-8.197910,-4.358140,2.026757,3.793526,-0.373407
resume_1891,-6.338576,8.306221,-4.503697,5.595491,-3.045566,-3.488450,6.941792,-4.257849,1.328049,7.789268,10.301952,1.982013,8.459721,7.339620,-7.729587,-8.729627,0.334211,2.837247,6.914131,-7.678650,-5.729875,1.414713,4.632703,-0.407357
resume_1892,9.381996,6.520123,-6.504776,9.571639,-2.128481,8.556378,-5.269778,-3.447053,8.744076,-6.392915,-0.072512,-3.961652,6.924379,-8.376759,-7.899679,-0.225131,5.045049,-7.423212,2.297625,-1.820329,4.533857,-0.299292,-4.904041,-0.952470
resume_1893,5.643585,-3.372061,4.436036,2.812690,-1.188329,1.864652,-5.932768,4.904176,-8.856209,-4.717337,0.787653,-7.694934,-7.810370,5.313675,0.115434,-6.240670,0.889282,4.922019,-6.076804,6.591179,-8.867107,-0.606391,1.372549,8.365877
resume_1894,4.722212,-3.433776,5.267410,3.975189,-1.749081,2.193245,-6.594458,6.146018,-10.414465,-5.540981,2.255063,-7.120029,-6.978769,5.675792,0.108109,-8.926399,0.699079,4.868786,-4.482895,7.043035,-9.701010,-1.008850,2.312026,8.411141
resume_1895,5.236799,-3.895841,4.656378,3.340102,-2.215366,3.254793,-7.041379,5.275400,-8.444978,-4.602880,2.093303,-6.895592,-6.544767,4.486359,-1.104406,-9.375488,1.400020,4.155521,-6.185671,6.704789,-10.752141,-0.377983,1.587225,7.208101
resume_1896,-5.839317,8.539965,-3.949261,4.862939,-1.988089,-4.288821,7.432416,-3.827687,0.729578,8.916047,9.651732,2.318807,7.248983,6.971936,-7.371642,-9.325658,1.099096,2.960717,8.232544,-8.372282,-5.282648,2.768663,4.604049,-0.531820
resume_1897,-7.218053,9.726078,-2.523519,5.714236,-2.449759,-2.555139,5.957120,-3.268639,0.979199,8.321235,8.925197,2.238871,8.517574,7.141231,-6.912257,-8.304218,-0.308936,3.648032,7.571152,-7.523336,-5.223184,2.262916,4.429044,-0.271314
resume_1898,5.059831,4.786500,0.003587,8.714186,-4.148995,-7.032312,6.619323,-6.718567,4.544397,1.411811,-2.313628,-1.331708,1.998949,7.366068,-7.298210,0.048164,-4.785394,-7.802281,-9.251009,-7.278601,-2.503833,5.872568,-8.001437,5.376127
resume_1899,-6.781450,-7.712646,7.815520,3.026580,-8.847945,3.778623,-7.305606,-4.996472,1.151009,-3.109240,-2.278042,4.435588,-0.353914,4.502029,3.260425,-5.633821,0.786583,3.052501,2.056076,-1.522338,9.898212,7.048140,-0.125346,8.481279
resume_1900,6.548324,5.483527,1.303466,8.739875,-4.789582,-5.258434,6.097618,-6.721941,3.757781,1.810846,-2.263057,-1.483384,2.178049,8.085489,-6.579611,0.256731,-5.298625,-8.865999,-9.917297,-8.729661,-3.388355,4.595204,-7.879923,6.580118
resume_1901,-8.443785,-0.423076,4.993716,-7.085202,-9.022160,2.103859,-0.174521,-0.544381,5.036350,3.479980,0.677531,2.051366,-6.889171,-8.452550,9.256705,-1.533309,2.154288,-5.293193,-2.039678,-4.287205,-5.352994,-8.088691,6.940088,7.418175
resume_1902,8.686514,6.618894,7.095339,-7.850716,-0.296073,6.607257,0.265214,-6.895175,1.165774,8.299606,9.427422,-8.009116,-0.039029,-4.025770,-6.368774,1.819087,-8.308356,7.470634,5.769709,-2.688138,-6.300379,-5.096272,1.836053,5.574197
resume_1903,-1.198591,7.649577,-7.912133,-1.907435,-1.999499,-2.069976,8.055718,-1.201090,-8.339888,1.952606,2.187304,-2.221483,7.139003,-0.918003,-2.266323,7.549320,-1.637964,5.728544,2.776669,1.091802,9.436870,9.532354,-9.350032,2.863522
resume_1904,7.921765,7.022036,7.718344,-7.997483,-0.064197,7.320183,0.241852,-4.886348,0.904823,7.943137,10.441655,-7.784482,-1.250679,-4.039335,-4.312612,1.921497,-6.816918,7.543423,5.998871,-2.294095,-7.019062,-4.751817,1.835245,6.500850
resume_1905,9.343123,7.828229,8.622701,-8.389318,-1.478969,7.126515,2.350162,-6.757107,1.801385,7.539547,9.202030,-7.316375,-0.151650,-4.388089,-5.130729,0.697694,-6.761694,8.434901,6.323369,-2.625894,-6.433874,-5.854054,2.063613,4.368571
resume_1906,-8.095511,8.702611,-3.784153,6.942215,-2.789610,-5.003215,6.415932,-4.008751,0.137612,8.451793,9.165982,2.342306,8.201556,6.847296,-7.958328,-7.296907,0.918567,4.601318,8.730587,-8.260880,-5.457398,2.636109,3.803654,0.778776
resume_1907,5.886075,4.552716,0.898677,7.450648,-3.460139,-5.881702,6.343496,-7.030586,3.193922,1.858132,-3.262004,-1.802538,1.472408,7.525732,-4.788535,-0.252092,-5.195539,-9.609061,-9.027928,-7.355774,-3.795667,4.001213,-7.837314,6.312597
resume_1908,-6.530422,9.188435,-3.287099,5.820802,-1.977481,-3.446015,6.049639,-2.974447,0.520337,8.243324,10.204361,2.010422,8.182209,7.529602,-6.692418,-9.972632,1.377877,2.296030,7.601856,-8.226886,-5.240779,2.384638,3.710632,0.848178
resume_1909,-7.702195,-0.726602,5.197999,-6.854071,-9.072126,1.472945,-0.928027,-1.158428,5.471716,2.525885,0.436231,3.391317,-7.171185,-7.643770,8.280055,-0.612733,1.685756,-5.957449,-1.599414,-3.107526,-4.607624,-10.419886,6.731131,7.616248
resume_1910,10.046109,7.018792,-5.180509,9.704254,-2.475692,8.562794,-5.658648,-4.849657,8.172190,-6.731871,-0.196763,-2.552221,6.924193,-9.009363,-8.105393,-0.547270,4.707936,-7.607382,2.896297,-1.851150,4.671354,-1.228608,-4.651327,0.152959
resume_1911,7.415393,-2.974812,4.250880,3.500019,-1.734681,2.233443,-6.442256,6.382193,-9.862654,-4.052588,1.840597,-6.259918,-7.066301,4.792473,0.474576,-7.821424,1.266950,4.578807,-6.286806,7.941753,-9.733138,-1.808316,0.810559,8.525426
resume_1912,10.570249,7.183467,-5.656612,8.642351,-1.465304,8.923523,-4.654038,-3.377211,7.490817,-7.630628,1.533628,-3.696089,7.730502,-8.889625,-7.365221,-0.303645,4.780035,-7.314962,2.176918,-2.523442,5.535788,-0.349323,-4.858785,0.713412
resume_1913,9.826386,7.904421,8.152694,-8.171001,-1.426476,7.024075,2.131003,-7.271418,1.230577,6.494999,9.746654,-7.736745,1.006300,-3.321202,-4.663129,1.313474,-6.657760,8.029551,5.574200,-3.407916,-7.489275,-4.907474,1.435072,5.139195
resume_1914,-7.231952,8.636482,-2.951745,7.821996,-2.358369,-2.828171,6.727828,-4.412942,1.077797,7.666457,10.841555,2.085050,8.042585,7.395198,-6.963726,-8.063145,-0.228566,4.105028,7.122539,-8.179594,-5.512570,2.617174,4.419974,-0.268444
resume_1915,-7.225795,10.420988,-2.482600,6.371118,-2.043673,-3.413818,7.110847,-4.373308,0.422115,7.906399,9.870968,1.941225,8.149370,6.969591,-7.620167,-8.309433,0.362141,2.855816,6.793468,-9.282415,-5.424730,1.419568,4.661422,-0.174426
resume_1916,-7.885953,9.565531,-3.814824,7.002473,-1.417935,-2.850574,5.878347,-3.812112,0.682225,9.101777,9.245557,1.951891,7.251068,7.838820,-6.949789,-8.360761,0.145083,3.102379,7.433480,-9.782103,-4.961355,2.473219,4.003604,-1.301738
resume_1917,-8.608584,-0.006233,4.339358,-7.248152,-8.785751,1.445014,0.004088,-0.411543,6.939277,2.884808,0.277308,2.933367,-7.242151,-7.682597,8.638332,0.157371,1.897718,-5.441930,-2.099815,-4.560447,-5.230374,-9.127156,6.651480,8.765630
resume_1918,-2.127631,8.348774,-8.354819,-1.222127,-1.763906,-0.907451,9.404895,-1.458303,-8.749534,2.581997,1.732985,-2.654784,7.132666,-0.723375,-1.117270,8.467613,-2.648653,5.847811,4.143959,-0.118090,9.123242,8.749131,-9.885081,2.529728
resume_1919,10.152769,7.671713,7.670325,-8.902239,-0.149366,6.951262,1.732187,-5.989223,2.005764,8.302892,9.028888,-7.260834,-1.185083,-2.586138,-5.565438,2.137159,-7.047258,7.853021,5.949537,-2.217790,-6.025708,-4.740170,2.956415,6.405245
resume_1920,5.852752,6.060002,1.000842,8.003544,-4.089031,-6.677567,6.121003,-6.810066,4.206512,2.384973,-1.287038,-1.650844,0.725946,7.182146,-6.097869,1.340905,-5.268138,-8.084447,-10.097614,-7.784981,-3.975747,4.540972,-8.029187,7.751379
resume_1921,8.671054,7.613974,8.430598,-7.795645,0.232544,6.954530,1.985681,-6.055225,0.366166,7.574029,9.797807,-7.461527,0.160757,-2.877196,-5.403801,1.471892,-6.579560,8.371078,5.528508,-3.001172,-6.781931,-5.638273,1.345628,5.165553
resume_1922,-2.098750,8.451077,-6.932239,-0.958129,-2.027422,-2.008651,8.194022,-1.770727,-6.925109,3.584967,1.815792,-2.062558,6.192413,-0.589090,-1.689126,7.713565,-2.212936,5.248891,1.512303,1.118505,9.960711,9.327233,-9.591765,1.816480
resume_1923,-1.282348,7.068040,-6.805273,-1.779925,-3.024247,-1.274548,7.741133,-2.364690,-8.757075,2.188036,2.104672,-2.222586,5.464133,-0.366679,-1.695997,6.475394,-2.125537,5.593694,2.611055,0.080155,9.486861,8.977830,-9.671445,2.558349
resume_1924,8.722724,7.471369,7.549933,-8.369903,-0.827850,6.637571,0.990154,-6.583403,1.614799,8.889135,9.435359,-8.862489,-0.593210,-3.050543,-5.629837,2.253507,-6.168378,8.075800,6.010128,-2.971610,-7.392139,-3.098245,0.458125,5.921750
resume_1925,4.788692,4.148294,2.265557,8.306035,-5.129794,-5.691430,5.606338,-6.721623,3.993986,0.515405,-1.700163,-2.303722,0.275592,8.152794,-6.722591,-1.203612,-4.468188,-8.646451,-9.534725,-7.448459,-3.681900,4.296144,-9.026951,7.451625
resume_1926,6.502931,-3.980612,4.191926,3.922872,-2.712091,2.203927,-7.702210,5.854120,-9.872004,-5.029457,1.312373,-7.262613,-5.880727,4.831980,-0.835123,-7.257120,0.768769,4.715429,-6.253471,6.662228,-9.081969,-1.385295,0.700674,8.712892
resume_1927,-2.173868,7.895973,-8.177255,-1.368116,-2.705190,-1.553675,7.554368,-1.558767,-7.506898,2.681763,2.892492,-1.605339,6.049383,-1.277595,-1.843935,7.767205,-1.556649,5.238389,2.098817,1.732357,9.614742,9.234620,-9.882110,2.681409
resume_1928,8.209092,7.060840,7.970366,-8.517376,-0.593843,5.817803,1.203194,-6.453804,2.054067,6.763277,10.311684,-8.762863,-0.685283,-2.133334,-5.717936,1.592939,-6.942455,8.171965,5.885194,-3.784911,-7.677557,-4.199760,0.026366,5.500091
resume_1929,5.261928,5.968845,1.175403,7.550854,-4.197249,-5.806954,6.117055,-6.991053,4.870115,0.796536,-3.146346,-2.270326,0.903079,7.532122,-6.390911,0.163450,-6.308416,-8.730707,-9.203714,-8.080807,-4.303672,4.582931,-7.630693,7.214901
resume_1930,5.974845,-3.311650,3.340224,3.814235,-1.375669,2.787572,-7.371956,6.001217,-9.960892,-5.223577,2.348492,-6.910054,-5.942687,5.433835,-0.866604,-7.988782,1.518664,3.228227,-5.648019,7.942596,-9.866290,-1.383546,1.259184,7.159848
resume_1931,-6.815546,8.887139,-3.037103,6.248271,-3.093760,-3.796403,6.024286,-3.416670,0.719198,8.997253,10.425744,3.048797,8.345435,5.399404,-7.298371,-8.481171,0.285090,3.323428,6.602410,-7.894036,-5.532258,3.348620,3.860876,-0.284930
resume_1932,8.643564,7.530561,9.490159,-8.107857,-0.436222,7.893316,2.143224,-6.507269,2.059405,6.925004,9.013140,-9.039308,0.998331,-3.727529,-4.599821,2.794841,-7.524630,7.639279,5.343233,-3.380108,-7.258987,-4.567340,0.995398,6.181660
resume_1933,-6.894921,-8.642106,8.974301,1.645000,-6.898780,4.024461,-6.588600,-5.236139,1.246542,-2.654369,-3.297299,4.442009,-1.301126,5.006519,3.102690,-6.036373,-0.532633,1.853553,1.745624,-0.791355,9.091808,7.768773,-0.992249,7.991728
resume_1934,-8.151351,-0.942101,4.857809,-7.280589,-9.183474,2.003383,0.069601,0.176930,5.313522,2.980710,0.066129,2.251917,-6.894283,-6.825594,8.042868,-0.789003,2.378723,-5.874510,-1.700107,-4.708498,-5.506492,-8.474905,6.588143,6.667914
resume_1935,9.874744,7.009413,-5.583492,10.184950,-0.533686,8.775768,-5.293542,-3.803323,8.955620,-6.425155,-0.037003,-2.726946,9.121319,-9.351201,-7.886690,-0.809209,4.853276,-6.465548,1.446622,-1.925336,4.858262,-0.679260,-4.775518,0.846026
resume_1936,4.910780,2.581804,0.652825,7.702718,-3.960431,-6.313973,5.697531,-6.569761,3.821459,2.163200,-1.736700,-2.698845,1.125550,8.103359,-5.850801,0.254466,-4.455576,-8.871541,-9.620325,-7.979103,-3.699871,4.048683,-7.290147,5.723542
resume_1937,9.285190,7.492317,7.735375,-7.858421,-1.111510,7.377020,1.637174,-5.500038,1.229292,7.261213,8.401372,-6.959052,-0.734887,-3.883706,-5.277305,1.217730,-6.628091,7.290919,5.776737,-3.274841,-6.003293,-4.746074,0.814118,4.272954
resume_1938,-2.331054,6.997419,-7.362040,-1.404219,-2.293104,-1.919329,7.300732,-2.215827,-8.018697,2.729041,1.354341,-1.959226,5.953101,-0.591266,-0.941063,7.934324,-1.957777,5.821202,1.114056,0.899161,9.331885,8.644571,-9.893971,2.379807
resume_1939,-8.880340,-1.148794,5.023777,-7.721400,-8.435440,2.450466,-0.238150,-1.062319,6.227857,4.400976,-0.120734,2.343770,-7.639827,-8.543798,7.901327,0.370796,2.943365,-4.960320,-2.593672,-5.368184,-4.397900,-9.224926,7.198169,8.524260
resume_1940,8.307764,8.681367,8.019551,-7.710693,-0.888574,6.621185,1.937730,-5.655801,0.812863,7.252259,9.965595,-7.356224,-0.953736,-3.035717,-4.680261,2.349168,-6.368486,8.763103,6.500312,-2.156820,-5.893997,-5.396522,1.475563,5.796242
resume_1941,-7.759327,9.675567,-3.507621,6.210888,-1.840498,-4.286246,6.144979,-3.884837,1.118838,8.375529,9.124716,2.295011,6.912747,7.513741,-7.235917,-8.058729,-0.599705,3.863557,7.469054,-7.656813,-4.642262,2.619616,4.652125,0.303143
resume_1942,-7.462135,-1.583075,4.848245,-8.247676,-9.079267,1.802392,-0.609186,-0.451365,5.321799,3.239692,-0.400190,2.306850,-8.038284,-7.982085,8.500308,-0.625820,1.430771,-5.208102,-1.803917,-4.091131,-6.351935,-10.055610,6.797000,7.832997
resume_1943,-6.566364,-0.156008,4.852665,-7.223441,-8.349968,1.060742,-0.339293,-0.762096,6.001389,4.369348,0.574794,1.522199,-6.955706,-9.462990,9.529407,-0.269960,2.001940,-6.418161,-3.091111,-4.526830,-6.706509,-9.755358,5.660626,7.094703
resume_1944,4.650742,4.435203,1.713091,7.843033,-5.468678,-6.664030,7.644061,-6.967153,3.852601,1.024883,-2.176224,-2.149830,0.816446,8.356010,-6.285915,-0.474211,-4.900881,-6.995910,-9.838527,-7.013106,-2.927454,4.636175,-8.046086,6.509058
resume_1945,8.826911,7.894031,-5.818760,9.681732,-2.707378,7.872355,-4.651337,-4.190742,8.181982,-7.158672,0.203465,-3.248116,7.057822,-8.998524,-7.536545,0.175955,4.505437,-7.286052,2.788893,-1.443993,3.854475,-1.937831,-5.419521,-0.833679
resume_1946,-8.112972,-7.810792,7.339076,3.119065,-6.772774,2.823311,-6.303097,-6.105799,2.079509,-3.270474,-2.939966,5.938199,-1.807773,5.004476,2.388563,-6.466049,0.278783,3.193979,1.245569,-0.339499,9.467097,7.881913,0.808540,8.657920
resume_1947,-1.622311,7.644521,-8.037792,-1.737916,-2.882857,-1.972239,8.100482,-1.440943,-8.043403,1.832034,2.262931,-2.943411,6.773398,0.087176,-1.666709,7.267179,-3.195422,5.921514,2.396307,1.132489,9.858443,8.233841,-9.288112,1.391717
resume_1948,5.734831,4.269103,0.450171,8.148422,-3.346317,-6.393851,6.304955,-6.994444,4.397678,2.734523,-2.745883,-1.388526,1.805481,7.708243,-6.364151,-0.892744,-4.974146,-8.284156,-9.593145,-8.285844,-4.083902,3.711464,-7.940243,6.919261
resume_1949,8.226351,7.724307,8.248946,-8.016608,-0.634298,7.979138,1.725557,-7.055305,2.594044,7.909531,10.255265,-7.912157,0.292698,-2.453590,-3.714592,0.935129,-6.731942,8.094863,5.189506,-1.642732,-6.204875,-3.836926,1.721361,5.602397
resume_1950,-6.988019,-1.130632,5.898014,-7.750266,-8.558283,1.299110,0.181018,-0.132342,3.563478,4.420021,-0.355943,2.205959,-8.433323,-7.561865,7.771676,-0.400697,2.654682,-5.406119,-2.433187,-3.440796,-5.370690,-9.143514,7.274583,7.531595
resume_1951,5.408355,-3.319711,3.740753,4.017129,-1.831230,1.713903,-7.999702,7.053386,-9.411118,-4.099461,1.517091,-5.826953,-6.489752,5.551455,0.181461,-7.420926,0.962084,5.085457,-6.218992,6.275476,-9.570841,0.321472,1.513013,8.441017
resume_1952,5.599924,-3.747524,4.590033,3.335580,-1.672952,2.254053,-6.630636,7.126177,-9.486222,-4.388658,1.626802,-7.318043,-8.013184,5.154361,0.299074,-7.466026,0.806968,4.997184,-5.670061,6.897740,-9.338664,-0.716585,1.309598,8.025146
resume_1953,-6.964185,9.261586,-2.837895,6.371062,-2.417730,-3.627424,5.933514,-4.027902,1.710020,8.103976,10.554213,1.917184,8.374004,7.243108,-6.846268,-7.913313,-0.439605,4.338197,8.261712,-8.685830,-4.771798,2.461730,3.944467,-0.609507
resume_1954,6.002230,-3.846292,4.315934,3.617531,-2.492099,2.213004,-7.467283,6.433088,-9.051780,-4.257072,1.686287,-7.014405,-7.553931,5.469728,-0.756371,-8.916045,1.274690,5.488282,-6.487482,6.204668,-9.885408,-1.100182,1.672144,8.595141
resume_1955,9.845412,5.853678,-6.611168,9.186268,-2.512876,8.016385,-5.585524,-4.409180,9.045998,-7.444946,-0.532362,-3.174589,7.787662,-7.969982,-7.808583,0.362585,4.711557,-7.875241,1.649507,-1.077631,5.008547,-0.591424,-4.653538,0.487488
resume_1956,10.613239,6.392914,-5.796323,9.672215,-1.264628,8.912526,-6.099357,-3.382905,8.750446,-7.035678,0.401723,-2.614869,7.608967,-8.785156,-8.482144,-0.043873,5.120834,-7.575288,3.311990,-2.496812,4.397418,-0.227335,-4.844018,-0.065683
resume_1957,-8.059909,-8.463297,8.653961,1.733070,-6.380552,4.106541,-6.478471,-6.573162,0.605005,-3.129360,-2.701344,5.109038,-1.010263,4.095208,2.680044,-6.053478,-0.744003,1.237934,2.310780,-0.610579,10.114181,7.007563,0.042428,8.761037
resume_1958,8.468878,7.809073,7.847061,-7.219353,-1.311217,6.806735,1.090448,-5.429579,1.661512,8.019379,10.391665,-8.388962,0.287678,-2.611102,-5.427738,1.252766,-7.494636,8.016045,5.154830,-3.010359,-7.174602,-4.034702,2.764357,5.981386
resume_1959,5.179885,-3.250468,4.790372,3.128566,-1.949700,2.336149,-6.344730,6.288350,-8.537543,-4.154395,2.148884,-7.301307,-7.029193,5.912293,-0.190692,-7.315104,0.487369,4.064081,-5.810276,6.360593,-10.195936,-2.656746,1.254808,7.769181
resume_1960,5.103389,5.512612,1.192105,8.433745,-4.852117,-5.782607,5.875853,-5.962156,3.876390,0.834589,-2.528599,-1.219422,0.690496,7.370358,-5.553923,-0.514020,-5.263109,-7.744272,-8.840780,-7.834775,-3.240799,3.677853,-8.487468,7.421459
resume_1961,9.739408,6.402646,-5.113703,10.269794,-2.065988,8.805803,-4.726404,-4.077817,9.157822,-6.205287,0.472814,-2.576943,7.336981,-7.927027,-7.370431,-0.551949,4.957574,-7.915795,1.921518,-1.789117,3.523872,-0.849871,-5.033943,-0.945727
resume_1962,-7.378037,-9.512613,8.034240,3.352891,-7.276301,3.881782,-6.632809,-5.961632,1.379844,-3.308177,-3.415512,3.924006,-1.041729,5.175198,4.313048,-6.306152,-0.997131,2.611471,2.072025,-0.799688,9.233483,5.974682,-0.401867,8.545906
resume_1963,10.596482,7.654429,-6.651849,9.961828,-2.634821,9.424024,-4.836923,-3.861154,9.286441,-7.457948,0.324608,-1.990029,7.823513,-9.182214,-7.734365,0.111414,4.450342,-7.654263,1.849152,-2.369799,4.475396,-0.777791,-4.474094,-1.433047
resume_1964,-1.533750,7.516976,-6.549606,-1.418066,-1.730175,-1.384755,7.866742,-1.847227,-8.918752,3.144197,2.608227,-2.306894,5.976205,-0.678016,-2.279285,7.587817,-2.162346,5.758032,0.388880,-0.599738,9.435483,8.494247,-9.551630,2.049000
resume_1965,-6.893860,-7.710036,8.898080,1.747711,-7.082430,3.118428,-5.745871,-4.525304,1.872953,-3.926692,-3.218013,3.550467,-1.755117,5.168621,4.076844,-5.639285,-1.463448,2.497677,1.432266,-0.896680,10.486269,7.868845,0.485205,8.136288
resume_1966,8.772699,6.799082,8.208831,-8.490309,-0.999075,6.254649,1.710287,-6.261282,2.221331,7.681464,10.340369,-8.443557,0.771787,-3.614899,-6.380382,3.071028,-7.372997,8.683226,4.400646,-1.334627,-5.520367,-4.521739,2.067813,5.912611
resume_1967,-1.253318,8.736380,-8.344261,-1.133311,-2.445425,-1.498016,8.480115,-1.261464,-7.151491,2.294826,1.812253,-2.303601,5.860719,0.087342,-1.076993,7.442076,-1.178744,5.888674,1.956931,-0.350209,10.619117,8.749823,-9.834004,2.278729
resume_1968,-7.453558,-7.499440,7.509666,2.747666,-7.410391,3.253345,-6.778483,-6.582508,0.944377,-3.190115,-3.004532,3.921300,-2.020186,3.404901,2.912951,-5.470142,-1.011850,2.360296,1.154374,-0.736451,10.328231,8.450132,-0.395929,8.004470
resume_1969,5.129012,-4.400924,5.073685,3.922404,-1.298423,0.111553,-7.558826,5.622529,-8.688600,-4.892351,1.055324,-6.496075,-6.507601,4.901862,-1.082154,-7.565438,1.812101,4.465292,-6.392189,6.310487,-9.630920,-0.188176,0.741960,8.340732
resume_1970,6.452638,-3.452156,4.522477,3.672636,-1.855499,2.075319,-6.832042,5.752327,-8.590597,-5.014673,1.601025,-6.130721,-6.489859,4.388441,0.371827,-7.974794,1.472497,4.966936,-5.443987,6.808264,-10.006783,-1.904843,1.063122,7.795024
resume_1971,-2.319298,7.858428,-8.344385,-0.960465,-2.290369,-1.650778,7.839566,-1.728606,-7.928679,3.792252,2.681747,-2.619784,7.088252,-0.196179,-1.940190,7.423847,-2.370477,5.601669,2.751755,0.830219,9.307657,7.358734,-8.770089,1.035986
resume_1972,-8.083772,9.609017,-2.848053,6.825422,-2.051976,-3.692781,6.974597,-4.349899,1.866779,7.552683,9.609746,2.932782,8.352295,7.223406,-7.969965,-7.863049,0.233175,3.680284,6.875371,-7.722674,-5.138229,3.017056,5.153009,-0.173401
resume_1973,-6.787095,-0.813368,3.915119,-7.455888,-8.462591,1.664894,-0.952699,-0.589728,4.630602,3.264692,0.886822,2.691445,-8.024656,-7.257219,8.445483,-0.395986,1.802736,-5.901790,-1.993114,-3.575398,-6.288248,-9.816650,6.696883,6.809750
resume_1974,5.644255,-2.087188,4.809298,2.989599,-2.176090,1.914252,-7.260543,5.366551,-9.755367,-3.755355,1.861665,-7.751190,-7.346888,6.037136,-0.455220,-7.831084,0.853350,5.836119,-6.111533,6.967349,-8.741034,-0.739033,0.810379,9.103486
resume_1975,8.618683,7.500872,8.157219,-7.776350,0.005326,6.354064,2.457876,-5.963220,2.040953,8.435085,10.358660,-8.765696,0.656521,-3.748894,-5.255232,2.115423,-6.952773,7.717670,5.443007,-2.471083,-6.528652,-4.389245,1.623100,5.633275
resume_1976,8.772865,7.858084,6.450966,-9.834530,-0.931966,6.618923,1.019313,-6.577712,2.562470,6.882432,9.260609,-8.209344,1.245918,-3.465296,-4.741420,1.979236,-7.709599,7.725621,5.349292,-2.310159,-5.912920,-5.054733,1.724446,5.954037
resume_1977,-1.489543,7.305486,-7.894825,-1.878064,-2.950398,-1.642961,8.820375,-0.537624,-7.909306,1.899720,1.688160,-2.086788,5.568021,0.463774,-1.986720,7.982980,-0.598730,5.695319,2.694917,1.014034,9.274130,8.753977,-10.351912,2.474343
resume_1978,10.914586,7.100864,-5.354066,10.269633,-1.513544,8.055025,-6.099618,-4.119575,9.022939,-6.511819,0.121082,-2.716839,6.601661,-8.659274,-8.140078,-0.038272,5.051652,-8.069712,2.460324,-1.266591,5.255937,-1.287060,-4.399291,-0.193899
resume_1979,5.150042,4.695658,1.966887,7.949089,-5.414600,-6.141466,6.066634,-5.808306,4.556765,2.553503,-1.698433,-3.507523,1.419302,8.064820,-6.163790,0.952927,-4.700863,-7.523232,-9.442685,-8.042163,-3.624408,4.191747,-7.327774,6.397131
resume_1980,5.115049,4.641269,1.886330,8.199697,-4.665774,-5.291723,6.311747,-6.110080,3.043113,0.651186,-3.113897,-2.255275,2.049135,8.244959,-5.270980,0.036972,-5.692577,-8.326879,-10.448995,-7.059141,-3.710120,4.080469,-8.338048,7.582069
resume_1981,-7.870318,-0.608120,3.987203,-8.278052,-7.476187,1.528618,-0.990920,0.078556,4.696985,3.506065,0.501447,2.936458,-7.942861,-8.057691,9.135691,1.618870,1.963942,-5.416140,-2.348386,-4.375871,-5.980204,-9.013736,6.406711,7.190325
resume_1982,5.975485,4.594491,1.359782,8.371049,-5.502614,-5.073880,6.678452,-5.976141,4.058746,3.217910,-2.531870,-1.527761,2.108101,7.938595,-6.260541,0.013198,-4.895756,-8.176581,-8.861420,-7.104129,-3.814167,4.313737,-7.087849,5.979906
resume_1983,5.051317,3.407661,3.300151,10.188710,-3.161581,-6.070185,5.826618,-6.527039,4.738877,1.800069,-1.447683,-1.089998,1.697496,7.605266,-6.507823,0.731642,-4.640119,-6.794900,-9.331349,-7.939076,-4.116314,3.625022,-7.844817,5.456908
resume_1984,-7.434274,9.695346,-2.911069,5.851820,-1.691352,-2.405329,6.340418,-3.664915,0.693826,9.334947,10.237052,2.038983,7.721947,6.994350,-7.888923,-8.887763,0.800304,3.478834,7.411469,-8.761965,-5.947862,3.923516,4.569799,-0.110588
resume_1985,-8.282964,0.010389,4.678898,-7.679850,-8.365616,1.655878,-0.572398,-1.669236,4.561903,4.553310,0.718078,1.202262,-7.977166,-8.037259,8.228814,-0.849711,2.751855,-5.753102,-1.670323,-3.924161,-5.583773,-9.179617,7.522083,7.803968
resume_1986,4.785983,5.405208,1.710865,7.682191,-3.850419,-6.037334,6.083519,-6.541294,2.397921,1.293778,-2.246571,-2.214568,0.872124,8.454849,-7.125805,-0.231537,-4.403118,-6.954444,-8.604976,-7.876690,-2.633019,4.626088,-7.011790,6.247537
resume_1987,-1.961248,6.820379,-6.889072,-1.249053,-2.346723,-2.024626,8.389568,-2.355604,-8.524617,2.837687,1.481806,-1.730952,6.890861,-1.083035,-1.505766,7.672864,-2.585723,5.806840,2.736373,1.185996,9.446642,7.636505,-9.527922,3.261178
resume_1988,10.403287,6.120887,-4.299724,9.205718,-2.953456,8.680346,-4.985965,-4.481631,9.712147,-6.766095,1.249656,-3.093304,6.840581,-7.713136,-7.102720,-0.391901,4.908580,-8.453056,2.433434,-1.909571,3.797361,-2.024614,-4.976053,-0.100545
resume_1989,-7.438822,-8.098619,8.112138,3.989726,-6.962229,4.089180,-7.178710,-5.967074,0.654873,-4.194141,-2.100268,4.369197,-1.434327,5.419909,3.795688,-4.865044,-2.254206,3.194740,0.510599,-2.183968,9.139661,8.069518,-0.588843,8.565484
resume_1990,5.005565,3.867698,2.044517,7.178806,-5.135888,-5.129888,6.902951,-5.496937,3.460276,2.115348,-1.506594,-2.327227,1.308242,8.028858,-6.306086,1.099411,-5.405488,-7.896080,-10.239640,-7.391824,-3.370385,3.275360,-8.413300,6.712215
resume_1991,-6.771036,8.249644,-2.473248,5.102969,-1.506887,-3.118244,6.763374,-2.905207,1.751584,8.229919,10.081435,2.354129,6.968523,7.337749,-6.108212,-10.037469,0.562336,3.444216,7.123046,-8.013525,-4.862967,1.664317,4.262161,0.635940
resume_1992,-7.157433,-9.069722,8.839521,2.278370,-6.808737,4.215034,-7.679436,-5.421180,1.829592,-3.224924,-2.808516,4.397593,-1.604371,4.062610,3.172385,-5.334155,-0.081032,4.330839,2.226881,-1.226516,9.892186,6.142015,-0.757591,7.881314
resume_1993,7.793497,7.608024,8.400983,-7.150773,0.401726,5.753734,0.994814,-5.972308,0.820383,7.708851,8.379227,-9.420319,-0.763321,-4.240094,-4.971442,2.488614,-7.158044,7.914106,6.683943,-3.505013,-6.956996,-3.987462,2.123918,6.038087
resume_1994,-1.154378,7.673560,-8.070880,-1.794220,-2.245851,-1.452226,8.008482,-2.292058,-8.774166,3.110192,1.572746,-1.877731,5.908276,-0.226601,-2.162424,8.089384,-2.236198,5.799273,2.399928,0.829100,9.633244,8.873634,-9.721079,2.503670
resume_1995,-7.745672,-0.752913,4.285121,-6.749390,-7.779787,1.535607,-1.123124,0.063608,5.033418,3.820598,1.124559,2.065220,-8.466343,-7.892907,9.711519,-0.661181,2.111900,-5.576980,-1.692920,-4.039529,-5.430683,-9.289808,5.783967,7.312297
resume_1996,4.255666,5.479275,1.005619,8.928582,-4.343570,-5.219189,6.605618,-6.556387,3.039519,0.998586,-1.519995,-2.437738,2.247206,7.505892,-5.786888,0.189947,-5.413046,-8.396084,-9.412664,-7.321289,-3.055637,4.270078,-8.095392,7.556722
resume_1997,-6.685671,-1.592915,5.280546,-8.412371,-8.479730,1.097569,-0.907914,-0.742561,5.846315,3.228113,0.238612,1.192624,-7.868851,-7.101479,9.364462,-0.686712,2.040479,-4.211499,-2.315831,-5.008845,-4.053320,-10.255648,6.476560,7.936196
resume_1998,6.852140,-4.150325,4.249110,3.554278,-2.721952,1.128542,-7.329903,6.145496,-10.487646,-4.832525,1.410149,-6.289888,-7.176260,4.771313,0.594598,-7.674143,0.335839,4.666110,-5.964824,6.939836,-9.902892,-1.154349,1.306905,7.785877
resume_1999,6.815549,-4.574180,3.952549,2.905108,-1.041935,2.941809,-7.951167,5.815040,-9.135182,-4.343371,1.659924,-6.821002,-6.455885,4.655923,-0.828018,-7.816237,0.689536,4.168406,-6.574453,6.578248,-9.423582,-1.750681,2.475582,9.089691
