id,d00,d01,d02,d03,d04,d05,d06,d07,d08,d09,d10,d11,d12,d13,d14,d15,d16,d17,d18,d19,d20,d21,d22,d23
vacancy_0000,9.886533,7.060400,-4.798998,8.884786,-0.865260,8.862792,-4.730777,-4.434520,8.276620,-7.242703,-0.047056,-4.001280,7.043909,-8.639113,-8.576413,0.344118,5.870384,-7.682692,2.063912,-2.459596,4.460606,-0.784287,-4.731584,-0.347810
vacancy_0001,4.987867,-3.856295,5.491073,2.807165,-1.876435,1.771687,-6.930206,5.980591,-9.274341,-4.503125,2.962615,-7.116772,-6.887718,5.072749,-0.452617,-8.303329,1.442961,4.629196,-6.834455,6.448798,-10.023729,-0.433242,0.025323,8.715237
vacancy_0002,-8.017149,-1.004642,4.011047,-8.145159,-8.321789,2.711028,0.668000,0.128373,6.011826,3.617866,1.479119,0.842337,-7.112688,-7.115713,8.355365,-0.043243,1.962533,-4.933670,-2.506936,-4.742489,-3.847479,-9.273839,7.379263,7.710249
vacancy_0003,-2.959517,6.902304,-6.688133,-0.454474,-2.781697,-1.531935,8.160507,-1.784166,-8.285412,1.395628,2.392772,-2.842244,7.059795,-0.863888,-2.029641,7.718567,-1.147987,4.652303,3.237810,0.395905,10.003581,9.857888,-10.049744,1.689832
vacancy_0004,-7.171734,8.818619,-1.750384,5.841305,-2.306015,-3.510867,6.292023,-4.410721,2.245662,7.976326,8.920282,2.187216,7.782748,6.292034,-7.049330,-8.577691,-0.374473,2.797503,6.880498,-9.071617,-5.794693,3.844517,3.641235,-0.058492
vacancy_0005,-6.313293,-8.073418,7.676852,2.801881,-8.513373,3.882819,-7.585478,-6.443934,1.662398,-3.325513,-3.264538,4.178772,-0.595541,4.995744,3.027310,-6.182912,-1.198897,3.550076,1.563403,-1.244328,9.598602,7.353959,0.809756,8.693182
vacancy_0006,8.397144,6.785891,7.948271,-8.322406,-1.066833,7.290577,1.981035,-6.659840,1.688608,7.923462,10.190214,-7.869704,0.307140,-3.812658,-5.124262,1.434403,-6.291911,9.022759,5.126205,-3.108739,-7.428489,-5.663532,1.105509,5.448469
vacancy_0007,4.919025,4.984309,0.405912,8.569751,-4.069350,-6.262041,6.709529,-6.219620,3.536293,1.568317,-2.514522,-1.455393,1.223534,7.875501,-6.660934,0.642035,-5.947789,-7.429595,-9.955543,-7.454468,-3.439784,5.304685,-7.762748,6.561269
vacancy_0008,5.099290,4.858166,1.390314,7.938570,-5.993434,-5.199350,6.109473,-5.527158,3.620732,0.702328,-1.961227,-2.517933,1.642459,8.723737,-6.408039,0.124812,-4.585185,-9.258336,-8.745247,-7.326020,-3.000213,5.120530,-8.045405,6.130584
vacancy_0009,9.396939,6.915477,-5.381312,9.726223,-2.507586,8.657962,-5.654162,-5.666675,10.636136,-7.171439,0.046260,-1.772429,7.068267,-7.711785,-8.650869,-0.676920,4.832441,-7.409550,2.956622,-1.922681,4.479231,-1.384736,-4.269317,1.462790
vacancy_0010,5.482825,3.473073,1.370104,8.190997,-3.889837,-6.012439,5.317873,-7.614799,3.802092,1.526689,-2.483332,-2.654912,0.597292,8.277094,-5.535241,0.182261,-5.355171,-8.320660,-9.251973,-7.982336,-4.346816,3.584846,-7.490667,6.580035
vacancy_0011,5.823695,-3.486105,3.947330,3.448371,-1.655110,2.221208,-8.866333,6.457859,-9.491584,-6.399411,1.843592,-6.574509,-5.481964,5.245355,-1.018920,-6.805357,0.810559,4.171811,-5.970585,6.036502,-9.298961,-1.011846,1.711271,7.755339
vacancy_0012,-7.988042,-8.648580,7.856242,1.825762,-7.223324,2.831315,-6.986838,-5.492355,0.718268,-4.140848,-3.296039,4.370616,-1.425025,5.707928,3.229148,-5.762944,-0.565879,3.055867,2.012443,-0.820342,9.301815,6.959375,-1.274064,8.000823
vacancy_0013,-8.544058,-8.095179,7.617625,2.330971,-7.669459,3.465647,-6.371336,-5.175302,2.195026,-3.876142,-1.151243,5.327547,-1.470955,3.925138,2.767048,-6.233126,-1.373663,3.496892,1.607440,-0.697419,9.694536,7.178566,-0.107751,8.606345
vacancy_0014,-7.045471,-7.968313,9.370866,2.404430,-7.874680,3.886963,-6.956274,-5.640476,0.637248,-3.113449,-3.726819,3.973884,-0.341377,4.304367,3.078431,-5.620799,-0.787461,3.618876,1.361546,-0.519946,10.761668,7.063718,-0.411866,6.455032
vacancy_0015,5.003537,-2.638351,4.098846,3.432770,-2.544353,2.063493,-7.199284,6.076064,-10.201721,-3.641332,1.708184,-7.395354,-6.232927,4.656705,0.500264,-7.300220,0.490879,5.185696,-6.791406,7.539580,-10.485635,-1.477848,2.695915,8.224857
vacancy_0016,6.761078,-2.943824,3.154941,2.655571,-0.919356,3.106607,-6.658377,5.670797,-9.649857,-4.974562,1.451149,-7.682139,-6.177590,5.752814,-0.133591,-7.139764,1.881993,4.561686,-5.807268,8.078428,-10.481823,-0.784972,2.292057,7.922205
vacancy_0017,5.927262,4.512582,1.472734,9.823878,-3.780742,-5.168939,6.334474,-6.981186,3.244785,1.425156,-1.825631,-2.360324,1.872547,8.782365,-5.803207,-0.325771,-4.819198,-7.736545,-9.352162,-8.703047,-2.510136,3.910618,-7.853446,7.685464
vacancy_0018,-1.046457,7.890827,-7.891712,-0.959146,-2.484430,-0.880196,8.644258,-2.479018,-7.791386,1.975218,0.888311,-2.540994,7.315237,-0.429205,-2.144658,8.241025,-1.836759,5.147376,1.924811,-0.070020,9.833893,10.181183,-9.996578,0.773940
vacancy_0019,-6.423890,8.771103,-3.184338,6.229177,-2.268300,-3.390566,5.471391,-4.388425,0.624344,8.727369,9.091830,1.614418,7.140361,6.694211,-6.903855,-8.536922,0.657964,3.428106,6.630067,-8.703304,-4.226668,1.488799,4.126555,-0.553139
vacancy_0020,7.676430,6.969931,8.643612,-8.508583,0.419074,7.284798,1.829200,-6.912702,1.118200,6.971824,8.981134,-7.447657,-0.208374,-3.787957,-4.233358,2.853109,-6.568368,8.870539,5.565188,-3.461378,-7.464757,-4.131275,0.951022,5.986400
vacancy_0021,5.999972,-1.733299,3.474216,3.742482,-2.001045,2.561966,-7.734480,5.263515,-8.926512,-4.013637,1.803640,-7.669720,-6.945580,6.101058,0.629939,-7.800948,0.040907,4.205766,-5.752021,5.425877,-10.197823,-0.793387,0.375006,8.199753
vacancy_0022,5.211843,4.815661,1.909914,8.004745,-4.108695,-5.282148,5.711202,-5.307705,4.046463,1.071266,-1.968672,-1.628975,2.429366,7.315082,-6.916841,0.791173,-5.596252,-8.769292,-9.194020,-6.824603,-3.778275,3.752602,-7.896254,6.712678
vacancy_0023,9.099254,7.805100,8.232864,-7.103469,-0.854296,6.730604,1.552653,-6.329219,-0.282055,6.994256,9.247278,-9.575021,-0.885783,-2.703533,-4.195343,2.117689,-6.997715,7.932339,5.225153,-4.159049,-7.313311,-4.389535,0.374616,4.872643
vacancy_0024,4.748581,3.929799,1.490354,8.297400,-4.263013,-5.955962,5.778535,-6.521709,4.011850,2.605652,-2.550470,-1.716230,2.351885,6.927563,-6.531920,1.061341,-5.400938,-9.309122,-8.519170,-8.265031,-3.772868,4.761348,-7.990314,7.077383
vacancy_0025,5.426513,3.804965,1.121057,8.182116,-3.962292,-6.565495,5.763436,-6.046670,3.870700,0.965632,-3.118482,-1.756751,1.608278,7.374815,-5.266647,-0.240077,-6.200876,-8.535687,-8.817605,-7.671812,-3.880150,3.964180,-6.660514,6.495903
vacancy_0026,-8.010837,-0.872429,4.727630,-8.155393,-6.706162,1.763713,-0.829199,0.063659,6.435724,3.965493,0.367285,1.668838,-7.042715,-7.265097,7.789580,-1.671156,1.487951,-5.384980,-1.878680,-4.820105,-5.412858,-9.289727,6.010001,7.566425
vacancy_0027,6.084648,-3.291763,4.386478,2.815103,-1.227402,2.478206,-6.942797,6.886014,-9.242259,-5.190749,1.645836,-6.952041,-6.094711,5.021163,0.541561,-6.958050,0.066859,4.354568,-6.543099,6.167652,-9.123337,-0.594855,1.510361,8.559857
vacancy_0028,4.702379,4.123801,1.734854,8.571516,-2.328284,-5.949836,4.867355,-7.824211,3.583491,0.779992,-2.378974,-2.222706,0.695777,8.096615,-7.320155,0.007238,-5.947287,-8.359398,-9.648949,-7.606752,-4.226140,4.460628,-8.859096,5.461075
vacancy_0029,5.153925,5.240713,1.590366,8.553923,-4.320300,-4.997478,6.141530,-5.851048,4.858229,1.061408,-2.691073,-2.381078,1.784962,7.786612,-5.944629,0.672398,-5.424542,-7.850612,-10.269095,-8.469662,-4.073123,4.460134,-8.548897,5.611133
vacancy_0030,-8.414536,-9.531792,7.779315,2.868638,-7.156046,3.899871,-6.657175,-5.479041,1.866194,-3.829644,-2.345129,4.755837,-2.203343,4.661567,3.325616,-7.099289,-0.561209,3.255528,1.589443,-1.050570,10.564540,6.440741,0.119129,7.874915
vacancy_0031,5.353385,-3.469437,4.594438,2.089836,-2.506140,0.930214,-6.460430,6.228197,-8.575744,-4.622220,-0.802781,-6.723188,-5.645673,4.000407,-1.329180,-8.550829,0.774823,4.609553,-6.143973,6.973620,-9.900180,-0.471788,1.568900,7.462504
vacancy_0032,-1.102669,7.519161,-7.258359,-0.388678,-2.057096,-1.704690,7.244071,-2.894331,-8.154174,1.678780,2.116045,-2.083235,5.564000,-1.193899,-1.898956,8.344522,-1.710555,5.288963,2.902493,0.903863,9.930060,9.173250,-9.307635,2.699120
vacancy_0033,9.757868,6.498641,-6.216988,9.506387,-0.854300,8.505203,-4.910399,-3.570626,9.308515,-7.732316,0.493385,-2.648530,7.678522,-9.550888,-7.886924,0.225237,5.855743,-6.593409,2.060105,-1.551600,4.824646,-0.739136,-4.257651,1.021170
vacancy_0034,-6.927240,-1.416594,4.929090,-8.034148,-7.452051,2.573557,-0.274769,-0.398767,4.585073,3.164666,0.649673,2.278231,-7.005620,-7.232383,9.287032,-0.258554,1.178883,-5.397906,-2.049068,-4.611680,-5.582851,-8.568075,7.118541,7.200299
vacancy_0035,10.276230,8.152909,-4.652172,9.259020,-1.831962,8.614735,-5.379974,-3.908782,8.736733,-6.304170,1.278096,-3.276525,7.750667,-8.479868,-8.190498,0.447034,4.737565,-6.600292,2.841582,-2.136829,5.182910,0.037282,-3.555254,0.439252
vacancy_0036,-2.906851,7.235866,-7.510586,-0.848852,-1.912433,-1.624194,7.172515,-2.026804,-7.873961,3.168119,1.589485,-2.214891,6.100649,-1.904344,-1.838649,7.550788,-1.337345,5.410229,3.195387,-0.403398,10.359554,8.519012,-8.965456,2.413868
vacancy_0037,-7.679738,-0.891519,5.736745,-8.428604,-8.888012,0.501531,-1.117538,-0.186349,4.972263,3.020030,0.705159,0.832589,-7.846858,-8.275517,8.915158,-0.726559,3.075420,-7.156537,-2.212603,-4.463062,-5.154358,-8.550917,6.509086,7.600703
vacancy_0038,10.725426,6.521362,-5.799915,9.742403,-1.677250,7.365235,-5.967841,-4.472465,8.695939,-6.559224,0.802075,-2.786709,6.874591,-9.474844,-7.520708,0.223373,5.201642,-7.288861,2.203304,-2.252552,5.162480,0.596118,-4.687587,-0.016274
vacancy_0039,-2.774929,7.069383,-8.079564,-1.237081,-2.343596,-0.621169,8.129216,-2.112308,-7.713018,2.219374,2.246858,-1.821453,6.144660,-0.095128,-1.498549,8.124770,-1.544505,4.991954,1.747151,0.448483,9.070994,9.280171,-9.899088,2.975022
vacancy_0040,5.925394,-3.763503,5.072601,3.030871,-1.774669,2.700711,-7.518079,6.639534,-9.482447,-4.816796,1.818657,-6.707880,-7.117444,5.251041,-0.261971,-7.633386,1.535120,4.322551,-5.795507,5.749198,-8.696966,-0.404764,1.454606,8.605403
vacancy_0041,5.420295,4.616618,2.363809,8.900494,-4.369135,-7.014245,6.598594,-6.838089,3.301491,2.466728,-1.932056,-1.828762,2.151393,9.078908,-6.244682,-0.071511,-5.371044,-7.356409,-9.892935,-7.444871,-4.084805,3.752785,-8.185071,6.209464
vacancy_0042,-7.896417,9.219465,-3.554159,5.246589,-2.418965,-3.012284,5.543434,-4.447340,1.057382,8.169298,10.282272,1.452642,8.372474,7.337940,-7.580389,-9.128119,-0.626375,3.782841,7.656277,-8.367274,-5.719614,2.644326,4.661687,0.105050
vacancy_0043,4.813417,5.886547,1.416452,9.215774,-4.781602,-6.648997,6.510871,-5.832317,3.726034,0.854298,-1.787447,-1.860114,2.394446,7.586601,-5.722508,0.739989,-5.371792,-7.756997,-9.131769,-7.069571,-4.138943,4.225851,-8.230211,6.530141
vacancy_0044,9.223455,6.918783,7.245715,-7.733785,-2.029563,7.527232,1.349057,-6.244815,2.386220,8.964636,8.625699,-7.881746,0.537394,-2.766684,-4.484873,1.377917,-7.042667,8.499273,6.168199,-3.276655,-7.035549,-4.976557,2.033746,6.655352
vacancy_0045,-2.258320,7.636729,-7.962994,-0.636597,-1.514258,-0.258008,8.400932,-1.771168,-7.529918,2.606066,1.737870,-2.983374,6.392458,-0.327726,-1.562436,8.436798,-1.663213,6.098653,3.001535,0.562112,10.013440,8.947280,-10.919565,2.839996
vacancy_0046,-1.862136,7.021578,-8.856623,-1.618110,-2.611321,-1.478423,7.219545,-1.551698,-7.041046,2.978343,1.555766,-2.288468,6.829358,-0.719959,-3.128607,8.543455,-1.450381,5.126029,2.164002,0.830640,8.862851,9.045969,-10.631664,2.277288
vacancy_0047,-6.565165,9.698199,-2.709584,5.680143,-2.004054,-3.771524,5.779525,-3.417193,0.431002,8.295233,10.035575,2.070833,8.006901,7.322507,-7.481175,-8.114408,-0.575328,2.268882,8.389736,-8.172206,-4.861383,3.207377,5.749841,0.020731
vacancy_0048,5.368374,4.230943,2.577565,9.341976,-3.982652,-6.200171,6.215126,-7.701058,3.899374,0.737346,-2.876971,-2.959385,0.951660,8.272108,-5.727247,0.335738,-4.109722,-8.183649,-8.288416,-7.648333,-3.535375,5.223986,-8.394581,6.613690
vacancy_0049,-7.055056,-9.129309,8.396319,2.865277,-7.444089,4.421667,-7.794635,-5.540268,-0.057139,-3.388968,-4.161083,3.464344,-1.605446,4.034301,3.197128,-6.165309,-0.514860,2.435179,2.206856,0.086494,9.150643,6.701205,-0.933059,8.129100
vacancy_0050,-7.631055,-8.676590,10.761837,2.421423,-8.234277,5.157835,-5.006273,-6.043253,0.646727,-3.374824,-2.849728,4.433141,-1.108791,4.608640,3.329660,-6.625697,-1.199673,4.192349,0.978440,-1.612778,9.317899,6.824175,-0.094823,7.746834
vacancy_0051,-8.100720,8.585083,-2.614092,6.521719,-2.225645,-3.179459,5.429724,-4.638586,0.892580,8.278549,9.686367,1.902114,8.531683,6.966508,-7.317368,-8.236889,-0.402847,2.537612,7.391801,-8.592431,-5.638180,3.134575,4.150579,-0.610332
vacancy_0052,9.302565,7.611177,-4.590957,8.793728,-1.723224,8.385075,-5.510655,-4.799178,8.492439,-6.441391,0.091338,-2.027193,7.204925,-9.304496,-8.248051,0.087337,6.046137,-6.709261,0.664776,-0.996102,4.379128,-0.341953,-4.552818,0.742223
vacancy_0053,-7.945865,-7.513721,9.208657,3.095830,-6.005982,3.679920,-5.698756,-6.065655,0.905776,-2.612895,-3.336955,3.881981,-1.240334,4.076214,3.161829,-5.745554,-0.838782,2.873322,3.271597,-0.188268,9.387228,7.644528,0.335669,8.994202
vacancy_0054,7.465100,7.627977,7.819349,-8.832730,-0.226868,6.988976,1.476848,-6.955681,1.845552,7.724656,9.151470,-8.115920,0.856420,-3.613042,-5.807496,1.896917,-7.571084,6.848140,5.254766,-3.119233,-7.512419,-5.632650,1.201066,6.549597
vacancy_0055,-6.624910,-0.342268,4.461881,-8.790375,-7.765268,1.463640,-0.209507,0.135127,5.571357,3.130083,-0.151750,2.186918,-7.005637,-7.729914,7.340717,-0.929164,2.271944,-6.233575,-2.461333,-4.530804,-4.255998,-8.748528,7.635015,7.399887
vacancy_0056,-7.355513,-0.954204,4.438282,-8.208305,-8.481565,1.182538,-0.654811,-0.760873,5.155220,3.861236,1.032789,1.633096,-7.705826,-8.496378,8.377973,-0.708459,1.813215,-4.756941,-2.034170,-4.816263,-5.636957,-9.095830,6.909195,6.856588
vacancy_0057,-1.798338,7.267055,-7.460654,-1.027568,-2.804774,-1.801216,9.477845,-1.845173,-9.590764,2.750158,2.300072,-1.869484,5.151680,-0.607884,-2.539020,8.022600,-2.167890,5.872806,2.277902,1.088113,9.078002,9.251761,-9.865472,0.374164
vacancy_0058,-6.762470,-0.655011,5.689389,-7.233086,-7.116990,0.610996,-0.520075,-0.284482,4.698675,3.545010,0.312624,1.410451,-8.191499,-8.094276,8.255302,-0.661196,2.147463,-5.485974,-1.918845,-5.582569,-4.203497,-8.363686,5.806073,7.832633
vacancy_0059,-7.811774,8.556537,-2.955809,6.712766,-1.833958,-3.156999,5.947140,-3.736498,0.573753,8.953217,10.596878,2.366671,8.024353,7.712607,-7.600322,-8.610108,-0.315216,3.076114,8.410340,-9.202881,-5.434484,3.336359,5.087828,0.563536
vacancy_0060,8.985042,7.185319,8.341145,-7.867169,-0.323292,7.694322,2.300347,-6.544030,1.920051,7.574039,9.367557,-8.585217,-1.022538,-3.191547,-5.417698,1.798525,-7.070242,6.187068,6.180242,-3.764254,-7.693902,-5.243147,1.783767,5.309586
vacancy_0061,5.225942,6.335952,1.659245,8.881397,-4.487656,-5.840370,6.078292,-6.638419,2.808128,2.037104,-2.317257,-2.536378,1.054628,8.349496,-5.164128,0.939335,-4.785051,-6.922447,-9.385960,-8.675589,-3.948205,3.360490,-7.702868,6.814040
vacancy_0062,-8.243317,-8.902986,10.016142,3.071929,-8.176170,3.903142,-6.616436,-6.052949,1.227945,-4.345079,-2.037021,3.878560,-0.657417,4.249362,4.003577,-6.329867,-1.196463,3.377997,1.681629,-0.006422,9.723780,6.794242,-0.728748,8.782898
vacancy_0063,-8.343072,8.476022,-2.357824,7.254591,-2.593878,-2.547980,6.012228,-4.066517,0.514131,8.172524,9.613418,1.518087,8.586811,6.226242,-8.029336,-8.963955,0.362330,3.970440,8.247093,-8.441092,-5.296103,1.877241,4.350233,-0.056767
vacancy_0064,10.138518,5.917686,-5.793829,9.544691,-1.311419,9.111845,-5.496961,-4.098660,9.042649,-6.821893,0.198084,-3.086279,7.124209,-8.944675,-7.999447,-0.022128,4.868853,-8.089990,1.600345,-1.503415,4.640380,-0.222788,-4.778524,0.865626
vacancy_0065,4.959043,4.688254,1.568693,7.016723,-4.715188,-6.389645,6.519978,-6.006961,2.552538,1.660668,-1.936513,-2.085616,1.707951,7.709632,-6.177414,0.436056,-5.306049,-7.292864,-9.508026,-7.103102,-2.750086,4.157064,-8.167327,6.347507
vacancy_0066,8.320562,7.222412,7.678980,-7.895230,-0.664706,6.362430,1.256392,-5.576649,2.497363,7.020318,9.387153,-8.145752,0.408930,-3.520465,-4.982068,2.387346,-7.159841,8.949358,5.474156,-3.348958,-6.941874,-4.821951,1.537553,6.289536
vacancy_0067,5.369154,4.824081,1.719963,8.478091,-4.152450,-5.575924,5.510873,-6.130533,3.400993,2.229371,-2.287710,-1.481400,0.610823,8.322196,-5.268885,-0.211018,-5.066464,-7.405420,-9.352958,-8.577418,-2.970403,4.553016,-7.141375,5.338840
vacancy_0068,5.701401,-3.730098,4.304554,3.404688,-1.333474,2.271281,-6.225573,5.943171,-9.217992,-4.715913,1.737610,-7.036541,-6.427036,5.068831,0.556309,-8.360339,0.206673,4.265557,-5.680311,6.787403,-10.088451,0.074294,1.508567,8.470754
vacancy_0069,-3.063234,7.107729,-7.565244,-1.693778,-2.805338,-1.261575,8.598747,-1.862527,-8.325346,1.787049,1.707051,-3.081430,6.836425,-0.564114,-3.054871,8.228591,-2.031912,7.121884,1.055053,0.427495,9.456410,8.721857,-10.047541,1.885838
vacancy_0070,9.676819,8.318757,-5.077522,9.667831,-2.703634,9.068808,-5.923646,-2.739284,9.690722,-7.848693,1.001069,-3.312608,8.105107,-7.471083,-7.840889,-0.175023,6.230583,-7.894396,2.568663,-0.502195,4.912373,-1.297017,-4.866219,0.248425
vacancy_0071,8.781726,6.297191,7.589865,-8.657553,-0.449426,7.703310,2.250628,-6.213820,2.248819,7.540324,9.995288,-8.005004,2.121088,-3.152775,-4.649627,1.946654,-7.199949,7.997518,6.398736,-3.309018,-6.443598,-5.915652,1.180320,4.937059
vacancy_0072,-6.959155,-1.503368,5.714593,-9.420951,-7.999709,1.884852,0.638277,0.609818,5.267851,3.331646,0.859263,2.577983,-6.936179,-7.763613,8.235321,-1.196255,2.589256,-6.513467,-2.319087,-4.154384,-4.622400,-9.726559,6.558093,7.854792
vacancy_0073,-8.351570,-8.509418,8.647914,1.599865,-7.453781,2.643134,-7.114934,-6.655356,0.871043,-3.719150,-3.979597,4.619251,-1.813527,4.246786,4.225463,-5.619828,-0.522799,4.895208,2.022157,-0.491578,10.116446,6.735392,-0.704484,7.288920
vacancy_0074,8.741263,7.132331,8.475626,-8.477723,-0.961713,7.855005,1.933672,-6.973383,1.513911,6.848203,9.561240,-7.861964,-0.032888,-3.810345,-5.387164,2.125860,-7.071277,9.040498,5.176436,-3.447604,-6.456659,-4.247502,1.150194,4.704748
vacancy_0075,6.614746,-2.975731,5.106806,3.497224,-0.999778,2.334853,-7.206453,6.038770,-9.236826,-3.801259,1.201392,-7.993043,-7.176764,5.240361,-0.775423,-6.814968,1.042109,4.620776,-5.975963,6.755889,-9.014483,-0.945775,1.452838,8.946674
vacancy_0076,-7.855870,0.034855,4.588550,-8.041811,-7.965429,1.269831,-0.250821,-1.501999,5.224423,3.435446,-1.333588,0.948932,-8.305738,-8.132864,8.446942,-0.227459,2.386512,-5.789798,-3.015822,-2.910504,-4.597436,-8.816765,6.993020,7.021367
vacancy_0077,10.553056,6.985886,-6.303894,9.193372,-1.907569,9.101251,-4.145441,-4.509533,8.309249,-6.781407,-0.063620,-3.843500,6.440904,-9.090790,-7.720790,-0.980932,5.841318,-6.726412,1.442549,-0.697897,4.370202,-0.600498,-3.828317,0.140290
vacancy_0078,4.763089,3.990411,2.358397,9.156817,-4.997322,-6.112556,6.304296,-6.734755,3.618141,1.154300,-1.375196,-3.918258,1.132213,9.133628,-7.350384,0.978679,-4.869619,-8.363228,-9.586707,-7.546520,-3.513238,5.287026,-9.231674,6.429699
vacancy_0079,-7.293486,-0.701326,4.554050,-8.456332,-8.842573,2.320707,-1.216161,-0.177213,4.689733,3.934250,0.572701,1.970780,-7.157266,-8.557791,8.439404,-1.258954,2.327719,-5.945010,-2.828041,-3.619026,-4.953764,-9.939856,6.972695,7.129831
vacancy_0080,-0.208559,7.098738,-7.365189,-1.147358,-2.010970,-2.078538,8.167609,-1.144281,-8.200662,2.972700,1.304921,-2.710611,6.131726,-0.636800,-3.046137,7.610559,-2.918181,6.115925,1.789616,0.722304,8.835156,8.199237,-10.794521,2.087188
vacancy_0081,-0.926915,8.770918,-6.486621,-1.006648,-1.973577,-1.821148,6.823171,-2.028596,-8.439544,2.546066,1.482813,-2.107699,6.242268,-1.028308,-1.500653,8.111001,-2.447793,5.658082,1.042000,0.177136,9.044657,8.766408,-8.835580,2.420214
vacancy_0082,-7.225471,-8.799043,9.073516,2.183635,-7.723884,3.119471,-6.924937,-6.813888,1.547132,-4.191238,-2.527593,4.385293,-0.767014,3.512006,3.444678,-5.908330,-1.253156,4.325517,0.188498,-1.231706,9.149817,7.389104,-0.007165,8.059567
vacancy_0083,-7.050612,9.082010,-2.043299,6.202653,-1.873334,-2.740314,5.031949,-3.016999,0.896587,9.176976,9.920003,1.960186,7.383780,7.798762,-7.578738,-9.082226,-0.398166,4.611993,8.524668,-8.976323,-5.121039,1.823938,4.084835,-1.454036
vacancy_0084,-7.491060,9.328328,-1.621908,5.763204,-1.548586,-2.698726,5.768276,-3.248951,0.760881,8.345867,10.797496,1.548999,7.210276,6.917924,-7.989363,-9.724031,0.390178,2.626964,6.983972,-7.355961,-6.568038,2.682011,4.718626,-0.147995
vacancy_0085,-6.572201,9.486142,-2.653001,6.462354,-3.746690,-4.106051,6.790006,-3.678051,0.902444,8.060667,9.522658,0.645527,7.949366,6.939392,-7.700739,-8.402572,0.428716,2.986554,6.685660,-7.437176,-5.975058,2.601693,5.528452,-0.156586
vacancy_0086,8.865198,6.417622,7.251634,-7.956929,0.079982,6.365348,0.826545,-6.680502,1.933764,7.232724,9.239281,-7.678788,0.176967,-2.640098,-4.354408,1.972775,-6.469551,7.962307,5.426238,-3.203407,-7.186989,-4.764559,1.974039,6.404726
vacancy_0087,-1.834869,7.761007,-8.024498,-1.325946,-2.744050,-2.046306,8.095094,-1.968276,-7.641091,2.462673,2.572233,-1.366536,6.823537,0.431544,-1.821451,8.459259,-2.888397,6.191356,2.250272,0.560714,9.823569,8.613601,-10.295110,1.868039
vacancy_0088,-7.544651,-8.009741,8.956809,2.582307,-7.481316,4.144403,-7.535136,-6.227496,0.909136,-3.555773,-2.871796,4.670107,-0.444934,3.772863,4.358478,-7.207013,-1.027348,4.051895,1.658048,0.353569,9.857612,7.200349,0.100048,8.241271
vacancy_0089,5.286835,4.027657,2.613237,8.081933,-4.248643,-6.279448,6.038844,-6.672900,3.723789,1.815160,-2.331361,-2.733523,0.887621,7.337421,-5.204386,0.184101,-5.851932,-8.275207,-9.267837,-8.463752,-4.268157,5.337732,-8.119096,7.066617
vacancy_0090,6.782586,-3.010745,4.813075,2.819515,-2.485998,2.195784,-7.261999,6.451396,-8.890855,-4.034652,2.423936,-7.096028,-7.337978,4.195565,0.337792,-7.913310,0.288855,4.810876,-5.377361,7.273773,-9.307374,-0.352900,1.180679,8.281257
vacancy_0091,-7.128971,9.015530,-3.326353,6.779515,-2.236561,-3.652807,5.708563,-4.746622,0.976801,8.814665,10.166080,2.742762,8.127681,7.330636,-7.327494,-9.022207,1.326772,2.094253,6.465598,-7.812796,-3.845838,2.739497,3.945609,0.479610
vacancy_0092,5.883856,-4.165970,4.363735,3.683613,-1.981637,1.805514,-6.957721,6.953170,-9.578953,-4.934387,0.688281,-7.057317,-8.156199,5.253982,-1.117993,-7.594540,0.811901,4.874857,-6.787224,6.960024,-8.739732,-1.227306,0.975445,8.701035
vacancy_0093,5.773069,-3.752387,3.904213,3.440007,-0.775240,2.108279,-5.946070,5.845203,-9.418349,-3.665967,1.657581,-6.507756,-7.068106,4.612560,-0.335365,-8.137726,-0.061347,4.875545,-5.904124,7.317818,-8.373042,0.135546,2.366772,8.423395
vacancy_0094,-2.106151,8.764347,-7.880143,-1.222816,-3.682786,-1.750486,7.778179,-1.412993,-7.834889,2.722135,1.917235,-2.338379,6.221814,-0.013423,-2.772570,7.924760,-1.564792,5.257289,2.227043,0.833817,8.995492,8.623146,-9.697562,2.094425
vacancy_0095,8.729789,6.303440,6.171996,-9.058892,-0.965847,7.426408,2.363977,-6.147435,1.515016,7.490883,9.862510,-7.825809,-0.210955,-3.587142,-5.799949,1.412642,-7.270051,8.137649,4.315607,-2.435821,-6.036977,-4.207116,2.015689,5.366194
vacancy_0096,-8.016083,-8.038383,7.489997,1.428633,-6.178679,4.347537,-7.580047,-5.202691,0.882187,-3.190023,-2.820890,4.313970,-0.709618,5.541335,2.507069,-6.090900,-1.226813,3.783277,1.879098,-0.511890,9.639609,6.906059,0.323702,7.224841
vacancy_0097,9.822634,7.943041,8.025475,-7.425234,-0.710886,7.395950,1.306353,-6.524726,0.274930,8.049960,9.426845,-7.262219,0.119131,-2.737878,-5.547748,0.998078,-6.519165,7.995699,4.878450,-3.855826,-6.488439,-3.968865,2.126377,4.909271
vacancy_0098,6.085052,4.242537,2.320937,8.949403,-4.680074,-5.477597,6.116101,-5.582500,2.395054,1.462022,-3.125880,-1.298855,1.592164,8.267167,-5.749945,0.424957,-5.126359,-7.601212,-9.278952,-7.209370,-3.842726,5.064399,-9.312144,6.964986
vacancy_0099,9.561144,7.251105,-4.543756,9.408960,-1.946274,9.372522,-6.161309,-3.189759,8.697627,-6.145207,-0.400358,-2.714994,7.108513,-8.600725,-7.819012,-0.622449,5.489040,-6.719523,1.135126,-0.759667,5.173256,-0.213866,-3.745675,0.509292
vacancy_0100,-8.518692,-8.917155,9.386743,1.643554,-7.334844,4.058397,-6.795864,-5.246756,1.291467,-3.587671,-3.382459,5.699137,-2.053919,4.855522,3.174109,-6.444248,-0.701542,3.381949,1.886893,-0.491179,9.511312,6.917647,-0.292593,7.776648
vacancy_0101,-7.869278,-8.279890,9.548041,2.105120,-8.454056,3.112368,-6.133666,-5.909404,0.413806,-3.155671,-2.978246,3.187275,-1.861758,3.809630,3.643375,-5.895354,-1.400776,3.057432,1.694050,-0.668926,10.590198,6.538070,0.693926,7.969348
vacancy_0102,-7.324228,-0.522595,5.099146,-7.587232,-9.342366,1.683994,-0.118348,-0.667170,4.895963,3.526970,0.581250,1.890743,-7.707244,-7.192558,8.377700,-0.419451,2.240047,-5.579128,-1.212036,-5.094442,-4.211706,-9.484221,7.372533,6.968022
vacancy_0103,-2.548926,7.329125,-8.217862,-0.642800,-1.152032,-1.337943,7.952093,-2.308834,-7.985037,2.885627,2.430135,-1.952588,6.545758,-1.263991,-2.911226,7.399830,-2.338448,4.900418,2.551120,0.828076,7.956524,8.388376,-10.319732,1.383754
vacancy_0104,-6.834624,-0.532623,4.100633,-7.750984,-8.532734,2.120800,-1.241768,-0.525092,5.244352,2.920616,0.399140,2.449592,-8.024480,-8.045341,8.629438,-0.340003,2.201011,-5.731816,-1.371020,-4.371348,-6.082238,-9.691579,7.713755,8.824413
vacancy_0105,9.524277,8.021763,8.867404,-8.086767,-0.925271,7.283494,2.173539,-7.167563,1.954849,7.664156,9.266648,-6.944878,0.432045,-3.144011,-5.257317,1.557809,-6.341024,7.529231,6.821488,-2.290262,-6.853985,-4.762052,1.464794,6.361436
vacancy_0106,10.935664,6.889566,-4.954465,9.528486,-1.702281,8.776681,-5.502285,-4.603812,8.707793,-7.242732,0.709271,-3.103203,7.022054,-9.036576,-8.433587,-0.336769,5.237735,-6.796028,2.230783,-2.064920,3.825854,1.096449,-4.603379,0.926177
vacancy_0107,9.400581,7.378021,-5.387231,8.808978,-2.271819,8.688999,-5.592687,-4.397819,8.887541,-7.652526,0.447397,-3.882626,7.337840,-8.337740,-7.830456,-1.029075,4.424374,-6.996502,2.726852,-1.779242,4.625432,-1.482273,-4.034273,0.960768
vacancy_0108,6.317525,-4.082968,4.646904,3.373190,-0.960289,2.284057,-7.801545,5.284566,-8.988005,-5.458355,1.372697,-7.533806,-7.531121,3.981098,0.398224,-7.378825,1.180736,4.699262,-5.634306,6.562221,-9.924010,-0.747470,1.902791,7.467304
vacancy_0109,8.806060,6.602227,-4.388940,9.502844,-2.215279,9.295643,-5.873218,-4.012580,8.242848,-8.130563,-0.059362,-3.142837,7.262380,-7.002929,-7.163838,-0.291461,5.645737,-6.818066,1.930073,-1.320956,5.127434,-0.531188,-4.957033,-0.609515
vacancy_0110,8.844095,6.778819,7.369289,-8.194326,-0.005072,8.208357,2.590820,-6.827405,1.430948,6.768078,8.816100,-8.618940,0.629037,-2.733346,-5.665499,1.636230,-7.000701,8.013603,5.877710,-2.392873,-6.933178,-3.795760,2.174369,6.711564
vacancy_0111,-1.959091,7.078292,-7.329412,-1.617353,-2.549432,-1.720636,7.638923,-2.498239,-8.078256,3.343180,1.781474,-2.081157,6.494284,-0.888710,-2.025412,7.921529,-2.274197,6.336847,1.018076,1.425376,9.613652,9.216580,-10.033539,1.524169
vacancy_0112,10.524566,7.236544,-5.443724,8.775662,-1.642405,9.021759,-5.891318,-2.630922,8.804638,-7.992550,-0.128330,-2.547042,6.986628,-6.991179,-8.861293,-0.222823,6.465037,-6.676586,1.915288,-1.084441,4.547782,-0.682050,-4.465423,1.052878
vacancy_0113,6.624632,-2.783121,5.078684,2.142436,-1.740357,1.276818,-7.347528,6.351182,-8.319426,-5.232802,1.988482,-5.869039,-6.713093,5.875485,-1.015070,-8.808681,0.133304,4.753982,-6.582747,7.564141,-9.892671,-1.097896,1.089083,8.566543
vacancy_0114,-8.703551,-9.085129,6.947539,2.618005,-7.026463,2.970144,-7.023782,-6.407819,2.192433,-4.131500,-2.186989,4.613356,-0.821023,4.120057,3.922054,-5.891254,-1.818832,1.664024,2.536140,-0.001226,10.442548,7.001374,0.730938,6.857734
vacancy_0115,-7.845262,-0.144480,4.935955,-8.177199,-7.882448,1.464998,-0.723612,-0.894375,5.659291,2.855832,-0.019278,2.211183,-7.158451,-7.965847,8.320463,-0.759616,3.176285,-5.768073,-2.294391,-3.963562,-4.594711,-9.238524,7.133827,7.779645
vacancy_0116,6.311294,-2.646912,4.347165,3.283081,-1.494265,2.501522,-7.009417,4.859650,-9.557691,-4.197805,1.686395,-5.669681,-7.706289,5.259760,0.150230,-7.867100,1.246997,4.654270,-5.208447,6.877987,-8.777121,-0.685649,1.140830,7.531607
vacancy_0117,-2.569722,6.371534,-8.601483,-1.457335,-3.356002,-1.023639,9.032718,-1.477571,-7.977926,2.175367,1.520456,-2.641456,5.872269,-1.373405,-2.544723,7.557485,-2.042323,5.977743,2.395252,0.763685,8.999044,7.975051,-9.536107,3.364402
vacancy_0118,5.543068,5.401372,2.129244,8.354916,-4.515294,-5.957153,5.883925,-6.746772,3.035509,0.870414,-2.348868,-1.276792,2.100889,7.256443,-6.395279,0.322745,-5.947648,-7.836242,-9.201323,-7.637045,-3.535427,4.816342,-7.895106,7.238244
vacancy_0119,-7.308564,-7.835017,8.748034,2.467012,-7.810838,3.568775,-6.204260,-6.165944,0.935989,-4.483751,-3.198772,3.626402,-1.069286,3.898509,3.770689,-6.101455,-0.404969,4.057840,2.097908,-1.094628,10.396533,6.451605,-0.881368,8.444046
vacancy_0120,-7.928204,-0.898408,4.314012,-7.515291,-8.674157,2.002642,-1.849116,-1.108292,4.750129,3.611446,0.072910,2.708150,-6.941029,-8.694466,8.807231,-0.269909,2.816526,-4.814968,-1.338362,-3.514075,-5.576147,-9.386090,7.038520,6.927267
vacancy_0121,-2.879197,7.618943,-7.219485,-1.169694,-2.825156,-2.276578,9.242980,-1.203817,-8.377595,2.320703,1.986189,-3.577855,5.828415,-0.629633,-1.932235,7.261241,-2.953387,5.446714,2.085888,0.319967,8.456666,8.862570,-9.342846,2.996401
vacancy_0122,-2.317889,6.676202,-8.070947,-1.387992,-1.569140,-1.556442,8.491746,-0.703948,-7.747250,1.485406,1.509229,-2.029950,6.040643,-0.737047,-2.255636,7.742723,-2.279668,4.905791,1.775921,0.589708,8.821320,8.509548,-9.689480,1.581632
vacancy_0123,-7.930198,-9.585144,7.324637,2.623637,-6.491029,3.735924,-7.785173,-5.315993,0.593421,-4.065483,-3.365558,3.578401,-1.748830,4.761445,3.034809,-4.715556,-1.053193,2.886243,1.439649,-2.067988,9.909238,7.137583,-1.485694,7.532006
vacancy_0124,-2.417711,7.323838,-8.214144,-0.394856,-1.278246,-1.206926,7.646204,-2.246544,-7.581218,2.009624,2.439150,-1.568167,6.790114,-0.447511,-2.730163,7.552325,-2.070027,5.320251,3.867566,1.108847,9.152270,8.787423,-10.915749,2.925913
vacancy_0125,9.236957,6.407811,7.303313,-7.258131,-0.550970,6.979334,1.364802,-7.313489,1.304637,6.966367,9.103483,-7.906400,0.211231,-2.973736,-5.280772,1.125363,-5.655087,8.303366,5.370390,-2.950321,-7.692907,-4.812116,1.602299,6.002242
vacancy_0126,-2.648498,8.189009,-7.486143,-0.972062,-3.313500,-1.988476,8.889758,-3.234220,-8.547803,3.720094,1.381645,-1.853359,7.108958,-0.617176,-2.148330,7.550765,-2.453319,5.833304,2.769902,0.251891,9.413080,8.808876,-10.497913,3.507870
vacancy_0127,-1.864710,7.672153,-7.331203,-0.950019,-2.743273,-1.441494,8.472504,-2.528187,-8.178414,2.571171,1.293388,-2.406805,5.966177,-1.108340,-1.060523,7.875027,-2.676597,5.563275,2.661927,0.332133,9.089775,9.489180,-10.265495,1.955677
vacancy_0128,5.269601,-4.385645,5.215275,3.967950,-2.326022,1.073036,-7.226825,5.741117,-9.286183,-5.071743,0.389530,-7.513362,-8.050473,5.485460,0.476449,-8.281782,1.100488,4.908971,-6.338462,6.454613,-9.361794,-0.161114,2.265394,8.804147
vacancy_0129,-7.265542,-8.434916,8.631071,2.424095,-7.973473,4.934932,-7.421640,-5.549004,1.214350,-3.751343,-3.029803,4.347462,-1.201254,4.438834,3.135477,-6.177453,-1.736225,3.518643,2.789296,-1.543466,10.002630,8.403795,-0.629787,8.189199
vacancy_0130,-8.183845,-9.535710,7.873861,1.191220,-8.217412,3.346346,-6.699033,-6.131428,1.238029,-4.009992,-2.290618,4.106751,-1.346543,4.337150,3.160342,-5.190911,-0.384704,3.585955,2.083783,-0.551341,9.550810,7.139104,-0.788983,8.771707
vacancy_0131,9.361591,7.234355,8.385958,-8.317797,-0.514597,7.341222,1.873390,-5.866148,1.701362,7.032553,8.993242,-9.121135,0.431442,-4.073691,-4.578128,2.010424,-7.479127,8.369836,4.746836,-3.273169,-7.048584,-3.883898,0.641352,5.045698
vacancy_0132,5.512521,-3.043423,4.730619,4.631417,-3.014530,1.813778,-7.322951,6.011161,-9.288669,-5.608118,2.319339,-7.663815,-7.044448,4.843918,0.559930,-7.838088,1.010744,6.246110,-5.669191,6.772809,-10.024455,-1.076200,1.916820,8.316482
vacancy_0133,9.900607,5.936661,-7.096963,10.131527,-2.288147,8.527203,-4.981944,-2.835414,9.239287,-7.925692,-0.654232,-2.808424,8.276389,-8.860884,-8.204045,0.080454,4.948800,-6.705184,2.214141,-1.485349,4.766467,-1.553299,-5.044155,-1.017200
vacancy_0134,8.455024,8.071517,7.783153,-8.788513,-0.932418,6.687906,2.273789,-6.231722,2.054767,7.383965,9.500917,-8.252531,0.806682,-3.621363,-4.579729,2.972066,-6.857087,8.617745,5.159817,-3.280117,-6.691681,-5.092753,1.681059,6.420842
vacancy_0135,9.613102,6.941135,-5.225505,9.409065,-1.361120,8.370093,-7.209247,-2.638312,8.344564,-6.322186,1.076429,-3.082024,6.955511,-9.490404,-7.147058,-0.194140,5.284160,-6.782412,1.547693,-2.396016,4.689423,-2.506011,-5.105375,-0.477090
vacancy_0136,10.586290,7.512454,-5.767482,8.863500,-1.603555,8.588724,-4.944524,-3.229972,9.841006,-7.187724,0.444669,-1.997011,6.844938,-8.685056,-7.546486,-0.493810,5.867521,-6.897052,1.649554,-2.030136,6.639341,-0.873746,-4.992179,0.199590
vacancy_0137,-2.220083,7.673114,-7.296652,-2.079878,-2.053347,-0.174712,8.047370,-2.189707,-8.643398,1.103576,1.558843,-3.152395,5.825037,-1.078500,-2.821553,8.380131,-2.550906,5.588140,1.699274,0.159564,8.733084,7.845501,-10.127953,1.990905
vacancy_0138,8.343365,6.972393,7.935732,-8.424876,-0.186370,6.472445,1.304672,-6.181933,2.487322,8.002935,8.738356,-8.699312,-0.339137,-3.583245,-5.240465,1.330315,-5.577152,7.387084,5.427314,-3.446622,-6.992624,-5.033638,0.948810,6.540525
vacancy_0139,-7.346591,-8.786041,8.057395,2.250401,-7.376366,3.946029,-6.885307,-5.724143,1.129401,-2.469478,-3.117568,4.075119,-1.971463,4.629823,4.252985,-6.028669,-0.077914,3.301687,2.410141,-1.053406,10.044050,7.475301,-0.312274,7.756355
vacancy_0140,-7.596415,-0.622278,5.678577,-8.025830,-7.975075,0.723573,-0.074801,0.516055,5.325822,2.988807,0.049505,3.205661,-7.634081,-7.394608,9.924464,-0.276857,2.833815,-5.100917,-1.585090,-4.269481,-5.395477,-9.635474,6.774879,7.005538
vacancy_0141,-7.693938,-2.334222,5.991081,-7.995312,-8.517355,1.035607,-0.831274,-0.715469,4.855406,3.454526,0.156262,3.271293,-6.686648,-8.820247,8.618287,-1.144655,2.115646,-6.200709,-2.607881,-4.102580,-4.631354,-9.124023,7.490320,7.473652
vacancy_0142,5.994965,-3.366699,3.629613,4.505858,-2.663597,2.793463,-7.302755,6.615699,-10.428622,-4.627815,-0.306274,-6.211196,-7.331735,5.516478,-0.868427,-6.624260,0.536749,4.612274,-6.048061,7.277594,-9.148753,-1.629745,1.536487,7.280470
vacancy_0143,9.965683,6.689097,-5.391403,9.998162,-2.091639,9.807888,-5.120743,-3.683659,8.928980,-6.043997,-0.725141,-2.351950,7.751078,-8.743805,-8.002143,1.117797,5.437375,-7.150332,2.583052,-1.204630,5.169506,-0.122601,-4.237775,0.255397
vacancy_0144,5.485360,4.433979,1.347064,8.891173,-4.401183,-6.038012,5.942213,-6.448141,4.431221,2.313339,-1.727216,-1.622676,1.208898,6.720568,-6.218005,-1.052527,-4.381517,-7.137049,-9.698772,-7.642532,-3.175565,4.618922,-7.893613,7.284032
vacancy_0145,9.388106,7.304446,8.809006,-7.986104,-1.908072,7.716965,2.419131,-6.348458,1.971601,7.793883,9.359327,-8.234690,-0.145593,-3.262169,-4.779327,1.093755,-5.644258,8.046671,6.202823,-2.735395,-6.604345,-4.361985,1.508686,5.152274
vacancy_0146,-7.651222,-0.209520,5.333974,-7.008000,-7.770989,1.702325,-0.481192,-0.344342,4.809198,3.638734,0.682135,2.603793,-7.669396,-7.812337,8.508417,-1.501911,1.762872,-6.428472,-2.462648,-4.642077,-5.186462,-9.455141,6.984019,7.449952
vacancy_0147,6.595174,-3.935356,4.488668,3.518099,-1.778021,2.155633,-7.371338,5.462860,-8.201698,-3.785542,0.903268,-6.874880,-5.562413,4.933443,-0.707013,-8.362937,1.447759,5.156854,-6.207477,6.143357,-9.079464,-0.892422,0.363222,7.537858
vacancy_0148,-8.274601,-0.694234,4.933546,-7.085132,-8.508988,1.902419,-0.060854,-0.292270,5.469201,3.552274,1.509861,2.335106,-7.238183,-7.321564,9.262869,-0.334023,1.703329,-6.529864,-3.183437,-4.489946,-5.729810,-8.968366,7.849926,7.008604
vacancy_0149,-8.138914,-8.712845,8.611859,1.140609,-8.342845,3.376259,-6.635876,-5.852405,1.490898,-4.195880,-3.164622,3.956828,-1.566907,4.666800,2.613037,-6.179884,-0.337337,2.456660,1.736117,-0.391778,10.008101,7.249358,0.085606,8.129788
vacancy_0150,-6.235217,8.863804,-2.284014,6.807488,-0.581856,-4.157610,6.111948,-2.956557,1.958254,7.505477,10.763242,1.350745,7.882646,7.132611,-7.259767,-7.756366,-0.684480,2.109509,8.302645,-9.576455,-5.310638,2.739159,5.131580,-0.142984
vacancy_0151,-7.264500,0.609937,6.094680,-7.464167,-8.886744,2.076625,-0.438675,-0.393216,5.407413,2.823856,0.765886,1.563601,-8.687873,-7.919483,9.345459,0.867732,3.047145,-4.754163,-2.583684,-3.797842,-5.965508,-9.833551,6.603333,8.674454
vacancy_0152,9.239074,7.033072,8.192401,-7.303157,-1.035915,7.451771,2.124340,-5.297356,1.684149,7.776145,10.504967,-8.068011,0.128395,-3.468704,-4.108593,3.108442,-6.501219,10.338032,5.683297,-2.812901,-6.664530,-4.279931,1.175173,5.909092
vacancy_0153,-2.184330,7.318893,-7.505081,-0.849623,-2.872814,-1.706721,6.781070,-1.709841,-7.763027,3.030922,2.387652,-2.604642,6.106482,-1.288472,-1.428085,7.413993,-1.180261,6.469027,3.012389,0.531606,10.387082,8.739062,-8.823887,2.571910
vacancy_0154,-8.183823,-8.357106,8.242700,2.406364,-8.441336,3.456691,-6.665896,-6.044006,1.170414,-3.859917,-3.105555,5.043178,-1.205148,4.790303,3.300649,-5.756826,-1.153944,2.435665,1.539141,-1.268940,8.593685,6.627018,-0.910681,7.598301
vacancy_0155,5.354899,4.524535,1.704883,7.479698,-4.615654,-5.690969,7.054952,-6.393634,2.417592,-0.690002,-2.403899,-1.383190,1.868551,8.458680,-6.203839,-0.319482,-5.798955,-7.590570,-9.096907,-7.810639,-4.040705,3.937589,-7.553948,6.473200
vacancy_0156,-7.829811,-0.550152,5.393308,-7.706743,-9.014362,2.389206,-0.647145,-0.128415,4.626637,4.236611,0.731850,2.895430,-7.714281,-8.274379,8.810171,-1.113247,3.072703,-4.485968,-1.354794,-3.840389,-6.530748,-9.431546,7.427042,7.915795
vacancy_0157,8.458594,7.135658,8.108263,-8.493315,-2.488184,7.857332,1.356952,-7.079076,1.528926,8.358194,10.777443,-9.019542,-0.040213,-3.196439,-4.890403,1.970905,-6.481200,7.827659,5.534513,-3.094445,-6.788011,-3.834549,1.977337,4.756251
vacancy_0158,9.049195,8.505627,7.884101,-9.322472,-0.775721,7.097122,1.976547,-6.479820,1.292844,7.701450,8.754758,-8.032224,0.565484,-2.941436,-5.089701,1.995328,-6.922571,8.082419,5.013969,-3.568650,-7.160860,-4.697099,1.531879,6.212249
vacancy_0159,-2.313467,7.788918,-7.215097,-0.295340,-2.956231,-1.515527,7.993175,-2.386574,-7.939557,1.739901,2.125002,-2.693427,6.380721,0.021766,-1.563515,8.448313,-3.350429,5.459056,2.760924,0.509428,9.056612,9.115375,-9.377328,2.510032
vacancy_0160,5.644207,-3.327338,4.321628,2.633635,-2.506494,3.144446,-7.052799,6.947628,-9.112120,-5.434460,1.899231,-6.630247,-6.785392,5.482029,-0.730168,-8.614708,0.817915,4.440909,-6.184692,6.515550,-9.932228,0.358147,0.868009,7.864953
vacancy_0161,6.348776,-4.060571,3.944760,2.008842,-1.520715,4.160604,-7.248394,5.435003,-9.035202,-4.065021,2.090095,-6.632174,-7.237501,5.433528,-0.237848,-8.196955,0.798234,4.356395,-6.043901,6.997848,-9.136938,-2.144140,1.871189,7.855561
vacancy_0162,8.307149,6.704873,8.048435,-7.778456,-0.411093,6.805777,2.389034,-5.932148,1.524458,7.431252,8.853434,-8.885032,0.077680,-3.629272,-4.720852,0.997686,-7.282085,8.378896,5.577537,-1.331801,-6.714646,-4.192093,1.426803,4.981742
vacancy_0163,-7.285586,-8.344653,8.657122,2.443443,-7.433019,4.009270,-6.257523,-6.186278,0.764217,-3.325890,-3.355726,4.703238,-1.039375,4.798095,3.489799,-6.116316,-0.679450,3.676635,2.460273,-1.469282,9.511591,7.871557,0.448282,7.078111
vacancy_0164,-6.656104,8.296209,-3.954161,5.089217,-1.807555,-3.363560,5.302925,-3.373722,0.037242,8.847268,9.864161,0.893615,8.561077,7.844107,-8.734175,-8.696716,-0.188660,3.670572,7.452604,-7.167940,-5.756628,3.798344,3.882032,-0.439996
vacancy_0165,8.363748,7.438984,7.383646,-8.365806,-1.932297,7.328789,1.948590,-5.808051,1.742146,8.011099,9.071274,-8.723172,0.934329,-4.117214,-4.735039,1.120033,-6.048170,7.492163,7.184540,-3.292479,-7.099330,-5.106116,1.621168,4.738474
vacancy_0166,5.236078,5.432627,2.626420,7.311799,-4.414636,-6.277563,6.453445,-7.030875,3.639243,1.915895,-1.543291,-1.569124,0.462366,7.711358,-6.997613,1.164628,-6.008029,-7.947869,-9.158420,-8.079359,-4.562142,5.098651,-8.473599,7.326515
vacancy_0167,-1.980382,8.484678,-8.094906,-0.633129,-2.063178,-1.749664,8.696397,-1.955587,-8.888342,1.627935,1.536600,-1.625525,7.014692,-0.126037,-1.726062,8.239472,-2.211070,6.135365,3.338502,1.088467,9.850072,9.275636,-9.446438,1.961158
vacancy_0168,-8.362094,-8.602276,8.518423,1.922113,-7.795972,3.203610,-6.588544,-5.214674,1.022801,-2.726035,-3.069145,4.224981,-1.822642,4.838290,2.933711,-6.564636,-1.052196,3.216518,2.766237,-0.812764,10.673040,6.558461,0.410680,7.716381
vacancy_0169,-7.925303,-0.558116,5.367276,-7.717969,-8.905130,1.196373,-1.011284,-0.304800,5.579566,3.982021,-0.408267,2.174670,-7.800353,-8.148470,8.948406,-0.595574,1.380024,-4.485057,-2.047289,-4.455008,-6.058957,-8.873421,6.761682,7.002163
vacancy_0170,-7.889745,-7.716393,8.696562,1.557400,-7.185148,3.844523,-7.844395,-6.199132,1.440806,-3.705879,-3.749837,4.049082,-0.917984,4.287392,3.526764,-6.272672,-0.941299,2.947228,0.864361,-0.735188,9.495932,7.312567,1.185153,9.014050
vacancy_0171,5.781650,-3.092874,3.672644,3.650337,-2.168774,0.705502,-7.744011,6.997932,-8.046955,-5.325221,1.591359,-6.582265,-7.191058,5.635258,0.005634,-7.508277,-0.458097,5.285388,-6.551981,7.107696,-9.519083,-0.340531,1.684345,8.016826
vacancy_0172,9.150821,7.753286,-6.180710,9.503661,-1.134406,8.723113,-5.045322,-3.390754,8.805326,-6.841310,0.146865,-3.343752,7.654040,-8.548798,-8.412177,0.051794,4.672379,-6.935220,2.073869,-1.056105,5.062045,-2.105491,-4.363463,0.108045
vacancy_0173,-1.805291,7.788593,-7.823266,-1.738184,-2.276827,-1.674073,7.344657,-1.613259,-7.424462,2.761359,1.575498,-2.071329,6.080074,0.666485,-0.763292,7.984891,-2.211255,5.584067,1.241611,0.075407,10.781159,8.732230,-10.282019,2.924893
vacancy_0174,5.219511,3.775501,3.278235,8.645692,-5.177516,-6.380003,6.126212,-5.734802,3.959568,1.124994,-2.791743,-0.909994,1.528344,7.682902,-6.268103,0.233766,-4.840021,-6.755295,-10.199613,-7.620678,-3.366639,4.160638,-7.824565,5.356949
vacancy_0175,9.776951,7.053414,-6.293471,10.414714,-1.373405,9.041116,-5.623762,-3.296747,8.558319,-7.510113,0.166626,-3.441369,6.103893,-8.567471,-8.532578,1.085481,4.553098,-7.179072,2.074304,-2.710136,4.741465,-1.187516,-5.080614,0.035216
vacancy_0176,5.880822,5.018592,0.794611,8.753594,-4.727391,-5.602495,6.179439,-5.892902,4.529673,1.446246,-2.714031,-2.344628,0.594010,8.362177,-6.556751,0.718462,-3.814578,-7.527980,-8.457101,-7.054209,-2.401657,4.798786,-7.580576,5.327884
vacancy_0177,9.374766,6.785859,-6.046599,9.570911,-2.666922,8.513028,-4.493458,-4.644491,8.440462,-7.459549,0.772697,-2.786614,7.370064,-7.682161,-7.371202,0.019317,5.341860,-6.716445,2.373845,-2.836253,3.948929,-0.264761,-3.793657,0.890628
vacancy_0178,7.648970,7.071295,7.600484,-9.022752,-0.679873,6.503008,1.931885,-6.018859,2.031807,7.300305,8.482144,-8.155373,-0.405117,-3.628356,-5.651102,1.110033,-6.732665,8.294041,5.614464,-3.561290,-6.426411,-3.372265,0.983215,5.973643
vacancy_0179,5.646685,6.470573,2.922037,7.910761,-5.038706,-6.173252,5.736105,-6.709733,3.715730,1.847026,-2.061241,-1.420040,1.198135,7.857152,-6.456305,0.405755,-3.995992,-7.140524,-9.424027,-7.484309,-3.362736,5.405276,-7.591352,6.406507
vacancy_0180,-6.561615,-1.527392,5.231882,-7.997598,-8.928434,1.119703,0.048187,-0.528367,6.499406,2.973044,-0.196254,1.103060,-9.039904,-7.174164,7.801962,0.189323,2.503286,-5.934905,-1.667120,-5.002704,-4.868979,-10.262512,7.776496,7.159818
vacancy_0181,-8.748161,-1.024896,4.983557,-7.237349,-6.829392,1.040038,-0.633678,-0.273171,5.715863,3.778512,0.605599,1.303477,-6.297848,-8.091023,8.820774,0.161848,1.907303,-5.621294,-2.539878,-4.132531,-4.604591,-9.617366,6.371955,7.274054
vacancy_0182,-6.602673,7.806734,-3.694826,5.908840,-2.179643,-4.657129,7.137209,-4.322965,0.433759,7.432552,9.983595,1.772378,7.734040,7.088698,-6.496840,-9.674531,0.394967,2.780181,8.036878,-8.163958,-5.457813,1.905445,4.127313,-0.030217
vacancy_0183,9.783060,6.431987,-5.078473,8.800047,-2.682962,8.606803,-5.353603,-3.668903,8.097958,-6.801434,0.696217,-3.752537,7.333735,-8.384450,-8.701798,-0.764307,4.652537,-6.241760,1.456619,-1.324293,3.415540,-0.608186,-4.297930,0.259235
vacancy_0184,9.384734,5.976140,-5.018718,9.669921,-2.185466,8.024550,-5.272691,-3.377853,8.163744,-7.426679,0.383252,-1.796607,7.346581,-7.825187,-7.378007,-0.286127,5.082604,-7.786953,2.053617,-1.395047,5.330752,-0.060709,-5.044572,-0.617439
vacancy_0185,-7.232811,-8.581096,8.810066,2.049447,-7.539313,3.694182,-6.051633,-5.710166,1.081717,-3.866218,-3.070523,4.185742,-1.356091,4.650117,3.471006,-6.199213,-1.608718,3.434054,2.061436,-0.700063,10.445712,6.676463,-1.761043,7.411450
vacancy_0186,10.952088,6.733016,-7.136417,9.458414,-1.267608,8.371913,-5.810242,-2.941524,9.202651,-7.197292,0.185354,-1.848822,7.599157,-7.565178,-6.950549,-0.395738,5.263148,-7.405953,3.266386,-2.304663,4.694498,-0.988326,-5.100368,-0.936312
vacancy_0187,5.657966,6.223541,2.771045,7.993878,-4.880894,-7.284720,6.633645,-7.236290,3.467947,1.567587,-2.617122,-1.882916,1.348776,6.574106,-6.758530,0.183517,-5.540818,-7.783759,-8.108238,-5.807404,-2.777214,3.929784,-8.400281,6.848484
vacancy_0188,5.798514,4.877333,1.470022,8.328617,-4.400691,-6.208888,6.510251,-6.533918,2.897535,1.772411,-2.384127,-2.527535,1.422841,7.466634,-6.915485,0.684147,-5.754807,-6.759809,-9.736896,-8.142419,-3.335167,3.566814,-7.870696,6.129770
vacancy_0189,-8.105048,9.900474,-3.316903,6.493019,-2.699770,-3.185073,6.945436,-3.390928,0.871284,8.393128,8.550460,1.870392,7.171464,7.139510,-7.420798,-8.916650,0.607161,2.899604,8.034612,-8.993341,-4.493360,2.873132,5.063107,-0.650897
vacancy_0190,-2.586785,7.655724,-7.044979,-1.229768,-2.621097,-1.927786,10.093498,-3.055007,-8.203166,2.148265,1.996437,-1.497116,6.097812,-1.166780,-1.651655,7.553444,-2.579919,4.153486,2.143268,0.132701,9.718224,7.883514,-8.497919,1.561032
vacancy_0191,8.321786,7.295125,8.197818,-7.664310,-1.113491,7.011064,1.829082,-7.546527,2.454021,6.536001,8.653802,-7.943036,0.722149,-4.008016,-4.092193,2.001057,-7.088679,8.267439,5.754226,-1.706287,-6.952966,-5.941769,1.997715,6.241769
vacancy_0192,-7.516201,-8.911225,8.549907,1.700297,-7.559865,4.008755,-7.039928,-6.294466,1.775956,-4.370505,-3.307430,3.359150,-1.460024,4.664161,3.240830,-5.170681,0.266563,3.989659,1.646073,-0.277642,9.854037,7.082339,0.364549,7.018286
vacancy_0193,-8.411546,-0.959138,5.031391,-8.214077,-8.130657,1.094179,-1.501581,-0.537406,5.679564,3.358518,-0.591046,1.394554,-6.583144,-8.139539,8.092934,-0.771307,2.478318,-5.962198,-2.392689,-4.181886,-5.789924,-8.226951,6.332913,7.625304
vacancy_0194,4.523704,4.357323,-0.312036,8.132664,-4.030216,-5.823240,6.464365,-6.516381,3.169033,3.147402,-2.190166,-0.473388,0.979489,7.620015,-7.047131,0.159597,-5.187216,-7.394393,-9.502424,-6.427350,-3.676042,5.413959,-7.865020,5.606968
vacancy_0195,10.419914,6.979316,-5.446560,9.943482,-1.700552,7.628002,-5.134818,-3.762760,9.615158,-6.831349,1.156350,-1.993798,7.015334,-9.090532,-7.559602,-0.162642,5.757899,-6.070315,3.133379,-2.212914,5.693448,-0.973773,-5.300785,0.535590
vacancy_0196,5.590986,4.856170,2.209024,7.892968,-5.327471,-5.930164,5.405579,-6.405877,4.724263,1.676170,-1.753487,-1.388237,1.022125,7.542349,-5.659363,1.761657,-5.131998,-9.502477,-9.993228,-7.001449,-4.190289,4.910331,-7.931735,5.950622
vacancy_0197,-7.239900,9.529260,-2.172680,6.002086,-1.938030,-2.956799,5.736329,-3.510105,1.125752,8.771554,9.108623,2.545687,7.970331,7.415016,-6.318705,-9.582742,0.884835,4.333280,7.605792,-7.495440,-5.117070,2.419001,5.269222,-1.104062
vacancy_0198,-1.842511,7.306607,-8.963717,-1.645944,-3.635200,-1.368397,6.962670,-0.875659,-8.012769,3.401885,1.047748,-2.541417,5.658741,-0.458704,-2.909345,6.748705,-1.825243,5.533692,2.766581,1.308113,10.119927,9.938856,-8.665364,1.975442
vacancy_0199,-8.349001,-8.510314,8.190419,1.748868,-6.931850,3.898580,-7.090379,-6.345353,1.727802,-3.592817,-2.890520,4.433426,-2.158909,5.426124,3.513048,-5.722129,-0.577925,3.567300,1.244569,-1.663380,10.013185,8.154802,-0.590613,7.529480
vacancy_0200,4.229919,4.617162,1.656625,8.731604,-4.385277,-6.016433,5.937616,-5.979375,3.406154,1.432377,-2.081951,-1.613360,0.398433,7.851315,-6.023351,1.222146,-5.609576,-8.161728,-9.513668,-7.443262,-3.686046,4.928805,-8.001663,6.917437
vacancy_0201,6.344200,-3.889695,4.090253,3.030696,-1.730698,2.558264,-7.416465,5.844658,-8.904855,-4.905323,0.079058,-7.963563,-6.327769,5.344632,-1.158712,-8.291226,-0.440155,4.266467,-4.561170,7.730134,-8.938079,-0.711354,1.581899,8.368764
vacancy_0202,-1.347958,7.929874,-7.831410,-1.382128,-2.159903,-1.327122,9.052470,-1.175940,-7.940110,1.900888,1.222637,-3.063783,6.611115,-0.328657,-1.792942,7.380660,-1.891089,4.954412,3.818248,1.209279,9.214672,8.171692,-10.527000,2.466595
vacancy_0203,9.503975,6.681886,-5.733669,9.506082,-1.360010,8.931482,-5.292791,-4.067116,8.181174,-6.250091,0.244479,-3.147716,7.521778,-8.098026,-8.241041,-0.098165,4.978645,-7.907501,2.501856,-1.345755,4.842056,0.025207,-4.264999,-0.302351
vacancy_0204,-2.055232,7.652048,-7.598155,-2.001506,-2.026180,-1.164777,7.364108,-1.237018,-7.865421,3.144609,1.071599,-2.571318,5.636441,-0.535864,-1.255622,6.822478,-2.693911,5.143613,2.631241,0.744472,8.805068,9.329539,-10.063656,3.430701
vacancy_0205,-7.537949,-1.103109,6.231465,-8.739430,-8.919786,0.656795,-0.549377,-0.701425,6.408250,2.565432,0.072809,1.894751,-7.177397,-8.047971,9.735681,1.201926,0.967884,-4.251208,-2.639619,-4.056800,-5.012228,-9.214342,6.888838,7.770137
vacancy_0206,8.797395,6.966287,7.648119,-9.042899,0.068986,5.857113,1.384752,-6.539528,0.396694,7.831648,8.847652,-7.781986,-0.774857,-3.521008,-5.710496,2.294262,-6.330322,7.896682,5.652445,-2.239467,-6.716969,-3.478811,2.297910,6.221760
vacancy_0207,6.612858,-3.650089,3.750218,3.741392,-1.795339,1.893171,-7.533450,5.224600,-8.670000,-5.083266,1.907249,-5.913197,-6.367171,5.028633,-0.043476,-7.499205,0.193890,5.195030,-7.553304,6.754788,-8.762500,-1.316035,1.692488,8.202903
vacancy_0208,-6.811556,-8.027151,9.146825,2.109797,-7.283672,3.187630,-7.632616,-5.549416,0.927520,-2.133944,-3.027386,4.404330,-0.984403,4.311192,2.463839,-5.996088,-0.862346,3.168996,0.706639,-1.032988,9.858877,7.346402,-0.250310,8.065937
vacancy_0209,-2.251115,7.917367,-6.511515,-0.707165,-2.188316,-1.754010,8.465496,-1.401160,-7.912176,2.388241,2.324722,-2.289540,6.409960,0.328619,-1.246234,7.599096,-2.308778,4.907935,3.532907,0.859761,8.666644,7.530058,-9.222870,3.285596
vacancy_0210,-7.719576,9.913714,-2.329456,5.554774,-2.468335,-2.297102,5.077465,-3.421710,0.977994,8.599408,10.528691,2.811214,7.861245,8.347222,-8.349957,-8.195137,0.331832,3.807052,8.108350,-7.186960,-5.434503,2.805931,4.996449,0.340712
vacancy_0211,-7.482019,0.326946,5.558416,-8.020039,-8.436941,1.987227,-0.867698,-1.386605,5.195914,3.691200,-0.612254,1.476104,-8.395299,-7.611016,9.235143,-0.266990,0.659659,-6.249495,-1.833854,-4.814577,-5.188635,-9.006079,6.768792,7.957399
vacancy_0212,-7.415640,-8.832761,8.264056,3.384623,-7.691336,3.342257,-8.347852,-6.434442,0.389747,-2.608683,-3.667177,4.212946,-0.672095,4.302714,2.902522,-5.623974,0.000347,4.300849,1.210465,-0.698628,11.197415,7.294731,0.389342,7.358403
vacancy_0213,5.518044,5.849371,1.894200,9.174582,-4.625447,-5.844869,6.217017,-6.610583,3.700423,0.315738,-1.198855,-2.090874,1.800283,7.383104,-6.009317,1.254330,-3.989299,-8.365201,-9.755688,-7.863962,-3.254482,3.445718,-5.803927,6.076776
vacancy_0214,9.792349,7.126315,-5.368724,9.663720,-1.756694,8.187609,-5.909750,-2.371277,9.591897,-6.416592,0.434503,-3.102770,8.312340,-8.725768,-7.359867,-0.442108,5.067293,-7.429631,1.679263,-1.964155,4.830496,-1.746953,-4.166970,0.777964
vacancy_0215,-7.616762,-8.034150,9.458057,1.856835,-6.811267,2.773211,-6.949958,-6.661973,1.099550,-3.234049,-2.775011,4.630904,-1.088374,4.105877,2.785774,-6.397743,-1.425972,2.531558,2.227665,-0.348831,10.337242,7.222115,-1.201787,8.181419
vacancy_0216,-8.294119,9.542511,-2.452532,5.772066,-2.727758,-2.951513,7.335434,-2.842612,0.230895,8.583416,10.107107,1.725316,8.490023,7.561808,-6.653636,-8.456043,-0.474508,2.481886,6.940265,-7.622667,-5.274292,2.741942,3.922737,-0.337587
vacancy_0217,7.798013,9.298202,7.241042,-8.320862,-0.903545,7.149211,1.892367,-6.500261,0.768429,7.916540,9.419304,-8.126281,-0.016738,-3.261095,-4.017050,1.019230,-6.847130,8.148487,5.380026,-2.803227,-6.927325,-6.479900,1.998110,6.291518
vacancy_0218,-7.865962,-0.740691,5.260360,-7.653612,-9.385695,1.026781,-0.839655,-0.744851,5.661708,3.580079,0.218358,1.423012,-7.467278,-8.115018,8.619480,-1.161294,2.180157,-5.587708,-1.782148,-4.454117,-5.189238,-8.699030,6.241733,7.913373
vacancy_0219,-8.276885,8.617594,-3.542620,5.876376,-2.438738,-2.953601,6.247371,-4.246999,0.079473,7.743541,9.847024,1.728069,6.327021,6.690565,-7.066499,-9.252063,0.684049,3.418378,8.294285,-7.804180,-4.364847,2.345601,4.067008,-0.332298
vacancy_0220,11.003637,7.356949,-5.534510,9.066044,-2.425003,8.149834,-6.101208,-4.027381,8.058154,-6.935573,0.629222,-3.641968,6.624141,-8.372069,-8.218834,0.094881,4.661530,-7.429169,2.354095,-1.449803,3.780413,-1.504587,-4.591857,-0.583217
vacancy_0221,-7.374892,-0.560364,5.015955,-6.596208,-7.943206,0.786281,0.159967,-0.764968,5.398173,3.198827,1.465587,1.346533,-8.701621,-8.371513,7.866938,-0.604542,1.839784,-4.690417,-1.789642,-3.257074,-5.413435,-8.801973,6.755972,7.711707
vacancy_0222,-8.066706,-1.326690,4.668963,-7.961833,-8.326001,1.905524,-0.513262,-0.163270,6.766108,2.188677,0.284073,1.886488,-7.620883,-8.156802,7.847393,-0.293689,2.046758,-4.874190,-2.088907,-5.489185,-5.419449,-9.992761,7.240131,7.900869
vacancy_0223,-7.702032,-1.257854,5.340310,-8.097339,-9.095658,1.213756,0.102675,-1.250667,4.696672,3.618124,-0.219840,2.060419,-6.780393,-8.244565,8.952498,0.578809,1.332852,-5.391178,-2.201132,-3.207268,-6.005844,-8.561598,6.754254,8.600233
vacancy_0224,9.025121,7.531092,8.133936,-7.614135,0.184346,8.558920,2.966643,-5.075098,1.216119,6.750452,9.139944,-8.296905,0.290677,-3.538278,-5.399304,2.061559,-7.259359,8.186991,4.809821,-3.591291,-7.427350,-5.369624,1.645723,5.530090
vacancy_0225,5.217237,4.905171,1.104877,9.447599,-4.710409,-5.953697,6.793206,-7.201744,3.999970,2.198396,-1.704594,-1.155768,1.022043,8.660566,-5.551016,-0.248932,-5.212329,-7.022511,-10.135814,-7.867840,-3.016415,3.833020,-8.884487,6.111285
vacancy_0226,-7.934766,-8.285170,8.694427,2.036902,-6.811050,2.388751,-6.520707,-5.774942,0.034063,-3.692882,-2.578670,3.999515,-1.752487,5.085765,2.828273,-5.658837,-0.518004,4.096395,1.270398,-0.580004,10.179002,7.439497,-0.321327,9.098566
vacancy_0227,8.066801,6.901106,8.916725,-7.942396,-0.171268,5.755256,1.863981,-6.976641,1.457551,7.916382,10.052886,-8.102875,0.316173,-2.959176,-5.706534,1.160826,-6.952007,8.121834,5.186504,-2.918477,-6.568540,-4.478056,0.994493,5.528659
vacancy_0228,5.598718,-2.753887,4.118901,3.122539,-0.705712,1.838149,-6.459828,5.788124,-10.121038,-4.706072,0.975449,-7.338521,-6.222197,5.798337,-0.396137,-8.227791,0.765566,4.454069,-5.975832,7.494459,-8.818565,0.760007,1.475157,7.619407
vacancy_0229,5.637218,4.212601,1.648544,9.150331,-4.136681,-6.007394,7.349566,-5.710995,3.545909,1.565058,-1.032485,-1.964223,2.532808,8.140879,-6.366351,0.936262,-4.740938,-9.104284,-9.957545,-8.031114,-3.098472,4.499422,-7.398806,6.800155
vacancy_0230,9.118212,6.580300,7.597235,-8.322617,-0.785618,6.754647,0.758273,-6.635319,1.541820,7.900660,8.936051,-8.239199,1.069351,-3.878964,-4.799500,0.955868,-6.344558,8.655107,6.570720,-2.813575,-7.417932,-5.154233,2.432525,6.337529
vacancy_0231,-6.340801,8.422514,-4.552415,6.554622,-3.444640,-3.381374,5.817888,-4.785107,0.770318,8.809911,10.170296,1.211045,7.669865,6.029535,-7.828326,-8.681723,-0.374726,3.657246,7.790284,-9.445264,-5.169736,2.784346,5.004320,-1.071459
vacancy_0232,-6.629309,0.110202,5.756282,-8.267463,-7.994797,2.283282,-1.091343,-0.063030,6.132084,2.438973,-0.459938,2.847987,-7.985024,-8.348122,8.294958,-0.435242,1.920950,-5.093223,-1.645504,-4.038028,-6.166716,-9.223806,6.916299,7.350670
vacancy_0233,4.261020,4.287895,2.022519,8.862156,-4.971002,-5.858559,6.822742,-8.818392,3.487403,2.221878,-1.365914,-1.901507,2.438896,7.723505,-5.720042,-0.411798,-6.197907,-7.667497,-9.715991,-7.895493,-3.717596,3.430263,-7.079532,5.917978
vacancy_0234,6.230469,-3.546847,4.064280,3.177850,-2.420502,3.480108,-6.087504,6.297930,-9.547537,-4.572251,1.370635,-6.806583,-6.518067,5.914022,-0.874104,-9.806086,0.385547,3.766939,-6.038912,5.489918,-9.240336,-1.445000,2.034428,7.235657
vacancy_0235,-6.652262,-1.482589,4.716338,-7.118355,-8.161742,1.872813,0.442381,-0.687433,6.696992,3.653707,0.459309,2.866222,-7.411110,-7.664017,7.588887,-0.788749,2.747262,-6.531593,-2.624394,-4.449168,-4.846377,-8.725838,7.306273,7.444676
vacancy_0236,7.820289,7.934413,9.319807,-7.891013,-0.971108,6.882898,2.108476,-5.145833,0.677320,7.916893,8.592669,-8.880105,-0.644078,-3.720191,-5.335472,1.373201,-6.196107,8.596163,4.765868,-1.329460,-7.487460,-4.114034,1.442754,5.789415
vacancy_0237,10.554252,6.782645,-5.147620,10.132458,-1.797659,8.776491,-5.337109,-3.656437,9.178970,-6.128897,0.317828,-2.097314,7.504794,-7.655298,-8.026205,-0.447152,4.313640,-7.143778,1.722683,-1.818629,4.288542,-0.969223,-4.105574,0.568347
vacancy_0238,10.102244,7.667735,-4.776753,9.764412,-0.953969,9.240093,-5.415877,-3.822025,9.693834,-7.095028,0.262537,-4.155389,7.693266,-9.886814,-7.256973,-0.757076,5.155014,-8.056205,2.404813,-2.178299,5.583553,-1.941244,-5.310296,0.109226
vacancy_0239,-2.720437,8.592128,-7.998552,-0.971875,-2.370890,-1.655067,8.670237,-1.352018,-8.088959,1.689738,2.955158,-2.112676,5.698614,-0.406388,-1.651545,8.231213,-2.143004,5.923996,2.822359,-0.030907,8.625166,9.288237,-10.555665,1.404870
vacancy_0240,-7.984186,9.234180,-2.606631,6.038274,-2.895511,-3.745199,6.005965,-4.584912,0.157996,7.873762,10.737195,2.400176,8.062188,7.546453,-6.766819,-8.080593,0.820683,3.434887,8.577725,-8.971850,-4.772863,2.482294,4.382009,0.188499
vacancy_0241,-1.913939,6.728987,-8.152788,-0.483078,-2.494149,-2.227896,9.369431,-1.880114,-7.817662,2.361542,2.551648,-3.041933,6.850075,0.115201,-0.691834,7.639046,-1.775708,5.392925,2.850315,0.553467,9.218478,8.928170,-9.382044,2.608470
vacancy_0242,10.145984,6.901727,7.327926,-6.980050,-0.678358,7.018500,1.298371,-6.259898,0.706253,7.538458,9.234950,-7.418884,0.334173,-3.085124,-5.191803,2.038837,-7.795729,7.995403,4.514472,-2.887428,-6.814815,-5.511297,1.064732,5.427422
vacancy_0243,-3.123973,7.779090,-8.395842,-1.182164,-2.438464,-1.773863,8.270150,-0.734649,-6.872443,1.548675,2.062146,-2.003120,5.890869,-0.613817,-1.745468,7.807456,-2.296240,5.108410,3.484596,0.256918,9.453352,8.467638,-9.680491,1.708205
vacancy_0244,5.590506,-4.603460,3.880667,3.585727,-2.324680,1.353076,-6.581170,5.198363,-9.631715,-5.012933,0.971182,-6.370356,-5.852122,4.861414,-0.633157,-9.297682,0.695568,3.866063,-5.839628,6.248486,-8.572642,-1.000252,1.509469,8.371714
vacancy_0245,5.732968,4.638807,1.055541,9.429890,-3.349855,-6.048561,6.196088,-5.654712,4.054903,1.068595,-2.501905,-1.345555,1.600760,6.800860,-6.058419,-0.105295,-5.429661,-8.238905,-9.897715,-7.807655,-3.330566,4.907485,-9.872741,7.256492
vacancy_0246,10.962081,7.178602,-6.961471,9.839807,-1.257028,7.555546,-6.307549,-4.950234,8.980419,-7.630537,1.376336,-2.768120,6.762246,-9.086157,-7.101827,0.750513,4.400645,-6.589412,2.445103,-2.512103,4.111602,-0.911101,-5.321991,-0.541981
vacancy_0247,9.671282,8.360569,8.472978,-8.053899,0.457019,7.385470,0.763161,-5.251386,1.328330,7.138548,8.814880,-8.037455,0.618816,-3.952096,-5.229102,2.195053,-5.261407,7.524937,6.302505,-3.213091,-4.916173,-4.460810,1.498206,4.727868
vacancy_0248,5.539015,4.533790,2.196241,8.123925,-4.393068,-5.091097,6.840006,-6.149956,3.642154,2.245935,-2.968240,-1.009545,1.435804,8.235239,-5.633274,1.735501,-4.740726,-8.386717,-9.564088,-6.721393,-4.690448,4.107592,-7.961983,6.373300
vacancy_0249,9.847138,7.898581,-5.021037,11.033745,-2.445094,8.403979,-5.395563,-2.964899,9.753971,-6.841324,1.163951,-3.638644,7.260322,-8.531772,-7.316740,0.191412,6.039751,-7.444140,1.338586,-2.197095,5.033160,-0.510952,-5.232129,0.669921
vacancy_0250,-8.380368,-0.803742,4.170769,-7.763129,-8.515749,2.067238,-1.164026,-0.250960,5.798968,4.432189,-1.492221,1.626202,-7.695628,-8.109101,8.831922,-0.090873,2.045516,-5.787059,-2.501361,-3.808394,-5.088877,-9.737081,7.126410,7.605539
vacancy_0251,-1.946212,8.186530,-6.858429,-2.061012,-2.969324,-1.535800,8.290861,-1.918625,-8.179145,1.785009,1.734188,-2.135671,5.628657,-1.262929,-1.047337,7.963618,-2.250979,5.792742,1.932816,-0.085204,9.428802,8.831147,-10.405195,1.490273
vacancy_0252,-2.332887,7.953435,-7.712886,-1.700092,-2.540041,-1.432164,8.496260,-1.384442,-7.538879,3.442126,2.532949,-2.540134,6.261257,-1.179895,-1.587655,7.195355,-1.816457,5.035494,2.102435,0.896107,9.051742,8.984957,-10.571064,3.082731
vacancy_0253,5.494494,4.984688,0.731615,8.690538,-5.363065,-6.882292,5.438575,-6.083257,3.561096,2.334120,-2.413992,-1.597211,2.435613,7.160300,-7.399933,-1.120074,-4.665959,-8.060650,-10.036643,-7.436575,-4.221463,4.094556,-8.461569,6.113205
vacancy_0254,10.434839,6.255963,-6.711425,9.377496,-2.282985,8.506195,-4.973646,-3.337075,8.540177,-6.786721,0.838060,-3.182288,7.051782,-9.225770,-8.669838,0.538432,5.497664,-7.511100,2.294268,-1.995172,4.377008,-1.659604,-4.408991,0.182312
vacancy_0255,10.353509,7.896896,-5.326397,9.461830,-1.830674,7.875239,-5.249890,-3.253117,8.063000,-7.133967,0.026362,-2.908810,7.851694,-9.065127,-7.810724,0.144276,5.119391,-8.115251,1.612649,-2.286107,4.485906,-0.326428,-5.660875,0.272119
vacancy_0256,-7.185342,8.436670,-2.508879,6.201273,-2.375747,-4.182193,6.652801,-4.641099,0.731112,8.371592,8.777549,1.478866,8.561776,7.396853,-7.483242,-9.010608,-0.086254,3.027597,7.808286,-7.995322,-5.129086,2.691894,3.991468,-0.993951
vacancy_0257,-2.594756,6.573554,-8.574063,-0.733405,-2.173490,-0.988554,8.893429,-1.313321,-7.841730,3.318227,2.081885,-1.831616,6.186985,0.843801,-1.421473,7.469919,-2.515099,5.626788,3.241486,0.362882,10.077751,9.245904,-10.039893,1.923782
vacancy_0258,-7.262922,0.223207,5.717987,-7.946334,-7.716376,1.366718,-1.192714,0.254746,5.855922,4.139437,-0.153219,2.201100,-7.854693,-8.749259,9.716001,-1.049691,2.859640,-4.853345,-2.849538,-3.992326,-6.319850,-9.838070,6.517535,6.679902
vacancy_0259,-6.399792,9.520980,-3.179704,6.855806,-2.175708,-3.207116,6.178521,-3.694564,0.418156,8.945487,9.650593,3.412434,8.000454,7.792431,-6.845508,-8.975514,0.158414,2.819370,7.814666,-8.429262,-4.608088,1.723928,5.217553,-0.955656
vacancy_0260,5.193110,3.350085,2.071215,8.757748,-5.624303,-4.330404,5.187049,-7.178001,3.963698,1.674334,-1.995181,-2.991039,0.593125,7.843143,-5.402401,1.783066,-5.248307,-9.460122,-10.408888,-7.258831,-4.590685,3.337498,-8.202801,5.275291
vacancy_0261,5.463487,4.837363,1.646837,8.333226,-3.920163,-5.375914,5.744860,-6.949035,4.615385,1.911128,-1.437583,-2.291105,1.430571,8.067914,-5.638010,1.337155,-4.869075,-6.229069,-9.877068,-7.662084,-3.878949,5.391779,-7.815947,6.185758
vacancy_0262,5.329999,5.084931,0.931241,8.197172,-4.451083,-4.941354,6.403314,-7.057885,3.544473,1.844389,-3.238503,-1.995609,1.116294,6.971449,-6.302477,0.696486,-6.924158,-8.075173,-8.856579,-7.085932,-4.556387,4.210255,-7.345879,6.636368
vacancy_0263,9.153246,7.789342,-5.359733,10.836460,-2.449724,7.727183,-5.742357,-4.732485,9.584150,-6.217337,0.939737,-2.596704,8.312526,-7.670682,-8.420508,0.497258,4.732724,-8.082607,2.926796,-1.921879,3.483963,-1.421373,-4.502942,0.581680
vacancy_0264,-7.686120,8.431903,-3.412616,6.237502,-2.782179,-4.109897,7.649185,-3.539436,0.833643,8.912775,10.610075,2.440251,8.554624,7.465595,-7.113494,-8.526897,0.708971,3.997395,7.617725,-8.536884,-4.511116,2.338462,4.310923,-1.139448
vacancy_0265,5.648647,4.606969,2.210554,8.648970,-4.424840,-6.780388,5.789331,-6.837040,2.914039,2.324301,-1.430074,-2.155549,1.167743,8.732420,-6.125854,-0.088476,-4.815756,-7.991848,-10.023887,-8.111156,-2.746853,5.740471,-7.384539,7.136993
vacancy_0266,5.806366,3.998012,2.902893,7.824990,-4.520235,-6.243958,6.986435,-7.003760,3.893737,0.645722,-1.141503,-1.919247,0.620040,8.137303,-6.603967,0.764179,-5.642001,-7.399946,-9.028779,-7.178702,-3.050186,4.180404,-6.940687,6.650422
vacancy_0267,6.552319,-3.536427,4.062394,3.310422,-2.061967,1.912701,-7.500158,6.916310,-8.682976,-4.647444,1.187343,-7.301019,-6.073904,4.401653,-0.000356,-7.988007,0.486602,4.251315,-6.637647,6.901898,-10.604065,-0.378528,1.530942,8.349080
vacancy_0268,3.992207,-3.336665,4.788072,3.448027,-2.286773,2.547428,-5.934047,5.867993,-10.384213,-4.271667,0.410350,-6.826743,-6.471023,5.221278,-1.161749,-8.913662,0.903726,4.165704,-5.850063,6.702307,-9.802795,-1.178385,1.802598,8.039855
vacancy_0269,6.711288,-3.929029,4.496026,3.859626,-1.458694,2.070918,-6.054443,5.263479,-9.631360,-4.986841,1.227152,-5.810122,-6.312404,6.085621,-0.673338,-7.104848,1.141122,4.536223,-5.063323,7.555975,-8.385462,-2.113704,1.143259,8.236905
vacancy_0270,6.566344,-3.633551,5.012473,4.229562,-1.782047,1.864383,-6.760140,6.642322,-8.686118,-3.585880,0.784780,-6.680080,-6.219900,5.744253,-0.306226,-7.418743,0.016024,4.475233,-5.587897,6.489119,-8.671674,-0.954859,1.247499,9.779049
vacancy_0271,-2.407702,8.119194,-8.287471,-2.061999,-2.286868,-1.405813,7.880696,-1.551927,-7.872985,3.029376,2.965265,-3.071559,5.714366,-1.160275,-0.814441,7.997704,-3.045736,4.528608,0.915364,0.906625,8.739918,8.677791,-9.941354,2.400246
vacancy_0272,8.265543,7.712173,7.636056,-8.516900,-0.871185,7.542162,1.995716,-6.141303,0.740277,7.700684,8.685232,-8.341711,0.842596,-3.591861,-5.175778,1.292962,-7.144297,8.680769,6.123602,-2.431605,-6.101325,-4.941201,1.820791,5.881309
vacancy_0273,10.492992,7.388380,-5.346289,9.836773,-1.899222,9.593199,-5.920074,-3.358000,8.820840,-6.080654,0.013129,-2.352483,7.923606,-8.083100,-7.971938,-1.280936,4.716512,-7.716917,1.749551,-1.928095,5.512772,-0.211273,-4.936866,-0.039367
vacancy_0274,-7.851976,-1.312368,4.632911,-7.397646,-8.829201,1.157556,-1.088677,-0.816032,5.079437,3.276077,-2.042365,1.662694,-7.737114,-8.002875,7.647186,-0.969893,1.717774,-5.651081,-2.669386,-3.416644,-5.970571,-9.926604,6.535330,8.196004
vacancy_0275,-2.611160,7.935605,-7.533270,-0.793970,-2.070116,-1.950187,7.995896,-1.823608,-8.413244,3.226457,1.405166,-2.757822,5.718788,0.391857,-2.420621,8.061976,-3.084050,5.001722,2.967956,1.045237,8.923950,8.708154,-9.770738,3.088035
vacancy_0276,4.205984,3.686301,0.915601,7.974334,-4.204928,-5.857622,6.453597,-5.937613,3.403881,1.504346,-1.642194,-2.144109,2.064085,7.307501,-5.146402,0.907059,-5.049472,-7.183890,-11.208851,-7.797017,-3.167056,4.641470,-8.175226,6.775998
vacancy_0277,10.250092,7.129118,-5.950814,9.348424,-2.202294,8.136106,-5.361393,-4.525352,9.748291,-7.390680,1.086963,-2.649731,7.204329,-8.878473,-7.117011,-0.488264,5.192716,-6.430213,2.176738,-1.997737,5.436320,-1.859238,-4.705854,-0.252118
vacancy_0278,-7.360431,-9.088081,8.728960,2.507813,-7.673888,2.563356,-5.639261,-4.864572,1.253011,-4.193707,-3.139344,4.763412,-1.157316,3.979078,3.530786,-5.817997,-0.410346,2.531351,1.703658,-0.671624,8.887847,7.486646,-0.567185,7.459673
vacancy_0279,8.357523,6.863885,8.806413,-7.959408,-0.859901,6.623444,1.258108,-6.014144,1.313487,8.025184,10.024000,-6.317417,-0.769635,-4.128865,-5.749195,1.409002,-7.363735,6.731948,6.101136,-3.654499,-6.807252,-5.207469,1.705842,5.319176
vacancy_0280,-7.369548,-1.075292,5.077560,-8.181013,-6.913168,1.548981,-0.772208,-0.836690,4.807482,3.274392,0.290559,2.116253,-7.501788,-7.799063,8.010677,-0.614358,2.359284,-4.503715,-1.791928,-4.620858,-6.089618,-9.721785,5.761824,8.002769
vacancy_0281,-7.689067,-1.070292,3.676260,-8.338013,-7.860412,1.780432,-1.104450,-0.164465,5.076053,2.031527,-1.918496,3.157564,-8.440949,-6.867929,8.066557,-0.688134,2.986170,-5.123699,-2.303415,-3.808255,-5.287611,-9.035512,6.662835,7.901254
vacancy_0282,-6.379933,8.709354,-2.625202,6.366749,-1.597734,-2.979083,6.031052,-3.710203,1.438487,8.474705,9.116204,1.874912,6.734360,7.237306,-6.780978,-8.963348,0.405307,4.772620,6.219474,-8.703857,-5.196542,2.299986,4.189870,-0.186476
vacancy_0283,-2.426831,7.255520,-6.747165,-2.059902,-2.397483,-1.453395,8.689744,-1.372236,-7.759601,1.623322,0.245365,-2.220681,7.310861,-1.058255,-1.736159,7.733851,-2.109915,5.923101,3.051923,-0.256202,10.451498,9.044167,-9.651965,0.862464
vacancy_0284,-7.184548,10.541200,-2.973023,6.025138,-2.729477,-3.304547,5.710049,-4.299520,0.885724,7.882897,10.207145,3.230621,8.460582,7.993360,-7.334362,-9.292050,0.013620,3.088754,6.957830,-8.868500,-5.181170,2.263453,4.415066,-0.621223
vacancy_0285,9.087192,7.785255,7.951669,-9.149702,-0.603953,7.885077,1.190024,-6.059763,1.612183,7.155159,9.066040,-7.363964,1.326111,-3.774000,-4.840363,2.048890,-5.991491,8.177751,6.365760,-2.223878,-7.319707,-4.890448,1.432663,5.574658
vacancy_0286,10.034818,7.740828,-6.347608,9.680486,-2.504438,9.273179,-6.472425,-4.094348,9.959372,-6.623417,-0.243640,-2.550056,7.024367,-7.807031,-8.110092,-1.375977,5.047637,-7.457940,2.031509,-2.057504,3.243370,-1.451143,-4.208960,-0.131791
vacancy_0287,4.349606,4.245529,2.105627,7.611866,-4.453028,-6.831322,6.181574,-8.076212,4.229540,1.476373,-2.582010,-2.045063,1.473427,7.227369,-5.541250,0.021213,-5.427622,-8.173524,-9.436655,-7.552852,-3.202400,4.078811,-7.039457,6.201530
vacancy_0288,8.866939,7.887970,8.532801,-7.518191,-0.881957,6.815297,1.490343,-7.301909,1.502438,7.888995,9.416900,-8.522951,0.874189,-3.449304,-5.653036,2.557731,-7.191630,8.877574,5.280584,-2.744744,-6.184340,-4.301645,3.173170,5.243616
vacancy_0289,5.702442,-3.104202,4.002243,2.975179,-1.473933,2.382277,-7.459429,5.305011,-9.003497,-5.145310,1.631675,-6.805748,-7.110498,5.201262,-0.289034,-7.160802,1.185138,3.868148,-5.665644,6.330545,-9.998812,-0.953602,1.830133,8.858704
vacancy_0290,9.194209,6.731649,-5.481117,10.313548,-1.453152,8.893277,-6.047423,-3.188358,9.627992,-7.692579,-0.734925,-2.246651,7.671459,-8.642894,-7.352372,-0.254747,3.799570,-7.332874,1.248063,-1.844978,5.011076,-0.733741,-5.354585,0.301174
vacancy_0291,10.006013,6.662888,-6.263141,9.661678,-1.754230,8.594941,-5.269402,-3.899895,10.089869,-6.552485,0.460744,-2.732512,7.017797,-8.517167,-7.230844,0.244039,5.815383,-7.112740,0.299231,-1.905602,5.683044,-0.651854,-4.815860,-0.271867
vacancy_0292,-1.466824,7.302813,-7.737821,-1.284324,-2.278566,-1.189571,8.607168,-2.345163,-8.448974,1.740478,2.216761,-2.366473,7.188460,-0.929732,-1.961851,7.606441,-1.650262,5.170682,2.830100,0.730249,9.667938,8.448443,-9.672584,1.932651
vacancy_0293,-8.131663,-9.678838,7.977688,2.260160,-6.925800,3.941043,-6.757666,-6.649063,0.254280,-3.102525,-3.705476,4.800890,-1.881939,4.186164,3.849049,-6.489221,-0.905529,2.823636,2.441817,-1.050685,10.043773,7.641325,-0.515116,8.132455
vacancy_0294,5.776350,-5.028035,3.756595,3.925704,-2.225337,2.104516,-6.166054,5.848680,-8.483307,-4.641976,1.563035,-6.388513,-5.494697,6.172535,1.509812,-7.852906,0.727137,4.979686,-7.465799,7.512857,-10.167862,-0.568880,2.652622,8.695369
vacancy_0295,10.702292,6.941355,-6.496851,9.541213,-1.468670,9.068786,-5.756854,-3.968372,9.862714,-6.928840,1.185163,-2.710677,6.931431,-9.071649,-8.145084,1.412411,5.434724,-6.656802,2.565725,-1.737495,4.385465,-1.623715,-5.025519,-0.675743
vacancy_0296,3.990911,4.767468,1.843885,7.578481,-4.100629,-6.394659,6.332207,-6.045176,2.545017,2.137317,-2.339712,-1.813665,1.179970,7.598658,-5.998307,0.344089,-5.497193,-7.716297,-9.161243,-7.701831,-4.172111,3.767611,-7.358237,7.302322
vacancy_0297,8.654010,7.140523,7.873846,-8.357139,-0.754175,6.147604,1.540008,-6.040214,0.665827,7.579805,9.866979,-8.371879,-1.179496,-3.743692,-4.145293,0.902968,-7.334494,7.800938,5.610597,-2.401282,-5.960085,-5.201713,2.735616,5.729375
vacancy_0298,9.702854,8.827355,-5.187368,9.599729,-1.576764,9.510416,-6.180834,-4.120082,9.263018,-6.296320,0.607587,-3.351508,6.801565,-9.205350,-6.968617,-0.443700,4.048433,-6.593438,1.945845,-2.019033,4.947188,-1.284745,-5.550640,1.084286
vacancy_0299,-7.375171,8.864918,-3.247934,6.942279,-2.654200,-3.694607,6.183840,-5.280793,-0.531736,7.715258,8.914762,1.715887,8.023557,7.152238,-8.064841,-9.680298,1.377937,3.513832,7.181677,-8.638904,-4.871372,2.963612,4.792986,-0.126157
vacancy_0300,-8.550701,-8.124094,8.454461,2.101664,-8.122562,3.338509,-6.553574,-5.407582,0.948707,-2.636381,-2.675335,5.263113,-0.026399,4.521131,2.405419,-6.231973,-1.557043,3.149935,2.141660,-1.626429,9.765669,7.098644,-0.360473,8.076998
vacancy_0301,9.295825,6.702078,7.570185,-7.861330,-0.905920,6.677989,1.422992,-5.982925,1.808506,7.932027,10.596356,-7.142652,-0.121652,-3.947489,-4.907946,1.476265,-7.357808,7.321933,4.602599,-4.564258,-6.764527,-4.341591,1.525967,5.804475
vacancy_0302,5.520874,-2.607317,4.207855,3.304214,-1.685600,2.476828,-7.836829,5.714350,-9.185318,-5.119869,2.524313,-6.831285,-7.782354,5.958596,-0.364155,-7.534494,1.405359,4.128607,-5.277333,6.283568,-8.535598,-0.746325,1.152330,7.952644
vacancy_0303,9.493788,7.725363,-7.243922,10.178323,-1.336753,8.345017,-6.126751,-4.760310,8.509558,-6.173659,1.014671,-3.701214,6.938130,-8.728271,-7.349151,-0.878650,5.572017,-6.768860,2.309579,-1.498264,4.805833,-1.856583,-4.649280,0.772974
vacancy_0304,-6.277978,0.142535,5.247727,-6.796199,-7.805543,1.060254,-0.414142,0.001498,5.420425,3.150407,0.618244,1.943609,-6.785413,-8.000176,8.640014,-0.186187,2.029383,-5.891005,-2.801570,-4.565304,-5.066891,-9.551503,7.719883,8.307731
vacancy_0305,-7.135198,9.061569,-4.322899,6.196329,-1.960789,-4.299239,5.149026,-3.406243,0.774790,8.437543,10.768146,1.982288,7.998750,5.654370,-7.485761,-7.648782,-0.497947,2.576422,7.933220,-8.221447,-5.765401,2.551274,4.291278,-0.388092
vacancy_0306,8.215552,7.625810,7.639769,-8.829383,0.013644,6.447681,1.467554,-6.299415,1.354896,7.974842,8.926100,-7.553335,0.817838,-2.919504,-6.028828,2.929762,-6.675390,8.001038,5.914918,-2.989654,-7.338486,-4.453163,0.636017,4.520312
vacancy_0307,-7.846741,-9.447150,8.539709,2.015870,-7.319155,2.105919,-6.482367,-5.400416,0.313361,-5.108831,-3.946315,3.155367,-0.819187,3.181336,4.477881,-5.027918,-0.673561,3.658071,0.993251,-0.608213,9.776685,7.498592,0.058222,7.796547
vacancy_0308,4.738516,-4.709606,4.159421,1.903230,-2.169765,1.492286,-7.479805,6.576539,-8.851964,-4.807292,3.144323,-5.972994,-7.796031,5.477599,-0.271427,-7.872761,0.009656,4.692480,-6.078818,6.210786,-9.421127,-0.731714,1.218301,7.679539
vacancy_0309,-7.726281,-9.244378,8.878294,2.509190,-7.080598,3.264224,-6.866676,-5.113360,1.098521,-4.216187,-3.050251,4.788535,-2.689140,5.022239,2.601044,-6.418428,-0.628747,1.863755,2.599527,-1.207894,10.548563,6.927009,-0.817844,8.615873
vacancy_0310,5.655368,-3.640717,5.283607,3.375789,-2.432571,2.349648,-7.981905,6.749568,-9.163659,-4.753543,2.211360,-6.645232,-7.223676,5.414182,0.221441,-7.921372,0.870478,3.061096,-5.503426,6.498677,-9.806366,-0.485201,1.761217,8.211710
vacancy_0311,-1.129880,6.877579,-7.107932,-1.305109,-2.621411,-1.042806,8.175285,-2.828742,-8.349497,2.747719,2.474665,-1.856027,6.567102,-0.853926,-1.793653,7.596548,-1.837932,6.902540,3.063619,0.335641,8.577069,8.735655,-10.024640,2.708373
vacancy_0312,5.319321,-4.514087,3.266430,3.507072,-1.823274,1.570249,-6.028201,6.228407,-10.698926,-3.807449,1.451020,-7.759173,-8.713687,5.029467,-0.432123,-8.228347,1.752706,5.283110,-6.269234,6.822369,-9.486353,-0.003975,0.695997,8.664718
vacancy_0313,-6.260138,9.162214,-3.487050,5.732567,-0.869783,-3.835332,6.866668,-3.959333,0.343142,8.377347,10.301486,2.110004,7.467146,6.669984,-7.325474,-8.688783,1.215544,3.772930,7.300504,-7.861409,-4.566088,2.596700,4.813948,-0.543066
vacancy_0314,-8.064122,8.628022,-3.525271,5.959013,-1.946162,-2.430108,4.719407,-3.480303,0.566722,8.344489,9.357223,1.734077,8.552417,6.914156,-7.783385,-8.394326,0.160854,4.462609,8.275408,-8.398049,-4.552609,2.245007,3.420807,-1.561071
vacancy_0315,6.285728,-3.319134,4.863068,3.611192,-2.649681,2.238879,-6.834183,5.787173,-8.436246,-4.110135,2.207689,-6.379900,-6.628017,4.502198,0.379553,-8.536481,1.400859,3.370910,-5.154623,6.232312,-10.551825,-1.238642,1.900527,8.510600
vacancy_0316,-2.503778,6.609239,-6.998017,-1.751246,-1.868006,-1.086244,10.244761,-1.781954,-7.886212,3.360247,1.649857,-3.613468,6.580864,0.082657,-1.381895,7.579890,-2.123465,6.958479,1.827760,1.168954,10.074753,8.609935,-9.960040,2.050433
vacancy_0317,-2.614104,7.134648,-8.263481,-1.776370,-2.997132,-1.657279,8.377594,-1.282689,-7.768499,2.518023,3.222504,-1.013172,6.338556,0.753387,-2.544044,7.541634,-1.310440,6.947449,3.193434,-0.811370,9.099987,8.845206,-10.262771,1.515953
vacancy_0318,-7.272639,8.658826,-3.328910,5.594601,-1.704414,-2.854199,5.741182,-4.921515,-0.090648,9.577137,9.157901,1.954361,8.307237,7.214835,-7.594494,-8.403963,-0.131283,2.448701,6.842858,-8.017693,-5.795748,2.039213,3.999152,-0.724476
vacancy_0319,9.787006,7.552674,-6.141856,9.276172,-1.176698,9.185483,-5.441937,-3.963499,9.481922,-7.041443,-1.678701,-2.644152,8.015236,-8.619477,-8.058184,-0.804238,5.592780,-5.600456,2.011856,-2.849360,5.100546,-1.149325,-4.347402,-0.375494
vacancy_0320,-7.190547,8.403302,-3.201622,6.281648,-2.503511,-3.064693,5.920321,-3.318363,0.737466,8.180811,9.305768,2.045934,7.711241,8.312857,-7.225720,-8.647111,0.270421,3.473819,7.296478,-8.329243,-5.679341,3.279687,4.151925,-0.329018
vacancy_0321,6.122474,4.623708,1.563487,8.201418,-4.511670,-7.356040,5.529326,-7.042491,3.826508,1.266922,-3.078211,-1.512173,0.661283,7.888952,-6.062520,0.057460,-5.196425,-7.278931,-10.297375,-7.203795,-3.913887,2.926157,-8.295582,5.856537
vacancy_0322,9.142495,6.957603,8.212531,-9.318846,0.050014,7.345539,1.757267,-6.615001,1.009089,7.996198,8.558451,-8.726865,0.849212,-3.514503,-4.788915,1.501016,-7.083014,7.157986,5.870978,-3.468498,-6.159079,-4.127906,1.160496,5.601282
vacancy_0323,5.737575,5.424537,2.122480,8.663589,-4.541324,-5.721806,5.940433,-6.298023,3.174361,1.571645,-1.706459,-2.255407,1.535344,8.114090,-6.701734,-0.166730,-4.988093,-7.918427,-9.828006,-6.673643,-4.028768,4.274003,-7.551405,6.458464
vacancy_0324,5.833362,-4.184194,5.482793,2.736656,-0.634754,2.259525,-6.202887,6.271230,-9.490667,-5.315627,1.289801,-7.187921,-6.884403,5.235008,0.007839,-7.849754,1.939540,4.599134,-5.762560,6.218534,-9.802753,-0.375938,0.983537,8.734701
vacancy_0325,10.314943,6.821553,-5.288660,9.192326,-1.650058,8.894749,-5.551166,-4.397437,9.188016,-6.629022,-0.877326,-2.610820,8.279412,-7.937709,-6.889040,0.519346,4.701850,-7.844198,1.534992,-2.119496,5.448953,-2.359536,-4.327470,-0.646424
vacancy_0326,-7.873891,9.620748,-2.808356,6.230870,-1.469458,-4.120829,5.961199,-3.703283,0.911692,8.598719,10.331955,2.088936,8.196629,6.767973,-5.890004,-7.919208,0.216387,2.627562,7.390601,-8.777822,-4.219679,4.108639,3.555537,0.706217
vacancy_0327,9.306265,6.593246,-4.610367,9.976166,-3.357767,8.727870,-5.335351,-3.944490,8.726340,-7.452575,1.341020,-1.553926,7.805770,-9.002572,-8.650366,0.302280,4.912347,-6.422616,1.724067,-1.675237,3.467805,-0.011027,-4.221687,-0.359086
vacancy_0328,-7.692803,-9.146973,7.375783,1.865960,-7.798984,4.174039,-6.347915,-5.139526,0.149214,-2.935837,-3.225141,4.058463,-1.069933,4.004848,3.716242,-4.683164,-1.208647,3.553675,2.257074,-0.226455,9.468288,6.356817,0.563884,7.290906
vacancy_0329,9.171688,8.470673,-5.040465,10.309620,-2.006204,8.956994,-4.878972,-3.610295,9.511869,-7.622459,0.844551,-0.788250,6.794505,-7.233117,-8.252241,0.449723,5.361207,-7.949559,1.386181,-0.927610,5.206242,-0.669900,-5.669226,-0.638529
vacancy_0330,6.002462,-2.530590,3.076239,3.042135,-1.823261,2.825513,-6.470682,6.090888,-9.054847,-4.108543,1.522629,-6.928253,-6.914276,5.203270,0.901371,-7.966848,1.103451,4.115909,-7.408699,7.715433,-9.790497,-0.594876,1.922741,7.747775
vacancy_0331,9.218239,6.998974,8.153657,-8.710944,-1.040303,7.729288,2.143330,-6.628227,0.873463,6.762584,10.665238,-9.318259,-0.163192,-4.033208,-4.712746,1.029262,-6.611427,8.540302,5.013643,-3.000721,-7.397222,-4.626031,1.687008,6.249050
vacancy_0332,7.578600,7.648848,7.211862,-8.836437,-0.942528,6.243581,1.290797,-6.407262,2.389057,7.148595,10.252089,-7.826285,0.052532,-2.724966,-4.931920,1.405964,-6.536438,7.858147,5.251944,-2.197038,-6.018947,-5.382095,2.673347,5.446615
vacancy_0333,10.018122,7.731682,-5.513459,10.578695,-1.774016,8.766668,-6.635766,-3.545276,8.401827,-7.039148,-0.135630,-2.636596,5.457176,-8.702472,-7.588948,-0.070521,6.066083,-6.902755,1.836691,-1.732486,4.226225,-0.931554,-3.990561,0.702437
vacancy_0334,-6.018728,8.672343,-2.535542,6.433468,-2.967807,-3.433582,6.313115,-2.898116,0.040522,8.317138,8.471729,1.749053,7.210122,7.785144,-6.531830,-8.690862,-0.536849,3.681248,7.620660,-9.871659,-5.157036,2.882459,5.189675,0.525045
vacancy_0335,8.861249,8.503922,8.219879,-8.257188,-1.422995,6.711873,1.260753,-6.530401,1.531400,8.257414,8.199149,-7.558363,0.178779,-4.007400,-4.787228,0.871449,-6.879867,7.783908,5.433557,-2.713079,-6.091199,-3.112895,1.538951,4.448958
vacancy_0336,10.037191,6.220522,-5.332649,9.075858,-0.977227,8.062293,-5.300713,-3.725145,8.809205,-7.841497,0.609078,-2.082820,7.725504,-7.803927,-8.257651,0.029683,4.025425,-7.043982,2.163889,-1.617140,5.405451,-0.266630,-4.980399,0.838885
vacancy_0337,-8.044778,-7.770447,7.346430,2.395203,-7.229306,4.026703,-7.207653,-6.660237,1.089700,-3.357807,-2.378004,4.243837,0.208335,4.154242,2.919147,-5.966311,0.085074,1.508922,2.319190,-2.253503,10.227586,6.068075,0.383017,7.907798
vacancy_0338,-1.143867,7.792762,-7.589050,-1.644791,-2.540475,-2.430143,8.643430,-1.714224,-7.568140,2.818153,2.356794,-3.392981,4.971439,-0.401454,-2.127157,7.665079,-2.233788,5.894567,2.654232,1.061189,10.062830,9.285992,-10.622382,2.995853
vacancy_0339,5.097124,5.084215,1.570739,8.954256,-4.214699,-6.374170,6.508130,-7.505873,3.802525,1.996879,-1.689568,-1.272375,1.788558,6.815668,-6.004673,-0.062837,-6.098100,-7.811376,-9.496364,-7.615396,-3.356945,4.401132,-9.053551,6.634413
vacancy_0340,5.503818,-3.399878,4.066418,2.134842,-0.745186,2.130047,-6.347489,6.113633,-8.141790,-3.500564,1.199057,-7.281101,-7.575622,5.724080,0.483761,-8.046279,0.080106,4.531957,-5.938987,6.792390,-9.373830,-0.996343,1.309423,9.239357
vacancy_0341,-7.570067,8.874023,-2.682894,5.847650,-2.311336,-3.983781,6.638141,-3.406834,0.435098,8.759790,9.902826,2.358121,8.585158,6.515011,-6.661383,-8.229231,0.491333,3.216422,8.022827,-8.683660,-4.767506,2.950973,4.157493,-0.866569
vacancy_0342,10.923550,6.883925,-5.408288,10.866663,-1.490667,9.605308,-5.928094,-4.301204,9.718083,-8.223631,0.481664,-2.789723,6.349540,-8.979343,-7.969926,-0.554046,5.899416,-8.082284,2.201403,-1.210343,3.554708,-1.644964,-4.784590,0.864011
vacancy_0343,-1.407628,7.936556,-8.538625,-1.127383,-1.801525,-2.688803,7.760561,-1.693331,-7.584551,2.564466,2.827062,-1.600193,6.268324,-0.980093,-2.938256,6.145946,-1.533425,6.673626,3.265007,0.396040,10.416038,9.286102,-9.646814,1.925121
vacancy_0344,-8.286914,-9.157713,8.844952,2.158469,-6.994418,3.775460,-7.341027,-7.468677,1.431797,-4.094418,-3.010996,4.584798,-1.403593,4.872124,3.679066,-6.563184,0.243388,3.181553,1.840416,-0.112455,10.100322,7.480204,-0.737372,7.376504
vacancy_0345,5.995258,5.063418,1.011324,8.737679,-4.465209,-5.097265,5.258552,-6.115114,4.272342,1.438942,-1.873797,-2.079504,0.837121,8.115001,-6.482239,0.374901,-6.193041,-8.993638,-8.791201,-8.369386,-2.868947,4.016686,-7.712625,6.625458
vacancy_0346,-7.512711,-8.740706,7.955682,2.873783,-7.199090,2.854778,-6.207279,-5.379226,0.948466,-2.617633,-2.709598,3.161241,-0.735253,4.466389,3.580185,-5.622581,-1.072393,3.768342,1.199841,0.009741,8.780835,7.084869,0.119992,8.569971
vacancy_0347,9.032678,6.941553,-5.612231,9.436085,-2.081892,8.256977,-6.509318,-4.121705,8.176624,-6.997058,0.373536,-2.551591,7.638199,-8.195860,-7.435501,-0.346958,5.592674,-7.614618,2.093152,-0.692945,4.619430,-0.517971,-4.727762,0.665255
vacancy_0348,-8.648268,-8.415939,8.826210,1.519518,-8.206897,3.523587,-7.543840,-6.739631,1.027200,-3.125212,-3.194676,4.491649,-0.961568,4.733371,3.912503,-6.351591,-0.620073,2.809555,2.085023,-0.497568,9.996587,6.917126,-0.541588,8.409476
vacancy_0349,4.724423,-3.405240,4.345628,3.201202,-1.806198,1.987654,-7.756889,5.440490,-10.025220,-3.961502,2.694006,-6.648568,-6.978050,6.197973,0.003262,-7.542057,2.100317,4.948497,-5.472787,7.144727,-10.325756,-0.115287,0.633462,8.711436
vacancy_0350,-7.294884,-0.882855,4.541025,-7.286545,-8.298247,1.736845,0.159834,-1.292073,5.455267,3.184990,-0.089448,0.403094,-8.464794,-8.444821,8.277749,0.026320,2.121618,-4.481577,-1.543176,-3.821589,-4.576482,-8.232625,6.900308,8.473766
vacancy_0351,9.858278,6.754591,-5.712473,8.374918,-1.194629,8.531210,-5.655190,-3.743856,9.352750,-6.948986,-0.440678,-2.643528,7.492388,-7.297727,-7.242019,0.065120,6.612032,-7.227005,2.431226,-1.511759,5.091455,-0.870012,-4.097503,1.166824
vacancy_0352,6.151294,4.741650,1.838415,7.866782,-4.951790,-5.657285,6.600736,-6.666143,3.812731,2.178344,-2.850369,-1.828768,2.469340,7.974536,-5.677465,1.089286,-5.931647,-8.182583,-10.126429,-6.686366,-3.796861,3.152149,-8.285590,7.076107
vacancy_0353,5.553023,4.337664,1.220396,8.262553,-4.454923,-6.025997,5.127975,-7.509801,3.754289,0.989803,-1.880208,-1.689651,0.702209,7.083317,-6.334838,0.926260,-5.183783,-8.259238,-9.312102,-7.917843,-2.893310,3.537126,-8.459370,5.688260
vacancy_0354,5.155482,3.933376,2.539069,8.078083,-3.897111,-6.370480,6.345870,-6.999501,3.038775,1.574073,-2.535114,-1.956856,0.803093,8.449198,-6.463747,0.249506,-4.751743,-7.916661,-9.411487,-6.998181,-3.217835,3.503886,-7.930641,6.872932
vacancy_0355,5.648943,-3.895282,4.285239,4.424328,-2.234319,1.814813,-7.189169,6.720892,-9.114273,-5.367200,1.145728,-7.404308,-6.046240,6.723497,0.184706,-7.012994,1.703755,5.270536,-5.129016,6.719572,-10.022691,-1.349598,1.673154,7.670535
vacancy_0356,-7.491173,-1.964880,5.276264,-7.143509,-8.122249,0.712905,-1.067483,-0.842969,5.825609,3.232414,0.630928,2.989755,-6.954515,-7.342041,8.385722,-0.072255,2.269608,-4.534622,-2.261298,-3.547698,-5.454564,-8.172824,7.641590,7.523648
vacancy_0357,-6.723356,8.951852,-3.084681,5.387079,-2.676329,-3.441124,6.054532,-3.474823,0.863513,9.044112,11.289722,1.890023,8.055355,7.906321,-6.343974,-8.977409,1.602644,3.543884,7.600991,-8.885041,-4.545746,2.197849,4.468478,0.275799
vacancy_0358,5.539934,4.244192,1.409741,7.617365,-5.235109,-5.139944,6.150204,-6.349103,3.818244,2.107886,-1.707881,-2.377403,1.453970,8.103918,-6.766026,1.379727,-5.679376,-8.301052,-9.346812,-7.219963,-3.579121,4.702342,-7.627960,7.157761
vacancy_0359,-8.342276,-0.654085,5.527649,-8.811047,-7.578423,1.881756,-1.417853,-0.876878,6.357707,4.264440,-0.028678,1.715214,-7.331879,-8.278077,9.275895,-0.308018,2.416768,-5.362494,-2.074181,-4.004216,-5.416504,-9.158976,6.216897,8.684897
vacancy_0360,-2.363467,6.283341,-8.108522,-0.356935,-2.128225,-2.111987,7.518856,-2.969145,-7.466867,1.665532,2.706946,-2.635603,6.812142,0.051103,-1.388062,7.345185,-0.844020,5.470374,2.685850,-0.015442,9.844454,8.188930,-9.837533,3.385607
vacancy_0361,9.499475,7.588180,-5.143212,9.496407,-2.932538,8.755496,-4.240462,-3.469762,9.893839,-6.749689,1.662889,-3.921992,7.955628,-8.013201,-7.686514,-0.937556,6.256710,-7.592938,3.357103,-1.116696,4.425303,-1.181133,-4.436571,0.576358
vacancy_0362,-2.103617,6.865261,-6.620095,-1.800475,-1.384128,-1.646214,9.431029,-1.332265,-7.497065,1.716694,1.494074,-2.914289,7.639404,-0.699942,-1.877367,8.802403,-2.398872,4.865981,2.147955,0.241424,9.908569,8.371490,-10.050329,2.406967
vacancy_0363,-8.086502,-7.529248,9.024138,3.447088,-7.416424,2.647075,-7.516369,-6.726642,1.282576,-3.089545,-3.897194,4.226950,-1.029477,4.633026,3.074902,-4.944146,-0.190142,2.613200,1.342543,-1.249521,9.972314,7.664423,-1.156850,8.832624
vacancy_0364,-7.974520,-8.702420,9.378721,1.375037,-7.408969,3.071546,-7.343356,-5.819443,1.147864,-2.892934,-3.699744,4.158748,-1.371634,4.751708,3.622107,-6.280592,-0.095018,4.524679,2.559223,-0.273612,8.562887,7.455770,-0.240377,6.999734
vacancy_0365,-8.015742,-1.021641,4.603708,-7.749396,-9.009395,1.932498,0.595891,-0.040226,6.002871,2.947037,0.809343,1.628399,-7.016318,-8.475977,8.794737,-0.346387,1.440003,-5.792607,-3.902708,-4.445994,-4.915194,-8.048723,6.068329,8.048382
vacancy_0366,8.881203,7.219038,8.037220,-9.005971,-1.035077,7.367914,1.010099,-6.748032,0.955905,8.744064,9.577170,-8.700821,0.346008,-4.626173,-5.513775,2.331791,-6.594476,8.029151,5.251018,-2.094046,-6.825945,-5.081059,1.991027,6.023684
vacancy_0367,-8.169468,-8.394492,7.937592,1.312730,-6.330148,2.648495,-7.270616,-6.209557,-0.092526,-3.911628,-3.071712,4.239303,-1.183896,3.835039,3.897551,-6.920132,-0.643274,2.816871,2.034934,-0.400635,10.369608,7.849201,0.097015,7.494950
vacancy_0368,9.953088,6.640024,-4.683553,9.184985,-2.477335,8.337704,-6.345836,-5.449392,8.853530,-7.801100,0.339928,-2.157884,8.554754,-7.648805,-8.051936,-0.647305,4.453913,-7.576731,2.374125,-1.921350,5.421481,-2.266151,-4.253481,0.425020
vacancy_0369,11.366951,6.505348,-5.378280,10.130726,-1.592642,8.897275,-5.044775,-4.582277,9.290428,-7.313086,-0.012905,-3.099355,6.765668,-8.775389,-8.414091,-0.270395,5.816907,-8.296745,1.461267,-2.613870,4.462431,-0.813328,-5.104704,0.169623
vacancy_0370,7.805836,6.924204,7.542467,-8.842895,-0.262544,8.728539,2.448407,-6.881370,1.388028,6.937724,9.690009,-7.923842,-1.083161,-3.925382,-4.804170,2.009875,-7.141999,7.748258,5.968784,-2.352526,-6.191054,-5.203922,1.475821,5.496134
vacancy_0371,5.914442,-3.756274,4.723654,3.584642,-2.546205,2.179577,-7.898529,5.990100,-9.601515,-5.350231,1.136144,-7.413113,-6.908476,4.606436,-0.624947,-8.183369,0.847003,4.957650,-6.862199,7.562651,-10.116841,-1.390555,1.512479,9.110886
vacancy_0372,4.960268,3.839472,0.722894,8.107759,-4.081247,-6.377534,7.018888,-6.028996,4.018259,1.378496,-1.761973,-1.837676,1.705837,8.253182,-5.502683,0.818921,-4.488671,-8.053251,-9.363105,-7.995331,-3.252958,5.298679,-9.248602,6.802279
vacancy_0373,-1.847984,7.717078,-7.702441,-2.162896,-2.896658,-2.788273,8.253320,-2.445442,-9.648731,2.882554,1.919141,-2.313599,6.566914,-1.050772,-2.387220,7.345698,-2.597652,5.376299,2.828122,0.681321,10.466562,9.503740,-9.469799,2.432946
vacancy_0374,-1.820287,8.530339,-7.877094,-0.827567,-2.397441,-0.474868,8.252195,-0.706180,-9.537112,2.127061,1.628987,-2.065766,6.631047,0.196530,-2.721631,7.221580,-1.579944,4.866575,3.197132,1.140450,9.375150,8.819652,-8.999196,2.056645
vacancy_0375,10.960056,6.556351,-5.500394,9.059815,-0.830665,8.194275,-5.499625,-4.150565,9.152451,-7.308118,0.304479,-3.883346,7.665342,-9.319839,-7.378144,0.756492,4.850952,-6.405195,2.088072,-1.754054,4.176178,-0.284601,-4.515898,-0.336619
vacancy_0376,-1.041831,6.796788,-7.445764,-1.751148,-2.823527,-0.373450,8.210712,-1.338023,-7.947945,3.003098,1.741548,-1.833663,6.697679,-1.433207,-1.942866,7.749354,-1.966598,5.267678,3.037309,0.892693,9.406395,9.582595,-8.992412,2.332427
vacancy_0377,9.876551,7.312560,-5.534300,8.743439,-1.521945,10.217396,-5.267794,-3.420694,9.063501,-6.855133,-0.481634,-4.158148,8.197821,-8.054917,-8.455821,-0.369758,4.490572,-8.169303,1.888467,-2.744183,5.342160,-0.079128,-4.383037,-0.743800
vacancy_0378,-2.143321,7.080935,-7.657530,-0.746387,-2.317280,-2.161171,8.730368,-2.929629,-8.895820,1.410456,1.736123,-2.332665,6.388070,-0.132487,-1.956560,8.524644,-2.778589,6.292644,3.193065,0.978698,9.929820,9.495136,-9.059749,1.361185
vacancy_0379,-2.941047,8.095415,-6.640436,-1.269920,-3.315365,-1.745426,8.161617,-1.937602,-8.364048,3.344143,2.270502,-2.753830,4.750112,-0.678652,-0.839672,8.213328,-2.119738,5.047035,1.293911,1.064230,9.716489,9.459254,-9.489012,2.623729
vacancy_0380,5.963394,-3.638556,3.881984,3.096996,-2.104767,2.448705,-7.651443,6.931790,-8.926296,-4.984585,1.287558,-7.971950,-6.376346,5.162359,-1.446003,-8.676819,0.268092,4.157289,-6.362860,6.678211,-8.943684,-1.333972,1.479481,6.985186
vacancy_0381,-7.686615,-1.818826,5.038574,-7.142320,-7.585730,0.876015,-0.238926,-0.201147,4.610364,3.598960,0.658725,1.155042,-7.759522,-7.344795,8.048673,-0.677605,2.071966,-5.397142,-3.058146,-4.291090,-4.116547,-8.997382,6.720230,7.524224
vacancy_0382,10.122998,8.042943,-6.134176,9.500852,-1.731816,9.217517,-5.670777,-4.471716,9.973282,-7.261839,0.265715,-3.372310,7.380076,-8.551725,-7.576401,0.464912,5.780043,-7.443545,1.892121,-1.660330,5.849363,-0.412064,-4.964761,0.738847
vacancy_0383,4.970620,4.282711,1.926635,9.348017,-5.045240,-5.145304,6.910068,-7.969366,3.178799,1.632425,-2.703272,-2.275498,1.178794,8.099174,-6.964514,0.974227,-4.324034,-8.006422,-10.493967,-7.635688,-4.064126,6.025255,-7.896850,7.636404
vacancy_0384,-7.618853,-9.414472,8.310795,2.278511,-8.046377,3.719316,-6.494738,-6.804628,0.135477,-2.900261,-2.914822,4.874891,-1.445680,3.939088,4.702082,-5.321603,-0.678569,4.490869,2.114950,-1.108536,9.900340,6.805023,-0.511154,8.158055
vacancy_0385,10.169007,8.270902,-6.079017,10.169684,-1.023304,9.307533,-5.271227,-3.582338,9.627522,-6.923839,0.454176,-3.395047,7.359137,-8.826250,-7.660715,0.514647,4.727831,-7.437576,1.656577,-1.860956,4.206144,-1.095906,-5.264434,-0.281088
vacancy_0386,-8.250672,-8.372254,9.565650,1.526059,-6.851689,3.686039,-6.528534,-5.617739,1.058404,-3.572794,-1.953582,5.359479,-1.707677,5.726969,2.119904,-5.851298,-0.763405,3.797113,1.459741,-1.485925,10.499760,7.754464,0.021130,8.332209
vacancy_0387,9.741981,6.286666,9.064092,-8.758514,0.538306,6.861872,1.513392,-5.962296,1.108615,6.384380,9.456207,-9.078514,1.194548,-3.095656,-5.019947,1.887692,-6.589411,8.716691,6.468429,-3.038037,-7.165421,-5.216243,2.714457,5.546654
vacancy_0388,-7.717328,-8.757476,8.854567,2.533649,-6.682610,3.215074,-7.616769,-5.366641,0.931242,-3.692034,-3.340380,4.556396,-0.984623,3.902099,2.616403,-6.871977,-1.451269,2.634349,1.948369,-0.980967,10.275941,7.554424,0.263723,7.652268
vacancy_0389,-7.083291,-9.604977,8.151041,2.330327,-8.384199,3.182706,-6.181247,-6.108101,1.625223,-3.712523,-2.955902,3.030231,-0.921709,4.434863,3.366103,-5.620970,-1.154926,4.278908,1.352371,0.105125,9.970919,8.294192,-0.915095,8.616368
vacancy_0390,8.302267,7.116261,6.894974,-8.002077,-0.464834,7.358995,1.746896,-7.450159,1.301869,7.795875,8.842573,-7.104300,-0.709917,-3.287446,-4.693797,1.697127,-7.225786,9.136063,5.886172,-2.577434,-6.227212,-4.191995,1.048612,5.402292
vacancy_0391,5.119726,6.162064,1.618544,8.287987,-6.145763,-5.817431,6.403696,-7.623311,3.832375,1.517127,-2.085655,-1.759598,1.299650,7.230362,-6.517876,0.165846,-6.208824,-8.340991,-9.214362,-7.668854,-4.296488,4.526833,-8.187181,6.697049
vacancy_0392,-7.564888,-8.342003,8.673197,3.083153,-7.613748,2.846118,-6.643114,-6.868393,0.785957,-3.647571,-3.280153,5.090267,-2.099853,5.440646,3.215984,-5.127878,-1.081698,3.072241,1.753771,-0.723902,10.022362,6.393488,0.355604,7.638873
vacancy_0393,-6.277472,8.499035,-3.527625,5.280387,-2.612819,-3.572483,5.957558,-3.879524,0.823985,7.470922,10.216629,2.476570,9.337881,6.589015,-7.636604,-7.467013,0.171030,4.035949,7.998192,-8.202792,-4.876009,2.851757,4.236370,-1.439967
vacancy_0394,5.574348,-3.081071,4.253069,3.485602,-1.666169,2.553751,-7.809104,6.070083,-9.289775,-3.680208,1.511636,-6.247509,-6.316235,5.520027,0.419987,-8.293216,0.850622,3.817487,-7.015375,6.852815,-9.376361,-0.843715,1.661755,8.363189
vacancy_0395,-3.701630,7.645332,-6.748782,-1.760210,-2.515789,-1.993821,8.817721,-1.960529,-7.572532,2.709850,2.348731,-1.749613,6.838491,-1.417463,-1.025453,8.872476,-2.279956,6.599868,1.981454,0.922965,8.771726,8.561944,-10.401312,2.623279
vacancy_0396,6.269669,-3.046688,4.949769,3.856671,-2.083411,2.511144,-7.233329,5.708966,-9.092534,-3.933107,1.369859,-6.729673,-7.659933,4.604750,0.111604,-7.160772,0.703618,4.930323,-6.862808,6.278292,-9.025167,-0.681982,0.718190,9.371937
vacancy_0397,-7.605669,-8.179669,8.287794,1.756203,-7.432952,3.249171,-6.618480,-5.666196,0.367732,-4.629576,-3.031865,4.352119,-1.874149,4.986172,3.178326,-5.286180,-0.061814,2.881058,2.090563,-0.714413,9.934457,7.013509,-0.681291,7.712998
vacancy_0398,-7.029688,-0.562004,5.029220,-7.444126,-7.715908,0.755630,0.213589,-0.636899,6.155829,4.284986,-0.575353,1.533131,-7.481872,-8.456453,8.001324,0.053167,1.211392,-5.118875,-2.525596,-4.906285,-5.737584,-9.989996,6.053565,7.553148
vacancy_0399,4.805286,-4.584174,4.784498,3.458322,-1.500243,1.676887,-7.189788,5.880902,-8.715213,-3.577643,1.545711,-7.459056,-7.391735,6.042499,0.278706,-8.882334,0.796708,3.958110,-4.490203,6.740925,-9.896561,-0.584415,2.086527,8.853199
vacancy_0400,-1.784669,8.008872,-5.980467,-1.671172,-1.754282,-1.597055,8.900417,-1.413518,-7.632933,2.780174,1.312116,-2.128544,6.375423,-1.139405,-1.561694,8.515676,-1.405616,6.136291,2.574000,0.563391,10.260078,9.172392,-8.251283,3.106398
vacancy_0401,-7.051354,8.294829,-3.527079,6.622353,-1.724728,-3.657355,6.263205,-4.560881,-0.185268,7.152068,9.562719,1.309723,8.144537,7.288332,-7.039320,-9.038776,0.191275,3.456579,6.426849,-9.103918,-5.226249,2.648174,4.162173,-0.493900
vacancy_0402,-2.386614,6.652225,-8.572876,-0.736028,-2.894295,-1.366508,7.776440,-2.185483,-7.676862,2.482428,1.311411,-2.499295,6.759417,0.691541,-2.206028,8.152121,-1.528619,6.530058,2.575369,-0.141944,10.675264,8.708818,-8.769466,2.124154
vacancy_0403,-7.715263,-8.331877,9.029773,0.863776,-6.113519,3.752472,-6.366929,-6.120352,1.232013,-3.348536,-2.647455,4.311304,-1.360004,3.989644,3.919945,-6.683075,-0.397006,3.276705,1.988052,0.009976,10.001577,6.631431,-0.196797,7.883024
vacancy_0404,-7.569378,-8.188667,8.451687,2.864507,-8.150540,3.969628,-6.851811,-5.153372,1.305757,-2.826916,-3.304877,3.834830,-0.833387,5.041750,2.752149,-6.238076,-0.351724,3.817930,1.976196,-0.469387,9.542346,7.460741,-0.358479,7.567075
vacancy_0405,6.115058,4.048797,2.659602,7.748634,-3.636068,-5.864260,5.697145,-6.942632,3.497077,2.177136,-3.164572,-1.925453,1.316203,7.359218,-6.219894,0.446768,-5.379297,-8.631108,-10.241243,-7.668552,-3.372563,3.769464,-8.072757,6.115849
vacancy_0406,8.619311,6.979556,8.058152,-7.978445,-1.088361,6.774444,2.165968,-6.314165,1.716964,7.324339,7.992165,-8.456604,-0.149203,-2.648812,-5.393038,2.039029,-6.937481,7.871498,5.629967,-2.770821,-6.286002,-4.605943,1.679257,5.071973
vacancy_0407,6.295620,3.599862,1.934773,8.868608,-5.760191,-4.801306,5.514321,-6.377181,3.447229,2.079247,-1.362419,-1.859397,0.674192,8.445445,-5.699636,0.057555,-5.588407,-7.998761,-8.950719,-8.168631,-2.621813,4.807912,-7.131272,6.971258
vacancy_0408,5.921087,4.208564,2.874307,7.444542,-4.061379,-6.167007,5.882305,-6.485646,3.612517,1.432014,-2.286121,-3.087886,1.714738,7.969241,-6.047147,-0.740362,-4.735382,-7.918054,-8.589786,-7.381380,-4.074950,3.696163,-9.038022,6.001907
vacancy_0409,9.727141,6.105577,-5.439260,9.261000,-1.864814,9.133683,-4.795400,-4.492241,8.503719,-7.744772,-0.041553,-2.618718,6.787766,-8.815862,-8.170026,0.963003,5.406839,-7.729162,2.632614,-2.105192,5.606030,-1.919795,-4.118719,0.338569
vacancy_0410,-1.737578,7.122711,-7.611334,-1.471345,-2.908119,-1.381392,8.067784,-1.863436,-8.914122,2.275318,2.210997,-2.198980,6.331107,-0.405073,-3.094076,7.320399,-2.781092,4.533010,1.668766,0.255357,9.916399,8.830400,-9.135157,2.407246
vacancy_0411,-7.595688,-8.229909,8.206108,3.584193,-7.367744,3.524838,-6.553038,-7.568771,1.341248,-3.493266,-3.048356,4.833927,-0.440740,4.299640,2.944174,-4.768210,-2.000031,2.875887,2.458427,-0.185660,8.780888,7.081717,-1.192693,8.018551
vacancy_0412,5.168627,4.081887,0.584957,7.663139,-4.837891,-6.023304,5.558788,-6.327909,3.773652,0.840267,-1.318496,-0.887455,0.815547,8.280499,-6.409982,0.721383,-4.165859,-8.849816,-9.243403,-7.175260,-2.662958,4.084325,-7.835398,5.719823
vacancy_0413,-7.055477,9.583096,-2.746194,5.760982,-1.775550,-2.552880,6.734025,-3.368741,0.366578,9.446534,10.585556,1.220742,7.776241,6.540776,-7.188024,-8.731087,-0.001210,4.112051,7.615059,-7.772737,-4.980668,3.443567,3.840694,-0.973102
vacancy_0414,4.679561,-3.414174,2.959038,3.130642,-1.843478,1.884971,-7.663293,6.742358,-8.263572,-4.651895,2.304479,-6.996929,-7.306751,4.363782,-0.195490,-7.655428,0.762548,5.162758,-6.036648,6.195089,-9.647801,-1.002199,1.393572,7.333249
vacancy_0415,6.403999,-4.454867,3.896499,4.153010,-2.456325,1.830955,-7.669196,6.471260,-9.989248,-3.598428,1.553425,-7.267993,-6.183597,6.576051,-0.820341,-7.325129,1.093591,4.345549,-6.479658,6.968095,-9.045289,-1.133322,1.620534,7.644135
vacancy_0416,9.432685,6.757204,-6.085542,9.597857,-2.500248,8.254923,-6.511761,-4.048717,9.154249,-7.032224,1.078196,-2.975366,7.109499,-9.657799,-7.632876,0.641480,6.049875,-5.862271,2.132062,-1.722964,5.174983,-0.747953,-4.895360,0.369766
vacancy_0417,9.127857,8.809800,8.330176,-8.025846,-0.373934,6.577972,2.170432,-7.506677,1.062801,8.002494,8.563444,-7.085709,-0.981527,-2.675949,-3.303198,1.628215,-6.565715,8.845394,5.299993,-3.506836,-7.190562,-4.654282,1.964845,4.104798
vacancy_0418,10.349102,7.379043,-5.894898,9.828813,-0.695133,7.587730,-5.872395,-3.862154,8.457037,-7.342980,0.082178,-2.513151,8.224880,-8.618495,-8.197622,-0.092096,5.287056,-6.782020,2.562129,-1.543715,4.724629,-1.394342,-6.521022,-0.035171
vacancy_0419,5.075751,-3.493352,4.399375,3.399152,-1.103817,2.196681,-7.890557,6.457667,-9.091257,-3.686361,2.310765,-7.313634,-7.523983,5.285532,0.254675,-7.833636,1.253902,5.589506,-5.893380,6.529488,-10.481806,-0.723016,0.652058,7.845078
vacancy_0420,-8.817731,-8.301058,8.447123,3.185914,-7.409535,4.002361,-6.378722,-5.241247,0.998701,-3.201370,-3.590673,3.990645,-0.948031,4.436773,2.267610,-5.859446,0.325570,2.837643,2.486400,-1.334035,10.322515,8.492917,0.155106,8.209267
vacancy_0421,4.882862,-3.205558,4.328843,4.470971,-1.076294,1.850864,-7.021573,5.284649,-8.742363,-4.398481,2.231240,-6.827788,-6.850580,5.041222,-0.234340,-7.215317,2.106823,4.984775,-6.199316,5.948225,-9.494785,-0.927418,3.245128,8.505084
vacancy_0422,-6.853247,9.032084,-3.901769,5.660527,-2.662795,-3.876859,6.532241,-3.468535,0.443882,8.949414,9.641269,3.421168,7.653803,6.726465,-7.919336,-8.706245,-0.568801,2.735992,8.254608,-8.514154,-5.370322,2.889655,3.617253,-0.619875
vacancy_0423,-7.171044,-9.796207,8.673267,3.405136,-7.029684,4.546091,-7.382695,-5.304881,1.696268,-4.572987,-4.024005,4.069960,-1.742739,3.946905,3.214934,-5.979172,0.068329,2.651369,2.031177,-1.117507,9.092900,6.762449,-0.827336,8.518443
vacancy_0424,5.923313,4.400152,2.472414,7.349228,-5.013388,-5.692403,5.499420,-7.372868,3.360855,2.365981,-2.018917,-1.281828,1.894536,8.000605,-5.089085,-0.514954,-5.169290,-7.855758,-8.172030,-7.768122,-2.737035,4.851808,-7.663084,6.705895
vacancy_0425,-5.900241,9.199126,-3.043826,6.068434,-2.284776,-3.820492,5.854158,-3.462776,1.131675,8.502093,10.128028,1.142369,7.487005,8.120350,-8.132556,-7.129175,-0.428978,3.463721,6.917340,-8.457634,-5.368109,3.209558,5.216516,-0.603524
vacancy_0426,5.405083,4.106889,1.458333,8.265150,-4.499144,-6.226623,4.805723,-6.788123,4.928861,0.626765,-0.549033,-2.242522,1.364168,7.272209,-5.389583,0.436885,-4.721183,-7.916738,-8.910545,-8.065556,-3.960022,4.472947,-7.019652,5.729530
vacancy_0427,8.458856,7.768116,7.818400,-8.943710,-1.090110,6.863547,1.068167,-7.065489,2.093033,7.767206,9.857363,-8.733048,0.400450,-3.516274,-4.738600,1.455650,-7.314401,7.984901,5.708045,-3.389150,-7.545586,-4.124369,2.403163,5.665144
vacancy_0428,-7.829127,-1.620771,4.725225,-8.208071,-8.186083,2.235786,-0.980919,-1.032590,5.179315,3.548478,1.183752,2.273129,-7.591182,-7.211884,8.301461,-0.351743,2.730880,-5.647578,-2.202090,-5.060025,-5.367099,-9.840802,6.614625,7.783222
vacancy_0429,-7.180021,9.933732,-2.817248,6.214571,-1.883707,-3.207554,5.562645,-4.538122,0.082176,8.415703,9.322971,1.917001,7.730998,7.136238,-7.753135,-9.331097,-0.729775,3.214607,7.025692,-9.182907,-5.557446,2.222715,4.493898,-1.025633
vacancy_0430,-7.040812,8.937118,-2.631677,6.251817,-1.954018,-2.355646,7.184984,-4.066500,0.102376,8.177193,9.441402,2.758422,7.936194,7.278452,-6.900823,-7.973972,1.308958,3.405269,6.407706,-8.484750,-5.517235,2.998447,3.760457,-0.601813
vacancy_0431,-8.821827,-8.842017,7.725475,3.105573,-7.941715,4.086019,-5.872140,-6.207333,1.421211,-4.340254,-1.804149,5.023688,-1.325282,4.090889,3.826755,-5.902993,-0.542085,4.369132,1.264040,-0.575473,9.912501,6.201370,-1.476493,7.854682
vacancy_0432,5.745965,-2.910997,5.361443,3.596184,-1.074433,2.693825,-6.703895,6.759423,-9.290578,-4.911510,2.226292,-6.426781,-6.865831,4.448449,0.496228,-8.259967,0.829419,4.572783,-5.240264,6.988630,-9.023186,-0.637336,1.862244,8.317203
vacancy_0433,-7.834181,8.310755,-4.175771,6.650089,-2.792855,-3.490710,6.483587,-3.802404,2.194037,9.528270,9.471600,2.421467,7.957562,7.281067,-7.544540,-7.054322,0.128416,3.622474,7.193888,-8.419382,-4.917950,2.592519,4.258206,-0.168203
vacancy_0434,4.214220,-2.971583,4.528674,4.421308,-1.806752,2.247135,-6.849171,6.715236,-9.787526,-4.260547,2.034393,-7.315308,-7.395510,5.348510,0.714530,-7.704584,1.566646,5.573975,-7.302820,7.451419,-8.988610,-1.481833,1.882706,7.990541
vacancy_0435,-2.576741,7.958237,-8.354174,-1.370813,-2.538661,-1.940487,8.276502,-2.238193,-8.099095,2.377646,2.244935,-1.568652,5.706719,-0.072293,-2.777889,7.664175,-1.919570,5.162714,2.524165,0.645509,8.554907,9.290303,-8.798727,2.485430
vacancy_0436,-2.287172,6.923865,-8.922006,-2.123913,-1.461591,-1.220083,7.945479,-1.832739,-7.489909,3.521630,1.667934,-2.412414,6.123515,0.417810,-1.347339,6.793809,-3.146490,5.900751,3.095521,1.696705,8.449229,7.988922,-10.014976,2.968697
vacancy_0437,8.786580,6.892760,7.917143,-7.720743,-1.906278,6.725809,2.140185,-6.676339,0.954328,7.999998,10.151753,-7.915215,0.115964,-3.160409,-5.383981,1.526729,-6.148907,7.453713,5.344169,-2.477067,-6.339123,-4.970174,2.519501,5.119195
vacancy_0438,-1.496113,7.137536,-6.772610,-1.099386,-2.796004,-2.119932,7.769420,-2.532415,-8.868716,2.386073,1.565141,-2.253984,5.873079,-0.390792,-1.658625,8.073700,-3.138029,6.707178,2.626651,0.614038,9.025278,9.891021,-10.294818,1.533586
vacancy_0439,-6.800521,-9.128604,8.316294,2.608285,-6.592224,4.281180,-7.120792,-6.330575,1.152689,-3.278993,-4.019716,5.000927,-1.396387,5.314466,3.433510,-6.767637,-1.158171,3.556941,2.662638,-0.261545,8.567284,6.055843,-0.880761,8.167493
vacancy_0440,-7.219234,-0.406611,5.186133,-8.456623,-7.994461,1.205761,0.676121,-0.219489,5.644672,2.280480,-0.698953,2.508282,-6.158144,-7.511861,7.966424,-0.931051,2.934838,-3.900901,-1.943535,-4.056019,-5.339031,-8.933444,7.987981,8.085742
vacancy_0441,6.482640,-4.903247,4.258585,2.334344,-1.773532,2.048047,-6.148327,6.746298,-8.324857,-4.281081,1.825648,-7.277367,-7.024625,5.706082,-0.224850,-7.462129,0.719348,4.341518,-5.615907,7.545120,-10.558975,-0.746763,1.238421,7.574268
vacancy_0442,-2.560778,6.606154,-8.505144,-1.328723,-1.925176,-0.984735,8.935795,-2.188859,-7.994812,3.343799,1.721081,-1.611979,5.768207,-0.634924,-2.351731,8.009470,-0.928791,4.342005,1.599301,-0.090572,9.438585,9.009526,-9.276760,3.137072
vacancy_0443,-8.382475,-8.037456,8.583672,2.279071,-8.620851,3.304137,-7.725888,-6.752719,1.712475,-3.894744,-2.468667,4.510815,-1.522603,4.507968,1.856924,-5.319568,-1.245669,2.503970,1.412951,-1.186735,10.546854,6.793580,-0.543498,7.181186
vacancy_0444,-1.897877,7.423073,-7.786641,-2.116645,-3.294182,-1.238598,8.943935,-1.581408,-6.698111,2.300502,0.982366,-2.018681,6.727156,0.244823,-1.021395,8.310927,-2.346715,5.805752,2.745005,-0.255293,9.398779,8.630363,-9.385746,2.794908
vacancy_0445,6.165028,-3.885912,5.354463,3.322040,-1.560305,2.371837,-7.904481,5.716985,-9.903245,-5.498950,1.958360,-6.518520,-6.054843,4.699551,-0.345562,-9.057149,2.092922,5.115023,-6.308580,7.445423,-9.586664,-2.300099,1.743827,8.107925
vacancy_0446,5.833110,-3.767504,3.302479,3.170083,-0.758762,2.497892,-8.390885,6.683851,-8.739872,-3.771708,2.269294,-6.593940,-7.222150,5.412544,-0.128523,-7.637177,0.533795,4.296721,-6.389235,6.900036,-10.123922,-1.321772,1.914814,8.568709
vacancy_0447,5.231440,4.737741,2.226335,9.402556,-5.573628,-6.480022,6.350696,-6.140670,2.964122,1.364513,-2.198980,-1.526648,1.409634,8.143793,-5.978786,0.128852,-4.448354,-7.093852,-10.031298,-7.417795,-3.886089,4.156750,-8.174775,7.730797
vacancy_0448,-5.954735,9.165925,-2.752145,5.091352,-2.664082,-2.207316,7.405358,-4.339584,0.766494,8.319089,9.321406,2.410715,7.956877,7.196981,-7.764867,-9.598683,0.763256,3.692712,7.521042,-8.909022,-4.621589,2.044761,4.553048,-0.885231
vacancy_0449,8.627638,7.259360,9.165540,-7.788378,-1.077550,6.995502,1.864351,-7.365805,1.465106,6.883704,9.008393,-7.677567,-0.759235,-3.409500,-4.641470,1.962753,-6.415202,9.088061,5.316471,-2.192984,-6.823799,-4.601886,2.054007,5.919509
vacancy_0450,6.019660,3.585477,2.487475,8.445241,-5.758189,-5.752044,6.392483,-6.308321,4.611622,1.370360,-2.114366,-1.850164,1.369096,7.352353,-6.082080,0.848005,-6.155436,-7.530868,-9.278120,-7.969987,-3.751307,3.699244,-7.538721,6.440378
vacancy_0451,5.632559,4.700035,2.941385,8.433764,-4.350921,-4.778419,6.131187,-7.169282,4.021550,0.934807,-2.981614,-2.598250,1.559825,7.662957,-6.495826,0.988193,-5.182216,-7.216271,-9.818755,-8.280944,-3.894646,4.141629,-8.140532,6.940868
vacancy_0452,-2.239378,7.332686,-7.668012,-1.750158,-2.234640,-2.020095,8.693165,-2.161088,-8.754351,2.362325,2.845298,-3.000677,7.277615,-0.351050,-1.934682,7.683825,-1.166792,4.846349,2.336943,-0.353448,8.534493,8.291823,-9.505150,2.756581
vacancy_0453,-7.865347,-8.865744,8.796959,3.433955,-7.818377,3.979127,-7.075822,-5.970812,1.334246,-2.698309,-3.276248,4.020821,-0.669316,4.794321,3.410154,-5.606807,-0.709927,2.497542,2.032646,0.085217,9.611928,8.135368,0.806651,8.545518
vacancy_0454,-6.854767,-9.048438,8.692852,2.463180,-7.703061,2.974437,-7.216086,-5.916990,1.631369,-5.036239,-3.636120,4.070343,-1.176176,3.553152,3.007812,-5.387358,-1.002105,4.222826,1.561766,-1.492243,10.448141,7.221998,-0.562134,8.465388
vacancy_0455,-7.335353,0.137445,5.467922,-7.798880,-8.067358,1.576894,0.178834,-1.367987,6.205839,4.060138,0.700595,2.237646,-8.410312,-8.331203,8.661622,-0.603760,2.924589,-4.756555,-2.548516,-4.597432,-5.209062,-10.187582,5.882093,8.214247
vacancy_0456,4.646097,3.617997,1.700093,8.537849,-4.269036,-5.311338,5.114556,-7.552764,4.044794,1.292529,-1.761941,-1.928239,1.416640,7.223873,-4.784089,-0.271376,-4.212409,-8.164628,-9.430809,-8.793693,-2.839137,4.354323,-8.268721,6.394263
vacancy_0457,-7.442241,-0.578317,5.267711,-7.073786,-6.999047,1.415646,-1.500868,-1.717361,5.658811,2.419261,0.143802,1.289153,-7.262908,-7.500400,8.802098,-0.074285,3.738094,-4.943175,-2.589953,-4.220262,-6.085784,-9.560353,7.560288,7.175943
vacancy_0458,-7.120076,-8.362745,7.354672,1.596852,-8.302744,3.552872,-6.731879,-5.811327,1.379889,-3.779999,-3.066217,4.323099,-1.040266,5.979074,4.157738,-6.721764,-0.594694,3.212013,3.188243,0.042106,11.356864,7.077475,0.232922,7.649266
vacancy_0459,-6.707642,-0.897059,4.896541,-7.245477,-8.245992,0.852257,-0.768391,-0.948713,4.984568,3.668558,-0.313180,2.279626,-6.852072,-6.977019,8.476362,0.392646,2.469188,-5.563400,-2.608177,-4.227962,-4.498225,-9.387937,7.263680,8.072266
vacancy_0460,10.451347,7.301663,-5.332981,9.442986,-1.942411,8.311162,-5.552077,-3.465252,9.590077,-7.138701,1.394976,-3.363481,7.399288,-8.225210,-8.056849,0.933948,5.294683,-6.781220,1.352923,-1.379548,4.307462,-0.369446,-3.956713,0.446468
vacancy_0461,-7.294783,9.708042,-2.877771,6.025519,-1.616741,-3.692719,6.438093,-3.672092,0.585570,8.113726,10.794561,2.083199,7.645446,6.631923,-7.686740,-7.364253,-0.155466,3.942430,6.763030,-7.215483,-5.201913,2.838594,4.563902,0.282773
vacancy_0462,8.269152,7.642195,7.355199,-8.214545,-2.364643,6.473602,1.827176,-6.749497,1.015441,7.885760,9.139011,-8.407513,0.311313,-2.826863,-4.499099,1.835378,-7.393664,8.249866,5.627136,-1.809781,-7.206613,-4.763627,1.009378,5.965675
vacancy_0463,5.913327,4.576190,1.605070,8.357506,-5.021325,-5.450646,5.478610,-6.735028,3.761586,1.432779,-1.226533,-1.055938,1.022111,8.601001,-5.406092,0.342647,-4.814797,-7.339621,-9.634807,-7.257234,-3.048413,5.443963,-7.517528,6.040310
vacancy_0464,10.035661,7.513413,-5.863106,8.946745,-2.188786,8.472977,-5.556088,-4.530279,8.416714,-7.211842,-0.079650,-2.518219,7.329727,-8.246127,-7.570116,-0.729194,4.425068,-7.118009,2.830858,-2.145659,4.764283,0.009891,-4.538242,1.014541
vacancy_0465,-7.715091,-9.681272,9.374896,1.324038,-8.522512,3.902014,-7.446967,-5.507746,0.629119,-3.473360,-3.435872,4.188015,-0.778831,4.751374,3.058405,-5.213487,-0.496772,3.758691,2.597700,-1.746517,10.010734,5.847283,0.671102,7.987819
vacancy_0466,5.956796,-4.118709,3.600947,4.533949,-2.508706,3.321307,-7.748556,5.568015,-9.546808,-4.855182,0.474503,-6.806524,-6.277212,4.935595,0.439493,-7.925049,1.226439,4.157148,-6.741437,6.419890,-9.638803,-2.524885,0.985564,7.107461
vacancy_0467,6.432751,-2.127458,5.811510,3.803113,-2.181475,2.934822,-6.326028,5.992334,-9.788807,-5.298448,0.748685,-6.425266,-6.161875,4.699987,1.645819,-6.269980,0.888830,4.741409,-5.499719,6.686392,-9.179582,-1.042876,1.235511,6.988597
vacancy_0468,9.501404,6.439150,-5.609776,9.687757,-2.211292,8.800002,-5.829841,-4.572377,8.339952,-6.929704,1.005443,-3.430937,6.552317,-7.727761,-7.766060,0.612497,5.032919,-6.537759,3.053765,-1.724323,4.250240,-0.355912,-4.674121,-0.474567
vacancy_0469,-1.619169,7.277341,-7.426438,-2.227723,-3.559806,-2.201222,7.500506,-1.759458,-8.293621,3.773049,1.356987,-2.039901,6.745608,-0.180190,-1.568470,7.503063,-0.672473,5.518944,2.992005,1.157299,9.206590,7.707571,-9.465578,2.603540
vacancy_0470,-6.248175,-1.412081,4.638222,-8.438273,-8.551053,1.187786,0.079528,-0.391916,5.236820,3.309115,0.547297,2.177681,-8.106364,-8.515505,8.475813,-0.123375,2.250688,-6.216013,-2.089329,-4.240749,-5.167536,-9.515446,6.955809,7.785523
vacancy_0471,6.429220,-3.405702,5.637116,3.031040,-0.870342,3.779608,-6.860750,5.721297,-8.992944,-4.216447,2.089467,-7.522477,-5.858292,5.774525,-0.220399,-8.377635,0.664810,4.664611,-6.651171,5.381495,-8.947343,-0.262143,1.697047,8.970454
vacancy_0472,5.378842,-3.460762,4.249602,3.663231,-2.011125,2.984112,-7.486866,6.301561,-9.351733,-5.599622,1.771919,-6.967083,-7.144854,5.428026,-0.138740,-7.612849,0.668110,4.195083,-5.739439,6.629634,-8.684456,-0.942982,0.931486,8.416048
vacancy_0473,-7.092851,-1.733191,3.302508,-7.552152,-7.727311,1.527716,-1.586371,-0.162880,5.875654,2.985638,-0.517704,1.407230,-6.885761,-8.002024,8.284123,0.128400,2.624508,-5.352447,-2.261433,-4.539509,-5.719268,-9.476279,6.967325,8.395268
vacancy_0474,9.639010,7.672672,-6.278942,10.090728,-0.499813,8.612940,-4.151346,-4.184785,8.583043,-7.118847,0.638260,-3.083340,7.342181,-9.088379,-7.787974,-1.956283,3.890239,-6.776303,3.259300,-1.408285,4.795236,-1.134055,-4.039040,-0.358690
vacancy_0475,-8.175616,9.761650,-2.854091,6.236914,-2.315382,-3.465054,5.514118,-4.032624,2.040010,7.681202,9.917001,1.366810,7.851761,6.799986,-6.435233,-9.121100,1.040519,3.373747,7.296823,-8.223069,-5.909395,1.973565,4.483175,-0.979107
vacancy_0476,5.861665,-3.935166,4.195750,3.251555,-2.427765,2.219408,-8.088129,5.822311,-8.863008,-4.421976,1.590433,-7.481533,-6.404303,5.036027,-0.288647,-7.212224,0.637443,4.161098,-5.605331,6.904596,-10.016852,-1.693830,1.823695,8.859608
vacancy_0477,-7.725716,-9.634171,8.664089,2.478365,-6.550152,3.040772,-7.735944,-6.008671,0.363909,-3.445204,-3.278073,3.907427,-2.216563,4.516624,3.569965,-6.250643,-2.214597,3.733844,1.474087,-1.222321,9.422737,6.955176,0.243545,8.781201
vacancy_0478,-2.088794,8.298684,-7.057557,-1.857968,-2.630493,-1.402257,7.664363,-2.163747,-7.997893,2.012338,2.543584,-2.489092,5.034219,-0.670989,-1.428759,7.681948,-3.052995,4.826854,1.720646,0.638910,9.000558,8.926296,-8.797974,2.386854
vacancy_0479,-8.261756,-9.512325,9.690187,3.102299,-7.015479,3.039135,-6.063875,-6.481984,1.436248,-3.797560,-3.786955,4.626928,-1.059606,4.069985,3.489388,-6.075372,-1.297008,3.809653,1.765649,0.073050,10.261014,6.881084,-1.119272,8.243842
vacancy_0480,-8.097670,8.539993,-2.784827,6.435547,-2.639916,-2.169376,6.183608,-3.940875,0.163728,10.018490,9.656951,2.089290,8.033812,8.146657,-7.330211,-8.386426,0.750763,4.936383,8.062262,-8.575940,-5.639219,3.321713,4.455582,0.245640
vacancy_0481,10.495877,7.047944,-6.094923,9.270638,-2.246832,8.734753,-5.464710,-3.969754,8.662388,-7.198929,0.564296,-2.260668,6.513788,-8.549355,-7.570394,0.112536,5.383479,-6.868162,2.628920,-1.770000,4.745427,0.014338,-5.592376,0.179359
vacancy_0482,-7.655751,-0.136599,4.729947,-8.355041,-8.454645,1.886765,-0.438827,-0.422236,5.571949,2.625287,-1.027931,1.164225,-7.789049,-7.164833,9.083223,-0.142173,2.323680,-4.313320,-1.730681,-4.267344,-5.321844,-10.168016,5.793178,7.534126
vacancy_0483,-7.546906,8.841787,-3.325220,6.393530,-2.383937,-4.013926,6.160858,-4.257280,0.481900,8.678510,10.629102,2.811053,8.547182,7.015448,-7.209118,-9.160653,0.404000,3.418541,7.135491,-9.369247,-4.198557,2.507927,3.917790,-0.820695
vacancy_0484,6.208001,-4.019762,4.081507,2.795310,-2.346686,2.034972,-7.945282,6.427149,-8.941019,-4.856533,1.411607,-6.350799,-6.907896,5.671734,-0.008289,-7.271037,0.171304,3.748601,-6.035013,7.327680,-9.996063,-1.113822,1.537008,7.688998
vacancy_0485,-7.753691,-0.706967,5.014681,-7.918452,-8.880930,0.758868,-0.697514,-0.537833,5.682186,2.532729,1.117690,2.056866,-7.006194,-7.895810,9.007485,-1.010317,2.274000,-5.460082,-0.965242,-4.834099,-4.194966,-8.662040,7.652810,7.302565
vacancy_0486,-7.588618,9.115779,-2.558206,6.454885,-1.715400,-3.702127,6.040169,-4.706337,0.221553,7.294148,9.339121,1.493428,7.709280,5.988039,-7.559811,-9.553435,0.036733,3.350510,6.994432,-8.828694,-5.305818,2.667031,4.271237,0.774232
vacancy_0487,8.781326,7.265461,7.554744,-8.527703,-1.073205,5.902537,1.198550,-6.625789,1.025781,7.548307,8.864741,-7.331134,-0.000660,-3.881884,-5.314309,1.674840,-7.740582,8.740360,6.176546,-2.378408,-7.507906,-5.345444,1.733988,4.159573
vacancy_0488,-6.869193,-0.281308,4.468586,-8.218731,-8.930601,1.340722,-0.079321,-0.283031,6.102677,2.518740,0.725546,2.439095,-7.469225,-7.658410,9.365777,-1.116142,2.508870,-4.802014,-2.146123,-5.266773,-5.325824,-9.949924,6.471020,7.022411
vacancy_0489,8.637905,5.717036,8.790723,-8.038456,-0.802957,6.765620,1.222960,-6.176469,1.854517,8.774017,9.098271,-8.417769,0.138571,-3.282883,-5.135765,1.903995,-6.603803,7.271941,5.029544,-2.798680,-6.868807,-4.597901,2.388309,5.138623
vacancy_0490,5.462995,4.729983,1.402572,9.903965,-4.513926,-6.403618,6.940859,-6.633667,2.722483,1.675941,-1.469217,-2.727523,1.660066,8.634314,-5.892620,0.081614,-5.722376,-7.917569,-10.175803,-7.181789,-3.434622,5.255907,-8.360654,6.916500
vacancy_0491,-7.316997,-0.483400,4.866894,-7.391666,-8.415584,1.989603,-0.660249,0.049741,6.220143,3.712022,-0.033904,2.280171,-6.960658,-8.253685,8.042268,-0.424498,1.850218,-5.470385,-1.912158,-4.037709,-5.487606,-10.510667,7.403678,7.766586
vacancy_0492,8.400101,6.869659,8.399954,-8.125809,-0.625143,7.036416,2.205064,-7.411015,0.882847,7.161368,10.205450,-8.520735,-0.534611,-4.061681,-4.490197,1.947662,-5.960954,8.734835,6.207984,-3.687397,-6.751607,-5.373384,2.387141,5.927387
vacancy_0493,5.567680,-3.489895,4.045446,2.727283,-2.506639,1.842105,-7.625338,6.002183,-9.975129,-5.389013,0.311133,-6.592971,-6.916737,4.748162,-0.843195,-7.714008,0.784302,4.199606,-6.046568,7.116529,-9.439547,-1.193333,1.641945,8.127503
vacancy_0494,5.064213,4.645107,2.208463,8.017545,-4.126747,-6.362603,6.018893,-6.475271,3.321027,1.655104,-1.547795,-2.721530,1.150337,7.861546,-6.482671,1.113989,-5.975203,-8.434400,-9.070823,-7.975076,-3.689150,3.958328,-7.787559,5.948004
vacancy_0495,-7.123570,9.295279,-2.901230,6.622320,-2.407741,-3.846911,5.651256,-4.812538,0.453339,8.628928,8.469336,2.579908,7.504061,6.858839,-7.561926,-7.824424,-0.544809,3.953115,7.273703,-9.335611,-4.560380,2.683795,3.474966,-0.681787
vacancy_0496,9.864634,6.582018,-5.480652,9.671951,-2.646619,8.619384,-6.602570,-4.403551,8.757423,-7.376739,0.318192,-3.574185,8.003060,-8.846749,-8.184005,0.484225,5.092925,-7.072684,1.507555,-1.957790,4.904116,-0.928162,-5.542121,-0.753411
vacancy_0497,-8.341650,-9.199455,8.759962,3.125402,-8.150806,3.126414,-7.619772,-5.099190,1.483440,-3.351626,-2.144657,4.229584,-2.070879,4.502999,2.597449,-4.554687,-1.282715,3.653445,1.203191,-1.004819,9.950084,6.821739,-0.470096,7.694989
vacancy_0498,4.811290,5.410072,1.912703,8.471063,-4.520224,-5.335907,5.600281,-6.897888,3.645356,1.357809,-1.267216,-2.082282,2.958136,8.331710,-6.260553,0.448896,-4.986061,-7.840120,-9.037336,-6.863321,-3.403525,3.673675,-8.273640,6.053583
vacancy_0499,-2.706020,6.875339,-7.200358,-2.276058,-3.994328,-1.311013,7.756627,-1.273665,-6.725032,1.616243,1.807802,-2.170913,6.563553,-0.629479,-1.710830,8.145814,-1.189750,5.594095,2.598711,1.050595,9.838182,8.524519,-9.672963,2.737713
vacancy_0500,-7.664026,-0.662331,4.908135,-7.822962,-8.260231,1.903522,0.015451,-1.977235,5.736462,3.270577,0.186715,2.862340,-6.671778,-8.700057,9.708354,-0.431046,2.422883,-6.330274,-1.090683,-4.873297,-4.812833,-9.078769,8.011727,7.379653
vacancy_0501,5.901607,-2.583102,4.199208,3.196397,-0.446314,1.927893,-6.593474,4.562784,-9.409526,-6.260064,1.484575,-6.234578,-7.123768,5.024155,0.753780,-7.749156,0.935777,4.575870,-5.498432,6.886073,-11.231071,-1.022393,1.640499,8.662676
vacancy_0502,9.780955,6.956630,8.802663,-8.592104,0.350720,7.344040,1.246694,-6.102243,3.233068,8.053461,9.330365,-8.575772,-0.475389,-3.286357,-4.690389,1.684215,-6.341686,8.931657,5.473593,-3.179966,-5.960868,-4.964938,1.186639,4.920418
vacancy_0503,-7.053217,-9.723353,8.992995,1.920626,-8.378499,2.836965,-6.509086,-5.895058,1.630087,-3.570548,-2.834995,4.918088,-1.294184,5.312235,3.328000,-6.317522,-1.631369,2.779481,1.233237,-0.442275,9.221273,6.658937,0.328983,7.301177
vacancy_0504,-7.098329,-0.922840,4.826228,-8.189320,-7.654407,1.550400,-1.111012,-0.353320,4.665274,3.105983,0.706309,1.584741,-7.549176,-7.657366,8.384130,-0.026322,1.601451,-5.540810,-2.644051,-4.440863,-4.646413,-9.526971,7.388149,7.990669
vacancy_0505,-3.006443,7.697312,-7.805979,-3.251022,-2.770756,-2.289141,7.927211,-1.560675,-8.068779,1.867279,1.506126,-3.304796,6.542466,-0.315066,-0.917310,7.664346,-1.416596,5.233477,2.519842,0.701844,9.806023,8.680374,-10.257827,2.975417
vacancy_0506,5.491720,5.016823,2.545746,8.070303,-4.769575,-5.673602,6.149551,-6.147397,4.057865,1.667519,-2.056246,-1.063861,0.614230,7.599634,-5.079822,-0.316142,-5.733723,-8.701863,-9.011976,-6.989152,-3.999340,5.097346,-7.367533,5.921987
vacancy_0507,4.650424,4.673568,1.571804,7.951600,-4.239764,-6.152733,6.910716,-6.550432,3.404778,2.379409,-1.813993,-2.589195,1.400047,7.872592,-7.374317,0.274961,-5.164984,-8.291919,-9.100973,-6.609294,-4.121442,4.008271,-6.928491,5.929832
vacancy_0508,8.367215,6.875654,7.054855,-8.458195,0.185053,6.339989,0.897586,-6.639339,1.766920,7.161778,8.974480,-8.100219,0.540704,-3.635927,-5.783413,2.626783,-5.949308,9.025436,6.426783,-2.860093,-6.905703,-5.057094,1.045385,5.503616
vacancy_0509,-7.705820,-0.721474,4.870075,-7.902262,-8.888125,1.348978,-0.012847,-0.671626,4.990829,3.563925,1.275514,1.867188,-7.195433,-7.503026,9.552807,-0.625757,1.955466,-5.050868,-3.053920,-4.625518,-5.718809,-9.932081,6.536987,8.338875
vacancy_0510,-7.569030,8.861037,-2.041627,5.565384,-2.596682,-2.872606,6.215991,-4.399825,0.130520,7.964991,9.336634,2.035284,7.214153,7.255071,-6.876752,-7.620048,0.567891,3.243511,7.142684,-8.150462,-4.244936,2.637001,4.628087,0.263591
vacancy_0511,6.691617,-3.839401,4.328612,3.091798,-2.744369,2.526591,-7.745477,6.814679,-9.398205,-5.208599,1.662016,-6.198601,-7.311178,5.124475,1.680397,-8.357257,0.785136,4.625976,-5.512440,6.146787,-7.869976,-0.373006,1.365773,7.380852
vacancy_0512,10.010212,7.578488,-5.923140,10.526808,-1.537257,9.145907,-5.521251,-3.514966,8.255379,-6.339936,0.911765,-2.782706,6.758901,-7.964883,-8.103573,-0.610687,4.223892,-7.180203,1.792628,-1.170962,5.224173,-0.928609,-4.746056,0.836616
vacancy_0513,5.208649,4.623651,2.732369,9.033587,-4.740437,-6.469207,6.688660,-6.690585,2.575202,1.531853,-2.304693,-2.241670,0.995610,8.372099,-5.955620,-0.019656,-5.225465,-7.421497,-8.827761,-8.576093,-3.479528,4.678978,-8.131835,6.024271
vacancy_0514,5.627279,3.762146,1.498046,8.126475,-4.872004,-6.487881,6.348129,-7.086681,2.473748,0.969998,-2.532246,-0.133090,2.048268,8.968732,-6.358183,1.309006,-4.911150,-7.503190,-8.580764,-7.171017,-3.027133,3.850586,-9.013412,5.632725
vacancy_0515,4.933177,3.831316,1.763495,8.668824,-3.959185,-6.334826,6.784823,-7.218786,3.975547,1.146577,-2.386525,-1.084226,1.687636,7.050489,-6.615472,1.356176,-5.408808,-7.754615,-8.764227,-7.614054,-4.548305,4.895044,-8.091835,6.880582
vacancy_0516,-7.305754,8.818687,-3.228499,5.373281,-2.550138,-3.779916,5.203375,-4.080194,1.035532,9.377666,9.363016,1.491430,8.785186,6.528798,-7.096134,-8.582273,1.046063,3.137701,6.906168,-8.717521,-5.055557,3.013191,4.463191,-0.775725
vacancy_0517,-7.172476,-0.617348,4.268523,-7.798849,-8.342984,2.357319,-0.265988,-0.172226,5.943522,2.936650,-0.338436,4.125517,-7.549000,-9.517329,8.634244,-0.477319,1.494689,-5.650879,-1.794632,-3.758188,-5.342961,-9.010351,6.931848,7.623071
vacancy_0518,6.696942,5.361881,2.747101,8.552172,-4.179888,-5.776143,6.256108,-6.342324,3.493555,1.586364,-1.540267,-2.508975,1.701564,7.149744,-5.880085,-0.117749,-4.616471,-9.345545,-9.458622,-8.022540,-3.728435,4.008400,-7.928339,7.602097
vacancy_0519,-2.472775,7.436485,-7.835790,-0.198578,-2.970674,-1.400205,8.510001,-2.351075,-8.123401,2.242111,3.513762,-2.129819,6.131098,-0.336650,-1.317951,8.311476,-1.004632,5.948065,1.812784,0.901895,9.915852,9.015616,-11.004082,2.083006
vacancy_0520,-7.565042,-7.932325,9.766707,2.088891,-6.303033,3.689619,-6.586694,-6.784994,-0.408308,-4.478861,-3.342711,3.125270,-1.060088,4.568245,3.398178,-4.948045,-0.858974,2.886504,1.882882,-0.213830,9.335380,5.662859,-0.569076,7.752685
vacancy_0521,4.692680,3.869033,1.694803,7.784133,-4.605490,-6.317147,5.508700,-5.947734,2.398493,2.041628,-1.303617,-1.959955,1.324512,9.003710,-4.971185,-0.114059,-5.083996,-8.744692,-8.739846,-7.457392,-3.708610,4.043868,-7.533126,6.931917
vacancy_0522,-7.520938,-9.493383,9.123321,2.095797,-8.474433,3.768374,-6.882306,-6.182708,1.133148,-3.489330,-4.055596,4.808339,-1.983306,4.796577,2.536653,-4.766817,-1.816642,3.368971,2.308565,-0.367362,10.780342,7.224468,-1.346741,7.707107
vacancy_0523,-7.539209,8.457258,-2.534430,5.952461,-1.937954,-2.785495,5.277529,-4.577324,0.077479,8.413866,9.666565,2.165765,8.216364,6.455477,-7.269372,-8.306930,-0.398471,3.202054,6.446298,-7.793670,-4.176032,3.677425,3.888067,-0.787801
vacancy_0524,8.501335,7.075242,6.601377,-8.066812,-0.671472,7.113310,1.502060,-6.136861,1.447180,7.172680,8.919079,-8.428051,-0.874867,-3.203961,-5.346033,1.684783,-7.208197,8.265484,5.361575,-2.770478,-6.401545,-5.142309,1.497870,5.947980
vacancy_0525,-1.819627,7.109191,-7.755955,-1.932471,-2.582058,-2.009266,7.821659,-2.007305,-8.270163,2.372125,2.479724,-2.392139,6.403593,-0.256820,-0.573577,7.443572,-2.325754,4.879578,3.149636,0.045962,9.396559,8.513476,-10.853429,2.340647
vacancy_0526,-1.378852,8.953680,-7.209223,-0.297134,-2.599022,-1.329619,9.449832,-1.827050,-7.714855,2.504027,2.823868,-3.604386,5.626294,-0.828454,-1.790872,7.627885,-1.765980,6.300753,1.217535,0.634460,9.414174,8.830082,-9.712302,2.070666
vacancy_0527,-6.747995,7.615299,-2.560993,6.253881,-2.425740,-3.879332,6.978315,-3.225565,0.717116,7.518969,9.280997,1.936465,7.329353,7.191027,-6.753470,-8.431494,1.506454,2.441555,5.622857,-9.184414,-4.681356,1.801796,4.020613,-0.282827
vacancy_0528,5.794819,-2.815908,4.960367,2.885267,-2.247935,1.895366,-8.008794,5.376678,-8.406794,-4.047491,0.662568,-7.162831,-7.574922,5.534443,0.642971,-9.116578,0.240096,4.672083,-4.661566,6.574928,-8.729067,-0.944869,1.970859,7.828525
vacancy_0529,-8.618217,-9.213911,8.797276,2.550620,-7.588952,3.514685,-6.108105,-6.338753,0.299365,-4.055901,-2.992044,3.957192,-1.663698,4.203999,2.760998,-5.170664,-0.716226,1.820949,1.949950,-1.434500,10.809657,6.772704,0.012980,8.117343
vacancy_0530,8.437386,7.576875,8.154019,-9.220526,-0.327452,7.312699,1.933654,-6.420559,1.052567,7.587863,9.303387,-7.564600,-0.859471,-3.195992,-5.188052,2.496090,-6.647806,8.890608,6.315185,-2.296825,-6.483256,-4.996927,2.933037,6.006521
vacancy_0531,5.136139,-3.758214,5.079299,3.236651,-1.522776,2.080730,-8.014335,5.953996,-8.462706,-4.800602,0.680260,-7.282259,-6.304762,6.458650,0.539775,-7.175321,1.258696,5.040171,-5.443501,5.641010,-9.119360,-1.124661,1.441310,8.290571
vacancy_0532,6.589285,-2.788609,3.853339,4.433974,-1.634070,1.710028,-6.909723,6.241267,-9.044725,-5.265772,0.648656,-6.320273,-6.936664,6.330229,0.099140,-9.133884,1.153164,4.741031,-6.658676,6.288252,-11.118933,0.055437,0.947996,8.110238
vacancy_0533,-8.082998,-8.379268,8.588742,3.145804,-7.520984,3.825627,-6.678267,-6.277768,0.613519,-3.932557,-3.457390,3.716939,-0.908188,4.592621,4.186469,-5.858499,-0.517757,3.350087,0.978803,0.480725,10.146863,7.494151,-0.380388,8.683504
vacancy_0534,-1.558690,7.609596,-6.743777,-2.395253,-2.499733,-2.342590,7.998390,-1.479230,-7.003812,2.002609,1.748667,-3.103152,6.134963,-0.786813,-2.265143,7.557261,-2.633947,5.746542,2.176622,1.732894,10.399585,9.125911,-9.718260,2.640571
vacancy_0535,-0.399852,7.148823,-7.007087,-1.858569,-2.618644,-1.887970,7.696862,-1.208095,-8.359734,3.280998,2.858648,-2.624850,6.451015,-0.139612,-1.811009,7.048429,-2.647585,5.511544,1.068417,0.496031,8.946046,7.614168,-10.165868,2.597545
vacancy_0536,-7.120028,-0.838817,4.983375,-6.540594,-7.787083,0.976503,-1.041845,-1.584661,5.452323,2.719455,1.005058,2.645139,-7.094608,-8.199194,8.724438,-0.044932,2.515668,-5.885415,-1.698356,-4.307260,-4.768954,-10.033965,6.959387,7.703091
vacancy_0537,-6.611852,-8.399372,8.054661,1.711864,-6.325422,2.752792,-6.217549,-6.015275,0.241076,-3.633593,-2.008059,4.396816,-1.075801,4.266829,3.701913,-5.760094,-0.108560,2.850554,1.730767,-0.083664,7.282756,8.641420,0.387797,7.840809
vacancy_0538,-6.770473,8.353757,-3.080495,6.471669,-1.304954,-3.155639,6.169714,-4.155337,1.203448,7.968028,10.715178,2.120377,7.415256,6.586631,-7.590329,-8.727372,0.787045,3.617779,7.367891,-8.737220,-4.947245,2.941461,4.511061,-0.193145
vacancy_0539,5.972231,-4.129682,4.674873,3.237812,-1.480435,2.294580,-6.543149,5.967466,-9.408053,-2.966500,1.628452,-7.219868,-6.568558,5.704336,-0.150105,-8.041919,1.215036,4.517882,-5.488471,5.915834,-9.443362,-0.478614,2.223442,8.216511
vacancy_0540,-1.712669,7.560502,-7.749560,-1.813802,-3.590325,-1.651505,7.985905,-1.990159,-7.601718,2.197976,1.118988,-2.041752,6.142421,-0.808538,-0.966826,7.053041,-2.270226,5.344552,1.622274,-0.180834,10.361473,7.757110,-9.225205,2.572651
vacancy_0541,-7.491259,-9.161728,9.280062,2.721666,-7.808123,2.174115,-6.783591,-5.665457,0.986628,-3.801676,-2.909369,4.855488,-1.672536,3.469408,3.880707,-6.112988,-1.011565,3.075147,1.926316,-0.112382,9.318161,7.928177,0.700815,7.991635
vacancy_0542,5.752711,4.420623,1.352707,7.975793,-4.539543,-5.824621,5.413195,-7.529737,2.483746,0.765366,-2.573412,-2.357881,0.779538,9.020509,-6.291003,-0.623608,-5.402463,-7.895039,-8.887119,-7.398573,-4.046403,4.256046,-8.112884,5.613074
vacancy_0543,7.769004,6.916818,6.657952,-8.181353,-0.259632,6.936265,1.346155,-5.556530,1.054111,8.114354,9.472151,-8.123526,-0.396557,-3.794129,-5.726376,1.341332,-6.354424,7.485714,5.706891,-2.392273,-7.193049,-4.995110,1.865316,5.983854
vacancy_0544,5.557085,4.202644,1.694995,8.883397,-4.715013,-5.603032,5.604343,-6.590415,3.283707,2.623029,-1.480725,-2.027595,0.370325,8.100353,-5.637414,0.946656,-6.364779,-8.056454,-10.398459,-7.161959,-3.559686,4.572109,-8.540459,7.319393
vacancy_0545,-5.825179,-0.661876,5.333177,-7.831341,-7.846194,0.976353,-0.247761,-0.162495,7.011451,3.094282,0.950260,2.001859,-6.366555,-7.751901,8.731345,-0.710227,1.525787,-6.116217,-1.377987,-5.344008,-3.667607,-9.036032,6.243346,7.364705
vacancy_0546,-7.552765,-0.240756,4.282246,-7.036443,-8.484864,2.274551,-0.491918,-0.039226,5.518807,4.407258,0.019610,3.072605,-7.647204,-7.319985,9.153169,0.279779,1.634200,-5.456164,-1.701975,-3.787528,-6.333139,-9.575814,6.873580,7.631803
vacancy_0547,8.988205,7.083918,8.116720,-9.272215,-0.663268,6.226005,1.539660,-5.991038,1.271658,8.642513,10.048865,-8.455127,1.317680,-3.542161,-5.826661,1.971029,-6.772255,7.223702,6.247040,-3.444013,-6.880263,-5.061348,1.530621,4.639913
vacancy_0548,-6.239301,9.366931,-3.809989,6.710521,-3.024174,-3.753445,6.179913,-4.727973,0.362516,8.528480,9.834378,3.853685,7.606178,8.453698,-7.023513,-8.145646,0.820476,3.295164,6.892121,-8.557170,-4.834208,2.765297,5.251043,0.447223
vacancy_0549,9.856889,7.672041,-5.154921,9.475507,-2.020586,7.883925,-6.221750,-4.247704,9.131426,-6.684706,0.774131,-2.749922,7.406858,-8.647523,-8.233764,-1.005189,5.505244,-7.807071,2.355564,-1.359513,4.836621,-1.043488,-5.502035,0.584339
vacancy_0550,-2.683368,7.172301,-7.221859,-1.344137,-2.234752,-1.547790,7.351281,-1.364938,-8.557454,2.706748,0.941982,-2.199080,5.643809,0.133985,-3.264014,7.168756,-2.570046,4.543012,2.167330,0.932455,9.174078,8.646069,-8.816909,3.178424
vacancy_0551,-2.258774,7.835611,-7.382532,-1.182112,-2.330858,-1.865940,8.414756,-1.859544,-7.592157,0.887176,2.322288,-2.570005,6.806622,-0.077719,-1.401040,7.322977,-2.014072,5.935711,2.676462,0.294985,8.724598,9.110253,-9.743029,2.457268
vacancy_0552,-7.418218,9.755186,-3.148174,6.503626,-1.269822,-3.231574,6.336726,-3.006891,-0.073636,8.150147,9.100611,2.873925,8.080558,6.943551,-7.564554,-8.975430,0.369967,2.414190,8.652671,-9.636799,-5.213306,3.504453,4.700176,-0.333385
vacancy_0553,-2.467572,7.588417,-7.773608,-1.048520,-2.361984,-1.336449,8.802433,-1.425851,-7.705409,2.202991,1.030432,-2.183841,5.319307,0.306618,-1.132410,7.021134,-2.237632,5.690005,2.608567,0.718037,8.972640,8.651182,-8.463654,2.270145
vacancy_0554,-2.598508,8.194113,-7.309538,-0.799294,-1.846158,-2.448771,8.357184,-2.511788,-7.827508,1.763927,2.058339,-2.525819,6.815681,-0.638266,-1.553851,8.035939,-2.403975,5.779806,2.536780,-0.589883,8.947896,9.043196,-9.117666,2.221883
vacancy_0555,-8.526049,-0.884544,4.127046,-7.462962,-7.242876,2.452193,-1.136074,-0.637191,6.451627,3.146818,0.870392,0.962773,-8.539151,-7.420768,8.408209,0.519912,1.536984,-5.875262,-1.687994,-4.771393,-4.104911,-9.849203,6.786206,7.638235
vacancy_0556,8.800304,7.725626,-5.189536,8.814316,-1.428269,9.219009,-5.722166,-4.946942,10.345317,-7.001975,-0.456576,-2.418231,7.294431,-8.037127,-7.775932,0.801824,6.190187,-6.891352,1.684105,-0.942972,3.972089,-2.295054,-5.467641,-0.172989
vacancy_0557,-2.511750,7.224087,-7.116528,-1.634914,-2.697778,-2.439782,8.550985,-0.760686,-7.135689,4.164564,1.651974,-1.717509,6.461967,-0.106913,-0.988568,7.989897,-1.113738,5.223080,2.137074,-0.005761,9.183742,8.427726,-9.526079,3.226378
vacancy_0558,5.488607,-2.770597,4.501905,3.743028,-2.125800,2.153597,-7.395222,6.225847,-9.227873,-4.533068,0.767967,-8.134026,-7.256457,4.538874,0.255102,-8.834293,0.080682,3.714372,-6.042083,7.218014,-9.013651,-0.301352,1.653562,8.413136
vacancy_0559,-1.046024,8.703754,-8.378813,-1.013935,-1.499455,-0.271930,7.621257,-1.912152,-9.004382,3.308874,2.337522,-2.835533,5.400980,-0.645668,-3.415006,9.212244,-2.173251,6.369807,2.569277,0.652454,9.545356,8.594307,-9.220753,2.843147
vacancy_0560,-6.584165,-7.085992,8.303854,0.893407,-7.876539,3.582710,-6.060188,-5.894912,0.831318,-3.580222,-2.445223,4.530556,-0.979228,3.981683,3.066505,-5.678063,-0.923829,3.783500,2.004218,-0.615673,9.490852,6.332043,-0.806528,6.893945
vacancy_0561,7.084061,-3.274926,4.975690,3.885451,-1.871512,2.103508,-6.862769,5.086892,-8.440677,-4.691261,0.718880,-7.332670,-8.387113,5.390884,0.373242,-8.025800,0.906108,4.875901,-5.647771,7.630926,-9.759452,-0.303628,0.939181,7.883122
vacancy_0562,-6.937144,-8.276757,8.581320,2.249278,-7.507969,3.225143,-6.232434,-5.595399,1.584153,-3.214228,-3.872448,4.162763,-0.391738,4.359030,3.531584,-6.059970,-1.562975,4.388877,1.316874,-0.634935,9.681882,7.889391,-0.694140,8.922780
vacancy_0563,5.129446,4.647350,2.300794,9.175860,-4.106261,-5.653482,6.196364,-6.671092,3.917948,1.409923,-1.932955,-2.429575,3.024860,8.542948,-5.514807,0.772362,-5.159582,-7.775396,-8.891514,-8.342675,-3.287824,5.418454,-7.787967,5.479682
vacancy_0564,-7.280634,-0.687080,4.078288,-7.894297,-9.102822,1.082736,0.084936,-0.540622,5.149895,3.718336,-0.071595,2.124776,-7.611959,-6.173882,8.424384,-0.438289,1.619568,-5.020657,-2.089066,-4.352733,-5.309535,-9.537519,6.864472,7.594095
vacancy_0565,8.788130,8.062721,8.391512,-8.083237,-0.534270,6.767307,1.239264,-5.702178,1.255426,7.715777,8.902855,-8.299714,-0.034490,-4.031044,-5.493211,1.605066,-6.567651,7.313235,5.221626,-1.882983,-6.703679,-3.879874,0.631123,6.656745
vacancy_0566,6.687139,-3.924460,4.665913,3.104707,-2.460401,1.450330,-6.823305,6.410137,-8.471433,-3.994605,1.026407,-6.237673,-7.131373,5.989084,0.353575,-8.206937,0.513863,3.843616,-5.069257,6.044827,-10.440698,-1.745655,0.926501,7.944803
vacancy_0567,6.401829,-3.776256,4.648691,3.738461,-1.539574,1.696891,-7.862636,3.980761,-8.861208,-4.792810,1.498759,-7.530417,-7.339304,4.949691,0.924490,-8.192397,-0.542650,4.047693,-5.513804,7.377472,-9.710934,-1.133375,2.086277,8.273977
vacancy_0568,-3.241783,7.964541,-7.984991,-1.291073,-1.039542,-0.390214,8.435101,-1.921453,-7.843588,2.169843,1.646143,-2.768662,6.331419,-0.181865,-1.631012,7.909311,-2.254820,5.388720,2.702921,1.320639,9.843461,9.470437,-9.067791,2.630146
vacancy_0569,-7.180897,9.015515,-3.245714,6.141482,-2.244307,-3.327481,5.522614,-4.006498,0.506462,8.121964,9.902097,2.619939,7.127867,7.042048,-8.485410,-8.677986,-0.111487,2.685482,8.090002,-7.600881,-4.649979,1.942713,4.758283,-1.438076
vacancy_0570,9.405815,8.050638,-5.158403,9.951032,-1.977223,9.140911,-5.200303,-3.488851,9.243106,-6.758554,0.516150,-3.042316,6.852089,-7.051572,-6.404425,-0.726344,5.822645,-8.124740,1.380220,-2.940841,5.478316,-0.983762,-4.981754,0.011396
vacancy_0571,5.409495,-4.079287,4.706353,3.704559,-1.755997,1.982528,-7.766003,6.704268,-9.237037,-5.346733,1.331406,-7.041630,-7.057840,5.158713,0.904692,-8.421037,1.097646,4.249490,-5.126105,6.646080,-8.719261,-0.136811,1.721268,7.975363
vacancy_0572,10.534560,7.078490,-5.198580,8.169543,-0.565737,8.656668,-5.068278,-3.930313,9.325219,-7.557527,0.581259,-2.591393,6.738416,-7.710139,-7.807883,-0.530797,5.369350,-8.496605,2.930480,-1.752078,4.322337,-0.761376,-4.680908,0.468613
vacancy_0573,-8.041282,-1.139316,4.954121,-7.329106,-7.558161,1.997869,-0.148178,-0.209226,4.803257,2.934788,0.059372,1.857330,-7.189374,-8.515201,8.434979,-1.089332,2.553864,-5.010462,-2.843117,-4.404310,-5.871834,-9.082412,6.220357,8.132977
vacancy_0574,-6.853105,-9.205990,9.761185,2.023164,-7.472462,3.924575,-6.752344,-6.643884,0.237283,-3.830672,-2.993135,5.347416,-1.767131,3.913142,4.264464,-6.521338,-1.116186,4.079403,1.763151,-0.301716,9.696172,7.292236,-0.858749,8.482153
vacancy_0575,-7.147895,0.093405,4.164947,-7.509239,-8.337225,1.704709,0.554875,-0.106595,6.062037,4.005737,0.196206,2.306238,-7.128676,-8.304847,8.675353,-0.685077,1.907833,-5.925759,-2.003329,-4.529926,-4.467237,-10.223919,6.808805,8.494981
vacancy_0576,5.582343,5.117572,1.859111,8.786058,-5.044716,-6.172064,7.822675,-6.840988,3.764613,1.941834,-1.534049,-2.786906,1.806979,7.611457,-5.485920,0.427824,-4.958033,-7.678042,-8.986190,-6.729495,-4.297837,4.674462,-7.249479,5.975262
vacancy_0577,10.045017,7.853087,-6.136944,9.584990,-1.837085,8.337321,-4.759153,-3.830486,9.348423,-7.168035,0.221473,-2.870065,7.788461,-8.325632,-8.083398,-1.073467,5.865781,-7.218144,2.228615,-2.431265,5.064463,-1.230137,-5.474116,-0.172619
vacancy_0578,-7.814498,10.280747,-3.215154,5.697620,-2.377556,-3.527479,6.049961,-3.885602,1.176761,9.530658,10.557272,2.388281,8.146671,5.983240,-7.948960,-7.775352,0.708423,1.880991,6.576639,-8.248969,-4.955863,3.488403,4.252455,-0.455477
vacancy_0579,5.787109,-3.835059,4.374976,3.036686,-2.100648,2.468490,-6.806672,5.496613,-9.240297,-3.908767,2.081827,-5.846821,-6.132356,4.747989,-0.274997,-7.528221,0.560445,4.818786,-5.494738,7.649402,-9.552999,-0.747108,2.392536,8.714174
vacancy_0580,8.500312,7.338150,-4.732056,8.610855,-0.892033,8.395391,-6.130469,-3.964474,8.401545,-6.215522,0.409581,-3.202411,6.737000,-9.364318,-7.571087,0.067378,4.389668,-6.500941,1.752310,-1.712259,4.537381,-0.186603,-4.210959,0.514433
vacancy_0581,-7.520195,8.879314,-4.303215,5.727895,-1.875758,-2.290370,6.460300,-4.210003,0.270799,8.423604,9.058241,1.800097,8.118631,8.425483,-7.347906,-9.180622,0.406637,3.238878,7.079490,-8.035033,-3.389188,2.388959,3.706912,0.247603
vacancy_0582,-2.006901,8.529881,-8.274455,-1.046792,-2.034753,-1.777929,7.772552,-1.678027,-7.230415,1.988714,0.983822,-2.878085,7.532076,-1.170370,-1.835092,8.139735,-2.403690,6.509442,1.987958,-1.273446,9.367137,9.378573,-10.129233,2.186691
vacancy_0583,7.974292,7.286770,7.873546,-9.722382,-1.084501,7.246615,2.121276,-5.969254,1.864880,7.489485,8.226782,-7.758639,-0.392594,-2.797714,-5.060634,1.852988,-7.072646,6.843876,5.702728,-2.175235,-6.852451,-4.015552,1.577320,4.785963
vacancy_0584,-7.647213,9.133516,-3.139203,5.851929,-3.032611,-2.494221,5.230089,-3.290157,0.769858,7.663825,9.443524,1.187430,7.478865,7.636492,-6.848166,-8.382572,0.172322,2.691984,7.315986,-9.038760,-5.495611,1.837019,4.254900,-2.001338
vacancy_0585,-6.029929,8.643200,-5.117843,6.079652,-2.092388,-3.417166,6.334797,-3.354897,0.456129,9.058511,9.532908,1.392485,8.099565,6.924557,-6.878166,-7.826907,0.203959,3.184836,7.493141,-8.006120,-4.792676,3.299585,3.576536,-0.802032
vacancy_0586,8.562455,6.757659,7.545515,-8.785011,-1.299270,6.322816,2.838759,-6.213438,1.699751,7.669960,8.732889,-8.112209,-0.440105,-2.635824,-5.292773,1.068997,-6.390267,8.048550,5.522086,-2.771553,-6.410733,-4.265514,1.802131,5.274812
vacancy_0587,-1.068509,7.911330,-7.304481,-1.248670,-2.611337,-2.087360,7.038203,-2.260641,-8.264458,2.328958,3.466466,-2.188934,5.718365,-0.576733,-1.988872,7.365558,-2.843313,6.485919,1.929746,0.382286,10.514901,9.242612,-9.972933,2.689171
vacancy_0588,8.561129,7.540819,8.868715,-8.385500,-0.130922,7.147804,1.877118,-6.058858,1.364202,8.063124,9.664319,-8.159745,-0.081823,-4.162589,-4.121593,0.984240,-5.825642,7.672785,5.251192,-4.393213,-6.863665,-4.890739,1.836703,5.357699
vacancy_0589,-7.877702,-9.175629,9.392240,2.838258,-7.871592,3.281244,-8.012229,-5.883600,1.386402,-3.198503,-3.317143,3.384797,-1.555737,4.694620,2.696115,-5.114031,-1.520270,3.725316,1.601201,-0.254051,9.731089,7.810139,-0.459513,7.873536
vacancy_0590,9.230257,8.102694,-5.581866,10.166558,-2.981786,9.813975,-4.666293,-4.901190,8.606569,-6.951420,0.118128,-2.818845,8.208463,-7.847829,-8.447156,0.625598,4.234132,-7.083900,2.321881,-2.097544,5.455008,-0.731481,-3.884263,-0.495686
vacancy_0591,-7.909898,10.096865,-3.438947,5.761809,-2.081748,-2.571801,6.753916,-3.999567,1.921974,9.047987,9.535127,2.534026,7.542665,6.622809,-6.743860,-8.057789,1.320686,3.178523,7.941711,-8.495523,-4.599677,2.983612,4.050143,0.492637
vacancy_0592,7.730934,9.060670,6.812379,-9.653304,-0.145698,6.803721,2.636819,-6.873606,1.865392,7.982803,8.380129,-7.237234,-0.227793,-3.101500,-4.676852,2.649214,-6.856881,7.955856,5.919488,-2.354951,-8.179765,-5.675255,3.023625,4.722477
vacancy_0593,9.636927,6.991677,9.251850,-8.527744,-0.031153,6.665517,0.735785,-6.375088,1.475530,7.809877,10.081695,-7.556809,-0.457755,-3.878555,-5.169277,1.813363,-7.585938,8.885369,5.372378,-3.056377,-5.793143,-4.731021,2.161542,5.713176
vacancy_0594,-7.297470,-0.229309,4.007827,-7.154030,-8.624917,1.299950,0.394714,-0.253625,5.171516,2.767947,-1.022391,1.794124,-6.938048,-7.682974,8.087937,0.557568,2.390715,-5.288404,-2.225204,-4.028946,-5.559575,-9.403808,6.341717,7.301952
vacancy_0595,-2.097191,8.010677,-6.975046,-0.614980,-2.495959,-0.616336,8.064925,-1.041892,-7.483061,2.586246,2.072404,-2.422475,5.974836,-0.849455,-1.249454,8.655503,-2.540019,5.903993,1.788657,0.119111,9.376238,8.374523,-10.118773,2.128484
vacancy_0596,-2.141471,7.609344,-7.034644,-2.417093,-2.216927,-0.932583,8.590120,-0.913149,-8.533581,3.434989,1.507747,-2.676657,5.157910,-1.132955,-1.818980,8.526691,-2.519618,4.908609,1.525335,0.789298,8.981894,8.734766,-9.347144,0.557373
vacancy_0597,5.656393,4.855876,2.291186,7.837765,-4.805261,-6.317704,6.258009,-6.942742,3.670481,1.628185,-3.188597,-1.608066,1.270801,8.403578,-6.170976,-0.144136,-5.100368,-8.773567,-9.325398,-6.938611,-3.886800,3.269756,-8.090430,6.761213
vacancy_0598,-8.295230,-8.726127,10.075208,2.934070,-7.195654,4.028419,-7.323441,-7.112111,-0.141049,-3.921857,-2.414683,3.988615,-2.090844,5.503392,3.417083,-5.035491,0.258649,2.724891,1.569915,-1.871715,9.532417,7.557122,-0.276043,8.352271
vacancy_0599,-3.247721,6.831223,-7.647585,-0.477962,-2.076760,-1.750378,8.088659,-2.572582,-7.647506,2.791800,1.520876,-2.242157,5.377870,0.296253,-2.081794,7.767429,-3.079868,5.650647,2.487505,-0.603349,8.706060,8.616824,-8.623717,2.551954
vacancy_0600,5.041811,4.557733,1.091231,7.341778,-4.897773,-6.114483,5.781642,-6.868111,3.764467,1.322888,-1.645664,-2.498819,1.670171,8.737807,-6.294097,0.337550,-5.683592,-8.272939,-8.480167,-7.438499,-3.328476,4.682382,-8.676686,5.817774
vacancy_0601,4.386823,5.067625,1.770256,7.133787,-4.326962,-6.812823,5.735680,-6.875039,2.783718,0.873981,-1.854169,-1.555428,1.956704,8.340030,-5.865543,0.928127,-6.007924,-6.668072,-9.257438,-7.500927,-3.961298,5.338488,-8.590548,5.893373
vacancy_0602,-7.778668,-9.491482,8.533329,3.309457,-6.665956,2.501496,-6.410285,-5.282852,1.227522,-3.804992,-2.275674,5.235630,-0.320749,5.714167,3.502332,-5.460371,-0.246546,3.429082,1.546729,-0.648679,10.320485,5.852923,-1.766600,8.590055
vacancy_0603,5.755275,5.562321,1.590171,8.188764,-3.766524,-6.122138,6.236245,-6.918603,3.692009,0.924404,-1.170601,-1.740820,1.328331,7.359411,-6.402288,1.672799,-4.929088,-8.536382,-9.972111,-8.510283,-3.313549,3.188420,-7.581938,7.007806
vacancy_0604,-7.820591,-8.536052,8.364673,2.548809,-7.490091,3.939173,-8.350077,-5.752909,0.991097,-3.661905,-2.681140,4.484236,-1.440111,3.969976,2.739333,-6.002907,-0.880253,4.166681,2.304705,-1.785754,9.369909,8.125456,0.226945,7.488087
vacancy_0605,9.802437,7.569691,-5.720137,9.553964,-1.971197,9.193368,-5.273450,-3.854657,8.019199,-8.180885,0.307064,-2.999837,8.277975,-10.417891,-6.681003,-0.944062,5.650145,-7.622817,3.269330,-1.459865,4.739472,-0.481662,-5.670466,0.624013
vacancy_0606,9.696563,7.959843,-5.832064,10.211644,-2.194250,8.894294,-4.849197,-3.381112,8.359653,-7.010274,0.157504,-2.721164,6.928422,-7.704925,-6.478799,-0.673452,5.519085,-7.698413,2.496128,-1.590382,4.687930,-0.397004,-4.524651,0.301289
vacancy_0607,-7.509094,-0.373882,5.066455,-8.935532,-8.178173,1.136698,-1.230081,0.174181,5.442838,2.954983,1.133287,2.014935,-7.557040,-7.497167,8.564454,-0.571128,2.456932,-5.525809,-2.549369,-3.662885,-5.426097,-8.504773,6.628602,7.501721
vacancy_0608,-2.224471,8.834257,-8.694553,-0.992206,-2.086957,-1.475031,7.464718,-1.802297,-8.192608,2.755956,1.912524,-2.787091,6.411734,-1.040352,-1.676884,6.882504,-1.799972,4.696689,2.981072,0.887530,10.447304,9.118985,-9.883054,2.174659
vacancy_0609,5.191182,3.899269,1.711814,8.223241,-3.632729,-5.551968,6.179558,-5.717110,3.645718,1.536994,-2.013630,-2.520326,0.815388,7.369379,-6.117232,1.607883,-5.060057,-8.096884,-9.435667,-7.091855,-3.895062,4.400196,-7.589347,6.442232
vacancy_0610,-7.048194,-1.241103,3.999440,-7.840212,-8.105601,1.835771,0.172171,-0.611718,6.333470,3.478945,0.275581,2.230816,-7.152009,-7.695659,8.688783,-0.123939,1.613225,-5.122190,-1.826477,-4.404456,-4.970907,-8.755749,7.456047,8.155982
vacancy_0611,-7.746919,-9.024758,8.608065,1.848609,-7.095635,4.103136,-7.014148,-5.002468,1.173530,-3.558487,-3.303160,5.657979,-2.151300,5.012485,1.565340,-5.298966,0.392166,3.849231,1.724630,-1.814252,9.394765,5.779638,0.143154,9.042734
vacancy_0612,8.753741,8.511033,7.227072,-8.007731,-0.938620,6.768831,1.725928,-7.482375,1.863745,8.436994,7.938043,-7.969273,0.492342,-2.617326,-4.928543,2.702047,-7.108256,6.880398,4.951036,-3.701858,-6.699058,-5.053367,1.634137,4.466605
vacancy_0613,-6.688222,10.570359,-3.668986,5.759414,-3.521868,-2.869100,6.129123,-4.313618,1.102246,7.959273,10.295547,3.366465,7.207481,6.664611,-7.085055,-7.616924,0.901880,2.857952,7.543244,-8.443685,-5.758019,2.810041,4.290842,-0.162841
vacancy_0614,-7.726723,-9.134941,8.321620,1.838232,-6.914714,3.719944,-6.396833,-6.716299,0.470515,-3.357425,-2.642456,4.484082,-0.844392,4.667619,3.764484,-6.923616,-1.649999,3.353825,2.203591,-0.771072,9.708684,6.310416,-0.135677,8.842397
vacancy_0615,-6.518459,-1.742851,5.245435,-7.815421,-8.156788,0.814730,-1.842755,-1.144236,5.527623,3.315106,-0.002397,1.851007,-7.342400,-8.043940,8.676820,-0.775493,2.472902,-4.667504,-1.454625,-4.917693,-5.264976,-9.332279,8.039740,6.680735
vacancy_0616,-6.575387,8.470642,-3.243281,6.627115,-2.478924,-2.359409,6.120525,-3.466052,0.106760,8.363694,10.072609,2.444957,7.043164,7.693623,-7.306219,-8.261494,0.715390,3.858390,7.473351,-9.569896,-5.196175,3.038277,4.737116,-0.262270
vacancy_0617,-2.649370,7.729931,-7.525390,-1.120948,-2.402771,-0.616058,7.921112,-0.913355,-8.730969,2.778708,1.616932,-2.107154,5.937386,-0.979918,-1.916207,5.717397,-2.765561,6.554478,1.703187,0.455925,9.332006,8.943099,-9.949948,1.991933
vacancy_0618,-2.450927,7.487648,-7.936909,-1.413970,-3.325120,-1.757850,7.148734,-1.551862,-8.610365,2.811021,1.946966,-3.326311,6.238115,-0.539001,-0.949689,7.820357,-1.289993,4.176715,1.978932,0.809089,9.412560,8.470455,-9.749944,3.019775
vacancy_0619,5.198645,4.795080,1.686727,8.794295,-3.915399,-5.908484,6.606793,-7.026427,2.667586,2.398244,-0.596707,-1.948711,1.738291,8.322898,-5.906426,0.007516,-6.681225,-7.990955,-8.968490,-7.776006,-3.968073,5.336934,-8.164253,7.589316
vacancy_0620,-6.679576,-8.177824,9.438440,3.256796,-6.798774,3.178280,-7.139154,-5.661604,-0.636901,-4.181864,-3.535465,4.686329,-1.545946,4.254642,2.095401,-6.193475,-0.111588,3.841344,1.345658,-1.042066,9.930965,7.041484,-0.220975,8.564197
vacancy_0621,6.101341,-3.056278,3.155418,4.001864,-1.970594,2.613714,-7.078951,6.510860,-9.254030,-4.728044,1.973463,-7.127061,-6.558057,3.953057,-0.053550,-8.299306,0.712772,5.100239,-6.326113,7.327411,-9.602441,-1.033872,2.128927,8.393203
vacancy_0622,-6.851575,-8.346469,9.123091,2.941160,-7.727446,3.443889,-7.696346,-4.868841,1.318505,-3.843966,-3.199210,3.814063,-1.590558,3.935412,3.125806,-6.541659,0.014813,3.022389,2.865180,-0.919357,9.723524,6.280104,0.225255,8.267122
vacancy_0623,5.622838,-3.040851,4.171217,3.966843,-2.118119,2.060661,-7.291598,7.204910,-9.110040,-4.731976,1.653558,-6.782883,-6.753769,4.491323,-0.388725,-7.675095,1.752167,5.600627,-5.648815,6.791779,-9.446747,-0.985502,1.477132,7.653678
vacancy_0624,-3.355204,8.023484,-6.938123,-1.670313,-2.433143,-1.604663,7.934613,-0.184082,-8.045422,2.063576,2.803586,-2.584733,7.195441,-0.356487,-2.109819,7.621168,-1.608294,5.008177,2.471976,0.570061,9.877033,8.318371,-10.019504,1.212541
vacancy_0625,10.168754,7.061875,-6.305420,9.307304,-1.235170,9.063322,-5.511601,-5.118282,8.676615,-6.799761,0.552538,-3.466228,6.670774,-7.667665,-7.888253,0.213286,3.868248,-6.641106,1.582131,-2.260606,3.051181,-0.402348,-4.430817,0.388907
vacancy_0626,5.795737,5.001716,1.274462,8.064142,-4.619246,-5.354098,5.867299,-6.173289,3.122866,1.326575,-1.783344,-2.399372,2.167547,8.616560,-6.333883,0.354510,-5.074261,-8.287491,-9.585931,-7.601624,-3.580802,4.784582,-8.684713,5.733751
vacancy_0627,-7.993180,-1.515223,5.661218,-7.708620,-7.555520,1.956170,-1.353232,0.904639,5.083346,3.829604,0.307289,2.355116,-7.360784,-8.074869,8.877743,-0.264170,2.684820,-5.907923,-1.475542,-4.619548,-4.989464,-8.716422,7.033764,7.747825
vacancy_0628,5.367474,4.834912,0.605789,8.834124,-4.931317,-5.755945,5.652149,-5.972711,3.628594,1.823612,-1.972462,-0.911634,0.209344,7.649411,-6.275958,1.207458,-5.282456,-7.581062,-8.497770,-7.964163,-5.026988,4.082134,-8.353011,7.280493
vacancy_0629,8.623036,7.314144,8.503664,-8.041906,-1.359554,7.550760,1.600575,-6.161214,1.534048,7.249610,9.670089,-8.505947,-0.584535,-3.414848,-5.288105,2.085931,-7.345182,7.800793,6.451028,-2.323429,-6.882366,-3.918636,1.972763,6.509116
vacancy_0630,6.495081,-3.649858,5.409875,3.886131,-1.248330,2.087705,-7.392674,6.176650,-8.729739,-5.195101,1.381160,-6.514558,-7.604538,5.456808,-0.716353,-8.863520,0.400574,3.690832,-6.823435,5.983405,-9.590599,-0.777921,2.227261,8.308664
vacancy_0631,5.028421,5.522852,1.546870,9.365906,-3.715580,-5.053756,6.215502,-6.592465,4.185323,1.057840,-2.047979,-3.515858,0.626126,7.418464,-7.103538,0.562216,-4.272088,-7.851210,-9.612488,-7.489003,-3.998719,5.378266,-6.964642,6.241356
vacancy_0632,-6.810766,8.589528,-2.410466,6.159804,-2.333762,-3.199517,6.474014,-3.259131,0.286959,7.973995,11.105801,1.937980,7.040387,5.781959,-7.440099,-8.312715,0.485998,2.262548,6.723670,-8.173232,-4.444211,2.338214,5.284445,-0.928791
vacancy_0633,9.335380,6.310744,-6.378012,9.487497,-1.642028,9.561471,-5.083276,-3.738358,8.610790,-7.263086,0.015256,-3.438411,7.639578,-9.220068,-7.576675,-1.227830,5.419948,-6.947089,3.375821,-3.109689,3.688736,-1.624779,-5.472010,0.208270
vacancy_0634,-2.996513,8.694141,-8.792048,-1.846851,-2.378756,-1.260888,7.765157,-1.938890,-8.374643,2.694254,2.482327,-2.659374,6.830456,0.120351,-2.326472,8.389801,0.383036,4.646983,3.026880,-0.172801,9.994548,8.670761,-10.233126,2.535346
vacancy_0635,5.579289,-3.523943,4.164348,3.961966,-2.675705,2.827580,-7.438264,4.875146,-9.307724,-5.621506,1.638692,-7.388324,-7.407842,6.003960,-0.329231,-7.292839,1.330888,4.580829,-5.088084,6.790018,-10.201808,0.229862,2.679639,7.953794
vacancy_0636,5.100433,5.793522,1.537832,7.737912,-4.331179,-5.668395,6.330439,-6.651013,3.126094,1.808775,-1.171241,-1.706063,1.328696,8.303800,-6.803343,0.133013,-4.832497,-7.911329,-8.392656,-7.227952,-2.833201,4.444381,-7.707414,7.457815
vacancy_0637,-7.769162,0.137948,4.709870,-7.299546,-8.048142,1.923783,-1.196065,-0.461134,5.358497,4.445537,1.204595,2.370977,-7.393895,-9.621386,8.352433,0.237658,1.974802,-5.861693,-2.805886,-5.711598,-5.389320,-10.102171,7.003842,8.122091
vacancy_0638,-2.420025,7.701322,-6.710035,-0.613498,-2.419440,-1.058037,8.117784,-2.186412,-7.817204,2.424182,2.077159,-1.943099,6.217832,-0.999916,-1.995787,7.941726,-2.165171,4.198694,2.902534,0.970275,9.935726,8.328441,-9.078105,1.990110
vacancy_0639,11.137349,8.401905,-5.910411,11.078372,-0.674565,9.680593,-5.269318,-4.102952,8.685349,-7.000840,0.796812,-3.377525,6.774760,-8.616552,-7.751969,-0.118744,5.547798,-7.532610,2.278530,-1.618537,5.481575,-1.389443,-5.171195,0.835846
vacancy_0640,-6.528660,9.758940,-3.125968,7.377131,-2.348835,-3.399140,6.732618,-5.039990,0.824749,7.964322,9.424903,1.382286,8.855261,7.133802,-7.183223,-8.272726,0.128053,3.495375,7.001849,-9.224855,-5.369052,2.677406,4.191066,0.727848
vacancy_0641,-7.366881,10.988004,-3.336279,5.740778,-2.413260,-4.586729,6.138231,-3.075138,0.617345,7.770862,10.413999,2.939635,7.339533,7.048979,-7.224849,-8.811145,-0.059063,3.685802,6.630801,-8.572133,-4.964722,3.216221,5.597505,-0.855013
vacancy_0642,-7.478395,-8.460981,8.846495,2.482758,-7.309648,3.698370,-6.812735,-6.395913,0.507637,-3.053047,-3.398942,4.895107,-1.746281,4.560297,3.244701,-5.913704,-1.254756,2.915983,1.620709,-0.139122,9.304983,7.507713,-1.412842,7.396287
vacancy_0643,7.618357,-3.260351,4.109450,4.479381,-1.744924,2.446706,-6.838003,6.586842,-9.641553,-3.162837,2.499763,-6.195902,-6.693999,6.291687,-1.093871,-8.777804,1.708864,3.407587,-6.397369,6.265629,-9.505522,-0.271469,0.764889,8.961928
vacancy_0644,4.354336,5.406053,1.601236,8.541000,-4.258149,-5.572339,6.884851,-6.750736,3.167565,0.911964,-2.304614,-1.770934,1.250595,7.859650,-6.656550,0.110632,-6.009409,-8.025923,-10.063949,-7.584521,-2.917318,3.102697,-8.191212,6.512181
vacancy_0645,8.597791,7.742610,8.650448,-8.866022,-0.825892,7.196994,1.440370,-7.386403,1.972982,7.693372,9.227195,-8.893936,0.856285,-3.298893,-5.581482,2.020141,-7.574330,7.700322,5.721048,-2.628480,-6.039613,-4.368421,2.302005,5.912106
vacancy_0646,-2.650885,8.708495,-7.690643,-0.830593,-1.841982,-0.743459,8.367918,-2.094184,-7.278008,2.794193,1.867615,-2.223325,5.868244,-0.574164,-1.894606,6.628819,-2.288778,5.723847,3.696103,-0.259704,9.643664,8.636337,-9.032608,2.315404
vacancy_0647,-2.087300,7.143123,-7.609468,-1.471524,-3.135301,-2.434858,7.662135,-2.199027,-8.597920,2.434656,2.637146,-2.431176,6.967568,-1.529085,-1.430074,7.321112,-2.211870,5.646114,2.796038,0.968223,10.035612,10.556848,-11.163828,2.624497
vacancy_0648,-8.053063,-8.883132,6.373192,2.353788,-7.155207,3.274123,-6.831506,-6.040910,1.949864,-3.359185,-3.977738,4.255825,-1.359830,4.279664,2.308250,-5.487960,-1.264368,3.361294,1.304489,-1.512014,9.999545,6.915887,-0.554540,8.187360
vacancy_0649,4.558290,-4.429809,4.902127,2.860758,-1.247654,1.568655,-6.116303,5.078632,-8.889141,-5.375688,0.476461,-6.033674,-5.879548,5.449795,-0.221586,-8.772736,1.377565,5.037319,-7.678930,5.775927,-9.276855,-0.505076,1.006429,8.414680
vacancy_0650,9.589054,7.187154,-5.059844,9.696528,-2.123051,8.421780,-5.515234,-4.018881,9.404115,-7.301792,-0.371160,-3.545823,7.123425,-8.928662,-6.617992,1.274957,4.858733,-8.316750,1.875710,-2.720808,5.724311,-0.330890,-5.089231,1.213261
vacancy_0651,-7.439877,-8.674792,8.554875,1.554182,-6.676914,3.969165,-7.029005,-6.344263,0.787998,-3.618299,-3.142692,4.410267,-1.518669,3.392569,3.502385,-5.976140,-0.486289,3.141088,2.346903,-0.629516,9.719589,6.199559,-1.171814,7.725204
vacancy_0652,9.555458,6.516526,-6.279594,10.005379,-1.472124,8.681858,-5.555165,-4.329555,8.368367,-6.732668,0.769786,-2.585457,7.788215,-7.275342,-8.325080,0.080873,4.598613,-7.227876,1.054568,-1.040326,5.174163,-0.684970,-4.136715,0.261893
vacancy_0653,9.176443,6.274848,-5.686512,8.778303,-1.963641,8.827639,-4.712438,-4.353378,8.926965,-7.143278,0.096798,-2.776154,7.687037,-8.313233,-8.587661,1.342228,6.724975,-6.882922,2.230117,-2.231015,3.396631,-1.085498,-4.492977,-0.107629
vacancy_0654,-1.505175,7.204715,-7.139864,-1.520051,-2.616386,-1.357674,7.606064,-2.072882,-7.797534,1.581046,2.364456,-2.746544,6.782824,-0.506441,-2.313009,7.157292,-1.497604,5.395142,0.848529,1.107075,10.943938,7.561856,-10.090677,3.697723
vacancy_0655,-6.914596,-0.688622,4.825420,-7.506487,-8.424037,2.288086,-1.258624,-0.989118,5.978085,3.561443,0.367259,2.124055,-8.858866,-6.800671,7.933917,-0.698287,1.978956,-5.299366,-1.933335,-4.168829,-4.509485,-9.392132,7.666593,8.420367
vacancy_0656,5.694327,-2.908593,4.294535,3.765036,-1.865949,3.187512,-7.372518,5.809361,-8.985954,-4.705101,0.903034,-6.979485,-6.306537,5.256268,0.385283,-7.520488,0.369061,4.357320,-6.341461,7.359343,-9.671624,-1.977466,1.170622,8.677214
vacancy_0657,-8.074590,-1.510063,4.188130,-7.243102,-8.323490,0.732513,-0.510297,0.020967,5.063755,2.864896,0.075362,1.352744,-6.816881,-7.880908,8.585414,-0.886407,2.786585,-4.568820,-2.841341,-4.376794,-4.623775,-9.220740,7.610539,8.152891
vacancy_0658,9.363439,7.230564,7.766911,-8.767152,-1.560056,6.968867,1.117280,-5.836028,1.780922,7.061305,9.697630,-7.697713,-0.645341,-2.907359,-5.835088,1.160827,-5.554210,8.557546,5.814929,-2.766371,-6.707511,-5.490724,2.106601,6.063404
vacancy_0659,-8.054893,-8.513324,8.778765,2.425923,-7.737062,4.134168,-6.306886,-6.189193,1.289915,-4.806691,-4.140339,4.119343,-0.302429,4.216879,3.332826,-5.412436,-0.628969,3.298984,1.714677,-0.715902,9.453374,7.535045,-0.514428,8.445910
vacancy_0660,6.252297,-4.168253,4.738972,2.591138,-2.349887,1.728481,-7.933621,6.367351,-10.664323,-5.634523,1.755562,-8.573525,-7.117979,5.275214,0.580372,-7.676677,0.914207,4.732598,-5.428956,6.982943,-10.320900,-2.182675,0.909956,8.398669
vacancy_0661,-6.656435,-7.502438,7.664050,1.610135,-7.616807,3.709411,-7.983281,-4.976412,1.492949,-3.736613,-3.180888,4.562541,-1.007024,4.749627,2.809701,-5.181645,-0.195569,4.124730,1.317084,-0.433984,10.039182,7.666722,0.423620,7.475181
vacancy_0662,-7.767750,-9.563386,8.677372,1.420050,-7.468359,4.125904,-7.399008,-4.857903,1.013070,-2.321067,-3.303593,4.461180,-1.003279,4.852977,3.200377,-6.269621,-0.994132,3.093099,2.598561,-0.434141,9.295305,6.690499,-0.073823,8.649339
vacancy_0663,-6.873326,8.972547,-3.549912,7.234011,-2.209189,-3.888987,6.216272,-4.685786,0.231002,7.840565,8.455404,2.800062,7.284230,7.189897,-7.005976,-8.667194,0.454598,4.298051,7.344155,-8.550334,-5.548362,2.437420,4.299020,-0.845276
vacancy_0664,5.675420,4.846035,2.336520,8.936032,-4.121452,-5.478867,5.848178,-6.488732,4.290290,2.419868,-0.996800,-2.345827,0.853940,7.200643,-5.922414,0.055429,-5.831594,-8.502045,-9.089879,-7.105402,-3.458662,4.466092,-7.107272,6.124510
vacancy_0665,4.995547,-4.549211,4.687426,2.970883,-3.076902,1.892734,-6.338971,5.905780,-9.414907,-3.668257,2.118335,-6.913375,-6.551922,4.594218,0.003130,-8.509839,0.831591,5.841372,-5.562992,6.741482,-10.352007,-0.966575,1.475728,8.693124
vacancy_0666,-7.419577,9.412434,-3.316799,6.565811,-1.057101,-2.431475,7.202564,-3.851301,0.962942,8.801179,9.814615,1.011509,6.283029,7.287391,-7.255082,-7.967617,-0.971996,2.802242,8.461312,-8.034772,-5.422088,2.372492,4.216274,-0.268362
vacancy_0667,-1.274715,6.721186,-6.763212,-1.915291,-2.161942,-2.242487,8.643891,-2.888217,-6.897682,2.503876,2.322243,-2.233377,6.879223,-1.067122,-1.665134,8.374001,-2.153823,5.575268,2.459197,0.550313,8.991323,8.786562,-10.141155,2.410769
vacancy_0668,-7.284007,-10.313147,8.823429,2.838191,-7.611770,3.280206,-7.277491,-6.321861,0.391187,-3.359770,-3.148614,4.622207,-2.026522,3.976111,3.094173,-6.844956,-1.085541,3.831396,3.292247,-1.159053,10.097839,6.413398,-0.291687,8.748903
vacancy_0669,9.937141,6.210238,-5.746398,9.552969,-1.890357,9.041213,-6.114934,-3.738275,9.729136,-7.107555,0.378911,-2.596946,6.417824,-8.468217,-7.561207,0.307210,5.609395,-7.325134,1.956368,-1.184320,4.084171,-0.464649,-4.577297,0.506509
vacancy_0670,5.481827,4.333226,2.067558,8.450660,-4.773739,-5.825699,5.728994,-6.463482,2.829710,1.789784,-2.116797,-2.787109,0.704877,8.640117,-6.843695,0.644781,-4.724724,-8.393160,-10.150039,-7.552790,-4.045591,4.087083,-7.719281,6.226195
vacancy_0671,6.531066,-4.251078,5.137110,3.051616,-1.334720,2.682625,-7.405263,6.360765,-8.605132,-3.707318,2.029951,-6.428204,-5.824367,4.939145,-0.091327,-8.119705,1.201478,5.222869,-6.552374,6.954472,-8.748248,-1.726745,0.698355,8.825332
vacancy_0672,-6.782621,8.224429,-3.099925,6.560167,-1.803380,-3.139351,6.340166,-4.057665,0.721290,7.867117,10.522003,2.691440,8.560690,6.793333,-8.162613,-9.131960,0.303104,2.618148,7.374127,-7.409378,-5.103667,1.615743,5.460229,-0.584745
vacancy_0673,5.633338,-4.868121,4.987803,2.243050,-2.534105,1.770812,-7.025141,6.656378,-9.726162,-4.635313,2.159599,-6.433098,-6.295222,4.854838,-0.801896,-7.944989,0.352703,5.418451,-7.258118,6.774414,-9.886000,-0.903957,1.183462,8.595148
vacancy_0674,-6.955670,0.077818,5.050529,-8.424954,-8.916382,1.903426,-1.166528,-0.920085,6.566298,3.372817,0.518286,3.221880,-9.101109,-6.996640,9.717925,-0.579095,1.582652,-6.678572,-1.841086,-3.606096,-5.389192,-10.474884,6.270403,8.627531
vacancy_0675,-0.922270,7.721007,-7.291618,-1.883600,-2.762712,-2.066061,7.953228,-1.462630,-7.507095,2.803948,2.198389,-1.955836,6.080266,-0.098111,-1.727014,8.607372,-1.414911,5.972459,2.567947,0.535976,9.051425,8.102634,-9.239708,1.922213
vacancy_0676,-7.570215,-0.713962,5.293470,-7.885233,-7.265046,2.076717,-0.657329,-1.121541,4.552979,3.249050,-0.961192,1.072670,-6.645318,-7.713121,9.190394,-0.847992,3.207010,-5.376566,-2.626095,-4.200992,-4.957366,-9.032379,6.103005,8.873590
vacancy_0677,6.629330,-3.097763,3.516140,2.483391,-2.501844,2.292782,-7.625149,5.508073,-9.143468,-3.996836,1.762780,-7.566508,-5.653847,5.931258,-0.331688,-8.388623,0.675994,3.679231,-6.702743,5.621367,-10.204586,-1.174622,2.491274,8.895951
vacancy_0678,-7.298369,8.698522,-2.627626,6.584437,-2.266440,-3.374680,6.577769,-4.013594,0.492147,8.428104,9.274699,1.861104,7.658849,7.494748,-7.657417,-8.000726,0.227062,3.623196,6.972125,-7.090102,-5.692855,2.234013,4.679731,-0.308401
vacancy_0679,-7.281036,-0.632523,5.544149,-7.790919,-7.757325,1.293458,-0.853921,-1.216788,6.077361,2.981611,0.210957,1.886202,-7.141858,-8.539804,8.095113,0.265859,2.974379,-4.901118,-0.854807,-4.050456,-5.635303,-10.574407,7.427540,7.953043
vacancy_0680,9.392823,6.675383,7.057243,-8.007902,-1.132997,7.265794,1.704000,-6.169300,2.409172,8.775266,9.446798,-7.622890,0.495660,-3.772919,-5.036266,1.543517,-5.821123,7.244823,5.913674,-2.136282,-6.855335,-3.823407,1.608941,5.696639
vacancy_0681,-6.679366,-8.368572,9.300992,2.879013,-7.794467,3.626115,-7.371567,-5.916362,1.477056,-2.596776,-1.929066,5.100856,-1.335455,5.844777,3.852512,-5.600890,-1.870172,4.565163,2.958049,0.012475,10.150956,6.614016,-0.153649,8.357564
vacancy_0682,9.525498,6.888027,9.252689,-8.227722,-0.638067,6.281857,1.598121,-6.115946,1.272255,7.989519,9.839379,-7.439882,0.364986,-4.627641,-4.679799,1.747029,-7.561548,7.723360,4.571998,-1.586349,-8.012082,-3.529045,2.039166,5.614036
vacancy_0683,-8.016756,-9.070750,8.284537,1.573338,-7.398969,3.823211,-6.412877,-7.006185,1.015241,-4.061738,-3.159650,3.089965,-2.520874,4.067648,3.645000,-5.741100,-1.693861,3.688434,2.316083,-0.240966,9.885825,8.435734,-0.954048,8.180114
vacancy_0684,-2.668513,8.140690,-7.727675,-2.095157,-3.833275,-1.057875,8.555065,-1.345950,-8.865804,1.040590,2.569114,-1.335930,5.812392,-1.562125,-0.952134,7.118633,-2.721669,6.479019,3.468461,0.404532,8.847646,9.381456,-9.396741,3.819059
vacancy_0685,9.633862,7.269902,8.852197,-8.018322,-1.006888,6.487320,1.798238,-7.218508,1.373572,7.758624,9.879058,-8.964613,-0.357754,-3.714207,-5.414429,1.533219,-7.303360,8.150069,5.527026,-3.485214,-6.682499,-4.493319,1.391136,4.555534
vacancy_0686,10.326011,6.683430,-5.272857,9.437237,-1.226629,8.998456,-5.427358,-4.973698,8.590437,-6.835546,-0.647212,-2.448600,7.626663,-8.510124,-8.028981,-0.412502,5.137688,-7.096214,2.514932,-2.344851,3.928753,-1.388809,-4.741819,-0.085962
vacancy_0687,-7.657296,-0.882400,4.465288,-7.460918,-8.815518,0.975834,-0.894682,-0.382460,6.194902,2.394680,0.984762,2.740145,-7.673945,-7.058434,7.277095,-0.147377,2.370436,-4.329628,-2.385947,-4.893109,-5.245961,-10.715593,7.129627,7.190286
vacancy_0688,8.789259,6.939315,6.946407,-8.985116,-1.101135,7.943619,2.442798,-7.267074,1.725783,7.446165,9.235305,-7.576627,-0.741423,-3.349663,-4.927408,1.765527,-7.260790,9.197625,5.647725,-3.399179,-6.455301,-6.053618,1.474976,5.377872
vacancy_0689,9.515222,7.776545,-5.060428,9.542946,-2.327345,8.921700,-5.894263,-4.486220,9.261354,-6.353108,0.275721,-2.574807,8.077464,-8.421382,-8.881143,-0.390296,6.183624,-5.941966,2.120325,-2.334467,4.160920,0.026102,-5.650522,-0.579109
vacancy_0690,-6.574546,-0.361063,4.541356,-7.348495,-8.013167,0.923963,-0.173418,-1.066059,6.581843,3.944364,-0.364330,3.046962,-8.495580,-7.886745,8.968935,-1.580840,2.455674,-5.617433,-2.299211,-4.113795,-5.771640,-9.447489,6.572509,7.651471
vacancy_0691,-6.769205,9.470115,-2.689050,4.811636,-1.471803,-4.063787,7.354216,-4.161266,1.326735,8.693366,10.883585,1.807022,8.916599,6.493107,-6.797666,-8.457994,1.186149,3.529333,7.087364,-8.146159,-5.428239,3.092556,4.621745,-0.466319
vacancy_0692,5.292563,4.945239,0.945481,8.065174,-3.842477,-6.438954,7.204765,-6.509833,4.382937,1.647088,-2.457990,-3.053677,1.751013,8.319987,-5.924235,0.489005,-4.280176,-8.548654,-9.731425,-7.962437,-3.797173,3.812921,-6.881107,6.782850
vacancy_0693,-7.640989,-0.581572,5.274553,-7.336478,-8.103232,0.763176,-0.909864,-0.503370,4.938002,2.675169,-0.246082,2.441859,-6.941654,-8.475514,8.185920,-0.095685,2.513115,-4.661568,-2.064863,-4.410569,-5.515324,-9.016683,6.719570,6.838331
vacancy_0694,4.464664,5.185986,1.628318,9.097097,-3.392573,-5.295321,5.445191,-6.646622,2.723292,0.632613,-2.103491,-2.693480,1.717453,7.623528,-5.787861,0.712535,-5.465321,-8.342327,-9.304156,-7.710519,-3.072075,4.996436,-7.611028,5.735631
vacancy_0695,10.128624,6.514954,-5.633744,9.641510,-1.690907,8.494721,-6.341180,-3.702454,9.431888,-6.811548,0.928870,-2.299661,5.879042,-7.806763,-8.384027,0.243519,4.435394,-7.313705,0.878255,-1.224974,5.413775,-1.753525,-5.685098,0.101370
vacancy_0696,-5.998074,-8.631955,9.060477,2.382599,-8.080559,3.203230,-6.403927,-5.476902,1.181008,-4.423987,-3.103955,4.523811,-0.657823,4.353760,2.865468,-5.791681,-1.072189,2.482875,1.958135,-0.913851,10.207873,7.959161,-0.238697,8.888101
vacancy_0697,-6.565022,-9.014509,8.400344,1.672398,-7.035439,3.592928,-6.301969,-6.226734,1.071275,-4.146223,-3.344192,4.021698,-1.185472,4.294175,3.900028,-4.812106,0.021911,2.450960,1.229800,-1.453419,9.352173,7.507645,-0.976141,7.340997
vacancy_0698,10.315530,8.887922,-6.114497,9.659990,-1.722572,9.234623,-5.129881,-3.904392,9.485779,-7.295230,-0.564219,-2.556055,7.307247,-7.907846,-7.600736,0.823590,4.364151,-7.807430,1.445629,-3.153471,4.648090,-0.554622,-5.138122,0.075555
vacancy_0699,-7.430474,-8.442078,8.654034,1.758226,-7.026552,3.340973,-6.293988,-6.421049,1.938582,-3.328083,-4.178060,4.114391,-1.689878,5.253801,3.182002,-5.690310,-0.601130,3.122463,0.944909,-1.604310,10.507339,7.156144,-0.770441,7.883036
vacancy_0700,-7.237348,9.512017,-1.168844,5.421622,-2.136518,-4.045884,6.052701,-4.917462,1.333602,8.731077,9.670189,1.905811,8.477098,7.354835,-8.246895,-9.105782,0.396793,4.142541,8.249280,-8.074751,-4.937676,2.776533,4.071701,0.012148
vacancy_0701,-7.390047,9.650528,-4.122995,6.815674,-2.668898,-3.264755,6.112416,-4.018786,1.292446,9.116916,10.097338,2.181363,6.585628,7.294704,-6.380623,-8.826793,1.305806,3.103882,7.393811,-7.762508,-5.497822,2.764920,4.396763,0.876000
vacancy_0702,-2.160091,7.811281,-6.500414,-1.269762,-2.999873,-1.674342,7.034598,-0.833240,-9.997321,2.985192,1.906171,-3.435124,7.336285,-1.049781,-1.687567,7.860383,-2.306875,5.453107,3.414296,1.338407,10.042776,8.574470,-8.905209,2.680873
vacancy_0703,5.195788,-3.542639,3.977435,3.097539,-0.741685,1.426038,-6.931010,5.993176,-8.401447,-5.552051,1.181726,-6.399792,-5.584517,5.027061,0.003226,-7.528350,1.684750,5.082692,-5.986054,6.843349,-9.948992,-1.457694,1.587460,8.132896
vacancy_0704,7.765454,7.440651,7.916051,-7.364527,-0.660589,5.644199,1.407061,-5.769600,1.371215,7.116387,9.373801,-8.567117,-0.500546,-4.267143,-5.724566,1.932856,-7.604278,8.603853,5.498501,-1.808668,-6.797779,-4.260434,1.135172,4.630959
vacancy_0705,10.504430,7.531278,-5.067398,9.654096,-1.731420,8.607887,-5.680618,-4.368869,8.074198,-7.374859,-0.300549,-2.828822,7.364732,-8.659710,-7.836056,0.460342,5.315717,-7.745472,3.515290,-1.845440,3.985724,-0.827980,-5.127024,-0.127400
vacancy_0706,-3.055016,7.479224,-8.250128,-1.727993,-2.215288,-1.362287,8.151606,-2.003103,-8.117819,2.419413,2.702304,-2.379036,6.720705,0.568950,-1.801522,8.823651,-2.728604,6.512885,2.287778,0.505156,9.594551,9.095110,-9.547705,3.390992
vacancy_0707,5.431850,5.366153,1.807929,7.931396,-4.847769,-5.330695,4.771033,-7.104955,3.064917,1.582242,-1.849321,-2.267933,1.446791,7.583615,-6.365955,1.231042,-5.785377,-8.329840,-9.599622,-8.666922,-3.657597,4.041804,-6.821085,7.186768
vacancy_0708,-6.277476,9.997135,-2.669107,5.647899,-3.166927,-3.676257,6.460898,-5.496788,1.322877,8.877818,10.471942,3.081076,7.257685,7.858441,-7.680437,-9.355057,-1.351643,3.719927,7.670871,-8.416888,-5.109562,2.726073,4.539073,-0.478074
vacancy_0709,8.677773,7.265431,-6.152887,9.758028,-2.713687,8.889007,-5.674960,-4.977657,7.475370,-7.502594,-0.526266,-3.334174,7.579852,-8.940398,-8.453286,-0.302134,4.763204,-6.988196,2.447376,-1.990427,4.905393,-1.568392,-5.416291,0.404978
vacancy_0710,6.390906,4.491555,1.892449,8.144786,-4.629283,-6.198776,6.506707,-7.120605,4.647744,1.902147,-2.566880,-1.541491,0.984382,7.777987,-7.458559,-0.636210,-4.355834,-8.186372,-9.525087,-7.170531,-3.604558,4.706274,-7.177639,6.239874
vacancy_0711,-7.365901,-8.747094,8.640624,2.694044,-5.699162,3.485374,-6.572777,-5.528554,1.047565,-3.283553,-3.275066,4.450059,-2.075663,3.802700,3.249266,-5.628802,-0.497073,3.645417,2.224775,-0.454268,10.691672,6.888219,1.298066,8.991013
vacancy_0712,8.709289,7.483179,7.385803,-8.144628,-1.145891,7.117026,1.307208,-6.348097,1.436898,8.925195,9.389304,-7.377821,0.023804,-3.845616,-5.254635,2.591214,-6.820256,8.527543,5.222076,-3.527370,-7.850421,-4.557491,2.560130,5.402981
vacancy_0713,5.343664,5.281274,2.195724,7.850555,-3.599443,-6.511442,6.399071,-6.040772,3.255296,1.720573,-1.899072,-2.518778,0.668875,8.224905,-6.902881,0.783789,-7.255588,-8.261732,-9.757649,-8.001398,-3.480182,4.086161,-8.016032,7.576925
vacancy_0714,5.689563,-4.451540,4.708786,3.663671,-1.643158,0.751590,-6.598934,5.730915,-8.532443,-5.126684,1.212758,-6.995408,-7.092805,5.802106,-1.464181,-7.739176,0.247399,4.946900,-5.351859,7.595009,-9.011953,-0.904092,1.304731,7.963828
vacancy_0715,6.722632,-3.990496,4.745485,3.496120,-1.899911,3.157562,-7.257936,7.049624,-8.520599,-5.270245,2.356476,-6.979800,-6.298815,5.265210,0.374375,-8.142593,-0.103115,3.455532,-6.670400,6.578883,-10.055018,-1.061211,1.453367,7.553592
vacancy_0716,-1.949274,7.450493,-7.858765,-1.246509,-2.771611,-1.771588,8.528267,-1.865260,-8.625285,3.510244,1.535172,-2.947122,6.510075,-0.176152,-1.580507,8.254220,-2.133724,5.743591,1.153465,0.951227,9.847856,8.685766,-10.375799,2.866275
vacancy_0717,5.449028,-3.647253,4.216709,3.063531,-1.656051,1.822881,-7.182770,6.181280,-8.331337,-3.989813,1.119263,-8.316286,-6.779352,5.353862,-0.786511,-7.717781,1.089938,5.417177,-5.436363,5.902735,-9.023141,-0.460579,2.283518,7.761477
vacancy_0718,4.995485,3.920552,1.189241,8.173197,-4.306800,-6.666941,5.832434,-6.493766,3.605926,1.158460,-2.052997,-1.716891,0.891199,7.125312,-6.656383,0.458414,-5.876647,-7.678658,-9.038415,-6.986818,-3.333048,3.940615,-7.671502,6.055642
vacancy_0719,3.927194,4.908068,2.385849,7.942294,-3.803738,-5.188544,6.135448,-6.081708,4.226861,1.281608,-2.265280,-1.720241,1.457861,7.407746,-6.509440,0.978192,-4.629735,-8.213660,-10.658254,-7.989203,-3.760399,3.579348,-7.257562,6.553696
vacancy_0720,5.209370,-2.386127,4.381051,3.791531,-1.380700,1.943595,-6.707007,5.663272,-9.267478,-5.402001,2.174718,-6.005309,-7.273814,4.788432,-0.084478,-7.538104,1.242219,3.510335,-5.572932,7.424020,-9.994387,-0.231293,2.209469,9.053453
vacancy_0721,-2.377829,6.896122,-6.770662,-0.788993,-2.769965,-2.109022,7.575321,-2.113736,-7.633919,1.657950,2.546148,-3.031671,5.882786,-0.006650,-2.202923,7.781769,-2.270293,5.711252,1.701546,-0.647241,9.412509,9.770223,-9.563681,2.794305
vacancy_0722,-7.566548,-1.453077,5.153190,-8.916035,-7.830973,1.175170,-0.175004,-1.089342,6.474868,3.684293,-0.556099,2.467567,-7.701515,-7.838818,8.000825,-0.848736,1.680963,-5.640616,-1.483195,-4.349641,-5.057973,-9.381106,6.240862,7.778608
vacancy_0723,-6.987210,-7.383816,7.977195,2.956911,-6.236509,3.475658,-6.843133,-5.566170,0.721173,-3.974300,-3.184800,4.342224,-0.772058,5.044585,3.312854,-6.614809,-0.844460,3.278358,2.241774,-1.341663,9.022479,7.464271,-0.516705,8.518842
vacancy_0724,5.372472,4.902631,1.954530,7.026401,-4.323473,-5.005206,5.448816,-6.969156,3.938433,3.473001,-2.697916,-2.317520,2.032880,7.161573,-5.996575,0.844871,-5.202483,-6.588617,-8.155605,-8.101942,-3.325571,4.411447,-8.302850,5.898751
vacancy_0725,5.946715,4.666779,0.965109,8.002425,-4.712115,-7.135552,6.174887,-6.715757,4.187174,0.691708,-2.476425,-2.693688,1.586897,8.111482,-6.995787,-0.271435,-5.216170,-8.797336,-9.269823,-6.786469,-4.753072,3.997302,-7.966723,6.804137
vacancy_0726,-7.783560,8.704367,-3.540789,6.071942,-1.922752,-3.250313,5.832515,-3.213932,0.321781,8.088878,11.102452,1.165118,7.614041,7.251700,-7.427365,-7.903962,0.341587,3.449941,7.709495,-8.017592,-4.834266,2.089505,3.941315,-0.896228
vacancy_0727,-7.984262,8.333337,-2.540617,6.135304,-2.224598,-3.599515,6.797891,-2.680377,0.675916,7.375246,10.037060,3.583154,8.163358,6.638924,-7.271875,-8.982515,0.553043,2.974373,6.391165,-7.564671,-5.841265,2.897239,5.193009,0.933253
vacancy_0728,6.561745,-3.155853,4.302680,3.548337,-1.725692,1.174789,-8.150983,6.592908,-9.526415,-5.313822,1.278745,-8.411136,-6.314961,5.071407,0.890838,-8.424642,1.216627,4.512475,-6.061403,6.871912,-9.616170,-1.473300,0.821362,7.834972
vacancy_0729,6.639273,-4.007493,4.214051,3.212255,-2.855672,2.461657,-6.855519,5.773752,-11.091796,-4.159908,1.607987,-8.026983,-5.948473,4.100032,0.601004,-8.133033,0.184146,4.961348,-6.052168,6.085308,-8.652753,-1.152245,1.649199,8.169788
vacancy_0730,-2.594290,8.421181,-7.867941,-1.435093,-2.494347,-1.772970,7.947040,-2.168697,-7.777625,1.941931,1.193278,-1.768114,7.606991,0.375765,-2.655943,7.658094,-2.622537,6.844476,2.418801,0.846686,9.082326,9.370892,-9.238403,2.213059
vacancy_0731,5.688429,4.474745,1.610097,8.380778,-5.825399,-5.231752,6.631210,-5.897745,4.680441,1.533721,-1.783470,-2.250032,1.744342,7.373662,-6.739164,1.370787,-4.598447,-7.231249,-8.820801,-8.365162,-3.491562,3.032710,-7.432990,6.158213
vacancy_0732,5.745580,-3.845018,5.590393,2.799172,-1.754790,1.456225,-6.486256,5.295142,-9.999224,-4.488392,1.616051,-7.755274,-6.671249,4.104131,0.384602,-7.416009,0.813347,4.365967,-5.881615,7.852634,-8.984219,-0.855107,0.646612,8.437191
vacancy_0733,-7.873753,0.092971,3.881410,-7.381280,-8.707528,1.077553,-0.298887,-0.646607,4.932711,2.904192,-0.054870,2.695756,-7.433155,-7.214475,9.430118,-0.054419,2.257539,-4.639759,-1.772556,-4.188184,-5.318544,-8.857989,6.638359,9.087608
vacancy_0734,5.814079,-3.939259,4.106490,3.525782,-0.701450,1.805841,-6.530167,4.635194,-8.534974,-4.046419,1.400341,-6.674226,-7.054467,4.730741,0.377062,-8.106743,0.496198,5.029900,-5.343665,6.837510,-9.110848,-0.513873,1.754610,9.091534
vacancy_0735,8.131297,8.320713,8.013141,-8.496733,-0.384765,7.611694,-0.131966,-6.777314,1.760825,7.289247,9.979439,-8.692595,0.412765,-2.979955,-5.127554,0.657848,-6.526208,7.580590,5.617080,-2.774499,-6.691012,-4.767841,2.262637,5.332618
vacancy_0736,-8.544022,-0.715978,5.707022,-8.938940,-9.133992,0.854667,-0.776277,0.510962,6.423292,4.173735,-0.767260,3.352198,-7.054312,-7.331367,9.017938,-0.837840,2.214974,-4.989435,-2.252490,-3.592552,-5.136552,-8.244444,7.602813,8.145356
vacancy_0737,11.461973,7.086223,-4.815188,9.184079,-1.872008,8.822661,-5.569079,-2.810133,9.632019,-6.881747,-0.195270,-3.520767,7.125976,-8.972404,-8.650236,-1.957700,5.455920,-7.340382,1.424475,-2.057766,4.944964,-0.822071,-4.591914,0.845319
vacancy_0738,-2.123864,7.201023,-7.052636,-0.978935,-2.755036,-1.309184,7.281484,-0.624495,-7.863553,4.153067,2.179493,-2.694809,6.552446,-1.434481,-1.643109,6.507369,-2.016785,5.316409,1.365415,0.767999,9.052594,8.471664,-10.516632,2.538416
vacancy_0739,-7.359740,-1.628222,4.701690,-7.946178,-8.211298,1.034651,-1.177466,-1.737173,4.980305,3.223816,1.337172,1.205760,-7.373100,-7.919564,9.625620,-0.420783,1.564055,-5.159706,-2.813253,-4.604784,-4.621698,-9.048522,6.743046,7.498156
vacancy_0740,5.475783,4.597215,1.158788,8.425155,-4.217827,-5.733620,5.724635,-6.764271,4.445638,0.854215,-2.321601,-1.945482,0.997153,8.218667,-5.992512,0.600972,-5.737507,-8.371798,-9.462955,-6.965874,-4.049635,4.840860,-8.037008,6.093241
vacancy_0741,-7.833294,-9.062728,8.721072,2.368655,-7.629566,4.017827,-6.123911,-5.981777,0.893975,-3.874450,-3.034025,5.329367,-1.587349,4.853189,3.343152,-6.290145,-0.009792,2.872038,2.314228,-0.698337,10.164123,7.413930,-1.071522,8.171143
vacancy_0742,6.299405,4.368153,2.077616,7.700095,-4.381919,-5.760183,5.737710,-6.650514,4.573087,1.606122,-1.711624,-2.156152,1.170737,8.657382,-6.440223,0.016457,-5.207090,-8.184611,-9.701563,-8.044632,-4.432117,4.798429,-8.813619,6.139040
vacancy_0743,-2.206902,6.655232,-7.738989,-0.896228,-3.009883,-2.176947,8.075774,-1.665585,-7.893639,1.669618,2.489443,-3.093755,6.572496,0.360182,-1.043182,7.803038,-1.080352,5.752349,1.709730,0.220689,8.805879,9.775791,-9.736292,2.624815
vacancy_0744,9.954487,6.828434,-5.507347,10.318824,-2.565203,9.165551,-5.118548,-4.612864,9.456777,-8.355666,0.463717,-3.750199,7.782802,-8.728776,-7.077622,0.431046,5.487622,-7.368653,1.453349,-0.774036,5.079204,0.016174,-4.463693,0.494158
vacancy_0745,9.847761,7.276083,8.190680,-8.587497,-1.301071,8.062099,1.857361,-7.589096,1.646825,7.398388,9.093198,-7.068625,0.940217,-3.011052,-3.053661,1.801583,-6.605241,7.800722,5.279092,-3.239890,-6.081042,-4.057595,2.820935,5.523858
vacancy_0746,-6.511209,0.423006,4.752870,-7.297962,-8.255029,1.427748,-0.962777,-0.514135,5.604618,3.660467,0.772991,0.780032,-8.630925,-7.885253,8.346595,-0.480785,2.256746,-6.177939,-2.457513,-4.834275,-5.841511,-9.244731,7.706874,8.326295
vacancy_0747,4.920978,4.237891,2.975491,7.513792,-4.365550,-4.911525,5.382458,-6.528477,4.705566,-0.010871,-1.865307,-1.173141,1.224915,8.110025,-6.116605,1.152272,-5.116353,-8.947348,-8.430470,-7.958132,-3.284249,3.794733,-8.219699,7.651073
vacancy_0748,8.321541,7.420396,6.169052,-8.186155,-0.380671,6.846636,1.305111,-7.214601,1.779049,7.477828,8.815544,-7.839384,-1.184747,-3.011820,-5.058766,1.971539,-6.699728,7.317266,4.062984,-3.727023,-6.950221,-4.977198,1.819500,5.056333
vacancy_0749,-7.548835,-8.046541,7.636842,0.956339,-7.079505,3.793963,-7.563049,-5.649368,1.080573,-4.474965,-2.483424,4.615935,-1.696277,3.989321,2.686726,-5.593802,-1.374779,3.370719,1.876929,-1.177665,9.569956,6.106222,-0.672245,8.864160
vacancy_0750,-7.473614,9.311523,-3.319808,6.556068,-3.498189,-3.207179,6.930559,-3.798164,0.488095,8.210181,10.029392,2.725894,7.518344,7.101767,-7.972915,-8.588298,0.580471,3.247728,6.695013,-8.231462,-5.649242,2.589654,3.682114,-0.235917
vacancy_0751,5.139464,4.419458,2.083778,8.268309,-4.586193,-6.346925,6.230150,-6.434825,3.254174,0.898860,-1.880502,-1.144977,1.413303,7.371966,-4.656557,1.075966,-5.377208,-8.295484,-9.980551,-7.123366,-3.891265,4.531526,-6.235288,6.528506
vacancy_0752,5.411638,-4.324715,4.856982,3.997111,-1.789134,2.080797,-6.577467,6.649709,-8.908098,-3.936788,1.117824,-6.391061,-7.328198,5.338155,-0.652328,-7.861197,1.368977,4.841433,-4.678284,6.769926,-9.487971,-1.217051,1.725327,7.830404
vacancy_0753,-2.239441,7.549928,-8.422792,-1.935004,-1.937872,-1.306952,8.633797,-1.825670,-8.074088,2.641726,2.418593,-1.443203,6.260430,-0.972223,-2.913871,8.108485,-1.831744,5.517806,2.369165,1.185706,8.779240,9.199601,-10.408231,2.239928
vacancy_0754,-8.004408,9.068353,-3.527293,6.046613,-3.036001,-3.182405,7.232312,-4.428207,1.539797,9.018796,8.747210,1.459307,7.949585,5.997085,-7.536544,-8.666474,1.075766,2.752043,6.967344,-9.000640,-4.528086,2.071691,4.107268,0.425743
vacancy_0755,8.751729,7.559721,8.088575,-8.006140,-1.218071,7.954583,2.462351,-6.073763,1.756994,8.139197,9.508329,-9.388690,0.084437,-3.837718,-5.893427,0.696662,-6.512292,8.693008,6.009742,-2.989026,-7.336257,-4.190663,2.240980,6.431182
vacancy_0756,6.757184,-3.587024,4.022795,3.341040,-1.138061,1.865243,-7.285426,6.430381,-10.376139,-5.350046,1.596817,-6.617865,-6.187902,5.367677,-1.255632,-8.063157,0.297134,2.626015,-6.881084,6.584140,-9.242339,-1.333867,0.353244,7.101426
vacancy_0757,5.465382,4.492821,1.566154,7.580513,-5.363701,-4.940285,6.122402,-6.381584,4.027141,2.458716,-3.292676,-1.593330,0.406420,7.676434,-7.542056,-0.742816,-4.885197,-8.578539,-9.155204,-7.771897,-2.769228,3.704946,-8.503850,6.281929
vacancy_0758,-8.208374,-7.432457,9.322987,2.111301,-7.645643,3.484039,-7.307396,-6.172897,0.909391,-3.575350,-3.633166,4.330444,-0.991508,4.432232,3.597632,-5.873302,-0.778236,3.381250,0.759562,-0.653368,10.414894,6.992745,0.393551,7.828007
vacancy_0759,6.104511,-4.120500,4.662134,3.315049,-2.092941,2.267410,-6.851950,6.333685,-8.915688,-4.729907,1.377940,-7.422874,-6.380717,5.396721,0.782875,-8.081021,1.322542,4.994259,-5.565217,6.568983,-9.644065,-0.705268,1.041520,8.258928
vacancy_0760,-7.369941,9.435908,-2.549995,6.255070,-1.738522,-4.391172,6.330199,-5.269541,-0.286726,8.250986,9.431570,1.612287,7.078451,6.661323,-7.148169,-8.945517,-0.246973,2.990859,7.055405,-8.569182,-4.453944,2.973871,4.775184,-0.298737
vacancy_0761,8.753597,6.225578,8.378392,-7.508382,-0.689137,5.967161,2.179223,-6.649785,2.040259,8.482240,9.338643,-8.096743,-0.016155,-2.862974,-5.321529,2.964137,-6.146657,8.075828,6.032675,-2.685900,-5.845061,-4.475292,1.756926,4.212982
vacancy_0762,-1.854146,6.477051,-8.543557,-1.240476,-2.654712,-1.848167,8.426312,-2.665641,-7.575350,1.840619,1.052113,-2.495971,6.941195,-1.167506,-2.024860,8.294194,-2.603393,6.748480,2.340738,0.358191,9.689671,8.055172,-9.286971,2.456094
vacancy_0763,-1.849546,7.519814,-7.593128,-1.299363,-2.549804,-1.941823,9.558233,-1.021803,-8.260024,2.529003,2.197799,-3.192503,7.151936,0.149921,-1.498764,7.861526,-2.288621,5.316296,2.218217,-0.908841,9.694996,8.950679,-9.185295,1.476715
vacancy_0764,-7.154136,9.072128,-4.172541,6.485318,-1.229954,-3.484081,7.168203,-4.559481,1.638552,8.088824,10.536819,1.394517,7.737734,6.645711,-6.466884,-9.182060,-0.459907,3.070476,7.915488,-7.436435,-4.937365,2.724468,4.543438,-1.714365
vacancy_0765,4.269713,5.063726,1.519957,8.531676,-5.020611,-6.236815,6.281443,-5.722627,3.958916,1.803171,-4.333484,-0.959375,1.529966,8.450121,-6.545534,-0.254651,-4.689647,-7.912363,-9.811967,-8.292799,-4.248237,5.064620,-7.675449,6.968275
vacancy_0766,5.776047,5.886897,0.809123,8.277842,-5.285998,-5.699638,6.401107,-6.619052,3.197270,1.591451,-1.795053,-2.452694,1.057822,7.809984,-6.809518,-0.233858,-5.356399,-7.482258,-8.564263,-7.195338,-3.875713,3.877303,-8.175898,6.667704
vacancy_0767,-7.208969,-8.874534,8.578825,3.233052,-7.301573,3.163286,-6.387627,-5.528626,0.804791,-3.656145,-2.913235,3.801807,-1.745273,4.135376,3.294337,-4.886890,-0.547672,3.592509,1.123121,-0.983562,9.316379,7.182032,-1.093307,8.590495
vacancy_0768,8.673116,7.872150,7.480569,-8.537272,0.369609,7.422712,1.697448,-6.305036,1.253393,7.804613,8.911064,-8.352303,0.355345,-3.445941,-4.357885,1.301936,-7.024588,7.981768,5.804874,-3.329557,-5.987373,-4.261685,1.847871,5.007527
vacancy_0769,-7.270960,-9.023684,9.015634,3.148157,-7.755220,4.552422,-5.887684,-6.795553,0.940148,-4.029586,-4.129055,3.087854,-1.316640,4.521573,2.847459,-5.280236,-2.058670,2.629381,2.252441,-0.468890,10.626898,7.667230,0.668719,8.101534
vacancy_0770,6.352149,-3.343284,5.030113,3.658777,-3.082864,2.011502,-6.714340,5.496889,-9.161182,-4.193433,1.175422,-6.856051,-5.781295,5.170151,0.649556,-8.416455,1.524620,4.419568,-5.680297,6.815835,-9.301192,-0.935265,1.334231,7.888805
vacancy_0771,-1.961253,8.974939,-8.560469,-2.032914,-2.639872,-2.212613,8.396413,-0.744405,-7.824673,3.395779,2.129565,-2.238434,5.955277,-0.327788,-1.990182,8.398788,-1.917297,5.319248,1.738209,0.375650,8.889834,8.671169,-9.131229,2.793898
vacancy_0772,5.545488,-4.630860,4.704625,4.900412,-1.397367,1.913680,-7.865460,5.837049,-8.997660,-4.970236,1.734395,-6.964875,-6.243527,6.522049,-0.040869,-7.457791,1.172377,3.632042,-5.295723,7.369912,-8.776417,-1.256182,2.285236,7.672941
vacancy_0773,-7.289611,-1.611185,5.129315,-8.495028,-8.183921,1.792107,0.005486,-0.845584,4.775358,3.627895,1.344283,2.200065,-7.234695,-7.790240,8.666514,-1.062379,2.365402,-5.655452,-1.755024,-3.143159,-3.778245,-10.051440,6.920522,7.571514
vacancy_0774,-7.531033,-1.852640,5.610571,-7.426569,-7.994507,2.812046,-0.741959,-1.626836,5.775924,2.801577,0.067254,1.724836,-7.380967,-7.510610,8.838983,-0.560303,3.121407,-4.666876,-1.673162,-4.339621,-4.908031,-9.293581,7.030645,7.567429
vacancy_0775,5.885086,-4.144824,4.321395,3.513256,-2.122164,2.525198,-5.755580,4.349149,-8.389322,-4.695555,1.333771,-6.080373,-5.756920,4.002659,-0.226408,-7.847371,1.046408,4.367343,-5.861991,6.279457,-10.503977,-0.578410,2.175836,7.893577
vacancy_0776,9.536607,7.684394,-5.708110,9.045500,-1.608793,9.323546,-5.647315,-4.377090,10.476611,-6.333838,0.030480,-3.634502,7.476091,-8.287370,-7.719614,-0.611191,4.965656,-7.725509,2.419832,-2.844083,4.486740,-0.001868,-5.410311,-0.857784
vacancy_0777,5.751634,-2.976118,4.477260,2.442167,-2.035102,1.702455,-6.250255,6.925928,-10.055770,-3.821355,0.561258,-7.502026,-7.065508,4.658519,0.140491,-7.571397,-0.285887,5.075458,-5.343606,6.336406,-9.776934,-1.583808,0.800753,7.591065
vacancy_0778,-1.757175,8.115670,-6.728689,-1.775898,-1.581907,-0.992216,8.762078,-2.158467,-7.239405,2.607141,1.697738,-1.329482,7.237759,-0.533008,-2.721814,7.531497,-2.256423,6.165186,1.861461,0.882481,8.992019,7.503956,-9.367575,2.249607
vacancy_0779,4.419523,3.850979,2.292889,8.088267,-4.697747,-6.429589,5.710505,-7.020067,3.430840,1.812247,-1.386399,-2.502976,1.424897,7.868643,-5.314540,0.431310,-5.544267,-8.309372,-9.881488,-7.742848,-3.877062,4.764180,-7.006575,6.576856
vacancy_0780,-7.610960,10.211455,-3.164047,7.318869,-2.210069,-3.456693,7.859764,-3.486925,0.428302,7.999194,9.237015,2.536195,7.864210,7.014184,-6.483582,-8.501132,0.060715,2.727234,7.183696,-8.485703,-5.660710,3.326186,3.426282,0.795147
vacancy_0781,-6.948549,9.021443,-3.481093,6.191524,-2.696544,-3.273362,6.134265,-3.364300,0.696650,8.488739,10.653281,2.123648,7.998255,8.241626,-6.028966,-7.976687,0.071922,3.608232,7.678853,-8.218869,-5.368210,2.889183,3.863671,-0.703065
vacancy_0782,9.001110,7.080928,-5.501419,10.773486,-0.753854,8.989579,-5.305800,-3.102973,8.689277,-6.250173,0.752317,-2.314218,7.930917,-7.807420,-9.402773,0.701767,4.658382,-7.428797,2.186843,-2.006104,5.484420,-0.657350,-5.458921,-0.280031
vacancy_0783,-8.010837,-8.427785,9.255794,1.729542,-7.271710,2.623920,-6.656445,-5.468604,1.010279,-3.352002,-2.335560,3.928027,-0.980865,5.271076,2.996969,-6.066251,-0.855951,3.463012,2.664265,-0.588118,9.834558,7.060731,0.607457,7.568067
vacancy_0784,-1.911620,7.231696,-6.560152,-1.455645,-2.156235,-1.861219,8.323118,-1.605184,-8.547254,2.003813,1.920245,-2.334412,6.518237,-0.075352,-2.127129,8.035547,-2.842156,5.309929,1.917242,0.520796,10.359823,9.604308,-10.066086,3.094913
vacancy_0785,-7.861701,9.984235,-2.499673,6.227179,-2.577129,-3.732761,6.808230,-3.509524,2.057851,7.723836,8.633419,2.320241,8.270329,6.999665,-7.685868,-7.472328,0.267008,3.328990,6.311121,-8.117705,-6.111492,1.303820,3.551038,-0.947276
vacancy_0786,5.585364,5.504735,1.394148,9.383793,-4.767122,-5.742839,5.246766,-6.214012,3.509795,1.473856,-2.077500,-2.368928,2.271393,6.727069,-6.398297,0.386856,-5.323203,-6.816737,-8.914854,-8.361851,-2.652706,2.936733,-8.288857,7.172241
vacancy_0787,-6.949158,9.539966,-4.128277,5.751650,-1.744778,-3.576426,6.560226,-3.298274,-0.546975,8.235925,9.497877,1.831227,7.749923,8.197736,-8.192184,-9.344698,0.271087,3.870530,7.424909,-8.298071,-5.081422,1.651533,4.248975,-0.563850
vacancy_0788,10.241234,6.416109,-5.606212,9.128064,-1.185821,8.621317,-4.866618,-4.623231,10.070793,-6.499246,0.008628,-2.739298,7.031558,-8.278040,-8.073148,-0.036006,4.741970,-7.768504,1.108438,-1.288945,4.015767,-0.679554,-4.919279,-0.425498
vacancy_0789,5.645099,-2.899286,5.159482,3.121569,-1.725364,3.547794,-7.433317,7.104711,-8.630248,-5.352763,1.535837,-6.988790,-5.982987,5.779181,0.016911,-7.588254,0.341377,4.459171,-6.482735,8.304687,-9.847093,-2.187368,1.661107,9.044734
vacancy_0790,-7.831233,-0.262572,5.552006,-8.062185,-8.560711,1.716358,-1.243408,-0.068123,4.635999,2.917749,1.189985,1.380131,-8.074303,-7.737412,8.274587,0.352310,2.531521,-5.063285,-1.832101,-4.141738,-3.357790,-9.237964,6.228836,6.613436
vacancy_0791,-2.030947,6.610579,-8.047081,-1.917274,-2.980012,-1.422352,7.701936,-2.136734,-7.911708,3.511267,2.876689,-1.496412,6.487644,-1.530790,-1.389790,7.414564,-1.898843,5.048378,2.380918,0.738329,8.861313,8.834083,-9.518233,1.818360
vacancy_0792,-2.137735,8.005830,-8.186878,-0.945209,-2.733714,-2.255417,8.860060,-2.583298,-7.290482,1.212409,0.812354,-2.518348,4.867443,0.299822,-1.246139,8.075922,-2.326332,6.275191,2.083560,0.806331,10.457307,7.889471,-10.539924,2.344311
vacancy_0793,10.121968,7.790467,-5.971978,9.201938,-1.212610,9.537836,-6.142978,-3.169979,9.467314,-7.716462,-0.053824,-2.408182,7.528238,-8.037770,-8.192448,-0.982686,5.459949,-7.442459,2.052201,-1.801269,5.623521,-0.296079,-4.520166,-0.499958
vacancy_0794,9.440695,7.318230,-5.169816,10.791090,-2.738828,8.629731,-5.617296,-4.673584,8.923441,-6.716288,-0.513190,-2.413711,6.546384,-8.843576,-7.744127,-1.860204,5.195811,-7.810290,1.064196,-1.953575,3.970610,-1.146464,-4.325845,0.730400
vacancy_0795,-1.512261,7.169219,-6.998348,-2.070955,-1.593446,-1.172091,7.240952,-0.765079,-6.681725,3.196154,1.315763,-2.149604,6.891338,-0.046197,-1.180558,6.774860,-3.317083,5.793779,1.265713,0.039027,8.459145,8.994440,-10.090057,3.163374
vacancy_0796,9.552607,8.543892,7.974660,-8.024263,-0.558966,6.464779,1.553190,-6.672167,1.462647,8.150853,9.969351,-8.454877,-0.756177,-2.754825,-6.643889,2.744491,-7.109095,7.936912,6.301149,-2.064552,-7.611102,-4.700551,2.303684,6.203850
vacancy_0797,-7.839979,-8.829269,8.280579,1.925528,-6.719067,4.312462,-7.545646,-5.665415,1.954958,-2.421432,-4.221621,5.137638,-1.608676,4.440135,3.053295,-5.217022,-1.315080,3.480241,2.951219,-1.306221,10.872678,7.328366,0.419369,7.470630
vacancy_0798,-3.164746,7.866996,-8.376261,-1.140175,-3.014798,-2.272512,9.085406,-2.385613,-7.698407,1.442602,0.224805,-2.487201,5.509372,0.169403,-1.709133,8.583229,-3.304055,5.707536,2.642959,1.105543,10.198309,8.832797,-10.005417,3.524284
vacancy_0799,4.800255,-4.593581,5.219179,4.449349,-2.600916,1.736350,-7.669388,6.155495,-8.690000,-5.031542,0.960667,-8.232839,-6.589713,5.582609,0.930883,-8.038393,0.004769,4.296341,-6.200036,6.972290,-9.415370,-0.385508,1.773411,8.663449
vacancy_0800,9.884328,6.993309,-5.606495,8.825627,-1.362102,8.598746,-5.294452,-3.474660,8.422521,-6.804574,1.016173,-2.185815,6.701205,-7.751015,-6.801140,-0.549365,5.112871,-7.341253,3.500579,-1.747702,4.338263,-0.151382,-4.521060,0.256892
vacancy_0801,-2.011138,7.790613,-8.097149,-1.090879,-2.626465,-1.229523,9.166395,-2.242853,-8.210917,1.310554,0.912544,-1.678930,5.593273,0.693187,-1.119036,7.995799,-2.775169,4.207200,2.523425,-0.007309,8.510594,9.437258,-9.867813,1.243271
vacancy_0802,5.919940,-3.827975,3.416192,2.991927,-1.679498,1.309195,-6.781768,6.178676,-8.823265,-4.889072,1.360683,-7.434738,-6.073402,5.667139,-0.454009,-8.038792,0.792247,3.898634,-7.311790,5.968696,-9.003771,-0.929075,1.224064,8.424301
vacancy_0803,-1.369485,8.564114,-7.524634,-1.371859,-2.615260,-1.204633,7.873751,-1.547127,-7.212155,2.138161,2.165549,-2.321320,6.671760,-0.088838,-2.469480,7.321245,-1.873458,6.544488,3.445342,0.344689,9.467000,8.668602,-10.423407,2.865181
vacancy_0804,-7.899979,-1.918447,4.387384,-8.302904,-8.295408,1.223794,0.424624,0.096822,5.296265,4.373337,0.124505,1.152391,-8.331533,-9.635279,8.914749,-0.870305,0.843721,-6.361323,-1.520732,-4.058253,-5.201191,-9.355851,7.331039,7.253451
vacancy_0805,8.222610,6.052387,7.825193,-6.717928,-0.881318,6.264327,1.062301,-6.796590,0.544136,8.340363,9.090650,-8.810758,-1.322322,-3.680486,-4.991855,1.857394,-7.677357,9.146803,6.550426,-3.281233,-7.710136,-5.602050,1.695775,6.552226
vacancy_0806,-6.815577,9.729927,-3.095668,6.444770,-2.662628,-3.198700,6.542498,-3.742744,0.129671,8.119880,10.496975,1.104909,7.481508,7.866235,-7.202376,-8.760480,0.683854,3.289487,6.430100,-8.559930,-5.251659,3.386118,3.999890,-0.381483
vacancy_0807,5.504998,-3.770880,3.890820,3.332888,-2.265957,2.298589,-6.847939,5.826496,-10.128480,-4.102790,2.631727,-7.295034,-6.586881,4.922145,0.348497,-7.629663,1.204091,5.182918,-5.353625,5.804573,-9.922440,-1.461759,1.764571,8.498682
vacancy_0808,9.115331,7.118898,-5.339430,9.238494,-1.592374,8.742438,-5.092694,-3.985340,8.405606,-6.120962,1.171063,-2.363416,6.543421,-9.375525,-7.444607,0.737032,5.611970,-7.001929,2.002169,-2.023380,3.729153,-1.133071,-5.213305,0.253709
vacancy_0809,5.097486,5.253271,1.122207,7.939578,-4.453487,-6.204870,5.890812,-6.291418,3.417442,0.355816,-2.684103,-2.502100,1.592054,7.817853,-5.305942,-0.328485,-5.460179,-7.885577,-10.898701,-8.838652,-4.484586,4.435021,-7.754879,6.193008
vacancy_0810,6.489079,4.398117,2.083727,6.871827,-4.401177,-6.073070,6.066443,-6.612134,3.599774,1.199039,-2.173858,-2.680528,0.423293,7.764743,-5.331044,-0.276185,-5.022249,-8.019336,-9.393127,-8.186323,-3.413461,4.185667,-8.059127,6.686579
vacancy_0811,8.892435,7.398866,7.494354,-8.965718,-0.399459,5.868365,1.848080,-7.455013,1.714655,7.229464,9.391598,-8.398604,0.953552,-4.687328,-5.343320,2.948464,-7.206631,7.649670,3.920034,-3.403316,-6.516638,-4.748211,2.046661,5.149826
vacancy_0812,-2.264727,7.220087,-7.069838,-0.603920,-2.492310,-0.387408,7.899103,-1.164146,-8.740153,2.703966,1.386828,-1.295026,5.537000,-1.521368,-1.391905,6.790081,-2.362121,5.409057,1.468001,-0.805504,10.179787,8.670972,-8.775542,1.987075
vacancy_0813,6.246889,-3.705151,4.828108,2.318883,-1.979606,2.579735,-7.363885,6.913530,-9.227325,-4.374812,1.489634,-6.946873,-6.285625,4.775063,0.630905,-6.901431,0.339616,5.265236,-5.639796,6.256804,-10.297626,-1.108822,0.447192,8.500134
vacancy_0814,8.065591,7.286285,6.711388,-8.215574,-0.282400,6.685191,0.892124,-6.963898,1.930749,7.900137,8.986561,-7.526310,-1.093043,-1.698708,-5.113351,2.810740,-5.960769,7.790249,5.233888,-3.053946,-6.562969,-4.035035,1.737363,5.351803
vacancy_0815,-7.697190,-7.857740,8.169955,2.013673,-7.430723,4.034343,-7.220671,-6.285035,1.512551,-2.399192,-3.133875,3.677454,-0.955096,4.663454,3.488571,-4.949635,-1.563365,2.155500,1.280087,0.233533,9.741686,5.824260,-0.781095,8.651603
vacancy_0816,9.623481,8.012401,-6.387203,9.650614,-1.741778,9.014783,-5.325135,-4.197933,9.138451,-7.427027,0.785686,-4.299981,6.681297,-8.822149,-8.257553,0.839802,5.340539,-6.531540,2.690169,-1.117895,3.591090,-0.413778,-3.857328,-0.950602
vacancy_0817,5.924441,-2.659389,4.391993,3.661074,-2.254426,2.261048,-7.013830,5.721272,-9.338217,-4.040907,1.858939,-7.003614,-7.037430,5.243001,-0.654529,-6.841892,0.778149,4.192117,-5.958028,6.591294,-9.379323,1.245914,1.153830,8.453621
vacancy_0818,8.869160,7.793370,8.273119,-8.219313,-1.356116,7.293726,1.878801,-6.611974,1.773832,7.428723,8.983585,-7.969567,0.001701,-2.580266,-4.809417,2.822774,-7.280292,7.934612,3.659334,-2.737668,-7.213501,-4.500812,2.855855,5.897339
vacancy_0819,5.451468,-3.938598,3.495723,3.845243,-1.526106,1.890210,-6.831278,5.941308,-10.027994,-4.471371,2.071597,-7.951877,-7.169480,5.929543,-0.500681,-7.257023,0.142861,4.431065,-6.178106,5.961894,-8.813885,-0.794726,0.872365,8.595259
vacancy_0820,5.696794,4.212196,1.523931,8.354515,-5.453862,-5.965869,6.142906,-7.112844,3.644067,2.416630,-2.101829,-1.910399,0.543809,7.418656,-5.107194,0.215885,-4.957330,-8.279042,-9.894970,-7.505192,-2.249590,4.024229,-7.635001,6.271515
vacancy_0821,5.855221,-2.801741,4.899487,3.417125,-1.344316,2.978626,-7.466595,7.008986,-9.910309,-4.220194,0.922328,-6.197622,-7.596974,4.372662,-0.900689,-8.211907,-0.642123,3.756740,-5.286062,7.663326,-10.208568,-1.004301,1.949577,8.460190
vacancy_0822,10.904835,7.269935,-5.626137,9.189628,-2.377441,8.812088,-4.707338,-4.442123,8.747037,-6.367533,0.539247,-3.579371,7.667812,-8.519448,-9.507315,0.054971,3.960314,-7.000507,1.810240,-1.440770,5.982263,-0.518715,-4.979531,0.240273
vacancy_0823,-1.302016,7.583908,-7.428676,-1.709678,-2.044190,-1.643548,7.373135,-1.975554,-7.994133,2.462289,1.502269,-2.248536,5.913627,-0.682121,-1.788575,7.877497,-2.762514,4.119632,1.853129,0.099787,9.998534,8.816709,-9.744930,1.579597
vacancy_0824,9.222984,6.860880,-5.817070,9.573737,-1.371479,8.093951,-4.185235,-4.101668,8.849097,-6.290886,-0.037377,-3.023219,6.466777,-8.189937,-8.619814,-0.370038,5.188708,-7.688153,2.035090,-0.965136,4.456951,-0.697782,-4.972116,0.345060
vacancy_0825,-7.781519,-1.018729,4.190846,-7.772717,-7.954419,2.049749,-0.625973,-1.181450,5.437892,3.928038,-0.449047,1.386979,-9.047948,-8.439906,9.345622,-1.657606,1.285632,-5.967670,-1.581352,-4.223705,-5.224593,-8.793470,5.967454,8.020425
vacancy_0826,5.391435,-2.928781,4.332309,4.181847,-1.747825,2.093909,-7.348323,5.477562,-10.489350,-4.786778,1.790638,-7.536860,-6.275749,5.359337,0.417844,-7.028684,1.268124,3.843782,-6.305945,6.837902,-10.434599,-1.010227,0.857963,8.143727
vacancy_0827,-7.960749,-0.843662,5.812105,-8.447556,-7.140050,1.138275,0.283101,-0.577978,4.787445,3.054130,0.635166,2.521415,-6.966062,-9.223826,8.944262,0.015844,1.683343,-4.912694,-1.803102,-5.368904,-4.399609,-10.081845,8.165628,7.433138
vacancy_0828,-8.310993,-1.566181,5.216762,-7.036141,-8.419868,1.728473,-1.238233,0.345703,5.457990,3.859762,-0.189359,2.183032,-6.687003,-8.667003,8.652944,-0.004018,2.234998,-5.762129,-2.887862,-4.686963,-5.756313,-10.607648,6.844135,7.892765
vacancy_0829,4.890162,3.503163,0.713388,8.447120,-4.838025,-5.649728,5.692653,-6.350830,3.218183,1.467522,-1.696352,-1.451814,0.748343,7.624337,-5.549085,0.985381,-6.228719,-7.413784,-8.778994,-7.917555,-3.207331,3.844179,-8.237742,5.775515
vacancy_0830,-2.842227,7.138596,-7.688381,-2.656839,-2.231805,-1.660117,7.632491,-2.521555,-7.648645,2.018905,2.830478,-2.095654,7.067674,-0.139231,-1.594111,8.047181,-1.774944,5.656295,2.039225,-0.596618,8.158678,8.437912,-9.718292,2.135983
vacancy_0831,-8.440259,-0.641457,4.087640,-7.909351,-8.088238,1.378502,-0.441737,-0.987407,5.360660,2.261124,-0.109328,2.987417,-7.465796,-8.583603,9.059901,-0.351823,1.796160,-5.145008,-2.787336,-3.838606,-4.913128,-9.776447,7.485444,6.533748
vacancy_0832,-6.609506,-0.753391,4.862091,-7.134680,-7.019107,2.440757,0.071779,-0.491575,6.565702,3.409198,0.149730,2.518700,-7.248181,-6.691438,8.544831,-0.668325,3.440828,-4.045982,-2.176792,-4.874486,-4.705010,-9.263280,7.100864,8.400660
vacancy_0833,5.905507,4.503273,3.377961,9.224049,-3.830525,-4.711431,5.891409,-6.746770,3.100747,1.285180,-0.916729,-1.709848,0.882370,7.171961,-5.694613,0.034170,-4.426847,-7.266993,-9.513689,-5.817054,-2.920066,4.172272,-8.921305,6.864499
vacancy_0834,5.289894,-2.463101,3.486357,4.077569,-1.810311,1.866936,-7.575022,5.929105,-9.648942,-4.468143,-0.178466,-6.524795,-7.418186,4.471601,0.426050,-7.665521,1.103562,4.139957,-7.325676,6.018531,-9.468017,-0.710126,1.392748,7.328525
vacancy_0835,5.219228,-4.522776,3.935582,4.053812,-1.934844,3.219945,-7.548046,4.711927,-9.917223,-4.543065,1.420213,-7.397503,-6.202721,6.049889,0.421776,-6.912916,0.950183,4.576282,-5.481474,5.707016,-8.381470,-1.231592,1.180649,8.798241
vacancy_0836,-7.350196,9.245169,-4.173150,5.965239,-2.275897,-3.213146,5.554899,-4.421851,0.476384,8.634822,9.957412,2.969114,7.025872,7.037537,-7.179865,-8.509468,-0.402109,3.158319,7.229071,-9.191726,-5.566162,2.037642,4.206981,-0.103983
vacancy_0837,-2.285148,7.869954,-6.905476,-1.888517,-2.265415,-0.751816,7.878551,-1.436688,-8.914090,1.477206,2.025454,-2.467620,6.732303,-0.447948,-1.946820,6.677705,-1.489775,7.550059,2.639428,0.895242,9.326412,9.973267,-9.943921,1.431248
vacancy_0838,5.580753,5.475195,2.017011,8.183674,-4.935182,-5.791944,5.695495,-5.330108,3.499107,1.104087,-2.570306,-2.116781,1.112047,7.404639,-6.116293,0.010898,-5.062623,-8.143938,-9.464006,-6.228016,-3.482725,6.242406,-8.655534,6.074440
vacancy_0839,9.535780,7.398681,7.390547,-9.078358,-0.803116,5.551409,1.825679,-5.900921,1.160096,7.467573,8.991694,-7.980169,0.194775,-3.192231,-4.573851,2.322207,-7.599178,7.942696,4.578427,-3.759029,-7.168177,-4.884351,1.814003,5.884105
vacancy_0840,-6.352445,-0.316982,4.423276,-8.597236,-8.084089,1.495960,-0.196338,-0.637288,5.834502,3.036669,0.365045,1.561700,-6.921621,-7.872381,8.496670,-0.326039,2.177736,-5.015854,-2.687892,-4.810491,-6.297414,-9.248133,6.505184,6.913502
vacancy_0841,5.655622,-2.543567,4.837500,4.272696,-2.357327,2.905251,-6.502537,5.994110,-9.671227,-6.272117,1.566243,-7.268282,-6.368806,6.288036,-0.236857,-6.994717,1.064496,5.052419,-6.430436,5.579318,-9.310383,-1.326661,0.865731,8.065219
vacancy_0842,-7.269660,-8.538976,8.202204,1.833363,-6.694584,3.918352,-7.513614,-6.888879,0.819789,-3.083457,-3.447916,3.497371,-0.992416,5.016662,4.101352,-5.888512,-0.290869,4.273792,2.559461,-0.935727,10.798269,6.337103,-0.879628,8.251344
vacancy_0843,4.901309,-3.299714,4.900380,4.502357,-2.255344,2.091887,-7.492741,6.543919,-10.351374,-5.913210,1.844686,-7.373988,-6.341982,4.647185,-1.117992,-8.325668,0.830729,4.477795,-6.136844,7.531563,-9.033340,-1.324122,1.366355,8.243284
vacancy_0844,-7.823436,-8.309178,8.065049,1.390460,-7.272458,3.643218,-7.301515,-4.605686,2.402325,-4.077530,-3.932151,4.806776,-1.896110,4.260154,3.895792,-5.435046,-0.524156,3.511846,2.241839,-0.680765,9.355591,6.452544,0.240939,7.772761
vacancy_0845,-1.882849,7.585153,-8.527279,-0.989443,-3.398946,-1.126037,7.781200,-3.343258,-6.978068,2.128346,3.599913,-2.992411,6.471423,-0.724128,-1.047831,7.629582,-1.609329,5.291777,2.240459,0.367767,9.735718,7.843485,-10.009942,1.858422
vacancy_0846,5.951251,4.849172,1.213378,8.872342,-4.499944,-6.062148,5.002189,-7.303789,2.598908,1.320691,-1.654312,-1.870275,1.443817,8.530748,-5.662354,0.554956,-5.943667,-7.734015,-9.467826,-6.922637,-3.666959,3.921257,-8.276091,4.879050
vacancy_0847,-7.407061,-8.017793,7.246196,2.818339,-7.818178,4.265083,-7.214115,-5.237075,1.272021,-3.806236,-3.862837,3.487826,-1.694813,3.310800,3.725606,-6.384266,-1.433951,2.876414,2.059297,0.519882,9.167596,8.087835,0.044778,8.589814
vacancy_0848,-8.287498,9.273890,-4.129306,5.498443,-1.338325,-4.319579,6.017820,-3.786818,1.176851,8.992335,10.780244,2.389279,7.877614,7.344908,-7.992643,-9.023149,-0.025503,3.464275,7.238699,-7.066002,-5.201838,1.944292,4.461861,-0.278227
vacancy_0849,-0.597433,6.261364,-8.469719,-0.835643,-2.968390,-1.626246,8.189231,-2.105928,-8.197162,2.256859,1.578510,-1.986318,6.535243,-0.265463,-1.802359,6.662182,-1.286786,4.808522,1.741099,1.264733,9.225438,8.759476,-9.651228,1.908145
vacancy_0850,5.404188,4.672031,2.394949,8.292874,-4.746131,-6.018731,6.431662,-7.283249,2.753662,1.778552,-2.308413,-1.431397,2.512002,8.082705,-5.099495,0.265334,-4.556945,-7.729649,-9.930238,-7.640457,-3.903726,5.009505,-9.515064,5.222248
vacancy_0851,-7.376034,-0.474020,4.527113,-7.254466,-8.008716,0.578561,-1.433733,-1.563240,4.956361,4.240121,1.078313,2.850810,-7.030235,-6.979683,8.585178,0.262421,2.820049,-5.450959,-1.867694,-5.185264,-5.137161,-9.029815,6.781104,7.499911
vacancy_0852,9.109289,7.070765,8.840106,-7.648810,-0.287995,7.307545,1.141113,-6.016874,1.807049,7.393990,9.258981,-8.115174,0.717187,-3.716391,-5.282550,0.919434,-5.966804,7.864641,4.573791,-3.089264,-6.794527,-5.461343,2.656540,5.174742
vacancy_0853,-6.503584,8.520018,-3.369400,6.026319,-2.689935,-2.040807,6.501365,-4.220866,1.536456,8.673037,10.522468,2.329530,9.011551,7.138979,-6.775958,-8.441291,1.434451,3.489602,8.664364,-8.533493,-4.963550,2.863952,4.717922,-0.641155
vacancy_0854,-8.642130,8.815712,-2.879167,6.682282,-2.382110,-4.529185,6.156499,-4.398044,0.507481,8.248392,10.979567,1.959431,5.920372,6.754669,-7.963541,-8.934718,0.977400,3.912467,7.614561,-8.388799,-5.738519,2.607207,4.024630,0.626021
vacancy_0855,-6.735781,-8.677462,8.638718,1.209985,-6.768193,2.560369,-6.972032,-5.701983,0.657534,-3.291861,-3.475992,3.048654,-1.496091,4.132406,3.417884,-5.935211,0.040848,3.256711,2.750605,-0.508199,9.894164,6.406782,-1.131815,8.493165
vacancy_0856,4.510055,4.673737,1.441552,7.845672,-3.441126,-4.527446,5.462731,-6.075014,4.006663,0.132906,-1.945735,-2.270940,1.133814,8.148451,-6.162904,-0.292811,-4.253918,-7.149768,-8.538805,-7.745617,-2.768989,4.159744,-7.925084,7.676146
vacancy_0857,-7.120770,8.733610,-2.322464,5.815142,-2.803807,-2.949950,7.529299,-4.161906,0.468330,8.507597,9.056914,2.529448,7.993756,7.408802,-7.383285,-8.887754,1.140232,2.366620,6.912064,-8.393117,-5.832091,2.303485,4.031950,0.793034
vacancy_0858,-8.522345,-7.697759,8.512883,3.164312,-6.895362,4.031444,-7.277038,-5.658576,1.346463,-4.409699,-2.017369,4.278680,-1.359127,4.700820,3.614036,-4.977067,-1.328898,3.388232,1.206858,-0.282564,10.788798,7.773481,-1.168832,8.134864
vacancy_0859,-7.408338,-8.762142,8.259561,1.991121,-7.946847,2.547652,-5.659132,-5.728763,0.807818,-3.656699,-3.191592,4.267251,-2.117382,4.491287,3.174783,-6.182742,-1.228955,3.737763,0.902189,-0.692114,9.709765,6.566138,-1.205528,7.844278
vacancy_0860,9.546712,8.310304,-4.508591,8.298873,-1.897891,8.883636,-5.437830,-4.747284,9.817583,-6.805949,0.601204,-2.553251,6.223487,-7.998554,-8.486010,-1.025809,4.917984,-6.969298,2.408669,-1.889013,4.937520,-0.873477,-3.636997,0.723382
vacancy_0861,5.957589,4.357677,2.066893,8.256308,-3.505758,-6.410098,6.273063,-6.868428,3.978684,0.733986,-1.270039,-2.359334,0.918036,6.529377,-5.021281,0.150374,-5.056177,-7.226081,-9.811093,-7.259917,-3.218736,4.107730,-8.578740,6.417811
vacancy_0862,4.699579,5.980087,1.912454,8.218698,-3.906892,-5.937433,5.100945,-6.793181,3.949678,2.108516,-1.434259,-1.919812,1.065741,7.127693,-5.132820,0.445008,-5.921819,-8.006608,-9.168801,-7.839090,-3.600497,4.896349,-7.238449,7.163187
vacancy_0863,-6.617815,9.312492,-2.572762,6.454506,-2.002924,-2.356702,5.486959,-3.019242,1.008410,8.331621,9.565204,1.852209,7.337666,6.941209,-7.489830,-9.460889,-0.174617,3.622838,6.921199,-9.485193,-5.285785,2.082492,4.635108,-1.239385
vacancy_0864,-6.035542,10.014984,-1.717298,5.743739,-2.368770,-3.939695,6.766993,-3.103009,0.119702,7.719865,10.964956,1.947050,8.285388,7.757796,-6.083797,-8.802130,1.436514,3.076995,7.224394,-8.191354,-4.742962,3.564004,5.265810,-0.799899
vacancy_0865,5.554659,-3.926846,4.589474,4.284118,-1.810240,2.452687,-6.909383,6.373032,-8.812649,-4.734416,1.279763,-6.471285,-8.100239,5.067179,0.501554,-7.135793,1.043337,4.267846,-5.755828,8.866545,-8.593789,-0.996821,2.102333,7.959410
vacancy_0866,9.449988,6.272821,-5.905157,10.029462,-2.679575,8.444365,-5.307895,-4.544912,9.100722,-6.836323,0.441610,-2.835902,7.246734,-8.623171,-8.342566,0.271979,4.882808,-8.788264,1.744520,-1.926195,5.471989,0.272686,-4.641640,0.599728
vacancy_0867,-7.348384,-1.404874,4.384925,-7.861899,-8.474041,1.963656,-1.750200,-0.291297,4.458638,3.250926,0.514971,1.231450,-6.220639,-7.291332,8.200934,-1.198376,2.686432,-5.027995,-1.753225,-4.824678,-6.361609,-9.072996,5.556984,8.831542
vacancy_0868,6.438333,-2.764111,4.572117,3.495699,-2.330219,1.821566,-6.429994,6.856077,-9.529170,-3.731376,1.686376,-6.636004,-6.162989,5.030571,-0.281791,-7.939112,1.931099,5.010973,-5.819684,7.252014,-9.863255,-0.751260,2.005215,7.953589
vacancy_0869,10.411457,7.152881,-6.143646,9.978509,-0.449692,8.928810,-5.050918,-4.161005,8.939368,-5.867061,-0.589503,-3.028271,7.181202,-7.661444,-7.874944,-0.351956,4.437023,-7.636355,3.094579,-1.956320,4.831230,-1.495940,-4.464188,-0.706904
vacancy_0870,7.508144,8.297092,7.373904,-8.136420,0.094869,7.441995,1.345349,-6.066949,1.323285,6.496631,10.433802,-8.038320,0.486305,-3.377946,-5.378854,2.682316,-6.610097,8.169106,6.313150,-3.150280,-6.277524,-4.613341,1.273763,5.130807
vacancy_0871,10.391049,6.499999,-6.249898,9.437016,-2.069934,7.310807,-5.930535,-4.082661,9.873988,-7.020970,0.573824,-3.177220,7.754171,-8.466556,-7.880803,-0.473175,5.765802,-7.476656,1.293831,-1.945758,5.828668,-0.285819,-4.649376,0.623470
vacancy_0872,5.606989,3.262451,1.551310,7.515746,-5.024227,-6.622891,6.624085,-7.066254,3.435157,1.825783,-1.938266,-3.669993,2.194293,7.508481,-6.644080,-0.500728,-4.786944,-7.671428,-9.742509,-7.376945,-3.568873,4.322550,-5.979160,6.650464
vacancy_0873,5.520503,5.486785,2.438715,8.503354,-3.744713,-5.460545,5.872851,-6.584159,4.050506,1.190862,-2.579246,-1.501546,0.588828,7.862368,-7.062542,1.145288,-5.932784,-8.214773,-9.912576,-7.711494,-2.902388,4.123539,-9.564134,7.261461
vacancy_0874,8.490383,6.508552,-5.935059,9.420442,-1.885057,8.914860,-5.544208,-4.612208,9.135255,-7.625137,0.291792,-3.038999,6.934513,-8.550067,-8.185030,-0.635447,5.872949,-6.753370,1.916123,-1.878746,5.325185,-0.714725,-5.426401,1.436104
vacancy_0875,-7.223518,8.999996,-2.637277,6.539670,-2.650606,-2.015578,5.639848,-3.056706,0.200391,7.834226,9.413940,2.217724,8.055245,6.967996,-7.303296,-9.268527,0.457813,4.503010,7.331774,-7.401554,-5.065426,2.834774,3.446189,-1.145460
vacancy_0876,9.712340,6.721413,8.140067,-8.318901,-1.445122,6.550674,2.129505,-6.938215,0.814581,6.996021,9.394909,-7.506948,0.143603,-4.241686,-4.147647,1.327142,-6.549536,8.624974,4.987925,-3.647507,-6.448969,-4.877965,1.982944,6.522617
vacancy_0877,7.796325,6.536962,8.210084,-8.174442,-1.076681,6.908244,1.774825,-5.882580,1.749667,8.285066,8.808398,-8.070024,-0.677283,-2.961007,-5.064071,1.335599,-6.133167,8.190718,5.637839,-2.198775,-6.300627,-5.892163,1.267110,5.119750
vacancy_0878,-7.208575,-0.666424,5.529990,-6.414845,-8.232476,1.932557,0.144427,-1.029112,6.319454,4.341888,1.514732,1.607994,-8.150102,-7.449420,8.397901,-0.919029,0.875279,-4.416796,-1.859000,-4.304622,-5.459824,-9.193362,7.265433,7.507335
vacancy_0879,5.046536,5.178856,2.693396,7.974592,-4.520085,-6.562096,6.135044,-6.999260,3.507539,1.719851,-1.888785,-1.285268,1.667244,8.985337,-6.402368,0.826488,-4.712701,-8.265313,-8.623816,-7.757336,-3.164714,4.713052,-7.954920,6.572556
vacancy_0880,-7.319400,-0.598290,4.869725,-8.495271,-8.860170,1.773476,0.501944,-0.512867,4.646030,3.357460,0.241649,2.948631,-7.788863,-7.552201,8.837264,-0.501376,2.046493,-4.531678,-2.588345,-4.117235,-5.243052,-9.979332,7.311234,8.421231
vacancy_0881,-8.330056,-8.636497,9.507430,2.960556,-7.604754,2.825425,-7.933322,-6.037968,0.665236,-4.158453,-3.567181,5.591284,-1.948479,4.976256,2.605695,-6.457322,-1.608480,2.800918,0.496341,-0.007728,9.622049,7.224706,-1.003813,8.560739
vacancy_0882,5.397364,-3.560321,4.300073,3.822801,-1.403307,1.994259,-6.704755,6.347828,-9.823871,-4.529698,1.041356,-6.404183,-7.276555,4.807268,-0.224785,-7.652845,1.689508,4.995810,-6.055018,7.106945,-10.627503,-1.135435,1.702192,8.310462
vacancy_0883,5.464132,5.109817,2.470160,8.611357,-3.925144,-6.020911,5.591333,-8.649348,3.832045,2.112115,-2.029322,-2.039267,0.649100,7.903410,-5.661028,0.099501,-6.411482,-7.540428,-10.283916,-6.384028,-3.870729,4.567114,-7.630439,6.135799
vacancy_0884,8.931865,8.514094,7.783967,-7.887808,-0.662978,7.692253,1.827815,-5.968259,1.343072,8.124450,9.607599,-6.381599,-1.216350,-3.074658,-5.259310,2.167624,-7.064158,8.695623,4.038598,-2.333101,-7.085831,-4.136817,1.828968,5.639589
vacancy_0885,-7.334166,-8.120448,8.219602,2.511495,-7.934059,2.024298,-7.652562,-6.268239,0.047405,-3.484526,-2.330805,4.518508,-1.377332,5.219530,2.730775,-5.680616,-0.593635,3.812606,1.635970,0.445212,8.517689,6.959288,1.315565,7.702518
vacancy_0886,8.898220,6.979759,8.545772,-8.688513,-0.758444,7.847448,0.563528,-7.223272,0.208705,7.303768,9.927476,-8.576818,0.109655,-3.261443,-5.014077,1.205916,-6.348915,7.945143,5.227383,-3.404736,-7.937670,-4.494165,1.245818,5.136742
vacancy_0887,-7.690276,-1.315386,5.177286,-7.827540,-7.140068,2.799027,0.260716,-1.317931,4.796280,3.374995,-0.107878,0.972732,-7.431514,-7.537534,8.559828,0.149971,2.682621,-6.332052,-2.261907,-4.032699,-5.222062,-9.045379,6.394202,6.878001
vacancy_0888,9.153769,6.879038,7.536603,-7.866008,-0.596809,5.849065,1.754242,-6.856597,2.034855,8.006810,9.865538,-8.263783,-1.160568,-3.386652,-5.844456,2.034915,-6.841171,7.942388,5.398603,-2.573130,-6.741901,-3.973457,2.467124,5.627160
vacancy_0889,9.328800,7.115520,8.745168,-7.074527,-0.710505,6.531573,1.181310,-6.837175,1.242092,8.689457,9.253541,-7.728362,0.523150,-3.648111,-5.437406,2.141522,-7.915693,7.577487,5.893173,-3.383314,-7.132812,-4.873410,1.561807,5.548827
vacancy_0890,-7.372051,8.942314,-3.076359,6.664546,-2.374610,-4.165972,6.669306,-4.094056,1.425458,7.869136,10.369152,1.519247,7.205197,6.278292,-7.884871,-8.225729,-0.020285,3.448238,7.827514,-7.767451,-5.393762,3.091263,4.427971,-0.404854
vacancy_0891,-6.464960,8.461550,-3.620386,6.177788,-2.058959,-3.662466,6.539017,-3.444310,0.392972,9.117314,10.156167,2.654293,7.858225,7.462316,-6.836119,-7.864589,1.018224,2.893062,7.578015,-9.158268,-5.014495,3.119054,4.735544,-0.333845
vacancy_0892,6.011760,5.348218,2.116977,8.285369,-4.472124,-5.784857,5.470354,-6.242234,4.484340,1.403489,-2.281779,-3.036268,0.940307,8.300056,-6.565397,0.567416,-5.111395,-7.225655,-9.481158,-7.989263,-3.196682,4.929279,-7.941879,7.731479
vacancy_0893,-7.861193,-8.265674,8.057120,1.872363,-7.251601,2.672641,-6.680999,-6.132493,-0.196346,-2.497380,-2.832050,3.372188,-2.583590,4.705489,3.981245,-6.330847,-2.022045,2.990410,2.080037,-0.679890,9.344015,7.908203,-0.050469,7.142955
vacancy_0894,-2.266124,8.248487,-7.896063,-1.729442,-2.771880,-1.866229,8.176014,-1.680069,-7.668482,1.216379,0.743162,-2.932482,5.974083,-2.616790,-1.406117,8.293305,-2.279796,5.850174,3.052178,-0.016671,9.568183,9.124088,-10.028103,1.934185
vacancy_0895,-7.116655,-8.325535,9.456733,2.568109,-7.219585,3.987350,-7.271278,-5.531974,0.465169,-3.572909,-2.923442,4.797897,-0.648047,4.212177,1.882355,-5.547693,-0.778941,3.194057,1.667684,-1.555517,9.401517,7.445467,0.310838,9.455895
vacancy_0896,-2.184729,6.464993,-8.569808,-1.196575,-2.252715,-2.294942,8.391914,-0.764584,-9.202005,2.939341,3.081172,-1.214879,6.232896,0.066832,-3.270134,8.315771,-1.856957,6.680415,0.926191,1.036564,9.027362,9.640703,-9.224821,2.252840
vacancy_0897,-7.736305,0.084688,4.522847,-8.279662,-7.868009,1.217466,-0.095949,-0.573109,5.152179,3.909244,-0.741572,0.748242,-7.139646,-7.289630,8.584111,-0.487352,2.712384,-5.770996,-2.453995,-4.701760,-5.180917,-8.657253,6.628469,7.683503
vacancy_0898,-7.441699,-1.166016,4.878493,-7.194580,-9.318457,0.612703,0.344312,-0.032573,5.277143,2.567459,1.064526,2.419453,-6.928313,-7.794902,8.872154,0.448495,1.796687,-6.089568,-2.378833,-4.599074,-5.466678,-8.807095,7.279375,8.322835
vacancy_0899,-6.787982,-1.380076,4.869295,-7.689597,-8.207448,1.369192,-0.469492,0.541948,5.992128,4.004462,0.417679,2.569123,-8.851886,-8.612201,9.477351,0.262501,1.856157,-6.302855,-2.868979,-2.645662,-4.122344,-9.508278,7.075630,8.029174
vacancy_0900,9.297751,7.230721,8.033606,-7.850612,0.221340,7.219481,1.124308,-5.714181,1.855387,7.694158,8.443063,-7.725132,-0.157569,-3.553843,-5.332339,2.724056,-6.937877,7.611623,5.245119,-3.777827,-7.194036,-5.778015,0.942279,4.586749
vacancy_0901,-6.769640,-8.865220,7.950442,2.604906,-8.017081,3.668463,-6.655816,-5.806606,0.972867,-3.050634,-2.905720,3.889319,-1.801626,4.024806,3.765116,-6.581451,-0.125027,3.768541,2.210843,-0.479417,10.049598,7.385179,-0.809435,8.458870
vacancy_0902,-1.310071,7.460399,-7.188965,-3.482481,-1.915415,-2.164126,8.037119,-1.793521,-9.487096,2.234161,2.935303,-2.298579,6.922151,0.099354,-2.094701,7.522848,-1.563327,5.228884,1.413402,0.085675,9.153600,7.671874,-10.106384,2.539372
vacancy_0903,5.655615,-3.799103,4.567949,5.565026,-1.870240,2.193458,-6.689665,5.904129,-8.354364,-4.399604,1.535334,-7.712585,-6.985307,6.117173,0.087322,-8.114101,1.149539,5.076799,-6.542317,7.522199,-9.464780,-1.092255,1.163394,8.512321
vacancy_0904,9.266801,6.158956,8.376321,-7.880282,-0.644355,5.998295,2.106000,-6.284098,1.875867,7.925437,8.917883,-8.472310,0.238176,-3.948945,-4.437511,1.464359,-6.899224,7.857270,4.822766,-3.300562,-5.667166,-3.840361,1.757596,6.363103
vacancy_0905,5.494280,-2.849618,4.851741,3.743014,-1.168865,2.410816,-7.450545,5.527379,-9.386845,-4.723999,0.597557,-8.257165,-6.716204,4.781760,-0.282922,-7.668400,1.063956,5.018066,-5.129317,6.505409,-9.994258,-1.171153,1.153042,7.439965
vacancy_0906,-7.786309,-8.441286,7.963112,2.208395,-7.735348,3.852692,-5.931359,-6.236929,0.267802,-4.730170,-3.052462,4.273700,-0.714420,4.247730,3.743020,-6.192551,-0.416951,3.396887,1.602384,-0.826236,10.538635,6.834774,-0.204417,7.574817
vacancy_0907,-1.633009,7.213412,-7.464446,-2.525770,-2.632038,-1.870543,8.045128,-2.462814,-7.473378,1.851961,1.916184,-2.626065,7.133555,-0.454570,-2.205068,7.329066,-1.528528,4.974106,1.716377,1.327958,9.213745,8.367454,-9.535153,1.187558
vacancy_0908,5.660371,5.933776,0.973771,8.604582,-4.641656,-6.003163,6.423868,-5.906541,4.108877,1.207819,-2.957895,-3.257843,1.185127,7.093530,-5.967951,0.948545,-4.895863,-8.712089,-10.000665,-7.103239,-3.743475,3.976474,-8.165559,6.971240
vacancy_0909,5.293743,4.533442,1.111678,8.735112,-4.649156,-5.964514,5.172251,-6.213031,4.227736,2.047323,-2.258874,-2.617145,1.357940,8.638196,-6.326506,0.748516,-4.917069,-8.424814,-9.080104,-8.477372,-2.469327,4.573838,-6.830677,5.475219
vacancy_0910,8.844971,7.223509,7.488526,-8.778353,-0.926453,7.401933,-0.380870,-7.173101,1.597462,7.457057,9.002402,-8.316684,0.138141,-3.435912,-5.195829,2.242826,-6.449610,8.069114,5.918530,-2.646792,-7.197867,-6.140275,1.711921,6.218749
vacancy_0911,9.096933,7.261557,-4.341057,9.918340,-1.976966,8.740685,-4.546723,-2.886846,9.138701,-6.998813,-0.201349,-2.456540,7.222660,-8.927790,-7.924643,0.406720,5.243271,-7.160472,1.809379,-2.896941,4.075688,-0.863142,-4.468451,-0.021084
vacancy_0912,6.286331,-3.685895,5.517370,2.920564,-1.790706,3.831908,-7.317027,5.230826,-8.496224,-5.788151,0.460991,-6.946357,-5.993298,5.006430,0.144257,-8.005757,-0.630523,4.714505,-5.753662,7.547743,-10.087761,0.125969,1.384711,7.383592
vacancy_0913,-8.110896,-8.012686,8.757666,2.108693,-7.821384,3.458492,-6.652781,-7.212694,0.398099,-2.952947,-3.820280,3.163158,-1.932018,6.253663,3.315803,-6.957157,-0.833878,3.132769,1.421530,0.107849,9.993755,7.210211,-0.298857,8.306810
vacancy_0914,-1.584405,8.437197,-7.556843,-1.381457,-3.102441,-0.671869,8.236955,-1.390395,-8.523640,1.062333,0.925610,-2.849590,7.015504,-2.273386,-1.377134,7.694455,-3.111646,6.472401,2.151805,0.547938,9.821530,8.217340,-9.251134,2.092083
vacancy_0915,-6.843282,-8.462726,8.724485,2.505426,-7.388886,4.769326,-6.548619,-7.146696,2.123842,-4.385651,-3.811781,5.072725,-1.704137,4.832659,4.088418,-5.101212,-0.368961,3.561321,1.177689,-1.930968,9.984509,7.386164,-0.501880,7.833551
vacancy_0916,9.956871,7.173742,-5.040677,9.768822,-2.339743,9.192939,-5.925908,-3.470050,9.791298,-6.769303,0.309217,-2.456545,5.406076,-8.045743,-8.424977,-0.772402,5.057389,-8.715908,1.205589,-1.850618,5.468668,-0.779459,-4.726828,-0.436366
vacancy_0917,-8.447882,0.918401,4.538572,-7.956911,-7.847330,1.143936,-0.102806,-0.624278,5.323967,3.385250,0.838436,2.005990,-7.592852,-9.167657,7.939480,-0.001101,1.527138,-5.825788,-2.526605,-4.065071,-5.215929,-10.187776,5.933301,7.946293
vacancy_0918,-8.261732,-8.630639,8.110399,2.209020,-6.585934,1.956523,-7.701823,-6.123076,0.641938,-3.341418,-3.809447,4.669347,-1.258892,4.157510,3.490866,-6.727510,-0.794670,3.822922,1.937915,-0.700929,9.592542,8.172039,-0.131123,8.071961
vacancy_0919,6.017868,-4.285687,4.982361,2.885810,-1.832533,1.197669,-7.171208,6.565095,-8.620372,-4.704932,1.366943,-6.790025,-8.052690,6.244068,0.216480,-8.434646,0.995765,4.853969,-5.825659,7.051072,-9.098427,0.285708,1.768521,8.076548
vacancy_0920,-7.046392,-9.502522,8.161176,1.947147,-7.262482,4.326714,-6.656800,-5.597089,1.724828,-4.453042,-3.209444,3.487965,-2.206894,3.707630,4.489792,-5.663865,-0.273931,3.179811,1.699197,-0.372820,8.437355,7.973499,-0.126323,8.758717
vacancy_0921,10.801798,6.034503,-4.976633,8.648097,-2.118037,8.200739,-7.173566,-4.243406,8.317553,-8.632112,0.538661,-2.819780,7.962671,-8.387663,-7.356360,-0.770607,6.409948,-8.210642,2.004699,-1.970129,4.987708,-0.085171,-4.341177,0.265850
vacancy_0922,7.239384,-3.850523,4.129423,3.399709,-1.391434,1.699546,-7.669036,7.092058,-9.444385,-3.987837,1.538402,-7.217616,-8.141158,4.852811,0.025646,-8.355991,-0.140156,5.010809,-6.212555,6.539489,-9.091996,-1.653583,1.137949,7.291486
vacancy_0923,5.397275,4.387648,1.010960,7.962381,-4.078271,-5.297943,5.991685,-7.163396,2.927058,1.503303,-2.134464,-1.605568,1.196871,7.157648,-6.077831,0.750957,-4.578091,-7.574638,-9.122410,-7.431764,-3.791003,4.221845,-7.827222,7.209816
vacancy_0924,-1.555456,7.848661,-8.164093,-1.222908,-2.071216,-1.748263,8.698700,-2.794082,-8.673050,1.793582,1.053151,-2.142988,6.463474,0.346336,-2.028862,7.517341,-2.853037,5.385100,1.954390,0.791213,10.187624,8.230574,-9.923430,2.342306
vacancy_0925,-7.140760,9.026315,-2.883028,6.122341,-1.901595,-2.601220,5.137026,-3.419349,1.276933,8.346511,9.348227,2.197882,8.351050,7.236263,-7.605262,-7.860654,-0.220372,2.715376,7.920773,-7.992027,-4.902335,2.508597,4.478830,-1.047984
vacancy_0926,5.283537,4.358247,1.881238,7.255403,-3.671040,-5.543303,5.798651,-6.657963,2.641230,1.943120,-1.625479,-1.750276,2.621617,7.256892,-5.795829,1.079310,-4.868418,-8.081051,-8.862657,-7.276365,-2.815542,5.860738,-7.851688,6.577978
vacancy_0927,8.276118,7.491219,7.537264,-8.639230,0.395630,6.919816,2.209277,-7.606060,1.563887,8.661384,9.631135,-8.577329,0.522366,-2.614690,-5.535640,1.420160,-8.246469,8.995542,5.447375,-3.401944,-6.596004,-4.219208,0.946206,5.473204
vacancy_0928,6.218053,3.878791,1.019971,7.505644,-4.637475,-4.528498,5.124298,-6.265375,3.397468,0.867875,-2.361552,-3.069283,0.347137,8.451170,-6.655232,0.276393,-5.987339,-8.038561,-9.665348,-6.477140,-3.869682,4.999172,-7.291219,7.070391
vacancy_0929,4.511143,5.355056,0.617130,8.525699,-3.590362,-5.184043,6.319790,-5.775430,3.023105,0.404832,-1.664164,-1.404169,0.255382,8.121829,-6.359349,2.008839,-5.485350,-7.536959,-9.523970,-8.037267,-3.250092,3.646218,-7.276465,6.108316
vacancy_0930,-8.973435,-0.454439,3.878732,-8.248910,-8.546156,0.887631,-1.239479,-0.849157,5.113786,3.004635,0.404595,1.185368,-7.020639,-8.334038,8.081959,-0.430572,2.115774,-5.503902,-3.640516,-3.554399,-5.427442,-9.352837,7.144783,8.336268
vacancy_0931,-2.423753,8.252490,-6.961538,-1.517373,-2.502985,-1.281762,8.465743,-2.695365,-9.380556,1.870432,1.984392,-1.386808,6.722615,-0.327318,-2.120366,6.542239,-2.705363,6.231810,1.960445,-0.758852,8.009278,9.510409,-9.973378,2.931925
vacancy_0932,-2.422680,7.313642,-7.719433,-1.496347,-3.037894,-1.087542,7.632534,-0.843075,-7.468199,2.096096,1.309678,-2.332089,5.529854,-0.624953,-2.535746,6.831207,-2.289078,5.257507,3.229908,1.025625,9.684156,8.216901,-9.715048,2.715017
vacancy_0933,4.611331,3.955696,2.186294,8.890445,-4.385159,-6.775042,7.190632,-7.405671,3.449772,1.272666,-0.876434,-1.976048,1.602813,7.409812,-5.995258,0.222631,-5.040064,-6.543938,-9.377810,-8.440113,-3.847325,5.438918,-7.530559,6.591696
vacancy_0934,-2.292729,7.862778,-7.887659,-1.591936,-2.581860,-1.492489,8.508391,-0.855556,-7.597765,2.274769,2.447969,-2.062266,6.370622,0.042208,-2.468303,7.686457,-2.340382,5.623894,1.984955,0.421772,9.171834,8.893369,-9.883541,2.370797
vacancy_0935,8.526641,7.502737,7.055764,-8.688873,0.605736,7.124186,2.339571,-6.207247,1.361898,6.430316,9.269700,-9.067707,0.051100,-3.519517,-4.958856,1.158631,-4.914023,8.862978,6.078499,-2.797172,-7.002953,-5.343068,2.091204,5.789618
vacancy_0936,6.877097,-2.296968,3.854215,3.660556,-1.488418,1.296390,-7.460119,6.427598,-10.115804,-3.825697,1.690271,-6.535888,-7.215878,5.268302,0.272963,-8.482136,0.870869,4.013625,-5.716037,7.289310,-9.591086,-1.554544,0.143322,8.377823
vacancy_0937,9.111133,6.957040,7.333275,-8.418984,-1.046087,7.107726,2.483920,-6.262851,1.905319,8.615662,9.430491,-8.035349,-0.344184,-3.554303,-5.218920,1.900466,-6.353286,7.526749,6.048299,-3.420256,-6.241774,-4.731931,2.440118,5.699367
vacancy_0938,5.283338,5.537056,1.809931,8.195786,-4.995463,-6.254164,5.208090,-6.613989,3.527488,2.537284,-1.989764,-2.743991,1.461667,7.387590,-5.695753,0.127416,-5.439844,-7.630927,-8.349587,-6.997276,-2.965688,5.049699,-7.531342,6.909336
vacancy_0939,8.664627,8.064090,7.977342,-8.491517,-0.804036,7.602863,2.159757,-6.824134,2.132620,7.189487,9.125245,-7.900221,-0.039903,-2.251027,-5.321845,2.478593,-6.222251,8.643317,5.460828,-2.633645,-7.783725,-4.518465,2.306241,6.622341
vacancy_0940,-7.434998,-8.105019,8.448388,2.339932,-6.854904,4.096176,-7.705455,-5.533519,-0.666206,-2.738513,-3.441686,4.970463,-1.451237,4.973707,2.870161,-4.721627,-0.747277,3.840779,1.405797,-1.514232,9.458895,6.793358,-0.267200,9.312173
vacancy_0941,9.971431,8.488542,-5.386550,9.723226,-1.919439,8.750714,-5.230297,-4.050742,10.099436,-7.619319,-0.009124,-2.642114,7.495379,-9.675364,-9.042326,0.402507,4.422797,-7.604654,2.705723,-1.687292,3.860228,-0.765854,-3.517274,0.004900
vacancy_0942,-2.499880,8.718593,-8.792057,-2.115644,-2.742832,-2.239390,8.419268,-2.145583,-9.365258,4.136029,1.132320,-3.190414,6.272691,-0.305750,-2.123174,7.042504,-1.970401,5.114219,2.606962,-0.464777,8.973253,8.994541,-9.269412,2.000484
vacancy_0943,-8.358837,9.796398,-2.249369,7.077367,-1.834861,-3.911210,6.453626,-2.799895,0.105157,8.228502,10.306222,2.146860,8.029174,7.348008,-7.523030,-8.654827,1.098345,2.488910,7.197081,-8.254879,-4.935319,2.081653,4.375151,-0.361098
vacancy_0944,-1.375113,6.610428,-7.737089,-2.044256,-1.976359,-1.640242,8.419056,-2.131281,-7.978313,2.502833,2.459546,-2.184365,6.089643,-0.738544,-1.072007,8.419864,-0.963026,6.130459,2.192381,0.100455,9.833928,9.330108,-8.718358,3.076788
vacancy_0945,6.264168,-3.179908,4.951149,3.671909,-2.022156,2.811951,-7.151424,6.198186,-9.444727,-4.570894,0.061672,-7.629945,-7.032094,5.973080,-1.080915,-8.115161,1.889096,3.084316,-4.858047,5.896385,-9.467681,-0.589490,2.317189,9.903696
vacancy_0946,-8.186965,-9.382890,7.912713,2.239872,-8.076769,2.801765,-7.415720,-6.566161,1.246972,-4.073103,-3.708972,4.972359,-1.748755,3.593142,3.128770,-5.329432,-1.115990,3.155081,1.951241,-0.939849,10.029769,7.893128,-0.198430,7.337900
vacancy_0947,-2.602043,9.063304,-6.876992,-2.559300,-3.507820,-2.684764,7.591168,-1.873672,-8.621429,2.035703,1.192646,-2.155678,7.034267,-1.035905,-1.543431,8.508678,-1.455297,5.322625,3.098892,0.847220,9.853571,9.453920,-9.737791,2.169475
vacancy_0948,-7.050053,-0.639084,5.132568,-7.753451,-9.061322,3.105311,-0.613596,0.375737,6.024749,4.096378,-0.260906,1.385473,-7.376074,-7.975737,8.436191,-0.077491,0.185880,-5.870543,-2.568119,-4.912146,-5.997396,-9.050750,6.981663,7.292282
vacancy_0949,9.486137,6.596818,-6.360386,8.944938,-1.794039,8.662628,-5.964360,-3.243097,9.061541,-7.129503,0.437371,-2.748206,6.902463,-10.914797,-8.037928,0.606282,6.823350,-7.917488,1.989703,-2.367583,4.542424,-0.955445,-4.614874,0.739727
vacancy_0950,9.868608,7.528864,-5.437115,9.451875,-2.371285,8.231779,-6.162758,-2.761461,8.951370,-7.560040,-0.596342,-2.965705,7.466738,-7.789050,-7.449220,-0.831617,4.902541,-7.172039,2.784471,-2.488568,5.188705,-0.402194,-5.272483,0.610858
vacancy_0951,-7.919250,-8.967082,8.985183,2.175816,-7.719581,4.217078,-6.353648,-6.720366,1.946454,-3.575665,-3.301436,4.124582,-0.962947,4.980969,2.877676,-6.349855,-0.490070,2.637723,1.360124,-1.092630,9.663826,7.013801,0.681669,8.203673
vacancy_0952,8.844521,8.519303,7.751177,-8.756631,-1.617847,7.181385,2.355532,-6.723979,0.510452,8.195523,9.025690,-8.063700,1.050291,-4.939225,-4.848197,1.700335,-6.522187,8.086384,6.968554,-3.454908,-6.388066,-3.881369,2.253317,4.860585
vacancy_0953,-7.127666,9.263473,-2.596070,5.849332,-1.966860,-2.664478,7.600630,-4.067663,-0.069680,8.478262,9.698377,1.760177,6.618005,7.672477,-7.018554,-8.334098,1.550314,3.386320,7.778986,-7.470450,-5.450329,2.259286,5.116620,-1.896769
vacancy_0954,-7.580222,-0.956014,4.237514,-7.523738,-8.088589,1.640468,-0.195757,-0.523064,5.006671,3.074979,0.388369,2.783974,-8.449547,-6.648488,9.399800,-0.079731,1.812332,-5.864537,-3.160066,-3.062815,-6.820603,-9.295233,8.046357,7.457794
vacancy_0955,10.168111,6.327215,-5.681064,9.907643,-1.992577,8.775420,-5.960385,-3.873041,9.181540,-7.539762,0.116912,-2.787054,6.907683,-8.040396,-7.646587,-0.462717,5.103283,-7.513961,0.612841,-0.691705,4.545106,-0.170250,-3.896318,-0.532128
vacancy_0956,10.018037,7.745069,-5.147491,8.970661,-1.195923,9.600540,-5.238243,-4.193741,9.561532,-6.779088,-0.529000,-2.158545,7.538920,-8.211191,-8.696659,1.166084,5.011581,-6.887444,1.663855,-2.133997,4.106451,-1.018088,-4.530065,0.094861
vacancy_0957,-2.127965,7.844531,-6.673663,-1.165909,-2.227402,-2.179943,8.342405,-2.724563,-8.290569,2.205726,1.542042,-2.960363,6.805394,-0.306058,-1.776057,7.079403,-1.370160,5.751750,2.115176,-0.090802,9.928701,9.058395,-10.177703,2.504717
vacancy_0958,4.588424,4.870782,2.549925,8.822003,-4.445668,-5.837260,7.361309,-7.071438,2.477651,1.317797,-2.195271,-2.613145,0.879755,7.563088,-6.282850,0.672276,-6.134285,-7.454649,-9.812088,-5.662243,-3.402886,4.963201,-8.334396,6.322521
vacancy_0959,10.007565,7.573883,-5.223717,9.696060,-1.418223,9.389039,-4.932485,-4.125172,9.064937,-7.555699,-0.278804,-2.892203,7.604686,-8.389780,-7.952382,-0.329531,6.457401,-7.758047,2.442456,-1.697908,4.385336,0.117413,-4.566017,0.821601
vacancy_0960,10.198893,7.296234,-6.224159,9.513718,-1.859894,8.895257,-5.202402,-4.020511,8.080258,-7.559455,1.143401,-4.013018,7.015093,-8.175371,-8.428520,0.085996,4.515195,-7.378319,0.798565,-1.662643,4.397593,-0.413367,-5.917566,0.528210
vacancy_0961,9.880685,6.990358,-5.284074,9.921964,-1.855289,8.934314,-4.783052,-2.966985,9.401812,-6.066769,1.093051,-4.046960,7.512634,-8.797754,-7.364249,-0.283593,5.683163,-6.083965,1.834444,-3.176600,4.605062,-0.784827,-5.060725,-0.561547
vacancy_0962,-7.700308,-0.515313,6.082246,-7.864142,-9.631471,1.065204,-0.560330,-1.035481,5.086589,3.243248,0.458783,2.374208,-8.001079,-8.408529,8.477406,-1.194748,1.625267,-5.566019,-2.049662,-5.046029,-5.509702,-8.772958,7.451635,7.841973
vacancy_0963,8.775393,7.081752,9.036903,-7.527457,-1.371839,6.545946,1.433174,-6.067540,1.235297,7.283195,9.664593,-8.395917,0.964437,-3.794624,-5.990211,1.750997,-7.236690,8.258589,6.655150,-2.505743,-6.759800,-5.337065,2.441708,4.683083
vacancy_0964,5.281061,3.688068,1.291963,9.102367,-4.866510,-6.621735,6.715887,-6.774071,3.933136,2.441038,-2.556656,-2.024557,1.783881,8.286869,-6.063450,0.562192,-4.521563,-8.087089,-9.542611,-7.550291,-3.950901,4.731206,-8.456280,5.866079
vacancy_0965,-7.989188,-0.341493,4.466882,-7.458056,-8.394026,1.583813,-1.236769,-2.383734,5.230592,2.804005,0.501911,2.161067,-7.834639,-7.944701,7.630294,-0.348990,2.763662,-5.715337,-2.556307,-5.083348,-5.327135,-9.604511,6.507146,7.428598
vacancy_0966,6.859361,-4.284534,4.359217,4.306685,-1.582706,2.420781,-7.353231,5.632652,-8.779097,-4.563964,2.281375,-6.742038,-6.939966,5.781674,0.010861,-8.803608,1.815321,4.754855,-5.236208,6.235816,-9.986473,-0.579127,0.318651,9.436095
vacancy_0967,-1.370476,7.513994,-7.762034,-1.744857,-2.195432,-1.799514,7.712756,-2.128485,-9.098922,2.802766,1.340659,-3.888132,5.606237,-1.093446,-1.468238,7.553676,-2.625131,3.791844,2.146390,1.424412,10.029304,9.615989,-9.652131,1.919434
vacancy_0968,-2.800841,5.870988,-7.925026,-0.703004,-1.811725,-1.863314,8.710415,-1.608935,-9.148660,2.569699,1.552899,-2.826244,6.627719,0.122480,-2.241494,7.875082,-3.099149,4.824878,2.505502,0.476490,9.795928,9.403424,-10.238272,2.639634
vacancy_0969,-7.049612,-0.407783,4.815627,-8.674804,-7.001909,1.470331,-0.215100,-0.364445,4.767260,3.860164,1.136406,2.276368,-6.959089,-7.815209,7.983678,-0.008728,2.596479,-6.923629,-2.045794,-4.436481,-4.700866,-9.298994,7.176527,7.811002
vacancy_0970,-2.820420,7.136654,-7.902107,-0.376056,-2.789117,-1.486707,8.975727,-1.520190,-8.327515,2.734205,1.894517,-3.194681,6.513001,-0.212268,-2.439668,8.152663,-2.248954,4.688794,2.304571,0.149330,9.714338,8.942978,-9.738052,2.874168
vacancy_0971,5.650031,-4.161613,4.597121,3.282664,-0.475862,1.967280,-7.168541,6.301581,-8.336671,-4.992519,1.402337,-6.936831,-6.794756,4.493176,-0.578926,-9.864985,0.487317,4.898076,-5.333959,6.670326,-10.046983,-0.518983,1.003388,8.430946
vacancy_0972,-7.391055,8.585754,-3.213941,6.271265,-2.415210,-3.938828,5.972029,-4.014040,1.300049,7.851794,10.266665,3.230484,8.366780,7.187879,-6.851798,-8.841094,-0.336737,4.161803,6.630967,-7.813853,-4.648376,2.925100,4.748039,-0.674331
vacancy_0973,4.301345,5.254216,2.400266,7.721317,-5.227971,-4.941709,6.194226,-6.427990,3.656592,1.223724,-2.189953,-1.991314,1.777800,7.267567,-4.890092,-0.363118,-4.918638,-8.029196,-9.058148,-6.321137,-4.888135,4.433217,-8.391180,6.925192
vacancy_0974,-2.093084,7.821322,-7.154470,-0.517485,-2.305226,-1.433039,8.240779,-0.436303,-8.477089,1.782109,1.629834,-1.994750,5.962143,-0.501454,-1.389113,8.494579,-1.310863,5.284288,2.770356,1.492662,9.409261,8.247897,-9.638993,2.550958
vacancy_0975,5.872125,-3.375591,4.212134,3.293456,-2.060444,2.265146,-8.164806,5.459045,-8.781432,-4.917374,0.600453,-7.250316,-6.364661,5.101540,-0.941014,-6.905076,0.332682,3.823134,-4.836616,6.244508,-9.873103,-0.766551,1.139248,7.760383
vacancy_0976,-7.466380,-0.986757,4.691698,-7.365503,-7.971613,1.333898,-0.063142,-0.858399,5.922850,2.894518,0.531628,2.451798,-7.590991,-7.389302,7.643302,0.647203,2.290667,-5.257421,-1.825531,-4.119259,-6.061349,-9.490472,7.377840,7.026254
vacancy_0977,-7.484771,-8.676690,9.064256,2.523283,-7.486225,3.525233,-6.663564,-6.238923,0.697119,-3.385386,-3.282403,4.012685,-2.174849,3.926358,3.162161,-6.570915,-1.195691,3.268767,1.576612,0.250179,9.456246,6.186284,0.065724,8.193755
vacancy_0978,-6.919078,10.444507,-3.635102,6.287523,-2.771673,-2.927257,6.749549,-3.997166,1.798324,8.709493,9.086574,2.504885,7.890890,7.842362,-7.198494,-8.235489,0.652490,3.171570,8.393642,-7.123627,-5.121987,3.131207,3.110509,-0.482445
vacancy_0979,-1.861637,6.683389,-7.153043,-1.228850,-2.480747,-1.593318,8.182639,-2.209645,-8.004527,2.125186,1.675115,-2.972077,5.744614,-0.820403,-3.086398,7.103547,-1.790080,5.810429,2.185166,0.291594,8.810670,8.197477,-10.033476,2.928426
vacancy_0980,-7.190697,9.903171,-2.877057,6.456952,-1.141123,-3.646893,6.212442,-5.119131,-0.271274,9.055485,9.841155,1.825457,6.930448,6.422882,-7.107447,-8.138921,0.876212,2.742538,7.508484,-7.043577,-4.734325,3.079758,4.754849,-0.857958
vacancy_0981,8.899288,6.403939,8.655619,-8.368768,-0.747057,7.166230,1.858435,-5.720398,2.119277,7.243434,9.220265,-7.714775,-0.158111,-2.784185,-6.111466,2.939981,-7.803081,7.527406,5.446917,-3.313250,-5.800846,-4.659307,1.912336,4.999285
vacancy_0982,-6.939489,-8.478020,9.198615,2.107614,-8.003066,2.427249,-7.398439,-6.869898,1.285272,-3.773748,-3.724634,3.970292,-1.664735,5.096142,3.930087,-5.471973,-0.773623,3.109265,2.186699,-0.786597,9.720792,7.126123,-0.863398,7.484454
vacancy_0983,6.212584,-3.899467,3.884340,3.637420,-1.133961,1.910226,-7.070667,5.112266,-9.540013,-4.898619,0.810956,-6.498703,-7.713338,5.182350,-0.155991,-8.580397,1.769491,4.558058,-5.886179,6.954746,-9.784925,-1.963599,1.063975,8.636494
vacancy_0984,11.346876,7.607557,-5.039373,9.774230,-1.370982,8.149577,-5.418715,-3.928882,9.178465,-6.224449,1.622706,-2.529080,7.160964,-9.271256,-7.548353,0.178180,5.143145,-7.071437,0.909403,-2.431738,4.790761,-0.324787,-6.206531,0.459329
vacancy_0985,-7.030419,-1.945948,4.442010,-6.417923,-8.575845,1.883132,-0.688760,-0.673948,4.932394,2.988665,0.436977,2.357252,-8.164906,-7.471438,8.404242,0.223242,2.068295,-6.048581,-2.673829,-3.757315,-4.159888,-8.487137,7.122083,7.328142
vacancy_0986,8.580681,7.038930,7.033310,-7.825675,-0.949060,7.145681,2.182378,-5.311688,1.151118,7.694135,8.716958,-7.937446,-1.105949,-2.378738,-4.316536,2.286192,-7.247854,7.631542,6.236173,-2.569138,-6.926285,-5.183861,0.658225,4.857349
vacancy_0987,-6.903798,8.739689,-2.547304,5.527446,-1.700948,-3.945886,6.759808,-2.312425,1.458372,8.363333,9.420284,1.928363,8.049292,7.555995,-7.435758,-7.980470,0.540819,3.170261,7.860699,-8.437299,-5.760045,2.866221,3.777935,0.045498
vacancy_0988,-8.300433,-1.338620,5.194217,-8.429725,-7.322665,0.799625,0.209535,-0.090350,5.053980,3.885089,-0.494895,1.429872,-7.470876,-7.621354,7.741971,-0.111680,0.836818,-5.554777,-2.591859,-4.231860,-5.315246,-9.650444,6.723612,7.079880
vacancy_0989,5.094884,4.788973,0.775831,7.949669,-5.308830,-6.480528,6.574445,-5.738034,3.812045,1.225249,-2.083750,-1.293268,0.430089,8.124844,-5.714558,-0.209143,-5.189075,-8.346099,-9.296162,-7.705878,-3.618051,4.780703,-6.666521,6.105312
vacancy_0990,9.718126,6.923119,-5.302480,7.983786,-1.768788,10.200240,-5.731985,-4.760833,9.559460,-6.010658,1.124819,-2.922879,7.836047,-8.245355,-7.096464,-0.949581,5.166937,-8.202887,2.532605,-1.359994,3.979381,-0.170777,-5.257197,0.553081
vacancy_0991,-1.692297,6.872758,-7.414063,-1.210809,-3.417992,-0.460512,8.836744,-2.165845,-8.485994,2.772707,2.611996,-2.398851,6.900789,0.528969,-1.855884,7.592425,-2.061386,4.807589,3.013719,-0.245486,9.614411,9.143050,-9.771155,1.894347
vacancy_0992,4.652971,4.118375,0.740092,8.144342,-3.118092,-6.072854,6.286510,-6.571586,3.139379,0.707331,-1.577605,-2.442505,2.389962,7.533986,-5.657472,-0.010648,-5.618762,-8.197891,-10.337778,-7.479707,-3.530147,4.178303,-7.984258,6.385254
vacancy_0993,-7.603800,-1.198139,4.522117,-8.338425,-7.899522,1.932998,-0.625802,-0.222299,4.763162,3.131777,-0.161269,1.592092,-7.122391,-6.970434,8.609402,-0.593274,2.815853,-5.902278,-2.402973,-3.449273,-5.249672,-9.391137,7.405562,7.590081
vacancy_0994,-6.462042,9.113826,-2.270645,5.724887,-2.384196,-2.968442,5.845492,-4.507814,0.491582,8.920306,9.236410,1.846500,8.443426,6.963259,-7.183352,-7.275729,-0.083961,3.058423,7.648333,-7.945739,-6.070449,2.194899,4.525851,-0.498248
vacancy_0995,9.000252,7.541759,-5.626090,9.238932,-1.526838,9.333637,-5.123421,-3.856222,8.777035,-8.307594,0.927497,-2.662918,8.137862,-7.357940,-7.580521,-0.551203,4.887984,-6.811651,1.621849,-2.119115,3.928147,-1.275734,-4.089694,0.201366
vacancy_0996,9.068444,6.602090,8.135891,-8.532197,-1.119534,6.363746,0.507727,-6.359580,1.204332,9.075819,9.474407,-8.177816,0.752190,-4.093062,-5.378305,2.647750,-6.569178,9.248037,5.242354,-2.967572,-7.065154,-5.469912,1.694615,5.533570
vacancy_0997,-2.099322,7.313928,-7.552156,-1.604306,-1.603402,-2.981213,8.320604,-2.039805,-8.171456,2.193509,1.899461,-1.955839,6.028798,-0.734599,-1.470410,7.871410,-1.218501,5.010792,2.757756,0.501052,9.422303,8.780158,-9.510793,2.659213
vacancy_0998,-2.561722,8.902286,-8.186290,-2.236930,-2.311266,-1.210957,7.340991,-1.702368,-7.846963,2.305763,1.647019,-2.576790,6.790088,-0.570231,-1.780595,8.697199,-1.583238,4.488683,2.899492,0.009974,10.200201,8.189711,-9.358145,3.450140
vacancy_0999,9.102272,6.912306,8.105030,-8.328045,-1.561366,6.831349,1.005363,-6.483191,2.082920,8.042819,10.390338,-8.697406,-0.340981,-4.213367,-5.468364,2.369970,-6.727831,8.364392,5.471554,-1.994325,-6.979474,-5.220455,1.393361,5.165190
vacancy_1000,5.615867,3.663160,2.155320,9.206246,-4.269435,-5.563059,7.100907,-7.095727,4.050966,0.305841,-2.204664,-1.564726,0.850601,6.919400,-7.290290,0.588855,-4.874363,-7.989389,-9.725190,-8.389844,-3.868427,3.604602,-7.512919,6.252219
vacancy_1001,-7.086140,9.614173,-2.635252,5.337535,-3.144390,-2.895837,6.001780,-3.779257,1.487885,8.947447,9.505495,2.650493,6.363417,6.545204,-5.335420,-8.478799,0.490432,4.172443,8.539347,-7.817182,-4.724863,2.784503,3.683388,-0.919629
vacancy_1002,-7.872899,9.681325,-2.916447,6.776491,-2.324334,-3.266059,6.240252,-4.219434,0.225902,8.669491,9.792899,3.129295,9.262739,6.589145,-7.251679,-8.595088,-0.387348,3.731401,7.352565,-8.536309,-5.442088,2.780736,3.836630,-0.769945
vacancy_1003,-7.507028,8.944268,-3.324339,7.177365,-3.137218,-3.075975,5.967131,-3.605978,0.273117,8.004842,9.294184,1.939169,7.051150,6.853042,-7.585981,-8.996069,0.174686,3.594274,8.037212,-8.398771,-5.063310,2.262828,4.378747,-1.394237
vacancy_1004,-7.931448,-8.013457,8.517398,2.520160,-7.381698,3.322757,-8.075058,-6.749577,0.914014,-3.755240,-3.075589,3.439767,-1.905419,5.681020,3.077005,-6.189611,-1.374817,2.910172,3.196647,-0.154263,10.046633,6.248774,-0.234479,8.434899
vacancy_1005,7.900657,6.676085,6.850245,-8.995847,-1.311809,6.748754,2.143117,-5.872725,2.426396,7.482858,9.075591,-8.383741,0.072651,-3.459103,-4.530563,1.726396,-7.085679,7.663573,5.575431,-3.251887,-6.957422,-3.933942,1.579953,5.837430
vacancy_1006,-2.929612,6.762772,-7.872413,-1.509299,-2.174958,-1.145269,7.679337,-1.778085,-7.808978,3.135005,1.980676,-3.455547,5.921878,-0.332435,-2.001840,7.595535,-3.304804,5.735212,1.427786,-0.333743,9.713593,9.352020,-9.163309,2.170733
vacancy_1007,-1.761950,7.528867,-7.040322,-1.313860,-2.345737,-1.915557,7.244648,-1.265112,-8.600659,2.422651,2.172139,-3.123616,5.820046,-0.602589,-2.234879,7.942263,-1.844989,4.797060,1.479011,0.233133,9.543835,8.912310,-10.053112,2.031420
vacancy_1008,5.889265,4.100215,2.145970,9.387673,-4.328265,-6.001758,4.895864,-5.219024,2.628126,1.406160,-2.693639,-1.727062,0.880855,8.901203,-6.180385,-2.102078,-4.899900,-7.883301,-10.330613,-8.052049,-3.953318,3.400214,-8.278710,6.153284
vacancy_1009,8.570061,6.933454,8.279150,-9.400754,-0.670004,6.775101,2.378537,-6.569060,1.500255,8.175884,9.080610,-9.012750,0.090073,-3.259639,-4.381830,2.630726,-7.231553,8.060709,5.699073,-2.803851,-6.017365,-4.833630,1.032902,6.226524
vacancy_1010,-7.659763,-9.613277,8.981868,3.028291,-7.412513,3.968677,-7.312286,-4.635105,0.632375,-3.686083,-3.673052,4.021176,-2.006074,3.907069,3.068543,-5.963714,-1.753158,3.179647,2.735318,-0.535680,9.335842,7.044900,-0.230811,6.968728
vacancy_1011,-8.123358,-9.449819,7.547925,2.213789,-7.980704,3.727411,-6.494114,-6.121642,0.672914,-3.345136,-3.140888,5.462796,-1.335760,4.543583,4.918645,-5.595177,-0.266160,2.239395,1.123203,-0.778044,9.859863,7.000751,-0.167991,6.876836
vacancy_1012,5.862724,-3.539273,4.474435,3.501415,-1.964281,1.175037,-6.951464,5.340278,-10.161214,-6.051812,2.391381,-7.266280,-7.171740,4.960466,-0.327844,-7.061584,1.221375,4.977208,-6.258011,6.746216,-9.333413,-1.158196,0.609023,7.999785
vacancy_1013,8.008679,7.451637,8.180698,-8.827663,-0.768335,7.278952,1.905433,-6.435541,2.421235,8.162992,9.128281,-7.488617,1.161157,-3.748703,-5.072079,2.681676,-5.835229,8.693904,5.995617,-2.262938,-6.755581,-5.909844,2.255543,5.704710
vacancy_1014,-7.858023,-0.745247,4.037595,-7.540954,-8.284544,1.295093,-0.726827,-1.597791,5.897081,2.242542,-0.102153,1.746384,-7.381481,-7.241412,8.090970,0.194340,2.312673,-5.699878,-1.222224,-3.749704,-5.747774,-10.778918,6.566035,8.180360
vacancy_1015,10.383079,6.912563,-4.906190,9.946500,-1.167333,8.897545,-5.151673,-4.372288,8.666503,-6.892912,0.145525,-3.566118,7.891603,-8.931354,-8.257043,0.679802,5.920415,-7.931578,1.512197,-0.791955,4.306137,-0.559710,-4.134678,0.438841
vacancy_1016,-8.372942,-9.514670,8.815230,2.499733,-8.142967,3.116128,-7.993992,-7.053988,0.405450,-3.596969,-2.996525,5.476819,-1.668731,3.669785,3.208852,-5.790912,-0.290963,2.518060,0.652325,-1.152458,8.268629,7.728489,-0.546351,7.790602
vacancy_1017,-7.622696,9.055861,-2.783975,6.510695,-2.689605,-2.665698,5.682127,-3.800900,1.421678,8.793614,10.596893,2.752074,8.644407,6.718298,-6.891210,-8.119220,0.488650,3.201469,7.558360,-8.063713,-4.338207,3.072820,4.778426,-0.421405
vacancy_1018,-8.235112,-8.065357,7.049484,2.356015,-7.623725,4.438943,-6.570236,-6.590681,1.252118,-4.402417,-2.409149,3.722152,-1.933134,3.777323,3.235561,-5.392077,-1.773769,2.305298,2.627548,-1.033579,10.550858,7.135071,0.282371,7.901233
vacancy_1019,6.673116,-3.273564,3.780526,3.706378,-0.906102,2.171015,-8.031920,5.349112,-10.029701,-4.659635,0.582388,-6.310704,-6.806374,5.700709,0.051204,-8.193880,1.351876,3.940581,-5.589361,7.426524,-9.305552,-0.812417,1.525261,7.512528
vacancy_1020,4.857822,4.580898,1.241842,8.071968,-3.977957,-4.133833,6.193150,-6.044725,4.054513,1.640039,-1.961709,-2.244886,1.405351,7.331464,-6.004994,0.914804,-5.066478,-8.480770,-8.668663,-7.502582,-4.138320,3.569139,-8.721258,7.551913
vacancy_1021,7.463732,-3.670402,3.317613,3.205843,-2.138511,3.173938,-7.017664,4.716788,-9.018459,-4.336275,1.508256,-6.881016,-5.663415,5.587221,-0.125068,-7.855782,0.833809,5.393429,-5.598772,6.788497,-9.616693,-0.923370,1.577650,8.987943
vacancy_1022,9.860328,6.128673,-5.513182,10.247685,-0.804066,8.728436,-4.348376,-3.804858,8.386674,-7.482498,0.824188,-2.577905,7.131067,-8.755721,-8.144438,-0.372318,6.875993,-7.573119,1.152065,-1.111660,4.753393,-0.972878,-5.134819,0.239160
vacancy_1023,-7.417475,-9.388869,8.475828,2.000513,-6.908179,4.545275,-6.538822,-6.573737,0.925309,-3.846344,-2.172253,4.295057,-2.136153,4.347882,2.634495,-3.989065,-0.550217,3.372662,2.233556,-0.903928,9.717333,6.800030,-0.356476,7.629514
vacancy_1024,8.092496,6.414242,8.037193,-6.616634,-0.319215,6.826850,1.993532,-5.315919,1.409794,7.242425,9.519923,-8.560203,0.973146,-3.042225,-4.912057,1.195682,-7.806908,7.349161,6.095214,-2.180350,-6.481307,-5.103096,0.811906,5.353659
vacancy_1025,-7.071698,8.599317,-2.472262,5.861723,-1.957495,-2.961132,5.534117,-4.215195,0.056866,8.575205,8.963743,1.534631,7.281504,6.583682,-8.421747,-8.470899,-0.213821,3.424936,7.395112,-8.285869,-3.944826,3.199968,5.105450,-0.733118
vacancy_1026,9.131326,7.507254,7.826101,-7.849998,-0.541099,6.326965,1.732495,-6.662382,1.290830,8.382509,10.297551,-8.427794,0.869073,-2.993975,-4.166559,1.810528,-7.304651,8.390554,6.650260,-1.844994,-5.371815,-5.804394,2.567625,5.509120
vacancy_1027,5.844606,4.825977,2.671292,8.589734,-3.945258,-5.521074,5.835364,-7.129350,3.927440,0.806083,-1.223334,-2.398044,1.236945,8.574508,-6.351839,0.155500,-5.042683,-7.711533,-9.037812,-7.210193,-3.545491,4.185619,-7.761472,6.410431
vacancy_1028,-2.736176,6.677015,-7.870689,-1.651762,-2.264310,-2.137603,8.373532,-2.951214,-9.094490,2.312148,2.434931,-2.211681,6.441617,-1.250518,-0.888512,7.511353,-2.441295,4.917469,2.959191,0.559628,9.260102,9.625547,-9.770298,3.024379
vacancy_1029,-7.227300,-7.824516,8.789335,2.495670,-6.297231,3.673551,-7.978012,-4.977690,1.371312,-2.932036,-3.935185,4.977769,-1.304850,5.720876,2.922152,-5.634335,-1.168873,2.787810,1.689690,0.019742,9.873402,6.696646,-0.218202,7.311991
vacancy_1030,-1.891889,7.060204,-7.947950,-0.406489,-2.608318,-1.464354,9.199325,-0.958360,-8.027297,1.948632,2.110547,-2.028556,6.479739,-0.042049,-3.047572,7.962668,-3.133189,5.641686,1.300221,1.496274,9.737897,9.814415,-9.432427,2.748187
vacancy_1031,9.880530,7.488061,8.419811,-8.452390,-1.475152,6.799217,1.549216,-6.476729,1.495913,8.986291,9.617139,-8.192773,0.057032,-4.142233,-4.350904,1.735699,-6.833997,8.554579,5.165895,-2.947973,-6.644363,-4.531589,1.471278,5.105247
vacancy_1032,5.463504,4.513083,1.652805,8.303440,-4.515761,-5.652392,7.501009,-5.771849,3.579055,1.325551,-2.614155,-1.334303,0.837017,8.084427,-6.003283,0.582573,-5.948295,-7.370617,-10.467855,-7.227004,-3.411545,4.139737,-8.746368,7.049146
vacancy_1033,-6.996727,-0.548136,4.273157,-6.910432,-8.082205,1.338577,-0.111386,-1.209665,4.999732,3.187945,1.561179,2.112572,-7.142220,-8.076071,8.400232,-0.536999,2.854134,-6.067986,-2.102755,-4.897196,-5.392156,-8.287726,7.345930,8.072502
vacancy_1034,8.888716,7.893253,-4.045421,9.604058,-1.540471,9.723148,-6.102751,-3.624676,9.787495,-7.740471,0.548097,-2.800657,6.368345,-8.487198,-8.057053,0.872395,5.197995,-6.656122,1.754139,-2.547118,5.297974,-0.859111,-4.361310,0.820315
vacancy_1035,9.423366,7.124824,7.967014,-9.172239,0.397987,8.427033,1.018426,-5.929356,1.367489,7.991740,9.012807,-7.197513,-0.211448,-3.732728,-4.269490,1.210597,-6.078425,7.827602,5.286634,-2.435941,-6.233603,-6.047370,1.590981,5.783346
vacancy_1036,-8.048993,-0.319891,4.586486,-7.326796,-8.910272,2.533689,0.763711,0.816121,4.885088,2.984613,0.648206,1.789827,-7.383235,-8.226565,7.394061,-0.271541,1.831483,-6.010842,-1.571106,-3.843595,-5.598781,-8.810641,7.089719,9.092852
vacancy_1037,-7.144828,8.813712,-3.151155,5.960549,-1.243496,-3.070996,5.658087,-3.068330,0.409958,7.649582,10.295439,2.154450,8.472621,6.888393,-6.795651,-8.704793,-0.065886,2.323809,8.125207,-6.823628,-4.737317,3.214340,3.611639,-0.463983
vacancy_1038,6.287796,-3.047041,4.965455,3.687814,-1.606875,2.545831,-8.214174,5.972710,-9.304990,-4.884474,0.201169,-6.772304,-6.696953,5.200741,0.193824,-8.382754,1.266854,4.092461,-5.755257,6.831473,-9.028817,-2.238494,1.115085,8.528499
vacancy_1039,4.727030,4.464215,1.885240,8.024057,-4.011890,-6.413540,7.065725,-6.155513,4.001547,1.783869,-2.368502,-2.460155,0.404317,6.976037,-4.774477,-0.165307,-5.969156,-8.368970,-9.798420,-7.599391,-2.957750,4.156998,-7.432759,7.419080
vacancy_1040,5.739551,-3.887475,3.704808,3.411631,-1.558326,1.946599,-7.455325,6.393694,-8.895637,-3.690682,0.770658,-6.430826,-6.210432,5.801852,0.850252,-8.022934,0.257052,4.669434,-5.894592,8.481064,-9.104916,-0.761262,1.896579,8.109938
vacancy_1041,5.114772,4.083269,1.000966,9.366631,-3.445937,-6.246960,5.639412,-7.414274,2.766899,2.244858,-2.272287,-2.783213,1.023869,7.224871,-5.650022,0.290477,-5.649655,-8.012526,-10.281458,-8.293826,-4.732789,4.741678,-8.565985,5.498096
vacancy_1042,-1.487011,6.654951,-7.795047,-1.223395,-2.232853,-1.601415,8.010938,-1.668982,-7.319784,3.045638,2.467279,-1.638685,6.516282,-0.694038,-1.889175,6.754953,-2.411047,6.242065,1.907009,-0.514646,9.708721,7.984337,-9.623604,3.318185
vacancy_1043,6.227806,-3.671130,3.277463,4.058445,-1.835956,1.753532,-6.321302,6.443391,-8.597093,-5.358393,1.079806,-6.628218,-7.894034,6.278616,-0.196799,-8.611830,1.186071,3.348230,-3.935217,6.795551,-10.071432,-1.720557,0.944771,7.903677
vacancy_1044,-7.374200,9.615522,-2.976149,5.534561,-2.033025,-4.226390,6.058558,-3.735454,1.114580,9.051890,9.468290,2.087179,8.032988,7.667275,-7.092166,-7.717112,0.734017,4.384816,7.066192,-9.035853,-4.584571,2.554577,4.848700,0.298013
vacancy_1045,5.670506,4.549540,1.163784,8.856538,-3.483990,-6.525420,6.155811,-6.816314,4.364384,1.350680,-1.271913,-2.514378,1.720893,7.523198,-5.608278,0.476982,-5.938316,-8.607646,-10.294470,-6.463263,-2.990651,3.597228,-7.607445,6.506694
vacancy_1046,5.258574,4.759400,1.810438,8.289675,-5.160200,-4.531095,6.103915,-6.157414,3.945204,0.828516,-1.456786,-3.705038,0.423392,8.028603,-6.859600,-1.612455,-5.216728,-7.953673,-9.165386,-8.424976,-3.184024,4.699377,-6.025222,6.248366
vacancy_1047,-7.757421,9.563551,-3.132972,5.380649,-1.300213,-3.071401,5.832126,-2.819887,1.075313,8.248284,9.596654,1.538052,8.149116,6.925358,-8.254817,-8.985822,-0.306034,3.967905,7.595148,-8.206723,-5.512968,2.954625,4.587563,0.498414
vacancy_1048,-3.461282,7.138076,-7.431478,-0.685192,-2.247364,-1.945734,8.946504,-2.468028,-7.954027,2.314448,1.530704,-1.970969,6.120886,-0.471603,-2.246034,7.521980,-2.507686,5.990926,2.185746,1.146408,8.741423,8.878836,-9.937899,2.490997
vacancy_1049,-6.679324,-0.982049,6.262454,-7.354268,-8.785276,1.274848,-0.365132,-0.728420,4.893588,2.594345,-0.474615,2.434851,-7.461886,-8.562810,8.778415,0.083716,1.431481,-5.514224,-2.134368,-4.102539,-4.808483,-8.817694,7.214783,7.630379
vacancy_1050,5.700821,-3.028146,4.917703,3.331996,-2.137435,2.658452,-6.412430,6.425700,-9.967616,-4.666795,1.435763,-5.876964,-6.865531,5.246457,-0.301423,-8.810539,1.257953,4.713691,-6.456115,5.682101,-11.349439,-1.065225,2.584558,8.283213
vacancy_1051,5.149499,3.468231,1.681015,6.752342,-4.824986,-5.682754,6.794243,-7.063605,3.746265,1.675202,-1.318022,-2.008164,1.150773,7.417039,-6.200229,0.094532,-6.783609,-8.275408,-10.158533,-7.570473,-3.578427,4.549604,-7.851656,7.469376
vacancy_1052,-6.926685,-8.237800,8.795831,1.650525,-7.152450,3.184276,-8.399073,-6.470875,2.226171,-3.462933,-2.607282,3.630998,-2.849142,5.010807,3.177646,-5.362318,-0.661607,3.333143,2.459988,-1.334243,8.696575,7.860428,-0.783080,7.993447
vacancy_1053,10.638752,7.107917,-5.494134,9.009557,-2.126910,8.447482,-5.919644,-4.507998,8.668689,-7.198656,-0.531974,-3.385499,6.939436,-8.941490,-6.369456,-1.436298,3.706105,-7.820185,3.159247,-2.462790,5.528441,-0.756241,-4.158180,0.555723
vacancy_1054,-2.608977,8.120786,-6.702667,-2.261197,-3.407369,-2.288418,7.218608,-1.455722,-8.355991,2.813887,2.171807,-2.333924,7.056578,-1.438834,-1.824105,7.214042,-2.658000,5.113255,3.278332,1.229990,9.067784,9.587492,-10.083353,2.054539
vacancy_1055,5.003589,4.925238,2.124728,8.156939,-4.406206,-5.575149,6.560738,-6.561946,2.467996,0.874719,-1.080377,-1.201331,1.255989,8.027570,-6.126852,0.640378,-4.874638,-7.999418,-9.512562,-7.119312,-4.642164,2.694712,-8.446698,7.896863
vacancy_1056,9.785608,6.994163,-5.917904,9.712998,-1.782618,8.935045,-4.429722,-5.171873,8.577958,-8.889670,0.831093,-3.835543,6.570023,-9.346524,-7.036435,0.401201,4.457644,-6.449699,2.372508,-2.802762,5.371763,-0.342597,-5.105287,0.854497
vacancy_1057,-3.058302,7.453614,-8.151389,-1.446644,-2.382991,-0.235484,8.261952,-2.138292,-7.387613,3.060017,1.664037,-3.332467,6.388817,-1.177240,-1.636008,9.059591,-1.778707,5.887331,2.657066,-0.378995,8.025856,8.354672,-10.170414,2.558045
vacancy_1058,5.724524,-3.241724,4.002092,3.175552,-1.469664,2.704335,-7.650520,4.796255,-9.042632,-4.129156,1.283467,-7.292980,-7.492609,4.224428,-0.926364,-8.309739,-0.047680,4.516652,-5.512379,5.913273,-9.931229,-1.386678,2.039329,8.039315
vacancy_1059,-7.850925,8.395951,-3.915706,4.690687,-2.280282,-2.864005,6.092894,-3.753986,1.092957,7.833304,10.933886,2.622394,6.326207,7.448030,-6.469486,-9.522557,-1.477084,3.345893,7.586933,-8.429504,-5.041130,3.826449,4.005536,-0.479346
vacancy_1060,-7.200852,9.013293,-3.009207,7.197677,-2.090030,-3.239343,6.362917,-3.610595,0.722077,8.261228,9.719004,1.408778,7.079743,6.352330,-7.424464,-9.748131,0.238740,2.048941,7.862978,-8.748134,-4.666868,3.343170,3.758193,-0.665939
vacancy_1061,-6.278371,8.873166,-1.914100,6.113186,-2.294731,-2.876215,6.256347,-4.298835,1.141758,8.228664,9.238815,1.991485,7.988402,7.736018,-7.100910,-7.961167,0.468262,2.907906,8.933428,-8.317744,-4.150885,1.903004,4.758197,0.800964
vacancy_1062,-2.648597,7.746499,-7.813048,-1.298603,-3.571778,-0.431641,8.701410,-1.564181,-7.583087,1.884530,0.939191,-2.191545,5.612254,-0.535858,-2.295968,9.297424,-1.994151,4.751864,2.246164,0.647496,9.789602,9.097918,-8.600705,2.143592
vacancy_1063,9.702051,7.343601,7.692050,-9.032116,-1.030992,6.761414,1.972540,-6.351610,1.642967,7.679203,8.800683,-9.136964,-0.600655,-3.587517,-4.189374,2.299527,-6.189678,8.973825,5.469673,-3.205951,-6.907266,-4.813359,1.886712,5.887694
vacancy_1064,6.587317,-3.270158,4.351990,2.924246,-1.388673,2.565847,-7.288005,4.893307,-8.643248,-3.802048,1.323412,-7.087376,-6.884195,4.050123,0.549923,-7.151702,1.318198,4.909636,-4.992419,7.035629,-8.551073,-0.873522,2.093211,7.693917
vacancy_1065,10.245265,6.154577,-4.875261,9.623409,-2.380828,8.412880,-5.059864,-4.245130,8.670760,-7.248653,-0.375829,-2.172241,7.326039,-8.949304,-7.896263,-0.280050,4.595454,-6.265739,2.031671,-2.016893,4.724365,-2.234039,-5.229540,-0.461340
vacancy_1066,10.592755,6.823052,-5.275819,10.381266,-2.720510,8.293518,-4.505785,-3.868567,9.169704,-5.716321,0.365639,-2.033123,7.764218,-8.899991,-8.915690,-0.334506,4.040149,-8.118659,1.840145,0.127379,4.050496,0.132567,-5.406920,0.554069
vacancy_1067,9.327282,8.327598,-7.018553,8.750646,-2.512281,8.757026,-4.488310,-3.496434,9.243191,-6.994143,-0.151745,-2.359599,7.749018,-8.514107,-7.399761,0.626057,6.075487,-7.476762,2.095565,-1.436143,4.500684,-0.482556,-5.225922,-0.579551
vacancy_1068,9.893963,6.461248,-5.548799,9.649270,-1.444691,8.792706,-4.996550,-3.631936,8.853679,-6.852091,-0.075329,-4.060362,6.903191,-8.820930,-6.239477,0.398214,4.746321,-7.673899,2.409841,-2.491976,5.550271,0.426605,-5.421414,1.340808
vacancy_1069,5.041747,4.639251,2.172334,7.418427,-4.569566,-6.023867,6.332486,-7.810463,2.782140,2.389692,-1.575042,-2.378549,0.562564,8.490513,-6.523989,0.295890,-5.044383,-8.249654,-9.596596,-8.124537,-4.120178,4.997148,-7.414560,6.828297
vacancy_1070,-7.302039,9.650215,-1.797609,6.577617,-1.685664,-3.733207,5.501154,-4.181505,0.224975,8.396918,10.155605,3.345161,8.061920,7.572279,-7.510073,-7.908161,-0.116053,2.965100,6.880551,-6.829527,-5.761775,1.219443,4.263459,-1.104450
vacancy_1071,9.977326,6.007913,7.281178,-8.287243,-1.220178,7.808448,1.483231,-5.362019,1.321817,8.389989,9.214249,-7.878162,0.294696,-3.233577,-4.547864,1.609998,-6.397637,8.060032,6.583800,-2.573919,-6.251165,-4.966573,1.998454,5.425182
vacancy_1072,-7.644961,-2.309066,6.013195,-8.462141,-7.761282,0.568699,-0.944255,-0.605229,5.619798,3.533649,-0.657485,2.738817,-8.154856,-7.810427,8.490374,-1.395096,2.781524,-6.170126,-1.818489,-4.331713,-5.228077,-7.965231,5.833586,6.347659
vacancy_1073,7.144172,-4.422998,4.805834,3.225182,-1.233144,3.086295,-6.580435,6.406624,-9.489508,-5.051564,1.105362,-7.001236,-7.911575,5.502033,1.204378,-7.193390,0.946282,3.696190,-5.778776,5.693135,-9.458737,-1.183844,1.689127,9.299460
vacancy_1074,-8.010525,-0.398011,5.440422,-7.940927,-7.984315,0.677405,0.432252,0.124161,4.726935,3.279083,0.481982,1.325072,-7.263558,-8.227112,8.396328,-0.278212,2.527874,-5.476556,-1.097163,-3.145187,-5.283751,-10.917822,6.276210,6.617764
vacancy_1075,9.983943,6.775535,-5.106192,9.901446,-1.638582,9.094527,-5.717033,-3.698797,8.567344,-7.980636,-0.073702,-2.817697,7.518384,-8.561875,-8.386512,-0.850477,5.123202,-6.792411,2.477809,-1.596402,4.134066,-0.355159,-4.625998,0.284564
vacancy_1076,9.019736,6.938140,8.290587,-7.155281,-2.139797,7.093210,1.118546,-6.176396,1.678850,7.138516,8.663605,-8.022249,0.062517,-2.627859,-5.356013,2.406342,-6.551856,8.010907,5.144804,-3.015185,-5.865323,-4.687430,2.044430,6.094169
vacancy_1077,6.642658,-3.825209,4.090715,3.036319,-1.501551,1.731141,-7.338528,5.508833,-9.909902,-3.846625,2.471553,-6.863629,-5.959420,5.464238,0.020936,-8.750013,0.468966,5.798628,-7.081427,6.632774,-8.876192,-0.571899,0.467324,7.279521
vacancy_1078,-2.181404,8.282697,-7.152762,-0.312946,-2.828806,-2.162056,7.630795,-1.051576,-8.420245,2.033103,2.272615,-2.504601,5.821105,-0.582276,-1.904671,7.536757,-2.789271,6.292790,2.115244,0.907411,9.652087,8.708232,-8.158396,2.071864
vacancy_1079,9.570433,8.461894,-5.803211,10.107882,-1.576666,9.483329,-5.106835,-3.829033,8.495647,-8.238664,0.990713,-2.644182,8.334420,-8.811260,-8.123233,-0.281341,5.258019,-7.912911,-0.370467,-1.897055,4.774678,-1.272559,-5.816437,0.240528
vacancy_1080,-1.873149,8.283288,-8.259367,-1.278374,-1.638534,-1.705511,7.567587,-2.281447,-8.689654,2.147921,2.190568,-0.906944,6.764887,0.153482,-0.585856,7.737399,-2.475301,5.537495,0.929408,0.558733,7.302347,9.157676,-9.208668,2.513633
vacancy_1081,-7.778713,-1.068232,4.946590,-7.372458,-9.061282,1.914394,-1.795052,-1.615171,6.505785,4.106650,-0.666368,2.903805,-7.374026,-7.654166,8.036724,-0.295036,2.105365,-5.221907,-2.938070,-4.105223,-5.116299,-8.945984,6.732207,8.226988
vacancy_1082,10.251889,7.590002,-5.489602,9.727576,-1.281513,9.072722,-6.187916,-4.269190,8.743972,-7.800772,-0.761140,-3.187130,7.303663,-8.610943,-8.387792,0.235397,6.298296,-6.945904,1.063329,-0.915283,4.363566,-1.150377,-3.713517,0.219540
vacancy_1083,9.054721,7.525925,7.726184,-8.266305,-0.939865,6.702860,0.836256,-6.544766,2.104790,8.541236,9.060018,-8.328385,0.499960,-2.737168,-6.036663,2.070559,-6.630751,8.215627,6.219159,-2.391122,-5.692711,-5.254832,1.477620,5.665894
vacancy_1084,5.157244,4.529385,1.777455,8.544561,-4.192268,-6.213865,5.614876,-5.464376,3.269470,1.702191,-2.175072,-2.835604,1.229727,8.399608,-5.891484,0.639185,-4.962769,-7.683221,-9.304145,-7.934909,-3.690787,3.604447,-8.869782,6.973821
vacancy_1085,4.404094,3.548279,2.301267,8.861617,-4.735819,-5.602111,5.901737,-6.898034,2.870640,0.277318,-1.154628,-2.110188,1.053786,7.514899,-6.641288,0.399671,-5.154438,-9.480898,-9.386316,-7.646549,-4.399757,3.713755,-7.552559,6.469081
vacancy_1086,-8.247274,9.037740,-2.653434,5.247222,-2.183607,-3.489525,6.885695,-3.591908,-0.023786,8.209353,9.765998,2.520781,7.813297,7.017278,-6.215093,-8.032833,1.582611,2.940789,7.804669,-8.674124,-5.469794,3.208299,4.449485,0.504999
vacancy_1087,-8.114645,-8.276037,9.335317,2.785012,-6.433481,3.461724,-7.184683,-6.571667,0.860715,-4.090594,-3.578966,4.100612,-1.482455,4.451388,4.747850,-5.388032,-0.408099,3.487902,1.455234,-1.029206,9.309715,8.253467,-0.336249,7.947890
vacancy_1088,7.920764,7.513518,7.316244,-8.394176,-2.329125,6.368602,2.573571,-5.423810,1.111129,8.684120,8.890147,-8.535416,0.187965,-3.033726,-5.338600,1.330700,-5.956450,8.975292,5.367784,-3.505401,-6.711968,-4.043192,1.151032,5.517742
vacancy_1089,8.155127,7.179286,6.896882,-7.776295,-1.172498,6.545463,1.666650,-5.599270,1.758070,7.392144,9.353799,-7.884106,-0.071292,-2.769294,-5.563639,2.110557,-6.892705,8.756403,6.176039,-2.134550,-6.507112,-4.954425,1.442631,6.193208
vacancy_1090,4.642712,3.570569,2.197208,8.925662,-5.095810,-5.457208,5.931255,-6.768923,3.365537,2.028963,-1.441946,-2.533526,1.170732,8.375916,-6.386426,-1.134153,-3.993232,-7.972391,-10.489875,-7.503144,-3.010539,4.572169,-8.129101,6.514105
vacancy_1091,-2.120521,8.277957,-7.538445,-0.784219,-2.836991,-2.723669,7.721438,-1.533302,-8.315378,2.864931,2.285909,-2.980532,6.623527,-0.072617,-1.794202,8.766579,-2.634117,5.879123,2.917516,0.433156,10.665913,8.731503,-10.246743,3.630433
vacancy_1092,-8.084378,9.299461,-2.715982,6.571443,-2.676125,-3.407379,5.366273,-3.473429,1.464652,8.524235,10.237933,2.083313,6.927853,7.980196,-6.253634,-9.564462,0.341857,2.567763,8.244123,-9.128764,-5.260247,2.649279,4.273212,0.574970
vacancy_1093,6.604003,-3.962103,6.026143,3.238443,-1.875396,3.011084,-7.273454,5.876070,-9.764515,-4.323263,0.403525,-6.794980,-6.519967,4.174302,0.011001,-8.524294,1.179912,4.377214,-7.189343,6.997925,-9.199957,-0.680738,1.206534,8.633634
vacancy_1094,10.044294,7.437802,-5.581835,9.960730,-0.691758,9.080646,-6.293736,-3.528159,8.930299,-5.095663,0.479579,-3.537631,7.421401,-8.616763,-8.126663,-1.145782,5.345586,-7.473281,2.064780,-1.943949,2.770886,-1.125809,-5.598219,0.040283
vacancy_1095,10.380548,6.986930,-5.524151,9.261745,-2.474477,9.430379,-5.503050,-3.684414,8.923120,-6.750390,0.207202,-2.539249,8.508894,-8.448338,-8.304550,-0.595652,4.783412,-7.212800,1.914821,-1.570936,5.190662,-1.421999,-5.357690,-0.556213
vacancy_1096,9.672704,9.110567,7.996056,-8.350424,-0.495803,6.309983,1.516065,-5.561353,0.929123,8.076376,9.413575,-7.953963,0.292189,-3.681366,-5.427714,1.957118,-7.646474,7.711418,6.668373,-2.556256,-7.519931,-4.621734,1.600362,5.545933
vacancy_1097,-8.298347,-1.498653,4.656786,-7.666857,-7.437525,0.749262,0.563243,-0.762202,5.762232,2.975182,0.449199,2.196607,-6.507209,-6.742015,7.728864,0.245722,1.594624,-6.197340,-2.645470,-5.461871,-4.539039,-8.287062,7.192703,6.687343
vacancy_1098,-8.242467,-1.319046,5.046337,-8.282398,-8.521935,1.185153,-1.980874,-1.056235,4.048453,3.790395,1.142239,2.210572,-8.743284,-8.602294,8.916810,-0.331075,2.926489,-5.357514,-3.225629,-3.619799,-5.131258,-9.629188,7.779360,6.644020
vacancy_1099,-1.907255,7.145108,-7.789707,-1.285040,-1.470393,-2.424575,7.860743,-3.412396,-7.598269,1.536085,2.126207,-2.372458,5.480175,-1.655725,-1.058794,8.387069,-2.047173,6.659654,3.129124,0.712595,9.530403,9.037040,-9.584708,3.046413
vacancy_1100,6.599008,-3.108776,4.039115,3.990557,-1.048345,1.786137,-6.076031,6.098339,-9.353355,-4.851852,1.266689,-5.983996,-6.453319,6.007291,0.083654,-7.253394,-0.221725,4.400530,-6.030033,7.523590,-9.869364,-0.965078,0.521129,9.323826
vacancy_1101,10.839980,6.717890,-5.048072,9.348241,-1.982212,9.689346,-4.928889,-4.137948,9.288269,-6.108033,0.572355,-2.965935,7.132170,-9.341101,-7.543618,-1.441623,3.496878,-6.882434,2.662269,-2.619518,4.790283,0.008590,-5.080262,0.620668
vacancy_1102,4.620270,5.224990,2.459489,8.012922,-4.541593,-5.443452,5.603674,-7.438759,3.161005,1.509626,-1.567435,-1.804127,1.050078,8.903013,-6.801231,0.650872,-5.939783,-8.156510,-9.001533,-7.122650,-4.172029,3.375214,-7.942731,6.470703
vacancy_1103,-2.167086,7.915827,-8.514210,-0.993677,-2.093777,-1.139372,8.682616,-1.257531,-8.280519,2.538040,2.164183,-2.989705,5.986251,-1.120491,-2.064334,6.683458,-0.955620,5.644247,2.837766,0.492231,9.598604,8.400061,-9.230684,2.002455
vacancy_1104,-6.894915,8.763701,-2.779077,6.026882,-2.016649,-3.198892,5.810138,-4.074225,-0.089811,9.222992,10.566389,1.918988,6.823429,5.915261,-8.017303,-8.411200,1.816098,3.799769,6.141543,-8.222745,-5.480703,2.527930,5.215726,0.968659
vacancy_1105,4.968278,4.919650,1.793387,8.748979,-4.649390,-5.468046,5.132916,-5.896788,3.994887,-0.256045,-2.353288,-1.770568,1.931823,8.382886,-6.683560,0.471419,-6.012651,-7.829456,-10.272989,-8.043273,-3.247498,4.878110,-7.666622,6.874346
vacancy_1106,5.443668,5.333440,1.978576,8.439775,-6.140458,-6.302086,8.224843,-7.299340,3.860079,1.944605,-2.175614,-2.542220,1.195149,8.298598,-6.448350,-0.412502,-5.131383,-7.404166,-8.593526,-7.143789,-4.106339,5.072247,-7.832908,7.193897
vacancy_1107,-7.661357,-1.188962,4.061755,-7.839959,-8.046678,1.650361,-1.402722,0.482287,5.679918,2.760662,-0.432892,1.332113,-6.820245,-7.707992,8.949017,-1.024415,2.812884,-4.489267,-1.644217,-4.485636,-4.904211,-9.178024,7.414600,7.852125
vacancy_1108,5.913321,-3.595542,4.353430,4.068330,-1.277954,2.226958,-8.140111,6.070398,-10.007856,-5.638964,1.619996,-7.708216,-6.510594,5.421194,-0.725260,-8.494190,1.126580,4.069227,-5.575058,7.428442,-9.982563,-0.784491,2.822074,7.653051
vacancy_1109,-2.617732,7.796774,-7.714614,-0.998878,-2.930493,-0.425927,7.489340,-1.308704,-6.973888,2.970837,1.949403,-1.540457,6.928638,-0.320696,-2.154172,7.048356,-2.337194,5.712371,2.855430,0.307675,10.193692,9.342523,-8.729354,1.784646
vacancy_1110,-5.639712,8.832164,-3.442828,6.834808,-2.257370,-4.102777,6.398208,-3.289667,-0.513020,8.970600,8.542750,0.978097,7.321830,7.316968,-6.541992,-7.927386,0.083851,2.990180,6.560271,-9.395133,-5.617029,2.467200,4.782733,-0.322991
vacancy_1111,8.548409,6.721669,7.732862,-7.857127,-0.256219,6.787031,1.869223,-5.924733,1.578099,6.651159,9.700461,-8.768899,-0.277439,-3.418281,-3.629628,1.943692,-6.730421,8.271911,6.406208,-3.083024,-6.956682,-5.858028,0.621978,5.499905
vacancy_1112,-8.209994,-9.395611,9.056430,1.638750,-7.239472,3.483215,-6.693707,-5.312205,0.615927,-4.157576,-1.752902,3.523637,-1.134773,4.990823,3.998321,-4.914844,-0.407375,3.253565,1.896039,0.056631,10.577283,7.726256,-1.147927,8.112151
vacancy_1113,-7.203591,8.766721,-2.652850,5.467671,-2.794934,-4.392482,6.394456,-4.229635,0.984315,8.562402,9.983067,1.773826,8.629263,7.598590,-6.512773,-8.361571,0.302246,3.140156,8.034348,-8.032609,-5.640573,2.408317,3.988938,-1.146074
vacancy_1114,-2.239482,7.375475,-7.523954,-0.902140,-2.156188,-1.243664,7.601887,-1.410225,-8.624716,2.826518,0.790052,-2.949611,6.013520,-0.750776,-1.514258,7.328420,-0.873553,5.423720,1.814711,-0.548320,9.116260,7.700792,-10.353994,1.671856
vacancy_1115,-7.759918,-0.422979,4.893817,-7.000285,-7.728597,1.570417,-0.477425,-0.822141,5.110526,3.036787,0.471237,1.662784,-7.507843,-7.507574,8.605380,-0.956539,1.735695,-5.527719,-3.600038,-3.748587,-5.196554,-10.070037,6.395713,8.265543
vacancy_1116,-2.461505,7.326949,-7.899979,-1.929918,-2.790829,-1.638565,8.846035,-2.642521,-6.824646,2.493082,2.216895,-2.731116,7.097226,-0.175667,-1.717730,8.202291,-2.361402,4.949481,1.915881,0.216125,9.546102,9.198706,-9.175423,2.160898
vacancy_1117,-8.259979,-8.862571,7.789013,1.585906,-6.883155,3.775823,-7.627960,-6.061762,-0.208434,-2.650255,-3.504155,4.838249,-1.775237,4.444181,2.411172,-6.633475,-0.756106,3.082741,1.519370,-0.276010,10.073720,7.216946,-0.024183,8.855264
vacancy_1118,8.824193,6.479003,-5.100917,10.200110,-1.141854,8.728082,-5.831715,-3.559061,8.581264,-6.782150,0.181217,-2.938509,6.974901,-8.535559,-7.678949,-0.594724,5.191480,-8.042623,3.068646,-2.312186,4.442524,-1.742623,-5.819374,1.370334
vacancy_1119,-1.157300,7.876898,-6.963148,-0.920630,-2.918471,-2.252142,7.997845,-1.824064,-8.613314,2.684256,2.391985,-2.812753,6.699585,-0.291893,-1.106815,7.693698,-1.982607,5.289872,2.463386,-0.232107,9.609828,8.408713,-9.099348,2.772571
vacancy_1120,-7.143278,9.198193,-3.053212,6.327086,-1.454512,-4.161649,6.064688,-3.242044,0.943077,7.528672,10.170540,1.397132,7.494863,7.290829,-7.458293,-8.695275,0.224265,2.994975,7.746927,-9.219933,-6.483383,2.717497,4.692380,-0.336021
vacancy_1121,-7.885779,-0.255331,3.751795,-7.101770,-8.039046,2.011365,-0.300148,-0.016680,5.894158,2.182093,0.100904,1.355094,-6.133030,-8.161334,9.525827,0.070390,2.832812,-6.402505,-2.980366,-4.372094,-5.857927,-9.278289,6.874635,8.538235
vacancy_1122,9.506201,7.313600,-6.347553,9.233426,-1.524001,8.761407,-4.919742,-3.150355,9.847221,-7.419233,-0.071355,-1.280548,7.990573,-9.005620,-7.037636,0.420145,4.671877,-6.761034,2.990995,-2.152916,4.765211,-0.150042,-3.695141,0.031659
vacancy_1123,-7.608731,-8.382828,8.311680,3.099021,-6.313535,4.289537,-5.770075,-6.499973,-0.018564,-3.272855,-3.877155,4.525506,-0.026860,4.040445,2.412599,-5.748657,-0.831547,3.259753,2.236738,-1.545179,9.414117,8.050021,0.524278,7.899455
vacancy_1124,-7.260046,9.834849,-3.779429,5.608091,-1.279438,-3.978731,7.173130,-3.687861,0.503267,8.069511,9.865541,2.674385,8.084864,6.740385,-7.350530,-8.375377,-0.468042,3.872208,6.957383,-7.398934,-5.648874,3.310526,4.289952,-0.349815
vacancy_1125,-7.714679,-8.252263,8.191939,2.917546,-8.360903,3.887213,-7.355232,-6.830035,0.505027,-2.874587,-3.308930,4.300640,-1.015077,5.058692,3.467197,-6.119074,-1.135620,3.196475,1.882238,-1.555209,9.966481,6.785290,-0.195323,8.220844
vacancy_1126,5.503488,-3.668671,5.250741,4.174302,-2.490840,1.787499,-6.069859,5.595549,-9.714064,-4.456865,0.616047,-5.679629,-6.255518,5.543230,0.140793,-7.703765,0.179032,4.209932,-5.950479,6.664734,-9.103551,-0.952516,1.553277,6.862612
vacancy_1127,-8.100154,-0.490226,4.612316,-7.329949,-7.679754,0.114429,-1.062585,-0.159208,5.382724,4.512315,0.086310,1.217854,-7.024530,-8.134989,8.842800,-0.055841,2.603478,-5.101210,-3.320156,-4.345291,-4.840683,-7.689724,6.600199,8.890879
vacancy_1128,-2.983641,7.498142,-7.532827,-0.168833,-3.575909,-1.854764,8.195760,-2.392387,-8.515671,2.700547,2.597096,-2.279597,6.834830,-1.254318,-1.183829,7.144061,-2.244320,6.299001,2.026855,0.693021,9.568905,8.444959,-10.466260,2.568394
vacancy_1129,-7.735836,0.734920,4.621219,-7.942615,-7.198117,1.624948,-0.506253,-1.821809,5.199012,3.461237,0.025707,2.073310,-6.725237,-8.056436,9.996015,-0.664914,2.447528,-5.389276,-1.625178,-4.106956,-5.351774,-9.277672,7.138743,7.271997
vacancy_1130,6.152191,-3.717244,4.601254,3.958431,-2.088079,3.030064,-5.903410,6.724056,-8.462073,-5.462551,1.053670,-7.397313,-6.791823,5.868196,-0.352457,-7.738193,1.235866,3.762315,-6.271085,6.437113,-9.085728,-1.207306,1.303444,7.330368
vacancy_1131,-6.741349,8.826692,-3.849050,6.208532,-2.140339,-4.446419,6.567492,-4.282542,0.580109,8.443840,9.753484,2.268295,8.263044,7.036607,-7.453249,-7.925364,-0.187930,2.989216,7.259426,-9.252079,-5.768862,1.588022,3.996695,0.871364
vacancy_1132,-6.193204,-0.841579,3.298902,-7.256302,-8.736273,1.548385,-0.165469,-1.033897,5.611244,2.891878,0.253959,2.295928,-7.605581,-8.716740,8.688504,-0.492592,1.931980,-4.986475,-1.827737,-4.454703,-4.918802,-10.167349,5.917527,7.252982
vacancy_1133,5.559674,4.522746,2.043428,8.928118,-3.458354,-4.903764,6.070768,-6.371656,3.820632,1.448677,-2.284697,-2.008542,0.769912,7.183802,-5.735489,0.312501,-5.503821,-7.950049,-9.757139,-8.094571,-3.752208,3.792200,-7.966894,5.915856
vacancy_1134,-2.497071,8.306909,-7.965360,-1.594768,-2.841851,-1.902018,7.158705,-1.840621,-7.531215,2.915365,1.322876,-1.713582,6.552969,-1.074816,-3.010726,7.725640,-1.724904,4.400924,2.619745,0.844669,8.952594,8.675599,-9.436561,2.778155
vacancy_1135,-7.166833,-1.757631,4.681873,-8.143055,-8.129531,1.413700,-0.566102,-0.715396,5.924695,3.439113,1.165932,1.141514,-6.976380,-7.465967,8.349370,0.451869,1.306686,-6.136780,-1.999329,-3.383908,-5.199691,-8.638436,6.384327,8.461587
vacancy_1136,-7.418465,-8.216697,8.894051,2.778157,-6.969047,3.613534,-7.139039,-6.151861,1.992481,-3.223269,-3.102545,4.021477,-1.357809,4.980336,3.725463,-5.675313,-1.407551,3.818726,3.074029,-1.416827,9.405124,7.612176,0.157762,8.528480
vacancy_1137,5.744709,-3.612469,5.010097,2.473479,-1.947368,2.167685,-6.610943,5.966376,-9.477099,-4.387750,2.066502,-6.675345,-6.760208,5.576150,-0.001199,-8.536630,0.236677,4.639251,-6.684750,7.066852,-9.383171,-0.173447,1.079353,7.557404
vacancy_1138,5.811138,-3.250018,4.059177,3.625127,-1.681361,1.396663,-7.079483,5.321530,-10.081384,-4.887654,0.879041,-6.370138,-7.702217,4.450039,0.437140,-8.833421,0.000884,4.862650,-5.229806,7.098819,-9.338823,-1.349987,1.541417,8.112460
vacancy_1139,9.198720,7.523394,7.720586,-9.161732,0.237960,6.390925,1.079868,-7.165298,1.308916,6.669008,9.268844,-7.650574,-0.804949,-2.997823,-3.747597,1.354543,-7.837723,7.070009,5.363988,-2.856521,-6.340416,-5.411137,0.860104,4.899810
vacancy_1140,5.682908,3.989140,2.623256,8.494455,-4.340562,-5.895789,5.432023,-8.295786,3.559439,2.055412,-0.975673,-2.412627,1.887555,7.608342,-6.298130,0.225174,-4.544623,-8.367810,-9.187565,-6.834990,-2.538385,4.480870,-8.093564,7.373547
vacancy_1141,10.325508,6.401427,-5.445075,10.184701,-2.333079,8.086997,-5.063629,-3.071271,8.650876,-6.977722,0.876813,-4.074487,7.583353,-8.343957,-7.551503,0.371536,4.402586,-7.386313,1.881349,-3.192791,5.358787,-0.596516,-3.810644,-0.412100
vacancy_1142,-7.853526,-2.031496,4.513887,-7.226560,-7.675034,1.077835,-0.389123,0.512992,5.643955,2.848511,-0.084694,0.543404,-8.090731,-7.924387,9.154879,-0.678047,1.552520,-5.540339,-1.565317,-5.194712,-5.580083,-9.149598,6.775746,7.112791
vacancy_1143,4.922792,4.953829,1.829976,7.858970,-5.269004,-5.499863,6.297129,-7.086003,3.441461,0.892515,-2.121579,-2.041623,1.296408,7.941226,-5.266376,1.489611,-5.440524,-7.510169,-9.999860,-7.817351,-3.287507,4.552022,-8.239294,6.393394
vacancy_1144,-6.626192,9.514068,-3.580828,6.070158,-2.793969,-3.697805,6.408317,-4.008153,0.783526,8.755656,9.625359,2.668568,7.307704,7.370076,-7.347005,-7.341890,0.575810,4.073332,7.263677,-8.189457,-6.075846,2.626381,4.338160,-0.145482
vacancy_1145,-7.640122,9.977993,-2.199176,5.254514,-2.160340,-2.975946,5.636874,-5.704781,0.261730,8.041540,9.984700,3.036008,6.130459,7.449340,-8.115628,-8.182002,-0.402779,3.017830,7.577263,-9.581456,-5.357395,3.044883,4.612699,0.074418
vacancy_1146,5.630667,4.716710,1.502592,7.954481,-4.109827,-5.392700,6.122941,-5.495890,3.399061,1.066390,-1.728582,-1.839487,1.263349,7.348926,-4.969710,0.447574,-4.878499,-8.568036,-9.042792,-7.653338,-2.740526,4.348618,-8.064576,6.870192
vacancy_1147,4.925139,3.926856,2.648468,8.549136,-3.766600,-6.889569,6.246181,-8.107534,3.644350,1.742756,-1.028921,-2.142785,1.061973,8.416129,-7.427038,-0.051138,-5.549325,-8.108201,-10.438677,-8.485666,-3.826185,4.263602,-8.515463,7.066189
vacancy_1148,-7.336644,8.410792,-4.357908,6.301806,-1.700219,-4.315681,6.397578,-3.073151,1.451945,8.634111,9.603219,2.358714,7.530143,7.954686,-7.091408,-8.835281,1.576857,3.349441,7.967935,-8.904346,-5.888099,2.516153,4.177472,-0.532691
vacancy_1149,9.211723,7.613645,-5.285439,10.086758,-2.057153,8.613602,-5.505920,-3.604102,8.898655,-7.502658,0.263048,-1.643715,7.493787,-7.663240,-8.786947,0.038252,5.283537,-8.875819,3.333717,-1.663500,4.452634,-0.207327,-5.600432,0.273914
vacancy_1150,-2.139822,8.019843,-7.436459,-2.520295,-1.490791,-0.781716,8.234525,-1.681308,-7.767036,2.764760,2.869806,-3.282206,5.982113,-0.234943,-1.321316,7.016753,-1.710042,6.086451,3.251153,1.354569,9.112499,8.825809,-9.298375,3.089451
vacancy_1151,8.203427,6.677067,8.182600,-8.064697,-1.195011,6.562368,0.794422,-5.777804,0.934079,7.674288,9.689220,-9.494527,0.895490,-2.867269,-5.230129,1.046941,-6.284542,8.235874,5.267100,-1.915731,-6.648653,-4.072862,1.229840,5.328206
vacancy_1152,9.043275,7.460895,8.869033,-8.829452,0.279206,7.968486,1.856872,-7.461144,1.181656,6.982873,8.548001,-8.030868,-0.300034,-3.571057,-4.975836,2.467112,-7.212612,8.651309,5.420502,-2.862569,-5.720998,-5.315725,1.591442,5.025846
vacancy_1153,8.444237,7.439113,7.905645,-9.140328,-0.785482,6.564823,1.433837,-6.158719,1.918225,8.420958,9.122180,-7.971236,-0.624100,-3.031150,-5.092715,2.721654,-7.066989,7.765593,5.950094,-2.622391,-7.137359,-4.861259,2.111317,6.331703
vacancy_1154,-8.306500,8.621215,-3.089188,6.558544,-1.905587,-3.711421,7.121942,-4.005582,1.351912,9.219364,9.730511,2.364745,8.976597,7.616146,-6.679526,-8.918995,0.500211,3.082480,7.108655,-9.067781,-4.529118,2.206164,4.663056,-0.534957
vacancy_1155,10.165023,6.829475,-5.716986,8.777923,-1.840827,9.805822,-5.931982,-3.166070,9.801644,-7.269041,0.359913,-2.978214,7.024395,-8.373056,-8.439629,-0.241803,4.612485,-7.058178,1.773185,-1.185764,4.818674,-0.700552,-4.577420,-0.288464
vacancy_1156,5.524940,3.958844,1.705589,8.615476,-4.823773,-6.482045,5.878753,-7.812204,4.142667,2.238252,-1.851954,-2.890223,0.622197,7.162286,-4.830670,-0.463147,-4.696877,-8.657053,-10.421350,-7.969229,-4.096788,4.296400,-8.403776,6.567672
vacancy_1157,-8.337040,8.671209,-3.258277,6.380493,-1.663539,-3.153630,6.276187,-4.108227,1.199606,8.366156,9.348622,2.936062,8.139077,6.362222,-6.606781,-8.369782,-0.085070,3.048925,6.962381,-8.765552,-5.781497,2.852272,5.517095,-0.809153
vacancy_1158,6.463393,-3.955347,3.394323,2.688292,-1.668192,2.744210,-6.468383,6.540988,-8.438319,-3.770702,2.382779,-6.719480,-7.064594,4.718130,-0.514873,-7.666675,0.763039,4.047294,-5.328058,6.703854,-9.408461,-0.365777,1.781280,8.012459
vacancy_1159,9.066192,6.426074,7.471126,-8.764858,-0.922611,7.198705,1.962251,-7.466441,2.054922,7.257249,8.903755,-8.097416,-0.293442,-3.301450,-4.612147,2.044805,-6.743085,8.164321,6.060014,-2.540073,-6.958386,-4.367912,1.379624,5.872986
vacancy_1160,-7.971907,-8.927013,8.198207,2.239985,-7.665979,3.323264,-7.006764,-6.098813,0.813608,-3.637759,-1.327606,4.380438,-2.267755,5.124030,4.222786,-4.986087,-0.162004,3.704235,2.730823,-0.700198,9.944020,7.094097,-0.429020,7.479307
vacancy_1161,9.583837,6.789905,-4.944695,10.486059,-1.456672,9.121899,-6.846144,-4.583494,8.741272,-8.457235,0.137368,-2.962452,7.042161,-8.337630,-7.250552,0.084103,4.830235,-7.249153,2.602970,-2.592384,4.405451,-2.313677,-5.128144,0.455756
vacancy_1162,5.480213,4.771345,2.410501,7.976622,-3.565297,-5.711940,6.102120,-6.696312,4.048074,1.568275,-3.316772,-2.213731,2.065427,7.551421,-6.119890,1.418336,-5.333102,-8.792871,-9.590218,-7.287025,-3.268222,4.766924,-6.968895,6.456447
vacancy_1163,-6.947785,8.515844,-3.394460,6.382349,-1.510119,-4.089420,7.013547,-4.736194,0.098617,8.210423,9.935554,2.410345,6.377090,7.056720,-6.794162,-8.310539,0.011336,4.407025,7.965790,-7.552258,-4.519973,2.549005,5.124972,-0.393379
vacancy_1164,5.658416,5.462925,2.519803,7.845254,-4.223139,-5.565818,6.200078,-7.282595,4.671433,1.874093,-1.641952,-2.063688,1.091350,7.352424,-6.070863,0.233207,-5.701076,-7.372215,-8.929621,-6.977644,-2.533567,4.040431,-7.912604,6.997508
vacancy_1165,8.336638,6.515408,7.963244,-8.037611,-0.397977,7.323451,2.671425,-6.388486,1.550076,7.151107,9.152428,-9.410294,-0.572202,-3.506793,-4.433416,2.476748,-6.505280,8.458228,6.992748,-3.140611,-6.694742,-4.858101,1.888872,6.001818
vacancy_1166,5.692926,4.279111,2.004874,8.908717,-5.558493,-5.859546,6.917547,-6.183494,4.123951,0.193739,-1.980351,-3.080307,1.577048,7.868295,-6.329467,0.664416,-5.596658,-9.241802,-9.120785,-7.297419,-3.501719,3.441162,-8.321391,4.736554
vacancy_1167,5.853380,5.304940,1.981536,8.180636,-3.578456,-5.742627,5.480728,-6.968272,3.140178,1.405021,-2.238189,-2.462823,2.124164,7.760747,-5.706945,-0.155434,-5.237689,-7.584350,-9.696840,-7.429578,-3.032409,4.534148,-7.998954,5.443994
vacancy_1168,-8.249432,9.217996,-2.129146,5.192340,-2.221916,-3.724784,6.446421,-5.370069,1.402772,8.776711,10.063519,2.492046,8.477835,7.425627,-6.567851,-9.101031,0.160071,3.817060,6.516700,-8.182234,-4.931908,3.163184,4.575644,-0.587962
vacancy_1169,7.625347,6.800336,8.139957,-8.574901,-0.830631,7.675053,1.922154,-6.459918,1.008194,8.035177,8.986269,-8.392673,-0.406434,-2.566575,-5.368253,2.064912,-6.559253,8.239577,6.145205,-1.896549,-6.511712,-4.297122,1.174183,4.795173
vacancy_1170,-7.204806,-0.604449,5.537322,-8.276353,-7.503874,1.305300,0.002186,-0.936369,5.629764,3.195422,0.147819,3.362172,-7.489006,-7.625448,8.249919,-0.134430,2.523872,-5.014708,-2.591228,-4.473877,-4.666036,-9.291619,6.152511,7.446376
vacancy_1171,8.987084,7.195709,-5.661004,9.729240,-1.175101,7.545154,-5.654202,-4.161374,8.813974,-7.172703,0.480218,-2.439958,7.516132,-8.555623,-9.156435,-0.733947,4.383598,-7.479827,3.304676,-1.972610,4.263362,-1.295202,-4.528673,0.417310
vacancy_1172,9.220482,6.744966,-5.083068,10.124943,-2.042087,8.552755,-5.471825,-4.895918,10.105730,-7.622569,0.228944,-3.301183,7.532660,-8.638803,-7.547453,-1.044202,5.079058,-6.772004,2.054178,-2.454559,3.707691,-0.495753,-4.566359,0.974065
vacancy_1173,4.322829,4.756115,2.348389,8.623719,-4.273220,-5.565847,7.212592,-6.221166,3.508106,1.364585,-2.170113,-1.558369,0.708818,8.136715,-6.480812,0.144946,-5.093619,-6.908815,-9.317100,-7.755988,-3.028582,4.497908,-8.275707,5.746061
vacancy_1174,5.256160,3.993425,1.532172,8.983008,-4.852116,-6.027743,6.109904,-6.543905,3.266203,0.998268,-3.417438,-1.815652,-0.080697,8.726018,-5.046515,-0.306419,-5.902096,-8.401989,-10.736039,-8.748934,-4.425116,4.073247,-7.698394,6.734419
vacancy_1175,-8.518828,-8.400898,9.529686,2.761735,-7.350876,3.128675,-7.420757,-4.504118,0.494104,-3.857418,-2.737290,4.066360,-1.440685,4.745853,2.855303,-5.035612,-0.304149,3.754070,2.047530,0.424008,9.182903,7.679936,0.428368,7.562077
vacancy_1176,-2.641346,8.020183,-8.304675,-2.290154,-2.477800,-1.610452,7.720935,-2.392563,-7.990666,2.075708,1.838564,-2.061479,6.193039,-1.421393,-1.842312,8.253130,-1.402665,4.996279,1.099616,0.264996,8.716949,8.612912,-9.483882,2.094770
vacancy_1177,9.021489,7.298192,7.429915,-8.842583,-0.665177,7.043827,1.053439,-6.019858,1.974553,7.521380,10.399910,-7.861286,0.485932,-1.915267,-5.217849,1.531542,-6.742085,6.848028,5.687606,-3.473376,-6.772613,-4.339645,2.589187,5.377209
vacancy_1178,9.501501,7.495148,8.480864,-7.829918,-0.644741,6.269487,1.176576,-5.926907,1.449993,7.093887,9.159793,-7.824793,-0.043974,-3.589102,-3.890074,1.826609,-6.393655,7.605885,5.693538,-3.030978,-6.385753,-4.399379,2.320204,4.948062
vacancy_1179,8.357152,7.535268,8.034730,-8.204450,-0.372707,6.892752,0.848541,-6.723753,1.962346,8.935636,9.655877,-7.170966,-0.443806,-3.191283,-3.950571,1.980203,-6.685999,7.841724,5.452177,-3.049438,-6.291952,-5.694886,2.138376,4.714896
vacancy_1180,5.837967,4.687724,1.997119,7.959038,-4.832355,-6.189052,5.418629,-6.485670,3.584053,1.669230,-2.047140,-2.556616,2.280842,7.391535,-6.491298,0.324952,-5.880420,-9.364822,-9.124197,-6.816192,-3.481939,4.244218,-8.329191,6.522943
vacancy_1181,10.728191,7.080675,-5.104356,11.158832,-2.767089,8.574172,-6.305924,-3.807784,8.629598,-6.580688,0.026980,-3.078178,7.452554,-7.533792,-7.882536,0.015893,4.084412,-7.995917,1.559394,-0.790557,4.823107,-0.920264,-4.452197,0.416940
vacancy_1182,9.028977,7.718819,7.692245,-8.274394,-0.339905,7.774201,1.227313,-6.297232,1.488867,7.767027,9.581885,-6.888768,0.700734,-3.506996,-5.102513,1.925965,-6.314454,7.032025,5.563549,-2.789240,-6.651000,-5.641046,1.385437,6.556826
vacancy_1183,5.732797,-3.449903,4.045767,2.942175,-1.513215,2.778270,-7.781523,5.829582,-9.062058,-4.720338,0.814562,-6.090723,-5.430734,5.083446,0.331655,-7.755948,1.643498,4.873200,-6.228845,5.652014,-10.164586,-1.030008,2.381511,7.435352
vacancy_1184,8.919724,7.014586,7.720068,-7.453685,-0.912256,6.667687,1.303964,-6.015383,1.078368,7.946046,9.422252,-7.696077,0.642769,-2.651334,-5.609704,2.363842,-8.000764,7.548610,6.696899,-2.698132,-6.224571,-4.661514,0.447548,7.030553
vacancy_1185,9.263360,6.752417,-7.018677,10.256165,-2.303789,8.268090,-5.246755,-3.213782,8.554313,-6.377977,0.646069,-3.361073,6.899776,-8.131390,-7.834980,-0.292618,4.960873,-7.272436,1.675502,-1.551780,4.981410,-0.897708,-4.428141,0.074625
vacancy_1186,-7.926558,9.298247,-2.517574,5.140481,-2.867363,-4.055638,6.773550,-3.256701,0.700447,8.405011,10.489011,3.473765,7.250041,6.962773,-7.851981,-7.791316,0.778241,2.527840,7.784859,-7.727713,-5.130985,2.777055,4.313018,0.101527
vacancy_1187,9.266648,8.209488,7.553041,-8.601861,-0.591850,8.164667,1.850321,-7.003157,1.347525,7.224471,8.967727,-9.236664,-0.420349,-2.807014,-6.310974,1.327444,-6.560869,8.327476,5.504135,-2.651034,-6.859744,-4.831213,1.676705,5.764569
vacancy_1188,-7.972729,-9.337205,8.998141,2.661941,-7.419434,2.684370,-6.572942,-7.014538,0.651421,-4.074724,-3.335359,4.985550,-1.710491,3.565964,3.982218,-5.913277,1.049192,2.597693,2.326320,-1.436657,9.571858,7.322040,-0.664397,8.020749
vacancy_1189,-8.253267,-9.297862,7.464922,2.747418,-6.956000,3.987762,-7.506289,-6.406166,1.501969,-2.502657,-3.127425,3.566648,-1.766375,5.191059,3.868960,-6.196242,-1.315390,2.969335,1.872722,-2.203072,9.116670,6.994137,0.013680,7.710805
vacancy_1190,-3.712163,7.324448,-8.440258,-2.315512,-2.212580,-1.077583,8.566065,-1.292162,-7.992338,2.196361,2.719586,-2.712898,6.971038,-0.726996,-0.807076,9.120105,-3.033448,5.531987,3.253776,0.999340,8.536895,8.944472,-9.788221,2.977326
vacancy_1191,5.585342,-3.348505,4.555329,4.005134,-1.585750,1.528242,-6.782955,4.616976,-8.932352,-3.888095,0.907037,-7.507326,-5.737600,5.327441,-0.116626,-7.213187,1.148876,4.887583,-4.617533,6.552318,-9.201288,-0.563619,0.153549,7.496533
vacancy_1192,-7.297552,-0.460153,4.653943,-8.227260,-7.957877,1.686904,-1.014504,-1.618813,4.401802,4.975818,0.110920,2.876160,-6.305911,-9.941064,7.929898,-1.132486,1.653620,-6.052545,-1.043364,-3.053807,-5.491627,-8.836415,7.542132,7.322677
vacancy_1193,-8.146032,-1.482676,4.996030,-7.762868,-7.437978,2.542355,-0.190740,-1.915869,4.913910,4.028767,0.709425,1.556234,-7.813076,-7.287135,8.651845,0.061333,3.031784,-5.114592,-2.232193,-3.466107,-4.994694,-10.174754,7.304527,7.252930
vacancy_1194,5.544882,6.401120,1.616351,7.762193,-4.306169,-6.925195,7.172026,-6.555562,4.239697,0.782524,-1.986313,-3.247182,2.165705,8.980953,-6.329592,0.136757,-4.034278,-7.342633,-9.688079,-7.316049,-3.013673,4.298798,-8.275020,6.923721
vacancy_1195,4.357985,-3.935851,5.162218,2.821814,-1.898152,1.530052,-6.080281,5.242741,-9.270858,-4.888756,1.623182,-7.892666,-7.156346,5.041272,0.004961,-8.618602,1.343323,4.555504,-6.156289,7.808869,-9.668006,-1.150397,1.568392,6.713640
vacancy_1196,-1.221285,6.957941,-7.901934,-1.592095,-1.333553,-1.588011,7.900693,-1.984396,-8.408839,2.855562,0.965142,-2.773459,6.353769,-0.747103,-1.672043,7.884472,-1.647702,5.914136,2.541035,0.194487,9.615584,9.698867,-9.496747,2.381376
vacancy_1197,9.885158,7.407822,7.744294,-7.797061,-1.519869,7.178539,1.200668,-5.772580,1.190355,6.301437,8.162693,-8.439617,-0.897168,-3.284637,-5.800426,1.872382,-7.346585,7.123068,5.416743,-3.385116,-6.941248,-5.147261,1.055117,5.649355
vacancy_1198,9.943886,6.602751,-5.170618,9.459561,-1.095097,8.288813,-5.266342,-3.501861,9.036063,-5.885423,0.972217,-1.515081,6.988324,-7.737049,-7.544064,-0.802430,4.304651,-7.980538,1.758714,-2.278278,4.066477,-0.089011,-4.751307,-0.248199
vacancy_1199,-1.811906,7.137027,-7.252977,-2.149765,-2.758946,-1.071110,6.721316,-1.697816,-8.051176,2.161812,2.573658,-2.776405,7.291106,-0.627338,-2.791533,7.185602,-2.661951,5.810426,2.522611,1.013006,9.873642,9.288199,-10.500632,2.062201
vacancy_1200,-6.523032,-0.933248,4.454513,-7.432384,-8.733150,0.048984,0.007918,-0.933208,5.118318,3.459903,0.937537,1.741865,-6.681559,-8.495420,7.677585,0.183002,2.031104,-5.981122,-2.988822,-3.101674,-5.051669,-8.758338,5.696310,7.452702
vacancy_1201,6.442717,-2.648542,5.443237,3.631068,-2.323632,2.210486,-7.450048,6.450907,-8.936960,-5.148097,1.810738,-6.184038,-7.675841,4.985803,0.123946,-6.828907,0.648696,5.205894,-5.597458,5.973348,-9.875847,-0.242304,1.595370,9.289921
vacancy_1202,10.460470,7.541015,-5.368344,9.298469,-2.800320,8.351567,-6.123761,-4.947302,8.729696,-6.599121,1.062660,-4.309352,6.669994,-7.659815,-7.009360,-0.314287,5.163035,-7.327616,2.628667,-2.050347,4.325899,0.455718,-4.278740,0.878052
vacancy_1203,-7.777092,-9.498548,9.066946,3.223584,-6.625888,4.192650,-7.424353,-6.461922,1.071602,-3.028279,-3.040589,4.344688,-2.337172,4.762072,3.664328,-6.180637,-0.172462,3.239936,1.126651,-0.755596,10.260757,6.488691,0.158401,7.586073
vacancy_1204,5.913802,4.248552,1.385633,8.444899,-4.826604,-5.734666,6.135123,-7.942207,2.191992,0.548639,-3.285210,-1.062130,1.922677,7.841568,-5.779615,1.005932,-6.491940,-7.954196,-9.645692,-7.358500,-3.028067,5.204198,-7.144027,6.754302
vacancy_1205,10.124458,6.214454,-6.571172,9.760326,-1.488946,9.053379,-6.045648,-3.883627,8.832205,-7.512307,1.117853,-2.230184,7.263340,-9.357700,-6.437516,-0.076071,4.877227,-7.061750,1.589992,-1.866393,4.549948,-1.663755,-4.771208,1.158274
vacancy_1206,8.550056,7.395022,8.333167,-9.539247,-0.264628,7.503970,2.151587,-6.133396,1.754738,8.672794,9.530290,-8.589742,-0.854799,-4.250504,-4.574185,1.127616,-7.031082,9.282585,6.002652,-3.861616,-6.264071,-5.507773,1.341389,5.431832
vacancy_1207,-8.188234,-9.123309,8.171533,1.375911,-7.334594,3.872962,-6.651640,-6.125303,0.887311,-3.798528,-3.683511,3.717435,-2.622813,3.516757,3.373595,-5.292474,-0.753886,2.847461,1.251711,-0.467524,9.669744,6.255347,-0.448140,8.157558
vacancy_1208,7.584179,7.214934,8.119336,-8.394475,-1.611530,6.599545,1.598658,-6.299933,1.321801,7.966167,9.018809,-8.360682,0.334466,-3.306221,-5.773209,0.989561,-6.075634,9.768758,5.607449,-2.363406,-6.576470,-3.880377,2.021250,5.070291
vacancy_1209,5.652375,-3.899582,4.220114,4.068869,-2.265389,3.658453,-5.681501,6.792676,-10.036532,-4.634832,1.475694,-7.959595,-7.771378,6.472920,-0.416049,-8.192351,1.183806,5.424588,-5.943015,5.916931,-9.663789,-1.961839,0.932134,7.746220
vacancy_1210,-6.164887,8.001946,-3.151315,6.693737,-0.700914,-3.862256,5.942973,-4.797960,0.723555,8.281126,10.050521,2.334158,7.847028,7.075754,-8.283103,-8.987130,0.664314,1.731273,7.004939,-9.019901,-5.509880,3.932343,3.770530,-0.911243
vacancy_1211,6.036806,3.904909,1.611891,8.924658,-4.771949,-6.544872,6.916420,-8.008443,4.166352,2.385793,-1.867019,-0.717613,0.585468,8.203973,-7.059383,0.653324,-4.884391,-8.405054,-10.666582,-7.919510,-4.163140,3.786895,-7.698517,6.845509
vacancy_1212,-7.340105,-9.902879,9.355450,2.685747,-6.534927,4.198148,-7.543015,-5.573582,1.233615,-3.386392,-2.055541,3.472982,-1.977707,4.143341,1.653626,-5.731637,-0.381044,3.035051,1.507292,0.533745,9.079467,5.889585,0.886861,7.892270
vacancy_1213,8.787642,7.094440,8.382334,-7.501281,-1.355710,7.676702,1.262248,-7.391752,0.856980,7.240492,10.070966,-8.195782,0.819508,-2.304660,-4.045173,2.203952,-6.366261,8.342058,5.613669,-3.169600,-7.149119,-5.112379,1.349372,5.101310
vacancy_1214,9.807366,6.938773,-5.605886,9.004663,-2.160729,8.883385,-5.947607,-3.390631,9.379592,-6.491769,2.285239,-3.458231,7.478958,-8.636268,-7.732290,0.145449,5.189945,-8.399163,1.780719,-2.083045,4.619092,-0.122277,-5.539364,0.825790
vacancy_1215,9.087306,6.480311,7.838386,-8.560620,0.001083,6.903386,0.802246,-6.584240,1.462839,7.842278,10.653831,-7.117180,-0.498573,-3.522069,-6.180077,1.638717,-6.707547,8.666112,6.045915,-3.469246,-8.170003,-3.389875,1.371975,5.037581
vacancy_1216,5.712184,-4.007254,5.022881,2.950614,-0.152772,2.592708,-6.752904,5.786550,-9.498893,-4.990702,2.141283,-6.957110,-7.140753,5.363509,-0.676907,-8.953649,1.436662,4.983232,-5.083503,8.004304,-10.385518,-0.864543,1.417039,8.138280
vacancy_1217,-5.904965,9.502127,-3.783480,5.571852,-2.249417,-1.871749,5.956775,-3.134888,-0.188326,7.897203,10.452305,2.938621,6.920395,7.529073,-7.076053,-8.959200,0.200631,3.873396,7.559228,-7.505753,-5.873677,2.402951,4.003723,-0.156588
vacancy_1218,-8.123334,-8.851113,9.325274,2.353811,-7.862942,3.690579,-7.355481,-5.913681,1.472748,-2.711799,-3.507424,4.398704,-1.253804,5.192139,4.097929,-5.936306,-0.630665,2.718615,2.231175,-0.739644,10.571552,6.698445,-0.454241,7.974960
vacancy_1219,-7.445530,-9.092543,9.156723,2.558008,-6.749825,4.567123,-7.184505,-6.644761,0.921286,-4.395555,-2.169947,4.417414,-1.735158,4.729725,4.113470,-5.708124,-1.062289,3.249807,0.675116,-1.298649,9.382885,6.512654,-0.727564,7.718247
vacancy_1220,-6.673733,8.599278,-3.384312,6.137953,-2.901309,-3.368336,6.195890,-3.894785,-0.035922,7.768497,10.135503,1.729262,8.838564,5.963981,-7.537774,-9.047053,0.323508,3.033214,7.986290,-8.987061,-5.714747,3.124363,5.237397,-0.091263
vacancy_1221,9.371746,6.268963,-5.463768,9.686720,-1.806862,8.119308,-5.538495,-4.499052,9.085159,-6.960701,0.078642,-2.837428,6.240617,-8.203318,-8.047988,0.033032,5.973822,-4.268089,2.026040,-1.152693,4.980101,-0.498197,-5.314349,-1.229687
vacancy_1222,10.433026,6.775024,-3.891093,10.086137,-1.715511,8.307166,-6.787356,-4.605584,8.130745,-6.986496,0.812632,-2.660389,6.925187,-9.165377,-7.993757,-0.423172,5.350962,-7.244034,1.839204,-1.440958,4.083752,-0.222769,-4.495912,1.861176
vacancy_1223,9.767664,8.604546,-5.726802,9.907621,-2.526613,8.178630,-6.222999,-3.170244,9.170418,-6.883006,0.198413,-3.697997,7.739926,-8.540067,-8.278442,0.236208,5.368517,-7.902677,2.137643,-2.644016,4.599977,-0.838356,-5.008471,0.345386
vacancy_1224,5.921903,-4.105946,4.120095,3.512020,-2.179876,1.855198,-5.605851,6.156631,-9.403448,-5.591534,1.922671,-7.257362,-6.578641,5.765001,0.417014,-7.914432,0.940814,4.592130,-5.350583,7.159041,-9.380081,-0.740506,1.689952,8.414341
vacancy_1225,-5.766127,8.210891,-3.330819,5.434405,-1.918230,-2.693147,6.423442,-3.430184,0.639007,8.618101,9.412667,2.338713,7.010484,7.556239,-8.183902,-8.282876,-0.188184,3.208697,6.133533,-9.457599,-5.339620,2.391339,4.425791,-0.296586
vacancy_1226,-8.415938,-8.625502,7.868390,2.475596,-7.995900,3.384845,-7.047796,-7.166706,1.374665,-4.008754,-3.080378,5.249438,-1.675446,4.916073,3.224885,-6.626066,-0.839261,3.032326,1.380666,-0.854220,9.794940,5.910939,0.036048,8.249354
vacancy_1227,5.288842,5.157249,2.232681,8.258685,-3.748290,-5.663169,5.528541,-6.297770,3.653436,1.231358,-2.392767,-1.486609,2.109340,8.653211,-5.366705,0.086093,-3.429547,-7.119139,-10.042142,-7.235775,-2.795539,4.823732,-8.717692,6.186124
vacancy_1228,6.469898,-2.698371,4.016075,3.066720,-2.479926,0.805473,-5.635548,6.448207,-9.107892,-4.616914,0.356551,-6.717984,-6.536900,5.797124,0.344273,-7.813734,0.962363,3.765872,-5.668331,7.490164,-9.820683,-0.351028,2.054211,8.519526
vacancy_1229,-8.551382,8.830622,-2.807354,6.086151,-1.512537,-3.508197,5.412802,-3.820786,0.633133,8.120984,9.727191,2.658559,8.554545,7.351575,-7.337575,-9.469200,0.672288,3.653457,8.607404,-7.665794,-5.977065,2.255901,4.135288,-0.580459
vacancy_1230,-7.650177,-0.489198,5.360142,-7.755342,-8.333431,1.730984,-0.310641,-0.890392,5.673574,2.962767,0.854089,1.965691,-6.436848,-7.532710,8.733954,-0.203184,3.040701,-5.519879,-1.972310,-3.241516,-6.066046,-8.682078,7.042704,7.109810
vacancy_1231,6.259168,4.540629,1.871705,8.647297,-4.506369,-7.034637,5.859041,-6.480066,3.385408,1.724541,-1.473571,-2.112847,1.388424,7.318938,-6.015212,1.079178,-4.692042,-7.370416,-9.438084,-7.529264,-4.415075,4.824603,-7.779374,6.640328
vacancy_1232,-6.064371,8.015992,-2.884241,6.323062,-2.399987,-3.506244,5.948121,-3.873307,0.761466,8.408769,9.615947,2.799944,7.925182,7.107823,-7.008999,-8.512391,0.871036,4.745452,7.597806,-9.034243,-3.894904,2.664083,4.066936,-1.140322
vacancy_1233,-6.437759,8.759545,-3.363632,5.390507,-2.286849,-3.892331,7.067286,-3.666744,1.602711,8.173117,9.367659,1.678571,7.435083,6.500517,-7.412920,-7.568083,0.329152,3.083559,6.951263,-7.614693,-4.600980,2.996862,5.022082,0.285717
vacancy_1234,-1.977268,7.306996,-7.668849,-1.973941,-2.366429,-2.322816,7.831924,-2.830421,-8.193904,2.767750,2.363046,-2.400398,6.812937,-1.229726,-2.422509,8.218071,-1.958917,5.816064,2.252787,-0.557678,9.721330,9.351566,-9.889637,2.279930
vacancy_1235,4.373354,6.296275,1.994905,8.678729,-4.334551,-6.965057,4.630850,-5.804053,3.171445,1.468465,-2.254932,-2.936531,1.183949,9.092959,-6.207201,-0.743766,-6.355905,-7.858863,-11.063829,-8.314234,-3.289014,4.351983,-8.040964,6.913302
vacancy_1236,5.839498,4.682188,1.201730,8.470086,-4.750378,-5.461961,5.274097,-6.464689,3.617295,1.932011,-1.165458,-1.784343,2.486023,8.361655,-5.321165,0.448038,-5.455194,-7.068754,-9.786430,-8.305768,-3.034528,3.826496,-7.434508,6.592672
vacancy_1237,-7.362915,8.077709,-2.675500,6.490695,-3.665975,-3.581645,8.211281,-4.171281,0.267684,7.884004,9.812604,2.633470,7.455019,7.321456,-7.396991,-9.159988,-0.283472,4.138489,6.631879,-8.239793,-4.559779,3.483493,4.434762,-0.745240
vacancy_1238,-7.388141,-0.830861,4.349690,-7.507752,-8.766226,1.931790,-0.360671,-1.479316,4.635343,3.159167,-0.545514,2.733386,-7.368651,-7.950446,8.573100,-0.646203,2.016731,-6.044277,-1.635174,-4.084866,-5.626911,-9.796240,7.152244,8.876939
vacancy_1239,9.698940,6.450432,-6.212931,9.861830,-2.861011,8.018883,-5.537470,-3.396180,8.663856,-7.009817,1.497466,-4.473710,7.703627,-8.174373,-8.091815,0.140272,4.961678,-7.116278,2.075214,-0.828624,4.515930,-1.044342,-3.708994,0.495571
vacancy_1240,8.810133,8.425655,7.853201,-9.356672,-1.430351,7.442369,2.916371,-6.997781,1.347512,8.319995,8.033823,-7.528640,0.084593,-2.730948,-5.093383,2.164783,-7.631867,8.306166,4.894394,-2.912345,-7.091499,-5.224045,2.431601,6.005911
vacancy_1241,8.678023,7.732810,7.321753,-7.925368,-1.499749,7.797794,0.976007,-6.488612,1.511236,7.480344,9.083331,-7.254247,-1.032273,-3.183497,-5.701760,2.217117,-6.818075,7.634269,5.624044,-2.361912,-7.098777,-5.506629,0.540800,4.806332
vacancy_1242,4.484557,-2.912353,4.847499,3.540780,-2.345895,1.613628,-7.053248,6.993534,-8.289151,-5.087980,0.787829,-6.579776,-7.469987,5.153613,0.765332,-8.756619,1.354651,3.553462,-5.404501,6.795163,-10.442391,-1.096669,1.358538,7.407142
vacancy_1243,10.013537,6.806563,-5.998710,10.005794,-1.824361,9.573846,-5.940969,-4.298595,9.311236,-6.613203,0.784473,-2.692853,7.126405,-7.922915,-7.500932,0.121023,4.977308,-7.302689,2.499638,-1.395889,4.602951,-0.621919,-4.874534,-0.753115
vacancy_1244,5.698510,-3.206030,4.484147,2.054906,-2.314295,2.421135,-6.679863,6.557324,-8.535130,-3.906162,0.335046,-6.629992,-6.825522,4.335297,0.503086,-8.054310,0.070417,3.972888,-5.318787,7.267640,-9.534296,-1.708139,2.245398,8.187192
vacancy_1245,-6.584712,7.683307,-3.325190,6.200710,-3.212647,-2.707207,6.440279,-3.373638,-0.003244,8.105903,9.345789,2.097483,7.815804,7.428060,-7.261263,-7.768732,0.184471,3.228070,6.588113,-8.695814,-5.230647,2.287552,4.741191,-1.023952
vacancy_1246,-1.638060,8.203903,-8.138845,-1.328016,-2.540906,-1.455176,6.984156,-1.368194,-8.233699,2.031024,1.179327,-2.496504,6.050616,0.026630,-1.721101,7.568408,-0.986498,5.230125,1.671517,0.370101,9.748349,9.368346,-9.194685,2.228814
vacancy_1247,-8.886623,8.822347,-2.873833,6.079456,-1.411115,-4.306465,6.453505,-3.938802,1.202299,7.679423,10.686260,2.554545,8.243529,7.288984,-7.404874,-8.381795,0.649474,4.313553,7.973825,-8.922066,-5.104848,3.713938,4.590664,-0.682341
vacancy_1248,6.137556,-3.765191,3.717870,3.118463,-2.153140,3.367333,-6.804140,6.600832,-8.864867,-4.094189,0.863375,-6.807636,-6.097397,4.735924,0.296644,-7.147741,0.804647,4.871749,-6.478864,6.635480,-8.756138,-1.116381,1.712702,8.932226
vacancy_1249,-6.885308,-1.259961,5.110567,-7.528097,-9.174715,1.164312,0.247459,-1.564776,5.121373,4.189466,0.644176,1.318869,-6.957868,-8.567242,8.129342,-1.564905,1.431062,-5.044390,-1.947417,-4.840175,-4.555597,-8.387523,6.989244,7.254971
vacancy_1250,9.307847,7.191289,-5.824981,9.345833,-1.661041,8.063989,-5.249988,-4.450740,9.139843,-6.342353,0.541877,-2.134773,7.189821,-7.843047,-6.951427,0.723339,6.503819,-7.157723,0.797849,-2.372870,3.667868,-0.537765,-5.343662,1.337399
vacancy_1251,8.866270,8.458608,8.320781,-7.439303,-0.347659,7.339852,2.230790,-7.766063,1.884083,7.959042,9.706920,-7.434672,-0.574123,-3.080327,-4.314016,0.307015,-5.464444,8.601085,5.919541,-2.660887,-6.643903,-5.328838,2.389766,5.326196
vacancy_1252,-7.252750,-1.612500,4.941208,-7.198498,-8.174924,0.692718,0.149826,-0.354170,5.984873,4.203212,0.683876,3.493342,-6.855251,-8.580725,9.213809,-0.287147,2.206650,-5.591552,-2.144119,-3.521322,-4.513257,-10.024959,6.538152,6.860408
vacancy_1253,10.333935,6.936853,-5.192108,9.300430,-0.892622,10.007312,-5.395561,-3.599671,8.872942,-7.058729,-0.331653,-3.298158,7.774471,-8.149268,-7.607856,0.040424,4.481399,-8.043047,1.010273,-1.808258,4.904427,-0.243479,-3.688060,0.223808
vacancy_1254,4.931866,4.382236,1.035362,8.579046,-3.643003,-6.274999,7.305880,-5.536109,3.341954,0.476616,-1.632813,-2.365347,0.576398,8.023443,-6.692835,1.065756,-4.584831,-7.721916,-8.889346,-7.219080,-3.933609,5.302998,-7.405846,5.953501
vacancy_1255,-7.128171,-8.556342,8.934463,1.541497,-8.552009,2.873397,-7.188487,-5.576440,1.281639,-4.363352,-2.412021,3.853901,-1.748813,3.182129,3.267531,-6.451932,-1.607750,3.766218,2.357044,-0.536484,9.860908,7.001780,-0.581340,8.807259
vacancy_1256,6.939990,-2.777687,5.742306,4.030930,-1.180515,2.312276,-6.922543,5.774999,-8.960810,-4.475070,2.284830,-7.761304,-7.025156,5.100746,0.657054,-7.737393,0.863375,4.154426,-6.701465,6.262290,-11.340718,-0.541928,1.061394,7.937685
vacancy_1257,8.974222,7.457540,7.714077,-8.873847,-0.304184,7.282180,1.014426,-6.423117,1.178692,7.678677,9.397316,-7.441050,-0.081756,-3.534174,-5.195649,1.680014,-6.449254,7.512097,6.278250,-3.456929,-7.465069,-4.700999,1.206659,5.804713
vacancy_1258,-7.434744,-7.850609,8.965703,2.335315,-7.409251,3.314544,-6.484147,-5.649544,0.242349,-2.929234,-3.176888,4.442349,-2.136135,4.799503,3.155512,-5.735672,-0.954559,3.543389,1.271013,-0.967058,10.441328,7.574827,-0.107801,7.486058
vacancy_1259,-7.438123,9.284129,-3.870589,5.009701,-1.512534,-2.259712,6.549665,-3.479503,1.078257,8.429142,9.226026,2.327101,7.833163,7.137361,-7.650948,-8.973310,0.090114,2.655743,7.458904,-8.211116,-5.417882,2.742097,3.878626,-0.100877
vacancy_1260,-1.622162,7.985409,-7.095564,-0.833331,-2.327693,-2.216830,7.779171,-1.728188,-8.469669,1.900340,1.229693,-1.917519,5.813495,-0.074175,-1.892597,7.126605,-0.825409,5.033119,1.833675,0.682087,8.443559,8.991280,-9.600125,2.046602
vacancy_1261,6.707134,-3.960655,4.568890,4.055825,-1.332607,1.882173,-7.197633,6.810622,-9.478229,-3.743010,0.930610,-6.905372,-6.524566,5.078665,0.207909,-7.487901,1.974525,4.321996,-6.090953,6.566392,-9.627495,-0.802448,2.862578,8.229978
vacancy_1262,9.450750,7.107713,6.784668,-7.986961,-1.087607,6.391940,1.267892,-6.507460,1.220400,7.116235,9.150872,-8.149839,0.103920,-3.257858,-4.961534,2.343653,-6.904078,8.506310,5.705211,-1.834782,-6.486383,-5.387361,1.936441,4.972725
vacancy_1263,-1.272767,8.270487,-7.554800,-2.335134,-2.641582,-1.614173,8.220047,-1.400783,-7.619888,3.604187,1.240277,-2.320007,5.965852,-0.582771,-2.690622,8.362602,-2.079988,5.153839,1.965073,0.389568,9.538251,9.100008,-9.133849,1.967550
vacancy_1264,7.677635,7.592120,8.185305,-8.597700,-1.217902,7.881053,0.747877,-6.365721,1.374177,7.373875,9.044118,-7.647437,-0.694746,-3.805514,-4.800087,1.746462,-6.134469,7.983485,5.072585,-2.747635,-7.494146,-3.347802,1.105094,5.556926
vacancy_1265,4.507804,4.381001,1.794041,8.136262,-5.216476,-5.800296,7.374755,-5.311473,2.029303,2.095092,-2.112787,-2.739131,0.709738,8.148460,-6.232496,0.766278,-6.138194,-8.206884,-9.220243,-8.127993,-3.982587,4.215001,-7.638860,6.133665
vacancy_1266,-7.328593,-0.276624,5.881756,-6.989035,-6.740598,2.335900,0.309947,-0.282803,5.890958,4.107536,-0.360342,1.715430,-7.431791,-8.018666,7.376294,-0.170648,2.235923,-5.816303,-2.213592,-4.225474,-5.366185,-9.366125,6.895878,7.101698
vacancy_1267,8.202942,6.451766,7.742145,-8.669841,-1.007320,7.708752,3.021306,-7.451066,1.450310,7.035869,9.491880,-8.097916,0.167996,-2.328635,-4.848857,1.066860,-6.818293,8.158881,6.076520,-2.619043,-6.288085,-5.152785,1.705054,5.113622
vacancy_1268,-7.913587,-8.713211,9.024459,2.396569,-6.761565,3.952919,-7.812715,-6.077339,0.392603,-2.693153,-3.700228,5.274836,-1.680257,4.561066,2.754765,-5.878583,0.609059,3.742189,3.265571,0.353062,8.345864,7.013353,0.688307,8.767801
vacancy_1269,-7.700292,-0.545639,5.861191,-6.730788,-8.642133,0.786628,-1.607679,-1.343450,6.280546,2.195879,-0.227123,1.599781,-7.436204,-8.832261,9.325924,-0.643497,2.512960,-4.457072,-0.679900,-4.609850,-6.014800,-8.706534,7.081765,8.116939
vacancy_1270,-7.620873,9.576344,-3.210172,5.984467,-2.634461,-2.558309,7.068519,-3.652993,0.388857,7.866184,10.473300,2.562976,7.759271,7.805440,-7.851995,-9.146179,0.719852,3.991581,7.569832,-6.777784,-6.109575,2.223296,4.292029,0.129719
vacancy_1271,-0.817008,8.703376,-7.604376,-0.568957,-2.252017,-0.398160,6.744415,-0.786225,-7.195969,2.439679,1.796878,-3.466400,6.864763,0.311816,-1.603579,8.038905,-1.878518,5.458697,2.780311,0.374304,8.517560,8.928412,-9.476404,3.071665
vacancy_1272,-7.991513,-9.361681,9.989090,1.956394,-7.790995,4.079142,-6.689832,-6.369681,0.680197,-2.824713,-3.782242,3.557785,-1.107924,4.357177,4.331444,-6.142203,0.378597,4.096639,1.789748,-0.756170,10.456782,8.124180,-0.383473,7.674285
vacancy_1273,-6.843122,-0.807883,4.431579,-8.311285,-8.299561,1.671661,0.136801,-1.297099,6.868293,2.867241,0.248185,2.390856,-7.549872,-7.299086,8.098317,0.469476,2.809426,-5.801084,-1.615542,-3.758223,-5.661726,-8.895785,7.206960,7.308347
vacancy_1274,10.715230,7.268713,-5.720440,9.946816,-1.674724,9.545421,-5.743164,-4.127388,10.035539,-6.434404,1.619387,-1.866915,6.491815,-8.362114,-8.145795,0.019341,4.820259,-7.717369,2.077926,-3.069348,4.971284,-0.488258,-4.858858,-0.622131
vacancy_1275,9.623654,7.154103,8.587144,-7.794963,-0.886894,7.494278,1.094405,-6.049555,2.431376,7.190755,9.933550,-7.937082,1.401884,-3.080819,-5.384974,1.607924,-6.913348,7.891602,5.309922,-3.251816,-6.307751,-5.397595,1.665877,5.633609
vacancy_1276,9.104793,7.497302,7.070901,-8.085317,-1.300263,5.953268,2.965460,-6.910177,1.636887,7.654758,8.411806,-8.827134,-0.562276,-3.301326,-5.055860,3.146144,-7.328314,7.078263,6.214064,-3.831037,-7.878370,-4.665748,1.527043,5.830152
vacancy_1277,7.759133,7.570379,6.757863,-7.550131,-0.180965,7.241328,2.382193,-6.808124,1.841861,8.328693,9.685549,-7.774390,-0.236350,-3.535261,-5.057189,1.740611,-6.211879,7.632645,4.419005,-3.030485,-6.637137,-4.258475,1.874013,5.233248
vacancy_1278,-7.792649,-2.180857,4.872987,-7.545577,-9.942107,1.247291,-0.093200,-0.411244,5.050163,3.452549,1.006939,2.225622,-7.508300,-7.836167,7.470872,-1.585097,1.519545,-6.318271,-2.360043,-4.164241,-4.694404,-10.050826,6.972477,7.858070
vacancy_1279,9.338190,7.212864,8.120860,-8.542952,0.277847,7.649290,1.942727,-7.021901,2.373477,7.793873,10.703134,-8.609270,0.130075,-3.279997,-4.580507,1.517894,-7.753454,8.173260,5.795988,-3.540799,-6.747123,-4.781035,1.042156,5.608119
vacancy_1280,-6.942705,8.156038,-3.365665,6.021727,-1.997245,-3.270407,6.435045,-3.890617,1.010019,7.957709,10.568615,2.948009,7.861026,7.984896,-7.510067,-8.560846,0.123993,3.492870,8.206006,-8.077886,-6.533198,2.574248,4.112728,-0.864830
vacancy_1281,4.749440,-3.969708,5.206339,3.154623,-1.897240,2.111380,-6.837503,5.674366,-8.475901,-5.495317,1.304337,-6.598450,-6.379225,5.327210,-0.230213,-8.707213,-0.232602,5.046148,-5.746430,7.343988,-9.992626,-2.139059,1.102191,8.030353
vacancy_1282,-7.398585,-9.518625,7.660978,2.804017,-7.460799,3.365930,-7.500316,-5.870455,0.895609,-3.715989,-1.695014,5.319842,-1.758291,5.128381,3.760596,-5.979576,-1.919227,2.970969,2.571658,-1.819219,10.045912,7.020558,-0.780059,7.180219
vacancy_1283,9.920133,6.561923,-7.127561,8.140916,-1.649948,8.762392,-6.282078,-4.316333,8.880963,-7.199796,0.067672,-4.174516,7.446222,-8.038692,-8.696439,1.214265,5.531667,-6.927266,2.170894,-1.945778,4.501922,-0.045916,-4.368650,0.628458
vacancy_1284,-6.383299,-1.545375,4.237561,-8.131331,-9.303891,1.661503,-0.982442,0.846886,5.129644,2.692102,0.041863,2.623013,-7.549355,-7.798636,9.053179,-0.920640,2.854571,-4.188467,-2.812955,-4.545405,-4.717134,-9.277886,6.943713,7.824534
vacancy_1285,-7.510919,-0.770108,4.298109,-7.319623,-7.968624,0.979932,-1.373033,-0.599290,6.352035,3.669230,0.150900,2.317582,-7.702193,-8.087523,8.628504,-0.610384,2.038961,-5.668602,-1.984341,-3.643228,-5.451004,-8.774655,6.190370,7.089809
vacancy_1286,-6.844725,8.903621,-2.448349,5.688670,-2.209911,-3.352954,5.678245,-2.418352,0.379563,8.400282,9.267494,1.058624,8.073719,8.199674,-7.636062,-8.711186,0.044358,2.712206,7.205481,-7.527898,-5.333195,2.422167,4.851381,-0.750165
vacancy_1287,-6.622667,8.825550,-2.987075,5.912399,-2.113860,-2.986107,6.114656,-4.031227,-0.364518,8.386210,10.601622,3.042345,8.543494,7.760063,-7.893155,-8.125300,0.649298,4.307364,7.973861,-8.324550,-5.106479,2.566586,4.500774,-0.339645
vacancy_1288,8.568734,6.940719,7.852574,-8.469288,-0.754697,6.619120,1.982711,-5.430867,1.624048,7.435734,9.547416,-8.330572,-0.341390,-2.845781,-5.180765,0.092845,-6.372253,6.952434,5.412948,-2.747036,-7.076371,-5.721767,2.077228,5.451033
vacancy_1289,-2.240028,6.787444,-7.437374,-1.203379,-2.425794,-1.900519,8.316934,-1.507288,-6.726811,2.499674,1.026548,-2.277508,5.949683,-0.805216,-1.300714,8.500925,-2.653336,4.769999,1.964655,0.432242,9.200403,9.279747,-10.271824,2.548872
vacancy_1290,5.463023,-3.912656,4.684630,2.646702,-2.278764,2.502275,-7.264150,6.358189,-9.337572,-5.298658,1.499535,-7.749924,-6.112287,5.969985,0.693094,-7.417443,1.490730,4.879940,-5.411789,7.179692,-9.997497,-0.977203,2.387414,7.340390
vacancy_1291,5.408063,-2.664287,4.550634,3.346189,-0.681517,2.643237,-7.009612,5.762889,-8.308163,-5.302685,0.987731,-7.966086,-7.388562,5.514218,-0.118566,-7.452302,1.923818,3.461045,-5.604525,6.497778,-9.970153,-1.757959,1.291550,8.515196
vacancy_1292,8.949101,7.131064,8.464590,-8.416279,-2.110865,6.258178,2.359693,-5.659337,0.688302,7.884365,9.443672,-7.446523,-0.187577,-3.832965,-5.154260,2.257513,-6.388899,8.406728,5.265298,-2.487912,-6.788687,-4.868318,1.622897,6.372300
vacancy_1293,7.483682,-3.628556,4.486231,3.420539,-2.395058,2.759961,-7.925279,6.344797,-9.248634,-4.240656,1.561177,-6.791117,-5.527318,5.565757,-0.530080,-7.780063,0.390085,5.883190,-6.453495,7.763633,-8.582770,-1.120686,0.890836,8.331969
vacancy_1294,5.910469,4.603363,2.520047,8.243695,-3.414818,-5.636091,6.768140,-6.388733,3.396534,1.661199,-1.110012,-1.971046,1.607793,7.565094,-5.878767,1.390535,-5.239208,-6.842309,-9.885136,-6.757886,-3.668381,3.334107,-7.780326,5.710332
vacancy_1295,10.176681,6.260204,-4.624379,9.737102,-1.476985,8.910554,-4.172713,-3.834009,8.744913,-6.312597,-0.169619,-1.735279,7.947584,-8.384800,-8.105552,-0.490185,6.762647,-8.067942,2.679241,-2.047235,4.435372,-0.729625,-4.874961,0.355996
vacancy_1296,-7.012753,-0.134305,4.425040,-8.382438,-8.596947,1.722400,-0.402643,0.020261,4.869080,4.066835,0.465544,1.390680,-7.541378,-8.169831,7.475944,1.425147,2.259278,-5.330343,-3.161254,-3.674500,-5.221605,-9.783812,6.670389,7.218859
vacancy_1297,-6.831450,8.578674,-3.183722,5.386328,-2.301752,-3.146865,6.936126,-2.985922,0.566102,8.976318,9.851546,1.778181,8.071983,7.141356,-7.494269,-8.659294,-0.188865,3.618641,6.875604,-9.361029,-4.997948,1.602005,4.611624,0.334336
vacancy_1298,-7.986671,-0.098955,4.331110,-7.441915,-7.547164,1.053178,-1.236267,-0.863174,4.866144,2.573456,-0.270870,0.899349,-6.919078,-8.075686,8.406952,-1.076242,2.526934,-5.924395,-2.273942,-3.374546,-4.661378,-9.613887,7.604009,7.223249
vacancy_1299,9.122258,7.140918,-5.789559,8.595474,-1.959223,8.787049,-4.800169,-3.137134,8.607472,-8.160760,1.199036,-3.388642,7.370730,-7.439733,-8.285637,-0.530395,4.086549,-6.102367,2.073891,-2.217432,5.038591,-1.693372,-5.159100,-0.020396
vacancy_1300,-7.254692,-8.719685,9.371072,2.552217,-7.515063,2.509662,-6.715723,-6.064490,0.773772,-5.299295,-4.109266,5.198833,-1.040626,3.556772,3.577125,-5.101496,-1.304896,3.541387,1.827500,-0.338775,10.282785,7.253422,0.657599,9.224050
vacancy_1301,10.287879,7.305710,-5.002880,9.363190,-2.057937,9.291309,-5.342441,-3.695336,8.230520,-6.828778,0.315188,-3.498328,7.163074,-9.111529,-7.265205,0.138260,5.688290,-6.519498,1.587965,-1.164219,5.077706,-0.627736,-5.725355,-0.704585
vacancy_1302,-7.395504,9.749696,-3.355073,6.162423,-2.539363,-2.688678,6.444129,-4.236602,1.471072,8.878581,10.525966,3.182640,8.123182,8.061421,-6.977703,-8.298527,-0.061100,4.090757,7.573992,-8.440557,-5.062343,2.778895,4.872083,-0.484417
vacancy_1303,6.030678,-3.856820,4.033063,2.817578,-2.029282,1.663245,-6.934483,5.827011,-8.405290,-5.723616,1.991186,-5.734057,-6.775329,5.669837,0.462919,-6.685386,0.270275,4.828067,-5.162741,7.010492,-10.070398,-0.493449,0.080546,7.590825
vacancy_1304,-2.293171,6.750238,-8.146309,-1.749455,-1.866824,-0.914862,8.728550,-0.436676,-7.514270,2.575214,0.810995,-1.972865,5.589861,-0.541895,-3.089530,8.139527,-2.396747,5.789585,2.142783,0.939903,9.033125,8.776275,-10.159081,2.482775
vacancy_1305,-7.996702,-9.362699,9.260453,1.532827,-7.019133,2.592993,-7.274075,-6.163555,0.610150,-3.853577,-2.654314,4.835093,-1.321532,5.516631,3.397361,-6.021809,-0.988933,3.187474,1.287637,-0.857484,9.966971,6.531522,1.094510,7.559991
vacancy_1306,-2.707302,7.037534,-7.711577,-1.403272,-3.563657,-1.307126,8.144990,-2.548849,-8.449646,2.323977,1.814915,-2.706704,6.030808,1.287499,-1.832568,7.839687,-1.992606,5.601641,2.186934,0.607265,9.929956,8.717591,-9.494196,2.978465
vacancy_1307,-7.951621,-9.275497,8.019008,1.966682,-8.122436,2.864656,-7.225281,-6.565767,0.615962,-3.129542,-3.390738,4.968907,-1.575832,3.441160,3.313578,-5.647006,-1.057599,3.802999,1.981955,-0.617648,9.564458,7.729861,0.407817,7.799905
vacancy_1308,-8.482527,-0.895512,3.691517,-7.927754,-8.759626,1.541341,-0.988435,-0.365175,5.292213,3.276820,0.240326,1.501963,-7.726797,-9.079515,9.201195,0.523963,1.882922,-5.746394,-2.422709,-3.424184,-5.244334,-9.119973,6.944182,8.157268
vacancy_1309,-6.823877,-1.035946,4.816443,-7.264798,-8.180694,0.800376,-0.286009,-0.801292,4.568185,3.838092,0.159075,2.228027,-8.549858,-7.434243,7.550464,0.282117,2.038919,-5.372494,-1.295299,-3.673227,-6.007270,-9.678247,6.461553,6.658308
vacancy_1310,5.372301,5.009181,1.915074,8.931823,-4.125399,-6.160461,5.769922,-6.831005,3.747617,1.117866,-1.657607,-2.281930,1.752140,7.487465,-5.621307,-0.370691,-4.565293,-9.503155,-9.470667,-7.833378,-3.594891,3.964049,-6.996495,6.722312
vacancy_1311,10.451451,7.008487,-4.874025,9.331164,-1.852575,9.188423,-5.750666,-3.886201,7.813142,-6.584049,-0.371806,-3.836900,7.250045,-9.228797,-7.922059,-0.695614,5.214886,-6.702312,2.121207,-3.144704,4.001536,-1.874250,-5.198383,0.764667
vacancy_1312,-7.025731,-8.697570,9.287058,2.664244,-6.837284,3.101874,-6.472656,-5.613222,0.948688,-3.267187,-3.741683,3.380325,-1.153580,3.953292,2.332178,-5.132206,-1.873465,3.618455,2.010481,-1.080648,9.260278,7.535756,0.080469,7.978289
vacancy_1313,-7.397676,8.909119,-3.379825,7.029195,-2.548582,-3.068474,6.313163,-3.551623,0.711910,7.405596,10.778746,2.019375,8.216168,7.612236,-6.468996,-9.224003,0.550132,4.680179,7.128520,-8.696064,-5.077312,3.939149,4.637968,-0.964625
vacancy_1314,-7.743825,-0.425808,5.777616,-7.276929,-7.414743,1.256215,-0.714503,-0.497105,5.032230,3.416023,0.395012,1.418178,-6.610038,-8.218221,7.915195,-0.693681,2.184623,-4.506967,-1.948124,-4.267162,-5.762573,-9.612465,5.341901,7.011983
vacancy_1315,9.018800,7.025893,7.279699,-8.757751,-1.966754,5.705528,2.648852,-5.414028,1.084081,7.370314,9.573101,-9.020590,0.324189,-3.603170,-5.709688,1.906697,-7.850892,7.688195,5.295645,-3.804500,-6.421263,-3.992416,1.634181,5.706988
vacancy_1316,10.269697,7.158865,-5.279641,10.343558,-1.570777,8.863878,-6.166988,-3.707089,10.502875,-6.672982,-0.645710,-2.526536,6.919696,-7.683341,-8.471826,-1.259340,5.631013,-6.471801,2.397831,-1.980041,3.424731,-0.648750,-4.110765,0.325051
vacancy_1317,-6.761580,-0.895352,4.133305,-7.309720,-8.601671,2.443457,-0.533828,-0.358126,5.054115,3.311134,-0.295147,2.062399,-6.395757,-7.066449,8.591264,-0.710577,1.851998,-5.476543,-1.783670,-4.324208,-5.489341,-9.529971,6.541236,7.805468
vacancy_1318,5.215874,4.508052,1.231955,8.591323,-3.934753,-6.690905,6.037069,-7.006219,2.610460,0.868603,-2.752463,-2.203463,1.181586,7.840238,-5.465752,-0.101371,-4.325482,-7.929888,-9.812897,-7.854272,-4.150698,5.251911,-8.192540,6.034397
vacancy_1319,-6.600743,-1.067628,4.053494,-6.965760,-8.095304,2.035373,-0.737755,-0.416833,6.467855,3.517511,-0.147443,1.706286,-6.550200,-8.382012,9.104295,-0.053040,2.943882,-4.852354,-2.951828,-3.874472,-5.097989,-9.231343,7.292543,7.258570
vacancy_1320,9.062303,7.068839,-6.459250,10.311819,-2.253464,8.426665,-4.968111,-4.141863,9.448867,-7.858385,0.522892,-2.860309,7.263460,-8.161870,-7.699276,-0.489138,5.043302,-8.513312,2.312953,-1.700837,4.075017,-2.031065,-5.435499,0.483058
vacancy_1321,6.452872,-4.630323,4.428006,3.508650,-1.474902,1.871565,-7.203411,6.088776,-8.560037,-5.481170,1.169087,-7.027109,-7.513093,4.949881,0.276822,-8.746375,1.045607,4.274937,-6.306868,5.623013,-9.756497,-0.923522,2.305691,8.379566
vacancy_1322,-8.410776,9.504593,-4.038770,6.086241,-2.749398,-3.836253,5.790631,-3.246263,0.439255,8.113791,8.904723,1.389373,7.926079,7.895400,-7.333567,-9.096039,-0.015223,3.142238,6.787781,-8.865478,-4.915562,3.111674,5.170209,0.305594
vacancy_1323,-7.339501,8.039000,-3.023134,5.637200,-3.069819,-3.689613,6.768829,-3.832962,0.460115,9.119259,10.134523,1.866234,7.864572,7.764095,-8.070788,-8.119899,0.079103,4.180673,8.010135,-8.174914,-5.383751,2.519539,3.749310,0.348857
vacancy_1324,5.426607,4.173110,2.020036,7.860063,-5.424640,-5.881168,5.963567,-6.376365,3.532525,2.062697,-1.980469,-3.056869,0.768288,8.109172,-6.224329,-0.314413,-4.305979,-7.724734,-9.175830,-7.321794,-3.872194,5.249992,-8.412586,6.647001
vacancy_1325,-1.974502,7.294333,-8.091037,-1.251114,-2.657448,-1.515366,9.804964,-1.281845,-9.048844,2.603053,1.175666,-1.760889,5.726826,-0.779922,-0.875096,7.482618,-3.677965,4.624618,2.552992,0.091199,9.094480,8.992118,-9.140605,2.137679
vacancy_1326,-7.076900,-1.221944,4.271600,-8.921824,-7.932025,1.773593,-1.252122,-0.886989,6.321467,3.764980,-0.026367,1.853330,-8.482211,-7.479342,8.779724,0.336312,3.213633,-4.548201,-2.098605,-4.722346,-4.678361,-8.898857,6.843351,7.726179
vacancy_1327,9.064782,7.230848,7.928448,-8.267825,-1.250912,6.851109,1.598039,-6.379580,1.196172,8.323057,9.909561,-9.039326,0.267639,-4.201899,-4.126848,1.766253,-6.368114,9.048306,5.699594,-2.834509,-6.134796,-5.617216,1.794981,6.409936
vacancy_1328,9.188622,6.996583,7.687040,-8.342913,-0.856204,7.462790,2.339156,-5.633516,2.018772,6.882063,9.097967,-8.197439,-1.129186,-3.921292,-6.346078,2.302496,-5.954311,8.419518,5.054284,-2.557502,-7.117240,-4.320817,1.838214,5.434761
vacancy_1329,-7.857267,8.620862,-3.182678,6.047967,-2.486422,-2.769349,6.064696,-3.729636,0.059413,7.756426,9.458570,3.030960,8.063407,7.421913,-8.255799,-8.583141,0.200265,3.196491,8.750968,-8.788730,-5.267402,2.591242,4.215555,0.351334
vacancy_1330,9.519568,8.239805,7.670352,-7.854909,-0.431160,7.198625,1.987291,-5.777370,1.666916,8.114082,9.073616,-8.635752,-0.419428,-3.419811,-4.579868,2.321738,-6.112723,8.283393,5.348550,-2.934487,-6.022607,-4.639764,2.750709,5.115007
vacancy_1331,5.209328,4.906990,2.586806,8.673776,-5.312218,-6.438296,7.522886,-5.503205,4.263512,1.308166,-2.544097,-2.553438,1.478004,7.670609,-6.366824,0.618062,-5.766118,-7.022805,-8.586668,-7.084271,-2.975982,3.765909,-6.532079,6.140484
vacancy_1332,10.741376,8.492530,-5.249982,9.918610,-1.510459,8.757547,-4.886819,-3.424280,8.564240,-7.938580,0.677749,-2.061934,7.926989,-8.887943,-8.027022,-0.009680,4.946360,-7.790113,1.793478,-2.340654,5.754042,-0.734215,-3.985760,-1.102364
vacancy_1333,-7.776289,8.654986,-3.422360,6.071744,-1.769197,-3.618150,5.394122,-5.098824,0.962161,8.201300,10.974422,1.694850,8.072661,6.856350,-7.107098,-8.808176,0.335013,3.067743,8.446836,-7.733294,-5.957671,2.536226,4.995561,-0.968290
vacancy_1334,-0.746475,7.293762,-7.560605,-0.011239,-2.576087,-0.400508,8.313550,-1.348584,-8.233292,2.478870,2.298987,-1.545319,4.898207,-0.865058,-1.672543,7.936771,-2.374980,5.532529,2.296601,0.297207,9.044859,9.445122,-9.532267,2.567457
vacancy_1335,-0.945890,7.820551,-7.650444,-2.084879,-2.735700,-1.057228,8.190020,-0.853176,-8.175881,1.308175,1.793370,-1.863594,6.168683,-1.501429,-1.652012,7.515089,-2.055180,4.871542,1.626945,0.997458,9.835923,7.554645,-9.859795,2.970893
vacancy_1336,8.295113,7.627318,8.426493,-7.829223,-1.408651,6.578310,1.417303,-7.912564,2.133222,7.441598,9.372230,-8.519819,-0.015219,-4.559470,-4.714938,2.088541,-6.695232,7.966387,5.819455,-1.598971,-6.693608,-4.514953,1.942602,6.169687
vacancy_1337,-7.490044,-9.107632,8.456401,2.402313,-8.109542,2.918177,-6.189622,-5.771825,1.148085,-2.654390,-3.456405,4.141713,-1.154459,3.820144,3.083733,-6.477469,-1.092508,2.246285,1.256495,-1.303890,9.323274,7.164121,0.279300,8.587680
vacancy_1338,-7.319209,-0.865877,4.346695,-8.553417,-8.602618,1.312302,-1.023524,0.108339,5.353589,4.348072,0.821322,1.998192,-6.380161,-7.305310,9.218516,-0.330517,2.308543,-6.168211,-2.421319,-4.154970,-5.839342,-8.384125,6.645129,7.770031
vacancy_1339,5.624547,4.554941,2.134395,8.529373,-5.482134,-6.840839,5.815507,-6.533354,3.576934,2.878431,-1.255012,-2.591768,1.474737,7.769454,-6.682337,0.739396,-4.297199,-8.005363,-9.987924,-6.724585,-4.459242,4.731137,-7.591508,7.604710
vacancy_1340,-7.767940,-0.256155,4.713391,-7.879475,-8.765078,1.345027,-0.304632,-0.307921,6.697776,4.008583,0.714010,1.077954,-7.407792,-8.245387,8.611444,-0.795876,1.672529,-5.573418,-1.268441,-3.746402,-4.206061,-9.376941,7.675129,8.502181
vacancy_1341,-7.414991,-0.733528,5.974804,-7.699878,-8.341834,1.443964,-1.912127,0.206518,5.407692,4.803455,0.323514,1.733382,-7.597049,-8.610567,9.131996,0.085813,3.071910,-6.209336,-2.130634,-3.545447,-5.491652,-8.893939,7.061470,7.441672
vacancy_1342,5.938843,-4.308713,3.884713,2.918684,-2.774922,2.135181,-6.615265,6.125974,-9.731517,-5.549275,0.581985,-7.512554,-7.054151,5.415960,-0.421009,-8.021833,0.462101,4.332088,-5.543980,7.160410,-8.733813,-0.606391,1.285906,8.180550
vacancy_1343,-6.883078,-1.794845,4.763889,-8.026068,-8.035881,2.098870,0.317138,-0.634988,5.514031,4.826089,0.516802,1.988392,-7.695664,-7.722858,8.776879,0.163707,1.619831,-5.677323,-2.684445,-3.952309,-4.482740,-9.665896,5.996472,7.589610
vacancy_1344,-7.641071,-1.065778,4.377301,-7.913999,-7.917901,1.562198,-0.667408,0.171035,5.977756,3.040010,1.337222,2.067249,-7.245593,-7.579956,9.579912,-0.336990,2.463519,-7.194211,-1.115277,-3.369473,-4.793118,-9.042340,6.933535,8.096519
vacancy_1345,-8.216828,9.447636,-3.445668,5.002114,-2.692889,-3.767760,6.135559,-4.141912,1.486888,8.570460,9.740778,2.397361,7.825734,7.319102,-7.363870,-9.294568,0.269702,4.040158,7.408526,-9.250324,-5.901348,3.126362,4.464823,-0.949109
vacancy_1346,6.416461,4.586106,2.674453,9.055567,-5.379986,-5.309614,6.442372,-8.553641,4.984634,1.453706,-1.880667,-2.218542,1.355951,8.243367,-6.592198,-0.089232,-5.159339,-9.507776,-9.962910,-8.579716,-2.565642,3.802397,-8.807644,5.852541
vacancy_1347,-2.672223,7.928421,-7.839042,-1.323838,-2.794969,-1.435784,8.941415,-1.971685,-8.676516,2.844259,1.667511,-2.584774,6.502791,-0.371430,-1.913318,8.725484,-1.440265,6.687608,1.965263,1.119488,9.743262,8.718372,-8.399559,1.622916
vacancy_1348,5.269397,5.166803,1.782602,8.916632,-3.722750,-5.484949,5.445517,-7.247072,3.878797,0.795305,-0.902809,-1.361882,1.031765,7.616927,-6.661217,0.211542,-5.527121,-8.361258,-9.428398,-6.995896,-3.889138,4.125187,-8.925408,7.279705
vacancy_1349,8.552308,7.410984,7.755870,-7.198562,-0.580578,6.726556,2.090296,-7.187298,2.776976,7.518637,9.542021,-7.997274,0.128290,-1.463413,-4.173425,2.628382,-6.652492,8.122903,4.936838,-2.092714,-7.422077,-3.915678,3.606047,5.656271
vacancy_1350,5.063468,4.825437,1.695291,8.329790,-3.896988,-6.506156,5.384470,-7.196580,2.217347,2.118609,-1.745551,-2.324465,0.594028,8.034944,-5.966900,1.289850,-6.232332,-7.074028,-8.389305,-8.130652,-4.026901,4.630709,-9.132485,6.173798
vacancy_1351,-8.096567,-8.506277,8.299381,2.645904,-7.239556,3.567757,-6.009199,-6.340944,0.937593,-4.429839,-2.454799,5.641857,-2.012586,3.356910,3.949563,-6.614220,-0.461497,4.213754,1.440754,-1.366858,10.248515,5.974517,0.051664,7.833797
vacancy_1352,-7.215651,-1.702171,4.767893,-8.150865,-7.822200,1.351080,-0.809906,-0.592360,5.642904,3.726583,-0.687524,1.240959,-7.925940,-6.838812,8.134649,-0.550356,2.519762,-5.892360,-2.242468,-4.432679,-5.588095,-9.693893,6.097154,6.994957
vacancy_1353,-7.630023,10.063028,-3.217681,6.279187,-2.176026,-4.200195,5.786739,-4.125837,-0.073478,7.180117,9.890031,2.077823,8.333656,7.974853,-7.564658,-8.603385,0.016640,3.874885,7.473342,-9.120379,-5.132586,2.673506,4.088059,-0.018440
vacancy_1354,3.709046,5.485904,1.926979,7.497410,-5.108277,-5.138542,7.192998,-6.380462,4.113855,1.347730,-2.260839,-2.130713,0.983549,7.930227,-5.066760,0.175673,-5.741801,-7.768015,-9.443457,-7.174303,-3.416109,4.175440,-7.309342,6.601547
vacancy_1355,-6.167261,9.151091,-2.801477,6.092485,-1.836980,-2.973429,6.509436,-4.331983,0.012353,9.089758,9.689873,0.666522,7.513030,6.263256,-7.868985,-8.888565,-0.189127,2.846266,7.726200,-8.452220,-5.184551,3.241180,3.938818,-1.012003
vacancy_1356,-7.689672,-8.216638,8.135277,1.955628,-8.043004,4.176318,-6.836116,-5.666903,1.334043,-3.448663,-2.323450,3.689333,-0.777342,3.870025,3.062637,-6.705800,-1.046247,3.197884,1.957098,-0.847387,10.622381,8.128271,-0.608893,8.384597
vacancy_1357,9.374005,6.982513,-5.782195,9.573170,-1.685151,8.663585,-5.941306,-3.616293,8.920674,-7.197960,-0.009245,-1.801809,7.520763,-8.809527,-8.988716,0.139604,4.989081,-7.049381,1.892013,-2.123802,4.253619,-0.657307,-5.989313,0.015621
vacancy_1358,8.877460,6.904636,-6.077120,11.427939,-1.290631,7.818504,-5.268758,-4.392417,8.093617,-6.606929,-0.268646,-2.662650,6.719674,-7.923490,-9.155113,-0.040381,5.138704,-7.324055,1.830901,-2.211423,4.268906,-1.036783,-5.618543,0.099957
vacancy_1359,6.151134,-3.719975,3.313675,3.537711,-1.652864,3.284960,-6.482518,6.118880,-8.311500,-3.419830,0.868541,-7.428767,-6.009504,5.556776,0.752432,-6.728891,-0.303807,3.659641,-6.656199,6.798149,-10.307400,-1.129666,2.856224,8.281477
vacancy_1360,-0.375291,8.529778,-8.848975,-2.333957,-2.696056,-1.923930,8.693579,-2.237534,-8.076767,1.733324,1.684208,-2.658298,5.529916,-0.216679,-2.511742,7.359688,-1.945085,5.657034,1.928059,1.486476,10.034463,8.288779,-9.874256,3.099048
vacancy_1361,6.598223,-3.556421,5.156788,3.704077,-2.104455,2.238536,-6.879689,5.455255,-8.405765,-4.952542,2.043845,-6.858962,-8.329245,4.067408,1.233694,-7.083973,0.549318,4.470824,-6.059437,6.948717,-9.401663,-0.191608,0.695146,8.796862
vacancy_1362,-7.159647,-6.864348,8.379028,2.432731,-6.498384,4.055577,-7.027881,-6.424026,1.395250,-2.991734,-3.766392,4.963783,-0.679880,5.152528,2.886620,-6.602863,0.793020,3.851665,1.025647,-0.744178,10.565205,7.553815,0.266773,6.968289
vacancy_1363,9.456994,7.232036,-4.952844,8.710011,-1.957317,9.400984,-5.870486,-3.619412,9.177156,-7.331520,-0.181495,-4.403209,7.399760,-8.017484,-7.810845,0.703055,5.706132,-7.456643,1.495717,-1.897784,4.778695,-0.606207,-5.383857,-0.314912
vacancy_1364,8.508976,7.895176,7.126532,-8.205520,-0.287709,6.832956,1.692288,-7.053617,1.688974,7.589342,8.795089,-8.926892,-0.023459,-3.641295,-3.968063,1.381500,-5.777806,7.234535,5.126654,-1.691982,-6.538509,-4.364288,1.615238,5.397117
vacancy_1365,9.317886,7.281660,-6.512144,8.744833,-1.970127,8.858435,-5.985034,-4.269491,8.944670,-6.474358,0.989428,-2.093334,8.522395,-7.741173,-8.858891,0.970312,4.871435,-6.486631,1.904596,-2.388031,4.585428,-0.200681,-4.830430,0.207415
vacancy_1366,-6.477953,-9.070895,8.886518,2.822497,-7.350307,3.076076,-5.920302,-5.834197,1.542212,-2.744358,-3.280052,4.957537,-0.327341,5.120501,2.920854,-6.968099,-0.082340,3.762038,1.943333,-0.776637,10.086161,6.705004,-2.203263,8.981657
vacancy_1367,-1.914536,7.984486,-8.696966,-1.847019,-2.712724,-2.627758,8.054893,-1.430566,-7.961366,2.836392,2.339845,-2.562771,6.382153,-1.098189,-2.174207,7.937413,-1.272005,6.420634,2.188842,0.023884,9.186227,8.412206,-9.722390,1.904887
vacancy_1368,9.744198,6.971432,7.548595,-8.978378,0.206804,7.360583,1.485638,-6.346013,1.309532,7.820415,9.198954,-7.543837,0.184488,-3.601857,-5.034765,1.413183,-8.003010,6.073871,4.926763,-2.766518,-6.763923,-5.237691,0.905557,6.596771
vacancy_1369,-7.440210,-8.857131,8.760010,1.084677,-6.028124,3.016222,-7.367508,-6.619643,1.253909,-3.495998,-3.616091,4.755575,-2.182662,3.190585,3.324980,-6.082945,-0.268693,2.587134,1.669588,-0.703606,9.073681,6.583094,-0.138061,8.731537
vacancy_1370,-7.060410,-0.479832,3.797714,-8.504462,-8.011475,2.544256,0.025099,-0.560069,5.465817,4.769404,0.328155,2.039963,-6.483385,-6.987003,8.318757,-1.607155,3.343928,-6.569071,-2.397390,-3.708754,-6.308795,-8.923991,7.413743,8.000087
vacancy_1371,-2.022723,9.029100,-7.837868,-0.866247,-3.351669,-1.185755,8.889760,-2.003720,-7.586239,1.249761,1.975587,-1.741286,5.908314,0.069201,-1.684714,7.720758,-2.330787,5.380674,1.598414,1.282511,9.586193,10.005510,-10.150183,3.209432
vacancy_1372,9.180055,5.960138,7.637558,-8.588479,-0.948666,6.371597,1.595368,-5.784355,1.676949,7.015744,9.050629,-7.358286,0.419193,-2.229971,-3.574638,1.836301,-7.359538,8.203831,5.222905,-3.131637,-7.217064,-5.242926,1.144200,5.298407
vacancy_1373,-7.086735,-0.324409,5.779415,-7.271666,-8.449830,1.098148,-0.792298,-0.757943,5.332835,4.077238,0.344895,1.775371,-8.045763,-8.034551,8.315502,-1.612694,1.811383,-5.488623,-2.643009,-3.894851,-4.844627,-9.352504,6.286863,7.850458
vacancy_1374,-7.491496,10.332839,-3.335540,6.370819,-2.170433,-3.759601,6.298992,-5.282844,1.610252,9.124400,10.116682,0.927163,7.261628,7.499086,-7.463744,-8.315381,-0.386295,3.433708,7.601339,-8.391376,-6.014356,2.412369,4.183657,-0.444748
vacancy_1375,9.152846,6.983295,6.023772,-7.953472,-1.465283,7.525908,1.634828,-5.861353,0.808498,7.469188,10.371049,-7.622613,-0.065564,-3.332041,-4.656506,2.169793,-6.667066,8.858508,5.757370,-2.825063,-7.018514,-5.081091,1.108237,5.291119
vacancy_1376,-2.200161,7.291867,-8.022792,-1.240054,-2.656502,-1.960189,7.600957,-2.345598,-8.010000,3.046236,2.407533,-2.145032,7.017108,-0.360136,-2.634470,8.035293,-2.304739,4.915267,2.563527,0.712411,8.806760,7.925260,-9.202597,2.238728
vacancy_1377,-7.441768,-8.480518,7.632423,1.382351,-7.400184,4.921954,-6.346514,-5.361954,0.518860,-2.490998,-3.535328,3.831883,-2.511547,4.289916,2.569578,-5.802812,-0.338725,3.049669,1.207560,-2.187490,9.364795,7.846735,-0.127064,7.961828
vacancy_1378,-7.447815,-0.061259,4.683511,-8.043874,-8.942410,1.394996,-0.378755,-0.155292,6.181432,3.834725,0.309664,1.948197,-6.884471,-7.115023,9.489532,-0.123299,2.053107,-5.478727,-2.214002,-3.746311,-5.605615,-9.521328,6.047132,8.508445
vacancy_1379,-6.949645,-0.897335,4.326482,-7.820358,-7.752464,2.058280,-0.138313,-0.702112,5.947240,3.404966,1.710788,2.801113,-6.811478,-8.935226,8.799940,-0.326604,2.686604,-5.252559,-0.821684,-4.456940,-4.758157,-8.663195,6.420705,8.454154
vacancy_1380,-7.918260,-9.316873,8.543422,1.565279,-7.488673,3.480745,-8.013640,-6.035557,1.719024,-3.776719,-3.776777,3.334040,-1.327657,4.199113,3.256979,-6.083459,-1.350754,3.149611,2.646385,-1.090584,8.941796,7.542042,0.453575,7.503196
vacancy_1381,-6.001441,-9.741050,9.275423,1.870808,-7.288967,4.429676,-7.080392,-5.890675,0.821866,-3.078216,-3.397740,3.898374,-1.818107,4.819214,3.528805,-6.607603,-0.460450,2.680546,2.628966,-0.456069,9.465983,7.771118,-0.890699,9.115783
vacancy_1382,6.170982,-3.988222,4.540826,4.141903,-1.870105,1.285429,-7.324099,5.586608,-8.011956,-4.512381,0.557753,-6.198152,-6.549338,4.289267,-0.674905,-7.949857,1.340538,4.560791,-6.157301,7.449144,-9.028236,-1.372878,1.384725,8.017833
vacancy_1383,-7.442680,-0.792096,5.215045,-6.896201,-7.359558,1.381899,-0.606517,-1.167251,4.764905,3.489875,0.603363,2.944822,-7.702334,-7.819452,8.812979,0.174222,2.385498,-4.172257,-1.789559,-4.018922,-5.609108,-9.611790,7.375725,6.973620
vacancy_1384,5.772930,5.189423,1.429382,8.768280,-4.974274,-5.985083,7.168733,-6.641701,3.396783,1.749886,-2.458594,-1.838100,2.155494,8.004067,-7.058271,0.446482,-5.576318,-7.959197,-9.177129,-7.603860,-3.808575,4.947734,-6.358584,6.992674
vacancy_1385,-1.446720,6.894290,-7.997637,-1.828701,-1.507101,-1.755486,8.031159,-0.612048,-8.800754,2.858016,2.272813,-2.241560,6.474056,-0.326184,-2.722514,9.397372,-2.163904,5.817617,2.054927,1.514600,9.010275,8.717882,-9.660547,3.388725
vacancy_1386,-6.746938,9.066593,-3.690773,6.439575,-0.954792,-2.407406,6.672410,-3.608766,1.919878,9.234231,8.994633,3.046365,7.767199,7.398228,-7.046109,-8.926530,0.548798,3.303004,9.003922,-8.211859,-4.674666,1.112443,4.111667,0.008081
vacancy_1387,-6.882281,9.267503,-3.523074,6.347961,-1.327763,-3.637913,6.044661,-4.091039,-0.549200,7.793248,9.963333,1.822370,7.240519,6.944113,-8.515779,-7.977061,0.590979,3.045004,7.169352,-7.926679,-4.957309,2.159063,5.022109,-1.224279
vacancy_1388,-6.306063,9.250353,-3.697088,5.477252,-1.774909,-2.664962,6.565936,-3.828424,0.081636,7.569965,9.912731,2.342896,7.685462,7.219654,-6.201260,-8.310550,0.821564,4.347098,6.886198,-8.213114,-3.615181,2.033796,3.866875,-0.982819
vacancy_1389,9.935460,7.649224,-4.997116,10.531684,-1.634301,8.497723,-4.657782,-3.407782,8.279885,-6.150783,0.220736,-2.813569,7.197475,-8.284661,-8.136273,-0.300976,6.414737,-7.382804,1.929114,-2.262612,4.500199,-0.689804,-4.425267,0.059072
vacancy_1390,9.408074,7.631728,7.262229,-7.984632,-1.366836,6.394683,2.112002,-5.603317,1.975186,6.723633,9.650022,-7.916443,-1.079253,-2.822360,-5.593110,2.097504,-7.145229,8.133103,5.150316,-2.995317,-7.661919,-3.823189,1.356279,6.041057
vacancy_1391,-7.182442,-1.973725,5.665868,-7.364201,-8.644231,0.497897,0.324597,-0.746422,5.071015,3.572037,-0.016994,1.240681,-7.665855,-7.391321,8.285392,-0.435727,1.720858,-5.751522,-0.323196,-4.342582,-5.637090,-9.395233,7.377890,7.599118
vacancy_1392,-7.997015,-9.470710,9.111321,2.533995,-8.305642,3.713079,-7.069117,-4.545124,1.734666,-3.292909,-2.634175,3.781842,-1.764834,4.757519,2.631191,-6.328276,-1.989044,2.937827,2.481332,-1.332638,10.117530,7.433862,-0.616919,8.063721
vacancy_1393,-6.014157,-8.156240,9.025199,2.295568,-7.248920,3.895190,-6.441903,-6.661255,0.182005,-3.093796,-3.146221,3.642098,-2.004290,3.353179,2.898041,-5.399027,-1.100650,3.536087,0.895769,-1.055028,10.898567,7.444106,0.087428,7.742283
vacancy_1394,9.103115,6.192032,7.236591,-8.233453,0.011519,7.096518,1.373839,-6.891191,1.758525,7.232301,9.578863,-6.473666,-0.848567,-3.020175,-4.646461,2.070975,-6.995288,8.295047,5.251482,-3.576878,-7.222456,-4.390629,1.838313,6.182029
vacancy_1395,-2.224430,7.816357,-6.710739,-1.223877,-2.518147,-2.284299,8.157355,-2.175077,-6.947256,1.918154,1.746310,-2.499093,6.598940,-0.435942,-1.052736,8.385837,-2.990018,5.852664,2.498647,0.021165,10.220304,8.705694,-9.697378,1.956668
vacancy_1396,10.057729,6.910819,-5.446047,9.408458,-2.287189,8.192044,-5.524472,-3.487730,9.294220,-6.253171,1.045552,-2.599569,7.121606,-9.738266,-8.147311,-0.566116,4.843217,-6.930479,2.039324,-2.516051,4.396195,-1.462495,-4.815220,0.082868
vacancy_1397,5.197674,-3.893835,3.869953,3.354576,-1.230913,2.108432,-6.120311,6.290845,-9.613260,-3.934866,1.394998,-6.898549,-6.695544,5.625518,0.639931,-8.959912,0.941270,5.222472,-6.577684,6.858530,-8.693162,-0.394499,1.330753,8.574447
vacancy_1398,4.290842,4.176794,2.893886,8.519375,-3.799397,-5.809668,5.647207,-7.255534,3.976659,1.152112,-2.114652,-1.788779,1.841202,7.328470,-6.120996,0.401837,-5.151915,-7.507340,-9.400100,-6.953428,-4.310736,4.937993,-7.072372,7.556930
vacancy_1399,-7.047534,-0.081624,4.105259,-8.053415,-8.299844,1.039863,-0.489729,-1.039195,5.260000,3.404368,-0.173127,1.521805,-7.366119,-7.808929,9.334017,-0.907163,3.442655,-5.624330,-2.324188,-3.829356,-5.252047,-8.840845,6.827234,7.982874
vacancy_1400,-7.584856,-0.373418,4.290140,-7.259374,-8.525129,1.450155,-0.396979,-0.564540,5.711488,3.277054,0.621257,1.501893,-8.161639,-6.953996,8.654211,-0.421022,2.149882,-5.884620,-1.497631,-3.482681,-4.734841,-8.799719,6.141356,6.682221
vacancy_1401,-7.389474,9.190960,-3.560751,4.731970,-1.743392,-3.452791,5.763875,-3.453047,0.258682,7.545329,9.687105,2.320981,7.963204,6.612197,-7.059974,-8.576827,0.211558,2.253958,6.490203,-8.479534,-4.762258,2.500493,4.886408,-0.470810
vacancy_1402,-2.821391,6.900018,-8.231646,-1.345718,-1.973050,-0.968661,7.347776,-1.224210,-7.146298,2.413260,3.055152,-3.318896,5.758804,-0.590088,-1.987866,7.964530,-1.869406,5.788212,2.325641,0.594100,8.964525,8.836025,-9.904639,2.011825
vacancy_1403,-7.741914,-8.801614,8.936260,3.219663,-7.763935,2.925590,-7.660463,-6.077152,1.282663,-4.495012,-3.995511,4.193288,-0.783364,4.259616,4.133976,-5.330870,-0.791447,3.796153,1.301204,-0.682420,9.647669,7.556960,-1.060573,7.724772
vacancy_1404,-8.096749,-8.153244,8.208117,3.561476,-6.198872,3.734028,-8.209170,-5.827691,0.990540,-3.274339,-2.779556,3.600810,-2.179863,4.507589,4.222887,-5.105457,-1.403027,2.796618,1.647275,0.002777,9.814816,7.204751,-0.740197,7.869390
vacancy_1405,9.459888,8.287743,-6.086350,9.210151,-1.182193,9.670568,-5.945798,-4.615386,10.597626,-6.632507,0.622207,-2.236114,6.542674,-8.761102,-7.143686,-0.520257,5.560161,-6.547002,1.845876,-1.766557,4.749912,-0.818806,-4.710122,-0.043930
vacancy_1406,6.051395,5.497181,1.885630,7.207330,-4.369642,-6.336662,4.324051,-6.781828,4.280870,1.012505,-0.837626,-1.747769,0.606411,7.289618,-6.813742,0.205110,-4.761658,-8.192198,-9.713960,-8.389354,-2.783640,4.699636,-8.046320,6.375122
vacancy_1407,8.228891,8.201216,7.574855,-8.717002,-0.570847,6.953163,1.309116,-5.611893,2.087437,6.827123,9.015630,-7.816520,-0.411402,-3.254057,-4.538021,1.901625,-7.913474,9.191168,5.012725,-2.015604,-6.499933,-3.811375,1.991802,5.425677
vacancy_1408,-1.751836,7.274386,-7.914077,-1.767500,-2.164851,-0.589373,8.841994,-1.978131,-7.453428,2.167172,1.201796,-1.650027,5.740251,-0.790777,-2.878776,7.801827,-2.536736,6.482444,2.931127,0.902878,9.701560,8.928584,-10.448592,0.851996
vacancy_1409,-7.991847,-9.337403,8.108646,2.045379,-6.740387,4.567942,-6.995874,-7.030534,-0.124878,-3.341731,-4.361856,5.568593,-1.897162,5.078725,3.590770,-6.294582,-1.218880,4.457890,2.426097,-0.504228,9.860881,6.248778,-0.412670,8.573830
vacancy_1410,-6.823547,-0.105307,3.982581,-7.070971,-8.135885,0.586171,-1.145715,-0.395434,4.739637,2.555268,0.587054,2.787124,-7.230656,-6.564700,8.271740,-0.286394,2.023342,-5.068495,-2.600316,-4.754979,-5.026277,-9.577630,7.073061,8.021324
vacancy_1411,-8.637500,-8.966919,10.129289,3.122092,-7.634259,3.778510,-7.345576,-5.856100,1.258316,-3.560092,-3.339235,4.216220,-1.817864,4.158399,3.330179,-5.559868,-0.811191,2.932867,1.157923,-1.271257,9.042163,7.122712,-0.595249,8.838199
vacancy_1412,-7.626758,-8.886164,8.194083,2.226855,-7.937994,3.095912,-7.258587,-6.397848,1.579461,-2.414500,-4.478187,4.697162,-0.214681,5.480292,3.339409,-5.364222,-1.617082,2.299977,2.677597,-0.353658,10.000345,7.385044,-0.917319,8.399277
vacancy_1413,5.547509,-4.381004,4.842198,2.847032,-1.897471,2.157021,-6.873043,6.623021,-9.183945,-4.112591,1.265178,-6.479972,-7.636379,5.620413,0.476119,-8.373744,1.407168,4.517318,-5.786665,6.727879,-9.893036,0.335487,2.294338,6.493501
vacancy_1414,-1.002693,6.887875,-7.984359,-1.155064,-1.558351,-1.626777,7.761030,-2.276929,-7.959292,2.046603,2.275760,-2.894006,7.343743,-0.726634,-1.402857,8.260718,-1.935718,6.414667,2.483572,0.945166,9.306482,9.228753,-10.643513,3.292366
vacancy_1415,-2.165171,7.255392,-7.254913,-1.587883,-2.507823,-1.166835,7.626933,-2.157257,-8.240635,4.337816,3.063059,-2.898499,6.742480,-1.625044,-1.821737,6.795217,-2.544564,5.266976,1.321603,0.762041,9.078375,8.409479,-9.638950,2.448224
vacancy_1416,9.395501,7.852103,-5.178988,8.748660,-1.702265,7.485810,-5.130445,-3.635665,8.885603,-6.499145,0.115219,-3.323034,7.412305,-8.878617,-9.175451,-0.407085,4.790481,-6.395096,3.273250,-1.673837,5.908173,-0.927918,-5.643849,-0.790179
vacancy_1417,-6.823924,8.909223,-2.860801,6.360916,-3.366982,-2.689518,6.252420,-4.555558,0.829345,8.418624,10.868150,1.826272,7.693216,7.653526,-6.007595,-8.543563,0.967107,3.726508,7.159675,-7.338408,-5.164880,3.180615,4.373675,-0.949278
vacancy_1418,-7.046696,-8.305521,8.942756,1.692820,-8.382614,3.321877,-7.653628,-5.381259,0.746635,-3.490620,-3.737878,5.009321,-1.120348,4.373521,3.559828,-6.496876,-0.562965,4.240922,1.566353,-1.063879,9.650906,7.310365,-0.198808,8.531478
vacancy_1419,-2.803277,8.043910,-7.495504,-1.897435,-1.859104,-1.667191,9.185495,-3.230823,-8.184389,2.258759,1.652460,-1.795970,6.224490,0.002133,-2.709765,8.007671,-2.799743,6.358176,2.878962,1.185812,9.614752,9.568232,-10.456366,2.475465
vacancy_1420,6.586196,-3.117883,4.411644,3.380799,-1.333910,1.991467,-7.791106,5.433766,-8.784356,-4.462467,2.355574,-6.608560,-6.019295,5.356173,-1.732717,-7.520810,0.658545,4.397407,-6.578939,6.620313,-9.687864,-0.796347,1.642629,8.053213
vacancy_1421,-7.507910,-8.185192,9.505638,2.196408,-8.131670,4.182315,-6.721817,-7.366415,1.359203,-3.938710,-2.362841,3.951888,-2.265856,5.158675,2.663956,-4.812095,-1.742918,2.106454,1.500782,-0.992073,10.232637,7.002581,0.032005,8.697382
vacancy_1422,5.539341,-4.023577,4.246852,3.090455,-2.040203,1.464624,-6.845908,5.198085,-10.483908,-4.493510,1.812357,-7.219690,-6.638782,6.346796,1.221992,-7.883347,1.503337,4.376256,-5.599245,6.434313,-8.779576,-0.604175,1.446655,7.623410
vacancy_1423,9.156797,7.472499,7.339780,-7.512618,-1.752253,7.145924,1.752250,-6.232723,1.427725,7.480134,8.916474,-8.794767,-0.434819,-2.869384,-4.868472,2.036454,-5.929893,8.055333,5.622710,-2.576309,-7.287173,-5.948489,2.524485,6.299714
vacancy_1424,9.541056,6.833359,-6.758305,10.060621,-1.270880,9.308420,-4.895633,-3.640818,9.554119,-6.792292,0.224783,-3.014368,7.087332,-8.906071,-8.312278,0.283711,5.157122,-7.314336,3.197013,-1.542317,4.347596,-1.021144,-4.989886,-0.380748
vacancy_1425,-8.197049,-8.047164,7.382959,2.060308,-7.293806,4.112582,-6.619226,-6.237554,1.324553,-3.225060,-3.309404,4.043788,-1.681093,4.498582,2.916861,-6.598761,-1.065037,3.529400,2.014568,-1.925154,8.890518,6.847933,0.834492,7.234953
vacancy_1426,-8.071394,-9.378780,8.874688,1.001479,-6.451190,2.413629,-7.090118,-4.993113,1.470090,-3.410562,-2.991719,4.530100,-2.410341,4.419971,2.763862,-6.730696,-1.360265,3.074441,0.875206,-2.045186,9.858064,6.982907,-0.347027,8.456480
vacancy_1427,5.789380,-2.844376,4.899387,3.555112,-2.114359,3.043892,-7.877379,4.530441,-9.323019,-4.976012,0.503579,-6.791798,-6.392210,5.351587,-0.160675,-6.674603,1.466190,4.965922,-4.857262,6.629501,-10.193657,-0.864048,0.890364,8.256478
vacancy_1428,-7.669879,-9.943318,9.473912,2.934827,-8.307899,3.267001,-6.984916,-5.323053,1.103875,-3.055131,-2.917596,3.851398,-1.995989,4.287160,3.347239,-5.380020,-0.611707,2.545625,1.592244,-0.070418,10.166017,7.739838,0.803383,7.968759
vacancy_1429,6.342215,-2.374911,3.642457,3.736359,-1.675942,2.662510,-6.998707,5.951384,-9.170412,-5.043147,0.731607,-7.421545,-7.416891,5.477405,-0.316629,-9.094441,1.052398,3.915860,-6.696666,6.711102,-9.938389,-1.303301,2.404481,8.370676
vacancy_1430,-2.254124,7.897295,-7.476700,-0.350025,-2.970907,-1.927358,8.182694,-1.446914,-8.702745,2.237362,1.766827,-2.945163,6.240596,-1.132841,-1.532044,7.661131,-1.813687,4.257729,2.637034,1.037498,9.412321,8.254782,-10.024338,2.334993
vacancy_1431,4.997397,4.723886,2.523988,8.732981,-3.500074,-5.414382,6.662074,-7.115801,3.349154,2.254262,-0.632865,-2.463672,1.620140,7.783244,-6.496543,1.033383,-4.778086,-7.455440,-10.491270,-7.671949,-3.498881,4.385092,-8.885766,5.586472
vacancy_1432,10.888124,7.896983,-5.949726,9.011245,-2.230779,9.078675,-5.817416,-2.411007,9.361714,-8.533943,0.116364,-3.090013,7.515124,-8.484717,-8.166041,0.141918,5.070322,-7.063300,1.473073,-2.178903,3.252530,-0.824552,-5.614592,-0.324598
vacancy_1433,-7.131922,8.948618,-3.012362,5.283603,-2.659026,-3.697430,6.511594,-2.974347,1.017378,7.876315,9.709264,1.505251,8.260091,5.831898,-7.018445,-8.312885,1.126600,3.169428,7.181486,-8.603974,-4.947472,2.559420,3.501736,-0.438919
vacancy_1434,5.728926,-3.515083,5.282215,4.117698,-1.689486,1.624866,-7.167213,6.487605,-8.280076,-4.896663,1.575628,-6.755962,-6.378155,4.218750,-0.656185,-8.391947,0.985544,4.709578,-5.838636,7.351101,-9.277405,-2.366044,1.452020,8.158373
vacancy_1435,-8.161677,-8.759603,8.973019,1.528520,-7.187045,3.005829,-7.475462,-7.444714,-0.076460,-2.780412,-4.041144,3.606417,-2.148858,4.506985,3.274317,-5.546524,-1.410058,3.890234,1.916762,-1.285094,9.739608,6.165758,-0.520813,7.678655
vacancy_1436,-7.712380,-0.993239,5.750596,-7.689578,-8.281969,1.159468,-0.863519,-0.347352,5.459176,3.810131,-0.574434,1.939854,-7.724131,-8.265797,8.795713,-0.500962,1.715395,-5.256431,-2.526216,-4.356900,-4.533097,-8.616810,7.043143,6.531417
vacancy_1437,-7.232084,9.292630,-3.167894,5.984829,-2.201845,-4.260990,6.369286,-3.995955,0.901809,8.192791,9.353927,1.819710,7.989773,7.875530,-6.792214,-8.385503,0.003986,3.498993,7.368484,-8.277182,-5.231497,2.255966,4.252715,-0.769804
vacancy_1438,5.934712,4.660984,1.945552,9.276117,-4.075192,-6.780500,5.782343,-6.045745,1.718947,2.248564,-2.028203,-1.534027,1.325465,7.345761,-5.880483,0.783338,-5.674251,-8.117248,-9.817893,-6.394497,-3.999845,4.792467,-7.634714,6.471517
vacancy_1439,5.033180,4.983569,1.634032,7.556151,-5.355800,-6.278142,6.390991,-6.485734,2.550587,1.153978,-3.051096,-1.447423,1.005316,7.999085,-5.059631,0.221207,-6.345188,-9.547936,-10.052958,-8.299648,-3.874121,4.936037,-7.244301,6.659387
vacancy_1440,7.889205,6.400589,8.917112,-6.882635,-0.990713,6.609452,1.737923,-6.775317,1.874211,8.217991,9.230165,-8.722411,0.062831,-3.796782,-5.580269,2.427261,-7.169394,8.077345,5.551410,-3.235621,-5.824321,-4.739358,1.275140,6.702562
vacancy_1441,6.185908,-3.934376,5.540169,3.940755,-1.604685,2.101770,-6.868304,6.677259,-9.482783,-4.695575,1.544270,-6.020630,-7.074743,5.514566,-0.184148,-7.301453,1.144862,4.414903,-5.050130,5.797423,-9.149708,-1.241219,2.115603,7.583185
vacancy_1442,10.569756,7.719731,-5.280321,8.968630,-1.146497,8.880674,-4.850869,-4.335708,8.647178,-7.582207,2.257863,-2.889014,8.501805,-7.920501,-7.735150,0.784957,4.920704,-7.705576,3.340272,-2.508835,4.488763,-0.028465,-5.783167,0.344937
vacancy_1443,5.810863,-3.663406,3.282593,3.253958,-1.716863,2.265668,-7.030273,6.483428,-7.518626,-4.779288,0.871846,-6.623105,-7.740658,5.177805,-1.250143,-7.092160,-0.390630,5.196760,-6.086793,5.896729,-10.111356,-0.481009,2.523249,8.060444
vacancy_1444,-1.647272,7.120467,-8.141994,-1.410448,-2.448892,-0.722653,8.841630,-1.553773,-8.773361,3.157198,2.379812,-2.036725,7.056545,-0.211456,-2.315963,8.159731,-3.552963,5.541633,3.144396,2.112862,9.474050,8.797322,-9.709791,1.722835
vacancy_1445,5.998576,-4.335340,4.732198,2.906297,-2.878492,1.721188,-8.325462,6.575130,-9.370840,-3.904208,1.307854,-6.957217,-6.651383,4.941989,-0.677865,-8.470045,-0.644536,3.755342,-5.868698,6.340711,-9.069208,-0.759065,1.179824,8.356543
vacancy_1446,-7.432135,-8.771720,9.004540,1.733225,-7.263144,3.648879,-6.429577,-6.662276,0.979891,-2.909649,-3.660128,3.987214,-1.506652,5.028571,3.086428,-6.384033,-0.813849,3.725437,1.616186,-0.857148,10.395282,8.238327,-0.367974,8.345306
vacancy_1447,9.859935,6.881853,-6.163103,9.765284,-1.497013,9.116102,-5.882374,-4.008072,7.676019,-7.341762,0.692411,-3.297337,7.458978,-8.228423,-6.214475,-0.099690,5.340221,-6.915491,2.499020,-1.856756,4.491571,-2.009773,-4.446223,0.652262
vacancy_1448,6.607070,5.449269,2.588405,8.725296,-4.558691,-4.979768,5.607559,-5.392771,3.003934,2.511245,-2.199799,-1.233510,1.149458,7.057733,-4.785026,0.152106,-5.000897,-7.425883,-9.389573,-6.791902,-3.516297,4.771873,-7.039794,6.713753
vacancy_1449,4.605963,4.869840,2.489075,9.109532,-3.927291,-6.774575,6.211241,-5.734217,3.415290,1.277030,-2.623113,-2.088126,1.112394,8.914811,-6.417786,0.314272,-5.233822,-7.447812,-10.110625,-8.229721,-3.267549,4.711684,-8.365261,7.004225
vacancy_1450,-7.286420,-8.644224,8.062735,2.482350,-6.581074,4.386545,-7.606980,-5.913050,0.203198,-3.228089,-2.961028,4.906563,-2.000840,5.187549,2.852337,-6.741040,-1.248545,3.153590,2.104813,-0.731847,10.541248,6.958915,-0.285592,7.639094
vacancy_1451,9.466440,7.632799,-6.828335,9.151325,-1.829914,9.326780,-5.928273,-3.528112,8.951806,-7.122963,0.358610,-2.694391,7.883327,-7.479170,-6.881283,0.994237,4.952100,-7.090291,1.738876,-1.268566,5.540744,-0.555571,-5.090422,-0.222744
vacancy_1452,5.220003,5.127540,1.940723,7.872716,-4.955679,-4.825000,5.467534,-6.398333,3.006008,1.768161,-1.849075,-1.701047,1.001271,7.043040,-6.918757,0.605458,-6.208795,-8.714418,-10.348080,-7.961765,-4.643461,4.693952,-8.555137,5.755941
vacancy_1453,5.094888,6.418939,2.292947,9.042065,-4.459996,-6.167780,5.684080,-6.209589,4.092560,1.808346,-1.663416,-1.813223,1.917094,8.379563,-6.179908,-0.291820,-4.596167,-8.155796,-9.395305,-6.890947,-3.638118,5.749966,-7.453354,7.002217
vacancy_1454,-2.463309,6.860957,-7.881266,-1.150548,-2.786526,-2.672340,6.574889,-2.986579,-7.568658,2.413954,2.243986,-2.480195,6.578356,-1.199408,-1.159924,7.827710,-2.328465,5.496479,2.572576,0.464914,9.415651,8.115302,-9.404174,2.958233
vacancy_1455,6.875059,-4.295671,4.038638,3.326136,-1.855620,1.823428,-8.204391,5.214980,-9.190469,-3.294279,2.596153,-7.447780,-6.489116,6.465328,-0.479762,-6.943493,1.321359,5.585051,-5.628396,8.283610,-10.134563,-0.767626,1.072469,8.001284
vacancy_1456,-6.960181,-9.096356,7.951658,2.174125,-7.293493,2.952267,-6.934692,-5.328746,2.309499,-4.275150,-4.105168,4.630054,-0.664121,4.775381,2.397387,-5.431842,-1.098886,3.466013,2.582095,-0.081684,10.135118,6.903809,-0.451730,7.044031
vacancy_1457,8.837531,7.653757,8.596378,-8.600792,-0.108629,7.607848,2.268993,-7.157093,1.954989,7.853294,9.031740,-8.295050,0.106638,-3.481431,-4.442847,2.367385,-6.009826,7.582635,6.004233,-1.462660,-6.092183,-4.771363,1.572211,6.707277
vacancy_1458,-7.902715,-8.370110,8.255413,3.071102,-8.779579,4.532517,-6.931520,-6.061299,1.003256,-3.641847,-3.024284,4.682251,-1.707425,5.118569,3.390607,-6.130812,-0.421901,3.748899,2.664653,-0.149070,10.114904,7.639955,-0.124041,7.949326
vacancy_1459,8.876261,5.925040,7.937013,-7.849803,-0.824055,7.010771,1.063079,-7.172640,1.340078,7.078233,8.544189,-7.875331,0.755471,-3.006151,-6.117483,0.944768,-6.966751,8.252686,5.861183,-2.251880,-7.353280,-5.243858,1.887887,4.960191
vacancy_1460,-2.413683,7.839427,-8.409629,-1.296569,-0.728748,-1.547106,9.015578,-1.127703,-6.848929,3.180363,2.663883,-2.958527,6.139178,-0.821058,-1.130336,6.850120,-2.058876,5.373211,2.369485,-0.814176,10.849022,10.013176,-9.142930,2.841636
vacancy_1461,8.702795,7.696587,7.881441,-8.043808,-1.256322,7.884096,1.312932,-4.984249,1.667139,8.056590,9.367607,-8.349953,1.359934,-4.547795,-4.252052,2.701315,-6.947586,8.746898,5.353384,-3.236556,-6.149558,-4.348381,1.796247,6.140213
vacancy_1462,9.293867,7.386186,-6.500954,9.763436,-1.851548,8.501095,-5.535989,-3.309861,8.121766,-6.981549,0.449978,-2.263009,6.432126,-8.232073,-7.019735,0.832193,5.548230,-7.332610,1.865544,-0.877568,4.010801,-0.876074,-4.220329,0.470117
vacancy_1463,4.900373,4.452340,2.290179,8.900707,-3.161298,-6.371388,6.156766,-7.604734,3.316558,0.814923,-2.785792,-2.299558,0.484082,7.813508,-5.941718,0.038337,-4.881837,-9.250823,-8.743653,-6.622312,-3.003811,3.950263,-8.207758,6.695467
vacancy_1464,-2.143308,6.602931,-8.118533,-2.302266,-2.403818,-2.523092,9.162618,-2.059135,-8.827524,2.731196,1.263203,-2.572148,6.007987,-0.799364,-1.814391,7.223384,-2.255845,6.595185,2.852236,0.901926,9.494320,8.247548,-10.618854,1.842917
vacancy_1465,10.552944,5.988716,-5.935876,10.407011,-0.666871,7.683177,-6.126104,-3.235509,9.456635,-6.527797,-0.637856,-3.360683,5.948742,-7.872089,-8.030176,-0.368195,5.604808,-6.776337,1.189239,-0.972008,5.513302,-0.232421,-4.722832,0.917561
vacancy_1466,-7.363793,-0.859927,5.031039,-8.274999,-8.281245,2.148130,-0.850110,-1.066974,6.354294,3.617995,1.918033,1.200608,-7.189134,-7.323840,8.592502,-1.372544,1.961041,-5.280311,-2.147665,-4.000905,-4.555949,-10.078380,7.433313,7.959366
vacancy_1467,-7.692512,-1.090974,5.687337,-8.542941,-8.653141,0.206135,-0.314429,-0.285347,6.097568,2.651682,0.075178,1.289370,-8.138255,-7.539270,8.436370,0.990570,2.363221,-6.076451,-2.373078,-5.534040,-5.798548,-9.372078,6.440983,6.328631
vacancy_1468,-6.736124,8.778923,-3.076743,6.407180,-2.508525,-3.785821,6.527186,-4.062505,1.458131,7.583118,9.700348,2.289665,7.810902,7.821487,-7.412766,-8.049053,-0.203628,3.342610,6.259401,-8.506440,-5.200478,3.002994,5.350946,-0.392955
vacancy_1469,-7.447982,-9.040832,8.962602,2.599652,-7.642677,3.558366,-6.605576,-6.055734,0.166534,-3.189890,-1.553290,4.731696,-1.683653,4.053594,4.369563,-5.822922,-0.180441,3.522522,2.006789,-0.565256,9.458564,7.204117,-0.177713,7.567182
vacancy_1470,-6.670285,-8.679975,8.236183,2.273103,-8.264423,3.780690,-7.476476,-6.748202,0.549800,-3.633223,-2.612295,4.085756,-1.314119,5.884711,3.918579,-5.974392,-1.618233,3.428744,2.084732,-1.433476,8.850908,8.232971,-0.978250,8.532505
vacancy_1471,6.134431,-3.801910,4.158872,3.317476,-2.366240,2.808087,-7.434217,6.373570,-10.486900,-5.175689,1.321421,-6.631194,-6.611104,5.458132,0.137447,-9.048611,0.925201,4.345624,-5.384033,5.779429,-9.355545,0.982138,1.736016,7.815666
vacancy_1472,-7.912877,-9.829145,7.550059,1.853117,-6.811199,3.129763,-7.010179,-6.834716,0.302168,-2.836776,-3.127107,5.653873,-1.666111,4.303892,3.448192,-6.704272,-0.722592,3.028460,1.451407,-0.800097,9.268669,5.730230,-0.096773,8.487483
vacancy_1473,6.248659,-3.975954,4.591530,2.692168,-1.907460,2.838149,-6.986892,4.724804,-8.796714,-5.351223,1.553452,-7.078435,-6.243985,5.076590,-0.029031,-7.365585,1.317014,4.071170,-6.655989,6.875583,-10.320385,-0.840664,0.163267,8.105830
vacancy_1474,-7.375764,0.336384,5.240732,-7.820081,-8.211457,0.945378,-1.194027,-0.491138,5.483653,3.006339,0.630834,2.342482,-7.739351,-8.420011,8.591588,-0.645648,1.476916,-5.456745,-1.790776,-4.367476,-4.778082,-8.345219,7.103282,7.842849
vacancy_1475,-7.749764,-9.182936,9.166366,2.511904,-6.632535,3.391166,-7.243419,-5.466806,1.463446,-3.512347,-2.725617,3.967210,-1.551143,4.014016,3.406982,-4.583895,-0.780979,4.255880,1.852974,-0.574187,9.707876,7.467401,-0.041182,8.109217
vacancy_1476,5.978735,-4.102522,3.490178,3.108403,-2.089620,2.853866,-7.064072,6.183887,-9.478034,-4.779197,1.369840,-6.466914,-7.696583,4.808206,0.017559,-8.855684,1.876100,4.937804,-4.751875,6.272402,-9.490402,-0.970563,0.808040,7.679378
vacancy_1477,-7.285182,9.779401,-3.556100,4.803307,-3.032285,-2.649312,6.141727,-4.615487,2.345329,8.036270,10.098973,1.743683,6.959588,7.263953,-7.714848,-7.626652,0.455688,3.672016,7.462603,-8.999613,-5.149112,2.672818,4.135805,0.200094
vacancy_1478,-8.095797,8.522380,-2.190193,6.034787,-2.960689,-3.502127,7.201673,-2.811105,1.212966,8.249500,10.067242,1.928432,7.669624,7.998627,-7.074706,-8.927318,-0.356789,2.182622,7.245046,-8.551937,-5.591188,3.032588,3.082857,-1.071283
vacancy_1479,-2.464745,8.192052,-7.869566,-1.378980,-1.062649,-1.383555,7.928436,-1.980100,-8.845514,3.239472,1.038299,-2.642852,7.272673,-1.260355,-2.099003,8.824118,-1.978696,5.874822,2.486919,1.323626,9.745267,9.087265,-9.961910,3.321151
vacancy_1480,-8.534162,-0.822462,5.092842,-8.520673,-8.368425,0.854369,-0.417715,-1.193452,4.890002,3.275863,0.786781,2.333600,-7.570047,-8.261252,9.410712,-0.302507,1.631679,-6.284439,-1.265591,-4.463622,-5.514040,-9.245780,6.357159,7.667455
vacancy_1481,6.744903,-3.590950,4.100572,3.566853,-1.666949,2.245433,-7.195047,5.505373,-9.312987,-5.544429,0.843378,-7.562913,-5.690638,6.341687,-0.090448,-8.874531,0.921809,4.633312,-5.797267,6.295171,-10.226707,-0.242754,0.603367,8.032572
vacancy_1482,5.206549,4.768099,2.820711,8.813721,-4.468678,-5.672161,5.657624,-6.657010,3.706302,1.608714,-2.227671,-0.985738,1.001474,7.773025,-6.224254,0.724681,-5.441243,-8.879223,-10.584095,-7.033043,-2.800907,4.276475,-7.964208,7.357289
vacancy_1483,7.915561,7.018163,7.962839,-8.557622,-0.211225,8.071227,2.661436,-6.165112,2.209348,7.987751,9.780176,-8.303630,0.836608,-3.307908,-4.511605,1.383030,-7.128223,8.664450,5.117742,-3.287289,-7.164808,-4.285975,2.515430,6.946889
vacancy_1484,-7.711359,-8.217356,8.650542,2.111297,-7.278344,3.951925,-5.533166,-5.605705,1.292174,-3.598307,-3.618313,5.110334,-1.412755,4.377334,2.897124,-5.844826,-0.990698,3.121020,2.830740,-0.102792,9.513240,6.617930,-0.736443,7.359628
vacancy_1485,5.633679,-3.740143,5.030445,2.925558,-0.204271,2.152869,-7.462893,6.645155,-9.227207,-4.904308,1.689670,-7.448169,-7.008329,5.612606,-0.635314,-8.291695,0.657244,4.466608,-5.860065,6.544876,-8.355003,-0.256954,0.093961,7.540629
vacancy_1486,6.436868,-3.762138,3.981036,2.844446,-3.958756,1.679448,-6.955525,5.795835,-8.549234,-3.445173,2.050186,-8.017199,-6.098870,5.490634,-0.317896,-7.696894,0.832425,4.508872,-4.510594,6.969427,-9.027903,-1.071865,1.800262,7.927634
vacancy_1487,-1.506557,7.309604,-7.094379,-1.004615,-1.064093,-1.392704,8.308090,-1.771619,-7.257219,2.823295,2.232186,-3.401786,7.075582,-2.295616,-1.356463,8.191005,-2.106746,6.525102,2.234754,0.044811,9.982775,8.253229,-8.574791,2.650345
vacancy_1488,-6.547085,-0.715657,5.265478,-7.862946,-8.278071,1.282773,-0.193802,-0.349009,4.835761,4.099857,0.757114,1.082714,-6.954612,-8.291406,7.453315,-0.143874,1.301846,-4.849107,-2.815548,-5.769619,-4.870815,-9.445942,7.195412,7.552430
vacancy_1489,-2.498020,6.805208,-7.680947,-1.616673,-3.686232,-1.407986,8.253766,-1.382569,-7.845895,2.843525,1.966378,-1.948746,6.571634,-2.009926,-1.286916,7.912182,-1.653716,5.797864,1.592568,0.060397,8.976683,8.302206,-9.345153,2.523236
vacancy_1490,-6.781990,-8.669112,7.943405,1.981642,-7.509148,2.905898,-8.064758,-5.195133,0.939999,-5.135246,-3.403564,3.513112,-1.580541,4.743639,3.598833,-5.526304,-0.805237,2.763554,1.807977,-1.516130,10.088873,7.135528,0.840583,7.929649
vacancy_1491,-7.735864,-0.374813,5.245264,-8.600302,-8.259755,2.302637,-0.755334,-0.807134,5.823711,3.561656,0.452859,0.784564,-7.493156,-7.467229,8.341060,-0.558664,1.458954,-4.907110,-1.763135,-4.537146,-5.653506,-9.295853,7.252462,7.197171
vacancy_1492,9.906913,6.601935,-6.519732,9.215447,-1.934861,9.001389,-5.839127,-2.873016,9.328473,-6.123670,-0.617553,-2.956480,7.288843,-8.119243,-7.971005,-0.503204,4.883134,-7.928604,2.356011,-2.323998,3.956047,-1.197506,-4.670620,0.142158
vacancy_1493,-7.754584,-1.502024,4.020394,-6.971267,-7.296686,0.809147,0.033442,-1.207051,6.449999,2.872447,-0.223900,1.258388,-8.264421,-6.851470,7.555861,-0.088786,1.935142,-4.922764,-1.578325,-4.963772,-4.306164,-9.549946,6.151946,7.163896
vacancy_1494,-8.541503,-9.247826,9.261853,2.505488,-6.111550,3.051338,-7.212660,-6.075258,1.997050,-2.527379,-4.058428,4.386444,-2.601204,4.839478,4.251956,-5.189360,-0.199511,3.216912,1.547501,-1.318830,9.415329,7.235552,0.899785,7.106916
vacancy_1495,5.484660,5.309472,2.898158,8.492240,-5.284676,-5.304716,6.748136,-6.608993,4.064529,1.984838,-2.452814,-2.236140,1.538566,9.166345,-6.535351,0.568281,-5.650002,-6.690274,-8.840226,-9.329242,-3.524602,4.704606,-8.332563,6.053981
vacancy_1496,5.448930,-3.398171,4.094836,2.854727,-0.595355,2.716318,-6.579873,5.084600,-8.858982,-4.261802,0.714625,-7.504330,-5.932946,5.309572,-0.622657,-8.099512,1.059449,5.281127,-6.134658,7.283829,-9.656238,0.332326,0.457961,7.970039
vacancy_1497,6.408359,3.514166,1.160656,8.959820,-4.611386,-6.810712,8.206624,-6.406139,3.698894,1.438783,-1.740577,-2.535962,1.471673,7.640171,-6.709862,-0.148467,-5.622070,-8.278304,-9.198679,-7.025363,-4.033482,3.311245,-6.677988,5.943536
vacancy_1498,-7.034649,-0.161331,4.676793,-7.571730,-8.619781,1.583109,-1.115936,-1.711582,5.542139,3.516975,-0.485988,1.972565,-7.668588,-7.180895,7.530044,-0.978607,2.786907,-6.197298,-1.955440,-4.254417,-5.292291,-9.253642,7.202288,7.299745
vacancy_1499,9.732245,6.900681,-5.796219,9.057768,-0.809895,8.961951,-5.081091,-3.465674,7.945880,-6.778774,1.056408,-1.909004,7.376527,-8.579782,-7.559544,0.044148,5.081271,-7.196916,2.303269,-1.851959,4.227467,-0.312360,-5.499866,-0.289595
vacancy_1500,8.790512,7.608721,8.658124,-8.839585,-0.944094,7.603956,1.295427,-5.861151,1.280330,7.557603,9.886117,-8.254325,-0.128967,-3.652578,-4.782535,2.919171,-6.471892,7.884754,6.268012,-2.992419,-6.381755,-4.252462,2.877350,5.267882
vacancy_1501,4.654544,5.044928,1.292558,8.657583,-5.219546,-6.484829,6.391782,-7.066986,2.745929,1.655441,-3.132925,-1.504157,1.786765,7.344607,-5.430921,-0.768136,-5.551216,-9.097718,-9.519496,-6.575302,-3.743574,3.985922,-8.123449,6.336781
vacancy_1502,-2.207327,7.171593,-7.637991,-1.938527,-2.301909,-0.405875,9.030593,-2.812727,-7.935887,2.414152,2.972291,-3.582361,6.573916,-0.550930,-1.330432,7.380408,-1.948221,5.851163,1.550186,0.850054,9.740554,7.765284,-9.788348,2.054286
vacancy_1503,5.416928,-3.085121,5.085630,3.374624,-1.504906,2.635525,-7.136810,5.590111,-9.860718,-5.480962,1.264072,-6.595138,-7.603194,5.428812,0.450122,-7.904374,0.483847,4.963320,-5.749040,6.419173,-9.965362,-0.508351,1.490074,7.324321
vacancy_1504,-1.909160,8.003167,-7.503436,-0.296603,-2.531135,-1.523843,7.939980,-1.322688,-8.694331,2.589855,2.406580,-1.652758,6.877073,0.464247,-1.505612,7.725783,-2.867867,6.889485,1.577338,0.876058,9.898286,9.099920,-11.047893,3.379315
vacancy_1505,10.743341,7.720753,-5.730577,9.586396,-2.771571,9.081763,-5.787680,-5.043298,9.578131,-7.139037,-0.522310,-2.378321,7.279806,-8.274727,-7.324447,0.367689,5.339058,-6.587380,0.954433,-2.255592,5.630274,-1.531522,-5.366316,0.328499
vacancy_1506,-8.245401,-0.866096,4.988220,-7.172256,-8.764510,1.412597,0.957213,-0.140928,5.532563,3.748228,-0.003627,2.100064,-8.053294,-7.889492,7.484906,-0.552088,1.925824,-6.170259,-2.812493,-4.208476,-6.353235,-9.808162,7.922184,7.403003
vacancy_1507,-1.728146,8.603211,-7.835638,-0.679278,-2.346707,-2.722985,9.149036,-1.324674,-7.145426,1.739529,1.323843,-2.688703,5.976475,-0.936448,-1.456387,7.688392,-1.859511,7.128693,1.654146,0.307606,10.146610,8.385494,-9.686539,2.282438
vacancy_1508,5.004529,5.500336,3.031903,8.293311,-3.837408,-5.972215,5.877927,-6.509253,3.721040,2.128673,-2.157486,-3.144630,1.684831,8.070809,-5.928932,0.711610,-5.642178,-8.488004,-9.533568,-7.790874,-2.936991,4.301039,-6.612016,7.485712
vacancy_1509,-7.070633,-9.022006,8.482448,2.903327,-8.428562,3.801967,-6.189446,-6.032895,2.409499,-3.063182,-4.341346,4.629263,-1.486435,4.134181,3.822503,-6.446736,0.112805,3.787308,1.868195,-0.672198,9.664785,7.118733,0.095574,8.535741
vacancy_1510,-6.263151,-7.435424,7.753995,1.903239,-7.141995,2.384775,-7.657807,-5.301743,1.379830,-4.166536,-3.108061,5.149977,-0.993004,5.094663,3.389093,-5.827254,-1.355839,3.967240,2.151415,-1.114992,9.425916,6.907587,-0.092071,7.635351
vacancy_1511,-8.261171,9.685034,-2.734797,6.003701,-2.370950,-4.753476,6.142831,-3.729360,0.131614,8.005164,9.500663,0.876864,7.001109,7.999254,-7.544017,-8.132598,0.330642,3.753782,6.894318,-8.906889,-4.566986,3.732943,3.608325,-0.700120
vacancy_1512,-8.564524,-1.169234,5.032764,-8.501349,-8.206618,0.813161,0.246960,-0.859282,6.877983,2.277016,1.464464,1.116537,-7.552289,-8.783309,8.374384,-0.145646,2.453145,-6.146951,-2.128789,-4.541568,-5.139703,-9.851853,7.183444,7.541781
vacancy_1513,-7.388975,-1.291190,3.558516,-9.470659,-9.259713,1.859806,-1.153156,0.455380,5.454386,3.279974,-1.162911,1.817834,-6.899593,-7.285180,8.904434,-1.332759,3.017343,-5.864113,-1.899877,-3.407580,-5.319966,-8.935165,5.764170,7.845011
vacancy_1514,-2.148221,7.117290,-6.962686,-2.567197,-1.390938,-1.420073,8.138894,-2.092879,-7.541725,1.565575,2.545002,-3.191663,5.597822,0.126439,-1.444248,7.810142,-3.200417,7.226042,2.934374,0.021139,8.750859,8.610928,-10.334695,2.168968
vacancy_1515,9.849281,8.068753,-6.432403,9.099474,-1.968838,8.748881,-5.824574,-4.184470,8.171019,-6.171023,1.150628,-2.428982,7.421093,-7.891541,-7.380829,-0.567937,4.424761,-7.517457,2.532820,-1.161165,4.593172,-0.993329,-5.902848,0.209706
vacancy_1516,-2.616505,6.158737,-6.750857,-0.443469,-2.872006,-1.082001,8.961621,-2.421474,-7.621502,2.241976,2.704684,-2.712497,7.135755,-0.215426,-2.492603,6.918172,-1.763948,5.060025,0.869259,0.126079,9.607663,8.681462,-10.366144,3.085844
vacancy_1517,-6.858756,-0.848730,5.245134,-7.934656,-7.861643,1.778060,-0.956061,-0.930003,6.346404,3.692813,-0.273850,2.164849,-7.812538,-8.422466,8.656276,-0.553984,3.077447,-6.238464,-1.745478,-4.278129,-4.356189,-9.352485,6.500530,7.726058
vacancy_1518,8.587182,6.918142,6.908360,-7.755732,-0.437755,6.379915,2.440461,-6.800893,2.517574,6.746205,8.522036,-8.977662,0.003850,-2.980914,-5.028745,1.674926,-6.631558,7.356059,6.489549,-2.852909,-6.747497,-4.646507,1.848330,4.841510
vacancy_1519,-2.016136,7.440102,-8.044128,-1.824613,-2.346769,-1.187388,7.832464,-0.864802,-8.009441,4.169233,1.769424,-2.522453,6.877251,-1.168115,-0.545529,8.073181,-2.243883,5.068780,1.874981,0.426176,9.425908,9.449442,-9.839636,3.330706
vacancy_1520,-1.662059,8.309357,-6.662700,-2.505598,-2.141431,-1.238277,8.539933,-0.858587,-7.869660,2.490512,1.423457,-1.605257,6.307732,-0.338711,-1.851677,8.258389,-0.961176,5.500321,1.771563,1.376932,9.044345,8.608817,-8.897719,1.763516
vacancy_1521,10.461634,6.326602,-6.502571,9.398641,-2.735614,8.766028,-5.844451,-4.528628,7.982650,-7.288614,-0.257991,-2.582865,8.184778,-8.962407,-8.251802,-0.208321,4.389168,-7.680619,3.093947,-1.647827,4.717834,-0.770540,-5.541883,1.131712
vacancy_1522,10.155912,7.614574,-5.601964,8.852799,-1.925693,8.087094,-6.339509,-4.485816,9.603701,-6.982755,1.079357,-2.702918,8.615883,-7.954275,-7.751922,-0.081805,5.522122,-8.342481,1.955172,-2.938681,4.822837,0.512697,-4.598310,-0.159527
vacancy_1523,-7.669421,9.605251,-1.811719,5.617149,-1.814753,-3.281814,6.098865,-3.269889,0.906270,8.873597,8.969870,2.306057,7.618763,8.179157,-7.860277,-8.702682,-0.009576,3.834284,8.446863,-8.552558,-6.328746,2.934624,3.484960,-0.667962
vacancy_1524,-7.782211,-9.776946,7.289787,2.562185,-7.314114,2.832964,-6.830782,-6.131314,1.579298,-4.539089,-3.327585,5.634926,-0.682712,4.305985,3.349833,-5.362632,-1.382668,3.363456,1.477708,-0.231477,9.279406,7.809408,-0.395427,7.289425
vacancy_1525,-6.912078,-9.234888,7.382108,1.831288,-6.561867,3.289996,-7.362546,-7.267803,0.157305,-2.827713,-3.145353,5.958457,-2.300476,4.482489,3.484288,-5.490811,-1.258284,2.630489,0.753877,-2.283838,8.948949,7.609476,0.676770,8.533527
vacancy_1526,8.321001,7.770183,8.284883,-8.274883,-1.826710,8.615579,1.386536,-6.854124,0.962386,7.607024,9.594215,-7.602125,0.434710,-4.048275,-5.147654,1.899776,-7.764860,7.092963,5.769118,-3.779401,-6.666203,-3.761408,1.778631,5.749156
vacancy_1527,9.320540,7.429553,-5.411835,9.657112,-2.182243,8.511199,-5.378530,-4.913751,8.619036,-6.630192,-0.298393,-2.977268,7.799887,-8.667119,-7.267009,-0.393352,5.303577,-6.927492,1.385931,-1.632724,4.740280,-0.096418,-4.692335,1.195413
vacancy_1528,-2.330718,7.163996,-7.477090,-2.595091,-0.963231,-0.723216,7.838902,-1.273420,-8.917150,3.024242,1.417771,-3.751045,4.925940,-0.471470,-0.815989,7.688657,-0.888574,6.087366,2.495449,-0.409846,9.461715,9.724023,-10.272279,2.281859
vacancy_1529,4.647263,4.832033,1.267900,8.570142,-3.269351,-6.135631,5.662409,-5.874836,3.211536,0.879565,-4.076777,-1.866623,0.361132,7.686095,-6.109937,0.711541,-4.288643,-7.514948,-8.692072,-8.014322,-3.482180,4.067778,-7.031392,6.511315
vacancy_1530,5.215028,5.666298,1.992887,8.793636,-4.680211,-5.994589,5.791155,-6.460431,3.453534,2.197806,-1.371906,-2.772718,1.987456,6.927872,-5.115867,0.552560,-5.204018,-7.615454,-8.916813,-7.040737,-4.059795,5.464210,-7.631387,7.881265
vacancy_1531,8.037767,6.986857,7.676911,-8.098752,0.021886,6.681283,1.508253,-6.527785,1.337666,7.901409,8.469087,-8.306335,-0.538918,-3.823547,-4.708934,3.055407,-7.182769,8.010007,6.055335,-2.407641,-7.331645,-4.507760,2.392160,5.253977
vacancy_1532,-1.340754,7.589411,-7.495499,-1.377583,-2.379831,-1.304201,8.134216,-0.872698,-8.280437,1.757833,1.856759,-2.453430,6.488895,-1.397832,-2.144083,7.536216,-3.317768,6.051297,3.425911,2.051903,9.333991,7.930349,-9.561948,2.139964
vacancy_1533,-7.849614,8.152579,-3.080693,5.355980,-2.552951,-2.405729,7.224947,-4.770910,0.289195,8.914426,9.298474,1.821115,7.396920,6.784320,-7.022302,-8.922517,0.199687,2.445341,7.014815,-8.167241,-5.159536,2.993342,4.345864,-0.108128
vacancy_1534,-8.065545,-8.087263,9.162740,1.549471,-7.938384,3.337534,-6.906702,-6.311150,2.032740,-3.634918,-3.495059,4.625365,-2.232639,3.408826,3.084843,-6.669515,-1.005826,3.435136,2.155097,-0.921722,10.275051,6.777623,0.021570,7.511534
vacancy_1535,5.959855,-3.837617,4.376823,2.825429,-1.814043,1.501487,-7.046612,6.661785,-9.694287,-4.099263,1.454650,-6.441359,-6.563830,4.917573,-0.522629,-8.401654,1.094177,4.245933,-5.835482,6.962823,-10.555521,-1.462748,1.322994,8.097553
vacancy_1536,-7.323082,9.122918,-3.159609,6.770370,-2.778897,-3.263002,5.550645,-3.821052,0.936380,6.645654,9.932636,2.562232,7.930589,7.124228,-7.022267,-9.549405,0.812384,4.156679,7.553973,-8.516900,-4.664217,3.063492,5.517333,-0.004675
vacancy_1537,-9.251498,-8.968557,9.754200,1.918601,-6.064531,2.503697,-8.270370,-6.843410,0.391996,-3.788238,-2.889093,4.399221,-1.285247,4.600952,3.396640,-5.802078,-0.132506,4.197491,1.920624,-0.112132,9.768437,6.969528,-0.322281,8.446174
vacancy_1538,-1.464990,7.154204,-7.418771,-0.943288,-1.446644,-1.064385,7.699941,-1.650845,-7.114686,2.004615,1.524722,-4.284342,6.340221,-1.784235,-0.966885,9.080981,-1.552902,5.164845,1.995387,0.000617,9.322188,8.721831,-10.493292,1.935453
vacancy_1539,-7.236219,-0.989731,4.867972,-6.428885,-8.248215,2.805775,-1.171889,-0.821712,5.919180,4.115113,1.078609,2.224295,-8.279627,-8.286429,8.243965,-1.607963,0.715454,-5.081577,-2.191031,-4.803115,-5.981207,-9.997487,6.436827,8.024680
vacancy_1540,-1.719448,7.564251,-7.082174,-2.674509,-1.997245,-2.217796,7.824990,-2.149079,-8.028089,1.563287,3.844434,-3.261445,6.214458,-0.801002,-1.989343,7.250924,-3.049382,6.279703,2.342032,0.625251,10.103655,8.962101,-10.369848,2.873062
vacancy_1541,-8.192482,-1.144325,5.660358,-6.799000,-7.837220,1.139316,-0.428802,-1.233026,5.064010,3.654218,0.078808,2.136494,-7.923204,-8.053362,9.426989,-0.372398,1.379270,-5.635280,-2.009218,-4.626350,-5.836217,-9.474968,7.591544,8.467559
vacancy_1542,10.291065,6.416875,-3.930699,10.610661,-0.653383,9.271751,-5.014082,-3.351852,8.898249,-7.188485,0.969247,-2.453269,6.437488,-8.628683,-8.513825,0.400593,4.458738,-6.521367,2.483299,-2.504451,3.730400,-0.765666,-4.428270,-0.246800
vacancy_1543,5.666973,-2.196399,3.668615,3.581132,-1.311632,2.557678,-6.499666,5.960727,-8.701328,-5.313632,1.612369,-7.004211,-5.777426,4.749781,-0.793189,-7.554207,1.660606,4.328637,-5.357194,6.441813,-10.347216,-1.519824,1.537666,8.567503
vacancy_1544,9.038366,7.085829,7.703767,-8.354894,-0.480385,7.415152,2.192304,-6.598999,0.190294,7.934418,9.098431,-7.271931,-0.644486,-4.344223,-4.715487,1.515163,-6.390460,8.820784,5.170466,-2.683979,-6.486528,-4.534489,1.313766,5.477340
vacancy_1545,9.569430,6.835637,-7.054754,10.200832,-1.642094,9.547462,-5.938031,-5.351566,9.376279,-6.079387,0.958203,-2.585386,8.174297,-7.732686,-8.566780,-0.890684,5.375119,-6.088984,1.457651,-1.946051,5.173845,0.173219,-4.085813,0.761144
vacancy_1546,-7.782114,-8.987835,9.312558,1.727048,-7.215508,3.747681,-6.448263,-5.528580,1.544852,-2.289522,-4.108178,4.680091,-1.779087,4.525978,3.751738,-6.147265,-1.446068,2.745182,1.659219,-1.367335,9.887136,6.931807,-0.183972,7.124468
vacancy_1547,4.729308,-3.671356,3.962690,3.163834,-0.728243,1.727388,-6.484013,6.365394,-9.102526,-4.965878,0.743386,-6.551562,-6.782203,5.190847,0.021751,-7.962759,0.899401,4.815551,-5.852597,6.226979,-9.338844,-2.330389,2.054205,7.198974
vacancy_1548,-2.186016,8.599172,-8.058314,-1.554557,-2.896715,-2.107346,7.641437,-1.779581,-8.483282,2.738619,2.831296,-2.657765,6.793203,0.031121,-2.097298,7.889811,-2.530631,5.326493,1.763519,0.018366,9.544428,9.059016,-9.474458,2.851646
vacancy_1549,4.892157,-3.757730,4.736938,3.886851,-0.468512,2.172384,-6.977386,6.086410,-9.463726,-5.624895,1.954080,-8.358674,-6.557426,4.529110,-0.658193,-7.488129,1.906955,3.958967,-5.905735,7.397642,-8.972748,0.091294,1.124121,7.868856
vacancy_1550,6.381289,-4.084183,4.299385,3.226168,-1.863913,2.726995,-6.939357,5.782207,-9.417711,-5.052243,-0.292567,-5.877605,-6.778173,5.875208,-0.739895,-8.021885,0.445491,4.139528,-5.506915,6.370586,-9.143442,-0.145065,2.225551,8.093918
vacancy_1551,10.461313,6.786761,-6.461123,8.295379,-1.635598,9.117149,-5.679519,-4.488180,9.082322,-7.128478,0.183903,-3.425157,7.147518,-7.812224,-8.017454,-0.816232,5.135372,-6.922492,2.811895,-1.747960,5.417989,-1.089114,-3.598182,-0.695638
vacancy_1552,-2.641794,6.750429,-7.975433,-0.749575,-2.115442,-1.161986,8.647912,-2.067829,-7.910907,1.844570,0.979354,-2.152246,7.012401,-0.452977,-1.206188,8.004711,-1.595321,5.302254,3.002487,0.671578,9.594263,8.431367,-10.572177,3.172621
vacancy_1553,-7.845741,-8.481172,8.599093,1.102718,-7.465126,3.895009,-5.995511,-6.637207,1.438040,-2.615872,-1.699769,3.811579,-1.189731,4.413584,2.760245,-5.890379,-2.071530,3.091682,0.382587,0.184215,10.116909,6.878958,-0.935411,8.436983
vacancy_1554,-1.539277,7.457916,-8.626930,-1.433125,-2.001168,-1.219606,8.250122,-1.635194,-8.145459,2.452845,0.737786,-1.226317,5.661096,-0.416344,-1.132565,7.591125,-3.488671,6.110952,2.469461,1.332521,9.491011,8.145557,-9.162354,2.507333
vacancy_1555,10.536083,7.392495,-5.072270,10.314377,-1.894179,8.964686,-5.675796,-3.997100,8.704085,-6.955283,0.285912,-2.827414,7.378942,-7.552457,-9.242424,-0.329883,4.985551,-8.284197,1.780512,-1.956501,5.466667,-0.824415,-5.435789,0.630484
vacancy_1556,-7.877627,-1.720535,5.526781,-7.928279,-7.896108,1.467158,-0.804533,0.278252,5.093092,3.084475,-0.197189,1.744597,-7.184749,-7.278175,8.379564,-0.270848,2.375321,-6.316684,-2.122459,-4.419569,-5.887797,-9.119700,7.362120,6.799535
vacancy_1557,6.513756,-3.760938,3.416358,4.677084,-1.120939,1.525316,-7.678456,6.119656,-8.692026,-4.422203,1.985598,-7.762732,-7.072330,5.764498,-0.445987,-7.938337,0.130697,5.830655,-5.986408,6.205100,-9.651990,-1.162593,0.914998,8.962834
vacancy_1558,8.539771,7.172989,7.370294,-8.756116,-1.235175,7.466281,1.546924,-6.440117,0.750711,7.074464,9.870665,-8.241375,1.211419,-3.649125,-4.506413,1.511569,-6.050984,8.188013,6.961274,-3.003484,-6.299190,-3.996918,1.588124,5.035894
vacancy_1559,5.747252,-3.610592,5.210434,4.823990,-1.045131,3.124501,-6.838025,5.280275,-10.667876,-3.686217,1.346061,-7.880976,-6.336989,6.240570,-0.116989,-7.772357,0.638896,4.306357,-6.140914,7.166577,-11.069914,-0.592900,1.105876,8.707724
vacancy_1560,7.848859,6.710903,7.499921,-8.399047,-0.270393,7.199922,1.132421,-6.914237,1.942103,8.042226,9.290596,-8.579096,0.427664,-4.502284,-4.796211,2.355449,-6.367309,7.590145,5.693611,-2.766144,-7.192697,-4.247854,1.817263,5.549689
vacancy_1561,-7.952019,8.798310,-2.655834,5.868610,-2.236170,-3.915899,5.971519,-4.440507,0.873487,8.308306,10.870662,3.032569,8.164116,7.339181,-7.989596,-8.139330,-0.070686,3.316523,6.861549,-7.907659,-4.571378,3.437714,4.633463,-0.612897
vacancy_1562,9.080416,6.906352,7.921995,-8.161210,-1.499609,7.253510,1.382022,-6.680838,0.482139,7.352781,9.383258,-9.238257,-0.310582,-3.758197,-5.147635,0.752495,-6.523675,7.938733,6.507450,-2.986778,-6.335650,-4.514146,1.756174,5.655247
vacancy_1563,10.175885,7.690275,-6.298042,9.815136,-2.132122,9.554355,-5.358695,-4.446488,10.257080,-7.451154,-0.635500,-2.873267,6.372632,-7.531546,-7.780842,0.059768,4.854942,-7.900207,2.228233,-1.634135,5.311791,-0.958117,-3.587802,0.838237
vacancy_1564,9.286324,8.640675,8.663806,-8.829801,-0.807488,7.119823,3.757150,-6.030404,0.964181,8.910251,8.828240,-7.035188,0.445051,-3.817706,-5.327300,0.962430,-7.509429,8.448413,5.408564,-2.912383,-5.909076,-4.301665,0.952127,5.765656
vacancy_1565,7.408812,5.099919,1.484878,8.196562,-4.123535,-5.385884,5.778801,-7.237816,3.193140,0.953221,-2.323900,-2.130666,1.443444,6.813542,-5.675536,0.040779,-3.836383,-8.638172,-8.808584,-7.437998,-3.453729,4.321919,-7.754313,6.030013
vacancy_1566,8.800134,6.925849,7.978740,-7.969283,-1.782117,8.187922,1.358506,-6.849208,0.842946,7.481728,9.661548,-7.774731,-0.329041,-4.188661,-4.732108,2.031921,-6.990456,7.774854,5.936139,-3.332117,-6.659356,-5.249413,1.086161,5.697824
vacancy_1567,-7.542900,-8.538551,8.564189,1.189574,-7.768581,2.559136,-6.776594,-5.832635,1.173889,-3.824522,-4.292832,4.513284,-1.645017,4.006308,3.581822,-5.237648,-1.466825,3.416611,2.415689,-1.144599,10.082130,8.309150,-0.221667,7.815488
vacancy_1568,-7.683591,-8.592519,8.524554,3.415327,-8.220383,2.909116,-7.369226,-6.208745,1.399537,-4.078137,-2.737273,4.905403,-0.433337,4.508699,3.164190,-6.412422,-1.271621,3.172467,2.258162,-0.469500,8.817400,7.212279,-0.066083,8.051763
vacancy_1569,6.509588,-3.911209,4.854303,2.938250,-0.966788,2.656481,-7.635662,5.802649,-8.978398,-4.462071,0.983253,-6.824127,-5.673451,5.100680,-0.703003,-8.709171,0.074535,3.876789,-5.158291,6.927977,-8.556686,0.072061,1.428758,8.269767
vacancy_1570,-8.075792,-1.389640,4.762386,-7.695624,-9.000314,2.099983,-0.380913,0.158715,5.569361,2.685186,1.518687,1.631786,-7.698766,-7.790326,8.538695,0.141179,2.330909,-6.384821,-1.962952,-4.707797,-4.996802,-9.901134,5.688216,8.581250
vacancy_1571,-1.502626,7.346872,-7.183257,-1.960629,-1.243761,-1.945755,8.771178,-1.488383,-8.042017,3.075448,0.830946,-1.401040,5.831713,-0.496468,-1.905221,7.624294,-1.587530,5.557623,2.209786,0.637826,8.742404,8.452145,-10.133877,2.111732
vacancy_1572,-1.890890,7.527415,-6.434057,-2.130438,-3.164678,-1.009999,7.933980,-2.190567,-8.487292,2.117774,2.288176,-2.244996,5.459494,-0.166466,-1.860921,7.788715,-1.739797,6.431879,2.675156,1.034929,8.544741,9.610053,-9.722995,3.097037
vacancy_1573,-2.402033,7.581872,-8.140145,-1.942386,-3.029492,-1.452451,8.536293,-1.824191,-8.216784,3.657616,2.290735,-2.452673,6.602461,-0.316913,-2.031876,8.686489,-1.848602,6.249723,3.852374,0.064394,9.164808,8.273453,-10.263505,2.272907
vacancy_1574,-8.543085,-0.411701,4.143094,-8.098057,-7.919004,1.398359,-0.585420,-1.291347,6.404669,3.818521,0.476832,2.577046,-7.573054,-7.350024,8.191570,-0.362845,1.717159,-5.265133,-2.507100,-3.769390,-4.683624,-9.702346,6.274783,7.835349
vacancy_1575,9.596079,5.898467,7.918833,-7.546956,-0.676963,6.554414,2.541105,-6.886257,0.706095,7.355233,9.501794,-7.490935,0.686376,-3.744377,-3.915976,2.096260,-5.839148,7.237964,5.763954,-2.521863,-6.638327,-4.060751,2.801600,6.161622
vacancy_1576,-6.669651,9.610821,-2.336836,6.226936,-2.005423,-3.604475,6.438847,-3.266367,0.468000,8.551332,10.173585,1.655991,8.112565,7.437319,-7.894863,-9.458723,-0.429989,3.554465,8.111426,-6.696070,-5.175096,1.955926,4.355258,0.272406
vacancy_1577,5.523337,4.589493,1.762072,7.453867,-4.384044,-5.280009,6.095941,-6.216189,4.500312,1.286621,-1.589552,-2.891979,1.422343,7.687924,-5.532375,0.846039,-4.948293,-8.534578,-8.891387,-7.544806,-3.606951,3.437844,-8.085691,7.619867
vacancy_1578,7.686852,7.696120,7.745025,-9.241923,-1.596735,6.582028,1.742690,-7.726292,1.340909,8.550043,9.152827,-7.436040,0.990608,-2.916635,-5.310935,0.934769,-6.112423,8.333167,6.310668,-3.337949,-6.354705,-4.843338,1.271549,5.393290
vacancy_1579,5.648025,5.244639,2.196740,8.692395,-3.955775,-5.993526,6.506244,-6.281183,4.647637,2.825842,-1.942010,-2.970058,0.616021,8.806185,-6.248839,-0.052895,-5.778870,-8.644753,-9.631485,-8.108420,-3.429256,4.385869,-8.415196,6.329120
vacancy_1580,-2.490294,7.475216,-7.858970,-1.037736,-1.729706,-1.553426,7.739219,-2.359392,-8.614049,1.413954,2.196759,-2.292492,6.627167,-0.394205,-1.805188,7.832226,-1.401594,5.448539,1.823798,0.474802,8.699183,8.199771,-9.799090,3.231111
vacancy_1581,-0.871727,6.984130,-7.862794,-1.169002,-3.575123,-2.370469,7.373271,-1.273185,-7.357030,2.179138,1.852318,-2.220897,7.158872,0.031745,-1.535050,7.578009,-2.143654,5.267217,2.411996,1.174474,9.793562,8.397312,-9.493335,1.662812
vacancy_1582,8.684432,6.312903,7.062208,-8.296773,-1.371978,7.659563,0.267452,-7.295427,1.335249,8.132855,9.914718,-7.688983,0.304535,-3.654134,-6.267253,1.668809,-6.971278,7.996578,7.159803,-3.130321,-7.274521,-4.857773,1.760513,5.287454
vacancy_1583,-7.064982,9.205674,-3.117247,7.657750,-3.024106,-1.721601,6.465670,-4.122108,0.794707,8.537350,8.320093,1.851640,8.213229,6.571844,-7.101695,-8.883691,0.233886,3.399027,7.256680,-8.044795,-5.683739,3.470922,3.710718,-0.312346
vacancy_1584,-1.485925,8.030940,-7.562623,-2.260585,-2.669454,-2.468668,8.797384,-2.396538,-8.515173,2.014030,1.601705,-2.200370,5.297070,-0.937517,-2.383802,6.634145,-2.177742,6.295662,2.547643,0.081378,9.416775,8.142606,-9.080258,2.190429
vacancy_1585,4.867548,4.660987,1.597124,8.061513,-4.773039,-6.839957,6.617068,-5.968049,3.540757,1.022200,-1.557776,-1.100472,1.472343,9.003299,-7.361462,0.186327,-5.429600,-9.079373,-9.314685,-7.938615,-4.488723,5.955708,-7.870862,6.158318
vacancy_1586,-6.854085,9.447911,-3.129516,6.222929,-1.782073,-3.414691,5.059577,-3.610606,0.824653,8.965960,9.778332,1.925608,7.530247,7.194918,-5.402505,-8.218116,0.488177,3.584281,8.582377,-8.722496,-4.933010,1.451390,4.757221,0.453752
vacancy_1587,-2.625100,8.176431,-6.415898,-1.750615,-1.661511,-1.608728,8.606795,-0.302127,-7.634684,2.507522,3.012114,-3.271718,6.581848,-0.870191,-2.785671,7.642322,-0.934214,5.145195,2.753230,0.289390,9.120010,7.703400,-9.455021,2.661902
vacancy_1588,-7.700638,-8.354209,9.269768,1.077238,-7.517664,3.437797,-6.855418,-5.159718,1.209486,-3.857447,-3.173285,4.615118,-2.145084,4.490527,3.143765,-6.348503,-0.872812,3.768503,1.443187,-1.029696,10.261935,7.400892,-0.013977,9.533159
vacancy_1589,9.342016,7.767987,7.708703,-8.108118,-0.722824,8.138452,2.062367,-7.383257,1.112895,7.938585,9.675925,-8.782783,0.203932,-2.576621,-4.323320,1.557647,-7.734807,8.024554,5.281999,-2.946635,-7.167253,-5.531155,1.481274,5.470642
vacancy_1590,4.207654,-4.430822,4.306675,3.723915,-2.422055,2.652340,-7.193404,6.385236,-9.014612,-4.285704,0.945302,-7.089658,-7.577580,5.840750,-0.961152,-9.058029,0.107072,5.674771,-5.985854,6.703528,-9.833660,-1.317798,2.130731,7.567409
vacancy_1591,-8.111763,-8.521438,7.924992,2.538132,-8.107216,3.703482,-5.829769,-6.520541,0.056597,-4.214129,-2.951525,5.415682,-1.241592,4.823546,3.048564,-6.454323,-0.526323,3.815837,0.762822,-1.720531,9.244093,7.114060,-0.517540,6.768544
vacancy_1592,-2.491037,7.780688,-6.715027,-2.397036,-1.785287,-1.634509,8.146086,-0.592916,-7.477648,1.922135,2.499433,-2.550975,6.553536,-0.621469,-1.282282,7.165000,-2.025206,6.258665,1.517171,0.857123,9.293057,9.930952,-9.863736,3.392133
vacancy_1593,4.607402,4.720184,2.273142,8.742267,-5.244312,-5.810391,6.640376,-6.689032,4.215969,1.715119,-2.313811,-2.547192,1.817850,7.752924,-5.569358,-0.777922,-4.971216,-8.334022,-9.603581,-7.258377,-3.658421,4.031221,-7.930790,5.862178
vacancy_1594,-7.950850,-8.723116,8.341924,2.217315,-6.866644,3.175793,-7.589798,-5.320584,1.270919,-2.725813,-2.545223,3.926528,-2.694890,4.344344,3.555731,-5.818124,-0.082565,3.126739,1.310407,-0.080886,9.246595,7.228927,-1.136377,8.142806
vacancy_1595,-6.876591,8.955295,-3.768722,6.206398,-3.618651,-3.992543,6.445978,-3.790719,1.714449,8.549264,9.748978,1.372203,7.984173,6.791454,-7.906654,-8.103713,0.455384,3.355360,7.244358,-7.885769,-4.687898,2.801521,4.353063,-0.261724
vacancy_1596,7.783764,8.023000,7.218165,-9.262535,-2.471396,7.445719,1.834486,-6.149960,1.200929,8.013251,9.636022,-7.395666,0.819914,-4.301607,-5.126396,2.087273,-6.732468,8.138898,6.292348,-2.422042,-6.656251,-3.410320,2.109683,5.483459
vacancy_1597,-8.036674,-0.911370,4.369855,-7.198193,-8.818087,1.277366,-0.484317,-0.723884,5.656511,4.586107,-0.216058,2.129466,-8.405270,-7.653321,8.835541,0.161380,2.209173,-5.171081,-1.859237,-3.912532,-4.499071,-8.226138,6.895119,7.309904
vacancy_1598,5.072767,-4.940128,4.121277,3.540964,-1.809249,3.423344,-6.239693,5.944792,-9.662677,-4.691165,1.710781,-5.884212,-7.312377,4.441658,-0.306198,-7.871665,1.557552,4.739409,-5.759553,6.651523,-9.640418,-0.431052,1.110770,8.854566
vacancy_1599,-5.978722,9.214229,-3.909585,6.741199,-1.994006,-2.934646,5.848516,-3.721365,0.481415,8.945468,9.973927,1.775308,7.815929,7.032655,-6.749694,-8.107775,0.069616,3.864949,7.973796,-8.386365,-4.191328,2.158419,3.401818,-0.620585
vacancy_1600,-7.897592,-8.511420,8.674652,1.984635,-7.680408,3.594812,-7.521055,-5.757039,1.779644,-3.243276,-2.158742,4.923990,-1.998990,5.382097,2.396546,-5.640197,-1.314008,2.459674,2.560987,-1.083595,9.864367,7.086821,-0.246375,7.687027
vacancy_1601,-2.935222,7.715670,-7.885301,0.244891,-2.658989,-2.096694,7.928337,-1.380467,-8.899202,1.675905,1.948243,-2.788228,5.479484,-0.431051,-2.511183,8.313923,-1.741437,5.794251,2.331988,0.194339,9.527949,8.231078,-9.606169,3.343649
vacancy_1602,-6.748454,-1.116943,4.913567,-7.722843,-8.073256,2.456181,0.241800,-2.047238,5.987422,3.014065,-0.477787,1.073196,-8.578935,-7.957418,9.081954,-1.185508,2.060823,-6.029939,-2.358460,-4.909598,-4.429686,-7.592246,7.382634,7.835063
vacancy_1603,4.604907,4.451205,1.868089,8.459159,-4.512130,-6.352317,6.269977,-7.038442,3.594838,1.824824,-2.950082,-2.200835,1.157741,7.021507,-6.025150,0.597558,-5.840979,-7.756108,-8.443953,-6.726127,-3.040711,5.389806,-7.630388,5.845514
vacancy_1604,-7.724880,8.722917,-3.063631,6.189007,-2.201296,-4.154845,6.133521,-4.298091,0.943009,7.431343,9.318017,1.998694,7.129361,6.831978,-7.131604,-8.673509,-0.180427,2.509616,7.659420,-7.747559,-5.125118,2.956011,4.659877,-0.649144
vacancy_1605,9.612411,7.210205,8.459813,-8.350978,-1.051391,7.440897,1.240209,-7.162123,1.319068,6.760457,9.541307,-9.327504,-0.307912,-3.152356,-4.553188,2.511372,-6.535052,6.155755,5.692412,-3.399602,-6.301650,-5.418684,2.109433,5.485546
vacancy_1606,-7.908452,-1.771075,4.550737,-8.049773,-8.038667,0.838490,-0.896025,-1.053447,5.347251,3.567894,0.349162,2.194863,-8.752624,-8.120332,9.131835,-0.650884,1.495602,-5.538174,-2.180580,-4.555651,-5.513992,-10.024093,6.671865,7.805283
vacancy_1607,-2.417847,7.740705,-7.291308,-1.329890,-2.036926,-0.924609,8.880468,-1.400276,-8.546836,1.869168,1.361837,-1.954380,5.515686,0.106659,-2.574761,7.222568,-1.613858,6.356033,3.256993,0.300862,10.704515,9.540332,-9.501110,3.006493
vacancy_1608,-2.369303,7.543867,-8.143695,-2.184942,-2.809162,-1.903324,8.263203,-0.204749,-8.147347,2.161019,1.198145,-1.551377,6.330169,0.300806,-1.423449,7.510500,-1.425094,4.697875,3.258604,1.513608,9.226675,8.761540,-9.771213,2.743866
vacancy_1609,-7.897591,-0.293211,4.804513,-8.409942,-7.784019,1.276044,0.314668,-1.035903,5.483802,4.024435,0.672673,2.706257,-8.632175,-7.440160,8.309288,-0.632674,1.725998,-4.547801,-3.030424,-4.663275,-4.778376,-7.898848,6.850671,7.670906
vacancy_1610,9.083645,7.246422,7.905278,-7.322429,-0.846005,5.869780,2.916198,-7.114320,1.694780,7.991289,9.074971,-7.239678,-1.093496,-4.278292,-5.567239,1.544004,-6.936221,8.457530,6.029694,-3.041415,-6.820749,-4.243709,2.141999,4.757723
vacancy_1611,-7.535718,-8.551945,8.755561,2.334042,-7.336612,3.675016,-6.786829,-6.653959,0.634092,-2.562701,-3.838388,4.151416,-1.591074,4.801788,3.863764,-6.094985,-1.439065,2.681319,1.267079,-1.168465,9.928180,7.665597,0.370803,6.967081
vacancy_1612,-2.092553,7.145584,-8.665544,-1.323668,-2.648481,-1.258232,8.432108,-1.797398,-7.524050,2.976995,2.804394,-2.616600,7.267712,-0.501503,-1.517625,7.841815,-2.303059,6.806249,2.544430,0.418580,9.983753,9.149490,-9.273441,2.415855
vacancy_1613,-7.722794,-9.327908,9.047512,1.937014,-7.277253,4.543336,-7.767518,-7.110558,1.887486,-4.756814,-3.008344,4.696925,-1.085659,4.785351,2.826478,-6.486190,-0.574371,2.757936,2.135150,-0.010474,10.213815,6.752587,-0.593612,9.068756
vacancy_1614,-7.257299,9.347584,-3.275825,5.928764,-2.662020,-3.305867,5.793499,-4.444659,1.425776,8.636202,10.196781,1.632451,7.256367,6.369379,-6.907685,-7.775873,0.398556,2.252614,8.372756,-8.958548,-5.545117,2.928939,5.008769,-1.760182
vacancy_1615,5.406975,4.780803,1.909348,7.761623,-5.011074,-5.911358,5.842749,-5.844595,4.039124,0.287275,-1.765080,-2.083183,0.901875,7.013971,-5.706675,-0.308865,-5.059785,-8.064151,-9.097514,-7.769632,-3.408093,5.218572,-8.538362,7.356477
vacancy_1616,-7.487398,-8.067444,7.748565,2.161807,-7.656393,3.311816,-7.763747,-6.050818,0.479142,-3.876250,-3.914221,4.308609,-1.156044,4.571505,2.904554,-6.111547,-0.756090,4.456443,1.613319,-0.464727,8.797344,6.256326,-0.587631,8.320041
vacancy_1617,8.993150,8.541019,-6.360361,8.766142,-1.052427,9.492674,-5.880304,-3.384347,9.565889,-8.029393,0.814284,-2.879040,7.413202,-8.346374,-7.223399,0.327035,4.684200,-8.427553,3.023156,-1.280701,3.791667,-0.676439,-4.795589,0.063935
vacancy_1618,-1.895444,7.203489,-7.227723,-1.341058,-2.629484,-1.072778,7.992271,-1.046363,-8.663505,3.686942,2.262129,-2.261833,6.884662,-0.409907,-0.476678,8.085949,-1.683608,5.860396,2.606589,-0.065732,9.175754,9.564012,-10.086197,3.057388
vacancy_1619,-6.572288,-0.793200,5.445807,-8.781529,-7.749531,0.986144,-1.090127,-1.710724,5.751376,3.303763,0.219527,2.082557,-7.708371,-8.382294,8.172790,-0.254965,1.584839,-6.674260,-1.619461,-4.117694,-4.746978,-9.423488,6.348671,7.583253
vacancy_1620,10.282217,7.371345,-6.432770,9.168688,-1.356824,8.996815,-5.250626,-2.677565,8.353186,-6.520427,0.863706,-2.883817,5.670044,-8.247317,-8.062733,0.225381,4.741044,-6.814460,2.426114,-0.769684,5.017874,-1.033373,-3.638490,1.088047
vacancy_1621,-8.400478,-8.952279,7.925051,3.103556,-7.533033,3.750070,-7.112181,-5.808769,0.595445,-2.195818,-3.277235,3.869114,-0.965567,4.896480,3.902919,-5.832286,-0.908311,4.263437,2.573854,-1.084337,9.224649,7.767639,-0.175769,8.315440
vacancy_1622,8.406680,6.678900,8.526973,-7.499108,0.636970,7.084761,1.704214,-6.181644,1.873537,7.832247,9.722179,-8.213663,1.447267,-3.213886,-4.543387,1.478324,-7.116188,8.075982,5.399428,-2.506385,-6.526750,-5.368682,1.506739,6.285595
vacancy_1623,5.771129,-4.042387,4.736773,3.575367,-3.272509,1.765099,-6.726327,6.945455,-10.165628,-3.946469,0.986520,-6.182780,-6.954885,4.996962,-1.008264,-7.866709,1.279128,3.899910,-5.678190,6.972507,-10.036278,-0.428849,2.239654,7.885517
vacancy_1624,5.128616,4.944120,2.255078,7.857866,-4.809150,-6.315239,5.282503,-6.816070,3.755846,1.361068,-2.126274,-1.642356,1.941233,7.765611,-6.718893,0.853337,-5.240885,-6.949165,-10.048033,-7.288848,-4.029394,3.785587,-8.461988,6.910605
vacancy_1625,-6.446164,8.757319,-3.034560,5.445636,-2.598727,-3.334231,6.604386,-4.112732,1.618131,8.677745,7.964855,3.065961,8.364779,8.441272,-6.761703,-8.346521,0.713686,2.094821,8.111116,-8.696028,-4.834523,1.320366,4.966868,-0.850945
vacancy_1626,-7.225954,-8.426553,8.094974,2.461547,-7.670323,3.856967,-6.901876,-5.421053,1.123470,-4.589255,-3.070607,3.702627,-1.249937,4.218669,2.755938,-6.716187,-0.685357,2.771475,2.939999,-2.293313,9.304275,7.814844,0.200634,8.391355
vacancy_1627,-6.500756,7.893870,-2.968611,5.758046,-1.876613,-2.934405,6.256183,-3.626280,1.579228,8.322494,8.805066,2.301098,7.771213,7.173214,-7.275167,-8.369608,0.473145,3.353164,7.458921,-8.457780,-5.289167,2.652935,4.604735,-0.077884
vacancy_1628,-7.739920,-1.769124,2.702430,-8.666625,-8.021506,2.599142,-0.864173,0.415149,5.793809,3.795671,-0.370729,2.142175,-7.405851,-7.612828,8.287134,0.658825,2.614019,-5.732421,-2.870404,-4.893669,-5.118227,-9.244090,6.756017,8.465102
vacancy_1629,-7.500644,8.146545,-2.108855,6.117577,-2.538662,-3.011441,7.152383,-4.289713,0.690856,8.613424,9.242443,1.949417,8.054800,7.471993,-6.851768,-8.171806,0.759458,3.682467,7.484653,-8.896980,-6.301436,2.868182,4.413684,0.124706
vacancy_1630,5.893165,-3.355153,5.039600,2.815536,-1.613255,1.546263,-7.673365,5.431648,-9.357987,-4.622709,0.888235,-6.815359,-6.629081,5.360238,-0.399820,-7.090793,1.328825,3.104829,-4.721372,6.038967,-8.991612,-0.591384,1.561527,7.307396
vacancy_1631,-6.576163,-1.072194,6.135019,-7.589939,-8.746396,2.080765,-0.065392,-1.146552,5.211799,3.439059,0.787555,2.112274,-7.701439,-8.625055,8.433100,-0.523685,0.745051,-6.216614,-2.452628,-2.806422,-4.787655,-9.520297,6.511373,6.798234
vacancy_1632,-6.161572,8.051624,-2.852579,5.237268,-2.396583,-3.289587,7.368879,-4.828228,0.770191,7.673211,10.002469,2.344280,8.783988,6.848045,-6.949439,-7.939033,0.030039,2.804771,8.213203,-8.502023,-4.803432,1.924448,3.830067,-1.078503
vacancy_1633,5.925819,-2.505874,3.859266,4.130019,-1.435386,1.924316,-7.201169,4.548190,-10.128087,-5.976552,2.011512,-8.013744,-6.417505,5.187231,-0.014031,-7.689637,0.695856,4.518986,-5.894555,6.276420,-10.170289,-1.297050,1.329684,8.143641
vacancy_1634,10.758334,6.505760,-5.693926,9.683003,-2.870639,8.016091,-4.747128,-3.905813,8.839017,-7.379481,0.109410,-2.000058,7.560244,-8.664399,-7.685347,-0.042205,5.078951,-6.616571,2.259106,-1.658537,4.642900,-0.424765,-3.613288,0.167713
vacancy_1635,-7.805070,-2.244612,4.729239,-8.722479,-8.293080,0.732243,0.289033,-0.326257,5.823622,3.628049,-0.116891,2.833276,-7.728245,-7.613142,8.457156,0.163683,2.240098,-6.675688,-1.936770,-4.869247,-4.985293,-8.520966,6.689621,7.348697
vacancy_1636,-7.312665,-8.710723,8.206868,1.383767,-8.317749,4.824349,-6.617971,-6.281624,1.919225,-4.002818,-3.696117,4.541866,-2.014569,4.235284,3.033427,-6.010442,-1.167433,3.630534,1.914675,-0.411007,9.356859,8.066903,0.198543,7.519982
vacancy_1637,-7.758645,8.781478,-3.493622,6.280314,-3.197795,-3.302534,6.804749,-4.888711,0.624812,7.584203,8.935280,1.783561,7.555494,7.772276,-6.735892,-7.681080,0.020782,3.614984,7.516638,-8.395396,-5.670518,2.687332,5.213035,-0.057802
vacancy_1638,-6.152896,8.679813,-3.624817,6.653997,-4.087653,-4.268681,5.517666,-4.821520,1.222575,9.028934,9.654746,3.224806,8.136115,6.460608,-6.911724,-8.460330,-0.128101,3.819437,7.955563,-8.281714,-5.244455,2.558341,5.074471,-0.571151
vacancy_1639,10.080955,6.394994,-6.456121,9.217499,-2.625509,8.195138,-5.378523,-3.549428,10.016172,-7.013343,1.178771,-3.500425,7.371484,-7.526363,-7.860961,-1.053057,5.333765,-7.244032,1.212417,-2.007220,3.797534,-0.739285,-4.456461,1.504405
vacancy_1640,-7.981752,0.479830,5.255517,-9.168317,-7.639707,1.040012,-1.019263,-0.951489,5.462015,4.145895,0.240916,2.462198,-8.670919,-7.182535,8.582677,-0.497029,2.369112,-5.358154,-1.836053,-3.972903,-5.569537,-8.056138,6.087837,7.184756
vacancy_1641,5.555434,5.588334,1.832073,8.968401,-3.848168,-6.375750,5.539271,-6.289994,3.083181,1.175865,-1.462927,-1.630383,0.938700,8.082893,-6.173648,0.093466,-5.109281,-7.790802,-9.069057,-7.394146,-2.999510,4.787955,-7.942718,5.850361
vacancy_1642,5.112510,4.183703,2.203891,8.612657,-4.483570,-5.946139,5.946047,-6.225902,2.863017,1.644456,-2.848810,-1.277484,0.552942,8.230217,-5.854153,1.083752,-4.523099,-8.024363,-8.898480,-8.287066,-4.063527,4.180113,-7.436384,6.505959
vacancy_1643,8.782828,6.777903,6.952816,-7.946246,-1.665602,7.237756,1.501557,-5.729437,2.145686,7.905845,10.024799,-7.460318,-0.270936,-2.936601,-4.863928,1.741925,-6.772861,7.408758,5.446304,-2.384321,-7.111422,-4.422342,0.854699,5.703553
vacancy_1644,-8.083555,-8.949924,8.874608,2.144167,-7.368975,3.996909,-7.679329,-5.452977,1.752557,-5.585705,-2.400772,4.866793,-2.051652,4.839840,4.104139,-5.382975,-0.491346,3.623279,2.976780,-2.334247,9.142685,6.490259,-0.472454,8.375084
vacancy_1645,9.550070,6.722361,-5.406521,9.903125,-2.021506,8.831720,-5.279831,-4.003820,9.068909,-6.229293,0.026672,-3.042066,6.717667,-7.343273,-7.493741,-1.192808,4.552183,-7.339400,3.066644,-1.741361,5.175426,-0.317054,-4.349296,-0.415398
vacancy_1646,5.291224,-3.734450,4.605690,3.660220,-0.485743,1.825009,-5.995389,6.143278,-9.313720,-4.170607,1.358304,-6.189724,-7.613001,4.215501,0.018297,-7.977815,1.794120,4.367712,-5.793000,6.801674,-9.524944,-1.190558,1.203419,7.572227
vacancy_1647,-6.869067,-8.897250,7.687043,2.502816,-8.052288,4.532147,-6.549197,-5.635294,0.999275,-3.700241,-2.799697,4.948667,-1.613204,5.293497,3.660976,-4.740162,0.325347,3.335103,2.737701,-0.258465,9.432461,6.273274,-1.123485,8.322206
vacancy_1648,8.720661,7.396307,8.911079,-7.395192,-0.376824,7.116799,1.452126,-6.406747,1.150073,7.690611,8.631280,-9.322039,-0.277716,-3.167526,-5.396043,2.309269,-6.708268,7.421714,5.563636,-2.630918,-7.000518,-5.051159,1.829033,6.174120
vacancy_1649,-7.546566,-0.196605,5.738757,-7.681437,-7.743321,0.636408,-0.799162,0.175322,5.166616,3.157935,1.347808,1.829411,-6.943018,-8.786840,7.855140,1.037963,1.751928,-4.579703,-1.872069,-4.809267,-6.128900,-9.438546,6.875177,8.613400
vacancy_1650,7.580919,7.143941,7.976110,-7.688971,-0.566444,6.876005,1.960657,-5.978645,0.516586,7.757020,9.402855,-7.999825,-0.202979,-3.981698,-4.829575,1.080022,-6.477554,8.449219,6.817802,-3.180492,-5.444865,-4.581763,1.872209,4.891872
vacancy_1651,-8.364541,-9.562768,7.566210,2.625712,-6.743920,3.531366,-7.208072,-6.191194,1.694500,-3.061761,-3.341474,3.772929,-2.021538,4.437928,3.687506,-6.531289,-0.905020,2.321447,1.598395,-1.956341,8.670902,7.235196,0.012355,8.895509
vacancy_1652,9.030390,7.134097,8.253053,-7.597067,-0.594908,6.942706,2.186298,-6.480496,1.185199,7.400709,9.718131,-8.625406,0.688629,-4.297035,-5.428276,2.203720,-5.773314,8.244477,4.101349,-2.450393,-6.876595,-4.897811,0.931392,4.904378
vacancy_1653,-7.254458,8.581888,-3.106399,6.703847,-2.835730,-3.736326,6.181104,-4.458261,1.723918,8.630681,10.307605,2.786552,8.113678,7.952130,-6.738856,-8.342311,-0.042156,3.614934,6.478334,-8.023819,-6.135315,2.632668,3.890279,-0.403193
vacancy_1654,-7.052656,10.254937,-3.149067,5.993538,-1.989898,-3.518474,6.781103,-4.238439,2.368891,7.109338,9.516948,2.867149,8.112943,7.642432,-7.034145,-8.727905,-0.145367,3.646768,7.050044,-9.186342,-4.854952,2.278288,3.900553,-0.746951
vacancy_1655,-2.502191,6.631764,-7.475109,-0.731082,-3.065483,-1.872918,8.834819,-1.186731,-8.113410,2.653031,1.973725,-2.655412,6.649392,-0.092918,-1.729608,8.230080,-1.960865,5.478916,3.250013,1.151513,9.325363,8.547630,-9.834904,2.180235
vacancy_1656,-1.547855,7.533986,-8.026182,-1.480799,-2.086431,-2.228263,7.122288,-1.403769,-8.349436,1.571296,1.248974,-3.061367,5.347236,0.855231,-1.857629,7.670322,-2.566613,5.157215,1.904945,0.459241,9.691913,8.316701,-11.038127,2.066502
vacancy_1657,-7.118234,-10.157333,8.576084,1.874996,-8.277370,3.259994,-5.717421,-6.190972,0.594188,-4.746897,-3.090329,4.930917,-1.918596,3.661495,1.909588,-6.342700,-0.071017,2.396536,0.950614,-0.519381,8.397415,7.884883,-0.468433,7.274555
vacancy_1658,6.150019,-4.661006,3.697839,3.228507,-1.959976,1.749198,-7.895206,6.156346,-9.023789,-5.048406,1.851721,-6.463541,-7.296151,5.369568,-0.831341,-6.649716,-0.241425,5.170788,-5.649027,6.201007,-8.536386,-2.234760,1.894025,8.885497
vacancy_1659,-2.635660,8.308007,-8.247105,-1.627077,-3.256803,-2.079268,7.886000,-2.709063,-7.227729,2.778554,1.553853,-1.585530,6.369216,1.209631,-1.826445,7.231071,-2.203550,6.355783,2.109403,0.401074,9.437358,8.296769,-9.294816,2.711305
vacancy_1660,-6.807841,-8.536677,8.951078,2.154200,-7.256732,4.570199,-6.217705,-6.030532,1.598204,-3.843830,-2.752967,4.193277,-0.577035,4.503998,3.014061,-6.189778,-1.025976,3.711917,1.621989,-1.582956,8.968973,6.356637,0.025907,8.142886
vacancy_1661,10.405178,7.675875,-6.225062,9.868094,-1.759753,8.315423,-5.665729,-4.629501,7.728349,-7.149864,0.023385,-3.321032,7.407286,-9.048398,-8.831247,-0.854423,5.531414,-6.287291,2.088140,-1.968156,5.525752,-0.461353,-4.204535,-1.445708
vacancy_1662,-7.711647,-8.038389,8.578103,1.875604,-7.506228,3.203872,-7.128388,-6.108106,1.577529,-2.922595,-3.467964,4.583067,0.028169,4.920974,1.978824,-5.808290,-0.735976,4.077113,1.652938,-1.251901,9.881614,7.627491,-0.141667,7.696852
vacancy_1663,-8.720148,-9.452524,8.181138,2.565363,-6.875776,4.537068,-6.150465,-6.118864,1.069070,-3.307116,-2.330964,4.406325,-1.760966,5.570333,2.950435,-7.301422,-0.204851,3.331319,1.690517,-1.078180,9.942228,7.096997,-1.206826,7.956427
vacancy_1664,8.400281,7.120593,7.480624,-8.951276,-0.906240,8.037814,2.713498,-7.257382,1.584159,8.006645,8.737533,-7.721475,-0.745097,-4.454981,-4.954093,2.585437,-7.123719,8.187887,5.330336,-2.998762,-7.136868,-5.616380,1.705231,5.834762
vacancy_1665,-7.514404,-0.230904,4.393462,-8.962099,-7.818921,0.790042,-0.058560,-0.856862,6.393408,4.282264,0.719134,2.549684,-6.804738,-8.260394,9.804418,-1.108837,1.574280,-4.845826,-3.095312,-4.703900,-4.793670,-9.459530,7.249896,7.441972
vacancy_1666,-7.011350,9.032239,-3.291736,5.782501,-0.744898,-3.104400,6.925152,-3.595301,1.274864,8.604814,9.728818,2.081827,8.521802,7.642361,-7.213163,-8.207625,0.580218,3.245178,7.102955,-9.406904,-4.902660,1.669822,5.149753,-0.423038
vacancy_1667,-7.951608,-7.978871,7.623508,1.977032,-7.740951,3.743860,-6.720753,-6.408577,0.119554,-3.825940,-3.439061,5.132422,-0.651954,4.150457,3.295000,-7.142574,0.387020,3.940670,1.315943,-0.371880,9.993011,6.875212,-0.168888,8.666793
vacancy_1668,9.502671,6.702107,-6.071116,9.787320,-2.354718,8.931144,-6.342747,-3.190194,8.746065,-8.885257,-0.217912,-3.474165,6.956599,-8.374449,-8.025342,-0.939719,4.277892,-7.118255,2.245491,-1.994711,4.153848,-0.809379,-4.826606,0.293140
vacancy_1669,-8.303261,8.929877,-2.582280,5.587948,-3.692915,-3.509295,6.547287,-3.740334,1.577962,9.235225,9.710396,2.411762,7.767463,7.882944,-7.183027,-7.828014,0.334348,3.216530,7.850177,-9.394095,-5.379241,2.550560,5.017581,-0.337654
vacancy_1670,-6.752759,-8.323069,8.957445,2.871624,-7.196915,4.308344,-7.171082,-6.093985,1.546730,-4.439969,-3.504332,4.260695,-1.729756,4.767786,3.445321,-5.273221,-1.045875,4.073442,2.281632,-0.042548,9.519365,7.926487,-0.721700,8.247525
vacancy_1671,5.579686,-2.844216,4.036119,3.540605,-3.116996,3.737516,-7.665584,6.726486,-9.021636,-4.650559,2.058022,-7.028722,-7.263760,6.051372,-0.701283,-7.239726,1.179203,4.410941,-6.881929,6.052768,-10.071426,-1.400228,0.745528,7.746318
vacancy_1672,9.473446,6.501554,-6.071771,9.353840,-1.661413,9.251169,-6.636960,-4.410197,9.962586,-6.927469,0.172139,-2.411405,7.156071,-8.165262,-7.390070,0.057106,4.580100,-7.317639,1.857203,-2.365394,3.466381,-2.105602,-5.414512,0.375960
vacancy_1673,-8.228462,0.173832,4.107113,-7.956742,-8.802563,1.291056,-0.600016,-0.397123,6.150394,4.342815,0.928192,3.426080,-6.853945,-8.013170,7.593707,-0.359705,2.903077,-5.094496,-2.197424,-4.005982,-4.893578,-9.422691,5.532989,7.292924
vacancy_1674,5.610952,5.107143,2.177926,8.537767,-5.150744,-6.742103,6.333180,-7.191041,3.351316,1.613711,-2.278696,-1.945310,2.083133,6.773755,-5.764450,1.118012,-5.763026,-7.676032,-10.022137,-8.530039,-3.391046,3.659640,-7.940534,7.441506
vacancy_1675,-7.586038,-8.037420,7.585339,1.244492,-8.251985,3.583890,-8.045179,-6.500257,1.781497,-2.915960,-3.976979,3.484605,-1.861605,4.257425,2.894940,-5.991046,-0.606651,3.399009,2.221861,-0.481283,9.061858,6.482068,-0.081442,8.076773
vacancy_1676,6.067084,-4.034852,4.289180,3.668202,-1.971472,2.047152,-6.874226,6.445813,-9.094990,-4.844983,1.075041,-7.242315,-6.832379,5.982955,-0.421688,-7.580859,1.072271,4.180478,-5.928375,6.535734,-8.768726,-0.441872,1.357040,8.082823
vacancy_1677,5.688132,-3.410343,4.398255,2.924447,-2.043825,2.291688,-7.061859,6.373990,-9.699439,-5.090623,2.566725,-6.246921,-6.596903,5.177395,-0.605483,-7.782734,1.144658,4.497649,-6.226876,6.621917,-11.039187,-1.032544,2.273161,7.145616
vacancy_1678,-7.498887,-1.190907,5.208880,-8.063917,-7.987287,2.016194,-0.727061,-1.023356,4.622625,2.909658,0.316669,1.701051,-7.542945,-8.390607,8.528581,-0.668343,1.414745,-4.668325,-3.079903,-4.073597,-6.058757,-8.928195,7.197856,7.415169
vacancy_1679,4.499559,5.144350,1.029357,9.105041,-4.272195,-5.565880,5.953707,-5.142991,3.860430,1.197924,-1.405602,-1.772436,2.476380,7.975025,-6.547539,1.242532,-4.583152,-8.071603,-10.268814,-8.084871,-3.117569,4.142967,-8.195866,6.921147
vacancy_1680,-8.121826,-8.837353,8.058957,3.350038,-8.363894,3.204404,-6.459356,-4.892801,0.296844,-3.464950,-3.343322,4.278630,-0.769714,5.143202,2.860637,-6.938397,-0.808976,4.088616,1.721238,-1.011598,10.713800,6.758515,0.546044,7.472238
vacancy_1681,-8.426631,-2.067408,4.683862,-8.309345,-8.272402,3.138359,-1.209741,-1.012844,5.933752,3.959043,-0.062668,2.458715,-7.794437,-8.621484,8.436206,-0.581760,1.943451,-5.682932,-2.290923,-4.309962,-4.669327,-8.687818,6.308123,8.067079
vacancy_1682,9.853348,7.408459,-6.839998,8.616769,-2.399467,9.250541,-5.382072,-5.589663,8.775860,-6.143036,0.242511,-2.387387,8.057492,-7.580312,-8.042078,-0.655799,5.687648,-7.131281,1.376072,-2.229886,5.321854,0.049074,-5.327551,0.809001
vacancy_1683,9.482924,7.449212,-5.364939,9.723654,-1.209340,9.481987,-6.070227,-4.160224,10.064730,-8.148825,0.616004,-2.427942,7.605686,-8.106669,-6.726148,0.084295,4.820393,-5.492913,2.160548,-2.099928,4.898315,-1.784974,-5.753038,0.480235
vacancy_1684,-7.186923,-8.104040,6.895379,2.781875,-6.577734,3.622200,-7.346460,-5.421807,0.271860,-3.542646,-2.185705,3.882498,-0.428454,5.811128,2.557234,-5.773669,-0.890036,3.278032,2.225973,-0.432924,9.357968,7.232423,-0.196269,7.072585
vacancy_1685,-2.120556,7.329107,-6.562803,0.024711,-2.547275,-2.317832,8.507980,-1.346934,-8.447875,1.151861,2.261298,-2.501150,5.687939,-0.375631,-1.664639,7.557505,-2.323884,4.461603,2.161847,0.948854,8.559248,8.846382,-10.251096,1.616867
vacancy_1686,-8.014568,8.872473,-3.417850,6.724724,-1.707577,-3.532072,6.923536,-3.860300,0.551550,8.932556,9.019290,2.547225,7.349999,6.547396,-6.789734,-8.031391,0.641298,3.795322,7.902698,-8.667992,-4.449154,2.749380,3.762750,0.105364
vacancy_1687,-8.452128,-8.289369,9.316447,2.525530,-6.485040,2.873912,-6.487503,-4.686089,1.583566,-3.483654,-3.148101,3.027310,-2.063589,3.458772,3.815809,-5.179798,-0.149362,2.896886,1.501846,-1.046706,9.426384,7.947683,-0.000639,7.998520
vacancy_1688,9.230694,7.855869,-6.416868,9.429063,-1.763963,9.714071,-5.724669,-2.781398,9.860732,-7.111155,-0.734255,-1.064721,6.303301,-7.462343,-7.410376,-0.891377,5.217025,-6.826280,2.363572,-1.353525,4.847400,-2.000095,-4.982868,0.128304
vacancy_1689,9.362973,7.313183,-6.416339,9.881858,-0.632159,9.001253,-5.832186,-4.072240,8.419854,-7.095973,2.507230,-2.658301,7.533605,-8.481931,-7.200685,0.739957,6.474308,-8.241735,3.073162,-1.634273,3.788556,-0.885922,-3.463923,0.344118
vacancy_1690,5.113335,4.358051,2.201974,9.396801,-4.662321,-6.124738,5.945781,-6.508794,4.718441,1.949358,-1.928883,-2.564015,0.814315,7.821937,-6.405021,0.550307,-5.187231,-8.239814,-9.441773,-7.861559,-3.815539,4.440729,-7.743760,7.048725
vacancy_1691,-7.574022,-9.507323,9.364656,1.988471,-7.448778,3.811694,-6.917102,-6.301126,0.791653,-3.538328,-3.156220,4.489488,-2.092229,4.769444,3.149765,-6.806480,-1.171639,3.362949,1.849487,-2.000955,9.606635,7.618449,0.311495,8.161827
vacancy_1692,9.513566,6.317112,-6.143393,9.597444,-0.711421,8.533933,-5.215205,-3.312161,9.729587,-6.818690,1.015975,-2.554439,7.694334,-7.438802,-7.129252,-1.106469,5.017441,-8.343324,2.175989,-2.155868,4.287186,-0.427949,-5.071914,0.319813
vacancy_1693,4.778636,4.394690,2.198033,9.233738,-3.503913,-5.468044,6.570439,-7.653607,3.988230,0.996102,-1.652087,-2.629163,0.037109,8.148966,-6.108648,1.332355,-5.013000,-8.575496,-10.461809,-8.601472,-2.520967,3.493785,-9.378916,6.967801
vacancy_1694,9.785914,6.940974,-5.848494,9.747038,-2.268191,9.835214,-6.055914,-3.218990,9.651830,-7.230794,0.402552,-2.928968,7.626231,-9.096145,-8.093643,-0.956580,5.667550,-6.618623,2.552752,-2.581226,5.619168,-1.223449,-5.177815,1.089980
vacancy_1695,10.207368,7.034106,-4.237738,9.708557,-2.501945,8.981606,-5.328980,-2.435092,9.568153,-6.652477,0.515317,-1.422981,6.659194,-8.971752,-7.000542,0.195139,5.056844,-8.117050,1.971524,-0.990640,4.602085,-0.675639,-4.182257,-1.202232
vacancy_1696,4.751105,5.491123,2.497157,7.711927,-5.463686,-6.487230,6.386412,-6.521104,4.076096,0.684054,-1.512621,-2.791086,2.434137,8.183458,-5.045087,-0.202350,-5.006126,-8.941837,-8.878250,-7.520032,-3.545603,5.030945,-7.930796,6.071410
vacancy_1697,-6.748474,9.300820,-4.118991,5.785056,-2.328678,-2.806159,6.973905,-3.394838,0.177264,8.114192,9.444904,1.257549,8.750375,7.559000,-6.906634,-8.592887,-0.069480,3.375016,7.875265,-9.243357,-5.438284,2.793899,5.027873,-1.744342
vacancy_1698,8.962050,6.629354,-6.143918,10.472970,-0.645011,8.551102,-4.958969,-4.624622,8.220487,-7.162901,1.309631,-2.702950,8.257322,-7.647330,-7.402063,-0.219241,4.522453,-7.312917,2.610160,-1.507801,4.722683,-1.187602,-5.370439,0.370910
vacancy_1699,-7.646808,-0.776338,5.241728,-8.213106,-7.316493,2.077367,0.572069,0.189594,5.494441,3.464340,1.376948,2.926722,-6.593965,-7.080360,7.766022,-1.094077,1.591590,-5.259109,-2.438308,-4.024262,-5.255738,-9.204436,5.673940,7.349017
vacancy_1700,10.584160,6.076645,-4.650699,10.660528,-2.400711,9.288833,-5.956903,-4.176095,9.163531,-8.808866,0.159071,-3.072683,7.911625,-8.792187,-7.643689,-0.008047,5.106460,-6.449284,2.916647,-1.281488,4.660450,-0.761463,-4.515401,-0.258717
vacancy_1701,9.470309,7.806010,7.925476,-7.560452,0.352341,7.061128,1.505263,-6.993791,0.669495,7.580815,8.996977,-7.293879,0.357210,-3.320990,-4.460859,1.514424,-7.261248,7.853904,6.202404,-2.871652,-7.283555,-4.596281,1.145887,5.804395
vacancy_1702,10.088175,7.456725,-5.501089,9.834275,-2.386567,8.975796,-5.731195,-4.751465,9.013677,-6.640580,-0.556632,-2.401821,8.330522,-8.075816,-7.224403,-0.496021,6.011079,-6.975554,2.290956,-1.377585,5.716640,-0.690527,-4.786718,1.218807
vacancy_1703,-7.920668,8.965265,-2.949180,6.302168,-2.268425,-1.946171,5.631866,-3.293412,1.343400,9.225898,11.193499,1.360347,8.538157,7.488576,-7.386584,-9.280369,0.007093,2.737825,7.052135,-8.108436,-5.064626,3.585885,4.944699,0.589675
vacancy_1704,4.323913,4.432077,2.019722,9.730740,-4.623736,-6.036436,6.064150,-7.404236,2.433152,2.050482,-1.679719,-1.225808,0.650428,8.289893,-5.797622,0.787741,-5.971857,-7.659189,-10.085562,-7.982831,-3.560971,5.165028,-7.235585,6.948347
vacancy_1705,9.411131,7.308027,-4.965249,9.607567,-1.659077,8.208230,-6.277177,-3.470935,9.984250,-8.694450,0.301903,-4.114531,6.047946,-7.247205,-8.638618,-0.419278,5.670018,-7.077990,1.648938,-1.457555,4.238690,-0.720070,-4.563086,1.344751
vacancy_1706,-8.129496,-0.523720,4.420926,-8.546206,-7.740101,0.848499,-0.910333,-0.943750,5.523856,3.531929,0.807926,2.565168,-7.822575,-7.742296,8.752130,-0.371167,2.131471,-4.496480,-1.884779,-4.341813,-5.492157,-9.645594,6.209645,7.824932
vacancy_1707,-7.187862,-2.254291,4.544972,-8.320334,-8.036002,1.571644,-0.834824,-0.270008,5.494326,3.568899,0.188536,1.785150,-6.726049,-7.709352,8.683742,-0.494239,2.191236,-5.713608,-1.436276,-4.377919,-5.207525,-9.483469,6.185819,7.773097
vacancy_1708,6.536419,5.234428,1.118675,8.880890,-5.216756,-5.774643,6.672425,-6.446911,3.749240,2.879177,-1.905355,-2.433242,0.534524,7.634261,-6.275209,0.497525,-5.768539,-7.632988,-8.699756,-8.247209,-4.181784,4.168842,-8.335917,6.495785
vacancy_1709,-6.538313,7.705776,-2.970674,4.370710,-2.865434,-3.365449,6.474006,-2.210199,-0.128517,6.940581,9.166708,2.149610,7.771177,7.407494,-6.286400,-8.552075,0.423834,3.262419,5.738895,-8.111693,-4.939932,2.348759,3.548296,-0.482391
vacancy_1710,5.091009,4.413057,1.973399,8.568011,-4.943290,-6.116244,6.122646,-7.095385,3.447283,1.401405,-2.402440,-1.641715,0.145709,7.851951,-5.897032,0.641426,-6.223218,-7.697114,-11.027971,-7.727975,-3.711669,3.948261,-7.729589,5.888888
vacancy_1711,7.647827,7.942625,7.310456,-8.381691,-1.242628,5.782558,1.927800,-6.773526,1.595834,7.925289,9.441761,-8.576999,0.216376,-3.207767,-5.186263,1.690789,-6.345901,7.061698,4.906321,-2.541116,-6.460343,-3.992009,1.277810,7.078333
vacancy_1712,8.908320,6.578253,-6.228573,9.572593,-2.273517,8.590906,-4.741727,-3.327022,9.131830,-6.574912,0.053555,-3.159005,6.178101,-7.827223,-7.330328,0.193666,4.000127,-7.710977,2.031261,-2.561028,4.245463,-1.491787,-4.340332,1.097784
vacancy_1713,5.517959,-4.879287,3.892779,2.897045,-1.269702,2.775016,-6.949289,6.543387,-9.737423,-5.017885,0.530028,-6.520529,-6.271358,5.463430,0.334169,-7.650723,1.603674,3.695218,-5.491425,7.717679,-9.135775,-2.029386,1.463359,7.935990
vacancy_1714,-7.271060,-8.336500,7.741226,2.986215,-8.285851,2.407739,-7.244428,-5.182990,1.487657,-4.371756,-2.825677,3.508232,-1.868025,4.075186,3.359127,-6.084181,-0.175049,3.032473,2.140350,-0.893337,11.000063,7.119298,0.475176,7.739034
vacancy_1715,9.289565,7.037011,-6.286097,10.189957,-2.047265,8.672478,-5.592539,-3.168358,9.144273,-8.747126,0.384528,-1.831238,7.388436,-9.196276,-7.738679,0.276509,4.794760,-6.644035,1.805801,-1.319022,4.176352,-0.571350,-5.123533,1.339283
vacancy_1716,-1.707759,8.123963,-7.878918,-1.119134,-1.703343,-2.444668,8.584658,-1.210592,-7.272175,2.620200,1.573585,-3.589069,6.937126,-0.552906,-1.222918,8.600202,-2.046076,6.451778,1.914232,0.585149,10.195108,8.397729,-9.936606,1.844257
vacancy_1717,5.610363,-3.510838,4.391263,2.532732,-1.602326,1.493207,-7.179352,6.169360,-9.046940,-4.634475,2.034397,-6.368570,-6.284666,5.432893,-0.146043,-7.603837,-0.423807,4.193309,-5.613708,7.053836,-9.204997,-1.562231,1.244555,8.081815
vacancy_1718,8.891302,7.554770,7.978554,-7.572522,-0.685318,7.204549,2.157006,-6.977488,2.314410,8.587280,9.481766,-7.947064,0.356546,-3.051842,-5.116488,1.955285,-7.178147,8.337493,5.856020,-2.667618,-7.723440,-5.179017,1.949786,6.233539
vacancy_1719,-1.608174,8.027223,-7.922907,-0.775664,-2.291530,-2.078238,7.737831,-2.427823,-7.874172,2.336026,2.444231,-2.088236,5.686892,-0.233832,-1.819476,8.717579,-2.157942,6.134429,2.627147,0.419120,9.477419,8.934725,-9.893428,1.693617
vacancy_1720,9.246497,6.567940,-5.838055,9.532781,-1.895766,8.782702,-5.368830,-3.300541,7.971270,-6.288750,0.226630,-2.342341,7.646957,-8.629335,-7.767783,0.309521,4.883228,-8.745522,2.132546,-1.356454,3.141887,-0.375985,-5.421319,-0.064477
vacancy_1721,3.876452,5.349263,2.205336,9.440884,-3.940549,-5.206583,6.172459,-6.757812,3.236811,1.130700,-2.087201,-0.407565,0.560844,8.490519,-5.833382,1.381416,-5.434264,-7.909227,-9.941296,-8.132245,-4.055808,3.776453,-7.895382,6.047603
vacancy_1722,-6.976869,9.362077,-3.099077,6.303034,-2.394566,-2.743124,6.941993,-5.534126,0.454372,8.247933,8.862523,2.050759,7.348292,8.380253,-6.791938,-9.071608,0.309562,3.964194,8.065935,-8.916619,-4.647651,1.182776,4.397774,0.633284
vacancy_1723,9.053697,6.361154,9.293219,-9.638421,-0.503787,6.050521,2.033864,-5.276332,2.400288,7.818304,8.195985,-7.484996,-0.142285,-2.645189,-3.859721,1.037953,-7.566361,8.029507,5.766756,-2.896574,-7.389258,-5.456978,1.646405,5.547029
vacancy_1724,9.309464,6.451551,7.519536,-7.769679,0.070192,7.047323,1.990170,-6.106100,1.031471,9.229737,8.689577,-8.612263,-0.429675,-4.273669,-3.509799,2.455120,-6.641906,8.214379,6.186743,-2.837917,-6.418277,-5.278951,1.486239,5.904982
vacancy_1725,10.176803,7.363491,-6.095090,9.942970,-1.340750,9.304774,-5.509667,-3.257170,9.139020,-6.620583,0.600625,-3.116420,6.523243,-7.748351,-7.912722,-0.514812,3.903229,-6.835904,2.305314,-2.476981,4.953476,-1.561438,-4.114103,0.603562
vacancy_1726,9.167512,7.961149,-5.724796,8.404717,-1.741374,8.928604,-6.099159,-2.995494,9.497990,-7.927713,0.524635,-2.607734,7.128234,-10.073140,-8.332178,0.382448,3.798635,-7.080365,2.223684,-0.338919,3.981235,-1.750970,-5.183704,0.322550
vacancy_1727,-6.926375,9.747512,-2.835918,7.376298,-1.762571,-2.686354,5.890581,-3.789321,0.592272,7.772957,9.526083,3.170889,7.527961,7.561152,-7.310586,-9.177999,-0.283116,3.949134,7.530046,-8.141202,-5.586805,2.437852,4.529895,0.362881
vacancy_1728,9.801793,7.328499,8.088848,-7.060638,-0.759621,7.349071,2.521822,-6.086842,0.550839,8.151848,9.805029,-7.331017,-0.781949,-3.469681,-5.256527,2.081413,-6.574538,7.478746,5.438325,-2.588037,-6.519867,-4.642462,2.406974,5.326870
vacancy_1729,-8.072467,-8.759967,8.862834,1.723699,-6.950865,2.929545,-6.542265,-6.888560,2.415976,-3.225903,-3.524817,4.065709,-1.534902,4.641366,3.557358,-6.608459,-1.002701,3.717708,1.239832,0.193649,9.804687,5.810206,-1.683425,7.996248
vacancy_1730,-2.702022,6.975470,-7.389237,-0.900147,-3.063876,-0.671222,7.796972,-1.648043,-8.310703,1.825315,1.277589,-3.189370,6.682887,-0.318781,-1.268118,7.210615,-0.992710,5.198261,3.012903,-0.766291,9.570376,9.576648,-9.961438,3.148711
vacancy_1731,-7.515400,-8.536655,9.338737,2.664190,-6.974330,4.078942,-6.981735,-6.958221,0.486402,-3.238919,-2.261212,3.637122,-2.050464,4.951555,1.840843,-4.019810,-0.600933,2.346660,2.562900,-0.705496,9.729888,7.080167,0.380415,7.488736
vacancy_1732,-8.601315,8.127506,-2.596467,5.430874,-2.807222,-2.449314,5.211388,-4.420241,1.344918,8.193331,10.649137,2.764270,7.952827,7.508861,-6.824951,-9.154218,-0.010152,3.307688,8.798525,-8.094442,-5.395295,2.880255,4.292764,-0.755787
vacancy_1733,4.405955,3.845051,1.841512,7.483292,-4.494460,-7.031551,5.323314,-7.012256,5.017548,1.570170,-2.336426,-1.035742,1.567779,8.398659,-6.491974,0.418168,-5.524584,-6.811618,-9.678993,-7.109058,-4.836210,4.516932,-7.920920,6.340241
vacancy_1734,-2.010792,7.617764,-8.174757,-1.510602,-2.980151,-1.034645,8.397360,-1.720767,-7.341265,2.186501,2.272150,-2.337226,6.005461,-1.445628,-1.819048,9.224571,-2.448836,4.539809,2.947829,0.914356,9.569039,7.682476,-9.985586,2.492146
vacancy_1735,5.332525,4.711179,1.118425,8.864881,-5.441593,-4.876216,5.990306,-6.106478,3.989896,1.756354,-1.414555,-3.073519,0.905133,7.181882,-5.212786,0.512595,-5.331397,-8.220131,-10.543199,-6.948515,-3.459238,4.796212,-7.391733,5.727622
vacancy_1736,7.970580,8.650329,7.825068,-7.495916,-0.963025,7.374603,1.198756,-6.160350,2.890918,7.676204,9.256740,-7.533735,-0.598247,-2.749742,-4.551919,1.991716,-7.123020,8.748765,5.908950,-2.789723,-7.054845,-4.014306,1.765316,5.770025
vacancy_1737,10.800383,7.487499,-5.765861,10.059456,-1.748666,8.600623,-5.082123,-3.613417,8.425623,-7.428528,1.097941,-2.441171,6.643721,-8.827253,-8.274508,0.764262,5.214298,-6.243358,2.127856,-2.430190,5.204563,-1.002934,-4.794254,0.564822
vacancy_1738,6.212590,-2.963946,4.212124,3.666064,-2.687741,2.215867,-7.574915,5.271488,-9.178280,-4.075840,1.178460,-6.346572,-6.845454,4.491071,-0.002523,-7.180479,0.423540,4.711549,-5.488362,6.270342,-9.953208,-0.162469,2.238314,8.295593
vacancy_1739,-6.929823,-0.142974,3.861967,-7.637269,-7.213273,0.642215,-0.671663,-0.475087,5.796596,3.093935,-0.066906,1.956901,-6.859263,-8.666401,8.437653,-0.746624,3.872983,-6.601204,-1.610744,-4.774947,-4.887346,-8.892593,6.399489,8.330103
vacancy_1740,-7.355562,9.086080,-3.692746,5.253786,-1.473685,-2.695193,6.890948,-5.374757,1.275908,8.168411,10.461108,2.232547,8.158634,6.939016,-7.421016,-7.388252,1.027491,3.344872,8.092961,-8.646275,-4.486782,2.200214,4.856963,-0.492865
vacancy_1741,9.173478,8.105672,8.664050,-8.053252,-0.446427,6.950744,1.108861,-6.152398,0.286884,7.592397,9.227452,-8.055095,-0.754254,-3.397057,-4.981245,1.293740,-7.611405,7.464660,5.037946,-3.137199,-6.642740,-5.721505,2.165563,5.447138
vacancy_1742,-7.330165,-8.691186,8.391726,2.927682,-6.328765,2.949906,-6.521066,-6.175525,1.981422,-5.305974,-3.736976,4.464955,0.220557,5.686501,3.098572,-5.297804,-1.701066,3.238706,1.314736,-0.942884,9.390506,6.975102,-0.608008,7.940794
vacancy_1743,5.803576,-3.544023,4.609803,3.057761,-1.302413,1.998452,-6.375250,6.436175,-9.788931,-4.789375,1.336859,-6.604424,-6.752654,4.781849,-0.301822,-7.274982,0.766948,5.684634,-6.525806,7.517650,-9.283427,-2.156249,2.515361,8.415367
vacancy_1744,-7.730429,-0.568325,5.039025,-7.170956,-9.112473,0.354859,-0.839785,0.213256,5.517276,2.939223,0.047383,2.663377,-6.863673,-9.147764,7.412632,-0.659793,2.954586,-4.870683,-1.542978,-3.759496,-6.112391,-9.276994,5.714086,7.676281
vacancy_1745,8.900853,7.206860,-6.500309,9.764756,-2.119908,7.877163,-4.768670,-4.735213,10.055301,-6.809931,0.323530,-2.734983,8.148764,-8.366224,-7.985682,0.101921,4.558087,-7.925025,1.586728,-2.206524,4.480825,-0.754400,-5.328992,-0.076070
vacancy_1746,7.675001,7.810332,7.141901,-8.524142,-1.013750,6.853863,2.641826,-6.521518,0.908278,7.455541,8.523860,-7.312282,1.250504,-4.107501,-4.708048,2.301206,-6.910519,8.837814,6.255335,-3.150290,-6.360515,-4.384443,2.950891,4.933588
vacancy_1747,-1.499082,8.357659,-7.937168,-2.532490,-3.094203,-1.874536,7.431112,-2.101034,-7.979098,2.656695,2.012783,-1.547322,7.179017,-1.672506,-1.628579,7.628354,-2.153367,6.070183,2.858964,0.332802,9.354711,8.921630,-8.763748,3.927020
vacancy_1748,-7.666653,-8.526779,8.242050,2.810757,-6.979773,2.886117,-7.824988,-6.365616,1.203509,-3.879552,-4.289800,4.596496,-1.149415,4.264992,3.259601,-6.217701,-1.037605,3.679367,2.034875,-0.833325,8.726705,7.141763,-0.494953,8.529615
vacancy_1749,-6.903573,-9.129325,9.491784,2.046116,-6.553609,2.485960,-7.232414,-6.437454,1.420890,-2.955716,-4.098388,2.901158,-1.633689,4.353555,4.142540,-5.608056,-1.203317,3.780342,0.956108,0.165291,10.792478,7.517939,-0.579074,7.846756
vacancy_1750,-7.907505,-9.604421,8.090644,3.780147,-7.144794,4.451774,-7.003716,-4.544928,1.041574,-3.304804,-2.521212,5.036978,-1.627630,4.634683,4.013391,-6.135746,-0.033916,3.136769,2.660414,-0.873007,9.083338,6.985294,-0.268695,7.529031
vacancy_1751,8.598017,8.110401,7.543284,-8.078607,0.589352,7.040964,3.052971,-5.425813,1.684735,8.023088,9.224717,-6.409900,0.341901,-4.846719,-5.133011,1.959524,-6.797044,8.082846,5.276697,-2.797461,-7.486561,-5.204722,2.599779,5.703022
vacancy_1752,-8.742209,-0.752806,4.241033,-6.460857,-8.509290,1.702632,0.306882,-1.382671,6.018559,3.340419,1.117884,2.883297,-7.113065,-8.020681,9.211967,-0.150278,1.764292,-4.719653,-1.511493,-4.023513,-5.643352,-9.640708,6.153180,7.077878
vacancy_1753,6.249779,-3.158084,3.011023,3.168298,-2.086581,2.497298,-6.454586,5.784512,-8.970340,-3.695802,0.911859,-6.845350,-6.157673,4.960771,0.895506,-8.288816,1.498658,5.093907,-4.987125,5.456622,-9.625442,-1.264823,1.664432,9.062225
vacancy_1754,-8.030839,7.316656,-3.217529,6.767251,-1.733090,-3.614658,6.634141,-3.502206,0.147214,8.191139,9.646687,2.341536,7.133386,7.093054,-6.708329,-8.819275,0.674306,2.830015,7.843207,-7.965247,-5.972672,2.102486,4.828531,-0.374768
vacancy_1755,4.696940,-2.537819,3.699998,3.008596,-1.457702,2.749165,-7.715904,6.014890,-10.616232,-3.753434,0.595078,-7.009663,-7.198066,3.707659,0.869209,-8.299688,-0.028230,3.935320,-5.689313,6.638073,-9.896500,-0.666948,0.557440,8.029163
vacancy_1756,5.463422,-2.832233,4.335821,3.728370,-2.200947,2.320453,-6.796300,7.187393,-8.836227,-3.573986,2.232225,-6.643254,-7.433440,6.592255,0.195671,-9.224619,0.859279,5.452704,-5.718379,7.376162,-10.710068,-1.013710,1.569521,7.227928
vacancy_1757,-2.055036,7.753164,-8.170970,-0.895580,-2.780591,-1.955661,8.088849,-0.052439,-7.589711,2.857937,1.950500,-2.807102,6.563505,-0.454257,-2.058230,7.632564,-2.577781,5.718484,2.396788,0.476430,10.058298,8.913600,-8.955863,2.896041
vacancy_1758,-7.217572,9.385439,-4.505609,6.243031,-2.228763,-3.709938,6.258271,-4.389387,1.204576,9.185070,10.337969,2.961545,8.344143,7.143237,-6.960324,-9.252077,-0.143527,3.635417,7.459193,-8.071302,-5.678217,2.404590,4.423690,-0.427743
vacancy_1759,-7.878256,-8.842322,8.751322,2.056736,-7.677247,3.295930,-7.013723,-6.752775,0.736025,-3.325818,-3.128419,3.444795,-1.635011,4.892687,4.042494,-5.530213,-1.030822,3.308622,1.541566,-1.711219,10.155718,7.523531,0.172849,8.002544
vacancy_1760,-8.155263,-8.769930,8.301465,2.386542,-7.800214,3.484679,-6.324521,-5.939135,1.038065,-3.143761,-3.174496,4.642538,-2.989527,5.468287,2.926424,-5.013059,-0.772309,3.505771,3.487004,-0.954854,10.880770,7.495874,0.637864,7.563961
vacancy_1761,10.171347,5.823605,-5.652293,8.829795,-1.444293,9.181553,-5.268975,-3.896114,8.951957,-6.921397,0.150247,-3.143665,7.515934,-8.428992,-7.722620,-0.130266,4.650087,-8.451151,2.720910,-2.895354,4.973541,-1.219134,-4.743442,0.325978
vacancy_1762,-7.838005,-0.992774,5.617301,-8.152812,-9.474162,1.598522,-1.061019,-1.732270,5.097694,2.178484,-0.940166,2.383882,-6.946631,-7.857812,8.397502,-1.087048,1.206734,-5.396727,-2.206356,-4.064132,-6.483767,-8.998775,7.514854,7.616596
vacancy_1763,8.429925,7.437821,8.777999,-8.410334,0.471879,6.511612,1.732846,-5.587037,1.301827,7.969451,9.063356,-8.194408,-0.108599,-3.609417,-4.785962,1.975314,-6.991353,8.207311,5.765904,-3.210867,-6.933807,-5.339656,1.076006,5.270042
vacancy_1764,-7.754562,-9.113222,8.547338,2.225540,-8.002469,3.905019,-7.756423,-6.671551,0.623823,-2.794595,-2.698506,3.925127,-1.078766,5.027645,3.111834,-5.727524,-0.593805,3.566011,3.403034,-1.881067,9.814219,7.229826,-1.110690,8.366732
vacancy_1765,-8.187659,-0.896879,4.552560,-7.253654,-7.801676,1.737211,-0.428047,0.961447,5.480741,3.094889,1.131697,2.652605,-8.416287,-8.560272,9.004498,-0.245551,1.739624,-6.228270,-1.793824,-4.616998,-6.126339,-8.888642,7.616610,7.176236
vacancy_1766,8.612323,7.515492,7.063334,-7.321143,-0.201472,7.070513,1.263088,-5.662627,2.671334,5.992153,9.052493,-7.957072,0.344883,-3.266184,-4.467663,2.279701,-7.156876,8.259727,6.035050,-2.260920,-7.109144,-4.699123,0.711336,4.876320
vacancy_1767,-8.181395,-7.734302,7.973213,2.616834,-7.307311,3.443918,-7.294751,-6.124501,-0.337747,-2.837053,-2.894802,4.742689,-2.006300,4.812896,3.363729,-6.566417,-0.139573,2.983529,1.709758,-0.977726,10.721984,7.859285,-0.506454,7.622521
vacancy_1768,-7.595485,8.714273,-2.670673,6.029336,-1.494368,-3.589743,6.852955,-4.887725,0.026166,9.250523,9.321023,2.262303,8.062290,6.761363,-6.926486,-8.877482,-0.384619,3.682397,7.507130,-7.256411,-4.717644,2.623025,5.042606,-0.683108
vacancy_1769,-7.481095,-1.002995,4.533725,-6.958638,-8.393880,1.111699,-0.068514,-0.291844,5.455360,3.972675,0.167599,2.835784,-7.029156,-8.049237,9.764528,-0.172348,3.023200,-4.088396,-2.594310,-3.249542,-5.575576,-9.605058,6.767307,7.484139
vacancy_1770,4.711701,4.960273,1.452649,9.065162,-4.764906,-5.443963,5.338365,-5.874980,4.162500,1.756417,-1.831988,-1.842202,1.291235,8.264167,-6.308148,1.064688,-5.273935,-8.621854,-8.784304,-7.412946,-4.424595,4.778272,-7.745713,5.582925
vacancy_1771,-6.591172,9.261759,-3.805966,6.013669,-1.657732,-3.249844,6.044485,-3.490305,1.147048,7.920258,10.187299,1.987113,8.134580,7.812103,-7.238857,-9.336039,-0.235892,3.317499,8.269274,-9.065577,-4.711321,2.395811,3.800621,0.265652
vacancy_1772,-7.753652,7.704380,-3.350608,7.196458,-2.553196,-4.216603,5.290570,-3.544465,1.812376,8.517663,10.262501,2.973349,8.184840,6.721586,-7.517367,-8.011573,1.277335,3.013458,7.595916,-7.671576,-4.590076,1.984913,4.418519,0.112964
vacancy_1773,5.269743,3.804093,2.360310,8.597954,-3.767676,-7.128682,6.592019,-5.682815,3.196991,1.847058,-2.292607,-2.066948,0.943015,8.191569,-6.018960,0.033434,-3.861589,-7.600628,-10.696679,-7.319671,-3.831632,4.155990,-6.951870,7.045139
vacancy_1774,-1.535402,8.521559,-8.486539,-1.588246,-2.840933,-2.383042,7.932273,-2.278633,-8.205438,1.708765,1.795091,-2.128645,6.723863,-0.953790,-2.125019,8.077377,-2.652844,4.269644,2.901246,1.550216,9.213629,8.736737,-9.810307,1.769064
vacancy_1775,-6.812316,-0.797133,3.566773,-7.693333,-7.812739,1.686142,-0.047111,-1.419086,4.597950,3.634798,-0.632336,2.111087,-7.380302,-8.348491,7.530114,-0.641573,1.415210,-4.473603,-2.594928,-3.278944,-4.838736,-8.105728,6.221483,7.895894
vacancy_1776,9.728399,7.006512,-4.970262,9.143337,-1.082807,8.319830,-5.691739,-3.961792,10.030429,-6.010831,1.159058,-2.851025,7.237372,-8.697409,-7.990589,0.899817,5.897887,-7.819189,1.809618,-2.192480,4.778336,-0.665549,-5.150585,1.121114
vacancy_1777,9.755622,6.543812,8.489695,-8.376114,-1.147672,6.852043,1.783871,-6.079719,1.059288,6.550503,8.664507,-7.599428,-0.017712,-3.741879,-3.924104,1.352407,-7.627236,7.843106,5.813973,-2.792502,-6.596277,-4.572801,0.555923,5.621253
vacancy_1778,-7.076579,-8.757985,9.438124,3.013982,-7.506415,3.588952,-7.348519,-6.204858,0.973160,-3.697644,-3.019755,5.231130,-2.002467,3.486751,3.247183,-6.438346,-0.105289,3.826967,2.745115,-0.823921,10.206244,6.333018,0.304094,8.236685
vacancy_1779,8.648167,7.143173,7.980855,-9.217872,-0.959593,7.659941,1.617647,-6.050286,1.586189,7.966275,8.267119,-7.421938,0.537669,-4.391093,-4.454537,1.944839,-6.383192,9.902327,4.991917,-2.908120,-7.158448,-4.896411,1.944754,5.772144
vacancy_1780,-8.109034,-8.357570,8.653493,2.059638,-6.965027,4.006261,-7.404885,-4.610921,1.395846,-4.141936,-2.868468,4.151480,-1.529025,4.733820,2.935259,-5.292698,-0.446312,2.986898,2.516207,-0.433011,10.303935,7.456462,-1.210656,8.086470
vacancy_1781,7.416558,-3.619946,4.307956,3.144991,-0.753233,3.194139,-7.656599,7.098940,-8.321114,-4.705195,1.154274,-5.621427,-7.984379,4.668923,0.102502,-8.560014,1.111460,4.256306,-4.974036,6.663181,-8.972745,-0.278805,1.388926,7.778479
vacancy_1782,5.087109,4.857223,1.967114,10.282118,-3.947290,-6.394008,5.292050,-6.510310,3.714756,1.596430,-2.781523,-2.416579,1.085026,8.470000,-6.164975,0.851624,-5.425180,-7.566609,-9.400786,-8.576719,-2.920673,5.041045,-8.156220,6.073793
vacancy_1783,-7.630400,9.040605,-2.335132,6.760451,-2.984953,-4.257439,6.250437,-3.766156,-0.067562,8.751583,9.698409,2.782953,7.953237,7.597188,-8.137729,-8.114830,0.972379,3.073528,7.635220,-7.377510,-5.733555,2.121122,4.131254,-0.900015
vacancy_1784,-1.951988,7.879954,-7.014198,-0.751809,-2.980590,-0.710304,8.783127,-1.349126,-7.895025,2.138115,2.189232,-2.601772,6.968746,-1.640184,-1.259804,7.881826,-1.785788,5.466149,2.491145,1.125279,8.844451,8.810173,-9.143527,2.815137
vacancy_1785,-6.798363,-7.889862,8.506864,1.364408,-7.749966,3.434791,-5.770522,-5.954571,1.151437,-3.980606,-3.387513,4.605319,-0.788711,3.473193,2.727850,-6.897866,-0.050187,3.436147,1.123051,-0.440484,7.851593,7.543665,-0.776777,8.561302
vacancy_1786,-2.678134,7.641494,-6.726680,-1.412139,-2.252981,-1.876498,7.536465,-2.698305,-8.787818,2.262638,1.715347,-3.095187,6.847415,-0.112753,-2.020079,7.038997,-1.303262,6.045061,3.052355,0.546981,9.571363,9.943277,-9.401579,3.023663
vacancy_1787,-7.978413,8.616962,-2.321577,5.973561,-1.909821,-3.431255,6.070102,-4.350308,0.976400,7.428747,10.238191,2.868850,8.228938,7.029860,-5.168576,-8.257290,-0.310358,3.346919,7.833486,-7.779681,-2.863484,2.974422,4.991145,-0.378730
vacancy_1788,-6.750000,9.134004,-3.088124,5.806344,-1.545114,-3.193175,6.808057,-2.648620,1.799698,8.869886,9.258410,2.098636,7.842784,6.573547,-6.624697,-9.402175,0.259624,3.554946,6.784525,-8.524835,-5.023239,1.219576,4.434852,-0.659589
vacancy_1789,8.634162,7.568253,7.312987,-8.568748,-1.068551,6.419156,1.375824,-6.259226,0.931504,8.403834,9.267422,-8.100579,0.149614,-2.706382,-5.955999,1.898968,-6.796179,7.762685,6.571148,-2.756048,-6.844428,-5.184703,1.570707,4.262311
vacancy_1790,-6.762969,8.714729,-3.021852,6.540234,-2.166099,-3.666722,4.970131,-3.654930,1.031256,8.946321,9.921636,1.103140,6.966883,6.884723,-7.333483,-9.706121,0.688890,3.036895,6.507004,-8.489437,-4.825935,2.396550,4.848890,-2.026805
vacancy_1791,9.650603,6.908657,7.812190,-9.622737,-1.478217,6.071278,0.681088,-6.444697,2.416315,7.627437,9.892510,-8.072217,1.434957,-2.827671,-5.142946,1.352330,-6.577106,7.806815,5.797831,-2.237409,-7.894833,-4.605497,1.615973,5.582768
vacancy_1792,5.659286,5.215589,1.798338,9.485858,-5.608964,-6.022063,6.631501,-6.408594,2.873347,1.831215,-1.876138,-1.633008,1.855866,7.705126,-5.504099,1.627977,-5.941191,-7.762711,-9.317888,-7.532926,-4.183188,4.055486,-8.612801,6.461492
vacancy_1793,-1.398688,7.484082,-8.096250,-1.209456,-3.295065,-1.021787,9.580820,-1.424458,-8.639967,2.503239,2.143534,-1.435158,7.208548,0.753938,-2.056877,6.846347,-2.717222,6.002628,2.118735,-0.123690,8.071382,8.723095,-10.255125,2.414483
vacancy_1794,-7.720282,-1.242100,5.422846,-8.151193,-8.336372,2.279755,0.282072,-0.290000,5.342156,4.166329,-0.227240,2.352864,-7.961276,-8.466070,8.284047,-1.163160,3.152237,-4.705737,-2.267637,-4.370708,-5.742390,-9.827908,7.111436,6.760222
vacancy_1795,-6.593242,10.724111,-3.570871,5.395477,-2.367826,-2.845803,5.501407,-3.084954,1.667711,8.128417,8.913463,3.268274,7.082339,7.018087,-7.936541,-10.451153,1.178868,3.373772,7.399160,-8.587887,-5.153624,2.531172,4.145938,0.624118
vacancy_1796,9.521659,7.910871,8.027949,-8.447400,-1.353053,6.211289,1.782656,-6.086847,1.408740,7.431610,9.265268,-7.881483,-0.144054,-4.610903,-5.470436,2.720493,-6.577189,8.215101,6.033663,-2.629457,-6.252328,-5.045587,2.146315,4.923528
vacancy_1797,-7.234197,9.325372,-3.872421,5.395333,-1.658976,-4.158951,6.297507,-3.293332,0.393008,8.889068,9.838936,1.285373,8.673339,7.320006,-7.720233,-6.804580,0.100955,2.850610,8.063887,-8.460733,-4.414515,3.094179,4.292468,0.254027
vacancy_1798,9.268308,7.936636,7.801872,-7.580176,-0.542266,6.131243,1.688683,-6.422991,1.733271,7.803320,9.441090,-8.240236,1.387687,-3.312942,-4.616461,2.077502,-6.906433,8.775517,6.572470,-3.026319,-6.986122,-4.551933,2.362909,6.038096
vacancy_1799,4.864537,5.215924,1.225985,8.065310,-3.322023,-6.299012,6.285551,-6.373743,3.129699,2.601117,-2.166638,-0.816721,1.832039,6.879844,-6.271213,0.116287,-5.468183,-8.213394,-9.716812,-7.227938,-3.262142,4.045695,-7.272973,5.392063
vacancy_1800,5.073859,3.298144,0.262994,8.245793,-3.578568,-6.580089,7.008995,-6.536395,2.838828,1.565237,-1.492403,-0.785855,0.980832,7.826236,-5.508323,0.211854,-5.018988,-7.579021,-9.406836,-7.314546,-2.800128,4.761847,-8.064733,7.825371
vacancy_1801,9.324223,7.442801,-4.932507,9.484667,-1.589392,10.066679,-4.653595,-3.372939,9.380344,-6.957136,-0.812221,-2.686186,7.604335,-9.411534,-8.706513,0.131354,6.709414,-7.251393,1.277413,-1.257405,5.179855,-0.774794,-4.600553,0.134380
vacancy_1802,6.627947,-3.436419,4.327771,4.800739,-3.148058,1.978914,-6.645520,6.488418,-9.116000,-4.541485,2.127650,-7.226746,-7.265641,5.413596,0.303664,-7.412427,1.094260,3.700371,-6.443683,6.294502,-9.436549,0.214360,1.792658,7.285467
vacancy_1803,5.361668,-2.933031,5.573968,3.856458,-2.120917,1.466134,-8.273711,6.024842,-9.533415,-4.714972,0.040129,-8.438020,-6.350155,5.340563,-1.403140,-8.675121,-0.294555,4.476831,-5.478525,7.924714,-10.200192,-0.351478,0.988143,9.524998
vacancy_1804,-8.042964,8.136123,-2.223259,5.348214,-2.110352,-2.656623,5.215591,-3.929666,0.540856,7.657960,9.121579,2.952292,8.581559,6.528867,-6.909522,-9.015372,0.546667,2.618465,6.631119,-8.959947,-4.617784,2.444347,4.026163,-0.651907
vacancy_1805,-8.138710,-8.569263,8.382084,1.926837,-7.921721,3.582069,-6.904558,-6.847419,1.905920,-4.746336,-3.551739,3.651879,-1.577560,4.551969,4.175695,-5.097579,-2.327338,4.372597,1.122970,-2.208007,11.151271,6.357388,-0.545105,8.151814
vacancy_1806,-2.445398,7.779530,-7.164087,-1.787665,-2.142438,-2.442992,6.707441,-0.839238,-9.945272,3.035611,3.182752,-3.627790,6.600117,-0.189931,-1.290690,7.591949,-1.947024,5.099529,3.474425,0.322328,9.401008,8.914860,-9.511976,1.724639
vacancy_1807,-7.451252,9.143908,-2.794903,5.474567,-1.805850,-2.953553,6.895184,-4.112625,0.109135,8.881664,9.297973,2.750375,7.299555,7.632171,-6.704826,-8.567795,-0.108536,3.712694,8.683742,-8.311629,-5.598124,2.561656,3.821749,1.226572
vacancy_1808,-6.927222,10.022186,-2.571042,5.203343,-2.672429,-3.033541,6.364357,-2.423123,0.182423,7.402703,10.236894,1.789130,8.578190,6.852962,-7.293391,-8.694184,1.096270,3.741502,7.162840,-9.903007,-4.983833,1.928924,4.519452,0.022573
vacancy_1809,10.579760,8.486932,-5.659632,9.350262,-1.642462,8.753071,-4.952566,-4.370687,9.929217,-6.791743,0.022450,-1.796239,6.974201,-8.907518,-6.923523,0.012303,5.773218,-7.162242,0.961606,-0.986296,5.676084,-0.342170,-5.356982,0.096320
vacancy_1810,9.868105,6.085617,-5.112414,10.108598,-1.307978,9.697563,-5.206378,-5.954778,9.154294,-7.098785,0.703645,-2.695571,7.236266,-7.824892,-8.028856,1.130752,4.773809,-5.523538,2.050931,-2.558501,4.040863,-1.247145,-4.138941,0.414434
vacancy_1811,6.276159,-3.402351,4.780417,3.253970,-2.994896,2.217762,-7.248691,4.840748,-8.846958,-4.235888,1.720693,-6.865531,-5.871211,5.867584,-0.927959,-8.164365,1.411986,4.911385,-6.029562,7.109102,-10.509518,-0.056056,1.017965,6.731394
vacancy_1812,8.959863,6.932178,-6.129120,9.930368,-1.481170,8.567120,-4.760333,-3.549946,8.901339,-6.419077,-0.212913,-2.842674,6.221049,-8.574970,-8.068535,-1.094245,4.762041,-7.119511,2.153563,-1.584899,3.998965,-0.218284,-5.287578,0.038539
vacancy_1813,10.176365,7.540268,-5.477058,9.942738,-1.734804,8.481225,-5.734997,-2.543147,9.598814,-7.052505,0.824772,-3.120281,7.397739,-8.737151,-7.288783,-0.727508,4.678706,-7.806208,0.862756,-1.857086,4.448895,-1.969024,-4.879237,-1.063158
vacancy_1814,-2.061859,7.098283,-7.784649,-1.693574,-1.870278,-1.591386,8.764152,-1.746956,-7.976690,2.226013,1.399790,-2.967487,6.147843,-1.084230,-1.491645,7.817318,-2.194766,6.652898,2.853213,0.045534,9.320311,8.508697,-10.500893,1.543536
vacancy_1815,10.181923,7.702123,-4.550709,10.242100,-1.543518,10.366475,-6.502005,-3.933713,9.608637,-7.769346,0.631253,-2.511051,6.062464,-7.851835,-7.488604,-0.896414,5.213439,-6.954683,2.674352,-1.923613,4.127589,-1.825384,-4.060666,-0.531184
vacancy_1816,-7.603502,8.637722,-3.196843,6.476318,-2.065987,-3.527096,5.812548,-3.181137,1.374696,7.445456,10.068663,2.724552,8.836355,7.649865,-7.639030,-8.263496,1.140906,3.235470,6.797679,-8.353570,-4.843314,3.129438,4.365636,0.997949
vacancy_1817,5.514441,4.711993,3.121876,7.868922,-4.916234,-6.012283,6.243905,-6.719666,3.283342,0.259699,-2.598293,-1.129286,1.876862,7.221929,-4.959138,0.301289,-5.086701,-7.383819,-8.997238,-7.277806,-2.865521,4.347683,-7.486731,6.567024
vacancy_1818,-7.648850,-0.512491,4.630758,-7.447657,-8.612248,1.224665,-0.858834,0.726978,5.416248,2.927717,0.380771,2.431664,-7.429843,-8.441471,8.509677,0.876318,1.764382,-5.993579,-1.846651,-4.706350,-5.261486,-8.113214,6.626238,7.686141
vacancy_1819,4.982681,4.363895,1.935372,9.616228,-4.232149,-5.933146,7.660444,-5.101488,2.702863,0.593132,-2.081218,-2.222964,0.140643,7.329018,-5.394476,1.166291,-4.951684,-8.425440,-9.105973,-6.820543,-3.951258,3.606978,-8.698430,6.122675
vacancy_1820,-7.648028,-8.236725,8.378487,1.691298,-7.091467,4.990990,-8.825728,-6.595158,1.131651,-3.210082,-3.390006,4.652565,-0.845800,4.218662,3.015106,-5.894398,-0.831880,2.564453,1.017096,-1.291322,10.056856,8.104078,-0.905092,7.955669
vacancy_1821,-7.559476,10.233098,-2.109321,5.876404,-1.376193,-4.861089,6.053475,-4.088658,0.388790,8.388013,9.331328,2.088907,8.068143,7.462206,-6.976215,-8.825580,0.942593,3.576632,5.237684,-8.221506,-5.875217,2.679805,4.753419,-0.610693
vacancy_1822,9.962700,6.097208,-5.747255,9.030773,-1.197011,9.866088,-5.809160,-3.977408,9.343180,-6.649495,0.608552,-2.930717,6.488959,-9.171016,-7.945336,-0.820580,5.043932,-7.890828,1.939486,-1.540710,5.172172,-1.406074,-5.201981,0.507739
vacancy_1823,-2.663902,8.491045,-7.480558,-0.868731,-2.524193,-1.434708,7.944262,-1.904791,-8.711087,1.688853,1.915252,-2.585321,6.705076,0.040555,-0.426784,6.998470,-1.953363,5.229072,2.637358,0.311145,8.743161,8.527725,-11.408492,2.574950
vacancy_1824,5.879009,-3.974250,4.415278,2.795973,-2.247093,2.507450,-6.233457,6.296182,-9.604069,-5.190903,1.128341,-6.317656,-7.834248,5.014888,-0.122888,-7.659969,0.203077,3.861297,-6.639000,7.290499,-10.583262,-0.729704,0.957479,7.530906
vacancy_1825,9.537991,7.043916,-4.765908,8.624631,-1.163695,8.784531,-5.456962,-4.271553,9.829273,-7.949711,0.066894,-2.854007,6.569517,-7.500485,-7.729979,-0.162654,4.302561,-8.163576,2.567397,-2.376890,3.718138,-1.899053,-4.100812,0.269753
vacancy_1826,-6.863039,-0.396530,4.483776,-7.458951,-7.732781,1.803885,-1.579393,-0.793368,6.294734,3.085662,1.157155,2.932461,-7.805471,-7.543410,8.013903,-0.194811,1.281014,-6.817750,-3.445183,-4.811929,-6.137919,-9.802408,5.958873,7.162307
vacancy_1827,-7.477078,8.465460,-2.743282,6.047058,-2.001813,-3.794359,6.780191,-3.961847,0.744453,9.261209,10.396100,2.420450,7.203349,7.937963,-8.084175,-9.111618,-0.347741,3.061004,7.425719,-8.509461,-4.863243,2.924969,4.716048,-0.749053
vacancy_1828,5.677762,-3.831374,4.505968,3.225991,-1.882237,1.987963,-7.213177,5.902881,-9.080013,-5.777188,2.479512,-7.381434,-6.304691,5.729609,-0.145404,-8.326551,0.051799,4.774481,-6.264991,5.460717,-10.739104,-0.923379,1.431390,8.302654
vacancy_1829,-7.497155,-9.494686,8.185218,2.168499,-7.583925,3.922228,-6.428700,-5.077720,2.281469,-2.629267,-3.725686,5.394528,-0.357714,4.088781,4.361841,-6.451207,-1.921305,2.815393,2.984777,-1.633892,10.886226,7.376476,-0.887312,7.450726
vacancy_1830,7.067712,-3.173717,3.556346,3.213279,-0.288910,2.535919,-7.259729,6.721837,-8.411775,-5.234189,1.720896,-6.514715,-6.453864,5.517586,-1.005665,-7.979112,0.500654,3.834268,-6.397367,7.174861,-8.576806,0.104135,1.532823,8.466661
vacancy_1831,7.000757,-4.507421,3.652682,2.684069,-1.535308,2.377431,-7.174996,6.527340,-9.240020,-5.274428,1.452622,-6.643361,-6.941107,5.286449,-0.061000,-8.850019,0.773083,4.317150,-6.110471,6.621430,-9.714393,-1.740511,1.451905,8.476211
vacancy_1832,9.876483,7.529041,-7.281980,10.381105,-1.263128,9.353352,-5.141459,-3.256437,8.836816,-6.799411,0.039696,-2.987315,6.331118,-8.247029,-7.375015,-1.030592,5.646389,-6.692977,3.243351,-2.018988,3.868215,0.145190,-5.532148,-0.295862
vacancy_1833,-1.468146,7.002430,-7.007546,-1.786556,-1.920895,-1.234959,8.549427,-1.088546,-8.020998,1.536018,2.711853,-2.529082,6.287429,-1.921854,-0.780733,7.751055,-2.162832,5.604580,2.360060,0.469628,9.681361,8.338225,-9.111038,3.541475
vacancy_1834,5.592950,-3.628234,4.559057,4.331534,-2.411656,2.881959,-6.789415,5.739582,-8.707732,-4.333588,1.849373,-6.887580,-7.390342,4.942234,-0.128976,-7.353493,-0.230928,3.885139,-5.500757,6.632766,-10.013271,-0.810209,0.722407,7.232631
vacancy_1835,-8.140601,-1.383584,5.154629,-7.184071,-8.126189,2.767141,0.342478,0.189317,5.204511,3.889108,1.293454,2.012950,-7.766583,-7.607039,9.584169,-0.434588,2.122435,-4.961370,-2.018710,-4.252585,-5.977536,-8.545559,8.347222,7.861492
vacancy_1836,5.931388,-3.300542,5.091666,3.142355,-1.152853,2.640317,-7.298494,5.489302,-9.054510,-4.910989,0.959810,-6.162855,-6.617695,4.590085,-0.499129,-8.486399,-0.172411,4.425613,-5.163862,6.954958,-10.183999,-0.890169,0.941126,8.989039
vacancy_1837,-7.121748,-8.715821,9.270876,2.014694,-7.547710,4.258026,-7.305257,-6.491617,1.132972,-3.788468,-4.668563,4.954938,-1.520718,5.081880,2.210996,-5.601562,0.333281,4.136860,0.439566,0.099735,9.715637,8.018343,-0.248019,8.086934
vacancy_1838,-8.169952,-0.892262,5.799976,-7.057415,-7.812377,1.283647,-0.720383,-0.300439,5.138342,2.597275,-0.586696,2.124768,-7.182831,-8.052507,7.360950,1.478195,2.476095,-6.528121,-2.898067,-4.505547,-5.375543,-9.477241,6.287828,8.228537
vacancy_1839,-7.094159,-0.676558,4.524892,-7.496480,-7.414972,1.591299,-0.718828,-0.672734,3.948382,2.932922,-0.295726,2.122683,-7.381446,-7.541261,8.553814,-0.825439,1.914060,-5.399150,-3.290788,-4.577611,-5.098964,-8.908614,7.890041,7.553629
vacancy_1840,-1.214674,8.192579,-6.815830,-1.352848,-2.493184,-1.226686,9.254713,-1.603674,-8.271856,1.764568,1.466377,-2.882356,4.947774,-0.606306,-0.118351,6.583645,-2.279308,6.098556,1.416336,-0.128302,9.170571,8.770578,-9.529340,2.837664
vacancy_1841,-6.810411,9.634657,-2.670522,6.402107,-2.562148,-4.526260,5.977952,-3.828754,1.257966,8.068380,10.570708,2.073147,8.584987,7.126362,-6.860782,-8.217023,-0.595473,3.403839,8.079853,-8.467953,-4.789390,1.949680,4.048736,-0.343125
vacancy_1842,5.545234,-4.246750,3.577640,4.057181,0.236530,2.670223,-7.751647,6.013808,-9.107236,-5.105212,2.175654,-5.768095,-7.262715,4.485500,-1.086558,-8.168414,0.075998,3.988123,-5.689401,6.616914,-9.015731,-0.608509,1.179569,7.504900
vacancy_1843,5.285563,5.165965,1.935980,8.404747,-5.702537,-5.698865,6.639039,-6.539316,3.888723,1.098702,-1.200449,-2.823656,0.469469,7.620898,-6.425049,1.423582,-4.979274,-6.993251,-10.353214,-6.879095,-3.482075,4.551811,-6.874080,6.648520
vacancy_1844,-7.672190,-0.993599,5.452648,-8.343007,-8.666938,1.805098,0.205754,0.301514,3.909332,3.368732,0.218915,2.200259,-6.907596,-8.594307,8.586887,-0.465487,2.126109,-5.271916,-2.035322,-5.440082,-4.738314,-9.286230,7.033205,7.078682
vacancy_1845,-8.038236,9.315197,-3.557558,6.271372,-1.174779,-2.329965,4.588795,-3.469263,-0.104683,8.424801,10.661097,2.536284,6.620120,7.596767,-6.836721,-7.857375,0.273869,2.426207,6.693387,-7.936607,-4.553325,2.844513,3.806554,0.673507
vacancy_1846,9.024512,6.695088,-5.608113,9.222985,-1.861152,8.309818,-6.166650,-3.169119,8.428719,-6.725079,0.997926,-2.566591,6.353539,-8.847730,-8.396610,0.362052,5.439828,-7.638836,1.631804,-1.632031,5.198772,-0.929325,-4.520161,0.574791
vacancy_1847,-8.094293,-8.194227,8.496445,1.734428,-7.090578,3.548878,-6.968207,-5.933993,2.323289,-4.120941,-3.576513,3.895442,-1.498582,4.380435,1.796517,-5.750869,-0.765163,3.375882,0.759288,-0.909293,10.011034,8.491728,-0.333673,7.507994
vacancy_1848,8.088969,6.766401,8.133499,-8.289130,-0.384071,6.390237,1.339893,-6.436414,1.505029,8.037405,9.420781,-6.903016,0.285970,-3.595742,-4.942505,3.045284,-6.779421,8.111530,5.141866,-3.018131,-7.521907,-4.299957,1.960256,5.763264
vacancy_1849,-7.066528,8.646592,-3.329177,5.253950,-2.514557,-2.995524,6.162235,-3.386787,0.956548,8.930645,9.989988,1.373291,7.627073,7.120377,-8.286606,-9.128015,0.396820,4.115097,7.464142,-7.129132,-3.817870,2.303313,4.428488,-0.590468
vacancy_1850,-8.116092,0.106002,3.777292,-7.700491,-8.668909,2.590956,-0.592137,-0.250223,5.490728,3.196589,0.822070,2.099274,-6.902285,-6.966192,8.148649,-0.234500,1.289948,-5.529398,-1.609324,-4.554933,-5.182496,-9.282946,8.291987,7.481915
vacancy_1851,6.591955,4.265870,0.847526,9.605499,-4.361387,-5.077080,6.862324,-5.191300,2.632330,1.221201,-2.630568,-1.706799,1.281731,8.750695,-6.902290,-0.050579,-4.868932,-7.344641,-10.433823,-9.064399,-2.736169,4.947877,-7.953885,7.112845
vacancy_1852,-6.559710,-8.276420,8.686047,1.748015,-7.952941,4.693825,-7.142106,-5.290509,0.144091,-4.041227,-3.997613,3.924417,-2.049701,3.401598,3.445851,-5.805587,-0.521760,3.244348,2.422630,-1.084936,9.644331,7.509528,0.479946,7.402153
vacancy_1853,5.783582,-3.698397,4.172401,3.453865,-1.724273,1.010786,-7.185699,5.249067,-9.382599,-3.421529,1.925304,-6.579914,-6.201686,5.014485,0.310899,-8.534243,-0.000011,3.528745,-7.070116,6.278330,-9.606221,-1.133819,1.742584,8.806424
vacancy_1854,-7.409915,-9.069021,7.472384,4.053286,-6.707114,4.830749,-6.531795,-6.346329,0.646368,-2.781340,-3.119358,4.280378,-0.886824,5.489723,2.709299,-5.472677,-0.626912,3.165235,2.698517,0.639345,10.968455,8.627419,-0.107119,8.406256
vacancy_1855,-3.316195,7.910063,-7.293792,-1.307936,-2.384773,-0.733809,8.449177,-2.580511,-7.349284,2.746709,1.887206,-2.291984,6.794520,-1.920402,-0.976553,8.194373,-1.857906,5.493644,1.949154,-0.448708,8.529147,8.076736,-10.278407,2.961738
vacancy_1856,-1.665059,7.771138,-6.890596,-1.625935,-2.492047,-1.842281,9.301342,-2.096493,-7.633783,2.820997,2.028905,-2.096222,6.573778,-0.769794,-2.067388,6.351308,-3.138219,5.279955,2.610796,0.160367,9.112230,8.677844,-9.837065,2.403921
vacancy_1857,-9.460365,-8.368683,8.623210,2.852059,-7.533968,4.144356,-7.373038,-4.503150,1.543034,-3.119532,-3.682251,4.582206,-1.581127,5.588648,1.891943,-5.721271,-1.836397,3.181100,1.879606,-1.776546,9.416632,7.007719,-0.052720,8.166922
vacancy_1858,5.621607,4.324037,1.816687,8.568832,-4.068410,-6.956371,5.584963,-7.106799,3.838021,1.601153,-2.640748,-2.787925,0.820174,8.570375,-5.707412,-0.015043,-5.163297,-7.875181,-10.092280,-7.312338,-3.207435,4.844341,-8.148001,7.453028
vacancy_1859,5.128706,-3.031184,4.740944,4.195062,-1.827045,1.691545,-6.792281,6.877018,-8.535708,-4.184508,1.897457,-6.981310,-6.023312,4.533595,0.922265,-8.065295,0.960208,3.978552,-6.454052,6.547442,-9.538374,-1.281288,1.164496,7.267065
vacancy_1860,-7.765811,8.200270,-1.738201,6.510148,-1.420616,-3.108204,7.215806,-3.143315,0.523460,8.019425,8.655018,2.059905,7.343157,6.659466,-8.253009,-8.775938,1.571018,3.720880,6.801502,-8.291887,-5.445242,2.581049,4.252919,-0.487046
vacancy_1861,5.303875,5.669754,0.749306,8.363871,-4.828527,-5.257965,6.242106,-7.424761,3.775865,1.728421,-1.663647,-1.772551,1.559031,7.373535,-5.886236,0.584005,-4.606439,-7.918619,-9.102160,-8.987982,-2.795593,4.389953,-7.614364,6.144037
vacancy_1862,-1.476014,8.715953,-7.774211,-0.771694,-3.439968,-1.481272,7.518162,-1.732712,-7.806108,2.318512,3.617390,-3.773396,6.200472,-0.829773,-1.755728,7.504683,-2.800709,6.483067,2.247023,1.576366,9.145990,9.358694,-9.290321,1.953795
vacancy_1863,4.830484,-2.708526,4.809014,2.738359,-1.893577,2.798732,-7.008115,5.921253,-9.943998,-4.085671,2.487524,-7.210874,-6.866665,5.825781,-1.061697,-7.576285,2.118681,3.625549,-6.649063,5.993717,-9.000137,-1.138499,1.707303,7.261236
vacancy_1864,6.660424,-3.036496,3.193767,3.856726,-2.942236,3.107319,-7.202879,6.606907,-9.849244,-5.168640,0.835662,-7.792915,-6.590021,4.844267,-0.321598,-6.455346,0.716825,3.592085,-5.647045,7.089430,-10.415332,-0.215825,0.702149,8.518260
vacancy_1865,10.756755,7.758000,-4.051974,9.823588,-1.241017,9.406969,-5.616961,-4.308059,9.486390,-6.778294,0.895411,-3.074045,7.733232,-9.110278,-8.122694,0.203137,4.239122,-7.405883,2.733202,-0.961280,4.663014,-1.501249,-5.342837,-0.242238
vacancy_1866,5.494425,-3.370932,3.392452,4.406316,-2.321229,2.960717,-7.711452,5.990434,-9.305413,-4.076878,0.964531,-6.149548,-6.925403,5.039798,0.792045,-8.440444,-0.153471,4.378990,-6.486087,6.601782,-9.305899,-0.145765,0.529025,9.278923
vacancy_1867,-7.072153,9.421442,-2.896621,5.812155,-3.203937,-3.246078,7.169611,-4.522377,1.224175,7.432846,10.174945,2.767047,8.382273,8.035136,-7.436220,-9.162685,0.355465,3.959419,8.001049,-7.994102,-5.293182,2.860549,5.028089,-0.816457
vacancy_1868,-2.163134,7.797763,-7.119396,-0.801195,-2.874215,-1.575105,8.467569,-1.634527,-8.614736,2.515273,1.614693,-1.990748,5.659952,-0.489423,-1.561804,7.667461,-1.718312,5.518970,3.248185,-0.092126,9.387061,8.489747,-9.828287,1.776823
vacancy_1869,6.463545,4.079146,1.304256,7.552893,-4.860868,-5.597305,5.475729,-5.995434,3.722710,2.234601,-2.019088,-3.771881,1.475284,8.230599,-6.074183,-1.439131,-5.009087,-8.471369,-8.843722,-7.709520,-4.308680,4.656561,-7.392697,6.900989
vacancy_1870,-7.955100,9.080325,-3.690247,5.748613,-2.383898,-2.680302,6.060569,-3.725046,0.334571,8.372830,9.813523,2.488781,7.641957,7.391815,-6.494975,-9.290221,0.200640,4.737797,6.439327,-8.228851,-7.260685,2.529549,4.652372,-0.194516
vacancy_1871,-6.589166,-8.934934,8.863247,2.273183,-7.404129,2.692475,-8.212050,-5.426254,1.975167,-2.734897,-3.552137,5.050072,-0.533900,4.330474,2.953026,-4.441042,-1.946795,3.636936,1.416443,0.163844,10.786186,7.335032,-1.109561,9.141175
vacancy_1872,-8.178757,-0.221395,3.238581,-8.078883,-8.036761,2.035443,-1.395512,-0.687283,6.562808,4.222068,0.328140,1.507990,-6.325671,-8.286792,8.669831,-0.660124,2.936922,-6.421111,-2.849615,-4.381002,-5.308534,-9.830724,6.640913,7.604251
vacancy_1873,5.085018,5.154593,2.049803,8.681788,-4.080591,-6.345567,6.103914,-7.024076,3.362386,1.849757,-2.123116,-2.614704,1.133780,7.212427,-5.664049,1.375183,-5.153426,-7.334973,-10.546578,-7.193598,-4.507972,4.504065,-9.116957,7.175865
vacancy_1874,6.005449,5.243896,1.392716,8.700160,-4.154912,-5.190812,5.495302,-5.928517,4.831327,0.639784,-1.829985,-1.845977,1.403923,7.653397,-7.272721,-0.385884,-6.136102,-7.699877,-9.597607,-8.379252,-3.337435,4.671003,-8.623756,6.900606
vacancy_1875,8.149025,7.148420,8.248954,-8.132817,-0.190126,6.784935,1.676906,-6.671118,2.298181,7.973283,9.824104,-9.084857,-0.528964,-3.888860,-4.396608,0.188067,-6.478324,8.859851,5.931489,-3.269976,-6.603659,-5.278007,1.767180,5.875448
vacancy_1876,5.304493,4.766239,0.766940,8.567124,-4.999915,-6.621697,6.164481,-6.471134,4.464495,2.316797,-2.864130,-2.226734,1.345884,8.415344,-5.789581,-0.029918,-4.568114,-8.220214,-9.403545,-6.654340,-5.036206,4.138317,-6.644121,6.497762
vacancy_1877,-7.419122,8.957454,-3.245313,5.407393,-3.142401,-4.444876,6.631630,-4.410245,-0.282386,8.153827,9.511857,2.307583,7.137647,7.400733,-7.197637,-8.565388,0.365474,3.433935,6.393717,-8.747346,-6.508168,2.943458,4.471519,-0.510070
vacancy_1878,9.710338,6.204303,8.009847,-7.437566,-0.942078,7.154550,2.082079,-6.568087,0.832039,7.011077,9.438326,-7.825102,-1.234393,-3.362511,-5.026133,1.546018,-5.338469,9.002304,6.143464,-2.209368,-6.233942,-4.707619,1.593860,4.722075
vacancy_1879,-2.040064,8.165354,-8.164676,-1.572037,-1.484009,-1.083086,9.042149,-1.290318,-9.096376,3.522886,1.412144,-3.189564,6.299101,-0.535493,-1.227882,8.477171,-1.912481,5.476760,2.801033,1.117561,9.401697,8.617405,-10.730340,2.699177
vacancy_1880,-6.736573,-0.816073,4.481286,-7.195126,-7.797080,2.416714,0.573357,-0.985727,4.840433,2.993901,0.288288,1.757813,-7.782741,-7.991369,9.003538,-0.723631,1.602875,-5.867397,-2.092351,-3.879726,-5.616664,-9.108352,6.813670,7.324732
vacancy_1881,-7.426750,-0.676892,4.715199,-7.912858,-7.866460,1.199483,-0.489066,-0.492298,5.105084,3.124180,0.847886,2.423002,-7.869303,-8.741359,8.230788,-0.905248,1.459015,-5.486223,-3.185447,-5.451102,-4.532776,-9.914463,6.776764,7.654132
vacancy_1882,-2.195291,6.414742,-7.658697,-0.879022,-1.975965,-0.857414,7.439695,-2.238307,-8.672909,3.349626,2.193358,-2.412593,6.264560,-0.327411,-1.453167,8.024866,-1.419193,5.819648,0.743357,0.297717,8.992125,8.869227,-10.276799,1.855142
vacancy_1883,-7.932288,-1.131776,4.676778,-7.512577,-9.197875,2.295494,-1.615455,-0.992753,6.197947,3.296110,0.248134,2.275430,-7.807630,-8.119081,8.880138,0.093985,2.073841,-5.655043,-1.930010,-4.127800,-3.929272,-9.542126,6.875843,8.473185
vacancy_1884,6.254884,4.293860,2.382383,8.270796,-4.404471,-5.942180,7.222403,-6.702773,3.589131,0.497540,-2.219340,-0.548228,1.594427,6.985876,-6.329515,-0.643718,-4.872288,-8.656515,-10.114564,-7.374228,-3.299679,5.059831,-8.788052,6.009164
vacancy_1885,8.775735,6.980260,8.378779,-7.572242,-2.174552,8.266823,2.791562,-7.110280,0.523077,7.739379,9.238329,-6.858131,0.403943,-3.895053,-5.832275,3.577009,-6.851228,6.952207,6.690586,-2.486075,-7.353693,-4.990181,1.713858,6.095574
vacancy_1886,-2.389927,8.919416,-8.125780,-1.300114,-2.291042,-1.519382,7.655620,-1.431229,-8.234697,1.640969,1.470299,-1.512916,6.459131,-0.518236,-1.921276,7.618817,-1.829491,6.421361,2.099322,0.147239,10.163248,9.516733,-10.067360,2.690566
vacancy_1887,-8.446379,-8.582865,10.146035,1.924363,-6.832881,2.293562,-7.109576,-6.172766,0.983420,-2.959262,-3.003229,4.961569,-1.637418,4.809710,2.618959,-5.820543,-0.320173,3.094676,2.069926,-1.009756,9.430794,6.496779,-0.541858,8.375546
vacancy_1888,-6.939184,9.305147,-1.950274,6.614114,-2.217335,-3.497703,6.480836,-5.161668,0.731060,7.873789,9.616492,2.885005,8.256035,7.446537,-6.602483,-8.832598,-0.281323,3.672060,7.423901,-8.498136,-4.798834,2.433953,3.565601,-0.680443
vacancy_1889,-6.062156,9.262041,-2.433299,6.198235,-2.885539,-2.922111,6.700007,-2.550787,1.914107,8.817600,9.760258,1.664520,8.086399,7.607520,-7.769090,-8.726656,0.091057,3.020267,7.119346,-8.001201,-5.243110,2.483993,4.572553,0.023532
vacancy_1890,-7.213606,8.814074,-2.172098,6.136458,-1.626503,-4.139101,5.332153,-4.381125,0.512364,7.891325,10.524381,2.040721,7.343824,7.583490,-7.293656,-8.346698,1.667777,2.497990,6.321266,-8.291889,-6.160547,2.304959,3.979620,-0.574353
vacancy_1891,9.469242,6.403199,7.400308,-8.627241,-1.951387,7.363432,1.853471,-5.860072,0.898592,8.945015,10.104655,-8.653487,1.231325,-2.821579,-5.916925,2.185377,-6.253472,8.538110,5.565200,-4.133974,-6.505992,-4.943944,2.272544,5.438056
vacancy_1892,9.253402,6.895586,-3.675449,10.511703,-1.263263,8.767215,-6.828521,-4.192837,9.923880,-6.518467,-0.056532,-2.012437,6.938462,-9.251376,-8.428055,-1.054278,5.434488,-7.477367,1.158304,-2.662194,4.361531,-0.014141,-4.454780,0.335209
vacancy_1893,-6.862569,-9.258426,9.553597,2.706613,-7.585374,4.109832,-5.725677,-5.776071,0.600260,-3.145801,-3.231436,4.024328,-1.073662,4.382275,2.880405,-6.407196,-0.720966,3.068985,0.899676,-0.722623,9.872599,6.650294,-0.964991,7.194994
vacancy_1894,-8.300197,-8.879626,9.313563,2.070445,-7.948959,4.112084,-7.243073,-6.746547,2.296375,-3.836026,-2.567531,4.090527,-2.225842,3.757167,3.960789,-5.388672,-0.861809,3.069650,2.118879,-0.174107,9.995690,6.938101,-0.911865,7.882527
vacancy_1895,-7.779962,-7.766143,6.479078,1.437872,-5.615848,3.356515,-6.417136,-5.143553,0.862987,-3.066050,-2.989761,4.252198,-2.090596,4.259019,2.879601,-5.730012,-0.909161,3.441888,1.111263,-1.001309,9.918377,7.089805,0.316579,7.841482
vacancy_1896,6.443748,-3.759210,5.104631,4.009382,-1.033526,2.078135,-6.822386,6.967660,-8.884396,-3.670838,0.895808,-5.618131,-6.930561,5.629858,-0.672413,-8.285428,0.977333,2.798084,-6.707225,7.280192,-9.814867,-0.848300,1.882259,7.615943
vacancy_1897,-7.253351,-1.662134,5.328821,-8.085361,-8.574115,1.833200,0.152472,-1.256744,5.074097,3.169722,1.932646,1.543667,-8.084031,-7.819132,8.687684,0.171575,1.834235,-5.089261,-2.282095,-3.466775,-5.426221,-9.243534,7.370079,7.257367
vacancy_1898,6.197160,-3.434947,4.237296,3.523903,-1.731883,2.633418,-7.314727,5.288714,-9.583236,-4.801644,1.717061,-7.058160,-6.629063,4.106665,0.027662,-7.794861,0.248069,4.451379,-5.305006,7.382539,-10.005203,-0.322228,1.471207,8.944801
vacancy_1899,5.917185,-4.879974,5.115775,3.843057,-1.386776,3.511821,-6.858192,5.712520,-8.827725,-4.311052,1.178115,-6.185112,-7.012117,4.912551,-0.505470,-8.660513,0.132667,4.014054,-5.910227,5.894196,-9.080244,-1.072871,1.539321,8.350200
vacancy_1900,-8.432198,-8.649742,7.778481,2.437619,-8.131292,4.142199,-6.145527,-5.878371,1.909477,-4.723660,-3.502029,5.257421,-1.195735,4.734541,2.788219,-6.026879,-1.141421,4.378529,2.142076,0.167736,9.978246,7.021812,-0.326028,8.190093
vacancy_1901,-6.901826,-7.067144,8.900054,2.449759,-6.981923,3.874759,-6.787604,-6.975540,0.406121,-3.162983,-2.582250,3.620216,-1.861096,4.759816,3.472148,-6.851225,-0.639114,3.126726,1.912019,-0.823999,9.061415,7.811651,-0.340931,7.967247
vacancy_1902,-0.711037,7.975296,-7.390162,-2.178351,-2.595952,-1.117634,8.455984,-2.868969,-8.488635,2.534351,2.531961,-1.454271,5.962393,-1.155051,-1.679608,7.788583,-2.084458,4.603079,3.728800,0.169247,9.564182,8.388475,-9.255786,2.191213
vacancy_1903,-6.760574,-8.838729,8.636268,2.176313,-7.629722,4.051473,-4.915286,-6.980514,1.443181,-3.322423,-2.937462,3.741033,-1.561735,4.003616,3.054097,-6.182983,-0.789469,3.937130,2.851297,-0.934814,9.696120,7.267059,0.384811,7.358079
vacancy_1904,6.046011,-2.920681,4.238016,3.235142,-0.609817,3.394329,-7.030052,6.420495,-9.575227,-5.622918,2.162876,-6.146925,-5.647259,4.771387,-0.105123,-7.193897,0.650717,3.933074,-6.345979,6.241420,-8.840810,-1.555592,1.514355,7.592833
vacancy_1905,10.796598,6.909495,-6.833802,10.031400,-1.851577,9.275906,-5.896440,-3.333276,10.401407,-8.072154,0.302451,-3.339476,7.810873,-8.821143,-7.831206,0.260625,4.985178,-7.728466,2.453202,-0.581336,4.343661,-1.969086,-4.314227,-0.458423
vacancy_1906,9.132989,6.898796,7.941715,-9.405909,-0.972616,6.761672,2.073461,-5.797471,0.882861,7.749286,8.282771,-8.676808,0.074508,-4.130131,-5.719749,1.056794,-7.214122,7.470048,6.253604,-1.859421,-7.563976,-5.877310,1.702192,5.434063
vacancy_1907,-7.584091,-8.409767,8.429348,3.050425,-6.832415,3.480064,-6.838093,-6.673142,0.313345,-3.905312,-3.193980,3.979647,-2.169670,4.499775,3.064600,-6.195117,-1.170136,4.229412,1.887064,-1.744376,8.885490,7.799847,-0.338835,8.879136
vacancy_1908,9.965298,8.098431,-5.160605,9.627364,-1.316679,8.661768,-5.504259,-3.662044,8.677758,-6.580495,1.281534,-2.749449,7.370219,-9.257699,-7.720820,-0.634708,5.056781,-7.164708,1.995169,-2.986235,4.233722,-0.913497,-5.514231,0.298244
vacancy_1909,-1.844051,7.775700,-7.453935,-2.089887,-2.490708,-1.246355,8.375849,-2.013908,-7.681682,2.444456,2.909840,-3.306003,6.696823,-2.031705,-2.401262,7.542872,-1.451549,6.029547,2.933669,0.360983,9.624777,9.119086,-9.920068,2.286245
vacancy_1910,-8.508735,-8.607943,9.199590,1.712839,-8.462535,3.770202,-6.585832,-6.208626,0.502605,-3.868056,-3.196562,4.058095,-1.324090,4.478908,3.478162,-5.414742,-0.142750,3.081845,1.689443,0.271596,10.596706,7.805945,0.417049,8.325699
vacancy_1911,4.779625,-3.769993,4.210056,3.193597,-2.910333,1.803946,-7.982164,6.255912,-8.553187,-4.692311,1.615507,-6.683706,-5.974584,5.456337,-0.172189,-7.407180,0.832436,5.312897,-6.171254,5.923538,-10.507644,-1.459425,1.920191,7.761509
vacancy_1912,5.221537,4.777278,1.429365,8.055520,-4.258321,-6.125634,7.345671,-5.931618,3.642178,1.779969,-2.904865,-1.805871,1.542393,7.091682,-5.600616,0.694635,-5.436139,-8.593800,-9.371393,-7.284512,-4.254693,3.862408,-7.780553,6.196405
vacancy_1913,6.116312,-3.419197,4.146800,4.144303,-0.985537,1.318020,-7.132846,6.220143,-9.033590,-5.149332,2.776347,-7.197702,-6.596242,4.621063,0.808493,-8.309744,0.335701,4.483417,-4.675286,6.621928,-10.022021,-1.417047,1.962089,8.583272
vacancy_1914,8.394268,6.952563,8.392403,-8.269344,-0.644609,7.643757,2.312108,-6.278743,1.961864,7.256555,10.155379,-7.736784,-0.844081,-3.064498,-5.038061,1.701553,-6.828270,8.355137,6.895799,-2.682032,-7.167896,-5.088741,2.916210,5.325148
vacancy_1915,-7.636173,-1.481505,6.053646,-7.276757,-8.910036,2.067347,0.222181,-0.887658,6.578356,3.444344,0.344905,2.507825,-8.330616,-7.849897,8.297605,-0.447352,1.083283,-5.385497,-2.013288,-4.848200,-4.997662,-9.292949,7.437526,7.871967
vacancy_1916,-7.192618,-1.262845,4.773835,-8.129817,-8.178673,1.077738,-0.016285,-0.557525,4.804875,3.097228,0.801892,3.405512,-7.050075,-8.390360,7.830830,-0.257345,2.367721,-5.264737,-2.076811,-4.060400,-5.826541,-9.076989,6.257930,7.561938
vacancy_1917,-7.027352,-0.714278,4.628483,-7.645450,-8.198497,2.283287,-1.226680,0.682423,6.316766,4.072816,0.178080,1.187253,-7.365056,-8.099420,8.086719,1.119570,1.849999,-5.516303,-1.531519,-4.274823,-6.485895,-9.206370,7.017052,7.586077
vacancy_1918,-6.851531,9.390971,-3.046288,5.994540,-2.636092,-3.349520,5.884676,-3.917355,-1.082621,8.378702,10.073240,2.043188,7.361221,7.160231,-8.109188,-7.714088,0.650730,3.563344,7.322244,-8.444796,-4.722179,2.128702,4.686770,0.522308
vacancy_1919,-7.210718,8.063631,-3.295908,6.068324,-1.847949,-3.605163,6.417964,-4.223377,1.468001,9.084537,10.278446,1.892094,8.541427,6.707246,-7.982367,-7.918025,0.492094,1.542288,8.793603,-9.244859,-5.684957,1.806566,4.979959,-0.782404
vacancy_1920,-7.007038,8.599865,-3.423125,5.713544,-1.271208,-2.155301,5.907316,-4.241275,-0.053902,8.530995,9.619513,2.915121,6.639417,7.996916,-6.988511,-8.111366,0.589010,3.071617,7.400181,-8.553394,-5.024315,2.237687,4.378504,0.145505
vacancy_1921,-7.467705,-8.412301,9.007077,1.341873,-8.429347,3.738173,-7.906586,-5.663393,2.050685,-3.325943,-3.341390,3.947810,-1.769504,3.991251,2.611281,-6.059244,-0.782793,5.064097,1.734030,-0.013041,10.454871,6.929380,0.053529,8.325147
vacancy_1922,9.677529,8.387021,-5.863076,8.357371,-2.065430,8.805784,-4.653107,-4.373667,8.209667,-6.054600,-0.931184,-2.418538,7.546279,-8.645133,-8.666897,0.675746,5.294134,-7.437362,2.042453,-2.102492,3.996616,-1.302128,-5.339376,-0.729565
vacancy_1923,10.174871,7.435150,-5.069875,9.781546,-1.945033,8.434574,-4.726303,-4.004763,9.841009,-7.319932,0.301616,-2.883757,6.690585,-8.541109,-7.309073,0.301001,5.384118,-7.346677,2.481917,-1.561445,4.275325,-1.071421,-3.341968,0.270361
vacancy_1924,-1.637655,6.940343,-7.554118,-0.260196,-3.476603,-2.151111,7.616771,-1.282732,-7.221632,2.206305,2.555785,-1.185776,7.172637,-1.046687,-2.107840,9.493709,-2.443944,5.072369,2.209590,0.331192,9.751652,8.580331,-8.580320,2.530300
vacancy_1925,4.936732,5.114045,1.511285,8.126290,-4.985897,-6.138260,6.134104,-6.338023,3.683471,0.916849,-1.349375,-0.646935,1.667063,9.176902,-6.006772,0.046994,-5.173154,-7.645113,-8.934962,-7.576064,-4.188624,5.995709,-8.450949,6.680496
vacancy_1926,9.672611,6.354133,8.028667,-8.079942,-1.024316,7.245128,3.179020,-6.213805,1.529090,7.365417,9.712873,-8.030085,0.404144,-3.538081,-4.513578,2.284309,-7.042239,7.313952,5.222462,-3.374740,-6.012476,-4.560317,2.134799,5.198835
vacancy_1927,-3.249200,8.153507,-7.030185,-1.760804,-2.771871,0.366446,8.024394,-2.029902,-8.593148,2.062713,2.164624,-2.802212,7.058648,-0.141624,-0.798000,7.497568,-1.569498,4.922118,1.961761,0.789568,9.887523,8.832419,-11.114872,3.001419
vacancy_1928,5.314593,-4.654595,4.668139,3.835311,-2.332995,1.279361,-7.680115,5.517725,-8.893436,-5.640165,0.835987,-7.626467,-6.426597,5.634300,-0.865138,-8.825934,1.195298,5.034594,-5.676607,6.803554,-10.024747,0.015520,0.562781,8.424066
vacancy_1929,5.546504,5.323855,1.320465,7.804789,-3.713866,-6.158294,5.830399,-7.537650,2.687135,2.069238,-2.694352,-1.656989,1.604686,8.305460,-6.497509,0.614849,-5.324416,-7.477727,-8.697941,-7.270766,-4.194105,4.593429,-7.476184,6.064204
vacancy_1930,9.743125,8.134633,-4.978695,9.278132,-1.672651,9.115847,-7.275881,-4.605204,9.074788,-7.438414,1.086208,-2.963077,7.164740,-8.721782,-7.482982,-0.524782,4.962293,-7.765613,2.521346,-2.490777,4.734013,-0.573941,-5.221464,0.740781
vacancy_1931,10.511105,5.740189,-5.332813,9.894827,-2.073931,8.440947,-5.589836,-3.565393,9.078063,-7.624957,0.469530,-3.929383,7.379401,-7.930537,-7.108727,0.456804,5.619818,-7.470384,2.590391,-1.899873,4.978226,-0.204876,-4.847994,-0.153429
vacancy_1932,8.511731,6.963285,7.525285,-8.502886,-1.515759,6.560150,1.950925,-4.912803,0.982081,7.400636,9.146683,-7.460688,0.161815,-4.269896,-4.355936,2.669081,-7.739078,7.956745,5.632527,-2.191404,-6.807076,-4.655890,1.340955,4.540915
vacancy_1933,-8.328521,-1.422330,4.659359,-8.238559,-8.530705,0.773386,-0.085952,0.057071,6.140369,2.565226,0.785690,2.067278,-8.160727,-9.038365,9.366336,-1.461900,2.226897,-6.172854,-2.087587,-3.615952,-4.724140,-9.338921,7.032206,6.914343
vacancy_1934,-7.778898,-0.990258,5.081781,-7.720270,-7.979119,1.343422,-1.058770,-0.537014,5.284915,3.156235,0.604002,1.762959,-7.393172,-8.228298,7.740337,-0.125360,1.848219,-5.740186,-2.020387,-4.359011,-3.295626,-9.714666,6.829489,8.216794
vacancy_1935,-7.551454,8.865162,-3.129390,4.774833,-2.867985,-2.584086,6.142441,-4.282489,1.059292,8.211300,9.151204,2.942242,8.283649,8.504814,-6.993814,-8.909990,-0.270314,3.514142,7.644786,-9.362945,-4.980172,1.941999,4.090820,-0.498517
vacancy_1936,9.558281,7.280489,-4.672354,8.820813,-2.586570,9.137641,-5.431509,-4.094800,8.345271,-7.558937,0.119621,-1.937384,8.152779,-8.134277,-8.031822,0.196881,4.840212,-7.037478,2.522610,-2.730891,4.788869,-0.116302,-4.227007,0.513994
vacancy_1937,8.567446,7.459738,7.896392,-7.791533,0.071768,6.763641,1.014464,-5.267586,1.807368,7.649903,8.606022,-7.026641,0.298173,-2.689583,-4.314104,0.494399,-6.789159,7.397463,4.804239,-2.286643,-8.107563,-5.218022,1.988148,5.104920
vacancy_1938,5.274117,4.183608,1.681188,8.011270,-4.528712,-5.662270,6.428417,-6.181019,3.921174,2.115291,-1.049468,-2.261021,1.733911,7.452753,-6.557660,0.452269,-5.055171,-7.491861,-9.279641,-7.523526,-3.233481,4.757293,-6.806909,5.932145
vacancy_1939,-7.981552,9.294643,-2.837674,5.857907,-1.602009,-4.922373,5.738764,-3.884427,0.430523,8.572210,8.730689,2.916427,8.564102,6.754634,-6.822139,-8.584634,1.157801,1.802048,6.378782,-8.979818,-4.956329,2.717760,4.048048,-0.223876
vacancy_1940,5.582553,-3.020503,4.873950,3.810152,-1.815382,2.242112,-6.864485,7.406833,-10.089041,-3.407563,2.056945,-8.178299,-6.529329,4.611965,-0.402050,-8.121190,0.927338,3.818117,-6.334210,7.992964,-9.462203,-1.265647,2.305480,7.563361
vacancy_1941,4.062346,3.900243,1.453376,7.520179,-5.940235,-5.516242,6.098121,-6.486923,4.160790,2.636048,-1.964547,-2.923485,1.311408,7.002860,-6.146988,1.032015,-5.096682,-8.429927,-9.725363,-7.251717,-3.946826,5.133660,-8.942643,6.231920
vacancy_1942,-6.919777,10.198310,-3.475328,6.623121,-2.796272,-3.984531,5.851194,-3.763956,0.676115,8.892002,10.068199,2.232298,7.438283,6.816680,-7.194653,-7.561102,0.998172,3.825307,6.725132,-8.480809,-5.161684,2.617488,3.940796,0.197606
vacancy_1943,-2.103862,8.012099,-6.669723,-0.448167,-2.472019,-1.979288,8.252746,-1.055486,-8.068681,2.671903,1.268817,-3.897847,7.016460,0.269120,-1.574188,7.664368,-1.751340,4.878955,2.287012,0.868895,9.951594,8.389886,-10.404469,2.694925
vacancy_1944,8.953748,6.985223,-5.311002,9.002287,-2.175067,8.022098,-5.422415,-4.180358,9.142283,-7.062877,-0.613464,-3.103732,6.667045,-7.893086,-8.813827,0.697069,4.813307,-6.908574,1.635544,-1.529617,4.205759,0.308094,-4.772752,0.641534
vacancy_1945,-8.121381,-0.149571,3.912791,-7.064996,-7.281695,1.692158,-0.324763,-1.075614,4.667136,3.771469,0.086555,1.975267,-7.689257,-7.845015,9.352699,0.618504,2.256155,-5.986717,-2.935704,-3.936858,-4.426522,-9.409655,6.040669,7.918362
vacancy_1946,5.141085,4.018635,1.427169,8.602808,-5.094335,-5.977718,5.944944,-6.487051,2.762466,1.158604,-1.942173,-2.356053,1.724787,8.188131,-5.919357,0.215002,-4.773613,-6.784472,-10.232112,-8.336196,-4.401429,4.459761,-8.790805,7.146740
vacancy_1947,-7.458391,-8.167157,8.462807,2.465769,-8.186918,2.754931,-6.703793,-7.434585,2.214023,-3.300609,-4.105893,4.294937,-1.834585,4.419929,3.116953,-4.881282,0.137072,4.176681,1.355301,-0.862704,10.378403,7.073230,-0.743524,9.006047
vacancy_1948,-7.154250,-8.200099,9.580698,1.927923,-7.093398,3.358077,-7.338867,-5.858985,0.585332,-4.299571,-2.448994,4.269857,-2.012618,4.922049,3.788478,-5.517705,0.441789,2.787342,1.922786,-1.149795,10.871583,6.795476,0.039340,9.414373
vacancy_1949,-7.926082,-9.519913,9.482455,2.273336,-8.300772,4.600157,-7.207249,-5.991832,1.825985,-2.711905,-2.689475,3.720370,-0.655851,4.412011,3.667415,-5.311141,-0.723296,4.524233,2.435073,-1.394013,9.860948,6.542920,0.302617,8.857386
vacancy_1950,-7.062937,-1.300409,4.048093,-7.925574,-8.105749,0.974217,0.841505,-0.980176,5.905555,1.919387,0.814727,2.235244,-8.143924,-7.983395,8.477715,-0.215857,2.601379,-5.417739,-2.614139,-5.064342,-5.321811,-9.592125,6.345689,7.437503
vacancy_1951,-1.571867,7.421654,-8.104497,-1.523583,-1.987361,-2.903871,8.105601,-1.898094,-8.275465,2.643337,1.786632,-2.276311,7.070918,-0.287816,-2.575690,8.429273,-1.054066,4.237207,2.291896,0.364090,9.460980,8.015812,-8.745882,1.677782
vacancy_1952,-7.216166,9.573854,-2.715324,6.226178,-2.319070,-2.259989,6.759469,-4.045523,0.354494,8.224956,10.127490,2.194681,7.968049,7.596275,-5.946265,-8.285862,0.155350,2.870424,8.443880,-8.744991,-4.890932,2.494047,4.881102,0.180481
vacancy_1953,-3.227319,7.764078,-7.685963,-0.564665,-2.677683,-2.399940,7.953641,-2.178822,-8.432289,2.227246,2.431774,-1.813147,6.420005,-0.467498,-2.326378,7.348359,-3.478920,5.160567,2.676947,0.598345,8.459090,8.423816,-10.103193,2.269106
vacancy_1954,6.203109,-3.065570,3.901493,2.232841,-2.288422,2.417095,-6.927084,6.401036,-8.916408,-5.526999,1.975635,-6.946454,-6.969093,5.734390,-0.705711,-7.353762,0.104125,5.313229,-5.048739,7.978842,-10.498717,-0.768377,1.033108,8.213259
vacancy_1955,-2.648709,6.709761,-7.501149,-1.913486,-2.499783,-2.515332,8.180860,-1.056377,-8.179730,2.982000,3.294562,-2.578482,5.572342,-0.102530,-1.419043,6.923141,-1.170610,5.482801,2.297599,1.923627,9.892231,8.101748,-8.555413,2.882918
vacancy_1956,6.033348,4.912472,1.274723,8.935412,-4.474013,-6.076690,6.379692,-6.420903,3.104073,1.447315,-1.857683,-2.167230,1.299555,7.302069,-7.520586,-1.102502,-4.837954,-7.690920,-10.428442,-7.409455,-3.402496,3.746666,-8.711089,5.668376
vacancy_1957,-7.397543,9.587959,-2.659263,6.128815,-3.506977,-2.604592,7.068074,-4.138751,0.338201,9.750454,9.698302,2.872935,8.483527,7.410537,-7.389881,-8.914308,0.007288,3.467795,7.265369,-7.493376,-4.984340,2.328291,5.328538,-0.605817
vacancy_1958,5.780978,-3.474604,3.835279,3.340263,-2.062965,2.866665,-6.641300,6.020245,-9.952666,-5.580108,1.194696,-7.206535,-5.862668,5.392016,0.182463,-7.304060,1.628932,4.747395,-6.011110,7.034430,-9.619637,-1.236652,1.599353,8.072619
vacancy_1959,-7.980576,8.996437,-2.921381,6.525567,-3.709055,-2.476822,6.110176,-4.187111,1.703781,8.919063,9.992025,1.919802,6.653600,6.998340,-7.869875,-8.786703,0.709503,2.982525,7.499186,-8.017076,-3.936600,2.735274,5.383923,-0.287749
vacancy_1960,6.877419,-2.902628,3.877574,4.492229,-1.943695,3.144976,-7.545756,6.618268,-9.865278,-4.400087,1.117497,-7.638963,-7.185421,4.397535,1.263784,-8.854460,0.209350,4.140095,-5.655321,7.314499,-9.346251,-0.761514,1.158614,8.074769
vacancy_1961,9.683436,7.444772,8.227836,-8.876012,-1.228013,6.279499,0.852578,-5.252891,1.418365,7.956065,9.206569,-9.262876,0.382786,-3.090675,-4.897640,2.408385,-6.342532,8.204454,5.101310,-2.100654,-7.456976,-4.257790,1.690919,4.438850
vacancy_1962,-1.015398,6.726688,-8.034841,-0.938316,-4.151365,-2.403518,6.394890,-1.527325,-8.205446,2.572125,2.830777,-3.438670,6.233595,-1.233551,-2.167233,7.912115,-2.215373,5.520706,2.312849,1.744300,9.186667,8.017322,-9.306355,2.110111
vacancy_1963,-8.260646,-0.847771,4.577199,-7.991036,-8.064864,1.005785,-1.511133,-0.573769,5.173299,4.248424,0.543965,2.437277,-6.548085,-8.371272,8.341744,-1.374777,2.003162,-6.178465,-2.053047,-5.594197,-5.327477,-9.327069,6.382328,8.337325
vacancy_1964,-7.543904,-0.141041,4.682820,-7.700594,-9.797429,1.296511,-0.531498,-0.846557,5.346863,3.084871,0.825492,1.749729,-7.828539,-8.134339,9.261734,0.217747,1.956992,-5.466507,-1.004786,-2.944154,-4.811745,-8.041207,7.413565,8.659687
vacancy_1965,8.688881,7.173490,7.947394,-7.656458,-0.896788,6.917763,1.592740,-6.713142,1.938993,7.861770,8.360008,-7.455004,0.522463,-2.967544,-4.954874,1.933278,-6.776771,8.032427,4.630836,-2.492391,-7.938780,-4.708649,2.403201,5.565808
vacancy_1966,-7.452571,8.206324,-3.661370,6.824793,-2.042111,-3.189423,5.586473,-5.048796,0.279160,8.440324,9.212509,3.016794,8.628610,7.281369,-6.254359,-9.186279,-0.015872,3.074496,8.450449,-8.030521,-5.963495,3.867872,4.248447,-1.323137
vacancy_1967,5.558262,5.385914,3.160417,8.759045,-3.311641,-5.939438,6.086082,-6.770425,3.434273,1.196987,-2.043502,-1.774154,2.266700,7.447932,-5.338041,-0.599861,-4.391913,-7.019269,-7.916710,-7.267946,-4.326581,4.413065,-7.886030,6.022862
vacancy_1968,6.488743,4.496190,1.609206,9.257761,-4.539913,-5.672056,6.182651,-7.672173,2.678414,1.152633,-2.805300,-1.191420,1.984254,8.153755,-6.259846,0.331170,-4.678942,-7.689398,-9.066952,-7.427519,-4.084475,4.580524,-6.887803,7.052314
vacancy_1969,4.601621,-3.893102,5.081758,4.151561,-1.889106,3.382795,-7.163735,6.943901,-9.388454,-5.017671,0.970859,-7.035757,-6.168111,5.023344,-0.490988,-8.423757,0.193237,4.793518,-6.794027,7.323049,-9.230971,0.276495,1.802308,8.975890
vacancy_1970,8.866989,7.418967,-5.233411,10.998929,-2.228813,8.059007,-4.597561,-3.853116,9.075748,-6.895360,0.649246,-2.823259,6.231954,-8.868306,-8.641883,-0.917087,4.758691,-7.412281,1.939781,-0.953910,4.190362,-0.631153,-4.037840,-0.085639
vacancy_1971,-7.596452,-0.802553,5.242435,-7.124466,-8.560495,1.042849,-0.421805,-0.076793,5.694362,3.310460,-0.665692,1.371144,-8.226310,-7.800552,8.507519,-0.778007,2.532780,-5.712523,-2.151263,-4.242702,-5.039125,-9.126467,6.399902,8.346359
vacancy_1972,8.717151,7.033631,8.199281,-7.686290,0.234191,5.607524,1.491699,-7.526242,1.937204,8.529322,9.046758,-8.237110,-0.755926,-3.728568,-5.128545,1.420083,-5.839090,8.157903,6.356796,-2.468232,-6.982325,-4.670451,1.536782,5.380701
vacancy_1973,-8.312205,7.898041,-3.083250,5.870195,-2.147149,-2.825409,6.057975,-3.187707,1.426753,7.391149,9.128393,1.989302,7.590602,6.989074,-7.136839,-8.780474,0.016420,3.996685,7.668690,-7.096165,-3.944424,2.040413,4.000364,-0.383297
vacancy_1974,10.029203,8.170178,-5.866685,10.085365,-2.054932,8.277134,-6.475716,-3.486592,10.460066,-5.989787,-0.104343,-2.781513,7.757937,-7.466556,-8.413811,0.098893,6.605240,-6.725608,2.163500,-1.645872,4.687700,-0.224787,-4.634868,-0.307948
vacancy_1975,-8.428273,-7.356117,9.529698,3.140910,-6.924403,2.960841,-7.910823,-5.845890,0.836970,-3.043104,-3.574518,4.854475,-2.130809,5.147904,2.179253,-6.608308,-1.065182,2.909482,0.805732,-1.009737,9.529262,7.562295,0.796352,8.036235
vacancy_1976,10.297853,7.116881,-7.002280,11.562742,-1.979888,8.895893,-5.966873,-4.952516,8.722750,-7.660760,-0.132548,-3.959334,7.722996,-9.400203,-9.401409,0.142486,4.091999,-8.032057,2.104092,-2.526058,4.793102,-0.453878,-4.067589,0.176311
vacancy_1977,5.790089,-3.716433,4.595579,2.631803,-2.181027,1.878949,-7.296500,6.718161,-9.522565,-5.045705,0.809184,-6.321933,-7.731572,4.579393,-0.687842,-7.361070,-0.196872,4.227426,-7.165368,6.463012,-9.609314,-1.691700,2.141954,8.047800
vacancy_1978,-8.715230,-9.281788,10.044194,1.735781,-7.871026,4.454517,-6.607772,-5.747233,0.162876,-3.788296,-1.913253,4.366704,-0.770428,5.584351,2.651688,-6.695890,-0.203262,3.208362,1.484723,-0.878300,10.413821,6.623773,-0.463208,8.659016
vacancy_1979,5.926962,-3.826452,4.119412,3.279347,-1.428535,2.676005,-6.310981,6.188115,-9.333022,-4.648292,1.345618,-6.696366,-6.654100,4.756664,-0.468445,-6.820704,0.889250,5.278035,-5.414958,5.575816,-9.863209,-0.459366,1.230775,8.528075
vacancy_1980,6.215986,4.427717,2.529123,8.517749,-4.227102,-5.396574,5.299172,-6.980123,4.083437,1.772781,-3.081722,-0.766363,1.691321,8.205967,-5.962979,0.732290,-5.245948,-7.555667,-9.240636,-7.356566,-4.111576,3.899075,-7.848367,5.630478
vacancy_1981,6.021100,-4.039623,4.558848,4.362888,-1.668652,1.067594,-7.100959,6.360932,-8.493758,-4.147136,1.623338,-6.545772,-6.669428,5.659555,-0.614541,-7.855387,0.695483,5.468569,-7.584718,6.765976,-9.744756,-1.550319,1.000267,6.929238
vacancy_1982,-7.435787,-2.163909,5.779966,-8.000432,-8.545002,2.289892,-0.822701,-0.581121,5.053141,3.308484,1.199269,1.139184,-7.127775,-8.896942,8.219769,-0.903774,1.263094,-6.583817,-2.263664,-4.486732,-5.719876,-9.569854,7.488340,8.166877
vacancy_1983,-7.082751,9.435968,-2.034963,6.126850,-2.890867,-3.781414,6.674680,-4.945223,0.440995,8.817936,9.607550,3.278137,7.618404,6.976263,-6.284745,-8.296084,0.437174,3.190734,6.695243,-8.009085,-4.751140,1.788264,5.621014,-1.046001
vacancy_1984,-7.767296,0.479075,4.468884,-6.674937,-7.928203,1.784581,-0.432440,-1.141615,5.426474,3.513376,-0.230071,3.514461,-7.235712,-6.865532,9.099121,-0.132805,2.256765,-5.599460,-2.786930,-4.247279,-5.750455,-9.062481,6.646003,7.159823
vacancy_1985,6.221230,-3.481793,4.005471,4.566735,-1.348973,2.531250,-7.161514,5.280269,-10.322221,-4.105759,2.293372,-7.723249,-6.454798,4.231913,-0.073325,-8.188833,1.481182,4.460112,-4.807929,7.588397,-9.437969,-0.940410,1.189502,7.790335
vacancy_1986,-2.157795,7.916743,-7.798440,-0.461744,-1.626561,-1.322043,8.199095,-2.495261,-7.642488,2.355194,1.946649,-2.647880,6.254024,-0.921260,-1.517371,7.446883,-2.295045,4.848221,2.154750,0.623188,9.934626,9.019381,-9.249440,1.922784
vacancy_1987,-8.033580,-7.898050,8.790467,2.533928,-7.380000,2.578789,-7.530642,-7.272947,1.505480,-2.806157,-2.131433,4.681197,-1.714505,4.512914,3.244030,-6.171244,-0.369430,3.085311,1.651043,0.443010,9.388133,8.439742,0.283545,9.031176
vacancy_1988,-7.504096,-9.202908,7.673332,2.307671,-7.587699,3.885361,-7.593690,-5.998278,2.430098,-3.939238,-3.290855,3.940673,-0.402077,5.829674,3.181873,-6.572135,-0.454181,2.432116,2.436889,-0.280820,10.177842,7.194369,-0.047735,7.462159
vacancy_1989,-7.266121,8.289420,-3.667624,6.205629,-2.113321,-2.491417,5.611165,-3.028483,-0.144645,8.420743,8.920859,1.971354,7.703236,8.194788,-6.784175,-9.257122,0.661709,4.111544,7.087640,-8.713576,-5.706299,2.611233,3.991969,-0.719203
vacancy_1990,10.019221,7.898820,-5.210345,9.187195,-1.163700,9.803083,-5.934234,-4.880979,9.419649,-7.261898,1.014528,-2.939349,7.461024,-8.595739,-7.056797,-0.404850,5.226508,-7.979487,2.251306,-1.677392,4.428887,-0.070186,-3.156068,-0.142541
vacancy_1991,4.566604,5.005067,2.175994,8.513361,-5.325161,-6.318682,6.360816,-5.491972,3.364426,0.503831,-2.667590,-1.164248,1.397168,8.657764,-7.109110,0.507260,-5.326246,-7.892118,-10.294458,-6.474186,-3.792311,4.143706,-7.796027,7.771027
vacancy_1992,-8.120434,7.695561,-2.739658,6.192767,-2.305109,-3.289523,6.514509,-4.616944,0.610274,8.647489,10.502906,3.436011,7.444336,6.832218,-7.616979,-8.602263,0.037690,3.322698,8.132528,-9.198436,-4.261320,2.632775,3.495671,-0.813799
vacancy_1993,-1.948173,7.920453,-6.644762,-1.561612,-2.226040,-1.492842,8.981394,-1.905815,-8.047016,3.604728,3.047585,-3.198664,7.188267,0.570945,-1.399729,7.179626,-2.164529,5.499702,3.140568,0.037152,9.136838,8.136639,-9.563547,1.562852
vacancy_1994,-1.654055,8.057371,-8.220142,-1.746607,-2.829712,-1.340670,8.364722,-1.463055,-6.718588,2.557514,2.368135,-2.613970,5.905959,-1.580849,-1.600953,8.304034,-1.907492,5.339497,1.904940,-0.159186,9.433162,9.042320,-9.606441,2.543573
vacancy_1995,-7.420006,-0.812293,4.900583,-7.792218,-9.030576,2.125066,-0.370860,-0.712237,4.847607,3.813232,-0.467052,2.835118,-7.395951,-7.401646,8.799632,-0.708358,2.083908,-5.610522,-2.525427,-4.752521,-5.272267,-10.536310,6.297577,8.767256
vacancy_1996,-6.349044,8.253725,-3.558020,6.382041,-2.174223,-4.004274,6.540581,-4.926227,0.723218,8.512002,10.676491,2.255094,8.094599,7.186148,-7.930048,-8.173289,0.521480,3.768159,6.745355,-9.062445,-4.406236,1.568010,4.263569,-1.279625
vacancy_1997,-8.027403,-9.660111,8.930564,2.763864,-7.774805,3.773708,-7.230078,-6.643561,0.695683,-2.827062,-3.695311,4.547787,-1.798955,4.247483,1.555479,-6.640041,-0.447981,2.227890,2.516270,-1.720408,9.798072,7.977285,-0.545866,7.171224
vacancy_1998,-6.714389,8.829207,-2.580243,6.250415,-2.225478,-3.294293,5.000525,-3.509128,0.651504,7.371511,10.560302,2.137341,8.336126,7.988809,-7.355944,-9.027847,-0.057411,3.210139,7.212123,-8.769614,-5.128541,2.419203,4.424761,0.279544
vacancy_1999,10.227391,7.530498,-5.175827,9.298872,-2.323388,9.572361,-5.063325,-4.871963,7.603343,-7.312022,0.297652,-3.443124,8.283310,-8.338079,-7.690336,-0.056282,5.592518,-6.874269,1.804207,-1.228651,4.673261,-1.146279,-5.407905,0.588691
